timestamp_utc,tipo,accionable,event,end_date,n_brackets,suma_yes,suma_ask,suma_bid,gap_pct,profit_pct,roi_no_pct,liq_min,liq_total,rango_min,rango_max
2026-09-06T00:11:49+00:00,OVERROUND,False,Solana price on September 10?,2026-09-10,9,4.48,8.87,0.09,-787.0,-789.0,-12.01,0.0,2.0,110,150
2026-09-06T00:11:49+00:00,OVERROUND,False,Bitcoin price on September 10?,2026-09-10,9,4.465,8.85,0.08,-785.0,-787.0,-12.11,0.0,2.0,72000,90000
2026-09-06T00:11:49+00:00,OVERROUND,False,Ethereum price on September 10?,2026-09-10,9,4.47,8.85,0.09,-785.0,-787.0,-12.01,0.0,2.0,2100,3000
2026-09-06T00:11:49+00:00,OVERROUND,False,Solana price on September 8?,2026-09-08,9,4.381,8.691,0.071,-769.1,-771.1,-12.2,2.0,58.0,110,150
2026-09-06T00:11:49+00:00,OVERROUND,False,Solana price on September 11?,2026-09-11,9,4.2705,8.451,0.09,-745.1,-747.1,-12.01,2.0,153.0,110,150
2026-09-06T00:11:49+00:00,OVERROUND,False,Solana price on September 9?,2026-09-09,9,3.336,6.49,0.182,-549.0,-551.0,-11.09,21.0,562.0,110,140
2026-09-06T00:11:49+00:00,OVERROUND,False,Solana price on September 7?,2026-09-07,9,3.181,6.273,0.089,-527.3,-529.3,-12.02,10.0,1040.0,110,150
2026-09-06T00:11:49+00:00,OVERROUND,False,Bitcoin price on September 11?,2026-09-11,9,2.4615,4.803,0.12,-380.3,-382.3,-11.71,6.0,1594.0,70000,88000
2026-09-06T00:11:49+00:00,OVERROUND,False,Solana price on September 6?,2026-09-06,9,1.076,2.04,0.112,-104.0,-106.0,-11.79,34.0,10430.0,110,150
2026-09-06T00:11:49+00:00,OVERROUND,False,Bitcoin price on September 7?,2026-09-07,9,1.098,1.529,0.667,-52.9,-54.9,-5.92,1693.0,19608.0,70000,88000
2026-09-06T00:11:49+00:00,OVERROUND,False,Ethereum price on September 11?,2026-09-11,9,1.053,1.324,0.782,-32.4,-34.4,-4.6,2970.0,27966.0,2000,2900
2026-09-06T00:11:49+00:00,OVERROUND,False,Bitcoin price on September 8?,2026-09-08,9,1.0705,1.301,0.84,-30.1,-32.1,-3.92,950.0,16252.0,68000,86000
2026-09-06T00:11:49+00:00,OVERROUND,False,Ethereum price on September 9?,2026-09-09,9,1.054,1.232,0.876,-23.2,-25.2,-3.5,3122.0,29883.0,1900,2800
2026-09-06T00:11:49+00:00,OVERROUND,False,Ethereum price on September 8?,2026-09-08,9,1.058,1.228,0.888,-22.8,-24.8,-3.35,3005.0,29003.0,2000,2900
2026-09-06T00:11:49+00:00,OVERROUND,False,Ethereum price on September 7?,2026-09-07,9,1.021,1.087,0.955,-8.7,-10.7,-2.55,3318.0,36259.0,2000,2900
2026-09-06T00:11:49+00:00,OVERROUND,False,Bitcoin price on September 6?,2026-09-06,9,1.0335,1.083,0.984,-8.3,-10.3,-2.2,2516.0,31231.0,70000,88000
2026-09-06T00:11:49+00:00,OVERROUND,False,Ethereum price on September 6?,2026-09-06,9,1.032,1.078,0.986,-7.8,-9.8,-2.17,3911.0,38214.0,2000,2900
2026-09-06T00:23:11+00:00,OVERROUND,False,Ethereum price on September 10?,2026-09-10,9,4.475,8.86,0.09,-786.0,-788.0,-12.01,0.0,2.0,2100,3000
2026-09-06T00:23:11+00:00,OVERROUND,False,Solana price on September 10?,2026-09-10,9,4.475,8.86,0.09,-786.0,-788.0,-12.01,0.0,2.0,110,150
2026-09-06T00:23:11+00:00,OVERROUND,False,Bitcoin price on September 10?,2026-09-10,9,4.465,8.85,0.08,-785.0,-787.0,-12.11,0.0,2.0,72000,90000
2026-09-06T00:23:11+00:00,OVERROUND,False,Solana price on September 8?,2026-09-08,9,4.387,8.703,0.071,-770.3,-772.3,-12.2,1.0,57.0,110,150
2026-09-06T00:23:11+00:00,OVERROUND,False,Solana price on September 11?,2026-09-11,9,4.295,8.5,0.09,-750.0,-752.0,-12.01,2.0,137.0,110,150
2026-09-06T00:23:11+00:00,OVERROUND,False,Bitcoin price on September 11?,2026-09-11,9,4.18,8.24,0.12,-724.0,-726.0,-11.71,8.0,380.0,70000,88000
2026-09-06T00:23:11+00:00,OVERROUND,False,Solana price on September 9?,2026-09-09,9,3.308,6.436,0.18,-543.6,-545.6,-11.11,23.0,558.0,110,140
2026-09-06T00:23:11+00:00,OVERROUND,False,Solana price on September 7?,2026-09-07,9,3.1685,6.248,0.089,-524.8,-526.8,-12.02,10.0,1051.0,110,150
2026-09-06T00:23:11+00:00,OVERROUND,False,Solana price on September 6?,2026-09-06,9,1.17,2.183,0.157,-118.3,-120.3,-11.34,41.0,10577.0,110,150
2026-09-06T00:23:11+00:00,OVERROUND,False,Bitcoin price on September 7?,2026-09-07,9,1.1365,1.426,0.847,-42.6,-44.6,-3.84,1533.0,21050.0,70000,88000
2026-09-06T00:23:11+00:00,OVERROUND,False,Ethereum price on September 11?,2026-09-11,9,1.048,1.314,0.782,-31.4,-33.4,-4.6,3022.0,28052.0,2000,2900
2026-09-06T00:23:11+00:00,OVERROUND,False,Bitcoin price on September 8?,2026-09-08,9,1.042,1.242,0.842,-24.2,-26.2,-3.9,1466.0,18845.0,68000,86000
2026-09-06T00:23:11+00:00,OVERROUND,False,Ethereum price on September 9?,2026-09-09,9,1.0635,1.24,0.887,-24.0,-26.0,-3.36,2838.0,29082.0,1900,2800
2026-09-06T00:23:11+00:00,OVERROUND,False,Ethereum price on September 8?,2026-09-08,9,1.058,1.226,0.89,-22.6,-24.6,-3.33,2756.0,27916.0,2000,2900
2026-09-06T00:23:11+00:00,OVERROUND,False,Ethereum price on September 7?,2026-09-07,9,1.03,1.095,0.965,-9.5,-11.5,-2.43,3996.0,38276.0,2000,2900
2026-09-06T00:23:11+00:00,OVERROUND,False,Bitcoin price on September 6?,2026-09-06,9,1.032,1.081,0.983,-8.1,-10.1,-2.21,2515.0,29529.0,70000,88000
2026-09-06T00:23:11+00:00,OVERROUND,False,Ethereum price on September 6?,2026-09-06,9,1.0245,1.076,0.973,-7.6,-9.6,-2.33,3944.0,38754.0,2000,2900
2026-09-06T00:36:04+00:00,OVERROUND,False,Ethereum price on September 10?,2026-09-10,9,4.48,8.87,0.09,-787.0,-789.0,-12.01,0.0,2.0,2100,3000
2026-09-06T00:36:04+00:00,OVERROUND,False,Solana price on September 10?,2026-09-10,9,4.48,8.87,0.09,-787.0,-789.0,-12.01,0.0,2.0,110,150
2026-09-06T00:36:04+00:00,OVERROUND,False,Bitcoin price on September 10?,2026-09-10,9,4.465,8.85,0.08,-785.0,-787.0,-12.11,0.0,2.0,72000,90000
2026-09-06T00:36:04+00:00,OVERROUND,False,Solana price on September 8?,2026-09-08,9,4.3915,8.712,0.071,-771.2,-773.2,-12.2,3.0,59.0,110,150
2026-09-06T00:36:04+00:00,OVERROUND,False,Solana price on September 11?,2026-09-11,9,4.294,8.498,0.09,-749.8,-751.8,-12.01,2.0,136.0,110,150
2026-09-06T00:36:04+00:00,OVERROUND,False,Solana price on September 9?,2026-09-09,9,3.319,6.458,0.18,-545.8,-547.8,-11.11,20.0,615.0,110,140
2026-09-06T00:36:04+00:00,OVERROUND,False,Solana price on September 7?,2026-09-07,9,3.198,6.327,0.069,-532.7,-534.7,-12.22,7.0,764.0,110,150
2026-09-06T00:36:04+00:00,OVERROUND,False,Solana price on September 6?,2026-09-06,9,1.071,2.058,0.084,-105.8,-107.8,-12.07,33.0,10442.0,110,150
2026-09-06T00:36:04+00:00,OVERROUND,False,Bitcoin price on September 11?,2026-09-11,9,1.028,1.333,0.723,-33.3,-35.3,-5.28,4941.0,45811.0,70000,88000
2026-09-06T00:36:04+00:00,OVERROUND,False,Ethereum price on September 11?,2026-09-11,9,1.058,1.324,0.792,-32.4,-34.4,-4.48,2807.0,27533.0,2000,2900
2026-09-06T00:36:04+00:00,OVERROUND,False,Ethereum price on September 9?,2026-09-09,9,1.071,1.249,0.893,-24.9,-26.9,-3.29,2725.0,29351.0,1900,2800
2026-09-06T00:36:04+00:00,OVERROUND,False,Ethereum price on September 8?,2026-09-08,9,1.067,1.238,0.896,-23.8,-25.8,-3.26,111.0,28323.0,2000,2900
2026-09-06T00:36:04+00:00,OVERROUND,False,Bitcoin price on September 7?,2026-09-07,9,1.0465,1.136,0.958,-13.6,-15.6,-2.51,6895.0,82892.0,70000,88000
2026-09-06T00:36:04+00:00,OVERROUND,False,Ethereum price on September 7?,2026-09-07,9,1.034,1.103,0.965,-10.3,-12.3,-2.43,3581.0,47364.0,2000,2900
2026-09-06T00:36:04+00:00,OVERROUND,False,Ethereum price on September 6?,2026-09-06,9,1.0275,1.073,0.982,-7.3,-9.3,-2.22,2853.0,45078.0,2000,2900
2026-09-06T00:36:04+00:00,OVERROUND,False,Bitcoin price on September 6?,2026-09-06,9,1.031,1.072,0.99,-7.2,-9.2,-2.12,8918.0,94567.0,70000,88000
2026-09-06T00:47:28+00:00,OVERROUND,False,Solana price on September 10?,2026-09-10,9,4.475,8.86,0.09,-786.0,-788.0,-12.01,0.0,2.0,110,150
2026-09-06T00:47:28+00:00,OVERROUND,False,Bitcoin price on September 10?,2026-09-10,9,4.465,8.85,0.08,-785.0,-787.0,-12.11,0.0,2.0,72000,90000
2026-09-06T00:47:28+00:00,OVERROUND,False,Ethereum price on September 10?,2026-09-10,9,4.47,8.85,0.09,-785.0,-787.0,-12.01,0.0,2.0,2100,3000
2026-09-06T00:47:28+00:00,OVERROUND,False,Solana price on September 8?,2026-09-08,9,4.399,8.727,0.071,-772.7,-774.7,-12.2,1.0,57.0,110,150
2026-09-06T00:47:28+00:00,OVERROUND,False,Solana price on September 11?,2026-09-11,9,4.2945,8.499,0.09,-749.9,-751.9,-12.01,2.0,136.0,110,150
2026-09-06T00:47:28+00:00,OVERROUND,False,Solana price on September 9?,2026-09-09,9,3.346,6.522,0.17,-552.2,-554.2,-11.21,22.0,517.0,110,140
2026-09-06T00:47:28+00:00,OVERROUND,False,Solana price on September 7?,2026-09-07,9,3.19,6.311,0.069,-531.1,-533.1,-12.22,6.0,798.0,110,150
2026-09-06T00:47:28+00:00,OVERROUND,False,Solana price on September 6?,2026-09-06,9,1.0635,1.98,0.147,-98.0,-100.0,-11.44,93.0,10895.0,110,150
2026-09-06T00:47:28+00:00,OVERROUND,False,Ethereum price on September 11?,2026-09-11,9,1.0555,1.339,0.772,-33.9,-35.9,-4.72,2592.0,25321.0,2000,2900
2026-09-06T00:47:28+00:00,OVERROUND,False,Bitcoin price on September 11?,2026-09-11,9,1.028,1.333,0.723,-33.3,-35.3,-5.28,4557.0,44960.0,70000,88000
2026-09-06T00:47:28+00:00,OVERROUND,False,Ethereum price on September 9?,2026-09-09,9,1.079,1.259,0.899,-25.9,-27.9,-3.22,2791.0,28888.0,1900,2800
2026-09-06T00:47:28+00:00,OVERROUND,False,Ethereum price on September 8?,2026-09-08,9,1.0655,1.246,0.885,-24.6,-26.6,-3.39,2765.0,32088.0,2000,2900
2026-09-06T00:47:28+00:00,OVERROUND,False,Bitcoin price on September 7?,2026-09-07,9,1.033,1.131,0.935,-13.1,-15.1,-2.79,7121.0,91142.0,70000,88000
2026-09-06T00:47:28+00:00,OVERROUND,False,Ethereum price on September 7?,2026-09-07,9,1.029,1.11,0.958,-11.0,-13.0,-2.51,3653.0,51983.0,2000,2900
2026-09-06T00:47:28+00:00,OVERROUND,False,Bitcoin price on September 6?,2026-09-06,9,1.032,1.08,0.984,-8.0,-10.0,-2.2,8909.0,108237.0,70000,88000
2026-09-06T00:58:45+00:00,OVERROUND,False,Solana price on September 10?,2026-09-10,9,4.485,8.88,0.09,-788.0,-790.0,-12.01,0.0,2.0,110,150
2026-09-06T00:58:45+00:00,OVERROUND,False,Bitcoin price on September 10?,2026-09-10,9,4.47,8.86,0.08,-786.0,-788.0,-12.11,0.0,2.0,72000,90000
2026-09-06T00:58:45+00:00,OVERROUND,False,Ethereum price on September 10?,2026-09-10,9,4.47,8.85,0.09,-785.0,-787.0,-12.01,0.0,2.0,2100,3000
2026-09-06T00:58:45+00:00,OVERROUND,False,Solana price on September 8?,2026-09-08,9,4.3985,8.73,0.067,-773.0,-775.0,-12.24,1.0,50.0,110,150
2026-09-06T00:58:45+00:00,OVERROUND,False,Solana price on September 11?,2026-09-11,9,4.2965,8.503,0.09,-750.3,-752.3,-12.01,1.0,133.0,110,150
2026-09-06T00:58:45+00:00,OVERROUND,False,Solana price on September 9?,2026-09-09,9,3.4065,6.643,0.17,-564.3,-566.3,-11.21,20.0,407.0,110,140
2026-09-06T00:58:45+00:00,OVERROUND,False,Solana price on September 7?,2026-09-07,9,2.301,4.535,0.067,-353.5,-355.5,-12.24,9.0,1034.0,110,150
2026-09-06T00:58:45+00:00,OVERROUND,False,Bitcoin price on September 11?,2026-09-11,9,1.0275,1.332,0.723,-33.2,-35.2,-5.28,4735.0,45155.0,70000,88000
2026-09-06T00:58:45+00:00,OVERROUND,False,Ethereum price on September 11?,2026-09-11,9,1.0545,1.317,0.792,-31.7,-33.7,-4.48,2696.0,27486.0,2000,2900
2026-09-06T00:58:45+00:00,OVERROUND,False,Ethereum price on September 9?,2026-09-09,9,1.0815,1.259,0.904,-25.9,-27.9,-3.16,3097.0,28586.0,1900,2800
2026-09-06T00:58:45+00:00,OVERROUND,False,Ethereum price on September 8?,2026-09-08,9,1.079,1.243,0.915,-24.3,-26.3,-3.03,2928.0,34025.0,2000,2900
2026-09-06T00:58:45+00:00,OVERROUND,False,Ethereum price on September 7?,2026-09-07,9,1.052,1.116,0.988,-11.6,-13.6,-2.15,3645.0,54563.0,2000,2900
2026-09-06T00:58:45+00:00,OVERROUND,False,Ethereum price on September 6?,2026-09-06,9,1.024,1.087,0.961,-8.7,-10.7,-2.48,3709.0,53606.0,2000,2900
2026-09-06T00:58:45+00:00,OVERROUND,False,Bitcoin price on September 6?,2026-09-06,9,1.038,1.075,1.001,-7.5,-9.5,-1.99,9377.0,108694.0,70000,88000
2026-09-06T01:10:07+00:00,OVERROUND,False,Bitcoin price on September 10?,2026-09-10,9,4.47,8.86,0.08,-786.0,-788.0,-12.11,0.0,2.0,72000,90000
2026-09-06T01:10:07+00:00,OVERROUND,False,Solana price on September 10?,2026-09-10,9,4.475,8.86,0.09,-786.0,-788.0,-12.01,0.0,2.0,110,150
2026-09-06T01:10:07+00:00,OVERROUND,False,Ethereum price on September 10?,2026-09-10,9,4.47,8.85,0.09,-785.0,-787.0,-12.01,0.0,2.0,2100,3000
2026-09-06T01:10:07+00:00,OVERROUND,False,Solana price on September 8?,2026-09-08,9,4.397,8.727,0.067,-772.7,-774.7,-12.24,1.0,48.0,110,150
2026-09-06T01:10:07+00:00,OVERROUND,False,Solana price on September 11?,2026-09-11,9,4.292,8.494,0.09,-749.4,-751.4,-12.01,2.0,136.0,110,150
2026-09-06T01:10:07+00:00,OVERROUND,False,Solana price on September 9?,2026-09-09,9,3.462,6.754,0.17,-575.4,-577.4,-11.21,21.0,427.0,110,140
2026-09-06T01:10:07+00:00,OVERROUND,False,Solana price on September 7?,2026-09-07,9,2.94,5.813,0.067,-481.3,-483.3,-12.24,9.0,1071.0,110,150
2026-09-06T01:10:07+00:00,OVERROUND,False,Bitcoin price on September 11?,2026-09-11,9,1.027,1.332,0.722,-33.2,-35.2,-5.29,4758.0,45603.0,70000,88000
2026-09-06T01:10:07+00:00,OVERROUND,False,Ethereum price on September 11?,2026-09-11,9,1.051,1.32,0.782,-32.0,-34.0,-4.6,2668.0,26657.0,2000,2900
2026-09-06T01:10:07+00:00,OVERROUND,False,Ethereum price on September 9?,2026-09-09,9,1.0855,1.257,0.914,-25.7,-27.7,-3.04,3129.0,28858.0,1900,2800
2026-09-06T01:10:07+00:00,OVERROUND,False,Ethereum price on September 8?,2026-09-08,9,1.069,1.225,0.913,-22.5,-24.5,-3.05,2766.0,33255.0,2000,2900
2026-09-06T01:10:07+00:00,OVERROUND,False,Ethereum price on September 7?,2026-09-07,9,1.0325,1.093,0.972,-9.3,-11.3,-2.34,3444.0,53829.0,2000,2900
2026-09-06T01:10:07+00:00,OVERROUND,False,Ethereum price on September 6?,2026-09-06,9,1.0225,1.073,0.972,-7.3,-9.3,-2.34,3817.0,54418.0,2000,2900
2026-09-06T01:10:07+00:00,OVERROUND,False,Bitcoin price on September 6?,2026-09-06,9,1.0305,1.072,0.989,-7.2,-9.2,-2.13,9369.0,111012.0,70000,88000
2026-09-06T01:21:40+00:00,OVERROUND,False,Bitcoin price on September 10?,2026-09-10,9,4.47,8.86,0.08,-786.0,-788.0,-12.11,0.0,2.0,72000,90000
2026-09-06T01:21:40+00:00,OVERROUND,False,Ethereum price on September 10?,2026-09-10,9,4.475,8.86,0.09,-786.0,-788.0,-12.01,0.0,2.0,2100,3000
2026-09-06T01:21:40+00:00,OVERROUND,False,Solana price on September 10?,2026-09-10,9,4.475,8.86,0.09,-786.0,-788.0,-12.01,0.0,2.0,110,150
2026-09-06T01:21:40+00:00,OVERROUND,False,Solana price on September 8?,2026-09-08,9,4.396,8.724,0.068,-772.4,-774.4,-12.23,1.0,50.0,110,150
2026-09-06T01:21:40+00:00,OVERROUND,False,Solana price on September 11?,2026-09-11,9,4.3005,8.511,0.09,-751.1,-753.1,-12.01,1.0,134.0,110,150
2026-09-06T01:21:40+00:00,OVERROUND,False,Solana price on September 9?,2026-09-09,9,3.4595,6.749,0.17,-574.9,-576.9,-11.21,13.0,362.0,110,140
2026-09-06T01:21:40+00:00,OVERROUND,False,Solana price on September 7?,2026-09-07,9,2.921,5.763,0.079,-476.3,-478.3,-12.12,17.0,1154.0,110,150
2026-09-06T01:21:40+00:00,OVERROUND,False,Bitcoin price on September 11?,2026-09-11,9,1.0215,1.32,0.723,-32.0,-34.0,-5.28,4628.0,44923.0,70000,88000
2026-09-06T01:21:40+00:00,OVERROUND,False,Ethereum price on September 11?,2026-09-11,9,1.0515,1.299,0.804,-29.9,-31.9,-4.34,2662.0,26607.0,2000,2900
2026-09-06T01:21:40+00:00,OVERROUND,False,Ethereum price on September 9?,2026-09-09,9,1.0975,1.259,0.936,-25.9,-27.9,-2.78,2832.0,28171.0,1900,2800
2026-09-06T01:21:40+00:00,OVERROUND,False,Ethereum price on September 8?,2026-09-08,9,1.0915,1.244,0.939,-24.4,-26.4,-2.74,490.0,29949.0,2000,2900
2026-09-06T01:21:40+00:00,OVERROUND,False,Ethereum price on September 7?,2026-09-07,9,1.0375,1.115,0.96,-11.5,-13.5,-2.49,3551.0,56271.0,2000,2900
2026-09-06T01:21:40+00:00,OVERROUND,False,Ethereum price on September 6?,2026-09-06,9,1.03,1.079,0.981,-7.9,-9.9,-2.23,2196.0,51314.0,2000,2900
2026-09-06T01:21:40+00:00,OVERROUND,False,Bitcoin price on September 6?,2026-09-06,9,1.035,1.07,1.0,-7.0,-9.0,-2.0,9166.0,111060.0,70000,88000
2026-09-06T01:33:00+00:00,OVERROUND,False,Bitcoin price on September 10?,2026-09-10,9,4.47,8.86,0.08,-786.0,-788.0,-12.11,0.0,2.0,72000,90000
2026-09-06T01:33:00+00:00,OVERROUND,False,Ethereum price on September 10?,2026-09-10,9,4.475,8.86,0.09,-786.0,-788.0,-12.01,0.0,2.0,2100,3000
2026-09-06T01:33:00+00:00,OVERROUND,False,Solana price on September 10?,2026-09-10,9,4.47,8.85,0.09,-785.0,-787.0,-12.01,0.0,2.0,110,150
2026-09-06T01:33:00+00:00,OVERROUND,False,Solana price on September 8?,2026-09-08,9,4.399,8.73,0.068,-773.0,-775.0,-12.23,1.0,49.0,110,150
2026-09-06T01:33:00+00:00,OVERROUND,False,Solana price on September 11?,2026-09-11,9,4.2995,8.509,0.09,-750.9,-752.9,-12.01,1.0,134.0,110,150
2026-09-06T01:33:00+00:00,OVERROUND,False,Solana price on September 9?,2026-09-09,9,3.476,6.782,0.17,-578.2,-580.2,-11.21,20.0,390.0,110,140
2026-09-06T01:33:00+00:00,OVERROUND,False,Solana price on September 7?,2026-09-07,9,2.905,5.721,0.089,-472.1,-474.1,-12.02,20.0,1071.0,110,150
2026-09-06T01:33:00+00:00,OVERROUND,False,Ethereum price on September 11?,2026-09-11,9,1.0515,1.321,0.782,-32.1,-34.1,-4.6,2961.0,27861.0,2000,2900
2026-09-06T01:33:00+00:00,OVERROUND,False,Ethereum price on September 9?,2026-09-09,9,1.086,1.256,0.916,-25.6,-27.6,-3.02,3117.0,28875.0,1900,2800
2026-09-06T01:33:00+00:00,OVERROUND,False,Ethereum price on September 8?,2026-09-08,9,1.084,1.25,0.918,-25.0,-27.0,-2.99,504.0,31213.0,2000,2900
2026-09-06T01:33:00+00:00,OVERROUND,False,Ethereum price on September 7?,2026-09-07,9,1.038,1.114,0.962,-11.4,-13.4,-2.46,4012.0,61143.0,2000,2900
2026-09-06T01:33:00+00:00,OVERROUND,False,Ethereum price on September 6?,2026-09-06,9,1.0285,1.075,0.982,-7.5,-9.5,-2.22,3594.0,53195.0,2000,2900
2026-09-06T01:33:00+00:00,OVERROUND,False,Bitcoin price on September 6?,2026-09-06,9,1.036,1.073,0.999,-7.3,-9.3,-2.01,9563.0,111209.0,70000,88000
2026-09-06T01:44:13+00:00,OVERROUND,False,Ethereum price on September 10?,2026-09-10,9,4.48,8.87,0.09,-787.0,-789.0,-12.01,0.0,2.0,2100,3000
2026-09-06T01:44:13+00:00,OVERROUND,False,Solana price on September 10?,2026-09-10,9,4.48,8.87,0.09,-787.0,-789.0,-12.01,0.0,2.0,110,150
2026-09-06T01:44:13+00:00,OVERROUND,False,Bitcoin price on September 10?,2026-09-10,9,4.465,8.85,0.08,-785.0,-787.0,-12.11,0.0,2.0,72000,90000
2026-09-06T01:44:13+00:00,OVERROUND,False,Solana price on September 8?,2026-09-08,9,4.421,8.774,0.068,-777.4,-779.4,-12.23,1.0,35.0,110,150
2026-09-06T01:44:13+00:00,OVERROUND,False,Solana price on September 11?,2026-09-11,9,4.3,8.51,0.09,-751.0,-753.0,-12.01,1.0,133.0,110,150
2026-09-06T01:44:13+00:00,OVERROUND,False,Solana price on September 9?,2026-09-09,9,3.502,6.834,0.17,-583.4,-585.4,-11.21,13.0,355.0,110,140
2026-09-06T01:44:13+00:00,OVERROUND,False,Solana price on September 7?,2026-09-07,9,3.265,6.431,0.099,-543.1,-545.1,-11.92,19.0,913.0,110,150
2026-09-06T01:44:13+00:00,OVERROUND,False,Bitcoin price on September 11?,2026-09-11,9,1.0315,1.331,0.732,-33.1,-35.1,-5.18,4688.0,44948.0,70000,88000
2026-09-06T01:44:13+00:00,OVERROUND,False,Ethereum price on September 11?,2026-09-11,9,1.0535,1.311,0.796,-31.1,-33.1,-4.44,2725.0,27621.0,2000,2900
2026-09-06T01:44:13+00:00,OVERROUND,False,Ethereum price on September 9?,2026-09-09,9,1.1045,1.265,0.944,-26.5,-28.5,-2.68,2747.0,28510.0,1900,2800
2026-09-06T01:44:13+00:00,OVERROUND,False,Ethereum price on September 8?,2026-09-08,9,1.0815,1.237,0.926,-23.7,-25.7,-2.9,2746.0,33301.0,2000,2900
2026-09-06T01:44:13+00:00,OVERROUND,False,Ethereum price on September 7?,2026-09-07,9,1.035,1.108,0.962,-10.8,-12.8,-2.46,3896.0,60825.0,2000,2900
2026-09-06T01:44:13+00:00,OVERROUND,False,Bitcoin price on September 6?,2026-09-06,9,1.0325,1.078,0.987,-7.8,-9.8,-2.16,9397.0,110116.0,70000,88000
2026-09-06T01:44:13+00:00,OVERROUND,False,Ethereum price on September 6?,2026-09-06,9,1.0295,1.077,0.982,-7.7,-9.7,-2.22,2732.0,53686.0,2000,2900
2026-09-06T01:55:31+00:00,OVERROUND,False,Solana price on September 10?,2026-09-10,9,4.475,8.86,0.09,-786.0,-788.0,-12.01,0.0,2.0,110,150
2026-09-06T01:55:31+00:00,OVERROUND,False,Bitcoin price on September 10?,2026-09-10,9,4.465,8.85,0.08,-785.0,-787.0,-12.11,0.0,2.0,72000,90000
2026-09-06T01:55:31+00:00,OVERROUND,False,Ethereum price on September 10?,2026-09-10,9,4.47,8.85,0.09,-785.0,-787.0,-12.01,0.0,2.0,2100,3000
2026-09-06T01:55:31+00:00,OVERROUND,False,Solana price on September 8?,2026-09-08,9,4.4195,8.771,0.068,-777.1,-779.1,-12.23,1.0,33.0,110,150
2026-09-06T01:55:31+00:00,OVERROUND,False,Solana price on September 11?,2026-09-11,9,4.2995,8.509,0.09,-750.9,-752.9,-12.01,1.0,134.0,110,150
2026-09-06T01:55:31+00:00,OVERROUND,False,Solana price on September 9?,2026-09-09,9,3.704,7.238,0.17,-623.8,-625.8,-11.21,13.0,307.0,110,140
2026-09-06T01:55:31+00:00,OVERROUND,False,Solana price on September 7?,2026-09-07,9,3.2465,6.384,0.109,-538.4,-540.4,-11.82,20.0,993.0,110,150
2026-09-06T01:55:31+00:00,OVERROUND,False,Bitcoin price on September 11?,2026-09-11,9,1.026,1.319,0.733,-31.9,-33.9,-5.17,5016.0,46461.0,70000,88000
2026-09-06T01:55:31+00:00,OVERROUND,False,Ethereum price on September 11?,2026-09-11,9,1.0455,1.28,0.811,-28.0,-30.0,-4.26,2702.0,27132.0,2000,2900
2026-09-06T01:55:31+00:00,OVERROUND,False,Ethereum price on September 9?,2026-09-09,9,1.089,1.232,0.946,-23.2,-25.2,-2.66,3121.0,29056.0,1900,2800
2026-09-06T01:55:31+00:00,OVERROUND,False,Ethereum price on September 8?,2026-09-08,9,1.0535,1.198,0.909,-19.8,-21.8,-3.1,2774.0,33427.0,2000,2900
2026-09-06T01:55:31+00:00,OVERROUND,False,Ethereum price on September 7?,2026-09-07,9,1.04,1.124,0.956,-12.4,-14.4,-2.54,3551.0,60334.0,2000,2900
2026-09-06T01:55:31+00:00,OVERROUND,False,Ethereum price on September 6?,2026-09-06,9,1.028,1.074,0.982,-7.4,-9.4,-2.22,3632.0,56607.0,2000,2900
2026-09-06T01:55:31+00:00,OVERROUND,False,Bitcoin price on September 6?,2026-09-06,9,1.022,1.057,0.987,-5.7,-7.7,-2.16,9736.0,111968.0,70000,88000
2026-09-06T02:06:51+00:00,OVERROUND,False,Ethereum price on September 10?,2026-09-10,9,4.48,8.87,0.09,-787.0,-789.0,-12.01,0.0,2.0,2100,3000
2026-09-06T02:06:51+00:00,OVERROUND,False,Bitcoin price on September 10?,2026-09-10,9,4.465,8.85,0.08,-785.0,-787.0,-12.11,0.0,2.0,72000,90000
2026-09-06T02:06:51+00:00,OVERROUND,False,Solana price on September 10?,2026-09-10,9,4.47,8.85,0.09,-785.0,-787.0,-12.01,0.0,2.0,110,150
2026-09-06T02:06:51+00:00,OVERROUND,False,Solana price on September 8?,2026-09-08,9,4.4205,8.772,0.069,-777.2,-779.2,-12.22,1.0,32.0,110,150
2026-09-06T02:06:51+00:00,OVERROUND,False,Solana price on September 11?,2026-09-11,9,4.2995,8.499,0.1,-749.9,-751.9,-11.91,4.0,185.0,110,150
2026-09-06T02:06:51+00:00,OVERROUND,False,Solana price on September 9?,2026-09-09,9,3.6895,7.207,0.172,-620.7,-622.7,-11.19,14.0,336.0,110,140
2026-09-06T02:06:51+00:00,OVERROUND,False,Solana price on September 7?,2026-09-07,9,3.2695,6.45,0.089,-545.0,-547.0,-12.02,18.0,876.0,110,150
2026-09-06T02:06:51+00:00,OVERROUND,False,Ethereum price on September 11?,2026-09-11,9,1.054,1.326,0.782,-32.6,-34.6,-4.6,2751.0,27698.0,2000,2900
2026-09-06T02:06:51+00:00,OVERROUND,False,Bitcoin price on September 11?,2026-09-11,9,1.026,1.319,0.733,-31.9,-33.9,-5.17,4806.0,45419.0,70000,88000
2026-09-06T02:06:51+00:00,OVERROUND,False,Ethereum price on September 9?,2026-09-09,9,1.103,1.259,0.947,-25.9,-27.9,-2.64,3121.0,28867.0,1900,2800
2026-09-06T02:06:51+00:00,OVERROUND,False,Ethereum price on September 8?,2026-09-08,9,1.064,1.246,0.897,-24.6,-26.6,-3.25,2875.0,33567.0,2000,2900
2026-09-06T02:06:51+00:00,OVERROUND,False,Ethereum price on September 7?,2026-09-07,9,1.0335,1.11,0.957,-11.0,-13.0,-2.52,3970.0,60395.0,2000,2900
2026-09-06T02:06:51+00:00,OVERROUND,False,Bitcoin price on September 6?,2026-09-06,9,1.0205,1.055,0.986,-5.5,-7.5,-2.17,9402.0,109590.0,70000,88000
2026-09-06T02:18:10+00:00,OVERROUND,False,Bitcoin price on September 10?,2026-09-10,9,4.465,8.85,0.08,-785.0,-787.0,-12.11,0.0,2.0,72000,90000
2026-09-06T02:18:10+00:00,OVERROUND,False,Solana price on September 10?,2026-09-10,9,4.465,8.84,0.09,-784.0,-786.0,-12.01,0.0,2.0,110,150
2026-09-06T02:18:10+00:00,OVERROUND,False,Ethereum price on September 10?,2026-09-10,9,4.455,8.82,0.09,-782.0,-784.0,-12.01,0.0,2.0,2100,3000
2026-09-06T02:18:10+00:00,OVERROUND,False,Solana price on September 8?,2026-09-08,9,4.422,8.773,0.071,-777.3,-779.3,-12.2,1.0,31.0,110,150
2026-09-06T02:18:10+00:00,OVERROUND,False,Ethereum price on September 11?,2026-09-11,9,4.3645,8.639,0.09,-763.9,-765.9,-12.01,3.0,187.0,2000,2900
2026-09-06T02:18:10+00:00,OVERROUND,False,Solana price on September 7?,2026-09-07,9,3.268,6.447,0.089,-544.7,-546.7,-12.02,17.0,839.0,110,150
2026-09-06T02:18:10+00:00,OVERROUND,False,Ethereum price on September 9?,2026-09-09,9,2.7215,4.846,0.597,-384.6,-386.6,-6.7,40.0,2528.0,1900,2800
2026-09-06T02:18:10+00:00,OVERROUND,False,Ethereum price on September 8?,2026-09-08,9,2.2915,4.079,0.504,-307.9,-309.9,-7.72,108.0,5755.0,2000,2900
2026-09-06T02:18:10+00:00,OVERROUND,False,Solana price on September 9?,2026-09-09,9,1.115,1.298,0.932,-29.8,-31.8,-2.83,48.0,7475.0,110,140
2026-09-06T02:18:10+00:00,OVERROUND,False,Solana price on September 11?,2026-09-11,9,1.1085,1.297,0.92,-29.7,-31.7,-2.97,852.0,8144.0,110,150
2026-09-06T02:18:10+00:00,OVERROUND,False,Ethereum price on September 7?,2026-09-07,9,1.056,1.228,0.884,-22.8,-24.8,-3.4,631.0,24918.0,2000,2900
2026-09-06T02:18:10+00:00,OVERROUND,False,Bitcoin price on September 6?,2026-09-06,9,1.031,1.064,0.998,-6.4,-8.4,-2.02,9140.0,109021.0,70000,88000
2026-09-06T02:29:25+00:00,OVERROUND,False,Solana price on September 10?,2026-09-10,9,4.475,8.86,0.09,-786.0,-788.0,-12.01,0.0,2.0,110,150
2026-09-06T02:29:25+00:00,OVERROUND,False,Bitcoin price on September 10?,2026-09-10,9,4.465,8.85,0.08,-785.0,-787.0,-12.11,0.0,2.0,72000,90000
2026-09-06T02:29:25+00:00,OVERROUND,False,Ethereum price on September 10?,2026-09-10,9,4.47,8.85,0.09,-785.0,-787.0,-12.01,0.0,2.0,2100,3000
2026-09-06T02:29:25+00:00,OVERROUND,False,Solana price on September 8?,2026-09-08,9,4.437,8.803,0.071,-780.3,-782.3,-12.2,2.0,43.0,110,150
2026-09-06T02:29:25+00:00,OVERROUND,False,Solana price on September 11?,2026-09-11,9,4.2365,8.383,0.09,-738.3,-740.3,-12.01,1.0,177.0,110,150
2026-09-06T02:29:25+00:00,OVERROUND,False,Solana price on September 9?,2026-09-09,9,3.519,6.866,0.172,-586.6,-588.6,-11.19,7.0,341.0,110,140
2026-09-06T02:29:25+00:00,OVERROUND,False,Solana price on September 7?,2026-09-07,9,3.252,6.405,0.099,-540.5,-542.5,-11.92,19.0,825.0,110,150
2026-09-06T02:29:25+00:00,OVERROUND,False,Bitcoin price on September 11?,2026-09-11,9,1.026,1.319,0.733,-31.9,-33.9,-5.17,5023.0,46484.0,70000,88000
2026-09-06T02:29:25+00:00,OVERROUND,False,Ethereum price on September 11?,2026-09-11,9,1.0445,1.316,0.773,-31.6,-33.6,-4.7,2668.0,26512.0,2000,2900
2026-09-06T02:29:25+00:00,OVERROUND,False,Ethereum price on September 9?,2026-09-09,9,1.067,1.245,0.889,-24.5,-26.5,-3.34,3239.0,30002.0,1900,2800
2026-09-06T02:29:25+00:00,OVERROUND,False,Ethereum price on September 8?,2026-09-08,9,1.056,1.222,0.89,-22.2,-24.2,-3.33,2775.0,33753.0,2000,2900
2026-09-06T02:29:25+00:00,OVERROUND,False,Ethereum price on September 7?,2026-09-07,9,1.0355,1.108,0.963,-10.8,-12.8,-2.45,3968.0,61531.0,2000,2900
2026-09-06T02:29:25+00:00,OVERROUND,False,Ethereum price on September 6?,2026-09-06,9,1.0295,1.086,0.973,-8.6,-10.6,-2.33,3945.0,63076.0,2000,2900
2026-09-06T02:29:25+00:00,OVERROUND,False,Bitcoin price on September 6?,2026-09-06,9,1.032,1.067,0.997,-6.7,-8.7,-2.04,9660.0,112682.0,70000,88000
2026-09-06T02:40:57+00:00,OVERROUND,False,Solana price on September 10?,2026-09-10,9,4.475,8.86,0.09,-786.0,-788.0,-12.01,0.0,2.0,110,150
2026-09-06T02:40:57+00:00,OVERROUND,False,Bitcoin price on September 10?,2026-09-10,9,4.465,8.85,0.08,-785.0,-787.0,-12.11,0.0,2.0,72000,90000
2026-09-06T02:40:57+00:00,OVERROUND,False,Ethereum price on September 10?,2026-09-10,9,4.47,8.85,0.09,-785.0,-787.0,-12.01,0.0,2.0,2100,3000
2026-09-06T02:40:57+00:00,OVERROUND,False,Solana price on September 8?,2026-09-08,9,4.4355,8.8,0.071,-780.0,-782.0,-12.2,3.0,47.0,110,150
2026-09-06T02:40:57+00:00,OVERROUND,False,Solana price on September 7?,2026-09-07,9,3.2,6.291,0.109,-529.1,-531.1,-11.82,19.0,899.0,110,150
2026-09-06T02:40:57+00:00,OVERROUND,False,Ethereum price on September 11?,2026-09-11,9,1.0445,1.326,0.763,-32.6,-34.6,-4.82,2631.0,26629.0,2000,2900
2026-09-06T02:40:57+00:00,OVERROUND,False,Bitcoin price on September 11?,2026-09-11,9,1.021,1.319,0.723,-31.9,-33.9,-5.28,4659.0,44949.0,70000,88000
2026-09-06T02:40:57+00:00,OVERROUND,False,Solana price on September 11?,2026-09-11,9,1.1035,1.287,0.92,-28.7,-30.7,-2.97,874.0,8419.0,110,150
2026-09-06T02:40:57+00:00,OVERROUND,False,Solana price on September 9?,2026-09-09,9,1.1055,1.279,0.932,-27.9,-29.9,-2.83,893.0,8480.0,110,140
2026-09-06T02:40:57+00:00,OVERROUND,False,Ethereum price on September 9?,2026-09-09,9,1.0825,1.277,0.888,-27.7,-29.7,-3.35,2871.0,28667.0,1900,2800
2026-09-06T02:40:57+00:00,OVERROUND,False,Ethereum price on September 8?,2026-09-08,9,1.0765,1.253,0.9,-25.3,-27.3,-3.21,2910.0,33960.0,2000,2900
2026-09-06T02:40:57+00:00,OVERROUND,False,Ethereum price on September 7?,2026-09-07,9,1.036,1.104,0.968,-10.4,-12.4,-2.39,3474.0,61296.0,2000,2900
2026-09-06T02:40:57+00:00,OVERROUND,False,Bitcoin price on September 6?,2026-09-06,9,1.037,1.077,0.997,-7.7,-9.7,-2.04,9591.0,111337.0,70000,88000
2026-09-06T02:40:57+00:00,OVERROUND,False,Ethereum price on September 6?,2026-09-06,9,1.0245,1.076,0.973,-7.6,-9.6,-2.33,4023.0,64591.0,2000,2900
2026-09-06T02:52:23+00:00,OVERROUND,False,Bitcoin price on September 10?,2026-09-10,9,4.475,8.87,0.08,-787.0,-789.0,-12.11,0.0,2.0,72000,90000
2026-09-06T02:52:23+00:00,OVERROUND,False,Solana price on September 10?,2026-09-10,9,4.475,8.86,0.09,-786.0,-788.0,-12.01,0.0,2.0,110,150
2026-09-06T02:52:23+00:00,OVERROUND,False,Ethereum price on September 10?,2026-09-10,9,4.47,8.85,0.09,-785.0,-787.0,-12.01,0.0,2.0,2100,3000
2026-09-06T02:52:23+00:00,OVERROUND,False,Solana price on September 8?,2026-09-08,9,4.431,8.791,0.071,-779.1,-781.1,-12.2,3.0,41.0,110,150
2026-09-06T02:52:23+00:00,OVERROUND,False,Solana price on September 7?,2026-09-07,9,3.1725,6.226,0.119,-522.6,-524.6,-11.72,28.0,973.0,110,150
2026-09-06T02:52:23+00:00,OVERROUND,False,Ethereum price on September 11?,2026-09-11,9,1.044,1.315,0.773,-31.5,-33.5,-4.7,2680.0,26358.0,2000,2900
2026-09-06T02:52:23+00:00,OVERROUND,False,Solana price on September 11?,2026-09-11,9,1.114,1.308,0.92,-30.8,-32.8,-2.97,856.0,8198.0,110,150
2026-09-06T02:52:23+00:00,OVERROUND,False,Solana price on September 9?,2026-09-09,9,1.1105,1.289,0.932,-28.9,-30.9,-2.83,899.0,8673.0,110,140
2026-09-06T02:52:23+00:00,OVERROUND,False,Ethereum price on September 9?,2026-09-09,9,1.0685,1.255,0.882,-25.5,-27.5,-3.42,3120.0,29057.0,1900,2800
2026-09-06T02:52:23+00:00,OVERROUND,False,Ethereum price on September 8?,2026-09-08,9,1.072,1.253,0.891,-25.3,-27.3,-3.32,2776.0,33064.0,2000,2900
2026-09-06T02:52:23+00:00,OVERROUND,False,Ethereum price on September 7?,2026-09-07,9,1.028,1.101,0.955,-10.1,-12.1,-2.55,3955.0,62112.0,2000,2900
2026-09-06T02:52:23+00:00,OVERROUND,False,Ethereum price on September 6?,2026-09-06,9,1.0285,1.076,0.981,-7.6,-9.6,-2.23,3696.0,64377.0,2000,2900
2026-09-06T02:52:23+00:00,OVERROUND,False,Bitcoin price on September 6?,2026-09-06,9,1.026,1.067,0.985,-6.7,-8.7,-2.18,9660.0,112762.0,70000,88000
2026-09-06T03:05:16+00:00,OVERROUND,False,Bitcoin price on September 10?,2026-09-10,9,4.475,8.87,0.08,-787.0,-789.0,-12.11,0.0,2.0,72000,90000
2026-09-06T03:05:16+00:00,OVERROUND,False,Solana price on September 10?,2026-09-10,9,4.48,8.87,0.09,-787.0,-789.0,-12.01,0.0,2.0,110,150
2026-09-06T03:05:16+00:00,OVERROUND,False,Ethereum price on September 10?,2026-09-10,9,4.475,8.86,0.09,-786.0,-788.0,-12.01,0.0,2.0,2100,3000
2026-09-06T03:05:16+00:00,OVERROUND,False,Solana price on September 8?,2026-09-08,9,4.421,8.771,0.071,-777.1,-779.1,-12.2,3.0,46.0,110,150
2026-09-06T03:05:16+00:00,OVERROUND,False,Solana price on September 11?,2026-09-11,9,4.2355,8.38,0.09,-738.0,-740.0,-12.01,2.0,180.0,110,150
2026-09-06T03:05:16+00:00,OVERROUND,False,Solana price on September 9?,2026-09-09,9,3.378,6.584,0.172,-558.4,-560.4,-11.19,14.0,462.0,110,140
2026-09-06T03:05:16+00:00,OVERROUND,False,Solana price on September 7?,2026-09-07,9,3.1035,6.078,0.129,-507.8,-509.8,-11.62,31.0,989.0,110,150
2026-09-06T03:05:16+00:00,OVERROUND,False,Ethereum price on September 11?,2026-09-11,9,1.048,1.337,0.759,-33.7,-35.7,-4.87,2741.0,26985.0,2000,2900
2026-09-06T03:05:16+00:00,OVERROUND,False,Ethereum price on September 9?,2026-09-09,9,1.0635,1.281,0.846,-28.1,-30.1,-3.85,2681.0,27684.0,1900,2800
2026-09-06T03:05:16+00:00,OVERROUND,False,Ethereum price on September 8?,2026-09-08,9,1.07,1.276,0.864,-27.6,-29.6,-3.64,2860.0,33208.0,2000,2900
2026-09-06T03:05:16+00:00,OVERROUND,False,Ethereum price on September 7?,2026-09-07,9,1.0395,1.125,0.954,-12.5,-14.5,-2.56,3847.0,60999.0,2000,2900
2026-09-06T03:05:16+00:00,OVERROUND,False,Ethereum price on September 6?,2026-09-06,9,1.034,1.085,0.983,-8.5,-10.5,-2.21,4026.0,65132.0,2000,2900
2026-09-06T03:05:16+00:00,OVERROUND,False,Bitcoin price on September 6?,2026-09-06,9,1.027,1.055,0.999,-5.5,-7.5,-2.01,9161.0,111778.0,70000,88000
2026-09-06T03:16:40+00:00,OVERROUND,False,Solana price on September 10?,2026-09-10,9,4.48,8.87,0.09,-787.0,-789.0,-12.01,0.0,2.0,110,150
2026-09-06T03:16:40+00:00,OVERROUND,False,Ethereum price on September 10?,2026-09-10,9,4.475,8.86,0.09,-786.0,-788.0,-12.01,0.0,2.0,2100,3000
2026-09-06T03:16:40+00:00,OVERROUND,False,Solana price on September 8?,2026-09-08,9,4.418,8.765,0.071,-776.5,-778.5,-12.2,4.0,48.0,110,150
2026-09-06T03:16:40+00:00,OVERROUND,False,Solana price on September 11?,2026-09-11,9,4.246,8.401,0.09,-740.1,-742.1,-12.01,1.0,175.0,110,150
2026-09-06T03:16:40+00:00,OVERROUND,False,Bitcoin price on September 10?,2026-09-10,9,3.675,7.15,0.2,-615.0,-617.0,-10.91,0.0,191.0,72000,90000
2026-09-06T03:16:40+00:00,OVERROUND,False,Solana price on September 9?,2026-09-09,9,3.3985,6.625,0.172,-562.5,-564.5,-11.19,16.0,475.0,110,140
2026-09-06T03:16:40+00:00,OVERROUND,False,Solana price on September 7?,2026-09-07,9,3.05,5.971,0.129,-497.1,-499.1,-11.62,31.0,1083.0,110,150
2026-09-06T03:16:40+00:00,OVERROUND,False,Ethereum price on September 11?,2026-09-11,9,1.043,1.326,0.76,-32.6,-34.6,-4.85,2634.0,27041.0,2000,2900
2026-09-06T03:16:40+00:00,OVERROUND,False,Bitcoin price on September 11?,2026-09-11,9,1.0205,1.319,0.722,-31.9,-33.9,-5.29,4652.0,44552.0,70000,88000
2026-09-06T03:16:40+00:00,OVERROUND,False,Ethereum price on September 9?,2026-09-09,9,1.0685,1.238,0.899,-23.8,-25.8,-3.22,2762.0,28746.0,1900,2800
2026-09-06T03:16:40+00:00,OVERROUND,False,Ethereum price on September 8?,2026-09-08,9,1.0575,1.214,0.901,-21.4,-23.4,-3.2,2762.0,33484.0,2000,2900
2026-09-06T03:16:40+00:00,OVERROUND,False,Ethereum price on September 7?,2026-09-07,9,1.0425,1.123,0.962,-12.3,-14.3,-2.46,3953.0,60380.0,2000,2900
2026-09-06T03:16:40+00:00,OVERROUND,False,Bitcoin price on September 6?,2026-09-06,9,1.038,1.077,0.999,-7.7,-9.7,-2.01,8722.0,111254.0,70000,88000
2026-09-06T03:16:40+00:00,OVERROUND,False,Ethereum price on September 6?,2026-09-06,9,1.0295,1.076,0.983,-7.6,-9.6,-2.21,4124.0,65537.0,2000,2900
2026-09-06T03:28:07+00:00,OVERROUND,False,Solana price on September 10?,2026-09-10,9,4.47,8.85,0.09,-785.0,-787.0,-12.01,0.0,2.0,110,150
2026-09-06T03:28:07+00:00,OVERROUND,False,Solana price on September 8?,2026-09-08,9,4.413,8.755,0.071,-775.5,-777.5,-12.2,4.0,47.0,110,150
2026-09-06T03:28:07+00:00,OVERROUND,False,Solana price on September 11?,2026-09-11,9,4.255,8.419,0.09,-741.9,-743.9,-12.01,2.0,175.0,110,150
2026-09-06T03:28:07+00:00,OVERROUND,False,Bitcoin price on September 10?,2026-09-10,9,3.675,7.15,0.2,-615.0,-617.0,-10.91,0.0,191.0,72000,90000
2026-09-06T03:28:07+00:00,OVERROUND,False,Solana price on September 9?,2026-09-09,9,3.4275,6.683,0.172,-568.3,-570.3,-11.19,17.0,460.0,110,140
2026-09-06T03:28:07+00:00,OVERROUND,False,Solana price on September 7?,2026-09-07,9,3.0015,5.864,0.139,-486.4,-488.4,-11.52,32.0,1189.0,110,150
2026-09-06T03:28:07+00:00,OVERROUND,False,Ethereum price on September 10?,2026-09-10,9,2.725,5.26,0.19,-426.0,-428.0,-11.01,0.0,381.0,2100,3000
2026-09-06T03:28:07+00:00,OVERROUND,False,Ethereum price on September 11?,2026-09-11,9,1.044,1.315,0.773,-31.5,-33.5,-4.7,2743.0,27142.0,2000,2900
2026-09-06T03:28:07+00:00,OVERROUND,False,Bitcoin price on September 11?,2026-09-11,9,1.0205,1.309,0.732,-30.9,-32.9,-5.18,4830.0,46258.0,70000,88000
2026-09-06T03:28:07+00:00,OVERROUND,False,Ethereum price on September 8?,2026-09-08,9,1.0585,1.221,0.896,-22.1,-24.1,-3.26,2760.0,32425.0,2000,2900
2026-09-06T03:28:07+00:00,OVERROUND,False,Ethereum price on September 9?,2026-09-09,9,1.044,1.211,0.877,-21.1,-23.1,-3.48,3152.0,29238.0,1900,2800
2026-09-06T03:28:07+00:00,OVERROUND,False,Ethereum price on September 7?,2026-09-07,9,1.041,1.116,0.966,-11.6,-13.6,-2.41,3957.0,60984.0,2000,2900
2026-09-06T03:28:07+00:00,OVERROUND,False,Ethereum price on September 6?,2026-09-06,9,1.0315,1.081,0.982,-8.1,-10.1,-2.22,3844.0,62662.0,2000,2900
2026-09-06T03:28:07+00:00,OVERROUND,False,Bitcoin price on September 6?,2026-09-06,9,1.033,1.067,0.999,-6.7,-8.7,-2.01,9659.0,113061.0,70000,88000
2026-09-06T03:39:53+00:00,OVERROUND,False,Solana price on September 10?,2026-09-10,9,4.48,8.87,0.09,-787.0,-789.0,-12.01,0.0,2.0,110,150
2026-09-06T03:39:53+00:00,OVERROUND,False,Solana price on September 8?,2026-09-08,9,4.412,8.753,0.071,-775.3,-777.3,-12.2,2.0,41.0,110,150
2026-09-06T03:39:53+00:00,OVERROUND,False,Solana price on September 11?,2026-09-11,9,4.265,8.439,0.09,-743.9,-745.9,-12.01,1.0,172.0,110,150
2026-09-06T03:39:53+00:00,OVERROUND,False,Bitcoin price on September 10?,2026-09-10,9,3.675,7.15,0.2,-615.0,-617.0,-10.91,0.0,191.0,72000,90000
2026-09-06T03:39:53+00:00,OVERROUND,False,Solana price on September 9?,2026-09-09,9,3.455,6.738,0.172,-573.8,-575.8,-11.19,18.0,456.0,110,140
2026-09-06T03:39:53+00:00,OVERROUND,False,Solana price on September 7?,2026-09-07,9,3.012,5.885,0.139,-488.5,-490.5,-11.52,34.0,1195.0,110,150
2026-09-06T03:39:53+00:00,OVERROUND,False,Ethereum price on September 10?,2026-09-10,9,2.72,5.25,0.19,-425.0,-427.0,-11.01,0.0,383.0,2100,3000
2026-09-06T03:39:53+00:00,OVERROUND,False,Solana price on September 6?,2026-09-06,9,1.021,1.882,0.16,-88.2,-90.2,-11.31,93.0,10915.0,110,150
2026-09-06T03:39:53+00:00,OVERROUND,False,Ethereum price on September 11?,2026-09-11,9,1.05,1.339,0.761,-33.9,-35.9,-4.84,2614.0,25022.0,2000,2900
2026-09-06T03:39:53+00:00,OVERROUND,False,Ethereum price on September 8?,2026-09-08,9,1.0615,1.232,0.891,-23.2,-25.2,-3.32,2959.0,32947.0,2000,2900
2026-09-06T03:39:53+00:00,OVERROUND,False,Ethereum price on September 9?,2026-09-09,9,1.034,1.198,0.87,-19.8,-21.8,-3.57,2979.0,28630.0,1900,2800
2026-09-06T03:39:53+00:00,OVERROUND,False,Ethereum price on September 7?,2026-09-07,9,1.041,1.13,0.952,-13.0,-15.0,-2.58,3914.0,56975.0,2000,2900
2026-09-06T03:39:53+00:00,OVERROUND,False,Ethereum price on September 6?,2026-09-06,9,1.029,1.095,0.963,-9.5,-11.5,-2.45,3549.0,57840.0,2000,2900
2026-09-06T03:39:53+00:00,OVERROUND,False,Bitcoin price on September 6?,2026-09-06,9,1.028,1.068,0.988,-6.8,-8.8,-2.15,9591.0,109127.0,70000,88000
2026-09-06T03:51:23+00:00,OVERROUND,False,Solana price on September 10?,2026-09-10,9,4.48,8.87,0.09,-787.0,-789.0,-12.01,0.0,2.0,110,150
2026-09-06T03:51:23+00:00,OVERROUND,False,Solana price on September 8?,2026-09-08,9,4.411,8.751,0.071,-775.1,-777.1,-12.2,3.0,46.0,110,150
2026-09-06T03:51:23+00:00,OVERROUND,False,Solana price on September 11?,2026-09-11,9,4.3,8.509,0.09,-750.9,-752.9,-12.01,1.0,139.0,110,150
2026-09-06T03:51:23+00:00,OVERROUND,False,Bitcoin price on September 10?,2026-09-10,9,3.695,7.17,0.22,-617.0,-619.0,-10.71,0.0,192.0,72000,90000
2026-09-06T03:51:23+00:00,OVERROUND,False,Solana price on September 9?,2026-09-09,9,3.512,6.852,0.172,-585.2,-587.2,-11.19,19.0,434.0,110,140
2026-09-06T03:51:23+00:00,OVERROUND,False,Solana price on September 7?,2026-09-07,9,3.043,5.947,0.139,-494.7,-496.7,-11.52,22.0,1190.0,110,150
2026-09-06T03:51:23+00:00,OVERROUND,False,Ethereum price on September 10?,2026-09-10,9,2.355,3.97,0.74,-297.0,-299.0,-5.08,0.0,574.0,2100,3000
2026-09-06T03:51:23+00:00,OVERROUND,False,Solana price on September 6?,2026-09-06,9,1.3585,2.515,0.202,-151.5,-153.5,-10.89,121.0,11202.0,110,150
2026-09-06T03:51:23+00:00,OVERROUND,False,Bitcoin price on September 11?,2026-09-11,9,1.0205,1.318,0.723,-31.8,-33.8,-5.28,4709.0,45720.0,70000,88000
2026-09-06T03:51:23+00:00,OVERROUND,False,Ethereum price on September 11?,2026-09-11,9,1.049,1.298,0.8,-29.8,-31.8,-4.39,3018.0,27693.0,2000,2900
2026-09-06T03:51:23+00:00,OVERROUND,False,Ethereum price on September 8?,2026-09-08,9,1.049,1.204,0.894,-20.4,-22.4,-3.28,2885.0,33359.0,2000,2900
2026-09-06T03:51:23+00:00,OVERROUND,False,Ethereum price on September 9?,2026-09-09,9,1.0395,1.193,0.886,-19.3,-21.3,-3.38,3182.0,29824.0,1900,2800
2026-09-06T03:51:23+00:00,OVERROUND,False,Bitcoin price on September 7?,2026-09-07,9,1.0235,1.098,0.949,-9.8,-11.8,-2.62,7436.0,95585.0,70000,88000
2026-09-06T03:51:23+00:00,OVERROUND,False,Ethereum price on September 7?,2026-09-07,9,1.028,1.098,0.958,-9.8,-11.8,-2.51,3889.0,60868.0,2000,2900
2026-09-06T03:51:23+00:00,OVERROUND,False,Ethereum price on September 6?,2026-09-06,9,1.0265,1.071,0.982,-7.1,-9.1,-2.22,3828.0,61540.0,2000,2900
2026-09-06T03:51:23+00:00,OVERROUND,False,Bitcoin price on September 6?,2026-09-06,9,1.031,1.065,0.997,-6.5,-8.5,-2.04,9591.0,114742.0,70000,88000
2026-09-06T04:02:53+00:00,OVERROUND,False,Solana price on September 10?,2026-09-10,9,4.48,8.87,0.09,-787.0,-789.0,-12.01,0.0,2.0,110,150
2026-09-06T04:02:53+00:00,OVERROUND,False,Solana price on September 8?,2026-09-08,9,4.4065,8.742,0.071,-774.2,-776.2,-12.2,3.0,44.0,110,150
2026-09-06T04:02:53+00:00,OVERROUND,False,Bitcoin price on September 10?,2026-09-10,9,3.68,7.15,0.21,-615.0,-617.0,-10.81,0.0,192.0,72000,90000
2026-09-06T04:02:53+00:00,OVERROUND,False,Solana price on September 7?,2026-09-07,9,3.037,5.935,0.139,-493.5,-495.5,-11.52,26.0,1050.0,110,150
2026-09-06T04:02:53+00:00,OVERROUND,False,Ethereum price on September 10?,2026-09-10,9,2.345,3.96,0.73,-296.0,-298.0,-5.2,0.0,574.0,2100,3000
2026-09-06T04:02:53+00:00,OVERROUND,False,Solana price on September 6?,2026-09-06,9,1.227,2.199,0.255,-119.9,-121.9,-10.35,82.0,11227.0,110,150
2026-09-06T04:02:53+00:00,OVERROUND,False,Bitcoin price on September 11?,2026-09-11,9,1.021,1.33,0.712,-33.0,-35.0,-5.41,4659.0,45252.0,70000,88000
2026-09-06T04:02:53+00:00,OVERROUND,False,Ethereum price on September 11?,2026-09-11,9,1.0435,1.329,0.758,-32.9,-34.9,-4.88,2938.0,27386.0,2000,2900
2026-09-06T04:02:53+00:00,OVERROUND,False,Solana price on September 11?,2026-09-11,9,1.104,1.297,0.911,-29.7,-31.7,-3.08,865.0,8228.0,110,150
2026-09-06T04:02:53+00:00,OVERROUND,False,Solana price on September 9?,2026-09-09,9,1.1025,1.283,0.922,-28.3,-30.3,-2.95,89.0,7897.0,110,140
2026-09-06T04:02:53+00:00,OVERROUND,False,Ethereum price on September 8?,2026-09-08,9,1.055,1.221,0.889,-22.1,-24.1,-3.34,3014.0,34295.0,2000,2900
2026-09-06T04:02:53+00:00,OVERROUND,False,Ethereum price on September 9?,2026-09-09,9,1.0375,1.216,0.859,-21.6,-23.6,-3.7,3148.0,29148.0,1900,2800
2026-09-06T04:02:53+00:00,OVERROUND,False,Ethereum price on September 7?,2026-09-07,9,1.032,1.108,0.956,-10.8,-12.8,-2.54,1395.0,57673.0,2000,2900
2026-09-06T04:02:53+00:00,OVERROUND,False,Bitcoin price on September 6?,2026-09-06,9,1.036,1.076,0.996,-7.6,-9.6,-2.05,9659.0,112306.0,70000,88000
2026-09-06T04:02:53+00:00,OVERROUND,False,Ethereum price on September 6?,2026-09-06,9,1.022,1.071,0.973,-7.1,-9.1,-2.33,4059.0,64770.0,2000,2900
2026-09-06T04:14:37+00:00,OVERROUND,False,Solana price on September 10?,2026-09-10,9,4.475,8.86,0.09,-786.0,-788.0,-12.01,0.0,2.0,110,150
2026-09-06T04:14:37+00:00,OVERROUND,False,Solana price on September 8?,2026-09-08,9,4.4195,8.772,0.067,-777.2,-779.2,-12.24,1.0,36.0,110,150
2026-09-06T04:14:37+00:00,OVERROUND,False,Solana price on September 11?,2026-09-11,9,4.2915,8.492,0.09,-749.2,-751.2,-12.01,1.0,149.0,110,150
2026-09-06T04:14:37+00:00,OVERROUND,False,Bitcoin price on September 10?,2026-09-10,9,3.675,7.15,0.2,-615.0,-617.0,-10.91,0.0,191.0,72000,90000
2026-09-06T04:14:37+00:00,OVERROUND,False,Solana price on September 9?,2026-09-09,9,3.3525,6.533,0.172,-553.3,-555.3,-11.19,16.0,501.0,110,140
2026-09-06T04:14:37+00:00,OVERROUND,False,Solana price on September 7?,2026-09-07,9,2.179,3.991,0.367,-299.1,-301.1,-9.19,82.0,1733.0,110,150
2026-09-06T04:14:37+00:00,OVERROUND,False,Ethereum price on September 10?,2026-09-10,9,2.35,3.96,0.74,-296.0,-298.0,-5.08,0.0,576.0,2100,3000
2026-09-06T04:14:37+00:00,OVERROUND,False,Solana price on September 6?,2026-09-06,9,1.1565,2.042,0.271,-104.2,-106.2,-10.18,129.0,11836.0,110,150
2026-09-06T04:14:37+00:00,OVERROUND,False,Ethereum price on September 11?,2026-09-11,9,1.0365,1.315,0.758,-31.5,-33.5,-4.88,2959.0,27490.0,2000,2900
2026-09-06T04:14:37+00:00,OVERROUND,False,Ethereum price on September 8?,2026-09-08,9,1.056,1.218,0.894,-21.8,-23.8,-3.28,2823.0,33449.0,2000,2900
2026-09-06T04:14:37+00:00,OVERROUND,False,Ethereum price on September 9?,2026-09-09,9,1.035,1.204,0.866,-20.4,-22.4,-3.61,3151.0,29338.0,1900,2800
2026-09-06T04:14:37+00:00,OVERROUND,False,Ethereum price on September 7?,2026-09-07,9,1.0365,1.114,0.959,-11.4,-13.4,-2.5,3941.0,60546.0,2000,2900
2026-09-06T04:14:37+00:00,OVERROUND,False,Bitcoin price on September 6?,2026-09-06,9,1.028,1.062,0.994,-6.2,-8.2,-2.07,8795.0,110619.0,70000,88000
2026-09-06T04:26:04+00:00,OVERROUND,False,Solana price on September 10?,2026-09-10,9,4.48,8.87,0.09,-787.0,-789.0,-12.01,0.0,2.0,110,150
2026-09-06T04:26:04+00:00,OVERROUND,False,Bitcoin price on September 10?,2026-09-10,9,4.465,8.85,0.08,-785.0,-787.0,-12.11,0.0,2.0,72000,90000
2026-09-06T04:26:04+00:00,OVERROUND,False,Ethereum price on September 10?,2026-09-10,9,4.47,8.85,0.09,-785.0,-787.0,-12.01,0.0,3.0,2100,3000
2026-09-06T04:26:04+00:00,OVERROUND,False,Solana price on September 8?,2026-09-08,9,4.4215,8.774,0.069,-777.4,-779.4,-12.22,2.0,40.0,110,150
2026-09-06T04:26:04+00:00,OVERROUND,False,Solana price on September 11?,2026-09-11,9,4.2855,8.481,0.09,-748.1,-750.1,-12.01,1.0,151.0,110,150
2026-09-06T04:26:04+00:00,OVERROUND,False,Solana price on September 9?,2026-09-09,9,3.41,6.648,0.172,-564.8,-566.8,-11.19,19.0,420.0,110,140
2026-09-06T04:26:04+00:00,OVERROUND,False,Solana price on September 7?,2026-09-07,9,2.36,4.592,0.128,-359.2,-361.2,-11.63,19.0,1231.0,110,150
2026-09-06T04:26:04+00:00,OVERROUND,False,Solana price on September 6?,2026-09-06,9,1.2445,2.407,0.082,-140.7,-142.7,-12.09,53.0,11400.0,110,150
2026-09-06T04:26:04+00:00,OVERROUND,False,Ethereum price on September 11?,2026-09-11,9,1.0495,1.311,0.788,-31.1,-33.1,-4.53,2959.0,27679.0,2000,2900
2026-09-06T04:26:04+00:00,OVERROUND,False,Ethereum price on September 8?,2026-09-08,9,1.063,1.243,0.883,-24.3,-26.3,-3.41,2752.0,32785.0,2000,2900
2026-09-06T04:26:04+00:00,OVERROUND,False,Ethereum price on September 9?,2026-09-09,9,1.0355,1.204,0.867,-20.4,-22.4,-3.6,3084.0,28886.0,1900,2800
2026-09-06T04:26:04+00:00,OVERROUND,False,Ethereum price on September 7?,2026-09-07,9,1.0715,1.183,0.96,-18.3,-20.3,-2.49,3554.0,56863.0,2000,2900
2026-09-06T04:26:04+00:00,OVERROUND,False,Ethereum price on September 6?,2026-09-06,9,1.022,1.061,0.983,-6.1,-8.1,-2.21,4141.0,65454.0,2000,2900
2026-09-06T04:37:45+00:00,OVERROUND,False,Solana price on September 10?,2026-09-10,9,4.475,8.86,0.09,-786.0,-788.0,-12.01,0.0,2.0,110,150
2026-09-06T04:37:45+00:00,OVERROUND,False,Solana price on September 8?,2026-09-08,9,4.427,8.783,0.071,-778.3,-780.3,-12.2,2.0,38.0,110,150
2026-09-06T04:37:45+00:00,OVERROUND,False,Solana price on September 11?,2026-09-11,9,4.284,8.478,0.09,-747.8,-749.8,-12.01,2.0,153.0,110,150
2026-09-06T04:37:45+00:00,OVERROUND,False,Bitcoin price on September 10?,2026-09-10,9,3.815,7.34,0.29,-634.0,-636.0,-9.99,0.0,179.0,72000,90000
2026-09-06T04:37:45+00:00,OVERROUND,False,Solana price on September 9?,2026-09-09,9,3.442,6.712,0.172,-571.2,-573.2,-11.19,21.0,453.0,110,140
2026-09-06T04:37:45+00:00,OVERROUND,False,Ethereum price on September 10?,2026-09-10,9,2.7125,5.235,0.19,-423.5,-425.5,-11.01,0.0,387.0,2100,3000
2026-09-06T04:37:45+00:00,OVERROUND,False,Solana price on September 7?,2026-09-07,9,2.2875,4.447,0.128,-344.7,-346.7,-11.63,33.0,1383.0,110,150
2026-09-06T04:37:45+00:00,OVERROUND,False,Solana price on September 6?,2026-09-06,9,1.171,2.209,0.133,-120.9,-122.9,-11.58,69.0,11219.0,110,150
2026-09-06T04:37:45+00:00,OVERROUND,False,Bitcoin price on September 11?,2026-09-11,9,1.0245,1.307,0.742,-30.7,-32.7,-5.06,5071.0,46702.0,70000,88000
2026-09-06T04:37:45+00:00,OVERROUND,False,Ethereum price on September 11?,2026-09-11,9,1.041,1.284,0.798,-28.4,-30.4,-4.41,2623.0,26674.0,2000,2900
2026-09-06T04:37:45+00:00,OVERROUND,False,Ethereum price on September 9?,2026-09-09,9,1.044,1.213,0.875,-21.3,-23.3,-3.51,3179.0,29430.0,1900,2800
2026-09-06T04:37:45+00:00,OVERROUND,False,Ethereum price on September 8?,2026-09-08,9,1.0515,1.182,0.921,-18.2,-20.2,-2.96,2826.0,33492.0,2000,2900
2026-09-06T04:37:45+00:00,OVERROUND,False,Ethereum price on September 7?,2026-09-07,9,1.039,1.116,0.962,-11.6,-13.6,-2.46,3434.0,59002.0,2000,2900
2026-09-06T04:51:33+00:00,OVERROUND,False,Solana price on September 10?,2026-09-10,9,4.475,8.86,0.09,-786.0,-788.0,-12.01,0.0,2.0,110,150
2026-09-06T04:51:33+00:00,OVERROUND,False,Solana price on September 8?,2026-09-08,9,4.4165,8.762,0.071,-776.2,-778.2,-12.2,2.0,44.0,110,150
2026-09-06T04:51:33+00:00,OVERROUND,False,Solana price on September 11?,2026-09-11,9,4.2835,8.477,0.09,-747.7,-749.7,-12.01,2.0,153.0,110,150
2026-09-06T04:51:33+00:00,OVERROUND,False,Bitcoin price on September 10?,2026-09-10,9,3.815,7.34,0.29,-634.0,-636.0,-9.99,0.0,179.0,72000,90000
2026-09-06T04:51:33+00:00,OVERROUND,False,Solana price on September 9?,2026-09-09,9,3.5195,6.867,0.172,-586.7,-588.7,-11.19,14.0,384.0,110,140
2026-09-06T04:51:33+00:00,OVERROUND,False,Ethereum price on September 10?,2026-09-10,9,2.7125,5.235,0.19,-423.5,-425.5,-11.01,0.0,385.0,2100,3000
2026-09-06T04:51:33+00:00,OVERROUND,False,Solana price on September 7?,2026-09-07,9,2.278,4.418,0.138,-341.8,-343.8,-11.53,35.0,1231.0,110,150
2026-09-06T04:51:33+00:00,OVERROUND,False,Ethereum price on September 11?,2026-09-11,9,1.043,1.298,0.788,-29.8,-31.8,-4.53,2618.0,26120.0,2000,2900
2026-09-06T04:51:33+00:00,OVERROUND,False,Ethereum price on September 8?,2026-09-08,9,1.0615,1.22,0.903,-22.0,-24.0,-3.17,3002.0,33799.0,2000,2900
2026-09-06T04:51:33+00:00,OVERROUND,False,Ethereum price on September 9?,2026-09-09,9,1.0455,1.218,0.873,-21.8,-23.8,-3.53,3123.0,28708.0,1900,2800
2026-09-06T04:51:33+00:00,OVERROUND,False,Ethereum price on September 7?,2026-09-07,9,1.037,1.121,0.953,-12.1,-14.1,-2.57,2918.0,52571.0,2000,2900
2026-09-06T05:03:03+00:00,OVERROUND,False,Solana price on September 10?,2026-09-10,9,4.48,8.87,0.09,-787.0,-789.0,-12.01,0.0,2.0,110,150
2026-09-06T05:03:03+00:00,OVERROUND,False,Solana price on September 8?,2026-09-08,9,4.419,8.767,0.071,-776.7,-778.7,-12.2,3.0,43.0,110,150
2026-09-06T05:03:03+00:00,OVERROUND,False,Solana price on September 11?,2026-09-11,9,4.2785,8.467,0.09,-746.7,-748.7,-12.01,2.0,154.0,110,150
2026-09-06T05:03:03+00:00,OVERROUND,False,Bitcoin price on September 10?,2026-09-10,9,3.865,7.34,0.39,-634.0,-636.0,-8.94,0.0,191.0,72000,90000
2026-09-06T05:03:03+00:00,OVERROUND,False,Solana price on September 9?,2026-09-09,9,3.5375,6.903,0.172,-590.3,-592.3,-11.19,20.0,390.0,110,140
2026-09-06T05:03:03+00:00,OVERROUND,False,Ethereum price on September 10?,2026-09-10,9,2.713,5.236,0.19,-423.6,-425.6,-11.01,0.0,385.0,2100,3000
2026-09-06T05:03:03+00:00,OVERROUND,False,Solana price on September 7?,2026-09-07,9,2.236,4.324,0.148,-332.4,-334.4,-11.43,35.0,1303.0,110,150
2026-09-06T05:03:03+00:00,OVERROUND,False,Solana price on September 6?,2026-09-06,9,1.125,2.103,0.147,-110.3,-112.3,-11.44,64.0,11038.0,110,150
2026-09-06T05:03:03+00:00,OVERROUND,False,Ethereum price on September 11?,2026-09-11,9,1.0415,1.275,0.808,-27.5,-29.5,-4.3,2674.0,26604.0,2000,2900
2026-09-06T05:03:03+00:00,OVERROUND,False,Ethereum price on September 8?,2026-09-08,9,1.06,1.226,0.894,-22.6,-24.6,-3.28,2970.0,33346.0,2000,2900
2026-09-06T05:03:03+00:00,OVERROUND,False,Ethereum price on September 9?,2026-09-09,9,1.04,1.203,0.877,-20.3,-22.3,-3.48,3126.0,28729.0,1900,2800
2026-09-06T05:03:03+00:00,OVERROUND,False,Ethereum price on September 7?,2026-09-07,9,1.028,1.104,0.952,-10.4,-12.4,-2.58,3467.0,58063.0,2000,2900
2026-09-06T05:03:03+00:00,OVERROUND,False,Bitcoin price on September 7?,2026-09-07,9,1.0235,1.084,0.963,-8.4,-10.4,-2.45,6884.0,92348.0,70000,88000
2026-09-06T05:03:03+00:00,OVERROUND,False,Bitcoin price on September 6?,2026-09-06,9,1.0205,1.048,0.993,-4.8,-6.8,-2.09,8403.0,109867.0,70000,88000
2026-09-06T05:14:38+00:00,OVERROUND,False,Solana price on September 10?,2026-09-10,9,4.47,8.85,0.09,-785.0,-787.0,-12.01,0.0,2.0,110,150
2026-09-06T05:14:38+00:00,OVERROUND,False,Solana price on September 8?,2026-09-08,9,4.407,8.752,0.062,-775.2,-777.2,-12.28,3.0,41.0,110,150
2026-09-06T05:14:38+00:00,OVERROUND,False,Bitcoin price on September 10?,2026-09-10,9,3.855,7.33,0.38,-633.0,-635.0,-9.05,0.0,191.0,72000,90000
2026-09-06T05:14:38+00:00,OVERROUND,False,Ethereum price on September 10?,2026-09-10,9,2.7225,5.245,0.2,-424.5,-426.5,-10.91,0.0,385.0,2100,3000
2026-09-06T05:14:38+00:00,OVERROUND,False,Solana price on September 7?,2026-09-07,9,2.2705,4.401,0.14,-340.1,-342.1,-11.51,40.0,1318.0,110,150
2026-09-06T05:14:38+00:00,OVERROUND,False,Solana price on September 6?,2026-09-06,9,1.025,1.847,0.203,-84.7,-86.7,-10.88,59.0,11191.0,110,150
2026-09-06T05:14:38+00:00,OVERROUND,False,Ethereum price on September 11?,2026-09-11,9,1.0525,1.332,0.773,-33.2,-35.2,-4.7,2923.0,27083.0,2000,2900
2026-09-06T05:14:38+00:00,OVERROUND,False,Solana price on September 11?,2026-09-11,9,1.11,1.29,0.93,-29.0,-31.0,-2.85,847.0,7939.0,110,150
2026-09-06T05:14:38+00:00,OVERROUND,False,Solana price on September 9?,2026-09-09,9,1.103,1.28,0.926,-28.0,-30.0,-2.9,43.0,7305.0,110,140
2026-09-06T05:14:38+00:00,OVERROUND,False,Ethereum price on September 9?,2026-09-09,9,1.0495,1.224,0.875,-22.4,-24.4,-3.51,3123.0,28619.0,1900,2800
2026-09-06T05:14:38+00:00,OVERROUND,False,Ethereum price on September 8?,2026-09-08,9,1.054,1.211,0.897,-21.1,-23.1,-3.25,2734.0,33126.0,2000,2900
2026-09-06T05:14:38+00:00,OVERROUND,False,Ethereum price on September 7?,2026-09-07,9,1.0415,1.116,0.967,-11.6,-13.6,-2.4,3425.0,56100.0,2000,2900
2026-09-06T05:14:38+00:00,OVERROUND,False,Ethereum price on September 6?,2026-09-06,9,1.028,1.067,0.989,-6.7,-8.7,-2.13,3317.0,59294.0,2000,2900
2026-09-06T05:14:38+00:00,OVERROUND,False,Bitcoin price on September 6?,2026-09-06,9,1.0265,1.05,1.003,-5.0,-7.0,-1.96,8433.0,109791.0,70000,88000
2026-09-06T05:26:26+00:00,OVERROUND,False,Solana price on September 10?,2026-09-10,9,4.47,8.85,0.09,-785.0,-787.0,-12.01,0.0,2.0,110,150
2026-09-06T05:26:26+00:00,OVERROUND,False,Solana price on September 8?,2026-09-08,9,4.4075,8.753,0.062,-775.3,-777.3,-12.28,4.0,44.0,110,150
2026-09-06T05:26:26+00:00,OVERROUND,False,Bitcoin price on September 10?,2026-09-10,9,3.855,7.33,0.38,-633.0,-635.0,-9.05,0.0,191.0,72000,90000
2026-09-06T05:26:26+00:00,OVERROUND,False,Ethereum price on September 10?,2026-09-10,9,2.7025,5.225,0.18,-422.5,-424.5,-11.11,0.0,385.0,2100,3000
2026-09-06T05:26:26+00:00,OVERROUND,False,Solana price on September 7?,2026-09-07,9,2.213,4.276,0.15,-327.6,-329.6,-11.41,32.0,1294.0,110,150
2026-09-06T05:26:26+00:00,OVERROUND,False,Ethereum price on September 11?,2026-09-11,9,1.055,1.339,0.771,-33.9,-35.9,-4.73,2624.0,26303.0,2000,2900
2026-09-06T05:26:26+00:00,OVERROUND,False,Solana price on September 11?,2026-09-11,9,1.11,1.3,0.92,-30.0,-32.0,-2.97,838.0,7920.0,110,150
2026-09-06T05:26:26+00:00,OVERROUND,False,Solana price on September 9?,2026-09-09,9,1.103,1.28,0.926,-28.0,-30.0,-2.9,854.0,8229.0,110,140
2026-09-06T05:26:26+00:00,OVERROUND,False,Ethereum price on September 9?,2026-09-09,9,1.048,1.226,0.87,-22.6,-24.6,-3.57,2750.0,27785.0,1900,2800
2026-09-06T05:26:26+00:00,OVERROUND,False,Ethereum price on September 8?,2026-09-08,9,1.055,1.222,0.888,-22.2,-24.2,-3.35,2993.0,33314.0,2000,2900
2026-09-06T05:26:26+00:00,OVERROUND,False,Ethereum price on September 7?,2026-09-07,9,1.043,1.127,0.959,-12.7,-14.7,-2.5,3116.0,57748.0,2000,2900
2026-09-06T05:26:26+00:00,OVERROUND,False,Bitcoin price on September 7?,2026-09-07,9,1.022,1.076,0.968,-7.6,-9.6,-2.39,6608.0,92728.0,70000,88000
2026-09-06T05:38:19+00:00,OVERROUND,False,Solana price on September 10?,2026-09-10,9,4.475,8.86,0.09,-786.0,-788.0,-12.01,0.0,2.0,110,150
2026-09-06T05:38:19+00:00,OVERROUND,False,Ethereum price on September 10?,2026-09-10,9,4.474,8.858,0.09,-785.8,-787.8,-12.01,0.0,3.0,2100,3000
2026-09-06T05:38:19+00:00,OVERROUND,False,Solana price on September 8?,2026-09-08,9,4.425,8.777,0.073,-777.7,-779.7,-12.18,4.0,65.0,110,150
2026-09-06T05:38:19+00:00,OVERROUND,False,Bitcoin price on September 10?,2026-09-10,9,4.225,8.15,0.3,-715.0,-717.0,-9.89,0.0,97.0,72000,90000
2026-09-06T05:38:19+00:00,OVERROUND,False,Solana price on September 7?,2026-09-07,9,2.1795,4.198,0.161,-319.8,-321.8,-11.3,29.0,1428.0,110,150
2026-09-06T05:38:19+00:00,OVERROUND,False,Ethereum price on September 11?,2026-09-11,9,1.0455,1.318,0.773,-31.8,-33.8,-4.7,2921.0,27131.0,2000,2900
2026-09-06T05:38:19+00:00,OVERROUND,False,Solana price on September 11?,2026-09-11,9,1.094,1.278,0.91,-27.8,-29.8,-3.09,838.0,7933.0,110,150
2026-09-06T05:38:19+00:00,OVERROUND,False,Solana price on September 9?,2026-09-09,9,1.093,1.27,0.916,-27.0,-29.0,-3.02,40.0,7297.0,110,140
2026-09-06T05:38:19+00:00,OVERROUND,False,Ethereum price on September 9?,2026-09-09,9,1.0485,1.219,0.878,-21.9,-23.9,-3.47,3109.0,28583.0,1900,2800
2026-09-06T05:38:19+00:00,OVERROUND,False,Ethereum price on September 8?,2026-09-08,9,1.054,1.213,0.895,-21.3,-23.3,-3.27,2798.0,32239.0,2000,2900
2026-09-06T05:38:19+00:00,OVERROUND,False,Ethereum price on September 7?,2026-09-07,9,1.037,1.111,0.963,-11.1,-13.1,-2.45,3413.0,58196.0,2000,2900
2026-09-06T05:51:45+00:00,OVERROUND,False,Solana price on September 10?,2026-09-10,9,4.48,8.87,0.09,-787.0,-789.0,-12.01,0.0,2.0,110,150
2026-09-06T05:51:45+00:00,OVERROUND,False,Solana price on September 8?,2026-09-08,9,4.4135,8.764,0.063,-776.4,-778.4,-12.27,3.0,39.0,110,150
2026-09-06T05:51:45+00:00,OVERROUND,False,Bitcoin price on September 10?,2026-09-10,9,4.22,8.15,0.29,-715.0,-717.0,-9.99,0.0,96.0,72000,90000
2026-09-06T05:51:45+00:00,OVERROUND,False,Solana price on September 7?,2026-09-07,9,2.324,4.477,0.171,-347.7,-349.7,-11.2,23.0,1191.0,110,150
2026-09-06T05:51:45+00:00,OVERROUND,False,Ethereum price on September 10?,2026-09-10,9,2.3495,3.959,0.74,-295.9,-297.9,-5.08,0.0,575.0,2100,3000
2026-09-06T05:51:45+00:00,OVERROUND,False,Ethereum price on September 11?,2026-09-11,9,1.0495,1.314,0.785,-31.4,-33.4,-4.56,2585.0,26456.0,2000,2900
2026-09-06T05:51:45+00:00,OVERROUND,False,Solana price on September 11?,2026-09-11,9,1.1045,1.285,0.924,-28.5,-30.5,-2.92,847.0,7939.0,110,150
2026-09-06T05:51:45+00:00,OVERROUND,False,Solana price on September 9?,2026-09-09,9,1.104,1.262,0.946,-26.2,-28.2,-2.66,40.0,7328.0,110,140
2026-09-06T05:51:45+00:00,OVERROUND,False,Ethereum price on September 8?,2026-09-08,9,1.0485,1.223,0.874,-22.3,-24.3,-3.52,2791.0,33215.0,2000,2900
2026-09-06T05:51:45+00:00,OVERROUND,False,Ethereum price on September 9?,2026-09-09,9,1.0435,1.221,0.866,-22.1,-24.1,-3.61,3124.0,28682.0,1900,2800
2026-09-06T05:51:45+00:00,OVERROUND,False,Ethereum price on September 7?,2026-09-07,9,1.061,1.15,0.972,-15.0,-17.0,-2.34,3451.0,56994.0,2000,2900
2026-09-06T05:51:45+00:00,OVERROUND,False,Ethereum price on September 6?,2026-09-06,9,1.036,1.1,0.972,-10.0,-12.0,-2.34,3631.0,57389.0,2000,2900
2026-09-06T05:51:45+00:00,OVERROUND,False,Bitcoin price on September 7?,2026-09-07,9,1.025,1.086,0.964,-8.6,-10.6,-2.44,6263.0,87605.0,70000,88000
2026-09-06T06:03:17+00:00,OVERROUND,False,Solana price on September 10?,2026-09-10,9,4.48,8.87,0.09,-787.0,-789.0,-12.01,0.0,2.0,110,150
2026-09-06T06:03:17+00:00,OVERROUND,False,Solana price on September 8?,2026-09-08,9,4.4315,8.8,0.063,-780.0,-782.0,-12.27,1.0,40.0,110,150
2026-09-06T06:03:17+00:00,OVERROUND,False,Bitcoin price on September 10?,2026-09-10,9,4.22,8.15,0.29,-715.0,-717.0,-9.99,0.0,96.0,72000,90000
2026-09-06T06:03:17+00:00,OVERROUND,False,Solana price on September 7?,2026-09-07,9,2.29,4.409,0.171,-340.9,-342.9,-11.2,46.0,1297.0,110,150
2026-09-06T06:03:17+00:00,OVERROUND,False,Ethereum price on September 10?,2026-09-10,9,2.3495,3.959,0.74,-295.9,-297.9,-5.08,0.0,573.0,2100,3000
2026-09-06T06:03:17+00:00,OVERROUND,False,Solana price on September 6?,2026-09-06,9,1.073,1.986,0.16,-98.6,-100.6,-11.31,70.0,11237.0,110,150
2026-09-06T06:03:17+00:00,OVERROUND,False,Ethereum price on September 11?,2026-09-11,9,1.0485,1.312,0.785,-31.2,-33.2,-4.56,2947.0,27170.0,2000,2900
2026-09-06T06:03:17+00:00,OVERROUND,False,Solana price on September 11?,2026-09-11,9,1.105,1.275,0.935,-27.5,-29.5,-2.79,857.0,7959.0,110,150
2026-09-06T06:03:17+00:00,OVERROUND,False,Solana price on September 9?,2026-09-09,9,1.099,1.252,0.946,-25.2,-27.2,-2.66,874.0,8198.0,110,140
2026-09-06T06:03:17+00:00,OVERROUND,False,Ethereum price on September 9?,2026-09-09,9,1.042,1.218,0.866,-21.8,-23.8,-3.61,2731.0,28018.0,1900,2800
2026-09-06T06:03:17+00:00,OVERROUND,False,Ethereum price on September 8?,2026-09-08,9,1.0515,1.216,0.887,-21.6,-23.6,-3.36,2736.0,32090.0,2000,2900
2026-09-06T06:03:17+00:00,OVERROUND,False,Ethereum price on September 7?,2026-09-07,9,1.062,1.144,0.98,-14.4,-16.4,-2.24,3525.0,58392.0,2000,2900
2026-09-06T06:14:49+00:00,OVERROUND,False,Solana price on September 10?,2026-09-10,9,4.48,8.87,0.09,-787.0,-789.0,-12.01,0.0,2.0,110,150
2026-09-06T06:14:49+00:00,OVERROUND,False,Ethereum price on September 10?,2026-09-10,9,1.929,3.018,0.84,-201.8,-203.8,-3.92,0.0,1138.0,2100,3000
2026-09-06T06:14:49+00:00,OVERROUND,False,Bitcoin price on September 10?,2026-09-10,9,1.72,2.61,0.83,-161.0,-163.0,-4.04,222.0,6108.0,72000,90000
2026-09-06T06:14:49+00:00,OVERROUND,False,Solana price on September 11?,2026-09-11,9,1.0985,1.287,0.91,-28.7,-30.7,-3.09,847.0,7926.0,110,150
2026-09-06T06:14:49+00:00,OVERROUND,False,Solana price on September 8?,2026-09-08,9,1.1,1.282,0.918,-28.2,-30.2,-2.99,849.0,7871.0,110,150
2026-09-06T06:14:49+00:00,OVERROUND,False,Ethereum price on September 11?,2026-09-11,9,1.048,1.261,0.835,-26.1,-28.1,-3.98,3044.0,28252.0,2000,2900
2026-09-06T06:14:49+00:00,OVERROUND,False,Solana price on September 9?,2026-09-09,9,1.084,1.252,0.916,-25.2,-27.2,-3.02,868.0,8183.0,110,140
2026-09-06T06:14:49+00:00,OVERROUND,False,Solana price on September 7?,2026-09-07,9,1.083,1.216,0.95,-21.6,-23.6,-2.61,543.0,9249.0,110,150
2026-09-06T06:14:49+00:00,OVERROUND,False,Ethereum price on September 8?,2026-09-08,9,1.057,1.192,0.922,-19.2,-21.2,-2.95,2803.0,33196.0,2000,2900
2026-09-06T06:14:49+00:00,OVERROUND,False,Ethereum price on September 9?,2026-09-09,9,1.033,1.18,0.886,-18.0,-20.0,-3.38,2750.0,28695.0,1900,2800
2026-09-06T06:14:49+00:00,OVERROUND,False,Ethereum price on September 7?,2026-09-07,9,1.0645,1.134,0.995,-13.4,-15.4,-2.06,3423.0,55148.0,2000,2900
2026-09-06T06:14:49+00:00,OVERROUND,False,Ethereum price on September 6?,2026-09-06,9,1.025,1.063,0.987,-6.3,-8.3,-2.16,3456.0,60923.0,2000,2900
2026-09-06T06:26:54+00:00,OVERROUND,False,Solana price on September 10?,2026-09-10,9,4.48,8.87,0.09,-787.0,-789.0,-12.01,0.0,9.0,110,150
2026-09-06T06:26:54+00:00,OVERROUND,False,Solana price on September 8?,2026-09-08,9,4.419,8.78,0.058,-778.0,-780.0,-12.32,3.0,48.0,110,150
2026-09-06T06:26:54+00:00,OVERROUND,False,Solana price on September 11?,2026-09-11,9,4.2975,8.505,0.09,-750.5,-752.5,-12.01,2.0,147.0,110,150
2026-09-06T06:26:54+00:00,OVERROUND,False,Solana price on September 9?,2026-09-09,9,3.513,6.87,0.156,-587.0,-589.0,-11.35,4.0,276.0,110,140
2026-09-06T06:26:54+00:00,OVERROUND,False,Ethereum price on September 10?,2026-09-10,9,1.934,3.028,0.84,-202.8,-204.8,-3.92,3.0,1199.0,2100,3000
2026-09-06T06:26:54+00:00,OVERROUND,False,Solana price on September 6?,2026-09-06,9,1.049,2.011,0.087,-101.1,-103.1,-12.04,73.0,11060.0,110,150
2026-09-06T06:26:54+00:00,OVERROUND,False,Bitcoin price on September 10?,2026-09-10,9,1.4,1.98,0.82,-98.0,-100.0,-4.16,398.0,6802.0,72000,90000
2026-09-06T06:26:54+00:00,OVERROUND,False,Solana price on September 7?,2026-09-07,9,1.0685,1.347,0.79,-34.7,-36.7,-4.51,91.0,1948.0,110,150
2026-09-06T06:26:54+00:00,OVERROUND,False,Ethereum price on September 11?,2026-09-11,9,1.0395,1.261,0.818,-26.1,-28.1,-4.18,3042.0,28104.0,2000,2900
2026-09-06T06:26:54+00:00,OVERROUND,False,Ethereum price on September 8?,2026-09-08,9,1.0505,1.194,0.907,-19.4,-21.4,-3.13,1324.0,31547.0,2000,2900
2026-09-06T06:26:54+00:00,OVERROUND,False,Ethereum price on September 9?,2026-09-09,9,1.028,1.18,0.876,-18.0,-20.0,-3.5,3108.0,28968.0,1900,2800
2026-09-06T06:26:54+00:00,OVERROUND,False,Ethereum price on September 7?,2026-09-07,9,1.071,1.135,1.007,-13.5,-15.5,-1.91,3140.0,54158.0,2000,2900
2026-09-06T06:38:33+00:00,OVERROUND,False,Solana price on September 10?,2026-09-10,9,4.475,8.86,0.09,-786.0,-788.0,-12.01,0.0,6.0,110,150
2026-09-06T06:38:33+00:00,OVERROUND,False,Solana price on September 8?,2026-09-08,9,4.4205,8.78,0.061,-778.0,-780.0,-12.29,3.0,40.0,110,150
2026-09-06T06:38:33+00:00,OVERROUND,False,Solana price on September 11?,2026-09-11,9,3.6185,6.507,0.73,-550.7,-552.7,-5.2,3.0,2706.0,110,150
2026-09-06T06:38:33+00:00,OVERROUND,False,Solana price on September 9?,2026-09-09,9,3.074,5.992,0.156,-499.2,-501.2,-11.35,5.0,1177.0,110,140
2026-09-06T06:38:33+00:00,OVERROUND,False,Solana price on September 7?,2026-09-07,9,2.2845,3.759,0.81,-275.9,-277.9,-4.27,21.0,1154.0,110,150
2026-09-06T06:38:33+00:00,OVERROUND,False,Ethereum price on September 10?,2026-09-10,9,1.9135,2.987,0.84,-198.7,-200.7,-3.92,2.0,1277.0,2100,3000
2026-09-06T06:38:33+00:00,OVERROUND,False,Bitcoin price on September 10?,2026-09-10,9,1.555,2.29,0.82,-129.0,-131.0,-4.16,112.0,6262.0,72000,90000
2026-09-06T06:38:33+00:00,OVERROUND,False,Solana price on September 6?,2026-09-06,9,1.1485,2.17,0.127,-117.0,-119.0,-11.64,70.0,11317.0,110,150
2026-09-06T06:38:33+00:00,OVERROUND,False,Ethereum price on September 11?,2026-09-11,9,1.0345,1.229,0.84,-22.9,-24.9,-3.92,2792.0,27138.0,2000,2900
2026-09-06T06:38:33+00:00,OVERROUND,False,Ethereum price on September 8?,2026-09-08,9,1.042,1.174,0.91,-17.4,-19.4,-3.09,2785.0,32593.0,2000,2900
2026-09-06T06:38:33+00:00,OVERROUND,False,Ethereum price on September 7?,2026-09-07,9,1.056,1.129,0.983,-12.9,-14.9,-2.21,2887.0,55994.0,2000,2900
2026-09-06T06:38:33+00:00,OVERROUND,False,Ethereum price on September 6?,2026-09-06,9,1.029,1.064,0.994,-6.4,-8.4,-2.07,3477.0,60849.0,2000,2900
2026-09-06T06:51:23+00:00,OVERROUND,False,Solana price on September 10?,2026-09-10,9,4.48,8.87,0.09,-787.0,-789.0,-12.01,0.0,7.0,110,150
2026-09-06T06:51:23+00:00,OVERROUND,False,Solana price on September 8?,2026-09-08,9,4.413,8.763,0.063,-776.3,-778.3,-12.27,4.0,45.0,110,150
2026-09-06T06:51:23+00:00,OVERROUND,False,Solana price on September 11?,2026-09-11,9,4.403,8.716,0.09,-771.6,-773.6,-12.01,2.0,49.0,110,150
2026-09-06T06:51:23+00:00,OVERROUND,False,Bitcoin price on September 10?,2026-09-10,9,3.465,6.84,0.09,-584.0,-586.0,-12.01,2.0,350.0,72000,90000
2026-09-06T06:51:23+00:00,OVERROUND,False,Solana price on September 9?,2026-09-09,9,3.468,6.78,0.156,-578.0,-580.0,-11.35,8.0,322.0,110,140
2026-09-06T06:51:23+00:00,OVERROUND,False,Ethereum price on September 10?,2026-09-10,9,2.4255,4.031,0.82,-303.1,-305.1,-4.16,2.0,600.0,2100,3000
2026-09-06T06:51:23+00:00,OVERROUND,False,Solana price on September 7?,2026-09-07,9,1.926,3.771,0.081,-277.1,-279.1,-12.1,16.0,1168.0,110,150
2026-09-06T06:51:23+00:00,OVERROUND,False,Ethereum price on September 11?,2026-09-11,9,1.0445,1.248,0.841,-24.8,-26.8,-3.91,2609.0,26805.0,2000,2900
2026-09-06T06:51:23+00:00,OVERROUND,False,Ethereum price on September 9?,2026-09-09,9,1.04,1.209,0.871,-20.9,-22.9,-3.56,3108.0,28706.0,1900,2800
2026-09-06T06:51:23+00:00,OVERROUND,False,Ethereum price on September 8?,2026-09-08,9,1.0495,1.188,0.911,-18.8,-20.8,-3.08,3004.0,33633.0,2000,2900
2026-09-06T06:51:23+00:00,OVERROUND,False,Ethereum price on September 7?,2026-09-07,9,1.037,1.12,0.954,-12.0,-14.0,-2.56,2892.0,55801.0,2000,2900
2026-09-06T07:03:30+00:00,OVERROUND,False,Solana price on September 10?,2026-09-10,9,4.48,8.87,0.09,-787.0,-789.0,-12.01,0.0,7.0,110,150
2026-09-06T07:03:30+00:00,OVERROUND,False,Solana price on September 11?,2026-09-11,9,4.4455,8.801,0.09,-780.1,-782.1,-12.01,3.0,53.0,110,150
2026-09-06T07:03:30+00:00,OVERROUND,False,Solana price on September 8?,2026-09-08,9,4.411,8.759,0.063,-775.9,-777.9,-12.27,4.0,51.0,110,150
2026-09-06T07:03:30+00:00,OVERROUND,False,Solana price on September 9?,2026-09-09,9,3.55,6.944,0.156,-594.4,-596.4,-11.35,5.0,291.0,110,140
2026-09-06T07:03:30+00:00,OVERROUND,False,Bitcoin price on September 10?,2026-09-10,9,2.44,4.5,0.38,-350.0,-352.0,-9.05,167.0,4728.0,72000,90000
2026-09-06T07:03:30+00:00,OVERROUND,False,Ethereum price on September 10?,2026-09-10,9,2.4205,3.981,0.86,-298.1,-300.1,-3.69,2.0,1131.0,2100,3000
2026-09-06T07:03:30+00:00,OVERROUND,False,Solana price on September 7?,2026-09-07,9,1.8395,3.598,0.081,-259.8,-261.8,-12.1,15.0,1335.0,110,150
2026-09-06T07:03:30+00:00,OVERROUND,False,Solana price on September 6?,2026-09-06,9,1.138,2.177,0.099,-117.7,-119.7,-11.92,60.0,11253.0,110,150
2026-09-06T07:03:30+00:00,OVERROUND,False,Ethereum price on September 8?,2026-09-08,9,1.0605,1.203,0.918,-20.3,-22.3,-2.99,2796.0,32991.0,2000,2900
2026-09-06T07:03:30+00:00,OVERROUND,False,Ethereum price on September 9?,2026-09-09,9,1.022,1.162,0.882,-16.2,-18.2,-3.42,2749.0,28269.0,1900,2800
2026-09-06T07:03:30+00:00,OVERROUND,False,Ethereum price on September 7?,2026-09-07,9,1.057,1.135,0.979,-13.5,-15.5,-2.26,3425.0,56218.0,2000,2900
2026-09-06T07:15:55+00:00,OVERROUND,False,Solana price on September 10?,2026-09-10,9,4.485,8.88,0.09,-788.0,-790.0,-12.01,0.0,7.0,110,150
2026-09-06T07:15:55+00:00,OVERROUND,False,Solana price on September 11?,2026-09-11,9,4.4445,8.799,0.09,-779.9,-781.9,-12.01,3.0,53.0,110,150
2026-09-06T07:15:55+00:00,OVERROUND,False,Solana price on September 8?,2026-09-08,9,4.408,8.753,0.063,-775.3,-777.3,-12.27,4.0,49.0,110,150
2026-09-06T07:15:55+00:00,OVERROUND,False,Solana price on September 9?,2026-09-09,9,3.566,6.976,0.156,-597.6,-599.6,-11.35,8.0,297.0,110,140
2026-09-06T07:15:55+00:00,OVERROUND,False,Bitcoin price on September 10?,2026-09-10,9,2.0,3.62,0.38,-262.0,-264.0,-9.05,205.0,5825.0,72000,90000
2026-09-06T07:15:55+00:00,OVERROUND,False,Solana price on September 7?,2026-09-07,9,1.7895,3.488,0.091,-248.8,-250.8,-12.0,23.0,1365.0,110,150
2026-09-06T07:15:55+00:00,OVERROUND,False,Ethereum price on September 10?,2026-09-10,9,1.949,3.038,0.86,-203.8,-205.8,-3.69,2.0,1228.0,2100,3000
2026-09-06T07:15:55+00:00,OVERROUND,False,Ethereum price on September 11?,2026-09-11,9,1.022,1.22,0.824,-22.0,-24.0,-4.11,2900.0,28226.0,2000,2900
2026-09-06T07:15:55+00:00,OVERROUND,False,Ethereum price on September 8?,2026-09-08,9,1.058,1.214,0.902,-21.4,-23.4,-3.19,2841.0,33373.0,2000,2900
2026-09-06T07:15:55+00:00,OVERROUND,False,Ethereum price on September 9?,2026-09-09,9,1.022,1.162,0.882,-16.2,-18.2,-3.42,2384.0,27759.0,1900,2800
2026-09-06T07:15:55+00:00,OVERROUND,False,Ethereum price on September 7?,2026-09-07,9,1.065,1.143,0.987,-14.3,-16.3,-2.16,3030.0,50765.0,2000,2900
2026-09-06T07:15:55+00:00,OVERROUND,False,Bitcoin price on September 7?,2026-09-07,9,1.031,1.081,0.981,-8.1,-10.1,-2.23,6616.0,87926.0,70000,88000
2026-09-06T07:15:55+00:00,OVERROUND,False,Bitcoin price on September 6?,2026-09-06,9,1.03,1.057,1.003,-5.7,-7.7,-1.96,8723.0,110538.0,70000,88000
2026-09-06T07:28:06+00:00,OVERROUND,False,Solana price on September 10?,2026-09-10,9,4.475,8.86,0.09,-786.0,-788.0,-12.01,0.0,7.0,110,150
2026-09-06T07:28:06+00:00,OVERROUND,False,Solana price on September 11?,2026-09-11,9,4.437,8.784,0.09,-778.4,-780.4,-12.01,4.0,58.0,110,150
2026-09-06T07:28:06+00:00,OVERROUND,False,Solana price on September 8?,2026-09-08,9,4.4025,8.742,0.063,-774.2,-776.2,-12.27,4.0,54.0,110,150
2026-09-06T07:28:06+00:00,OVERROUND,False,Solana price on September 9?,2026-09-09,9,3.525,6.894,0.156,-589.4,-591.4,-11.35,22.0,413.0,110,140
2026-09-06T07:28:06+00:00,OVERROUND,False,Ethereum price on September 10?,2026-09-10,9,3.0395,5.249,0.83,-424.9,-426.9,-4.04,4.0,668.0,2100,3000
2026-09-06T07:28:06+00:00,OVERROUND,False,Solana price on September 7?,2026-09-07,9,1.901,3.702,0.1,-270.2,-272.2,-11.91,22.0,1329.0,110,150
2026-09-06T07:28:06+00:00,OVERROUND,False,Bitcoin price on September 10?,2026-09-10,9,1.785,3.1,0.47,-210.0,-212.0,-8.09,446.0,6113.0,72000,90000
2026-09-06T07:28:06+00:00,OVERROUND,False,Solana price on September 6?,2026-09-06,9,1.1235,2.035,0.212,-103.5,-105.5,-10.79,80.0,11353.0,110,150
2026-09-06T07:28:06+00:00,OVERROUND,False,Ethereum price on September 11?,2026-09-11,9,1.0395,1.217,0.862,-21.7,-23.7,-3.66,2774.0,28283.0,2000,2900
2026-09-06T07:28:06+00:00,OVERROUND,False,Ethereum price on September 9?,2026-09-09,9,1.0415,1.189,0.894,-18.9,-20.9,-3.28,3143.0,29637.0,1900,2800
2026-09-06T07:28:06+00:00,OVERROUND,False,Ethereum price on September 7?,2026-09-07,9,1.0445,1.107,0.982,-10.7,-12.7,-2.22,3432.0,58919.0,2000,2900
2026-09-06T07:41:49+00:00,OVERROUND,False,Solana price on September 10?,2026-09-10,9,4.47,8.85,0.09,-785.0,-787.0,-12.01,0.0,7.0,110,150
2026-09-06T07:41:49+00:00,OVERROUND,False,Solana price on September 11?,2026-09-11,9,4.4305,8.771,0.09,-777.1,-779.1,-12.01,4.0,58.0,110,150
2026-09-06T07:41:49+00:00,OVERROUND,False,Solana price on September 8?,2026-09-08,9,4.4035,8.744,0.063,-774.4,-776.4,-12.27,4.0,48.0,110,150
2026-09-06T07:41:49+00:00,OVERROUND,False,Solana price on September 9?,2026-09-09,9,3.535,6.914,0.156,-591.4,-593.4,-11.35,23.0,393.0,110,140
2026-09-06T07:41:49+00:00,OVERROUND,False,Solana price on September 7?,2026-09-07,9,1.828,3.546,0.11,-254.6,-256.6,-11.81,27.0,1521.0,110,150
2026-09-06T07:41:49+00:00,OVERROUND,False,Ethereum price on September 10?,2026-09-10,9,1.6865,2.543,0.83,-154.3,-156.3,-4.04,14.0,1665.0,2100,3000
2026-09-06T07:41:49+00:00,OVERROUND,False,Solana price on September 6?,2026-09-06,9,1.0415,1.735,0.348,-73.5,-75.5,-9.39,205.0,12018.0,110,150
2026-09-06T07:41:49+00:00,OVERROUND,False,Bitcoin price on September 10?,2026-09-10,9,1.2,1.58,0.82,-58.0,-60.0,-4.16,595.0,8587.0,72000,90000
2026-09-06T07:41:49+00:00,OVERROUND,False,Ethereum price on September 11?,2026-09-11,9,1.0425,1.223,0.862,-22.3,-24.3,-3.66,2866.0,28545.0,2000,2900
2026-09-06T07:41:49+00:00,OVERROUND,False,Ethereum price on September 9?,2026-09-09,9,1.033,1.174,0.892,-17.4,-19.4,-3.31,2807.0,34712.0,1900,2800
2026-09-06T07:41:49+00:00,OVERROUND,False,Ethereum price on September 8?,2026-09-08,9,1.032,1.159,0.905,-15.9,-17.9,-3.15,2790.0,33443.0,2000,2900
2026-09-06T07:41:49+00:00,OVERROUND,False,Ethereum price on September 7?,2026-09-07,9,1.044,1.112,0.976,-11.2,-13.2,-2.29,3567.0,58019.0,2000,2900
2026-09-06T07:41:49+00:00,OVERROUND,False,Bitcoin price on September 6?,2026-09-06,9,1.0285,1.082,0.975,-8.2,-10.2,-2.31,9664.0,119445.0,70000,88000
2026-09-06T07:41:49+00:00,OVERROUND,False,Ethereum price on September 6?,2026-09-06,9,1.039,1.082,0.996,-8.2,-10.2,-2.05,4167.0,65827.0,2000,2900
2026-09-06T07:55:53+00:00,OVERROUND,False,Solana price on September 10?,2026-09-10,9,4.475,8.86,0.09,-786.0,-788.0,-12.01,0.0,9.0,110,150
2026-09-06T07:55:53+00:00,OVERROUND,False,Solana price on September 8?,2026-09-08,9,4.4,8.737,0.063,-773.7,-775.7,-12.27,4.0,46.0,110,150
2026-09-06T07:55:53+00:00,OVERROUND,False,Solana price on September 7?,2026-09-07,9,1.879,3.638,0.12,-263.8,-265.8,-11.71,31.0,1553.0,110,150
2026-09-06T07:55:53+00:00,OVERROUND,False,Ethereum price on September 10?,2026-09-10,9,1.5215,2.203,0.84,-120.3,-122.3,-3.92,22.0,1765.0,2100,3000
2026-09-06T07:55:53+00:00,OVERROUND,False,Bitcoin price on September 10?,2026-09-10,9,1.17,1.52,0.82,-52.0,-54.0,-4.16,525.0,8308.0,72000,90000
2026-09-06T07:55:53+00:00,OVERROUND,False,Solana price on September 11?,2026-09-11,9,1.104,1.298,0.91,-29.8,-31.8,-3.09,850.0,7949.0,110,150
2026-09-06T07:55:53+00:00,OVERROUND,False,Solana price on September 9?,2026-09-09,9,1.1025,1.289,0.916,-28.9,-30.9,-3.02,886.0,8465.0,110,140
2026-09-06T07:55:53+00:00,OVERROUND,False,Ethereum price on September 11?,2026-09-11,9,1.0415,1.221,0.862,-22.1,-24.1,-3.66,2803.0,28462.0,2000,2900
2026-09-06T07:55:53+00:00,OVERROUND,False,Ethereum price on September 8?,2026-09-08,9,1.0435,1.178,0.909,-17.8,-19.8,-3.1,2889.0,33366.0,2000,2900
2026-09-06T07:55:53+00:00,OVERROUND,False,Ethereum price on September 9?,2026-09-09,9,1.0355,1.174,0.897,-17.4,-19.4,-3.25,3168.0,35145.0,1900,2800
2026-09-06T07:55:53+00:00,OVERROUND,False,Ethereum price on September 6?,2026-09-06,9,1.044,1.093,0.995,-9.3,-11.3,-2.06,3662.0,61489.0,2000,2900
2026-09-06T07:55:53+00:00,OVERROUND,False,Ethereum price on September 7?,2026-09-07,9,1.025,1.093,0.957,-9.3,-11.3,-2.52,3941.0,61446.0,2000,2900
2026-09-06T08:08:15+00:00,OVERROUND,False,Solana price on September 10?,2026-09-10,9,4.475,8.86,0.09,-786.0,-788.0,-12.01,0.0,7.0,110,150
2026-09-06T08:08:15+00:00,OVERROUND,False,Solana price on September 8?,2026-09-08,9,4.399,8.735,0.063,-773.5,-775.5,-12.27,4.0,45.0,110,150
2026-09-06T08:08:15+00:00,OVERROUND,False,Solana price on September 11?,2026-09-11,9,4.388,8.686,0.09,-768.6,-770.6,-12.01,3.0,112.0,110,150
2026-09-06T08:08:15+00:00,OVERROUND,False,Solana price on September 9?,2026-09-09,9,3.324,6.492,0.156,-549.2,-551.2,-11.35,8.0,516.0,110,140
2026-09-06T08:08:15+00:00,OVERROUND,False,Solana price on September 7?,2026-09-07,9,1.8695,3.619,0.12,-261.9,-263.9,-11.71,24.0,1458.0,110,150
2026-09-06T08:08:15+00:00,OVERROUND,False,Ethereum price on September 11?,2026-09-11,9,2.1875,3.613,0.762,-261.3,-263.3,-4.83,58.0,3495.0,2000,2900
2026-09-06T08:08:15+00:00,OVERROUND,False,Ethereum price on September 10?,2026-09-10,9,1.5115,2.173,0.85,-117.3,-119.3,-3.8,13.0,1783.0,2100,3000
2026-09-06T08:08:15+00:00,OVERROUND,False,Ethereum price on September 9?,2026-09-09,9,1.4075,1.939,0.876,-93.9,-95.9,-3.5,449.0,18945.0,1900,2800
2026-09-06T08:08:15+00:00,OVERROUND,False,Ethereum price on September 8?,2026-09-08,9,1.379,1.858,0.9,-85.8,-87.8,-3.21,247.0,17551.0,2000,2900
2026-09-06T08:08:15+00:00,OVERROUND,False,Bitcoin price on September 10?,2026-09-10,9,1.17,1.52,0.82,-52.0,-54.0,-4.16,603.0,8372.0,72000,90000
2026-09-06T08:08:15+00:00,OVERROUND,False,Ethereum price on September 7?,2026-09-07,9,1.0315,1.113,0.95,-11.3,-13.3,-2.61,763.0,45487.0,2000,2900
2026-09-06T08:08:15+00:00,OVERROUND,False,Ethereum price on September 6?,2026-09-06,9,1.022,1.088,0.956,-8.8,-10.8,-2.54,1680.0,47718.0,2000,2900
2026-09-06T08:08:15+00:00,OVERROUND,False,Bitcoin price on September 6?,2026-09-06,9,1.0205,1.054,0.987,-5.4,-7.4,-2.16,4701.0,72265.0,70000,88000
2026-09-06T08:19:50+00:00,OVERROUND,False,Solana price on September 10?,2026-09-10,9,4.48,8.87,0.09,-787.0,-789.0,-12.01,0.0,5.0,110,150
2026-09-06T08:19:50+00:00,OVERROUND,False,Solana price on September 11?,2026-09-11,9,4.423,8.756,0.09,-775.6,-777.6,-12.01,4.0,83.0,110,150
2026-09-06T08:19:50+00:00,OVERROUND,False,Solana price on September 8?,2026-09-08,9,4.399,8.735,0.063,-773.5,-775.5,-12.27,4.0,46.0,110,150
2026-09-06T08:19:50+00:00,OVERROUND,False,Solana price on September 9?,2026-09-09,9,3.3225,6.479,0.166,-547.9,-549.9,-11.25,13.0,584.0,110,140
2026-09-06T08:19:50+00:00,OVERROUND,False,Solana price on September 7?,2026-09-07,9,1.9315,3.793,0.07,-279.3,-281.3,-12.21,10.0,1008.0,110,150
2026-09-06T08:19:50+00:00,OVERROUND,False,Ethereum price on September 10?,2026-09-10,9,1.5415,2.233,0.85,-123.3,-125.3,-3.8,14.0,1698.0,2100,3000
2026-09-06T08:19:50+00:00,OVERROUND,False,Bitcoin price on September 10?,2026-09-10,9,1.17,1.52,0.82,-52.0,-54.0,-4.16,513.0,8324.0,72000,90000
2026-09-06T08:19:50+00:00,OVERROUND,False,Ethereum price on September 11?,2026-09-11,9,1.051,1.25,0.852,-25.0,-27.0,-3.78,3096.0,29612.0,2000,2900
2026-09-06T08:19:50+00:00,OVERROUND,False,Ethereum price on September 8?,2026-09-08,9,1.054,1.199,0.909,-19.9,-21.9,-3.1,2924.0,34840.0,2000,2900
2026-09-06T08:19:50+00:00,OVERROUND,False,Ethereum price on September 9?,2026-09-09,9,1.0385,1.191,0.886,-19.1,-21.1,-3.38,3087.0,35641.0,1900,2800
2026-09-06T08:19:50+00:00,OVERROUND,False,Ethereum price on September 7?,2026-09-07,9,1.051,1.114,0.988,-11.4,-13.4,-2.15,3453.0,60381.0,2000,2900
2026-09-06T08:19:50+00:00,OVERROUND,False,Ethereum price on September 6?,2026-09-06,9,1.047,1.099,0.995,-9.9,-11.9,-2.06,3401.0,54659.0,2000,2900
2026-09-06T08:19:50+00:00,OVERROUND,False,Bitcoin price on September 7?,2026-09-07,9,1.0295,1.081,0.978,-8.1,-10.1,-2.27,6754.0,92407.0,70000,88000
2026-09-06T08:19:50+00:00,OVERROUND,False,Bitcoin price on September 6?,2026-09-06,9,1.025,1.065,0.985,-6.5,-8.5,-2.18,7673.0,111891.0,70000,88000
2026-09-06T08:31:33+00:00,OVERROUND,False,Solana price on September 10?,2026-09-10,9,4.475,8.86,0.09,-786.0,-788.0,-12.01,0.0,11.0,110,150
2026-09-06T08:31:33+00:00,OVERROUND,False,Solana price on September 11?,2026-09-11,9,4.423,8.756,0.09,-775.6,-777.6,-12.01,4.0,83.0,110,150
2026-09-06T08:31:33+00:00,OVERROUND,False,Solana price on September 8?,2026-09-08,9,4.3995,8.736,0.063,-773.6,-775.6,-12.27,4.0,45.0,110,150
2026-09-06T08:31:33+00:00,OVERROUND,False,Solana price on September 9?,2026-09-09,9,3.685,7.214,0.156,-621.4,-623.4,-11.35,5.0,330.0,110,140
2026-09-06T08:31:33+00:00,OVERROUND,False,Solana price on September 7?,2026-09-07,9,1.895,3.72,0.07,-272.0,-274.0,-12.21,13.0,1102.0,110,150
2026-09-06T08:31:33+00:00,OVERROUND,False,Ethereum price on September 10?,2026-09-10,9,1.7165,2.583,0.85,-158.3,-160.3,-3.8,18.0,1558.0,2100,3000
2026-09-06T08:31:33+00:00,OVERROUND,False,Bitcoin price on September 10?,2026-09-10,9,1.185,1.55,0.82,-55.0,-57.0,-4.16,576.0,8101.0,72000,90000
2026-09-06T08:31:33+00:00,OVERROUND,False,Ethereum price on September 11?,2026-09-11,9,1.0455,1.249,0.842,-24.9,-26.9,-3.9,2815.0,27755.0,2000,2900
2026-09-06T08:31:33+00:00,OVERROUND,False,Ethereum price on September 8?,2026-09-08,9,1.0495,1.209,0.89,-20.9,-22.9,-3.33,1548.0,33317.0,2000,2900
2026-09-06T08:31:33+00:00,OVERROUND,False,Ethereum price on September 9?,2026-09-09,9,1.038,1.201,0.875,-20.1,-22.1,-3.51,2722.0,34497.0,1900,2800
2026-09-06T08:31:33+00:00,OVERROUND,False,Ethereum price on September 7?,2026-09-07,9,1.0395,1.11,0.969,-11.0,-13.0,-2.38,3881.0,61724.0,2000,2900
2026-09-06T08:31:33+00:00,OVERROUND,False,Ethereum price on September 6?,2026-09-06,9,1.051,1.091,1.011,-9.1,-11.1,-1.87,3711.0,60379.0,2000,2900
2026-09-06T08:43:11+00:00,OVERROUND,False,Solana price on September 10?,2026-09-10,9,4.47,8.85,0.09,-785.0,-787.0,-12.01,0.0,11.0,110,150
2026-09-06T08:43:11+00:00,OVERROUND,False,Ethereum price on September 10?,2026-09-10,9,2.12,3.39,0.85,-239.0,-241.0,-3.8,25.0,1107.0,2100,3000
2026-09-06T08:43:11+00:00,OVERROUND,False,Bitcoin price on September 10?,2026-09-10,9,1.185,1.55,0.82,-55.0,-57.0,-4.16,702.0,8476.0,72000,90000
2026-09-06T08:43:11+00:00,OVERROUND,False,Solana price on September 11?,2026-09-11,9,1.1065,1.303,0.91,-30.3,-32.3,-3.09,856.0,7999.0,110,150
2026-09-06T08:43:11+00:00,OVERROUND,False,Solana price on September 9?,2026-09-09,9,1.098,1.3,0.896,-30.0,-32.0,-3.26,903.0,8846.0,110,140
2026-09-06T08:43:11+00:00,OVERROUND,False,Solana price on September 8?,2026-09-08,9,1.0945,1.291,0.898,-29.1,-31.1,-3.23,861.0,7993.0,110,150
2026-09-06T08:43:11+00:00,OVERROUND,False,Ethereum price on September 11?,2026-09-11,9,1.051,1.26,0.842,-26.0,-28.0,-3.9,2844.0,27869.0,2000,2900
2026-09-06T08:43:11+00:00,OVERROUND,False,Solana price on September 7?,2026-09-07,9,1.065,1.224,0.906,-22.4,-24.4,-3.14,198.0,6130.0,110,150
2026-09-06T08:43:11+00:00,OVERROUND,False,Ethereum price on September 9?,2026-09-09,9,1.045,1.204,0.886,-20.4,-22.4,-3.38,2957.0,35530.0,1900,2800
2026-09-06T08:43:11+00:00,OVERROUND,False,Ethereum price on September 8?,2026-09-08,9,1.0485,1.2,0.897,-20.0,-22.0,-3.25,517.0,31895.0,2000,2900
2026-09-06T08:43:11+00:00,OVERROUND,False,Ethereum price on September 6?,2026-09-06,9,1.027,1.103,0.951,-10.3,-12.3,-2.6,864.0,49630.0,2000,2900
2026-09-06T08:43:11+00:00,OVERROUND,False,Ethereum price on September 7?,2026-09-07,9,1.0335,1.103,0.964,-10.3,-12.3,-2.44,3853.0,61074.0,2000,2900
2026-09-06T08:54:55+00:00,OVERROUND,False,Solana price on September 10?,2026-09-10,9,4.47,8.85,0.09,-785.0,-787.0,-12.01,0.0,11.0,110,150
2026-09-06T08:54:55+00:00,OVERROUND,False,Ethereum price on September 10?,2026-09-10,9,1.691,2.532,0.85,-153.2,-155.2,-3.8,25.0,1380.0,2100,3000
2026-09-06T08:54:55+00:00,OVERROUND,False,Bitcoin price on September 10?,2026-09-10,9,1.185,1.55,0.82,-55.0,-57.0,-4.16,472.0,8224.0,72000,90000
2026-09-06T08:54:55+00:00,OVERROUND,False,Solana price on September 11?,2026-09-11,9,1.106,1.292,0.92,-29.2,-31.2,-2.97,852.0,8035.0,110,150
2026-09-06T08:54:55+00:00,OVERROUND,False,Solana price on September 9?,2026-09-09,9,1.098,1.28,0.916,-28.0,-30.0,-3.02,92.0,8482.0,110,140
2026-09-06T08:54:55+00:00,OVERROUND,False,Solana price on September 8?,2026-09-08,9,1.09,1.272,0.908,-27.2,-29.2,-3.11,897.0,8524.0,110,150
2026-09-06T08:54:55+00:00,OVERROUND,False,Ethereum price on September 11?,2026-09-11,9,1.05,1.258,0.842,-25.8,-27.8,-3.9,2853.0,28670.0,2000,2900
2026-09-06T08:54:55+00:00,OVERROUND,False,Solana price on September 7?,2026-09-07,9,1.0685,1.219,0.918,-21.9,-23.9,-2.99,349.0,9357.0,110,150
2026-09-06T08:54:55+00:00,OVERROUND,False,Ethereum price on September 9?,2026-09-09,9,1.044,1.203,0.885,-20.3,-22.3,-3.39,3274.0,35810.0,1900,2800
2026-09-06T08:54:55+00:00,OVERROUND,False,Ethereum price on September 8?,2026-09-08,9,1.0475,1.199,0.896,-19.9,-21.9,-3.26,3174.0,35591.0,2000,2900
2026-09-06T08:54:55+00:00,OVERROUND,False,Ethereum price on September 7?,2026-09-07,9,1.043,1.108,0.978,-10.8,-12.8,-2.27,3988.0,63106.0,2000,2900
2026-09-06T08:54:55+00:00,OVERROUND,False,Ethereum price on September 6?,2026-09-06,9,1.029,1.077,0.981,-7.7,-9.7,-2.23,3549.0,59378.0,2000,2900
2026-09-06T09:06:48+00:00,OVERROUND,False,Solana price on September 10?,2026-09-10,9,4.475,8.86,0.09,-786.0,-788.0,-12.01,0.0,11.0,110,150
2026-09-06T09:06:48+00:00,OVERROUND,False,Solana price on September 11?,2026-09-11,9,4.411,8.732,0.09,-773.2,-775.2,-12.01,4.0,87.0,110,150
2026-09-06T09:06:48+00:00,OVERROUND,False,Solana price on September 8?,2026-09-08,9,4.371,8.684,0.058,-768.4,-770.4,-12.32,3.0,65.0,110,150
2026-09-06T09:06:48+00:00,OVERROUND,False,Solana price on September 9?,2026-09-09,9,3.3055,6.015,0.596,-501.5,-503.5,-6.71,12.0,797.0,110,140
2026-09-06T09:06:48+00:00,OVERROUND,False,Solana price on September 7?,2026-09-07,9,1.539,2.969,0.109,-196.9,-198.9,-11.82,23.0,1486.0,110,150
2026-09-06T09:06:48+00:00,OVERROUND,False,Ethereum price on September 10?,2026-09-10,9,1.501,2.152,0.85,-115.2,-117.2,-3.8,40.0,1728.0,2100,3000
2026-09-06T09:06:48+00:00,OVERROUND,False,Bitcoin price on September 10?,2026-09-10,9,1.185,1.55,0.82,-55.0,-57.0,-4.16,654.0,8222.0,72000,90000
2026-09-06T09:06:48+00:00,OVERROUND,False,Ethereum price on September 11?,2026-09-11,9,1.05,1.258,0.842,-25.8,-27.8,-3.9,2889.0,28154.0,2000,2900
2026-09-06T09:06:48+00:00,OVERROUND,False,Ethereum price on September 8?,2026-09-08,9,1.0495,1.202,0.897,-20.2,-22.2,-3.25,2937.0,34185.0,2000,2900
2026-09-06T09:06:48+00:00,OVERROUND,False,Ethereum price on September 9?,2026-09-09,9,1.039,1.192,0.886,-19.2,-21.2,-3.38,2958.0,35476.0,1900,2800
2026-09-06T09:06:48+00:00,OVERROUND,False,Ethereum price on September 7?,2026-09-07,9,1.0515,1.123,0.98,-12.3,-14.3,-2.24,3865.0,60922.0,2000,2900
2026-09-06T09:06:48+00:00,OVERROUND,False,Ethereum price on September 6?,2026-09-06,9,1.0355,1.083,0.988,-8.3,-10.3,-2.15,3770.0,60384.0,2000,2900
2026-09-06T09:18:27+00:00,OVERROUND,False,Solana price on September 10?,2026-09-10,9,4.475,8.86,0.09,-786.0,-788.0,-12.01,0.0,9.0,110,150
2026-09-06T09:18:27+00:00,OVERROUND,False,Ethereum price on September 10?,2026-09-10,9,1.506,2.162,0.85,-116.2,-118.2,-3.8,42.0,1848.0,2100,3000
2026-09-06T09:18:27+00:00,OVERROUND,False,Solana price on September 7?,2026-09-07,9,1.423,1.913,0.933,-91.3,-93.3,-2.81,255.0,8819.0,110,150
2026-09-06T09:18:27+00:00,OVERROUND,False,Bitcoin price on September 10?,2026-09-10,9,1.19,1.56,0.82,-56.0,-58.0,-4.16,610.0,8523.0,72000,90000
2026-09-06T09:18:27+00:00,OVERROUND,False,Solana price on September 11?,2026-09-11,9,1.0915,1.283,0.9,-28.3,-30.3,-3.21,858.0,8049.0,110,150
2026-09-06T09:18:27+00:00,OVERROUND,False,Solana price on September 9?,2026-09-09,9,1.0935,1.271,0.916,-27.1,-29.1,-3.02,917.0,9696.0,110,140
2026-09-06T09:18:27+00:00,OVERROUND,False,Solana price on September 8?,2026-09-08,9,1.088,1.268,0.908,-26.8,-28.8,-3.11,878.0,8251.0,110,150
2026-09-06T09:18:27+00:00,OVERROUND,False,Ethereum price on September 11?,2026-09-11,9,1.0545,1.257,0.852,-25.7,-27.7,-3.78,2799.0,27466.0,2000,2900
2026-09-06T09:18:27+00:00,OVERROUND,False,Ethereum price on September 9?,2026-09-09,9,1.0335,1.189,0.878,-18.9,-20.9,-3.47,2894.0,34285.0,1900,2800
2026-09-06T09:18:27+00:00,OVERROUND,False,Ethereum price on September 8?,2026-09-08,9,1.0415,1.183,0.9,-18.3,-20.3,-3.21,2966.0,34950.0,2000,2900
2026-09-06T09:18:27+00:00,OVERROUND,False,Ethereum price on September 7?,2026-09-07,9,1.048,1.125,0.971,-12.5,-14.5,-2.35,3443.0,57471.0,2000,2900
2026-09-06T09:18:27+00:00,OVERROUND,False,Ethereum price on September 6?,2026-09-06,9,1.0415,1.084,0.999,-8.4,-10.4,-2.01,3506.0,55757.0,2000,2900
2026-09-06T09:18:27+00:00,OVERROUND,False,Bitcoin price on September 7?,2026-09-07,9,1.0215,1.075,0.968,-7.5,-9.5,-2.39,7538.0,97117.0,70000,88000
2026-09-06T09:30:13+00:00,OVERROUND,False,Solana price on September 10?,2026-09-10,9,4.485,8.88,0.09,-788.0,-790.0,-12.01,0.0,7.0,110,150
2026-09-06T09:30:13+00:00,OVERROUND,False,Solana price on September 8?,2026-09-08,9,4.2525,8.447,0.058,-744.7,-746.7,-12.32,2.0,159.0,110,150
2026-09-06T09:30:13+00:00,OVERROUND,False,Ethereum price on September 10?,2026-09-10,9,1.5015,2.143,0.86,-114.3,-116.3,-3.69,49.0,1771.0,2100,3000
2026-09-06T09:30:13+00:00,OVERROUND,False,Solana price on September 7?,2026-09-07,9,1.0725,2.036,0.109,-103.6,-105.6,-11.82,24.0,2294.0,110,150
2026-09-06T09:30:13+00:00,OVERROUND,False,Bitcoin price on September 10?,2026-09-10,9,1.185,1.56,0.81,-56.0,-58.0,-4.27,567.0,8296.0,72000,90000
2026-09-06T09:30:13+00:00,OVERROUND,False,Solana price on September 11?,2026-09-11,9,1.1095,1.297,0.922,-29.7,-31.7,-2.95,888.0,8153.0,110,150
2026-09-06T09:30:13+00:00,OVERROUND,False,Solana price on September 9?,2026-09-09,9,1.0945,1.273,0.916,-27.3,-29.3,-3.02,913.0,9131.0,110,140
2026-09-06T09:30:13+00:00,OVERROUND,False,Ethereum price on September 11?,2026-09-11,9,1.0375,1.233,0.842,-23.3,-25.3,-3.9,3216.0,29863.0,2000,2900
2026-09-06T09:30:13+00:00,OVERROUND,False,Ethereum price on September 8?,2026-09-08,9,1.052,1.187,0.917,-18.7,-20.7,-3.01,3123.0,35190.0,2000,2900
2026-09-06T09:30:13+00:00,OVERROUND,False,Ethereum price on September 9?,2026-09-09,9,1.032,1.168,0.896,-16.8,-18.8,-3.26,2814.0,34415.0,1900,2800
2026-09-06T09:30:13+00:00,OVERROUND,False,Ethereum price on September 7?,2026-09-07,9,1.038,1.116,0.96,-11.6,-13.6,-2.49,3491.0,61134.0,2000,2900
2026-09-06T09:30:13+00:00,OVERROUND,False,Ethereum price on September 6?,2026-09-06,9,1.0515,1.087,1.016,-8.7,-10.7,-1.8,915.0,55349.0,2000,2900
2026-09-06T09:30:13+00:00,OVERROUND,False,Bitcoin price on September 6?,2026-09-06,9,1.0215,1.06,0.983,-6.0,-8.0,-2.21,8695.0,117017.0,70000,88000
2026-09-06T09:42:10+00:00,OVERROUND,False,Solana price on September 10?,2026-09-10,9,4.485,8.88,0.09,-788.0,-790.0,-12.01,0.0,7.0,110,150
2026-09-06T09:42:10+00:00,OVERROUND,False,Solana price on September 8?,2026-09-08,9,4.398,8.738,0.058,-773.8,-775.8,-12.32,2.0,65.0,110,150
2026-09-06T09:42:10+00:00,OVERROUND,False,Solana price on September 11?,2026-09-11,9,4.3195,8.549,0.09,-754.9,-756.9,-12.01,7.0,154.0,110,150
2026-09-06T09:42:10+00:00,OVERROUND,False,Solana price on September 9?,2026-09-09,9,3.4365,6.717,0.156,-571.7,-573.7,-11.35,11.0,297.0,110,140
2026-09-06T09:42:10+00:00,OVERROUND,False,Ethereum price on September 10?,2026-09-10,9,1.5165,2.173,0.86,-117.3,-119.3,-3.69,42.0,1857.0,2100,3000
2026-09-06T09:42:10+00:00,OVERROUND,False,Solana price on September 7?,2026-09-07,9,1.369,1.893,0.845,-89.3,-91.3,-3.86,51.0,1951.0,110,150
2026-09-06T09:42:10+00:00,OVERROUND,False,Bitcoin price on September 10?,2026-09-10,9,1.18,1.54,0.82,-54.0,-56.0,-4.16,408.0,8272.0,72000,90000
2026-09-06T09:42:10+00:00,OVERROUND,False,Ethereum price on September 11?,2026-09-11,9,1.036,1.24,0.832,-24.0,-26.0,-4.02,2943.0,29465.0,2000,2900
2026-09-06T09:42:10+00:00,OVERROUND,False,Ethereum price on September 8?,2026-09-08,9,1.0485,1.188,0.909,-18.8,-20.8,-3.1,2851.0,33679.0,2000,2900
2026-09-06T09:42:10+00:00,OVERROUND,False,Ethereum price on September 9?,2026-09-09,9,1.0265,1.168,0.885,-16.8,-18.8,-3.39,2831.0,34297.0,1900,2800
2026-09-06T09:42:10+00:00,OVERROUND,False,Ethereum price on September 7?,2026-09-07,9,1.0335,1.107,0.96,-10.7,-12.7,-2.49,3853.0,58466.0,2000,2900
2026-09-06T09:42:10+00:00,OVERROUND,False,Ethereum price on September 6?,2026-09-06,9,1.026,1.082,0.97,-8.2,-10.2,-2.37,3519.0,57085.0,2000,2900
2026-09-06T09:42:10+00:00,OVERROUND,False,Bitcoin price on September 6?,2026-09-06,9,1.0225,1.051,0.994,-5.1,-7.1,-2.07,8745.0,117074.0,70000,88000
2026-09-06T09:53:59+00:00,OVERROUND,False,Solana price on September 10?,2026-09-10,9,4.48,8.87,0.09,-787.0,-789.0,-12.01,0.0,4.0,110,150
2026-09-06T09:53:59+00:00,OVERROUND,False,Solana price on September 11?,2026-09-11,9,4.3025,8.515,0.09,-751.5,-753.5,-12.01,7.0,155.0,110,150
2026-09-06T09:53:59+00:00,OVERROUND,False,Solana price on September 9?,2026-09-09,9,3.716,7.278,0.154,-627.8,-629.8,-11.37,13.0,280.0,110,140
2026-09-06T09:53:59+00:00,OVERROUND,False,Ethereum price on September 10?,2026-09-10,9,1.496,2.152,0.84,-115.2,-117.2,-3.92,57.0,1965.0,2100,3000
2026-09-06T09:53:59+00:00,OVERROUND,False,Solana price on September 6?,2026-09-06,9,1.063,1.833,0.293,-83.3,-85.3,-9.96,81.0,16498.0,110,150
2026-09-06T09:53:59+00:00,OVERROUND,False,Bitcoin price on September 10?,2026-09-10,9,1.18,1.54,0.82,-54.0,-56.0,-4.16,641.0,8316.0,72000,90000
2026-09-06T09:53:59+00:00,OVERROUND,False,Solana price on September 8?,2026-09-08,9,1.0825,1.255,0.91,-25.5,-27.5,-3.09,891.0,8352.0,110,150
2026-09-06T09:53:59+00:00,OVERROUND,False,Ethereum price on September 11?,2026-09-11,9,1.0355,1.239,0.832,-23.9,-25.9,-4.02,2839.0,29506.0,2000,2900
2026-09-06T09:53:59+00:00,OVERROUND,False,Ethereum price on September 8?,2026-09-08,9,1.059,1.19,0.928,-19.0,-21.0,-2.87,2904.0,34132.0,2000,2900
2026-09-06T09:53:59+00:00,OVERROUND,False,Solana price on September 7?,2026-09-07,9,1.071,1.189,0.953,-18.9,-20.9,-2.57,301.0,11839.0,110,150
2026-09-06T09:53:59+00:00,OVERROUND,False,Ethereum price on September 9?,2026-09-09,9,1.027,1.158,0.896,-15.8,-17.8,-3.26,3201.0,35363.0,1900,2800
2026-09-06T09:53:59+00:00,OVERROUND,False,Ethereum price on September 7?,2026-09-07,9,1.0445,1.107,0.982,-10.7,-12.7,-2.22,3881.0,61790.0,2000,2900
2026-09-06T09:53:59+00:00,OVERROUND,False,Ethereum price on September 6?,2026-09-06,9,1.0265,1.098,0.955,-9.8,-11.8,-2.55,3590.0,57335.0,2000,2900
2026-09-06T10:06:28+00:00,OVERROUND,False,Solana price on September 10?,2026-09-10,9,4.475,8.87,0.08,-787.0,-789.0,-12.11,0.0,2.0,110,150
2026-09-06T10:06:28+00:00,OVERROUND,False,Solana price on September 11?,2026-09-11,9,4.4045,8.728,0.081,-772.8,-774.8,-12.1,4.0,81.0,110,150
2026-09-06T10:06:28+00:00,OVERROUND,False,Solana price on September 9?,2026-09-09,9,3.6865,7.218,0.155,-621.8,-623.8,-11.36,26.0,423.0,110,140
2026-09-06T10:06:28+00:00,OVERROUND,False,Solana price on September 8?,2026-09-08,9,1.5745,2.249,0.9,-124.9,-126.9,-3.21,4.0,7272.0,110,150
2026-09-06T10:06:28+00:00,OVERROUND,False,Ethereum price on September 10?,2026-09-10,9,1.4615,2.073,0.85,-107.3,-109.3,-3.8,53.0,1947.0,2100,3000
2026-09-06T10:06:28+00:00,OVERROUND,False,Solana price on September 6?,2026-09-06,9,1.122,1.87,0.374,-87.0,-89.0,-9.11,244.0,17848.0,110,150
2026-09-06T10:06:28+00:00,OVERROUND,False,Bitcoin price on September 10?,2026-09-10,9,1.175,1.54,0.81,-54.0,-56.0,-4.27,665.0,8533.0,72000,90000
2026-09-06T10:06:28+00:00,OVERROUND,False,Ethereum price on September 11?,2026-09-11,9,1.036,1.24,0.832,-24.0,-26.0,-4.02,2850.0,29168.0,2000,2900
2026-09-06T10:06:28+00:00,OVERROUND,False,Solana price on September 7?,2026-09-07,9,1.0735,1.224,0.923,-22.4,-24.4,-2.93,311.0,9791.0,110,150
2026-09-06T10:06:28+00:00,OVERROUND,False,Ethereum price on September 8?,2026-09-08,9,1.048,1.176,0.92,-17.6,-19.6,-2.97,3002.0,34507.0,2000,2900
2026-09-06T10:06:28+00:00,OVERROUND,False,Ethereum price on September 9?,2026-09-09,9,1.0285,1.168,0.889,-16.8,-18.8,-3.34,2787.0,34388.0,1900,2800
2026-09-06T10:06:28+00:00,OVERROUND,False,Ethereum price on September 7?,2026-09-07,9,1.04,1.109,0.971,-10.9,-12.9,-2.35,3857.0,60194.0,2000,2900
2026-09-06T10:06:28+00:00,OVERROUND,False,Ethereum price on September 6?,2026-09-06,9,1.0365,1.076,0.997,-7.6,-9.6,-2.04,865.0,54303.0,2000,2900
2026-09-06T10:18:08+00:00,OVERROUND,False,Solana price on September 10?,2026-09-10,9,4.475,8.87,0.08,-787.0,-789.0,-12.11,0.0,2.0,110,150
2026-09-06T10:18:08+00:00,OVERROUND,False,Solana price on September 8?,2026-09-08,9,4.419,8.78,0.058,-778.0,-780.0,-12.32,2.0,53.0,110,150
2026-09-06T10:18:08+00:00,OVERROUND,False,Solana price on September 11?,2026-09-11,9,4.4045,8.728,0.081,-772.8,-774.8,-12.1,4.0,78.0,110,150
2026-09-06T10:18:08+00:00,OVERROUND,False,Solana price on September 9?,2026-09-09,9,3.679,7.202,0.156,-620.2,-622.2,-11.35,16.0,369.0,110,140
2026-09-06T10:18:08+00:00,OVERROUND,False,Ethereum price on September 10?,2026-09-10,9,1.5165,2.173,0.86,-117.3,-119.3,-3.69,49.0,1792.0,2100,3000
2026-09-06T10:18:08+00:00,OVERROUND,False,Solana price on September 7?,2026-09-07,9,1.2535,1.784,0.723,-78.4,-80.4,-5.28,129.0,3002.0,110,150
2026-09-06T10:18:08+00:00,OVERROUND,False,Solana price on September 6?,2026-09-06,9,1.0965,1.702,0.491,-70.2,-72.2,-7.86,221.0,18058.0,110,150
2026-09-06T10:18:08+00:00,OVERROUND,False,Bitcoin price on September 10?,2026-09-10,9,1.175,1.54,0.81,-54.0,-56.0,-4.27,665.0,8560.0,72000,90000
2026-09-06T10:18:08+00:00,OVERROUND,False,Ethereum price on September 11?,2026-09-11,9,1.0365,1.241,0.832,-24.1,-26.1,-4.02,2924.0,29475.0,2000,2900
2026-09-06T10:18:08+00:00,OVERROUND,False,Ethereum price on September 9?,2026-09-09,9,1.035,1.179,0.891,-17.9,-19.9,-3.32,3143.0,35418.0,1900,2800
2026-09-06T10:18:08+00:00,OVERROUND,False,Ethereum price on September 8?,2026-09-08,9,1.0405,1.177,0.904,-17.7,-19.7,-3.16,2990.0,35044.0,2000,2900
2026-09-06T10:18:08+00:00,OVERROUND,False,Ethereum price on September 7?,2026-09-07,9,1.0415,1.113,0.97,-11.3,-13.3,-2.37,3896.0,61972.0,2000,2900
2026-09-06T10:18:08+00:00,OVERROUND,False,Ethereum price on September 6?,2026-09-06,9,1.0295,1.07,0.989,-7.0,-9.0,-2.13,813.0,53524.0,2000,2900
2026-09-06T10:29:54+00:00,OVERROUND,False,Solana price on September 10?,2026-09-10,9,4.48,8.88,0.08,-788.0,-790.0,-12.11,0.0,3.0,110,150
2026-09-06T10:29:54+00:00,OVERROUND,False,Solana price on September 11?,2026-09-11,9,4.417,8.753,0.081,-775.3,-777.3,-12.1,4.0,77.0,110,150
2026-09-06T10:29:54+00:00,OVERROUND,False,Solana price on September 8?,2026-09-08,9,3.925,7.793,0.057,-679.3,-681.3,-12.33,3.0,125.0,110,150
2026-09-06T10:29:54+00:00,OVERROUND,False,Solana price on September 9?,2026-09-09,9,3.671,7.186,0.156,-618.6,-620.6,-11.35,16.0,338.0,110,140
2026-09-06T10:29:54+00:00,OVERROUND,False,Solana price on September 7?,2026-09-07,9,1.824,3.562,0.086,-256.2,-258.2,-12.05,23.0,1621.0,110,150
2026-09-06T10:29:54+00:00,OVERROUND,False,Ethereum price on September 10?,2026-09-10,9,1.527,2.194,0.86,-119.4,-121.4,-3.69,42.0,1619.0,2100,3000
2026-09-06T10:29:54+00:00,OVERROUND,False,Bitcoin price on September 10?,2026-09-10,9,1.175,1.54,0.81,-54.0,-56.0,-4.27,340.0,7035.0,72000,90000
2026-09-06T10:29:54+00:00,OVERROUND,False,Solana price on September 6?,2026-09-06,9,1.037,1.488,0.586,-48.8,-50.8,-6.82,274.0,18413.0,110,150
2026-09-06T10:29:54+00:00,OVERROUND,False,Ethereum price on September 11?,2026-09-11,9,1.0365,1.241,0.832,-24.1,-26.1,-4.02,2753.0,27724.0,2000,2900
2026-09-06T10:29:54+00:00,OVERROUND,False,Ethereum price on September 9?,2026-09-09,9,1.0335,1.18,0.887,-18.0,-20.0,-3.36,2809.0,33097.0,1900,2800
2026-09-06T10:29:54+00:00,OVERROUND,False,Ethereum price on September 8?,2026-09-08,9,1.04,1.179,0.901,-17.9,-19.9,-3.2,393.0,31631.0,2000,2900
2026-09-06T10:29:54+00:00,OVERROUND,False,Ethereum price on September 7?,2026-09-07,9,1.0375,1.116,0.959,-11.6,-13.6,-2.5,3870.0,57776.0,2000,2900
2026-09-06T10:29:54+00:00,OVERROUND,False,Ethereum price on September 6?,2026-09-06,9,1.05,1.105,0.995,-10.5,-12.5,-2.06,689.0,45657.0,2000,2900
2026-09-06T10:29:54+00:00,OVERROUND,False,Bitcoin price on September 6?,2026-09-06,9,1.034,1.074,0.994,-7.4,-9.4,-2.07,3811.0,106781.0,70000,88000
2026-09-06T10:41:54+00:00,OVERROUND,False,Solana price on September 10?,2026-09-10,9,4.48,8.88,0.08,-788.0,-790.0,-12.11,0.0,3.0,110,150
2026-09-06T10:41:54+00:00,OVERROUND,False,Solana price on September 11?,2026-09-11,9,4.421,8.761,0.081,-776.1,-778.1,-12.1,4.0,82.0,110,150
2026-09-06T10:41:54+00:00,OVERROUND,False,Solana price on September 9?,2026-09-09,9,3.6565,7.157,0.156,-615.7,-617.7,-11.35,15.0,315.0,110,140
2026-09-06T10:41:54+00:00,OVERROUND,False,Solana price on September 8?,2026-09-08,9,3.452,6.844,0.06,-584.4,-586.4,-12.3,5.0,392.0,110,150
2026-09-06T10:41:54+00:00,OVERROUND,False,Solana price on September 7?,2026-09-07,9,1.9415,3.806,0.077,-280.6,-282.6,-12.14,24.0,1301.0,110,150
2026-09-06T10:41:54+00:00,OVERROUND,False,Ethereum price on September 10?,2026-09-10,9,1.5165,2.183,0.85,-118.3,-120.3,-3.8,42.0,1769.0,2100,3000
2026-09-06T10:41:54+00:00,OVERROUND,False,Bitcoin price on September 10?,2026-09-10,9,1.175,1.54,0.81,-54.0,-56.0,-4.27,360.0,7229.0,72000,90000
2026-09-06T10:41:54+00:00,OVERROUND,False,Solana price on September 6?,2026-09-06,9,1.035,1.41,0.66,-41.0,-43.0,-6.0,340.0,18864.0,110,150
2026-09-06T10:41:54+00:00,OVERROUND,False,Ethereum price on September 11?,2026-09-11,9,1.0365,1.241,0.832,-24.1,-26.1,-4.02,2819.0,28425.0,2000,2900
2026-09-06T10:41:54+00:00,OVERROUND,False,Ethereum price on September 8?,2026-09-08,9,1.0505,1.189,0.912,-18.9,-20.9,-3.07,2789.0,33387.0,2000,2900
2026-09-06T10:41:54+00:00,OVERROUND,False,Ethereum price on September 9?,2026-09-09,9,1.0345,1.18,0.889,-18.0,-20.0,-3.34,2852.0,34341.0,1900,2800
2026-09-06T10:41:54+00:00,OVERROUND,False,Ethereum price on September 7?,2026-09-07,9,1.0445,1.116,0.973,-11.6,-13.6,-2.33,3712.0,56289.0,2000,2900
2026-09-06T10:41:54+00:00,OVERROUND,False,Bitcoin price on September 6?,2026-09-06,9,1.0245,1.067,0.982,-6.7,-8.7,-2.22,8723.0,117843.0,70000,88000
2026-09-06T10:53:39+00:00,OVERROUND,False,Solana price on September 10?,2026-09-10,9,4.48,8.88,0.08,-788.0,-790.0,-12.11,0.0,5.0,110,150
2026-09-06T10:53:39+00:00,OVERROUND,False,Solana price on September 11?,2026-09-11,9,4.421,8.761,0.081,-776.1,-778.1,-12.1,4.0,81.0,110,150
2026-09-06T10:53:39+00:00,OVERROUND,False,Solana price on September 9?,2026-09-09,9,3.644,7.132,0.156,-613.2,-615.2,-11.35,17.0,341.0,110,140
2026-09-06T10:53:39+00:00,OVERROUND,False,Solana price on September 8?,2026-09-08,9,3.4515,6.843,0.06,-584.3,-586.3,-12.3,6.0,396.0,110,150
2026-09-06T10:53:39+00:00,OVERROUND,False,Solana price on September 7?,2026-09-07,9,1.9445,3.83,0.059,-283.0,-285.0,-12.31,21.0,2292.0,110,150
2026-09-06T10:53:39+00:00,OVERROUND,False,Ethereum price on September 11?,2026-09-11,9,1.884,2.936,0.832,-193.6,-195.6,-4.02,91.0,17245.0,2000,2900
2026-09-06T10:53:39+00:00,OVERROUND,False,Ethereum price on September 10?,2026-09-10,9,1.5215,2.183,0.86,-118.3,-120.3,-3.69,42.0,1712.0,2100,3000
2026-09-06T10:53:39+00:00,OVERROUND,False,Bitcoin price on September 10?,2026-09-10,9,1.185,1.55,0.82,-55.0,-57.0,-4.16,591.0,7913.0,72000,90000
2026-09-06T10:53:39+00:00,OVERROUND,False,Ethereum price on September 8?,2026-09-08,9,1.0415,1.182,0.901,-18.2,-20.2,-3.2,3050.0,34302.0,2000,2900
2026-09-06T10:53:39+00:00,OVERROUND,False,Ethereum price on September 9?,2026-09-09,9,1.0275,1.179,0.876,-17.9,-19.9,-3.5,1766.0,32246.0,1900,2800
2026-09-06T10:53:39+00:00,OVERROUND,False,Ethereum price on September 7?,2026-09-07,9,1.0445,1.122,0.967,-12.2,-14.2,-2.4,3875.0,59868.0,2000,2900
2026-09-06T10:53:39+00:00,OVERROUND,False,Bitcoin price on September 7?,2026-09-07,9,1.021,1.081,0.961,-8.1,-10.1,-2.48,7483.0,99477.0,70000,88000
2026-09-06T10:53:39+00:00,OVERROUND,False,Ethereum price on September 6?,2026-09-06,9,1.0405,1.072,1.009,-7.2,-9.2,-1.89,3289.0,51746.0,2000,2900
2026-09-06T10:53:39+00:00,OVERROUND,False,Bitcoin price on September 6?,2026-09-06,9,1.024,1.065,0.983,-6.5,-8.5,-2.21,8604.0,115112.0,70000,88000
2026-09-06T11:06:46+00:00,OVERROUND,False,Solana price on September 10?,2026-09-10,9,4.475,8.87,0.08,-787.0,-789.0,-12.11,0.0,3.0,110,150
2026-09-06T11:06:46+00:00,OVERROUND,False,Solana price on September 11?,2026-09-11,9,4.421,8.761,0.081,-776.1,-778.1,-12.1,4.0,84.0,110,150
2026-09-06T11:06:46+00:00,OVERROUND,False,Solana price on September 9?,2026-09-09,9,3.6385,7.121,0.156,-612.1,-614.1,-11.35,19.0,361.0,110,140
2026-09-06T11:06:46+00:00,OVERROUND,False,Solana price on September 8?,2026-09-08,9,3.452,6.847,0.057,-584.7,-586.7,-12.33,4.0,388.0,110,150
2026-09-06T11:06:46+00:00,OVERROUND,False,Solana price on September 7?,2026-09-07,9,1.927,3.796,0.058,-279.6,-281.6,-12.32,17.0,2260.0,110,150
2026-09-06T11:06:46+00:00,OVERROUND,False,Ethereum price on September 11?,2026-09-11,9,2.036,3.33,0.742,-233.0,-235.0,-5.06,62.0,3920.0,2000,2900
2026-09-06T11:06:46+00:00,OVERROUND,False,Ethereum price on September 9?,2026-09-09,9,1.65,2.436,0.864,-143.6,-145.6,-3.64,86.0,9540.0,1900,2800
2026-09-06T11:06:46+00:00,OVERROUND,False,Ethereum price on September 10?,2026-09-10,9,1.526,2.192,0.86,-119.2,-121.2,-3.69,31.0,1779.0,2100,3000
2026-09-06T11:06:46+00:00,OVERROUND,False,Ethereum price on September 8?,2026-09-08,9,1.5025,2.114,0.891,-111.4,-113.4,-3.32,362.0,7562.0,2000,2900
2026-09-06T11:06:46+00:00,OVERROUND,False,Bitcoin price on September 10?,2026-09-10,9,1.185,1.55,0.82,-55.0,-57.0,-4.16,620.0,8387.0,72000,90000
2026-09-06T11:06:46+00:00,OVERROUND,False,Ethereum price on September 7?,2026-09-07,9,1.0395,1.115,0.964,-11.5,-13.5,-2.44,1051.0,30287.0,2000,2900
2026-09-06T11:06:46+00:00,OVERROUND,False,Ethereum price on September 6?,2026-09-06,9,1.035,1.081,0.989,-8.1,-10.1,-2.13,592.0,22003.0,2000,2900
2026-09-06T11:18:40+00:00,OVERROUND,False,Solana price on September 10?,2026-09-10,9,4.48,8.88,0.08,-788.0,-790.0,-12.11,0.0,3.0,110,150
2026-09-06T11:18:40+00:00,OVERROUND,False,Solana price on September 11?,2026-09-11,9,4.421,8.761,0.081,-776.1,-778.1,-12.1,5.0,83.0,110,150
2026-09-06T11:18:40+00:00,OVERROUND,False,Solana price on September 9?,2026-09-09,9,3.5885,7.011,0.166,-601.1,-603.1,-11.25,22.0,490.0,110,140
2026-09-06T11:18:40+00:00,OVERROUND,False,Solana price on September 8?,2026-09-08,9,3.453,6.849,0.057,-584.9,-586.9,-12.33,4.0,386.0,110,150
2026-09-06T11:18:40+00:00,OVERROUND,False,Solana price on September 7?,2026-09-07,9,1.9325,3.806,0.059,-280.6,-282.6,-12.31,18.0,2129.0,110,150
2026-09-06T11:18:40+00:00,OVERROUND,False,Ethereum price on September 8?,2026-09-08,9,1.889,2.925,0.853,-192.5,-194.5,-3.77,70.0,7964.0,2000,2900
2026-09-06T11:18:40+00:00,OVERROUND,False,Ethereum price on September 9?,2026-09-09,9,1.816,2.763,0.869,-176.3,-178.3,-3.58,224.0,10057.0,1900,2800
2026-09-06T11:18:40+00:00,OVERROUND,False,Ethereum price on September 11?,2026-09-11,9,1.652,2.562,0.742,-156.2,-158.2,-5.06,285.0,4344.0,2000,2900
2026-09-06T11:18:40+00:00,OVERROUND,False,Ethereum price on September 10?,2026-09-10,9,1.526,2.192,0.86,-119.2,-121.2,-3.69,41.0,1799.0,2100,3000
2026-09-06T11:18:40+00:00,OVERROUND,False,Bitcoin price on September 10?,2026-09-10,9,1.185,1.55,0.82,-55.0,-57.0,-4.16,620.0,8180.0,72000,90000
2026-09-06T11:18:40+00:00,OVERROUND,False,Ethereum price on September 7?,2026-09-07,9,1.046,1.133,0.959,-13.3,-15.3,-2.5,1070.0,29025.0,2000,2900
2026-09-06T11:18:40+00:00,OVERROUND,False,Ethereum price on September 6?,2026-09-06,9,1.0255,1.072,0.979,-7.2,-9.2,-2.26,507.0,20894.0,2000,2900
2026-09-06T11:30:42+00:00,OVERROUND,False,Solana price on September 10?,2026-09-10,9,4.475,8.87,0.08,-787.0,-789.0,-12.11,0.0,2.0,110,150
2026-09-06T11:30:42+00:00,OVERROUND,False,Solana price on September 11?,2026-09-11,9,4.421,8.761,0.081,-776.1,-778.1,-12.1,5.0,85.0,110,150
2026-09-06T11:30:42+00:00,OVERROUND,False,Solana price on September 9?,2026-09-09,9,3.6655,7.173,0.158,-617.3,-619.3,-11.33,14.0,273.0,110,140
2026-09-06T11:30:42+00:00,OVERROUND,False,Solana price on September 8?,2026-09-08,9,3.445,6.83,0.06,-583.0,-585.0,-12.3,4.0,391.0,110,150
2026-09-06T11:30:42+00:00,OVERROUND,False,Solana price on September 7?,2026-09-07,9,1.9275,3.786,0.069,-278.6,-280.6,-12.22,23.0,2293.0,110,150
2026-09-06T11:30:42+00:00,OVERROUND,False,Ethereum price on September 8?,2026-09-08,9,1.675,2.477,0.873,-147.7,-149.7,-3.53,212.0,7984.0,2000,2900
2026-09-06T11:30:42+00:00,OVERROUND,False,Ethereum price on September 11?,2026-09-11,9,1.608,2.474,0.742,-147.4,-149.4,-5.06,322.0,4939.0,2000,2900
2026-09-06T11:30:42+00:00,OVERROUND,False,Ethereum price on September 9?,2026-09-09,9,1.6415,2.408,0.875,-140.8,-142.8,-3.51,225.0,10098.0,1900,2800
2026-09-06T11:30:42+00:00,OVERROUND,False,Ethereum price on September 10?,2026-09-10,9,1.511,2.162,0.86,-116.2,-118.2,-3.69,42.0,1825.0,2100,3000
2026-09-06T11:30:42+00:00,OVERROUND,False,Bitcoin price on September 10?,2026-09-10,9,1.185,1.55,0.82,-55.0,-57.0,-4.16,623.0,8358.0,72000,90000
2026-09-06T11:30:42+00:00,OVERROUND,False,Bitcoin price on September 9?,2026-09-09,9,1.062,1.303,0.821,-30.3,-32.3,-4.14,292.0,6337.0,68000,86000
2026-09-06T11:30:42+00:00,OVERROUND,False,Ethereum price on September 7?,2026-09-07,9,1.036,1.113,0.959,-11.3,-13.3,-2.5,952.0,29398.0,2000,2900
2026-09-06T11:30:42+00:00,OVERROUND,False,Ethereum price on September 6?,2026-09-06,9,1.034,1.079,0.989,-7.9,-9.9,-2.13,684.0,20434.0,2000,2900
2026-09-06T11:42:37+00:00,OVERROUND,False,Solana price on September 10?,2026-09-10,9,4.495,8.91,0.08,-791.0,-793.0,-12.11,0.0,1.0,110,150
2026-09-06T11:42:37+00:00,OVERROUND,False,Solana price on September 11?,2026-09-11,9,4.427,8.772,0.082,-777.2,-779.2,-12.09,5.0,86.0,110,150
2026-09-06T11:42:37+00:00,OVERROUND,False,Solana price on September 9?,2026-09-09,9,3.708,7.248,0.168,-624.8,-626.8,-11.23,20.0,354.0,110,140
2026-09-06T11:42:37+00:00,OVERROUND,False,Solana price on September 8?,2026-09-08,9,3.4555,6.851,0.06,-585.1,-587.1,-12.3,7.0,401.0,110,150
2026-09-06T11:42:37+00:00,OVERROUND,False,Ethereum price on September 11?,2026-09-11,9,2.2905,3.839,0.742,-283.9,-285.9,-5.06,49.0,3475.0,2000,2900
2026-09-06T11:42:37+00:00,OVERROUND,False,Solana price on September 7?,2026-09-07,9,1.915,3.761,0.069,-276.1,-278.1,-12.22,23.0,2257.0,110,150
2026-09-06T11:42:37+00:00,OVERROUND,False,Ethereum price on September 8?,2026-09-08,9,1.8785,2.886,0.871,-188.6,-190.6,-3.56,229.0,8314.0,2000,2900
2026-09-06T11:42:37+00:00,OVERROUND,False,Ethereum price on September 9?,2026-09-09,9,1.581,2.286,0.876,-128.6,-130.6,-3.5,244.0,10099.0,1900,2800
2026-09-06T11:42:37+00:00,OVERROUND,False,Ethereum price on September 10?,2026-09-10,9,1.511,2.172,0.85,-117.2,-119.2,-3.8,47.0,1775.0,2100,3000
2026-09-06T11:42:37+00:00,OVERROUND,False,Bitcoin price on September 10?,2026-09-10,9,1.185,1.56,0.81,-56.0,-58.0,-4.27,166.0,7943.0,72000,90000
2026-09-06T11:42:37+00:00,OVERROUND,False,Ethereum price on September 7?,2026-09-07,9,1.1145,1.27,0.959,-27.0,-29.0,-2.5,1200.0,35162.0,2000,2900
2026-09-06T11:42:37+00:00,OVERROUND,False,Ethereum price on September 6?,2026-09-06,9,1.04,1.131,0.949,-13.1,-15.1,-2.62,638.0,19970.0,2000,2900
2026-09-06T11:42:37+00:00,OVERROUND,False,Bitcoin price on September 6?,2026-09-06,9,1.023,1.076,0.97,-7.6,-9.6,-2.37,3824.0,67049.0,70000,88000
2026-09-06T11:54:34+00:00,OVERROUND,False,Solana price on September 10?,2026-09-10,9,4.475,8.87,0.08,-787.0,-789.0,-12.11,0.0,9.0,110,150
2026-09-06T11:54:34+00:00,OVERROUND,False,Solana price on September 11?,2026-09-11,9,4.42,8.758,0.082,-775.8,-777.8,-12.09,5.0,87.0,110,150
2026-09-06T11:54:34+00:00,OVERROUND,False,Solana price on September 9?,2026-09-09,9,3.58,6.992,0.168,-599.2,-601.2,-11.23,14.0,524.0,110,140
2026-09-06T11:54:34+00:00,OVERROUND,False,Solana price on September 8?,2026-09-08,9,3.4315,6.803,0.06,-580.3,-582.3,-12.3,4.0,398.0,110,150
2026-09-06T11:54:34+00:00,OVERROUND,False,Solana price on September 7?,2026-09-07,9,1.907,3.745,0.069,-274.5,-276.5,-12.22,25.0,2231.0,110,150
2026-09-06T11:54:34+00:00,OVERROUND,False,Bitcoin price on September 11?,2026-09-11,9,1.6915,3.175,0.208,-217.5,-219.5,-10.83,216.0,5762.0,70000,88000
2026-09-06T11:54:34+00:00,OVERROUND,False,Ethereum price on September 10?,2026-09-10,9,1.6605,2.461,0.86,-146.1,-148.1,-3.69,54.0,1733.0,2100,3000
2026-09-06T11:54:34+00:00,OVERROUND,False,Bitcoin price on September 10?,2026-09-10,9,1.4795,2.449,0.51,-144.9,-146.9,-7.66,512.0,7148.0,72000,90000
2026-09-06T11:54:34+00:00,OVERROUND,False,Ethereum price on September 11?,2026-09-11,9,1.0465,1.273,0.82,-27.3,-29.3,-4.16,2777.0,27886.0,2000,2900
2026-09-06T11:54:34+00:00,OVERROUND,False,Ethereum price on September 8?,2026-09-08,9,1.033,1.173,0.893,-17.3,-19.3,-3.29,3130.0,35528.0,2000,2900
2026-09-06T11:54:34+00:00,OVERROUND,False,Ethereum price on September 9?,2026-09-09,9,1.025,1.167,0.883,-16.7,-18.7,-3.41,499.0,32203.0,1900,2800
2026-09-06T11:54:34+00:00,OVERROUND,False,Ethereum price on September 7?,2026-09-07,9,1.0455,1.12,0.971,-12.0,-14.0,-2.35,3911.0,61975.0,2000,2900
2026-09-06T11:54:34+00:00,OVERROUND,False,Ethereum price on September 6?,2026-09-06,9,1.0305,1.083,0.978,-8.3,-10.3,-2.27,3576.0,58416.0,2000,2900
2026-09-06T11:54:34+00:00,OVERROUND,False,Bitcoin price on September 6?,2026-09-06,9,1.021,1.072,0.97,-7.2,-9.2,-2.37,3909.0,72926.0,70000,88000
2026-09-06T12:08:06+00:00,OVERROUND,False,Solana price on September 10?,2026-09-10,9,4.495,8.91,0.08,-791.0,-793.0,-12.11,0.0,1.0,110,150
2026-09-06T12:08:06+00:00,OVERROUND,False,Bitcoin price on September 11?,2026-09-11,9,1.4465,2.655,0.238,-165.5,-167.5,-10.52,288.0,6059.0,70000,88000
2026-09-06T12:08:06+00:00,OVERROUND,False,Ethereum price on September 10?,2026-09-10,9,1.5955,2.331,0.86,-133.1,-135.1,-3.69,63.0,1984.0,2100,3000
2026-09-06T12:08:06+00:00,OVERROUND,False,Bitcoin price on September 10?,2026-09-10,9,1.2745,2.019,0.53,-101.9,-103.9,-7.44,582.0,7995.0,72000,90000
2026-09-06T12:08:06+00:00,OVERROUND,False,Solana price on September 11?,2026-09-11,9,1.1,1.291,0.909,-29.1,-31.1,-3.1,885.0,8218.0,110,150
2026-09-06T12:08:06+00:00,OVERROUND,False,Solana price on September 9?,2026-09-09,9,1.0995,1.273,0.926,-27.3,-29.3,-2.9,193.0,8244.0,110,140
2026-09-06T12:08:06+00:00,OVERROUND,False,Solana price on September 8?,2026-09-08,9,1.066,1.235,0.897,-23.5,-25.5,-3.25,109.0,6670.0,110,150
2026-09-06T12:08:06+00:00,OVERROUND,False,Ethereum price on September 11?,2026-09-11,9,1.0245,1.229,0.82,-22.9,-24.9,-4.16,2983.0,28411.0,2000,2900
2026-09-06T12:08:06+00:00,OVERROUND,False,Solana price on September 7?,2026-09-07,9,1.069,1.21,0.928,-21.0,-23.0,-2.87,210.0,11094.0,110,150
2026-09-06T12:08:06+00:00,OVERROUND,False,Ethereum price on September 8?,2026-09-08,9,1.0335,1.173,0.894,-17.3,-19.3,-3.28,3129.0,35120.0,2000,2900
2026-09-06T12:08:06+00:00,OVERROUND,False,Ethereum price on September 9?,2026-09-09,9,1.028,1.173,0.883,-17.3,-19.3,-3.41,2949.0,34877.0,1900,2800
2026-09-06T12:08:06+00:00,OVERROUND,False,Ethereum price on September 7?,2026-09-07,9,1.0515,1.124,0.979,-12.4,-14.4,-2.26,3749.0,60502.0,2000,2900
2026-09-06T12:08:06+00:00,OVERROUND,False,Ethereum price on September 6?,2026-09-06,9,1.0315,1.096,0.968,-9.6,-11.6,-2.39,3640.0,57996.0,2000,2900
2026-09-06T12:08:06+00:00,OVERROUND,False,Bitcoin price on September 6?,2026-09-06,9,1.0275,1.085,0.97,-8.5,-10.5,-2.37,2674.0,58543.0,70000,88000
2026-09-06T12:21:54+00:00,OVERROUND,False,Solana price on September 10?,2026-09-10,9,4.48,8.88,0.08,-788.0,-790.0,-12.11,0.0,7.0,110,150
2026-09-06T12:21:54+00:00,OVERROUND,False,Ethereum price on September 10?,2026-09-10,9,1.4805,2.101,0.86,-110.1,-112.1,-3.69,85.0,2030.0,2100,3000
2026-09-06T12:21:54+00:00,OVERROUND,False,Bitcoin price on September 10?,2026-09-10,9,1.2395,1.949,0.53,-94.9,-96.9,-7.44,592.0,7842.0,72000,90000
2026-09-06T12:21:54+00:00,OVERROUND,False,Solana price on September 11?,2026-09-11,9,1.097,1.306,0.888,-30.6,-32.6,-3.35,859.0,8105.0,110,150
2026-09-06T12:21:54+00:00,OVERROUND,False,Solana price on September 9?,2026-09-09,9,1.106,1.296,0.916,-29.6,-31.6,-3.02,937.0,9209.0,110,140
2026-09-06T12:21:54+00:00,OVERROUND,False,Solana price on September 8?,2026-09-08,9,1.07,1.231,0.909,-23.1,-25.1,-3.1,280.0,7875.0,110,150
2026-09-06T12:21:54+00:00,OVERROUND,False,Ethereum price on September 11?,2026-09-11,9,1.0245,1.229,0.82,-22.9,-24.9,-4.16,2723.0,27724.0,2000,2900
2026-09-06T12:21:54+00:00,OVERROUND,False,Solana price on September 7?,2026-09-07,9,1.0675,1.196,0.939,-19.6,-21.6,-2.74,267.0,9509.0,110,150
2026-09-06T12:21:54+00:00,OVERROUND,False,Ethereum price on September 9?,2026-09-09,9,1.025,1.173,0.877,-17.3,-19.3,-3.48,2733.0,34255.0,1900,2800
2026-09-06T12:21:54+00:00,OVERROUND,False,Ethereum price on September 8?,2026-09-08,9,1.0255,1.157,0.894,-15.7,-17.7,-3.28,2894.0,34196.0,2000,2900
2026-09-06T12:21:54+00:00,OVERROUND,False,Ethereum price on September 7?,2026-09-07,9,1.0465,1.109,0.984,-10.9,-12.9,-2.2,3789.0,60690.0,2000,2900
2026-09-06T12:21:54+00:00,OVERROUND,False,Ethereum price on September 6?,2026-09-06,9,1.042,1.105,0.979,-10.5,-12.5,-2.26,3537.0,57774.0,2000,2900
2026-09-06T12:36:15+00:00,OVERROUND,False,Solana price on September 10?,2026-09-10,9,4.475,8.87,0.08,-787.0,-789.0,-12.11,0.0,16.0,110,150
2026-09-06T12:36:15+00:00,OVERROUND,False,Solana price on September 11?,2026-09-11,9,3.4505,6.0,0.901,-500.0,-502.0,-3.2,7.0,3703.0,110,150
2026-09-06T12:36:15+00:00,OVERROUND,False,Solana price on September 9?,2026-09-09,9,2.5815,4.427,0.736,-342.7,-344.7,-5.13,39.0,3360.0,110,140
2026-09-06T12:36:15+00:00,OVERROUND,False,Solana price on September 8?,2026-09-08,9,1.969,3.149,0.789,-214.9,-216.9,-4.52,6.0,2616.0,110,150
2026-09-06T12:36:15+00:00,OVERROUND,False,Ethereum price on September 10?,2026-09-10,9,1.4405,2.021,0.86,-102.1,-104.1,-3.69,101.0,1948.0,2100,3000
2026-09-06T12:36:15+00:00,OVERROUND,False,Bitcoin price on September 10?,2026-09-10,9,1.2295,1.929,0.53,-92.9,-94.9,-7.44,644.0,7985.0,72000,90000
2026-09-06T12:36:15+00:00,OVERROUND,False,Solana price on September 7?,2026-09-07,9,1.0555,1.252,0.859,-25.2,-27.2,-3.7,211.0,8636.0,110,150
2026-09-06T12:36:15+00:00,OVERROUND,False,Ethereum price on September 9?,2026-09-09,9,1.029,1.173,0.885,-17.3,-19.3,-3.39,2885.0,34516.0,1900,2800
2026-09-06T12:36:15+00:00,OVERROUND,False,Ethereum price on September 8?,2026-09-08,9,1.0395,1.171,0.908,-17.1,-19.1,-3.11,2894.0,34402.0,2000,2900
2026-09-06T12:36:15+00:00,OVERROUND,False,Ethereum price on September 6?,2026-09-06,9,1.0335,1.115,0.952,-11.5,-13.5,-2.58,725.0,57528.0,2000,2900
2026-09-06T12:36:15+00:00,OVERROUND,False,Ethereum price on September 7?,2026-09-07,9,1.027,1.115,0.939,-11.5,-13.5,-2.74,3879.0,61011.0,2000,2900
2026-09-06T12:36:15+00:00,OVERROUND,False,Bitcoin price on September 6?,2026-09-06,9,1.0215,1.073,0.97,-7.3,-9.3,-2.37,7053.0,102146.0,70000,88000
2026-09-06T12:48:31+00:00,OVERROUND,False,Solana price on September 10?,2026-09-10,9,4.475,8.87,0.08,-787.0,-789.0,-12.11,0.0,5.0,110,150
2026-09-06T12:48:31+00:00,OVERROUND,False,Ethereum price on September 10?,2026-09-10,9,1.4405,2.031,0.85,-103.1,-105.1,-3.8,100.0,2064.0,2100,3000
2026-09-06T12:48:31+00:00,OVERROUND,False,Bitcoin price on September 10?,2026-09-10,9,1.2395,1.929,0.55,-92.9,-94.9,-7.22,532.0,7807.0,72000,90000
2026-09-06T12:48:31+00:00,OVERROUND,False,Solana price on September 11?,2026-09-11,9,1.095,1.299,0.891,-29.9,-31.9,-3.32,876.0,8080.0,110,150
2026-09-06T12:48:31+00:00,OVERROUND,False,Solana price on September 9?,2026-09-09,9,1.091,1.256,0.926,-25.6,-27.6,-2.9,92.0,8590.0,110,140
2026-09-06T12:48:31+00:00,OVERROUND,False,Solana price on September 8?,2026-09-08,9,1.0555,1.222,0.889,-22.2,-24.2,-3.34,75.0,6578.0,110,150
2026-09-06T12:48:31+00:00,OVERROUND,False,Ethereum price on September 11?,2026-09-11,9,1.0255,1.221,0.83,-22.1,-24.1,-4.04,2763.0,28587.0,2000,2900
2026-09-06T12:48:31+00:00,OVERROUND,False,Solana price on September 7?,2026-09-07,9,1.0725,1.202,0.943,-20.2,-22.2,-2.69,1159.0,14487.0,110,150
2026-09-06T12:48:31+00:00,OVERROUND,False,Ethereum price on September 8?,2026-09-08,9,1.0445,1.184,0.905,-18.4,-20.4,-3.15,2785.0,34566.0,2000,2900
2026-09-06T12:48:31+00:00,OVERROUND,False,Ethereum price on September 9?,2026-09-09,9,1.0245,1.165,0.884,-16.5,-18.5,-3.4,2992.0,34858.0,1900,2800
2026-09-06T12:48:31+00:00,OVERROUND,False,Ethereum price on September 6?,2026-09-06,9,1.032,1.143,0.921,-14.3,-16.3,-2.96,580.0,56734.0,2000,2900
2026-09-06T12:48:31+00:00,OVERROUND,False,Ethereum price on September 7?,2026-09-07,9,1.0425,1.137,0.948,-13.7,-15.7,-2.63,3850.0,61481.0,2000,2900
2026-09-06T12:48:31+00:00,OVERROUND,False,Bitcoin price on September 6?,2026-09-06,9,1.0225,1.085,0.96,-8.5,-10.5,-2.49,7292.0,147902.0,70000,88000
2026-09-06T13:01:03+00:00,OVERROUND,False,Solana price on September 10?,2026-09-10,9,4.475,8.87,0.08,-787.0,-789.0,-12.11,0.0,10.0,110,150
2026-09-06T13:01:03+00:00,OVERROUND,False,Solana price on September 11?,2026-09-11,9,4.308,8.515,0.101,-751.5,-753.5,-11.9,10.0,162.0,110,150
2026-09-06T13:01:03+00:00,OVERROUND,False,Solana price on September 9?,2026-09-09,9,3.646,7.136,0.156,-613.6,-615.6,-11.35,14.0,421.0,110,140
2026-09-06T13:01:03+00:00,OVERROUND,False,Solana price on September 8?,2026-09-08,9,2.9425,5.836,0.049,-483.6,-485.6,-12.41,5.0,461.0,110,150
2026-09-06T13:01:03+00:00,OVERROUND,False,Solana price on September 7?,2026-09-07,9,1.9675,3.876,0.059,-287.6,-289.6,-12.31,15.0,2341.0,110,150
2026-09-06T13:01:03+00:00,OVERROUND,False,Ethereum price on September 10?,2026-09-10,9,1.445,2.04,0.85,-104.0,-106.0,-3.8,67.0,1879.0,2100,3000
2026-09-06T13:01:03+00:00,OVERROUND,False,Bitcoin price on September 10?,2026-09-10,9,1.2395,1.909,0.57,-90.9,-92.9,-7.0,598.0,7727.0,72000,90000
2026-09-06T13:01:03+00:00,OVERROUND,False,Ethereum price on September 11?,2026-09-11,9,1.0255,1.231,0.82,-23.1,-25.1,-4.16,2893.0,28498.0,2000,2900
2026-09-06T13:01:03+00:00,OVERROUND,False,Ethereum price on September 8?,2026-09-08,9,1.037,1.183,0.891,-18.3,-20.3,-3.32,3175.0,34697.0,2000,2900
2026-09-06T13:01:03+00:00,OVERROUND,False,Ethereum price on September 9?,2026-09-09,9,1.029,1.169,0.889,-16.9,-18.9,-3.34,2938.0,34062.0,1900,2800
2026-09-06T13:01:03+00:00,OVERROUND,False,Ethereum price on September 6?,2026-09-06,9,1.0355,1.14,0.931,-14.0,-16.0,-2.84,902.0,53611.0,2000,2900
2026-09-06T13:01:03+00:00,OVERROUND,False,Ethereum price on September 7?,2026-09-07,9,1.032,1.115,0.949,-11.5,-13.5,-2.62,3480.0,55735.0,2000,2900
2026-09-06T13:01:03+00:00,OVERROUND,False,Bitcoin price on September 6?,2026-09-06,9,1.0325,1.085,0.98,-8.5,-10.5,-2.24,7363.0,147725.0,70000,88000
2026-09-06T13:13:26+00:00,OVERROUND,False,Solana price on September 10?,2026-09-10,9,4.475,8.87,0.08,-787.0,-789.0,-12.11,0.0,5.0,110,150
2026-09-06T13:13:26+00:00,OVERROUND,False,Solana price on September 11?,2026-09-11,9,4.3545,8.607,0.102,-760.7,-762.7,-11.89,7.0,132.0,110,150
2026-09-06T13:13:26+00:00,OVERROUND,False,Solana price on September 9?,2026-09-09,9,3.6535,7.151,0.156,-615.1,-617.1,-11.35,17.0,395.0,110,140
2026-09-06T13:13:26+00:00,OVERROUND,False,Solana price on September 8?,2026-09-08,9,2.9655,5.882,0.049,-488.2,-490.2,-12.41,7.0,463.0,110,150
2026-09-06T13:13:26+00:00,OVERROUND,False,Solana price on September 7?,2026-09-07,9,1.9495,3.839,0.06,-283.9,-285.9,-12.3,16.0,2112.0,110,150
2026-09-06T13:13:26+00:00,OVERROUND,False,Ethereum price on September 10?,2026-09-10,9,1.43,2.02,0.84,-102.0,-104.0,-3.92,98.0,1973.0,2100,3000
2026-09-06T13:13:26+00:00,OVERROUND,False,Bitcoin price on September 10?,2026-09-10,9,1.2345,1.909,0.56,-90.9,-92.9,-7.11,401.0,7275.0,72000,90000
2026-09-06T13:13:26+00:00,OVERROUND,False,Ethereum price on September 11?,2026-09-11,9,1.0305,1.231,0.83,-23.1,-25.1,-4.04,2776.0,27761.0,2000,2900
2026-09-06T13:13:26+00:00,OVERROUND,False,Ethereum price on September 9?,2026-09-09,9,1.031,1.168,0.894,-16.8,-18.8,-3.28,2738.0,33336.0,1900,2800
2026-09-06T13:13:26+00:00,OVERROUND,False,Ethereum price on September 8?,2026-09-08,9,1.0405,1.163,0.918,-16.3,-18.3,-2.99,2784.0,33501.0,2000,2900
2026-09-06T13:13:26+00:00,OVERROUND,False,Ethereum price on September 6?,2026-09-06,9,1.0255,1.132,0.919,-13.2,-15.2,-2.98,813.0,49742.0,2000,2900
2026-09-06T13:13:26+00:00,OVERROUND,False,Ethereum price on September 7?,2026-09-07,9,1.0295,1.11,0.949,-11.0,-13.0,-2.62,3439.0,58279.0,2000,2900
2026-09-06T13:25:38+00:00,OVERROUND,False,Solana price on September 10?,2026-09-10,9,4.49,8.9,0.08,-790.0,-792.0,-12.11,0.0,7.0,110,150
2026-09-06T13:25:38+00:00,OVERROUND,False,Solana price on September 11?,2026-09-11,9,4.3685,8.635,0.102,-763.5,-765.5,-11.89,7.0,130.0,110,150
2026-09-06T13:25:38+00:00,OVERROUND,False,Solana price on September 9?,2026-09-09,9,3.6085,7.061,0.156,-606.1,-608.1,-11.35,13.0,430.0,110,140
2026-09-06T13:25:38+00:00,OVERROUND,False,Solana price on September 8?,2026-09-08,9,2.957,5.865,0.049,-486.5,-488.5,-12.41,6.0,457.0,110,150
2026-09-06T13:25:38+00:00,OVERROUND,False,Solana price on September 7?,2026-09-07,9,1.952,3.834,0.07,-283.4,-285.4,-12.21,17.0,2093.0,110,150
2026-09-06T13:25:38+00:00,OVERROUND,False,Ethereum price on September 10?,2026-09-10,9,1.44,2.04,0.84,-104.0,-106.0,-3.92,97.0,1956.0,2100,3000
2026-09-06T13:25:38+00:00,OVERROUND,False,Bitcoin price on September 10?,2026-09-10,9,1.2395,1.919,0.56,-91.9,-93.9,-7.11,768.0,7794.0,72000,90000
2026-09-06T13:25:38+00:00,OVERROUND,False,Ethereum price on September 11?,2026-09-11,9,1.0295,1.239,0.82,-23.9,-25.9,-4.16,2953.0,28432.0,2000,2900
2026-09-06T13:25:38+00:00,OVERROUND,False,Ethereum price on September 9?,2026-09-09,9,1.036,1.175,0.897,-17.5,-19.5,-3.25,2735.0,33727.0,1900,2800
2026-09-06T13:25:38+00:00,OVERROUND,False,Ethereum price on September 8?,2026-09-08,9,1.045,1.172,0.918,-17.2,-19.2,-2.99,2796.0,33827.0,2000,2900
2026-09-06T13:25:38+00:00,OVERROUND,False,Ethereum price on September 7?,2026-09-07,9,1.0505,1.122,0.979,-12.2,-14.2,-2.26,3840.0,57616.0,2000,2900
2026-09-06T13:25:38+00:00,OVERROUND,False,Bitcoin price on September 7?,2026-09-07,9,1.022,1.083,0.961,-8.3,-10.3,-2.48,2921.0,93353.0,70000,88000
2026-09-06T13:39:08+00:00,OVERROUND,False,Solana price on September 10?,2026-09-10,9,4.475,8.87,0.08,-787.0,-789.0,-12.11,0.0,3.0,110,150
2026-09-06T13:39:08+00:00,OVERROUND,False,Solana price on September 11?,2026-09-11,9,4.3815,8.661,0.102,-766.1,-768.1,-11.89,5.0,106.0,110,150
2026-09-06T13:39:08+00:00,OVERROUND,False,Solana price on September 9?,2026-09-09,9,3.655,7.142,0.168,-614.2,-616.2,-11.23,17.0,462.0,110,140
2026-09-06T13:39:08+00:00,OVERROUND,False,Solana price on September 8?,2026-09-08,9,2.9525,5.853,0.052,-485.3,-487.3,-12.38,5.0,477.0,110,150
2026-09-06T13:39:08+00:00,OVERROUND,False,Solana price on September 7?,2026-09-07,9,1.951,3.843,0.059,-284.3,-286.3,-12.31,19.0,2180.0,110,150
2026-09-06T13:39:08+00:00,OVERROUND,False,Ethereum price on September 10?,2026-09-10,9,1.43,2.03,0.83,-103.0,-105.0,-4.04,77.0,1734.0,2100,3000
2026-09-06T13:39:08+00:00,OVERROUND,False,Bitcoin price on September 10?,2026-09-10,9,1.2445,1.909,0.58,-90.9,-92.9,-6.89,386.0,6733.0,72000,90000
2026-09-06T13:39:08+00:00,OVERROUND,False,Ethereum price on September 11?,2026-09-11,9,1.0395,1.259,0.82,-25.9,-27.9,-4.16,2772.0,27958.0,2000,2900
2026-09-06T13:39:08+00:00,OVERROUND,False,Ethereum price on September 9?,2026-09-09,9,1.042,1.186,0.898,-18.6,-20.6,-3.23,3130.0,35364.0,1900,2800
2026-09-06T13:39:08+00:00,OVERROUND,False,Ethereum price on September 8?,2026-09-08,9,1.032,1.164,0.9,-16.4,-18.4,-3.21,2871.0,34124.0,2000,2900
2026-09-06T13:39:08+00:00,OVERROUND,False,Ethereum price on September 7?,2026-09-07,9,1.0485,1.149,0.948,-14.9,-16.9,-2.63,3820.0,58993.0,2000,2900
2026-09-06T13:39:08+00:00,OVERROUND,False,Ethereum price on September 6?,2026-09-06,9,1.032,1.135,0.929,-13.5,-15.5,-2.86,647.0,52467.0,2000,2900
2026-09-06T13:39:08+00:00,OVERROUND,False,Bitcoin price on September 6?,2026-09-06,9,1.029,1.07,0.988,-7.0,-9.0,-2.15,7265.0,147754.0,70000,88000
2026-09-06T13:53:35+00:00,OVERROUND,False,Solana price on September 10?,2026-09-10,9,4.495,8.91,0.08,-791.0,-793.0,-12.11,0.0,1.0,110,150
2026-09-06T13:53:35+00:00,OVERROUND,False,Bitcoin price on September 10?,2026-09-10,9,1.87,3.31,0.43,-231.0,-233.0,-8.52,46.0,1042.0,72000,90000
2026-09-06T13:53:35+00:00,OVERROUND,False,Ethereum price on September 10?,2026-09-10,9,1.845,2.88,0.81,-188.0,-190.0,-4.27,20.0,963.0,2100,3000
2026-09-06T13:53:35+00:00,OVERROUND,False,Solana price on September 11?,2026-09-11,9,1.0925,1.278,0.907,-27.8,-29.8,-3.13,865.0,8133.0,110,150
2026-09-06T13:53:35+00:00,OVERROUND,False,Solana price on September 9?,2026-09-09,9,1.0945,1.263,0.926,-26.3,-28.3,-2.9,904.0,8927.0,110,140
2026-09-06T13:53:35+00:00,OVERROUND,False,Ethereum price on September 11?,2026-09-11,9,1.033,1.236,0.83,-23.6,-25.6,-4.04,2995.0,28018.0,2000,2900
2026-09-06T13:53:35+00:00,OVERROUND,False,Solana price on September 8?,2026-09-08,9,1.057,1.215,0.899,-21.5,-23.5,-3.22,158.0,7795.0,110,150
2026-09-06T13:53:35+00:00,OVERROUND,False,Solana price on September 7?,2026-09-07,9,1.081,1.207,0.955,-20.7,-22.7,-2.55,230.0,10443.0,110,150
2026-09-06T13:53:35+00:00,OVERROUND,False,Ethereum price on September 9?,2026-09-09,9,1.0375,1.197,0.878,-19.7,-21.7,-3.47,2873.0,33886.0,1900,2800
2026-09-06T13:53:35+00:00,OVERROUND,False,Ethereum price on September 8?,2026-09-08,9,1.0385,1.178,0.899,-17.8,-19.8,-3.22,3148.0,34626.0,2000,2900
2026-09-06T13:53:35+00:00,OVERROUND,False,Ethereum price on September 7?,2026-09-07,9,1.0365,1.141,0.932,-14.1,-16.1,-2.83,3776.0,58694.0,2000,2900
2026-09-06T13:53:35+00:00,OVERROUND,False,Bitcoin price on September 7?,2026-09-07,9,1.0265,1.13,0.923,-13.0,-15.0,-2.93,6934.0,92286.0,70000,88000
2026-09-06T13:53:35+00:00,OVERROUND,False,Ethereum price on September 6?,2026-09-06,9,1.024,1.122,0.926,-12.2,-14.2,-2.9,1332.0,59905.0,2000,2900
2026-09-06T14:07:38+00:00,OVERROUND,False,Solana price on September 10?,2026-09-10,9,4.475,8.87,0.08,-787.0,-789.0,-12.11,0.0,7.0,110,150
2026-09-06T14:07:38+00:00,OVERROUND,False,Bitcoin price on September 11?,2026-09-11,9,2.059,3.978,0.14,-297.8,-299.8,-11.51,33.0,2206.0,70000,88000
2026-09-06T14:07:38+00:00,OVERROUND,False,Ethereum price on September 11?,2026-09-11,9,2.089,3.612,0.566,-261.2,-263.2,-7.04,32.0,17099.0,2000,2900
2026-09-06T14:07:38+00:00,OVERROUND,False,Bitcoin price on September 10?,2026-09-10,9,1.875,3.32,0.43,-232.0,-234.0,-8.52,44.0,1092.0,72000,90000
2026-09-06T14:07:38+00:00,OVERROUND,False,Solana price on September 8?,2026-09-08,9,1.9915,3.084,0.899,-208.4,-210.4,-3.22,3.0,4207.0,110,150
2026-09-06T14:07:38+00:00,OVERROUND,False,Ethereum price on September 10?,2026-09-10,9,1.915,3.02,0.81,-202.0,-204.0,-4.27,12.0,879.0,2100,3000
2026-09-06T14:07:38+00:00,OVERROUND,False,Solana price on September 11?,2026-09-11,9,1.574,2.237,0.911,-123.7,-125.7,-3.08,15.0,7158.0,110,150
2026-09-06T14:07:38+00:00,OVERROUND,False,Solana price on September 6?,2026-09-06,9,1.1615,1.523,0.8,-52.3,-54.3,-4.39,448.0,26197.0,110,150
2026-09-06T14:07:38+00:00,OVERROUND,False,Solana price on September 9?,2026-09-09,9,1.111,1.286,0.936,-28.6,-30.6,-2.78,176.0,7960.0,110,140
2026-09-06T14:07:38+00:00,OVERROUND,False,Bitcoin price on September 8?,2026-09-08,9,1.0575,1.226,0.889,-22.6,-24.6,-3.34,1927.0,41265.0,68000,86000
2026-09-06T14:07:38+00:00,OVERROUND,False,Solana price on September 7?,2026-09-07,9,1.0745,1.211,0.938,-21.1,-23.1,-2.75,133.0,8040.0,110,150
2026-09-06T14:07:38+00:00,OVERROUND,False,Ethereum price on September 9?,2026-09-09,9,1.035,1.199,0.871,-19.9,-21.9,-3.56,2872.0,34126.0,1900,2800
2026-09-06T14:07:38+00:00,OVERROUND,False,Ethereum price on September 8?,2026-09-08,9,1.038,1.176,0.9,-17.6,-19.6,-3.21,3151.0,34577.0,2000,2900
2026-09-06T14:07:38+00:00,OVERROUND,False,Bitcoin price on September 7?,2026-09-07,9,1.0445,1.156,0.933,-15.6,-17.6,-2.81,2046.0,47085.0,70000,88000
2026-09-06T14:21:43+00:00,OVERROUND,False,Solana price on September 10?,2026-09-10,9,4.475,8.87,0.08,-787.0,-789.0,-12.11,0.0,2.0,110,150
2026-09-06T14:21:43+00:00,OVERROUND,False,Solana price on September 12?,2026-09-12,9,3.7935,7.445,0.142,-644.5,-646.5,-11.49,10.0,177.0,110,150
2026-09-06T14:21:43+00:00,OVERROUND,False,Solana price on September 9?,2026-09-09,9,3.642,7.108,0.176,-610.8,-612.8,-11.15,28.0,538.0,110,140
2026-09-06T14:21:43+00:00,OVERROUND,False,Solana price on September 11?,2026-09-11,9,3.4655,6.83,0.101,-583.0,-585.0,-11.9,5.0,147.0,110,150
2026-09-06T14:21:43+00:00,OVERROUND,False,Solana price on September 8?,2026-09-08,9,2.9535,5.858,0.049,-485.8,-487.8,-12.41,4.0,478.0,110,150
2026-09-06T14:21:43+00:00,OVERROUND,False,Bitcoin price on September 10?,2026-09-10,9,1.885,3.29,0.48,-229.0,-231.0,-7.98,48.0,1099.0,72000,90000
2026-09-06T14:21:43+00:00,OVERROUND,False,Ethereum price on September 10?,2026-09-10,9,1.8995,2.999,0.8,-199.9,-201.9,-4.39,10.0,908.0,2100,3000
2026-09-06T14:21:43+00:00,OVERROUND,False,Solana price on September 7?,2026-09-07,9,1.6765,2.537,0.816,-153.7,-155.7,-4.2,136.0,3627.0,110,150
2026-09-06T14:21:43+00:00,OVERROUND,False,Ethereum price on September 11?,2026-09-11,9,1.049,1.308,0.79,-30.8,-32.8,-4.51,2834.0,27207.0,2000,2900
2026-09-06T14:21:43+00:00,OVERROUND,False,Ethereum price on September 9?,2026-09-09,9,1.048,1.198,0.898,-19.8,-21.8,-3.23,2750.0,34005.0,1900,2800
2026-09-06T14:21:43+00:00,OVERROUND,False,Ethereum price on September 8?,2026-09-08,9,1.047,1.191,0.903,-19.1,-21.1,-3.17,2867.0,34115.0,2000,2900
2026-09-06T14:21:43+00:00,OVERROUND,False,Ethereum price on September 7?,2026-09-07,9,1.0445,1.154,0.935,-15.4,-17.4,-2.79,3472.0,55889.0,2000,2900
2026-09-06T14:21:43+00:00,OVERROUND,False,Bitcoin price on September 7?,2026-09-07,9,1.0295,1.134,0.925,-13.4,-15.4,-2.91,6966.0,92245.0,70000,88000
2026-09-06T14:21:43+00:00,OVERROUND,False,Ethereum price on September 6?,2026-09-06,9,1.024,1.098,0.95,-9.8,-11.8,-2.61,3494.0,65090.0,2000,2900
2026-09-06T14:33:41+00:00,OVERROUND,False,Solana price on September 10?,2026-09-10,9,4.49,8.9,0.08,-790.0,-792.0,-12.11,0.0,3.0,110,150
2026-09-06T14:33:41+00:00,OVERROUND,False,Solana price on September 12?,2026-09-12,9,3.867,7.582,0.152,-658.2,-660.2,-11.39,5.0,152.0,110,150
2026-09-06T14:33:41+00:00,OVERROUND,False,Solana price on September 11?,2026-09-11,9,3.4315,6.761,0.102,-576.1,-578.1,-11.89,7.0,112.0,110,150
2026-09-06T14:33:41+00:00,OVERROUND,False,Solana price on September 9?,2026-09-09,9,3.3015,6.427,0.176,-542.7,-544.7,-11.15,27.0,548.0,110,140
2026-09-06T14:33:41+00:00,OVERROUND,False,Solana price on September 8?,2026-09-08,9,2.967,5.885,0.049,-488.5,-490.5,-12.41,4.0,478.0,110,150
2026-09-06T14:33:41+00:00,OVERROUND,False,Ethereum price on September 10?,2026-09-10,9,2.0345,3.589,0.48,-258.9,-260.9,-7.98,3.0,694.0,2100,3000
2026-09-06T14:33:41+00:00,OVERROUND,False,Bitcoin price on September 10?,2026-09-10,9,1.93,3.33,0.53,-233.0,-235.0,-7.44,31.0,2476.0,72000,90000
2026-09-06T14:33:41+00:00,OVERROUND,False,Solana price on September 7?,2026-09-07,9,1.926,3.076,0.776,-207.6,-209.6,-4.67,7.0,2980.0,110,150
2026-09-06T14:33:41+00:00,OVERROUND,False,Ethereum price on September 12?,2026-09-12,9,1.051,1.292,0.81,-29.2,-31.2,-4.27,2593.0,24764.0,2000,2900
2026-09-06T14:33:41+00:00,OVERROUND,False,Ethereum price on September 11?,2026-09-11,9,1.047,1.278,0.816,-27.8,-29.8,-4.2,2624.0,26779.0,2000,2900
2026-09-06T14:33:41+00:00,OVERROUND,False,Ethereum price on September 9?,2026-09-09,9,1.057,1.22,0.894,-22.0,-24.0,-3.28,2758.0,33689.0,1900,2800
2026-09-06T14:33:41+00:00,OVERROUND,False,Ethereum price on September 8?,2026-09-08,9,1.0515,1.2,0.903,-20.0,-22.0,-3.17,2778.0,32951.0,2000,2900
2026-09-06T14:33:41+00:00,OVERROUND,False,Ethereum price on September 7?,2026-09-07,9,1.0405,1.111,0.97,-11.1,-13.1,-2.37,3399.0,57784.0,2000,2900
2026-09-06T14:33:41+00:00,OVERROUND,False,Bitcoin price on September 7?,2026-09-07,9,1.032,1.089,0.975,-8.9,-10.9,-2.31,6722.0,93386.0,70000,88000
2026-09-06T14:46:38+00:00,OVERROUND,False,Solana price on September 10?,2026-09-10,9,4.475,8.87,0.08,-787.0,-789.0,-12.11,0.0,2.0,110,150
2026-09-06T14:46:38+00:00,OVERROUND,False,Solana price on September 12?,2026-09-12,9,4.3495,8.556,0.143,-755.6,-757.6,-11.48,2.0,110.0,110,150
2026-09-06T14:46:38+00:00,OVERROUND,False,Solana price on September 9?,2026-09-09,9,3.506,6.834,0.178,-583.4,-585.4,-11.13,20.0,433.0,110,140
2026-09-06T14:46:38+00:00,OVERROUND,False,Solana price on September 11?,2026-09-11,9,3.464,6.825,0.103,-582.5,-584.5,-11.88,5.0,76.0,110,150
2026-09-06T14:46:38+00:00,OVERROUND,False,Solana price on September 8?,2026-09-08,9,2.965,5.878,0.052,-487.8,-489.8,-12.38,5.0,480.0,110,150
2026-09-06T14:46:38+00:00,OVERROUND,False,Solana price on September 7?,2026-09-07,9,1.9255,3.74,0.111,-274.0,-276.0,-11.8,27.0,2246.0,110,150
2026-09-06T14:46:38+00:00,OVERROUND,False,Bitcoin price on September 10?,2026-09-10,9,1.985,3.42,0.55,-242.0,-244.0,-7.22,73.0,4349.0,72000,90000
2026-09-06T14:46:38+00:00,OVERROUND,False,Ethereum price on September 10?,2026-09-10,9,1.9395,3.379,0.5,-237.9,-239.9,-7.76,27.0,1181.0,2100,3000
2026-09-06T14:46:38+00:00,OVERROUND,False,Ethereum price on September 11?,2026-09-11,9,1.042,1.21,0.874,-21.0,-23.0,-3.52,3103.0,28696.0,2000,2900
2026-09-06T14:46:38+00:00,OVERROUND,False,Ethereum price on September 12?,2026-09-12,9,1.03,1.21,0.85,-21.0,-23.0,-3.8,2728.0,25338.0,2000,2900
2026-09-06T14:46:38+00:00,OVERROUND,False,Ethereum price on September 9?,2026-09-09,9,1.044,1.185,0.903,-18.5,-20.5,-3.17,3026.0,34900.0,1900,2800
2026-09-06T14:46:38+00:00,OVERROUND,False,Ethereum price on September 8?,2026-09-08,9,1.0475,1.174,0.921,-17.4,-19.4,-2.96,2754.0,38357.0,2000,2900
2026-09-06T14:46:38+00:00,OVERROUND,False,Ethereum price on September 7?,2026-09-07,9,1.0405,1.105,0.976,-10.5,-12.5,-2.29,3133.0,55128.0,2000,2900
2026-09-06T14:58:49+00:00,OVERROUND,False,Solana price on September 10?,2026-09-10,9,4.495,8.91,0.08,-791.0,-793.0,-12.11,0.0,1.0,110,150
2026-09-06T14:58:49+00:00,OVERROUND,False,Solana price on September 12?,2026-09-12,9,4.2825,8.422,0.143,-742.2,-744.2,-11.48,12.0,161.0,110,150
2026-09-06T14:58:49+00:00,OVERROUND,False,Solana price on September 11?,2026-09-11,9,3.9195,7.736,0.103,-673.6,-675.6,-11.88,7.0,80.0,110,150
2026-09-06T14:58:49+00:00,OVERROUND,False,Solana price on September 9?,2026-09-09,9,3.4095,6.641,0.178,-564.1,-566.1,-11.13,22.0,522.0,110,140
2026-09-06T14:58:49+00:00,OVERROUND,False,Solana price on September 8?,2026-09-08,9,2.956,5.86,0.052,-486.0,-488.0,-12.38,5.0,482.0,110,150
2026-09-06T14:58:49+00:00,OVERROUND,False,Solana price on September 7?,2026-09-07,9,1.924,3.737,0.111,-273.7,-275.7,-11.8,37.0,2262.0,110,150
2026-09-06T14:58:49+00:00,OVERROUND,False,Ethereum price on September 10?,2026-09-10,9,1.629,2.748,0.51,-174.8,-176.8,-7.66,51.0,1511.0,2100,3000
2026-09-06T14:58:49+00:00,OVERROUND,False,Bitcoin price on September 10?,2026-09-10,9,1.615,2.67,0.56,-167.0,-169.0,-7.11,491.0,5747.0,72000,90000
2026-09-06T14:58:49+00:00,OVERROUND,False,Bitcoin price on September 9?,2026-09-09,9,1.0395,1.237,0.842,-23.7,-25.7,-3.9,375.0,8669.0,68000,86000
2026-09-06T14:58:49+00:00,OVERROUND,False,Ethereum price on September 11?,2026-09-11,9,1.0435,1.223,0.864,-22.3,-24.3,-3.64,2773.0,27702.0,2000,2900
2026-09-06T14:58:49+00:00,OVERROUND,False,Ethereum price on September 8?,2026-09-08,9,1.073,1.221,0.925,-22.1,-24.1,-2.91,2785.0,38783.0,2000,2900
2026-09-06T14:58:49+00:00,OVERROUND,False,Ethereum price on September 12?,2026-09-12,9,1.0205,1.211,0.83,-21.1,-23.1,-4.04,2750.0,25838.0,2000,2900
2026-09-06T14:58:49+00:00,OVERROUND,False,Ethereum price on September 9?,2026-09-09,9,1.0485,1.188,0.909,-18.8,-20.8,-3.1,2841.0,33954.0,1900,2800
2026-09-06T14:58:49+00:00,OVERROUND,False,Ethereum price on September 7?,2026-09-07,9,1.0505,1.118,0.983,-11.8,-13.8,-2.21,3871.0,61397.0,2000,2900
2026-09-06T14:58:49+00:00,OVERROUND,False,Bitcoin price on September 7?,2026-09-07,9,1.021,1.086,0.956,-8.6,-10.6,-2.54,2699.0,47839.0,70000,88000
2026-09-06T15:11:14+00:00,OVERROUND,False,Solana price on September 10?,2026-09-10,9,4.495,8.91,0.08,-791.0,-793.0,-12.11,0.0,1.0,110,150
2026-09-06T15:11:14+00:00,OVERROUND,False,Solana price on September 12?,2026-09-12,9,4.264,8.385,0.143,-738.5,-740.5,-11.48,7.0,124.0,110,150
2026-09-06T15:11:14+00:00,OVERROUND,False,Solana price on September 11?,2026-09-11,9,3.906,7.709,0.103,-670.9,-672.9,-11.88,7.0,78.0,110,150
2026-09-06T15:11:14+00:00,OVERROUND,False,Solana price on September 9?,2026-09-09,9,3.458,6.738,0.178,-573.8,-575.8,-11.13,31.0,585.0,110,140
2026-09-06T15:11:14+00:00,OVERROUND,False,Solana price on September 8?,2026-09-08,9,2.6935,5.336,0.051,-433.6,-435.6,-12.39,5.0,500.0,110,150
2026-09-06T15:11:14+00:00,OVERROUND,False,Solana price on September 7?,2026-09-07,9,1.908,3.704,0.112,-270.4,-272.4,-11.79,42.0,2252.0,110,150
2026-09-06T15:11:14+00:00,OVERROUND,False,Ethereum price on September 10?,2026-09-10,9,1.794,3.108,0.48,-210.8,-212.8,-7.98,22.0,1387.0,2100,3000
2026-09-06T15:11:14+00:00,OVERROUND,False,Bitcoin price on September 10?,2026-09-10,9,1.73,2.91,0.55,-191.0,-193.0,-7.22,367.0,6617.0,72000,90000
2026-09-06T15:11:14+00:00,OVERROUND,False,Bitcoin price on September 9?,2026-09-09,9,1.0735,1.368,0.779,-36.8,-38.8,-4.63,467.0,9011.0,68000,86000
2026-09-06T15:11:14+00:00,OVERROUND,False,Ethereum price on September 11?,2026-09-11,9,1.0275,1.194,0.861,-19.4,-21.4,-3.67,2773.0,27692.0,2000,2900
2026-09-06T15:11:14+00:00,OVERROUND,False,Ethereum price on September 8?,2026-09-08,9,1.0375,1.165,0.91,-16.5,-18.5,-3.09,3159.0,39995.0,2000,2900
2026-09-06T15:11:14+00:00,OVERROUND,False,Ethereum price on September 9?,2026-09-09,9,1.0335,1.155,0.912,-15.5,-17.5,-3.07,2902.0,33563.0,1900,2800
2026-09-06T15:11:14+00:00,OVERROUND,False,Ethereum price on September 7?,2026-09-07,9,1.043,1.102,0.984,-10.2,-12.2,-2.2,3930.0,61249.0,2000,2900
2026-09-06T15:23:32+00:00,OVERROUND,False,Solana price on September 10?,2026-09-10,9,4.48,8.88,0.08,-788.0,-790.0,-12.11,0.0,5.0,110,150
2026-09-06T15:23:32+00:00,OVERROUND,False,Ethereum price on September 12?,2026-09-12,9,3.523,6.856,0.19,-585.6,-587.6,-11.01,30.0,574.0,2000,2900
2026-09-06T15:23:32+00:00,OVERROUND,False,Ethereum price on September 11?,2026-09-11,9,3.4565,6.763,0.15,-576.3,-578.3,-11.41,49.0,1197.0,2000,2900
2026-09-06T15:23:32+00:00,OVERROUND,False,Ethereum price on September 8?,2026-09-08,9,2.059,3.668,0.45,-266.8,-268.8,-8.3,126.0,7540.0,2000,2900
2026-09-06T15:23:32+00:00,OVERROUND,False,Ethereum price on September 9?,2026-09-09,9,2.1325,3.362,0.903,-236.2,-238.2,-3.17,242.0,9355.0,1900,2800
2026-09-06T15:23:32+00:00,OVERROUND,False,Ethereum price on September 10?,2026-09-10,9,1.8235,3.127,0.52,-212.7,-214.7,-7.55,20.0,1512.0,2100,3000
2026-09-06T15:23:32+00:00,OVERROUND,False,Bitcoin price on September 11?,2026-09-11,9,1.5585,2.847,0.27,-184.7,-186.7,-10.19,244.0,5830.0,70000,88000
2026-09-06T15:23:32+00:00,OVERROUND,False,Bitcoin price on September 10?,2026-09-10,9,1.65,2.72,0.58,-172.0,-174.0,-6.89,426.0,6413.0,72000,90000
2026-09-06T15:23:32+00:00,OVERROUND,False,Solana price on September 11?,2026-09-11,9,1.107,1.302,0.912,-30.2,-32.2,-3.07,854.0,8029.0,110,150
2026-09-06T15:23:32+00:00,OVERROUND,False,Solana price on September 12?,2026-09-12,9,1.094,1.295,0.893,-29.5,-31.5,-3.29,882.0,8515.0,110,150
2026-09-06T15:23:32+00:00,OVERROUND,False,Solana price on September 9?,2026-09-09,9,1.098,1.28,0.916,-28.0,-30.0,-3.02,889.0,9202.0,110,140
2026-09-06T15:23:32+00:00,OVERROUND,False,Solana price on September 8?,2026-09-08,9,1.0625,1.236,0.889,-23.6,-25.6,-3.34,159.0,8016.0,110,150
2026-09-06T15:23:32+00:00,OVERROUND,False,Ethereum price on September 7?,2026-09-07,9,1.0525,1.18,0.925,-18.0,-20.0,-2.91,661.0,27815.0,2000,2900
2026-09-06T15:23:32+00:00,OVERROUND,False,Bitcoin price on September 7?,2026-09-07,9,1.0245,1.123,0.926,-12.3,-14.3,-2.9,2262.0,44687.0,70000,88000
2026-09-06T15:37:43+00:00,OVERROUND,False,Solana price on September 10?,2026-09-10,9,4.47,8.86,0.08,-786.0,-788.0,-12.11,0.0,11.0,110,150
2026-09-06T15:37:43+00:00,OVERROUND,False,Ethereum price on September 11?,2026-09-11,9,3.092,6.034,0.15,-503.4,-505.4,-11.41,22.0,1591.0,2000,2900
2026-09-06T15:37:43+00:00,OVERROUND,False,Ethereum price on September 12?,2026-09-12,9,3.0855,5.981,0.19,-498.1,-500.1,-11.01,52.0,759.0,2000,2900
2026-09-06T15:37:43+00:00,OVERROUND,False,Bitcoin price on September 12?,2026-09-12,9,2.3375,4.485,0.19,-348.5,-350.5,-11.01,85.0,4544.0,70000,88000
2026-09-06T15:37:43+00:00,OVERROUND,False,Ethereum price on September 8?,2026-09-08,9,2.311,4.162,0.46,-316.2,-318.2,-8.2,112.0,9527.0,2000,2900
2026-09-06T15:37:43+00:00,OVERROUND,False,Solana price on September 8?,2026-09-08,9,1.9205,2.962,0.879,-196.2,-198.2,-3.46,63.0,6579.0,110,150
2026-09-06T15:37:43+00:00,OVERROUND,False,Solana price on September 9?,2026-09-09,9,1.861,2.816,0.906,-181.6,-183.6,-3.14,12.0,6132.0,110,140
2026-09-06T15:37:43+00:00,OVERROUND,False,Ethereum price on September 10?,2026-09-10,9,1.6835,2.677,0.69,-167.7,-169.7,-5.66,141.0,2077.0,2100,3000
2026-09-06T15:37:43+00:00,OVERROUND,False,Solana price on September 11?,2026-09-11,9,1.566,2.24,0.892,-124.0,-126.0,-3.31,5.0,7199.0,110,150
2026-09-06T15:37:43+00:00,OVERROUND,False,Bitcoin price on September 10?,2026-09-10,9,1.4,2.21,0.59,-121.0,-123.0,-6.78,421.0,5490.0,72000,90000
2026-09-06T15:37:43+00:00,OVERROUND,False,Solana price on September 12?,2026-09-12,9,1.5405,2.185,0.896,-118.5,-120.5,-3.26,68.0,7581.0,110,150
2026-09-06T15:37:43+00:00,OVERROUND,False,Bitcoin price on September 11?,2026-09-11,9,1.1735,2.017,0.33,-101.7,-103.7,-9.57,588.0,7344.0,70000,88000
2026-09-06T15:37:43+00:00,OVERROUND,False,Ethereum price on September 9?,2026-09-09,9,1.273,1.63,0.916,-63.0,-65.0,-3.02,224.0,10003.0,1900,2800
2026-09-06T15:37:43+00:00,OVERROUND,False,Ethereum price on September 7?,2026-09-07,9,1.0795,1.201,0.958,-20.1,-22.1,-2.51,823.0,31374.0,2000,2900
2026-09-06T15:37:43+00:00,OVERROUND,False,Bitcoin price on September 8?,2026-09-08,9,1.026,1.108,0.944,-10.8,-12.8,-2.68,1151.0,40982.0,68000,86000
2026-09-06T15:37:43+00:00,OVERROUND,False,Bitcoin price on September 7?,2026-09-07,9,1.0285,1.096,0.961,-9.6,-11.6,-2.48,774.0,40958.0,70000,88000
2026-09-06T15:50:26+00:00,OVERROUND,False,Solana price on September 10?,2026-09-10,9,4.495,8.91,0.08,-791.0,-793.0,-12.11,0.0,1.0,110,150
2026-09-06T15:50:26+00:00,OVERROUND,False,Solana price on September 12?,2026-09-12,9,4.143,8.144,0.142,-714.4,-716.4,-11.49,20.0,310.0,110,150
2026-09-06T15:50:26+00:00,OVERROUND,False,Solana price on September 11?,2026-09-11,9,3.9235,7.745,0.102,-674.5,-676.5,-11.89,5.0,71.0,110,150
2026-09-06T15:50:26+00:00,OVERROUND,False,Solana price on September 9?,2026-09-09,9,3.561,6.936,0.186,-593.6,-595.6,-11.05,44.0,712.0,110,140
2026-09-06T15:50:26+00:00,OVERROUND,False,Ethereum price on September 11?,2026-09-11,9,3.0035,5.857,0.15,-485.7,-487.7,-11.41,15.0,1941.0,2000,2900
2026-09-06T15:50:26+00:00,OVERROUND,False,Ethereum price on September 12?,2026-09-12,9,2.787,5.384,0.19,-438.4,-440.4,-11.01,32.0,910.0,2000,2900
2026-09-06T15:50:26+00:00,OVERROUND,False,Solana price on September 8?,2026-09-08,9,2.6,5.151,0.049,-415.1,-417.1,-12.41,8.0,620.0,110,150
2026-09-06T15:50:26+00:00,OVERROUND,False,Bitcoin price on September 12?,2026-09-12,9,2.0675,3.945,0.19,-294.5,-296.5,-11.01,68.0,5035.0,70000,88000
2026-09-06T15:50:26+00:00,OVERROUND,False,Ethereum price on September 8?,2026-09-08,9,2.1645,3.859,0.47,-285.9,-287.9,-8.09,63.0,9384.0,2000,2900
2026-09-06T15:50:26+00:00,OVERROUND,False,Solana price on September 7?,2026-09-07,9,1.864,3.595,0.133,-259.5,-261.5,-11.58,58.0,2413.0,110,150
2026-09-06T15:50:26+00:00,OVERROUND,False,Ethereum price on September 10?,2026-09-10,9,1.5985,2.507,0.69,-150.7,-152.7,-5.66,91.0,2064.0,2100,3000
2026-09-06T15:50:26+00:00,OVERROUND,False,Bitcoin price on September 11?,2026-09-11,9,1.175,2.02,0.33,-102.0,-104.0,-9.57,254.0,6993.0,70000,88000
2026-09-06T15:50:26+00:00,OVERROUND,False,Bitcoin price on September 10?,2026-09-10,9,1.285,1.97,0.6,-97.0,-99.0,-6.67,416.0,5695.0,72000,90000
2026-09-06T15:50:26+00:00,OVERROUND,False,Ethereum price on September 9?,2026-09-09,9,1.2755,1.635,0.916,-63.5,-65.5,-3.02,614.0,10615.0,1900,2800
2026-09-06T15:50:26+00:00,OVERROUND,False,Ethereum price on September 7?,2026-09-07,9,1.072,1.221,0.923,-22.1,-24.1,-2.93,1078.0,32185.0,2000,2900
2026-09-06T15:50:26+00:00,OVERROUND,False,Bitcoin price on September 8?,2026-09-08,9,1.0435,1.138,0.949,-13.8,-15.8,-2.62,2106.0,45535.0,68000,86000
2026-09-06T15:50:26+00:00,OVERROUND,False,Bitcoin price on September 7?,2026-09-07,9,1.031,1.103,0.959,-10.3,-12.3,-2.5,2357.0,44262.0,70000,88000
2026-09-06T16:02:37+00:00,OVERROUND,False,Solana price on September 10?,2026-09-10,9,4.495,8.91,0.08,-791.0,-793.0,-12.11,0.0,1.0,110,150
2026-09-06T16:02:37+00:00,OVERROUND,False,Solana price on September 12?,2026-09-12,9,4.21,8.277,0.143,-727.7,-729.7,-11.48,8.0,254.0,110,150
2026-09-06T16:02:37+00:00,OVERROUND,False,Solana price on September 11?,2026-09-11,9,3.931,7.759,0.103,-675.9,-677.9,-11.88,6.0,73.0,110,150
2026-09-06T16:02:37+00:00,OVERROUND,False,Solana price on September 9?,2026-09-09,9,3.5535,6.919,0.188,-591.9,-593.9,-11.03,34.0,672.0,110,140
2026-09-06T16:02:37+00:00,OVERROUND,False,Ethereum price on September 11?,2026-09-11,9,2.966,5.782,0.15,-478.2,-480.2,-11.41,29.0,1743.0,2000,2900
2026-09-06T16:02:37+00:00,OVERROUND,False,Solana price on September 8?,2026-09-08,9,2.6465,5.244,0.049,-424.4,-426.4,-12.41,5.0,556.0,110,150
2026-09-06T16:02:37+00:00,OVERROUND,False,Ethereum price on September 12?,2026-09-12,9,2.6865,5.183,0.19,-418.3,-420.3,-11.01,56.0,953.0,2000,2900
2026-09-06T16:02:37+00:00,OVERROUND,False,Ethereum price on September 8?,2026-09-08,9,2.128,3.766,0.49,-276.6,-278.6,-7.87,107.0,7357.0,2000,2900
2026-09-06T16:02:37+00:00,OVERROUND,False,Solana price on September 7?,2026-09-07,9,1.851,3.549,0.153,-254.9,-256.9,-11.38,56.0,2389.0,110,150
2026-09-06T16:02:37+00:00,OVERROUND,False,Ethereum price on September 10?,2026-09-10,9,1.804,2.918,0.69,-191.8,-193.8,-5.66,38.0,1515.0,2100,3000
2026-09-06T16:02:37+00:00,OVERROUND,False,Ethereum price on September 9?,2026-09-09,9,1.292,1.668,0.916,-66.8,-68.8,-3.02,438.0,10700.0,1900,2800
2026-09-06T16:02:37+00:00,OVERROUND,False,Bitcoin price on September 10?,2026-09-10,9,1.155,1.48,0.83,-48.0,-50.0,-4.04,478.0,6849.0,72000,90000
2026-09-06T16:02:37+00:00,OVERROUND,False,Ethereum price on September 7?,2026-09-07,9,1.1185,1.292,0.945,-29.2,-31.2,-2.67,607.0,28298.0,2000,2900
2026-09-06T16:02:37+00:00,OVERROUND,False,Bitcoin price on September 8?,2026-09-08,9,1.0375,1.106,0.969,-10.6,-12.6,-2.38,6742.0,84458.0,68000,86000
2026-09-06T16:02:37+00:00,OVERROUND,False,Bitcoin price on September 7?,2026-09-07,9,1.0445,1.093,0.996,-9.3,-11.3,-2.05,3269.0,92002.0,70000,88000
2026-09-06T16:14:43+00:00,OVERROUND,False,Solana price on September 10?,2026-09-10,9,4.475,8.87,0.08,-787.0,-789.0,-12.11,0.0,5.0,110,150
2026-09-06T16:14:43+00:00,OVERROUND,False,Solana price on September 12?,2026-09-12,9,4.4485,8.794,0.103,-779.4,-781.4,-11.88,2.0,56.0,110,150
2026-09-06T16:14:43+00:00,OVERROUND,False,Solana price on September 11?,2026-09-11,9,3.9255,7.748,0.103,-674.8,-676.8,-11.88,6.0,72.0,110,150
2026-09-06T16:14:43+00:00,OVERROUND,False,Solana price on September 9?,2026-09-09,9,3.608,7.038,0.178,-603.8,-605.8,-11.13,50.0,564.0,110,140
2026-09-06T16:14:43+00:00,OVERROUND,False,Solana price on September 7?,2026-09-07,9,3.058,5.953,0.163,-495.3,-497.3,-11.28,35.0,2220.0,110,150
2026-09-06T16:14:43+00:00,OVERROUND,False,Solana price on September 8?,2026-09-08,9,2.7015,5.355,0.048,-435.5,-437.5,-12.42,7.0,517.0,110,150
2026-09-06T16:14:43+00:00,OVERROUND,False,Ethereum price on September 10?,2026-09-10,9,1.619,2.548,0.69,-154.8,-156.8,-5.66,197.0,4562.0,2100,3000
2026-09-06T16:14:43+00:00,OVERROUND,False,Bitcoin price on September 10?,2026-09-10,9,1.155,1.48,0.83,-48.0,-50.0,-4.04,516.0,9230.0,72000,90000
2026-09-06T16:14:43+00:00,OVERROUND,False,Ethereum price on September 12?,2026-09-12,9,1.046,1.282,0.81,-28.2,-30.2,-4.27,3129.0,29827.0,2000,2900
2026-09-06T16:14:43+00:00,OVERROUND,False,Ethereum price on September 11?,2026-09-11,9,1.0415,1.253,0.83,-25.3,-27.3,-4.04,2734.0,28384.0,2000,2900
2026-09-06T16:14:43+00:00,OVERROUND,False,Ethereum price on September 9?,2026-09-09,9,1.0575,1.2,0.915,-20.0,-22.0,-3.03,2920.0,36109.0,1900,2800
2026-09-06T16:14:43+00:00,OVERROUND,False,Ethereum price on September 8?,2026-09-08,9,1.042,1.194,0.89,-19.4,-21.4,-3.33,2993.0,40607.0,2000,2900
2026-09-06T16:14:43+00:00,OVERROUND,False,Bitcoin price on September 8?,2026-09-08,9,1.0335,1.112,0.955,-11.2,-13.2,-2.55,7664.0,94257.0,68000,86000
2026-09-06T16:14:43+00:00,OVERROUND,False,Bitcoin price on September 7?,2026-09-07,9,1.027,1.086,0.968,-8.6,-10.6,-2.39,7918.0,102559.0,70000,88000
2026-09-06T16:14:43+00:00,OVERROUND,False,Ethereum price on September 7?,2026-09-07,9,1.0205,1.086,0.955,-8.6,-10.6,-2.55,3657.0,58979.0,2000,2900
2026-09-06T16:28:16+00:00,OVERROUND,False,Solana price on September 10?,2026-09-10,9,4.495,8.91,0.08,-791.0,-793.0,-12.11,0.0,1.0,110,150
2026-09-06T16:28:16+00:00,OVERROUND,False,Solana price on September 12?,2026-09-12,9,4.446,8.789,0.103,-778.9,-780.9,-11.88,2.0,69.0,110,150
2026-09-06T16:28:16+00:00,OVERROUND,False,Solana price on September 11?,2026-09-11,9,3.9095,7.706,0.113,-670.6,-672.6,-11.78,7.0,97.0,110,150
2026-09-06T16:28:16+00:00,OVERROUND,False,Solana price on September 9?,2026-09-09,9,3.5735,6.969,0.178,-596.9,-598.9,-11.13,24.0,529.0,110,140
2026-09-06T16:28:16+00:00,OVERROUND,False,Solana price on September 8?,2026-09-08,9,2.7025,5.357,0.048,-435.7,-437.7,-12.42,5.0,508.0,110,150
2026-09-06T16:28:16+00:00,OVERROUND,False,Ethereum price on September 10?,2026-09-10,9,1.564,2.428,0.7,-142.8,-144.8,-5.54,354.0,4781.0,2100,3000
2026-09-06T16:28:16+00:00,OVERROUND,False,Bitcoin price on September 10?,2026-09-10,9,1.16,1.49,0.83,-49.0,-51.0,-4.04,803.0,9785.0,72000,90000
2026-09-06T16:28:16+00:00,OVERROUND,False,Ethereum price on September 12?,2026-09-12,9,1.0455,1.281,0.81,-28.1,-30.1,-4.27,3128.0,29834.0,2000,2900
2026-09-06T16:28:16+00:00,OVERROUND,False,Ethereum price on September 11?,2026-09-11,9,1.0465,1.251,0.842,-25.1,-27.1,-3.9,2738.0,28801.0,2000,2900
2026-09-06T16:28:16+00:00,OVERROUND,False,Ethereum price on September 9?,2026-09-09,9,1.0355,1.163,0.908,-16.3,-18.3,-3.11,3120.0,36077.0,1900,2800
2026-09-06T16:28:16+00:00,OVERROUND,False,Ethereum price on September 8?,2026-09-08,9,1.0495,1.146,0.953,-14.6,-16.6,-2.57,3127.0,41581.0,2000,2900
2026-09-06T16:28:16+00:00,OVERROUND,False,Bitcoin price on September 7?,2026-09-07,9,1.047,1.088,1.006,-8.8,-10.8,-1.93,7451.0,107197.0,70000,88000
2026-09-06T16:28:16+00:00,OVERROUND,False,Bitcoin price on September 8?,2026-09-08,9,1.043,1.088,0.998,-8.8,-10.8,-2.02,7485.0,94189.0,68000,86000
2026-09-06T16:28:16+00:00,OVERROUND,False,Ethereum price on September 7?,2026-09-07,9,1.043,1.082,1.004,-8.2,-10.2,-1.95,4234.0,62249.0,2000,2900
2026-09-06T16:40:32+00:00,OVERROUND,False,Solana price on September 10?,2026-09-10,9,4.495,8.91,0.08,-791.0,-793.0,-12.11,0.0,1.0,110,150
2026-09-06T16:40:32+00:00,OVERROUND,False,Solana price on September 12?,2026-09-12,9,4.463,8.823,0.103,-782.3,-784.3,-11.88,3.0,39.0,110,150
2026-09-06T16:40:32+00:00,OVERROUND,False,Solana price on September 11?,2026-09-11,9,3.9305,7.758,0.103,-675.8,-677.8,-11.88,3.0,67.0,110,150
2026-09-06T16:40:32+00:00,OVERROUND,False,Solana price on September 9?,2026-09-09,9,3.5695,6.961,0.178,-596.1,-598.1,-11.13,28.0,565.0,110,140
2026-09-06T16:40:32+00:00,OVERROUND,False,Solana price on September 8?,2026-09-08,9,2.678,5.308,0.048,-430.8,-432.8,-12.42,13.0,797.0,110,150
2026-09-06T16:40:32+00:00,OVERROUND,False,Ethereum price on September 10?,2026-09-10,9,1.644,2.588,0.7,-158.8,-160.8,-5.54,202.0,4987.0,2100,3000
2026-09-06T16:40:32+00:00,OVERROUND,False,Bitcoin price on September 10?,2026-09-10,9,1.155,1.48,0.83,-48.0,-50.0,-4.04,565.0,9587.0,72000,90000
2026-09-06T16:40:32+00:00,OVERROUND,False,Ethereum price on September 12?,2026-09-12,9,1.0355,1.261,0.81,-26.1,-28.1,-4.27,3156.0,29661.0,2000,2900
2026-09-06T16:40:32+00:00,OVERROUND,False,Ethereum price on September 11?,2026-09-11,9,1.0435,1.241,0.846,-24.1,-26.1,-3.85,3117.0,29577.0,2000,2900
2026-09-06T16:40:32+00:00,OVERROUND,False,Ethereum price on September 9?,2026-09-09,9,1.043,1.179,0.907,-17.9,-19.9,-3.13,593.0,31227.0,1900,2800
2026-09-06T16:40:32+00:00,OVERROUND,False,Ethereum price on September 8?,2026-09-08,9,1.0355,1.138,0.933,-13.8,-15.8,-2.81,3087.0,43209.0,2000,2900
2026-09-06T16:40:32+00:00,OVERROUND,False,Ethereum price on September 7?,2026-09-07,9,1.047,1.085,1.009,-8.5,-10.5,-1.89,4214.0,62970.0,2000,2900
2026-09-06T16:40:32+00:00,OVERROUND,False,Bitcoin price on September 7?,2026-09-07,9,1.0275,1.064,0.991,-6.4,-8.4,-2.11,7995.0,103825.0,70000,88000
2026-09-06T16:52:59+00:00,OVERROUND,False,Solana price on September 10?,2026-09-10,9,4.495,8.91,0.08,-791.0,-793.0,-12.11,0.0,1.0,110,150
2026-09-06T16:52:59+00:00,OVERROUND,False,Solana price on September 11?,2026-09-11,9,3.935,7.768,0.102,-676.8,-678.8,-11.89,5.0,70.0,110,150
2026-09-06T16:52:59+00:00,OVERROUND,False,Solana price on September 12?,2026-09-12,9,3.9295,7.677,0.182,-667.7,-669.7,-11.09,14.0,231.0,110,150
2026-09-06T16:52:59+00:00,OVERROUND,False,Solana price on September 9?,2026-09-09,9,3.567,6.948,0.186,-594.8,-596.8,-11.05,29.0,587.0,110,140
2026-09-06T16:52:59+00:00,OVERROUND,False,Solana price on September 8?,2026-09-08,9,2.6295,5.183,0.076,-418.3,-420.3,-12.15,25.0,695.0,110,150
2026-09-06T16:52:59+00:00,OVERROUND,False,Ethereum price on September 10?,2026-09-10,9,1.6195,2.549,0.69,-154.9,-156.9,-5.66,107.0,5312.0,2100,3000
2026-09-06T16:52:59+00:00,OVERROUND,False,Bitcoin price on September 10?,2026-09-10,9,1.16,1.49,0.83,-49.0,-51.0,-4.04,818.0,9836.0,72000,90000
2026-09-06T16:52:59+00:00,OVERROUND,False,Ethereum price on September 12?,2026-09-12,9,1.041,1.262,0.82,-26.2,-28.2,-4.16,3169.0,30049.0,2000,2900
2026-09-06T16:52:59+00:00,OVERROUND,False,Ethereum price on September 11?,2026-09-11,9,1.049,1.252,0.846,-25.2,-27.2,-3.85,3116.0,29666.0,2000,2900
2026-09-06T16:52:59+00:00,OVERROUND,False,Ethereum price on September 9?,2026-09-09,9,1.042,1.174,0.91,-17.4,-19.4,-3.09,3228.0,36377.0,1900,2800
2026-09-06T16:52:59+00:00,OVERROUND,False,Ethereum price on September 8?,2026-09-08,9,1.041,1.124,0.958,-12.4,-14.4,-2.51,3106.0,44569.0,2000,2900
2026-09-06T16:52:59+00:00,OVERROUND,False,Ethereum price on September 7?,2026-09-07,9,1.0395,1.088,0.991,-8.8,-10.8,-2.11,4243.0,59599.0,2000,2900
2026-09-06T16:52:59+00:00,OVERROUND,False,Bitcoin price on September 7?,2026-09-07,9,1.034,1.066,1.002,-6.6,-8.6,-1.98,8252.0,107917.0,70000,88000
2026-09-06T17:07:08+00:00,OVERROUND,False,Solana price on September 10?,2026-09-10,9,4.495,8.91,0.08,-791.0,-793.0,-12.11,0.0,1.0,110,150
2026-09-06T17:07:08+00:00,OVERROUND,False,Solana price on September 11?,2026-09-11,9,3.965,7.827,0.103,-682.7,-684.7,-11.88,3.0,56.0,110,150
2026-09-06T17:07:08+00:00,OVERROUND,False,Solana price on September 9?,2026-09-09,9,3.5335,6.889,0.178,-588.9,-590.9,-11.13,34.0,487.0,110,140
2026-09-06T17:07:08+00:00,OVERROUND,False,Solana price on September 12?,2026-09-12,9,3.4745,6.777,0.172,-577.7,-579.7,-11.19,11.0,257.0,110,150
2026-09-06T17:07:08+00:00,OVERROUND,False,Solana price on September 8?,2026-09-08,9,2.62,5.162,0.078,-416.2,-418.2,-12.13,20.0,634.0,110,150
2026-09-06T17:07:08+00:00,OVERROUND,False,Ethereum price on September 10?,2026-09-10,9,1.5785,2.467,0.69,-146.7,-148.7,-5.66,190.0,4867.0,2100,3000
2026-09-06T17:07:08+00:00,OVERROUND,False,Bitcoin price on September 10?,2026-09-10,9,1.15,1.47,0.83,-47.0,-49.0,-4.04,347.0,7886.0,72000,90000
2026-09-06T17:07:08+00:00,OVERROUND,False,Ethereum price on September 11?,2026-09-11,9,1.0725,1.249,0.896,-24.9,-26.9,-3.26,2819.0,28102.0,2000,2900
2026-09-06T17:07:08+00:00,OVERROUND,False,Ethereum price on September 9?,2026-09-09,9,1.041,1.176,0.906,-17.6,-19.6,-3.14,3117.0,35383.0,1900,2800
2026-09-06T17:07:08+00:00,OVERROUND,False,Ethereum price on September 8?,2026-09-08,9,1.024,1.1,0.948,-10.0,-12.0,-2.63,3383.0,43915.0,2000,2900
2026-09-06T17:07:08+00:00,OVERROUND,False,Ethereum price on September 7?,2026-09-07,9,1.045,1.082,1.008,-8.2,-10.2,-1.9,3728.0,65375.0,2000,2900
2026-09-06T17:07:08+00:00,OVERROUND,False,Bitcoin price on September 7?,2026-09-07,9,1.033,1.059,1.007,-5.9,-7.9,-1.91,8191.0,108544.0,70000,88000
2026-09-06T17:19:43+00:00,OVERROUND,False,Solana price on September 10?,2026-09-10,9,4.49,8.9,0.08,-790.0,-792.0,-12.11,0.0,3.0,110,150
2026-09-06T17:19:43+00:00,OVERROUND,False,Solana price on September 11?,2026-09-11,9,3.9585,7.814,0.103,-681.4,-683.4,-11.88,4.0,58.0,110,150
2026-09-06T17:19:43+00:00,OVERROUND,False,Solana price on September 9?,2026-09-09,9,3.601,7.024,0.178,-602.4,-604.4,-11.13,14.0,422.0,110,140
2026-09-06T17:19:43+00:00,OVERROUND,False,Solana price on September 12?,2026-09-12,9,3.4605,6.749,0.172,-574.9,-576.9,-11.19,11.0,233.0,110,150
2026-09-06T17:19:43+00:00,OVERROUND,False,Solana price on September 8?,2026-09-08,9,2.6105,5.133,0.088,-413.3,-415.3,-12.03,23.0,679.0,110,150
2026-09-06T17:19:43+00:00,OVERROUND,False,Ethereum price on September 10?,2026-09-10,9,1.514,2.298,0.73,-129.8,-131.8,-5.2,324.0,4966.0,2100,3000
2026-09-06T17:19:43+00:00,OVERROUND,False,Ethereum price on September 11?,2026-09-11,9,1.037,1.194,0.88,-19.4,-21.4,-3.45,2804.0,27856.0,2000,2900
2026-09-06T17:19:43+00:00,OVERROUND,False,Ethereum price on September 9?,2026-09-09,9,1.0415,1.166,0.917,-16.6,-18.6,-3.01,3099.0,34649.0,1900,2800
2026-09-06T17:19:43+00:00,OVERROUND,False,Ethereum price on September 8?,2026-09-08,9,1.045,1.144,0.946,-14.4,-16.4,-2.66,3339.0,44065.0,2000,2900
2026-09-06T17:19:43+00:00,OVERROUND,False,Ethereum price on September 7?,2026-09-07,9,1.0365,1.081,0.992,-8.1,-10.1,-2.1,4258.0,67232.0,2000,2900
2026-09-06T17:19:43+00:00,OVERROUND,False,Bitcoin price on September 7?,2026-09-07,9,1.033,1.069,0.997,-6.9,-8.9,-2.04,8316.0,109990.0,70000,88000
2026-09-06T17:31:58+00:00,OVERROUND,False,Solana price on September 10?,2026-09-10,9,4.485,8.89,0.08,-789.0,-791.0,-12.11,0.0,5.0,110,150
2026-09-06T17:31:58+00:00,OVERROUND,False,Solana price on September 11?,2026-09-11,9,3.939,7.765,0.113,-676.5,-678.5,-11.78,2.0,100.0,110,150
2026-09-06T17:31:58+00:00,OVERROUND,False,Solana price on September 9?,2026-09-09,9,3.67,7.154,0.186,-615.4,-617.4,-11.05,12.0,474.0,110,140
2026-09-06T17:31:58+00:00,OVERROUND,False,Solana price on September 12?,2026-09-12,9,3.207,6.232,0.182,-523.2,-525.2,-11.09,8.0,326.0,110,150
2026-09-06T17:31:58+00:00,OVERROUND,False,Solana price on September 8?,2026-09-08,9,2.563,5.038,0.088,-403.8,-405.8,-12.03,31.0,677.0,110,150
2026-09-06T17:31:58+00:00,OVERROUND,False,Ethereum price on September 11?,2026-09-11,9,1.0345,1.209,0.86,-20.9,-22.9,-3.69,2942.0,28376.0,2000,2900
2026-09-06T17:31:58+00:00,OVERROUND,False,Ethereum price on September 9?,2026-09-09,9,1.051,1.196,0.906,-19.6,-21.6,-3.14,3098.0,35595.0,1900,2800
2026-09-06T17:31:58+00:00,OVERROUND,False,Ethereum price on September 10?,2026-09-10,9,1.0355,1.194,0.877,-19.4,-21.4,-3.48,2746.0,28090.0,2100,3000
2026-09-06T17:31:58+00:00,OVERROUND,False,Ethereum price on September 12?,2026-09-12,9,1.021,1.192,0.85,-19.2,-21.2,-3.8,2754.0,29153.0,2000,2900
2026-09-06T17:31:58+00:00,OVERROUND,False,Ethereum price on September 8?,2026-09-08,9,1.0245,1.108,0.941,-10.8,-12.8,-2.72,3382.0,44544.0,2000,2900
2026-09-06T17:31:58+00:00,OVERROUND,False,Bitcoin price on September 7?,2026-09-07,9,1.035,1.073,0.997,-7.3,-9.3,-2.04,8027.0,108894.0,70000,88000
2026-09-06T17:44:13+00:00,OVERROUND,False,Solana price on September 12?,2026-09-12,9,1.101,1.305,0.897,-30.5,-32.5,-3.25,881.0,8279.0,110,150
2026-09-06T17:44:13+00:00,OVERROUND,False,Solana price on September 11?,2026-09-11,9,1.1025,1.303,0.902,-30.3,-32.3,-3.19,881.0,8114.0,110,150
2026-09-06T17:44:13+00:00,OVERROUND,False,Solana price on September 10?,2026-09-10,9,1.1045,1.298,0.911,-29.8,-31.8,-3.08,871.0,8036.0,110,150
2026-09-06T17:44:13+00:00,OVERROUND,False,Solana price on September 9?,2026-09-09,9,1.0955,1.277,0.914,-27.7,-29.7,-3.04,69.0,8057.0,110,140
2026-09-06T17:44:13+00:00,OVERROUND,False,Solana price on September 8?,2026-09-08,9,1.066,1.236,0.896,-23.6,-25.6,-3.26,195.0,9313.0,110,150
2026-09-06T17:44:13+00:00,OVERROUND,False,Ethereum price on September 12?,2026-09-12,9,1.035,1.22,0.85,-22.0,-24.0,-3.8,3095.0,29016.0,2000,2900
2026-09-06T17:44:13+00:00,OVERROUND,False,Ethereum price on September 11?,2026-09-11,9,1.0275,1.195,0.86,-19.5,-21.5,-3.69,2772.0,26892.0,2000,2900
2026-09-06T17:44:13+00:00,OVERROUND,False,Ethereum price on September 9?,2026-09-09,9,1.0425,1.192,0.893,-19.2,-21.2,-3.29,2719.0,33925.0,1900,2800
2026-09-06T17:44:13+00:00,OVERROUND,False,Ethereum price on September 10?,2026-09-10,9,1.0235,1.187,0.86,-18.7,-20.7,-3.69,3065.0,28694.0,2100,3000
2026-09-06T17:44:13+00:00,OVERROUND,False,Ethereum price on September 8?,2026-09-08,9,1.0705,1.169,0.972,-16.9,-18.9,-2.34,567.0,39580.0,2000,2900
2026-09-06T17:44:13+00:00,OVERROUND,False,Bitcoin price on September 7?,2026-09-07,9,1.043,1.069,1.017,-6.9,-8.9,-1.79,8049.0,111180.0,70000,88000
2026-09-06T17:44:13+00:00,OVERROUND,False,Ethereum price on September 7?,2026-09-07,9,1.0205,1.055,0.986,-5.5,-7.5,-2.17,3976.0,66816.0,2000,2900
2026-09-06T17:56:40+00:00,OVERROUND,False,Solana price on September 10?,2026-09-10,9,3.9615,7.842,0.081,-684.2,-686.2,-12.1,2.0,62.0,110,150
2026-09-06T17:56:40+00:00,OVERROUND,False,Solana price on September 11?,2026-09-11,9,3.8465,7.551,0.142,-655.1,-657.1,-11.49,11.0,226.0,110,150
2026-09-06T17:56:40+00:00,OVERROUND,False,Solana price on September 9?,2026-09-09,9,3.671,7.168,0.174,-616.8,-618.8,-11.17,17.0,446.0,110,140
2026-09-06T17:56:40+00:00,OVERROUND,False,Solana price on September 12?,2026-09-12,9,3.377,6.562,0.192,-556.2,-558.2,-10.99,14.0,294.0,110,150
2026-09-06T17:56:40+00:00,OVERROUND,False,Solana price on September 8?,2026-09-08,9,1.8505,3.015,0.686,-201.5,-203.5,-5.7,71.0,2030.0,110,150
2026-09-06T17:56:40+00:00,OVERROUND,False,Ethereum price on September 12?,2026-09-12,9,1.033,1.216,0.85,-21.6,-23.6,-3.8,3115.0,29408.0,2000,2900
2026-09-06T17:56:40+00:00,OVERROUND,False,Ethereum price on September 11?,2026-09-11,9,1.0275,1.195,0.86,-19.5,-21.5,-3.69,2788.0,27956.0,2000,2900
2026-09-06T17:56:40+00:00,OVERROUND,False,Ethereum price on September 9?,2026-09-09,9,1.0435,1.19,0.897,-19.0,-21.0,-3.25,3116.0,35129.0,1900,2800
2026-09-06T17:56:40+00:00,OVERROUND,False,Ethereum price on September 10?,2026-09-10,9,1.0285,1.187,0.87,-18.7,-20.7,-3.57,3099.0,28765.0,2100,3000
2026-09-06T17:56:40+00:00,OVERROUND,False,Ethereum price on September 8?,2026-09-08,9,1.0435,1.125,0.962,-12.5,-14.5,-2.46,3210.0,44137.0,2000,2900
2026-09-06T17:56:40+00:00,OVERROUND,False,Bitcoin price on September 7?,2026-09-07,9,1.036,1.064,1.008,-6.4,-8.4,-1.9,8057.0,110458.0,70000,88000
2026-09-06T17:56:40+00:00,OVERROUND,False,Ethereum price on September 7?,2026-09-07,9,1.027,1.056,0.998,-5.6,-7.6,-2.02,4309.0,67163.0,2000,2900
2026-09-06T18:08:51+00:00,OVERROUND,False,Solana price on September 10?,2026-09-10,9,3.9735,7.866,0.081,-686.6,-688.6,-12.1,2.0,61.0,110,150
2026-09-06T18:08:51+00:00,OVERROUND,False,Solana price on September 11?,2026-09-11,9,3.8715,7.601,0.142,-660.1,-662.1,-11.49,4.0,209.0,110,150
2026-09-06T18:08:51+00:00,OVERROUND,False,Solana price on September 9?,2026-09-09,9,3.67,7.166,0.174,-616.6,-618.6,-11.17,17.0,459.0,110,140
2026-09-06T18:08:51+00:00,OVERROUND,False,Solana price on September 12?,2026-09-12,9,3.4305,6.669,0.192,-566.9,-568.9,-10.99,6.0,278.0,110,150
2026-09-06T18:08:51+00:00,OVERROUND,False,Solana price on September 8?,2026-09-08,9,2.023,3.91,0.136,-291.0,-293.0,-11.55,43.0,1097.0,110,150
2026-09-06T18:08:51+00:00,OVERROUND,False,Ethereum price on September 11?,2026-09-11,9,1.0425,1.225,0.86,-22.5,-24.5,-3.69,3055.0,28368.0,2000,2900
2026-09-06T18:08:51+00:00,OVERROUND,False,Ethereum price on September 12?,2026-09-12,9,1.027,1.204,0.85,-20.4,-22.4,-3.8,3095.0,28929.0,2000,2900
2026-09-06T18:08:51+00:00,OVERROUND,False,Ethereum price on September 9?,2026-09-09,9,1.048,1.199,0.897,-19.9,-21.9,-3.25,3083.0,35106.0,1900,2800
2026-09-06T18:08:51+00:00,OVERROUND,False,Ethereum price on September 10?,2026-09-10,9,1.0335,1.197,0.87,-19.7,-21.7,-3.57,3071.0,28800.0,2100,3000
2026-09-06T18:08:51+00:00,OVERROUND,False,Ethereum price on September 8?,2026-09-08,9,1.045,1.128,0.962,-12.8,-14.8,-2.46,3454.0,44294.0,2000,2900
2026-09-06T18:08:51+00:00,OVERROUND,False,Bitcoin price on September 7?,2026-09-07,9,1.0385,1.07,1.007,-7.0,-9.0,-1.91,7836.0,108308.0,70000,88000
2026-09-06T18:08:51+00:00,OVERROUND,False,Ethereum price on September 7?,2026-09-07,9,1.0285,1.061,0.996,-6.1,-8.1,-2.05,4270.0,67536.0,2000,2900
2026-09-06T18:21:52+00:00,OVERROUND,False,Solana price on September 10?,2026-09-10,9,3.9685,7.856,0.081,-685.6,-687.6,-12.1,2.0,61.0,110,150
2026-09-06T18:21:52+00:00,OVERROUND,False,Solana price on September 11?,2026-09-11,9,3.8745,7.607,0.142,-660.7,-662.7,-11.49,10.0,191.0,110,150
2026-09-06T18:21:52+00:00,OVERROUND,False,Solana price on September 9?,2026-09-09,9,3.772,7.37,0.174,-637.0,-639.0,-11.17,17.0,400.0,110,140
2026-09-06T18:21:52+00:00,OVERROUND,False,Solana price on September 12?,2026-09-12,9,3.4145,6.637,0.192,-563.7,-565.7,-10.99,16.0,326.0,110,150
2026-09-06T18:21:52+00:00,OVERROUND,False,Solana price on September 8?,2026-09-08,9,2.5735,5.011,0.136,-401.1,-403.1,-11.55,33.0,768.0,110,150
2026-09-06T18:21:52+00:00,OVERROUND,False,Ethereum price on September 11?,2026-09-11,9,1.0405,1.221,0.86,-22.1,-24.1,-3.69,2714.0,27667.0,2000,2900
2026-09-06T18:21:52+00:00,OVERROUND,False,Ethereum price on September 12?,2026-09-12,9,1.027,1.204,0.85,-20.4,-22.4,-3.8,3074.0,28912.0,2000,2900
2026-09-06T18:21:52+00:00,OVERROUND,False,Ethereum price on September 10?,2026-09-10,9,1.037,1.194,0.88,-19.4,-21.4,-3.45,3088.0,28971.0,2100,3000
2026-09-06T18:21:52+00:00,OVERROUND,False,Ethereum price on September 9?,2026-09-09,9,1.028,1.157,0.899,-15.7,-17.7,-3.22,3111.0,35397.0,1900,2800
2026-09-06T18:21:52+00:00,OVERROUND,False,Ethereum price on September 8?,2026-09-08,9,1.044,1.134,0.954,-13.4,-15.4,-2.56,3225.0,43205.0,2000,2900
2026-09-06T18:21:52+00:00,OVERROUND,False,Bitcoin price on September 7?,2026-09-07,9,1.038,1.068,1.008,-6.8,-8.8,-1.9,8635.0,113927.0,70000,88000
2026-09-06T18:21:52+00:00,OVERROUND,False,Ethereum price on September 7?,2026-09-07,9,1.034,1.064,1.004,-6.4,-8.4,-1.95,4278.0,69032.0,2000,2900
2026-09-06T18:36:13+00:00,OVERROUND,False,Solana price on September 10?,2026-09-10,9,3.973,7.855,0.091,-685.5,-687.5,-12.0,2.0,84.0,110,150
2026-09-06T18:36:13+00:00,OVERROUND,False,Solana price on September 11?,2026-09-11,9,3.911,7.68,0.142,-668.0,-670.0,-11.49,11.0,159.0,110,150
2026-09-06T18:36:13+00:00,OVERROUND,False,Solana price on September 9?,2026-09-09,9,3.729,7.274,0.184,-627.4,-629.4,-11.07,12.0,410.0,110,140
2026-09-06T18:36:13+00:00,OVERROUND,False,Solana price on September 12?,2026-09-12,9,3.399,6.596,0.202,-559.6,-561.6,-10.89,10.0,363.0,110,150
2026-09-06T18:36:13+00:00,OVERROUND,False,Solana price on September 8?,2026-09-08,9,2.5115,4.887,0.136,-388.7,-390.7,-11.55,25.0,785.0,110,150
2026-09-06T18:36:13+00:00,OVERROUND,False,Ethereum price on September 11?,2026-09-11,9,1.0405,1.221,0.86,-22.1,-24.1,-3.69,2783.0,28036.0,2000,2900
2026-09-06T18:36:13+00:00,OVERROUND,False,Ethereum price on September 12?,2026-09-12,9,1.0315,1.203,0.86,-20.3,-22.3,-3.69,3089.0,28932.0,2000,2900
2026-09-06T18:36:13+00:00,OVERROUND,False,Ethereum price on September 10?,2026-09-10,9,1.042,1.194,0.89,-19.4,-21.4,-3.33,3099.0,29009.0,2100,3000
2026-09-06T18:36:13+00:00,OVERROUND,False,Ethereum price on September 9?,2026-09-09,9,1.0325,1.165,0.9,-16.5,-18.5,-3.21,2726.0,34502.0,1900,2800
2026-09-06T18:36:13+00:00,OVERROUND,False,Ethereum price on September 8?,2026-09-08,9,1.044,1.141,0.957,-14.1,-16.1,-2.52,3361.0,43963.0,2000,2900
2026-09-06T18:36:13+00:00,OVERROUND,False,Bitcoin price on September 9?,2026-09-09,9,1.0255,1.102,0.949,-10.2,-12.2,-2.62,7108.0,66361.0,68000,86000
2026-09-06T18:36:13+00:00,OVERROUND,False,Ethereum price on September 7?,2026-09-07,9,1.039,1.073,1.005,-7.3,-9.3,-1.94,4303.0,69149.0,2000,2900
2026-09-06T18:36:13+00:00,OVERROUND,False,Bitcoin price on September 7?,2026-09-07,9,1.028,1.069,0.987,-6.9,-8.9,-2.16,7948.0,111082.0,70000,88000
2026-09-06T18:48:08+00:00,OVERROUND,False,Solana price on September 10?,2026-09-10,9,3.986,7.881,0.091,-688.1,-690.1,-12.0,2.0,78.0,110,150
2026-09-06T18:48:08+00:00,OVERROUND,False,Solana price on September 11?,2026-09-11,9,3.9115,7.681,0.142,-668.1,-670.1,-11.49,6.0,142.0,110,150
2026-09-06T18:48:08+00:00,OVERROUND,False,Solana price on September 9?,2026-09-09,9,3.486,6.788,0.184,-578.8,-580.8,-11.07,16.0,535.0,110,140
2026-09-06T18:48:08+00:00,OVERROUND,False,Solana price on September 12?,2026-09-12,9,3.1915,6.181,0.202,-518.1,-520.1,-10.89,15.0,450.0,110,150
2026-09-06T18:48:08+00:00,OVERROUND,False,Solana price on September 8?,2026-09-08,9,2.48,4.824,0.136,-382.4,-384.4,-11.55,18.0,774.0,110,150
2026-09-06T18:48:08+00:00,OVERROUND,False,Solana price on September 7?,2026-09-07,9,1.0955,2.018,0.173,-101.8,-103.8,-11.18,100.0,14623.0,110,150
2026-09-06T18:48:08+00:00,OVERROUND,False,Ethereum price on September 11?,2026-09-11,9,1.0505,1.221,0.88,-22.1,-24.1,-3.45,2725.0,28027.0,2000,2900
2026-09-06T18:48:08+00:00,OVERROUND,False,Ethereum price on September 12?,2026-09-12,9,1.0415,1.213,0.87,-21.3,-23.3,-3.57,3121.0,29324.0,2000,2900
2026-09-06T18:48:08+00:00,OVERROUND,False,Ethereum price on September 9?,2026-09-09,9,1.053,1.202,0.904,-20.2,-22.2,-3.16,2829.0,34637.0,1900,2800
2026-09-06T18:48:08+00:00,OVERROUND,False,Ethereum price on September 10?,2026-09-10,9,1.046,1.194,0.898,-19.4,-21.4,-3.23,3107.0,29000.0,2100,3000
2026-09-06T18:48:08+00:00,OVERROUND,False,Ethereum price on September 8?,2026-09-08,9,1.0445,1.138,0.951,-13.8,-15.8,-2.6,3552.0,44773.0,2000,2900
2026-09-06T18:48:08+00:00,OVERROUND,False,Ethereum price on September 7?,2026-09-07,9,1.0315,1.085,0.978,-8.5,-10.5,-2.27,4388.0,66881.0,2000,2900
2026-09-06T18:48:08+00:00,OVERROUND,False,Bitcoin price on September 7?,2026-09-07,9,1.0385,1.074,1.003,-7.4,-9.4,-1.96,7988.0,109178.0,70000,88000
2026-09-06T19:00:24+00:00,OVERROUND,False,Solana price on September 11?,2026-09-11,9,3.893,7.634,0.152,-663.4,-665.4,-11.39,14.0,207.0,110,150
2026-09-06T19:00:24+00:00,OVERROUND,False,Solana price on September 10?,2026-09-10,9,3.652,6.873,0.431,-587.3,-589.3,-8.51,3.0,238.0,110,150
2026-09-06T19:00:24+00:00,OVERROUND,False,Solana price on September 12?,2026-09-12,9,3.3955,6.599,0.192,-559.9,-561.9,-10.99,10.0,213.0,110,150
2026-09-06T19:00:24+00:00,OVERROUND,False,Solana price on September 9?,2026-09-09,9,3.2905,5.967,0.614,-496.7,-498.7,-6.51,18.0,895.0,110,140
2026-09-06T19:00:24+00:00,OVERROUND,False,Solana price on September 8?,2026-09-08,9,2.138,3.96,0.316,-296.0,-298.0,-9.72,34.0,1052.0,110,150
2026-09-06T19:00:24+00:00,OVERROUND,False,Solana price on September 7?,2026-09-07,9,1.056,1.358,0.754,-35.8,-37.8,-4.92,177.0,15771.0,110,150
2026-09-06T19:00:24+00:00,OVERROUND,False,Ethereum price on September 12?,2026-09-12,9,1.0395,1.229,0.85,-22.9,-24.9,-3.8,3073.0,29173.0,2000,2900
2026-09-06T19:00:24+00:00,OVERROUND,False,Ethereum price on September 11?,2026-09-11,9,1.0405,1.221,0.86,-22.1,-24.1,-3.69,3083.0,28366.0,2000,2900
2026-09-06T19:00:24+00:00,OVERROUND,False,Ethereum price on September 10?,2026-09-10,9,1.0425,1.205,0.88,-20.5,-22.5,-3.45,3111.0,28833.0,2100,3000
2026-09-06T19:00:24+00:00,OVERROUND,False,Ethereum price on September 9?,2026-09-09,9,1.04,1.181,0.899,-18.1,-20.1,-3.22,2725.0,33813.0,1900,2800
2026-09-06T19:00:24+00:00,OVERROUND,False,Ethereum price on September 8?,2026-09-08,9,1.04,1.123,0.957,-12.3,-14.3,-2.52,3508.0,44550.0,2000,2900
2026-09-06T19:00:24+00:00,OVERROUND,False,Bitcoin price on September 9?,2026-09-09,9,1.0285,1.121,0.936,-12.1,-14.1,-2.78,6853.0,69636.0,68000,86000
2026-09-06T19:00:24+00:00,OVERROUND,False,Ethereum price on September 7?,2026-09-07,9,1.0365,1.078,0.995,-7.8,-9.8,-2.06,4313.0,68304.0,2000,2900
2026-09-06T19:00:24+00:00,OVERROUND,False,Bitcoin price on September 7?,2026-09-07,9,1.036,1.074,0.998,-7.4,-9.4,-2.02,8532.0,110853.0,70000,88000
2026-09-06T19:13:13+00:00,OVERROUND,False,Solana price on September 11?,2026-09-11,9,3.856,7.55,0.162,-655.0,-657.0,-11.29,10.0,229.0,110,150
2026-09-06T19:13:13+00:00,OVERROUND,False,Solana price on September 10?,2026-09-10,9,3.3735,6.276,0.471,-527.6,-529.6,-8.08,3.0,141.0,110,150
2026-09-06T19:13:13+00:00,OVERROUND,False,Solana price on September 12?,2026-09-12,9,3.202,6.202,0.202,-520.2,-522.2,-10.89,14.0,351.0,110,150
2026-09-06T19:13:13+00:00,OVERROUND,False,Solana price on September 9?,2026-09-09,9,3.243,5.88,0.606,-488.0,-490.0,-6.6,24.0,708.0,110,140
2026-09-06T19:13:13+00:00,OVERROUND,False,Solana price on September 8?,2026-09-08,9,2.045,3.833,0.257,-283.3,-285.3,-10.33,89.0,1474.0,110,150
2026-09-06T19:13:13+00:00,OVERROUND,False,Solana price on September 7?,2026-09-07,9,1.1105,1.427,0.794,-42.7,-44.7,-4.46,139.0,15573.0,110,150
2026-09-06T19:13:13+00:00,OVERROUND,False,Ethereum price on September 11?,2026-09-11,9,1.046,1.232,0.86,-23.2,-25.2,-3.69,2769.0,28363.0,2000,2900
2026-09-06T19:13:13+00:00,OVERROUND,False,Ethereum price on September 9?,2026-09-09,9,1.0595,1.22,0.899,-22.0,-24.0,-3.22,3081.0,34887.0,1900,2800
2026-09-06T19:13:13+00:00,OVERROUND,False,Ethereum price on September 12?,2026-09-12,9,1.034,1.218,0.85,-21.8,-23.8,-3.8,3158.0,29165.0,2000,2900
2026-09-06T19:13:13+00:00,OVERROUND,False,Ethereum price on September 10?,2026-09-10,9,1.0475,1.205,0.89,-20.5,-22.5,-3.33,3155.0,29112.0,2100,3000
2026-09-06T19:13:13+00:00,OVERROUND,False,Ethereum price on September 8?,2026-09-08,9,1.037,1.122,0.952,-12.2,-14.2,-2.58,3689.0,45605.0,2000,2900
2026-09-06T19:13:13+00:00,OVERROUND,False,Bitcoin price on September 7?,2026-09-07,9,1.03,1.067,0.993,-6.7,-8.7,-2.09,7985.0,109337.0,70000,88000
2026-09-06T19:13:13+00:00,OVERROUND,False,Ethereum price on September 7?,2026-09-07,9,1.0265,1.062,0.991,-6.2,-8.2,-2.11,4387.0,68808.0,2000,2900
2026-09-06T19:25:57+00:00,OVERROUND,False,Solana price on September 11?,2026-09-11,9,3.8095,7.457,0.162,-645.7,-647.7,-11.29,13.0,216.0,110,150
2026-09-06T19:25:57+00:00,OVERROUND,False,Solana price on September 10?,2026-09-10,9,3.281,6.071,0.491,-507.1,-509.1,-7.86,3.0,172.0,110,150
2026-09-06T19:25:57+00:00,OVERROUND,False,Solana price on September 12?,2026-09-12,9,3.0515,5.901,0.202,-490.1,-492.1,-10.89,23.0,339.0,110,150
2026-09-06T19:25:57+00:00,OVERROUND,False,Solana price on September 9?,2026-09-09,9,3.227,5.848,0.606,-484.8,-486.8,-6.6,36.0,763.0,110,140
2026-09-06T19:25:57+00:00,OVERROUND,False,Solana price on September 8?,2026-09-08,9,2.3095,4.362,0.257,-336.2,-338.2,-10.33,79.0,1274.0,110,150
2026-09-06T19:25:57+00:00,OVERROUND,False,Solana price on September 7?,2026-09-07,9,1.091,1.349,0.833,-34.9,-36.9,-4.0,146.0,15876.0,110,150
2026-09-06T19:25:57+00:00,OVERROUND,False,Ethereum price on September 11?,2026-09-11,9,1.046,1.232,0.86,-23.2,-25.2,-3.69,2769.0,27640.0,2000,2900
2026-09-06T19:25:57+00:00,OVERROUND,False,Ethereum price on September 12?,2026-09-12,9,1.039,1.218,0.86,-21.8,-23.8,-3.69,3178.0,29580.0,2000,2900
2026-09-06T19:25:57+00:00,OVERROUND,False,Ethereum price on September 9?,2026-09-09,9,1.0505,1.201,0.9,-20.1,-22.1,-3.21,2751.0,34311.0,1900,2800
2026-09-06T19:25:57+00:00,OVERROUND,False,Ethereum price on September 10?,2026-09-10,9,1.043,1.195,0.891,-19.5,-21.5,-3.32,2834.0,28400.0,2100,3000
2026-09-06T19:25:57+00:00,OVERROUND,False,Bitcoin price on September 9?,2026-09-09,9,1.0295,1.121,0.938,-12.1,-14.1,-2.75,6930.0,74833.0,68000,86000
2026-09-06T19:25:57+00:00,OVERROUND,False,Ethereum price on September 8?,2026-09-08,9,1.038,1.113,0.963,-11.3,-13.3,-2.45,3786.0,45581.0,2000,2900
2026-09-06T19:25:57+00:00,OVERROUND,False,Ethereum price on September 7?,2026-09-07,9,1.0325,1.064,1.001,-6.4,-8.4,-1.99,4140.0,68854.0,2000,2900
2026-09-06T19:25:57+00:00,OVERROUND,False,Bitcoin price on September 7?,2026-09-07,9,1.024,1.063,0.985,-6.3,-8.3,-2.18,7926.0,108465.0,70000,88000
2026-09-06T19:38:27+00:00,OVERROUND,False,Solana price on September 11?,2026-09-11,9,3.793,7.424,0.162,-642.4,-644.4,-11.29,15.0,239.0,110,150
2026-09-06T19:38:27+00:00,OVERROUND,False,Solana price on September 9?,2026-09-09,9,3.3665,6.127,0.606,-512.7,-514.7,-6.6,36.0,696.0,110,140
2026-09-06T19:38:27+00:00,OVERROUND,False,Solana price on September 10?,2026-09-10,9,3.169,5.847,0.491,-484.7,-486.7,-7.86,2.0,187.0,110,150
2026-09-06T19:38:27+00:00,OVERROUND,False,Solana price on September 12?,2026-09-12,9,2.996,5.79,0.202,-479.0,-481.0,-10.89,24.0,354.0,110,150
2026-09-06T19:38:27+00:00,OVERROUND,False,Solana price on September 8?,2026-09-08,9,2.276,4.295,0.257,-329.5,-331.5,-10.33,57.0,1078.0,110,150
2026-09-06T19:38:27+00:00,OVERROUND,False,Solana price on September 7?,2026-09-07,9,1.0765,1.32,0.833,-32.0,-34.0,-4.0,146.0,15866.0,110,150
2026-09-06T19:38:27+00:00,OVERROUND,False,Ethereum price on September 11?,2026-09-11,9,1.035,1.22,0.85,-22.0,-24.0,-3.8,3149.0,28901.0,2000,2900
2026-09-06T19:38:27+00:00,OVERROUND,False,Ethereum price on September 9?,2026-09-09,9,1.052,1.21,0.894,-21.0,-23.0,-3.28,3184.0,35391.0,1900,2800
2026-09-06T19:38:27+00:00,OVERROUND,False,Ethereum price on September 12?,2026-09-12,9,1.029,1.198,0.86,-19.8,-21.8,-3.69,3201.0,29696.0,2000,2900
2026-09-06T19:38:27+00:00,OVERROUND,False,Ethereum price on September 10?,2026-09-10,9,1.032,1.194,0.87,-19.4,-21.4,-3.57,3107.0,29049.0,2100,3000
2026-09-06T19:38:27+00:00,OVERROUND,False,Ethereum price on September 8?,2026-09-08,9,1.038,1.116,0.96,-11.6,-13.6,-2.49,1126.0,42488.0,2000,2900
2026-09-06T19:38:27+00:00,OVERROUND,False,Ethereum price on September 7?,2026-09-07,9,1.0235,1.067,0.98,-6.7,-8.7,-2.24,4123.0,67577.0,2000,2900
2026-09-06T19:38:27+00:00,OVERROUND,False,Bitcoin price on September 7?,2026-09-07,9,1.033,1.063,1.003,-6.3,-8.3,-1.96,8158.0,110403.0,70000,88000
2026-09-06T19:52:39+00:00,OVERROUND,False,Solana price on September 11?,2026-09-11,9,3.7855,7.409,0.162,-640.9,-642.9,-11.29,15.0,233.0,110,150
2026-09-06T19:52:39+00:00,OVERROUND,False,Solana price on September 12?,2026-09-12,9,2.982,5.762,0.202,-476.2,-478.2,-10.89,24.0,358.0,110,150
2026-09-06T19:52:39+00:00,OVERROUND,False,Solana price on September 10?,2026-09-10,9,3.1255,5.76,0.491,-476.0,-478.0,-7.86,2.0,187.0,110,150
2026-09-06T19:52:39+00:00,OVERROUND,False,Solana price on September 9?,2026-09-09,9,3.0975,5.589,0.606,-458.9,-460.9,-6.6,42.0,768.0,110,140
2026-09-06T19:52:39+00:00,OVERROUND,False,Solana price on September 8?,2026-09-08,9,2.2375,4.218,0.257,-321.8,-323.8,-10.33,91.0,1302.0,110,150
2026-09-06T19:52:39+00:00,OVERROUND,False,Solana price on September 7?,2026-09-07,9,1.0705,1.288,0.853,-28.8,-30.8,-3.77,113.0,14927.0,110,150
2026-09-06T19:52:39+00:00,OVERROUND,False,Ethereum price on September 11?,2026-09-11,9,1.0405,1.231,0.85,-23.1,-25.1,-3.8,2798.0,28661.0,2000,2900
2026-09-06T19:52:39+00:00,OVERROUND,False,Ethereum price on September 9?,2026-09-09,9,1.0425,1.2,0.885,-20.0,-22.0,-3.39,2897.0,34717.0,1900,2800
2026-09-06T19:52:39+00:00,OVERROUND,False,Ethereum price on September 12?,2026-09-12,9,1.0285,1.197,0.86,-19.7,-21.7,-3.69,2919.0,29461.0,2000,2900
2026-09-06T19:52:39+00:00,OVERROUND,False,Ethereum price on September 10?,2026-09-10,9,1.0305,1.194,0.867,-19.4,-21.4,-3.6,3123.0,29204.0,2100,3000
2026-09-06T19:52:39+00:00,OVERROUND,False,Ethereum price on September 8?,2026-09-08,9,1.0335,1.108,0.959,-10.8,-12.8,-2.5,3368.0,44742.0,2000,2900
2026-09-06T19:52:39+00:00,OVERROUND,False,Bitcoin price on September 7?,2026-09-07,9,1.0255,1.057,0.994,-5.7,-7.7,-2.07,8015.0,108413.0,70000,88000
2026-09-06T19:52:39+00:00,OVERROUND,False,Ethereum price on September 7?,2026-09-07,9,1.0275,1.056,0.999,-5.6,-7.6,-2.01,4147.0,68648.0,2000,2900
2026-09-06T20:04:52+00:00,OVERROUND,False,Solana price on September 12?,2026-09-12,9,1.0975,1.303,0.892,-30.3,-32.3,-3.31,892.0,8393.0,110,150
2026-09-06T20:04:52+00:00,OVERROUND,False,Solana price on September 11?,2026-09-11,9,1.1015,1.301,0.902,-30.1,-32.1,-3.19,889.0,8214.0,110,150
2026-09-06T20:04:52+00:00,OVERROUND,False,Solana price on September 9?,2026-09-09,9,1.108,1.3,0.916,-30.0,-32.0,-3.02,208.0,8227.0,110,140
2026-09-06T20:04:52+00:00,OVERROUND,False,Solana price on September 10?,2026-09-10,9,1.104,1.297,0.911,-29.7,-31.7,-3.08,883.0,8189.0,110,150
2026-09-06T20:04:52+00:00,OVERROUND,False,Ethereum price on September 11?,2026-09-11,9,1.041,1.232,0.85,-23.2,-25.2,-3.8,2818.0,28274.0,2000,2900
2026-09-06T20:04:52+00:00,OVERROUND,False,Solana price on September 8?,2026-09-08,9,1.0515,1.216,0.887,-21.6,-23.6,-3.36,334.0,9586.0,110,150
2026-09-06T20:04:52+00:00,OVERROUND,False,Ethereum price on September 9?,2026-09-09,9,1.0435,1.208,0.879,-20.8,-22.8,-3.46,3122.0,35438.0,1900,2800
2026-09-06T20:04:52+00:00,OVERROUND,False,Ethereum price on September 12?,2026-09-12,9,1.029,1.198,0.86,-19.8,-21.8,-3.69,3258.0,30011.0,2000,2900
2026-09-06T20:04:52+00:00,OVERROUND,False,Ethereum price on September 10?,2026-09-10,9,1.032,1.194,0.87,-19.4,-21.4,-3.57,3123.0,29105.0,2100,3000
2026-09-06T20:04:52+00:00,OVERROUND,False,Ethereum price on September 8?,2026-09-08,9,1.0445,1.161,0.928,-16.1,-18.1,-2.87,2172.0,40519.0,2000,2900
2026-09-06T20:04:52+00:00,OVERROUND,False,Bitcoin price on September 9?,2026-09-09,9,1.028,1.121,0.935,-12.1,-14.1,-2.79,6558.0,73534.0,68000,86000
2026-09-06T20:04:52+00:00,OVERROUND,False,Ethereum price on September 7?,2026-09-07,9,1.027,1.065,0.989,-6.5,-8.5,-2.13,3966.0,67327.0,2000,2900
2026-09-06T20:04:52+00:00,OVERROUND,False,Bitcoin price on September 7?,2026-09-07,9,1.028,1.053,1.003,-5.3,-7.3,-1.96,8161.0,112124.0,70000,88000
2026-09-06T20:17:18+00:00,OVERROUND,False,Solana price on September 11?,2026-09-11,9,3.4055,6.159,0.652,-515.9,-517.9,-6.09,10.0,282.0,110,150
2026-09-06T20:17:18+00:00,OVERROUND,False,Solana price on September 10?,2026-09-10,9,2.9245,5.178,0.671,-417.8,-419.8,-5.87,8.0,234.0,110,150
2026-09-06T20:17:18+00:00,OVERROUND,False,Solana price on September 12?,2026-09-12,9,2.825,4.998,0.652,-399.8,-401.8,-6.09,18.0,484.0,110,150
2026-09-06T20:17:18+00:00,OVERROUND,False,Solana price on September 9?,2026-09-09,9,2.852,4.918,0.786,-391.8,-393.8,-4.55,15.0,646.0,110,140
2026-09-06T20:17:18+00:00,OVERROUND,False,Solana price on September 8?,2026-09-08,9,2.0805,3.354,0.807,-235.4,-237.4,-4.31,42.0,1290.0,110,150
2026-09-06T20:17:18+00:00,OVERROUND,False,Solana price on September 7?,2026-09-07,9,1.2395,2.289,0.19,-128.9,-130.9,-11.01,89.0,15010.0,110,150
2026-09-06T20:17:18+00:00,OVERROUND,False,Ethereum price on September 11?,2026-09-11,9,1.0405,1.231,0.85,-23.1,-25.1,-3.8,3205.0,29230.0,2000,2900
2026-09-06T20:17:18+00:00,OVERROUND,False,Ethereum price on September 9?,2026-09-09,9,1.043,1.206,0.88,-20.6,-22.6,-3.45,3084.0,35622.0,1900,2800
2026-09-06T20:17:18+00:00,OVERROUND,False,Ethereum price on September 12?,2026-09-12,9,1.029,1.198,0.86,-19.8,-21.8,-3.69,3103.0,28688.0,2000,2900
2026-09-06T20:17:18+00:00,OVERROUND,False,Ethereum price on September 10?,2026-09-10,9,1.032,1.194,0.87,-19.4,-21.4,-3.57,3123.0,29035.0,2100,3000
2026-09-06T20:17:18+00:00,OVERROUND,False,Ethereum price on September 8?,2026-09-08,9,1.0205,1.092,0.949,-9.2,-11.2,-2.62,3175.0,44626.0,2000,2900
2026-09-06T20:17:18+00:00,OVERROUND,False,Ethereum price on September 7?,2026-09-07,9,1.0325,1.064,1.001,-6.4,-8.4,-1.99,4190.0,68247.0,2000,2900
2026-09-06T20:29:56+00:00,OVERROUND,False,Solana price on September 11?,2026-09-11,9,3.4015,6.151,0.652,-515.1,-517.1,-6.09,11.0,272.0,110,150
2026-09-06T20:29:56+00:00,OVERROUND,False,Solana price on September 10?,2026-09-10,9,2.9605,5.25,0.671,-425.0,-427.0,-5.87,4.0,225.0,110,150
2026-09-06T20:29:56+00:00,OVERROUND,False,Solana price on September 12?,2026-09-12,9,2.8915,5.131,0.652,-413.1,-415.1,-6.09,11.0,474.0,110,150
2026-09-06T20:29:56+00:00,OVERROUND,False,Solana price on September 9?,2026-09-09,9,2.294,3.802,0.786,-280.2,-282.2,-4.55,44.0,709.0,110,140
2026-09-06T20:29:56+00:00,OVERROUND,False,Solana price on September 8?,2026-09-08,9,1.947,3.087,0.807,-208.7,-210.7,-4.31,57.0,1173.0,110,150
2026-09-06T20:29:56+00:00,OVERROUND,False,Solana price on September 7?,2026-09-07,9,1.224,2.208,0.24,-120.8,-122.8,-10.5,118.0,15528.0,110,150
2026-09-06T20:29:56+00:00,OVERROUND,False,Ethereum price on September 11?,2026-09-11,9,1.035,1.22,0.85,-22.0,-24.0,-3.8,3118.0,28877.0,2000,2900
2026-09-06T20:29:56+00:00,OVERROUND,False,Ethereum price on September 9?,2026-09-09,9,1.055,1.217,0.893,-21.7,-23.7,-3.29,2997.0,34372.0,1900,2800
2026-09-06T20:29:56+00:00,OVERROUND,False,Ethereum price on September 12?,2026-09-12,9,1.0335,1.207,0.86,-20.7,-22.7,-3.69,3148.0,29164.0,2000,2900
2026-09-06T20:29:56+00:00,OVERROUND,False,Ethereum price on September 10?,2026-09-10,9,1.0365,1.194,0.879,-19.4,-21.4,-3.46,3134.0,28767.0,2100,3000
2026-09-06T20:29:56+00:00,OVERROUND,False,Ethereum price on September 8?,2026-09-08,9,1.0315,1.114,0.949,-11.4,-13.4,-2.62,3298.0,40956.0,2000,2900
2026-09-06T20:29:56+00:00,OVERROUND,False,Ethereum price on September 7?,2026-09-07,9,1.0245,1.072,0.977,-7.2,-9.2,-2.28,3962.0,65970.0,2000,2900
2026-09-06T20:29:56+00:00,OVERROUND,False,Bitcoin price on September 7?,2026-09-07,9,1.028,1.062,0.994,-6.2,-8.2,-2.07,8046.0,111739.0,70000,88000
2026-09-06T20:42:48+00:00,OVERROUND,False,Solana price on September 11?,2026-09-11,9,3.8475,7.552,0.143,-655.2,-657.2,-11.48,8.0,149.0,110,150
2026-09-06T20:42:48+00:00,OVERROUND,False,Solana price on September 10?,2026-09-10,9,3.4185,6.725,0.112,-572.5,-574.5,-11.79,3.0,130.0,110,150
2026-09-06T20:42:48+00:00,OVERROUND,False,Solana price on September 9?,2026-09-09,9,3.2925,6.388,0.197,-538.8,-540.8,-10.94,50.0,636.0,110,140
2026-09-06T20:42:48+00:00,OVERROUND,False,Solana price on September 12?,2026-09-12,9,3.26,6.318,0.202,-531.8,-533.8,-10.89,12.0,466.0,110,150
2026-09-06T20:42:48+00:00,OVERROUND,False,Solana price on September 8?,2026-09-08,9,2.222,4.337,0.107,-333.7,-335.7,-11.84,30.0,1057.0,110,150
2026-09-06T20:42:48+00:00,OVERROUND,False,Solana price on September 7?,2026-09-07,9,1.3345,2.429,0.24,-142.9,-144.9,-10.5,115.0,15445.0,110,150
2026-09-06T20:42:48+00:00,OVERROUND,False,Ethereum price on September 11?,2026-09-11,9,1.0355,1.249,0.822,-24.9,-26.9,-4.13,3046.0,28275.0,2000,2900
2026-09-06T20:42:48+00:00,OVERROUND,False,Ethereum price on September 12?,2026-09-12,9,1.042,1.244,0.84,-24.4,-26.4,-3.92,2898.0,28127.0,2000,2900
2026-09-06T20:42:48+00:00,OVERROUND,False,Ethereum price on September 10?,2026-09-10,9,1.0505,1.234,0.867,-23.4,-25.4,-3.6,3017.0,28647.0,2100,3000
2026-09-06T20:42:48+00:00,OVERROUND,False,Ethereum price on September 9?,2026-09-09,9,1.05,1.222,0.878,-22.2,-24.2,-3.47,2967.0,34298.0,1900,2800
2026-09-06T20:42:48+00:00,OVERROUND,False,Ethereum price on September 8?,2026-09-08,9,1.0335,1.102,0.965,-10.2,-12.2,-2.43,3417.0,44231.0,2000,2900
2026-09-06T20:42:48+00:00,OVERROUND,False,Ethereum price on September 7?,2026-09-07,9,1.035,1.073,0.997,-7.3,-9.3,-2.04,4207.0,69077.0,2000,2900
2026-09-06T20:42:48+00:00,OVERROUND,False,Bitcoin price on September 7?,2026-09-07,9,1.024,1.065,0.983,-6.5,-8.5,-2.21,8070.0,116314.0,70000,88000
2026-09-06T20:55:09+00:00,OVERROUND,False,Solana price on September 11?,2026-09-11,9,3.8425,7.532,0.153,-653.2,-655.2,-11.38,12.0,228.0,110,150
2026-09-06T20:55:09+00:00,OVERROUND,False,Solana price on September 10?,2026-09-10,9,3.4145,6.717,0.112,-571.7,-573.7,-11.79,3.0,133.0,110,150
2026-09-06T20:55:09+00:00,OVERROUND,False,Solana price on September 9?,2026-09-09,9,3.295,6.312,0.278,-531.2,-533.2,-10.11,65.0,1022.0,110,140
2026-09-06T20:55:09+00:00,OVERROUND,False,Solana price on September 12?,2026-09-12,9,3.2195,6.237,0.202,-523.7,-525.7,-10.89,33.0,545.0,110,150
2026-09-06T20:55:09+00:00,OVERROUND,False,Solana price on September 8?,2026-09-08,9,2.2495,4.412,0.087,-341.2,-343.2,-12.04,26.0,1002.0,110,150
2026-09-06T20:55:09+00:00,OVERROUND,False,Solana price on September 7?,2026-09-07,9,1.297,2.314,0.28,-131.4,-133.4,-10.09,103.0,15319.0,110,150
2026-09-06T20:55:09+00:00,OVERROUND,False,Ethereum price on September 11?,2026-09-11,9,1.042,1.258,0.826,-25.8,-27.8,-4.09,3049.0,28290.0,2000,2900
2026-09-06T20:55:09+00:00,OVERROUND,False,Ethereum price on September 10?,2026-09-10,9,1.0615,1.244,0.879,-24.4,-26.4,-3.46,3011.0,28700.0,2100,3000
2026-09-06T20:55:09+00:00,OVERROUND,False,Ethereum price on September 12?,2026-09-12,9,1.0405,1.241,0.84,-24.1,-26.1,-3.92,3104.0,28764.0,2000,2900
2026-09-06T20:55:09+00:00,OVERROUND,False,Ethereum price on September 9?,2026-09-09,9,1.0455,1.23,0.861,-23.0,-25.0,-3.67,2721.0,33906.0,1900,2800
2026-09-06T20:55:09+00:00,OVERROUND,False,Ethereum price on September 8?,2026-09-08,9,1.0375,1.128,0.947,-12.8,-14.8,-2.64,3390.0,43252.0,2000,2900
2026-09-06T20:55:09+00:00,OVERROUND,False,Ethereum price on September 7?,2026-09-07,9,1.037,1.082,0.992,-8.2,-10.2,-2.1,3981.0,67109.0,2000,2900
2026-09-06T20:55:09+00:00,OVERROUND,False,Bitcoin price on September 7?,2026-09-07,9,1.0335,1.07,0.997,-7.0,-9.0,-2.04,8059.0,114391.0,70000,88000
2026-09-06T21:08:21+00:00,OVERROUND,False,Solana price on September 11?,2026-09-11,9,3.8845,7.626,0.143,-662.6,-664.6,-11.48,10.0,138.0,110,150
2026-09-06T21:08:21+00:00,OVERROUND,False,Solana price on September 10?,2026-09-10,9,3.4275,6.753,0.102,-575.3,-577.3,-11.89,2.0,82.0,110,150
2026-09-06T21:08:21+00:00,OVERROUND,False,Solana price on September 9?,2026-09-09,9,3.357,6.526,0.188,-552.6,-554.6,-11.03,29.0,608.0,110,140
2026-09-06T21:08:21+00:00,OVERROUND,False,Solana price on September 12?,2026-09-12,9,3.245,6.288,0.202,-528.8,-530.8,-10.89,23.0,414.0,110,150
2026-09-06T21:08:21+00:00,OVERROUND,False,Solana price on September 8?,2026-09-08,9,2.5285,4.959,0.098,-395.9,-397.9,-11.93,28.0,820.0,110,150
2026-09-06T21:08:21+00:00,OVERROUND,False,Solana price on September 7?,2026-09-07,9,1.332,2.364,0.3,-136.4,-138.4,-9.89,80.0,15457.0,110,150
2026-09-06T21:08:21+00:00,OVERROUND,False,Ethereum price on September 11?,2026-09-11,9,1.0335,1.28,0.787,-28.0,-30.0,-4.54,2653.0,27370.0,2000,2900
2026-09-06T21:08:21+00:00,OVERROUND,False,Ethereum price on September 10?,2026-09-10,9,1.0505,1.234,0.867,-23.4,-25.4,-3.6,3007.0,28737.0,2100,3000
2026-09-06T21:08:21+00:00,OVERROUND,False,Ethereum price on September 9?,2026-09-09,9,1.0515,1.219,0.884,-21.9,-23.9,-3.4,490.0,32314.0,1900,2800
2026-09-06T21:08:21+00:00,OVERROUND,False,Ethereum price on September 12?,2026-09-12,9,1.029,1.218,0.84,-21.8,-23.8,-3.92,3093.0,28721.0,2000,2900
2026-09-06T21:08:21+00:00,OVERROUND,False,Ethereum price on September 8?,2026-09-08,9,1.0575,1.164,0.951,-16.4,-18.4,-2.6,3547.0,43875.0,2000,2900
2026-09-06T21:08:21+00:00,OVERROUND,False,Ethereum price on September 7?,2026-09-07,9,1.0415,1.083,1.0,-8.3,-10.3,-2.0,3892.0,67630.0,2000,2900
2026-09-06T21:08:21+00:00,OVERROUND,False,Bitcoin price on September 7?,2026-09-07,9,1.031,1.064,0.998,-6.4,-8.4,-2.02,8079.0,115886.0,70000,88000
2026-09-06T21:20:30+00:00,OVERROUND,False,Ethereum price on September 11?,2026-09-11,9,3.9155,7.739,0.092,-673.9,-675.9,-11.99,39.0,894.0,2000,2900
2026-09-06T21:20:30+00:00,OVERROUND,False,Solana price on September 11?,2026-09-11,9,3.833,7.523,0.143,-652.3,-654.3,-11.48,11.0,164.0,110,150
2026-09-06T21:20:30+00:00,OVERROUND,False,Solana price on September 10?,2026-09-10,9,3.4575,6.803,0.112,-580.3,-582.3,-11.79,4.0,125.0,110,150
2026-09-06T21:20:30+00:00,OVERROUND,False,Solana price on September 9?,2026-09-09,9,3.383,6.578,0.188,-557.8,-559.8,-11.03,33.0,639.0,110,140
2026-09-06T21:20:30+00:00,OVERROUND,False,Solana price on September 12?,2026-09-12,9,3.309,6.426,0.192,-542.6,-544.6,-10.99,10.0,364.0,110,150
2026-09-06T21:20:30+00:00,OVERROUND,False,Ethereum price on September 12?,2026-09-12,9,3.2365,6.343,0.13,-534.3,-536.3,-11.61,111.0,1744.0,2000,2900
2026-09-06T21:20:30+00:00,OVERROUND,False,Solana price on September 8?,2026-09-08,9,2.444,4.609,0.279,-360.9,-362.9,-10.1,91.0,1452.0,110,150
2026-09-06T21:20:30+00:00,OVERROUND,False,Ethereum price on September 10?,2026-09-10,9,2.2765,4.083,0.47,-308.3,-310.3,-8.09,19.0,3048.0,2100,3000
2026-09-06T21:20:30+00:00,OVERROUND,False,Ethereum price on September 9?,2026-09-09,9,2.058,3.631,0.485,-263.1,-265.1,-7.93,231.0,7871.0,1900,2800
2026-09-06T21:20:30+00:00,OVERROUND,False,Ethereum price on September 8?,2026-09-08,9,1.664,2.733,0.595,-173.3,-175.3,-6.72,189.0,12969.0,2000,2900
2026-09-06T21:20:30+00:00,OVERROUND,False,Solana price on September 7?,2026-09-07,9,1.3075,2.445,0.17,-144.5,-146.5,-11.21,91.0,14970.0,110,150
2026-09-06T21:20:30+00:00,OVERROUND,False,Ethereum price on September 7?,2026-09-07,9,1.0745,1.15,0.999,-15.0,-17.0,-2.01,1204.0,40552.0,2000,2900
2026-09-06T21:20:30+00:00,OVERROUND,False,Bitcoin price on September 8?,2026-09-08,9,1.027,1.101,0.953,-10.1,-12.1,-2.57,6660.0,90037.0,68000,86000
2026-09-06T21:20:30+00:00,OVERROUND,False,Bitcoin price on September 7?,2026-09-07,9,1.031,1.072,0.99,-7.2,-9.2,-2.12,8109.0,111478.0,70000,88000
2026-09-06T21:33:01+00:00,OVERROUND,False,Ethereum price on September 11?,2026-09-11,9,1.049,1.311,0.787,-31.1,-33.1,-4.54,2689.0,27350.0,2000,2900
2026-09-06T21:33:01+00:00,OVERROUND,False,Solana price on September 12?,2026-09-12,9,1.101,1.305,0.897,-30.5,-32.5,-3.25,956.0,9426.0,110,150
2026-09-06T21:33:01+00:00,OVERROUND,False,Solana price on September 11?,2026-09-11,9,1.103,1.304,0.902,-30.4,-32.4,-3.19,929.0,8862.0,110,150
2026-09-06T21:33:01+00:00,OVERROUND,False,Ethereum price on September 12?,2026-09-12,9,1.037,1.294,0.78,-29.4,-31.4,-4.62,3079.0,29294.0,2000,2900
2026-09-06T21:33:01+00:00,OVERROUND,False,Solana price on September 9?,2026-09-09,9,1.1075,1.289,0.926,-28.9,-30.9,-2.9,212.0,8190.0,110,140
2026-09-06T21:33:01+00:00,OVERROUND,False,Solana price on September 10?,2026-09-10,9,1.1045,1.288,0.921,-28.8,-30.8,-2.96,890.0,8660.0,110,150
2026-09-06T21:33:01+00:00,OVERROUND,False,Ethereum price on September 10?,2026-09-10,9,1.0445,1.249,0.84,-24.9,-26.9,-3.92,2808.0,29453.0,2100,3000
2026-09-06T21:33:01+00:00,OVERROUND,False,Ethereum price on September 9?,2026-09-09,9,1.046,1.221,0.871,-22.1,-24.1,-3.56,2864.0,34403.0,1900,2800
2026-09-06T21:33:01+00:00,OVERROUND,False,Solana price on September 8?,2026-09-08,9,1.0595,1.22,0.899,-22.0,-24.0,-3.22,130.0,9256.0,110,150
2026-09-06T21:33:01+00:00,OVERROUND,False,Ethereum price on September 8?,2026-09-08,9,1.0685,1.185,0.952,-18.5,-20.5,-2.58,2011.0,41981.0,2000,2900
2026-09-06T21:33:01+00:00,OVERROUND,False,Ethereum price on September 7?,2026-09-07,9,1.0405,1.088,0.993,-8.8,-10.8,-2.09,3624.0,66977.0,2000,2900
2026-09-06T21:33:01+00:00,OVERROUND,False,Bitcoin price on September 7?,2026-09-07,9,1.024,1.06,0.988,-6.0,-8.0,-2.15,7671.0,113347.0,70000,88000
2026-09-06T21:45:17+00:00,OVERROUND,False,Ethereum price on September 11?,2026-09-11,9,1.0485,1.315,0.782,-31.5,-33.5,-4.6,3069.0,28927.0,2000,2900
2026-09-06T21:45:17+00:00,OVERROUND,False,Ethereum price on September 12?,2026-09-12,9,1.032,1.294,0.77,-29.4,-31.4,-4.74,3099.0,29411.0,2000,2900
2026-09-06T21:45:17+00:00,OVERROUND,False,Solana price on September 12?,2026-09-12,9,1.0985,1.291,0.906,-29.1,-31.1,-3.14,971.0,9482.0,110,150
2026-09-06T21:45:17+00:00,OVERROUND,False,Solana price on September 11?,2026-09-11,9,1.1005,1.289,0.912,-28.9,-30.9,-3.07,910.0,8700.0,110,150
2026-09-06T21:45:17+00:00,OVERROUND,False,Solana price on September 10?,2026-09-10,9,1.103,1.285,0.921,-28.5,-30.5,-2.96,903.0,8900.0,110,150
2026-09-06T21:45:17+00:00,OVERROUND,False,Solana price on September 9?,2026-09-09,9,1.096,1.266,0.926,-26.6,-28.6,-2.9,954.0,9370.0,110,140
2026-09-06T21:45:17+00:00,OVERROUND,False,Ethereum price on September 9?,2026-09-09,9,1.051,1.236,0.866,-23.6,-25.6,-3.61,3186.0,35204.0,1900,2800
2026-09-06T21:45:17+00:00,OVERROUND,False,Ethereum price on September 10?,2026-09-10,9,1.021,1.202,0.84,-20.2,-22.2,-3.92,2885.0,29205.0,2100,3000
2026-09-06T21:45:17+00:00,OVERROUND,False,Solana price on September 8?,2026-09-08,9,1.0535,1.198,0.909,-19.8,-21.8,-3.1,205.0,10631.0,110,150
2026-09-06T21:45:17+00:00,OVERROUND,False,Ethereum price on September 8?,2026-09-08,9,1.0485,1.151,0.946,-15.1,-17.1,-2.66,3562.0,44936.0,2000,2900
2026-09-06T21:45:17+00:00,OVERROUND,False,Ethereum price on September 7?,2026-09-07,9,1.0385,1.081,0.996,-8.1,-10.1,-2.05,3981.0,67415.0,2000,2900
2026-09-06T21:45:17+00:00,OVERROUND,False,Bitcoin price on September 7?,2026-09-07,9,1.028,1.06,0.996,-6.0,-8.0,-2.05,8080.0,115298.0,70000,88000
2026-09-06T21:57:29+00:00,OVERROUND,False,Solana price on September 10?,2026-09-10,9,3.884,7.657,0.111,-665.7,-667.7,-11.8,4.0,182.0,110,150
2026-09-06T21:57:29+00:00,OVERROUND,False,Solana price on September 11?,2026-09-11,9,3.7155,7.289,0.142,-628.9,-630.9,-11.49,9.0,212.0,110,150
2026-09-06T21:57:29+00:00,OVERROUND,False,Solana price on September 9?,2026-09-09,9,3.4755,6.765,0.186,-576.5,-578.5,-11.05,29.0,505.0,110,140
2026-09-06T21:57:29+00:00,OVERROUND,False,Solana price on September 12?,2026-09-12,9,3.285,6.368,0.202,-536.8,-538.8,-10.89,26.0,512.0,110,150
2026-09-06T21:57:29+00:00,OVERROUND,False,Solana price on September 8?,2026-09-08,9,1.623,3.086,0.16,-208.6,-210.6,-11.31,58.0,1413.0,110,150
2026-09-06T21:57:29+00:00,OVERROUND,False,Solana price on September 7?,2026-09-07,9,1.0935,1.949,0.238,-94.9,-96.9,-10.52,103.0,16160.0,110,150
2026-09-06T21:57:29+00:00,OVERROUND,False,Ethereum price on September 12?,2026-09-12,9,1.041,1.322,0.76,-32.2,-34.2,-4.85,2721.0,28147.0,2000,2900
2026-09-06T21:57:29+00:00,OVERROUND,False,Ethereum price on September 11?,2026-09-11,9,1.0465,1.307,0.786,-30.7,-32.7,-4.55,3020.0,28591.0,2000,2900
2026-09-06T21:57:29+00:00,OVERROUND,False,Ethereum price on September 9?,2026-09-09,9,1.0315,1.188,0.875,-18.8,-20.8,-3.51,3005.0,34733.0,1900,2800
2026-09-06T21:57:29+00:00,OVERROUND,False,Ethereum price on September 8?,2026-09-08,9,1.037,1.133,0.941,-13.3,-15.3,-2.72,528.0,38232.0,2000,2900
2026-09-06T21:57:29+00:00,OVERROUND,False,Bitcoin price on September 7?,2026-09-07,9,1.025,1.082,0.968,-8.2,-10.2,-2.39,8005.0,110665.0,70000,88000
2026-09-06T21:57:29+00:00,OVERROUND,False,Ethereum price on September 7?,2026-09-07,9,1.0255,1.072,0.979,-7.2,-9.2,-2.26,3809.0,66435.0,2000,2900
2026-09-06T22:10:31+00:00,OVERROUND,False,Solana price on September 10?,2026-09-10,9,3.8815,7.651,0.112,-665.1,-667.1,-11.79,3.0,192.0,110,150
2026-09-06T22:10:31+00:00,OVERROUND,False,Solana price on September 11?,2026-09-11,9,3.7055,7.268,0.143,-626.8,-628.8,-11.48,10.0,196.0,110,150
2026-09-06T22:10:31+00:00,OVERROUND,False,Solana price on September 9?,2026-09-09,9,3.4915,6.805,0.178,-580.5,-582.5,-11.13,21.0,449.0,110,140
2026-09-06T22:10:31+00:00,OVERROUND,False,Solana price on September 12?,2026-09-12,9,3.2615,6.331,0.192,-533.1,-535.1,-10.99,14.0,347.0,110,150
2026-09-06T22:10:31+00:00,OVERROUND,False,Solana price on September 8?,2026-09-08,9,2.5215,4.943,0.1,-394.3,-396.3,-11.91,29.0,735.0,110,150
2026-09-06T22:10:31+00:00,OVERROUND,False,Bitcoin price on September 11?,2026-09-11,9,1.656,3.162,0.15,-216.2,-218.2,-11.41,22.0,1779.0,70000,88000
2026-09-06T22:10:31+00:00,OVERROUND,False,Bitcoin price on September 10?,2026-09-10,9,1.7115,2.893,0.53,-189.3,-191.3,-7.44,44.0,3856.0,72000,90000
2026-09-06T22:10:31+00:00,OVERROUND,False,Bitcoin price on September 12?,2026-09-12,9,1.347,2.401,0.293,-140.1,-142.1,-9.96,63.0,4643.0,70000,88000
2026-09-06T22:10:31+00:00,OVERROUND,False,Solana price on September 7?,2026-09-07,9,1.069,1.9,0.238,-90.0,-92.0,-10.52,112.0,15281.0,110,150
2026-09-06T22:10:31+00:00,OVERROUND,False,Ethereum price on September 12?,2026-09-12,9,1.0505,1.321,0.78,-32.1,-34.1,-4.62,3066.0,29252.0,2000,2900
2026-09-06T22:10:31+00:00,OVERROUND,False,Ethereum price on September 11?,2026-09-11,9,1.047,1.304,0.79,-30.4,-32.4,-4.51,2924.0,28352.0,2000,2900
2026-09-06T22:10:31+00:00,OVERROUND,False,Ethereum price on September 9?,2026-09-09,9,1.0305,1.19,0.871,-19.0,-21.0,-3.56,2957.0,34820.0,1900,2800
2026-09-06T22:10:31+00:00,OVERROUND,False,Ethereum price on September 8?,2026-09-08,9,1.0445,1.13,0.959,-13.0,-15.0,-2.5,3028.0,43410.0,2000,2900
2026-09-06T22:10:31+00:00,OVERROUND,False,Ethereum price on September 7?,2026-09-07,9,1.038,1.092,0.984,-9.2,-11.2,-2.2,4064.0,65355.0,2000,2900
2026-09-06T22:10:31+00:00,OVERROUND,False,Bitcoin price on September 7?,2026-09-07,9,1.0255,1.074,0.977,-7.4,-9.4,-2.28,3066.0,61582.0,70000,88000
2026-09-06T22:23:41+00:00,OVERROUND,False,Solana price on September 10?,2026-09-10,9,3.896,7.68,0.112,-668.0,-670.0,-11.79,4.0,170.0,110,150
2026-09-06T22:23:41+00:00,OVERROUND,False,Solana price on September 11?,2026-09-11,9,3.7655,7.378,0.153,-637.8,-639.8,-11.38,9.0,220.0,110,150
2026-09-06T22:23:41+00:00,OVERROUND,False,Solana price on September 9?,2026-09-09,9,3.529,6.87,0.188,-587.0,-589.0,-11.03,23.0,475.0,110,140
2026-09-06T22:23:41+00:00,OVERROUND,False,Solana price on September 12?,2026-09-12,9,3.126,6.06,0.192,-506.0,-508.0,-10.99,17.0,370.0,110,150
2026-09-06T22:23:41+00:00,OVERROUND,False,Solana price on September 8?,2026-09-08,9,2.469,4.838,0.1,-383.8,-385.8,-11.91,21.0,748.0,110,150
2026-09-06T22:23:41+00:00,OVERROUND,False,Bitcoin price on September 10?,2026-09-10,9,1.712,2.644,0.78,-164.4,-166.4,-4.62,143.0,4470.0,72000,90000
2026-09-06T22:23:41+00:00,OVERROUND,False,Bitcoin price on September 11?,2026-09-11,9,1.196,2.242,0.15,-124.2,-126.2,-11.41,172.0,3451.0,70000,88000
2026-09-06T22:23:41+00:00,OVERROUND,False,Solana price on September 7?,2026-09-07,9,1.062,1.856,0.268,-85.6,-87.6,-10.22,120.0,15716.0,110,150
2026-09-06T22:23:41+00:00,OVERROUND,False,Bitcoin price on September 12?,2026-09-12,9,1.052,1.851,0.253,-85.1,-87.1,-10.37,339.0,5212.0,70000,88000
2026-09-06T22:23:41+00:00,OVERROUND,False,Ethereum price on September 11?,2026-09-11,9,1.053,1.325,0.781,-32.5,-34.5,-4.61,2652.0,26249.0,2000,2900
2026-09-06T22:23:41+00:00,OVERROUND,False,Ethereum price on September 12?,2026-09-12,9,1.041,1.312,0.77,-31.2,-33.2,-4.74,3068.0,28424.0,2000,2900
2026-09-06T22:23:41+00:00,OVERROUND,False,Ethereum price on September 9?,2026-09-09,9,1.039,1.206,0.872,-20.6,-22.6,-3.54,2911.0,33181.0,1900,2800
2026-09-06T22:23:41+00:00,OVERROUND,False,Ethereum price on September 8?,2026-09-08,9,1.0515,1.157,0.946,-15.7,-17.7,-2.66,3442.0,41674.0,2000,2900
2026-09-06T22:23:41+00:00,OVERROUND,False,Bitcoin price on September 8?,2026-09-08,9,1.0335,1.133,0.934,-13.3,-15.3,-2.8,2003.0,38971.0,68000,86000
2026-09-06T22:23:41+00:00,OVERROUND,False,Ethereum price on September 7?,2026-09-07,9,1.0345,1.078,0.991,-7.8,-9.8,-2.11,4126.0,61346.0,2000,2900
2026-09-06T22:23:41+00:00,OVERROUND,False,Bitcoin price on September 7?,2026-09-07,9,1.026,1.053,0.999,-5.3,-7.3,-2.01,3007.0,63324.0,70000,88000
2026-09-06T22:38:08+00:00,OVERROUND,False,Solana price on September 10?,2026-09-10,9,3.8505,7.579,0.122,-657.9,-659.9,-11.69,3.0,174.0,110,150
2026-09-06T22:38:08+00:00,OVERROUND,False,Solana price on September 11?,2026-09-11,9,3.718,7.293,0.143,-629.3,-631.3,-11.48,13.0,181.0,110,150
2026-09-06T22:38:08+00:00,OVERROUND,False,Solana price on September 9?,2026-09-09,9,3.3855,6.523,0.248,-552.3,-554.3,-10.42,54.0,730.0,110,140
2026-09-06T22:38:08+00:00,OVERROUND,False,Solana price on September 12?,2026-09-12,9,3.12,5.998,0.242,-499.8,-501.8,-10.48,12.0,465.0,110,150
2026-09-06T22:38:08+00:00,OVERROUND,False,Solana price on September 8?,2026-09-08,9,2.485,4.83,0.14,-383.0,-385.0,-11.51,49.0,900.0,110,150
2026-09-06T22:38:08+00:00,OVERROUND,False,Solana price on September 7?,2026-09-07,9,1.3375,2.347,0.328,-134.7,-136.7,-9.59,131.0,15544.0,110,150
2026-09-06T22:38:08+00:00,OVERROUND,False,Bitcoin price on September 12?,2026-09-12,9,1.182,2.004,0.36,-100.4,-102.4,-9.26,795.0,28650.0,70000,88000
2026-09-06T22:38:08+00:00,OVERROUND,False,Bitcoin price on September 10?,2026-09-10,9,1.2435,1.637,0.85,-63.7,-65.7,-3.8,721.0,37764.0,72000,90000
2026-09-06T22:38:08+00:00,OVERROUND,False,Bitcoin price on September 11?,2026-09-11,9,1.041,1.322,0.76,-32.2,-34.2,-4.85,591.0,42160.0,70000,88000
2026-09-06T22:38:08+00:00,OVERROUND,False,Ethereum price on September 11?,2026-09-11,9,1.0475,1.251,0.844,-25.1,-27.1,-3.87,3143.0,28956.0,2000,2900
2026-09-06T22:38:08+00:00,OVERROUND,False,Ethereum price on September 12?,2026-09-12,9,1.035,1.25,0.82,-25.0,-27.0,-4.16,3210.0,29468.0,2000,2900
2026-09-06T22:38:08+00:00,OVERROUND,False,Ethereum price on September 9?,2026-09-09,9,1.026,1.146,0.906,-14.6,-16.6,-3.14,2874.0,35025.0,1900,2800
2026-09-06T22:38:08+00:00,OVERROUND,False,Ethereum price on September 8?,2026-09-08,9,1.03,1.104,0.956,-10.4,-12.4,-2.54,3774.0,45999.0,2000,2900
2026-09-06T22:38:08+00:00,OVERROUND,False,Ethereum price on September 7?,2026-09-07,9,1.042,1.081,1.003,-8.1,-10.1,-1.96,4204.0,68548.0,2000,2900
2026-09-06T22:38:08+00:00,OVERROUND,False,Bitcoin price on September 7?,2026-09-07,9,1.026,1.063,0.989,-6.3,-8.3,-2.13,7085.0,106622.0,70000,88000
2026-09-06T22:52:00+00:00,OVERROUND,False,Solana price on September 10?,2026-09-10,9,3.907,7.712,0.102,-671.2,-673.2,-11.89,3.0,122.0,110,150
2026-09-06T22:52:00+00:00,OVERROUND,False,Solana price on September 11?,2026-09-11,9,3.772,7.401,0.143,-640.1,-642.1,-11.48,8.0,188.0,110,150
2026-09-06T22:52:00+00:00,OVERROUND,False,Solana price on September 12?,2026-09-12,9,3.2725,6.343,0.202,-534.3,-536.3,-10.89,15.0,368.0,110,150
2026-09-06T22:52:00+00:00,OVERROUND,False,Solana price on September 9?,2026-09-09,9,3.3285,6.339,0.318,-533.9,-535.9,-9.7,78.0,1041.0,110,140
2026-09-06T22:52:00+00:00,OVERROUND,False,Solana price on September 8?,2026-09-08,9,2.4805,4.851,0.11,-385.1,-387.1,-11.81,43.0,850.0,110,150
2026-09-06T22:52:00+00:00,OVERROUND,False,Solana price on September 7?,2026-09-07,9,1.314,2.42,0.208,-142.0,-144.0,-10.83,92.0,15401.0,110,150
2026-09-06T22:52:00+00:00,OVERROUND,False,Ethereum price on September 11?,2026-09-11,9,1.051,1.263,0.839,-26.3,-28.3,-3.93,3096.0,28749.0,2000,2900
2026-09-06T22:52:00+00:00,OVERROUND,False,Ethereum price on September 12?,2026-09-12,9,1.04,1.25,0.83,-25.0,-27.0,-4.04,2902.0,28924.0,2000,2900
2026-09-06T22:52:00+00:00,OVERROUND,False,Ethereum price on September 9?,2026-09-09,9,1.0295,1.186,0.873,-18.6,-20.6,-3.53,2912.0,34572.0,1900,2800
2026-09-06T22:52:00+00:00,OVERROUND,False,Ethereum price on September 8?,2026-09-08,9,1.0225,1.104,0.941,-10.4,-12.4,-2.72,3116.0,45309.0,2000,2900
2026-09-06T22:52:00+00:00,OVERROUND,False,Bitcoin price on September 7?,2026-09-07,9,1.043,1.08,1.006,-8.0,-10.0,-1.93,8171.0,114132.0,70000,88000
2026-09-06T22:52:00+00:00,OVERROUND,False,Ethereum price on September 7?,2026-09-07,9,1.03,1.076,0.984,-7.6,-9.6,-2.2,4206.0,67224.0,2000,2900
2026-09-06T23:06:12+00:00,OVERROUND,False,Solana price on September 10?,2026-09-10,9,3.906,7.71,0.102,-671.0,-673.0,-11.89,3.0,139.0,110,150
2026-09-06T23:06:12+00:00,OVERROUND,False,Solana price on September 11?,2026-09-11,9,3.6435,7.144,0.143,-614.4,-616.4,-11.48,10.0,230.0,110,150
2026-09-06T23:06:12+00:00,OVERROUND,False,Solana price on September 9?,2026-09-09,9,3.473,6.758,0.188,-575.8,-577.8,-11.03,21.0,707.0,110,140
2026-09-06T23:06:12+00:00,OVERROUND,False,Solana price on September 12?,2026-09-12,9,3.208,6.214,0.202,-521.4,-523.4,-10.89,13.0,378.0,110,150
2026-09-06T23:06:12+00:00,OVERROUND,False,Solana price on September 8?,2026-09-08,9,2.542,4.984,0.1,-398.4,-400.4,-11.91,36.0,781.0,110,150
2026-09-06T23:06:12+00:00,OVERROUND,False,Ethereum price on September 12?,2026-09-12,9,1.035,1.25,0.82,-25.0,-27.0,-4.16,2808.0,27913.0,2000,2900
2026-09-06T23:06:12+00:00,OVERROUND,False,Ethereum price on September 11?,2026-09-11,9,1.0335,1.244,0.823,-24.4,-26.4,-4.12,2756.0,27726.0,2000,2900
2026-09-06T23:06:12+00:00,OVERROUND,False,Ethereum price on September 9?,2026-09-09,9,1.0275,1.182,0.873,-18.2,-20.2,-3.53,2983.0,35607.0,1900,2800
2026-09-06T23:06:12+00:00,OVERROUND,False,Ethereum price on September 8?,2026-09-08,9,1.0365,1.117,0.956,-11.7,-13.7,-2.54,3385.0,41149.0,2000,2900
2026-09-06T23:06:12+00:00,OVERROUND,False,Ethereum price on September 7?,2026-09-07,9,1.0355,1.078,0.993,-7.8,-9.8,-2.09,4195.0,68569.0,2000,2900
2026-09-06T23:06:12+00:00,OVERROUND,False,Bitcoin price on September 7?,2026-09-07,9,1.029,1.071,0.987,-7.1,-9.1,-2.16,7991.0,110597.0,70000,88000
2026-09-06T23:18:19+00:00,OVERROUND,False,Ethereum price on September 12?,2026-09-12,9,1.043,1.336,0.75,-33.6,-35.6,-4.97,3036.0,29172.0,2000,2900
2026-09-06T23:18:19+00:00,OVERROUND,False,Ethereum price on September 11?,2026-09-11,9,1.043,1.31,0.776,-31.0,-33.0,-4.67,3084.0,28627.0,2000,2900
2026-09-06T23:18:19+00:00,OVERROUND,False,Solana price on September 12?,2026-09-12,9,1.101,1.298,0.904,-29.8,-31.8,-3.16,917.0,8820.0,110,150
2026-09-06T23:18:19+00:00,OVERROUND,False,Solana price on September 10?,2026-09-10,9,1.108,1.295,0.921,-29.5,-31.5,-2.96,896.0,8459.0,110,150
2026-09-06T23:18:19+00:00,OVERROUND,False,Solana price on September 11?,2026-09-11,9,1.0995,1.287,0.912,-28.7,-30.7,-3.07,911.0,8396.0,110,150
2026-09-06T23:18:19+00:00,OVERROUND,False,Solana price on September 9?,2026-09-09,9,1.1085,1.281,0.936,-28.1,-30.1,-2.78,1003.0,9789.0,110,140
2026-09-06T23:18:19+00:00,OVERROUND,False,Ethereum price on September 9?,2026-09-09,9,1.04,1.217,0.863,-21.7,-23.7,-3.65,3155.0,36248.0,1900,2800
2026-09-06T23:18:19+00:00,OVERROUND,False,Ethereum price on September 10?,2026-09-10,9,1.0245,1.216,0.833,-21.6,-23.6,-4.0,3116.0,29584.0,2100,3000
2026-09-06T23:18:19+00:00,OVERROUND,False,Solana price on September 8?,2026-09-08,9,1.0645,1.209,0.92,-20.9,-22.9,-2.97,398.0,10346.0,110,150
2026-09-06T23:18:19+00:00,OVERROUND,False,Ethereum price on September 8?,2026-09-08,9,1.046,1.145,0.947,-14.5,-16.5,-2.64,3803.0,45034.0,2000,2900
2026-09-06T23:18:19+00:00,OVERROUND,False,Ethereum price on September 7?,2026-09-07,9,1.0325,1.09,0.975,-9.0,-11.0,-2.31,3984.0,68149.0,2000,2900
2026-09-06T23:18:19+00:00,OVERROUND,False,Bitcoin price on September 7?,2026-09-07,9,1.0305,1.07,0.991,-7.0,-9.0,-2.11,7721.0,113157.0,70000,88000
2026-09-06T23:30:10+00:00,OVERROUND,False,Solana price on September 10?,2026-09-10,9,3.901,7.691,0.111,-669.1,-671.1,-11.8,5.0,140.0,110,150
2026-09-06T23:30:10+00:00,OVERROUND,False,Solana price on September 11?,2026-09-11,9,3.85,7.558,0.142,-655.8,-657.8,-11.49,8.0,130.0,110,150
2026-09-06T23:30:10+00:00,OVERROUND,False,Solana price on September 12?,2026-09-12,9,3.276,6.11,0.442,-511.0,-513.0,-8.39,41.0,856.0,110,150
2026-09-06T23:30:10+00:00,OVERROUND,False,Ethereum price on September 11?,2026-09-11,9,2.8855,5.595,0.176,-459.5,-461.5,-11.15,76.0,2093.0,2000,2900
2026-09-06T23:30:10+00:00,OVERROUND,False,Solana price on September 8?,2026-09-08,9,2.5285,4.957,0.1,-395.7,-397.7,-11.91,25.0,693.0,110,150
2026-09-06T23:30:10+00:00,OVERROUND,False,Solana price on September 9?,2026-09-09,9,2.748,4.88,0.616,-388.0,-390.0,-6.49,64.0,953.0,110,140
2026-09-06T23:30:10+00:00,OVERROUND,False,Ethereum price on September 12?,2026-09-12,9,2.1445,3.969,0.32,-296.9,-298.9,-9.68,185.0,3900.0,2000,2900
2026-09-06T23:30:10+00:00,OVERROUND,False,Ethereum price on September 10?,2026-09-10,9,1.6125,2.605,0.62,-160.5,-162.5,-6.44,232.0,5231.0,2100,3000
2026-09-06T23:30:10+00:00,OVERROUND,False,Ethereum price on September 9?,2026-09-09,9,1.429,2.254,0.604,-125.4,-127.4,-6.62,594.0,12215.0,1900,2800
2026-09-06T23:30:10+00:00,OVERROUND,False,Ethereum price on September 8?,2026-09-08,9,1.2895,1.72,0.859,-72.0,-74.0,-3.7,277.0,16598.0,2000,2900
2026-09-06T23:30:10+00:00,OVERROUND,False,Bitcoin price on September 7?,2026-09-07,9,1.0305,1.064,0.997,-6.4,-8.4,-2.04,8154.0,115425.0,70000,88000
2026-09-06T23:42:10+00:00,OVERROUND,False,Solana price on September 10?,2026-09-10,9,3.897,7.683,0.111,-668.3,-670.3,-11.8,6.0,123.0,110,150
2026-09-06T23:42:10+00:00,OVERROUND,False,Solana price on September 11?,2026-09-11,9,3.6555,7.168,0.143,-616.8,-618.8,-11.48,8.0,205.0,110,150
2026-09-06T23:42:10+00:00,OVERROUND,False,Solana price on September 9?,2026-09-09,9,3.5215,6.857,0.186,-585.7,-587.7,-11.05,35.0,478.0,110,140
2026-09-06T23:42:10+00:00,OVERROUND,False,Solana price on September 12?,2026-09-12,9,3.2715,6.341,0.202,-534.1,-536.1,-10.89,25.0,488.0,110,150
2026-09-06T23:42:10+00:00,OVERROUND,False,Ethereum price on September 11?,2026-09-11,9,2.9105,5.645,0.176,-464.5,-466.5,-11.15,57.0,2243.0,2000,2900
2026-09-06T23:42:10+00:00,OVERROUND,False,Solana price on September 8?,2026-09-08,9,2.502,4.894,0.11,-389.4,-391.4,-11.81,28.0,749.0,110,150
2026-09-06T23:42:10+00:00,OVERROUND,False,Ethereum price on September 12?,2026-09-12,9,2.1865,4.053,0.32,-305.3,-307.3,-9.68,167.0,3444.0,2000,2900
2026-09-06T23:42:10+00:00,OVERROUND,False,Bitcoin price on September 10?,2026-09-10,9,1.6965,2.913,0.48,-191.3,-193.3,-7.98,56.0,3487.0,72000,90000
2026-09-06T23:42:10+00:00,OVERROUND,False,Ethereum price on September 10?,2026-09-10,9,1.5975,2.563,0.632,-156.3,-158.3,-6.31,309.0,5658.0,2100,3000
2026-09-06T23:42:10+00:00,OVERROUND,False,Bitcoin price on September 12?,2026-09-12,9,1.2425,2.172,0.313,-117.2,-119.2,-9.75,144.0,4365.0,70000,88000
2026-09-06T23:42:10+00:00,OVERROUND,False,Ethereum price on September 9?,2026-09-09,9,1.319,2.096,0.542,-109.6,-111.6,-7.31,303.0,10387.0,1900,2800
2026-09-06T23:42:10+00:00,OVERROUND,False,Ethereum price on September 8?,2026-09-08,9,1.2615,1.676,0.847,-67.6,-69.6,-3.84,522.0,16226.0,2000,2900
2026-09-06T23:42:10+00:00,OVERROUND,False,Bitcoin price on September 9?,2026-09-09,9,1.028,1.253,0.803,-25.3,-27.3,-4.36,1892.0,28396.0,68000,86000
2026-09-06T23:42:10+00:00,OVERROUND,False,Bitcoin price on September 8?,2026-09-08,9,1.027,1.221,0.833,-22.1,-24.1,-4.0,2057.0,43905.0,68000,86000
2026-09-06T23:54:25+00:00,OVERROUND,False,Solana price on September 10?,2026-09-10,9,3.8855,7.659,0.112,-665.9,-667.9,-11.79,7.0,123.0,110,150
2026-09-06T23:54:25+00:00,OVERROUND,False,Solana price on September 11?,2026-09-11,9,3.71,7.277,0.143,-627.7,-629.7,-11.48,8.0,186.0,110,150
2026-09-06T23:54:25+00:00,OVERROUND,False,Solana price on September 9?,2026-09-09,9,3.407,6.536,0.278,-553.6,-555.6,-10.11,64.0,985.0,110,140
2026-09-06T23:54:25+00:00,OVERROUND,False,Solana price on September 12?,2026-09-12,9,3.3145,6.437,0.192,-543.7,-545.7,-10.99,15.0,418.0,110,150
2026-09-06T23:54:25+00:00,OVERROUND,False,Ethereum price on September 11?,2026-09-11,9,2.8575,5.519,0.196,-451.9,-453.9,-10.95,49.0,1979.0,2000,2900
2026-09-06T23:54:25+00:00,OVERROUND,False,Solana price on September 8?,2026-09-08,9,2.3825,4.493,0.272,-349.3,-351.3,-10.17,129.0,1763.0,110,150
2026-09-06T23:54:25+00:00,OVERROUND,False,Ethereum price on September 12?,2026-09-12,9,2.0055,3.691,0.32,-269.1,-271.1,-9.68,105.0,3694.0,2000,2900
2026-09-06T23:54:25+00:00,OVERROUND,False,Bitcoin price on September 10?,2026-09-10,9,1.626,2.742,0.51,-174.2,-176.2,-7.66,159.0,4037.0,72000,90000
2026-09-06T23:54:25+00:00,OVERROUND,False,Ethereum price on September 10?,2026-09-10,9,1.6545,2.6,0.709,-160.0,-162.0,-5.44,172.0,5305.0,2100,3000
2026-09-06T23:54:25+00:00,OVERROUND,False,Ethereum price on September 8?,2026-09-08,9,1.712,2.587,0.837,-158.7,-160.7,-3.96,348.0,13861.0,2000,2900
2026-09-06T23:54:25+00:00,OVERROUND,False,Bitcoin price on September 12?,2026-09-12,9,1.218,2.123,0.313,-112.3,-114.3,-9.75,98.0,4521.0,70000,88000
2026-09-06T23:54:25+00:00,OVERROUND,False,Ethereum price on September 9?,2026-09-09,9,1.2905,1.967,0.614,-96.7,-98.7,-6.51,266.0,11262.0,1900,2800
2026-09-06T23:54:25+00:00,OVERROUND,False,Bitcoin price on September 8?,2026-09-08,9,1.1,1.375,0.825,-37.5,-39.5,-4.1,1394.0,41347.0,68000,86000
2026-09-06T23:54:25+00:00,OVERROUND,False,Bitcoin price on September 9?,2026-09-09,9,1.024,1.233,0.815,-23.3,-25.3,-4.22,1863.0,27917.0,68000,86000
2026-09-06T23:54:25+00:00,OVERROUND,False,Ethereum price on September 7?,2026-09-07,9,1.0595,1.107,1.012,-10.7,-12.7,-1.85,1413.0,45145.0,2000,2900
