timestamp_utc,instrument_id,symbol,category,volume,open_price
2026-09-16T00:00:01+00:00,1,SP500-USD,index,3474404.586266227,7622.9
2026-09-16T00:00:01+00:00,2,GOLD-USD,commodity,2355129.099873002,4291.1
2026-09-16T00:00:01+00:00,3,WTIOIL-USD,commodity,4594223.3569977395,97.83
2026-09-16T00:00:01+00:00,4,NAS100-USD,index,2453819.459440002,29149
2026-09-16T00:00:01+00:00,5,SILVER-USD,commodity,949221.3136370005,63.106
2026-09-16T00:00:01+00:00,6,BTC-USD,crypto,7683443.764359998,78139
2026-09-16T00:00:01+00:00,7,ETH-USD,crypto,11369469.77408,2513.3
2026-09-16T00:00:01+00:00,8,SOL-USD,crypto,1600748.149711,102.54
2026-09-16T00:00:01+00:00,9,SPCX-USD,equity,97504.22464900005,148.71
2026-09-16T00:00:01+00:00,10,HYPE-USD,crypto,6338409.593774999,80.224
2026-09-16T00:00:01+00:00,11,MU-USD,equity,579951.5756160072,934.87
2026-09-16T00:00:01+00:00,13,SKHY-USD,equity,428891.2003809999,176.18
2026-09-16T00:00:01+00:00,14,SKHYNIX-USD,equity,942607.0275099997,1261.7
2026-09-16T00:00:01+00:00,15,AAPL-USD,equity,703228.2038400006,332.11
2026-09-16T00:00:01+00:00,16,MSFT-USD,equity,2139879.8578809984,504.13
2026-09-16T00:00:01+00:00,17,GOOG-USD,equity,245320.52487599998,347.44
2026-09-16T00:00:01+00:00,18,AMZN-USD,equity,1403350.8800669985,253.69
2026-09-16T00:00:01+00:00,19,NVDA-USD,equity,1511434.1186129989,212.18
2026-09-16T00:00:01+00:00,20,META-USD,equity,1195550.793680001,664.18
2026-09-16T00:00:01+00:00,21,TSLA-USD,equity,325411.4907040001,359.86
2026-09-16T00:00:01+00:00,22,AMD-USD,equity,1148971.8787810002,493.71
2026-09-16T00:00:01+00:00,23,INTC-USD,equity,3188651.3308749967,97.67
2026-09-16T00:00:01+00:00,24,AVGO-USD,equity,55724.962548,346.22
2026-09-16T00:00:01+00:00,25,QCOM-USD,equity,264538.22011199995,180.4
2026-09-16T00:00:01+00:00,26,ARM-USD,equity,2399692.8845929964,241.25
2026-09-16T00:00:01+00:00,27,TSM-USD,equity,423929.7500510003,420.33
2026-09-16T00:00:01+00:00,28,ASML-USD,equity,225449.6643249999,1588.9
2026-09-16T00:00:01+00:00,29,SNDK-USD,equity,759001.7141709996,1563.1
2026-09-16T00:00:01+00:00,30,DRAM-USD,index,1529077.6720869998,55.715
2026-09-16T00:00:01+00:00,31,PUMP-USD,crypto,2338093.6577980015,0.003686
2026-09-16T00:00:01+00:00,32,ZEC-USD,crypto,1132523.05793,1168.1
2026-09-16T00:00:01+00:00,33,XRP-USD,crypto,657637.9179999992,1.426
2026-09-16T00:00:01+00:00,34,LIT-USD,crypto,303092.87535799993,4.4047
2026-09-16T00:00:01+00:00,35,KPEPE-USD,crypto,139042.9023799999,0.003459
2026-09-16T00:00:01+00:00,36,HOOD-USD,equity,1568366.1315900045,113.51
2026-09-16T00:00:01+00:00,37,MSTR-USD,equity,1614968.5089944452,134.5
2026-09-16T00:00:01+00:00,38,STRC-USD,equity,675393.7506980007,98.309
2026-09-16T00:00:01+00:00,39,CRCL-USD,equity,5035949.716389008,94.871
2026-09-16T00:00:01+00:00,40,COIN-USD,equity,2074438.2648200002,187.95
2026-09-16T00:00:01+00:00,41,RKLB-USD,equity,753533.4575620001,62.670
2026-09-16T00:00:01+00:00,42,LITE-USD,equity,404515.00949800026,843.17
2026-09-16T00:00:01+00:00,43,NBIS-USD,equity,508118.0154680005,213.83
2026-09-16T00:00:01+00:00,44,ORCL-USD,equity,345884.43072000024,144.52
2026-09-16T00:00:01+00:00,45,PLTR-USD,equity,2031605.8412869975,172.95
2026-09-16T00:00:01+00:00,46,BRENTOIL-USD,commodity,3481632.6658800007,101.46
2026-09-16T00:00:01+00:00,47,BABA-USD,equity,529838.082505,109.17
2026-09-16T00:00:01+00:00,48,ZM-USD,equity,518470.9324980006,95.38
2026-09-16T00:00:01+00:00,49,DELL-USD,equity,16746.751698000004,536.41
2026-09-16T00:00:01+00:00,50,CXMT-USD,equity,154505.83510900015,8.0001
2026-09-16T00:00:01+00:00,51,KIOXIA-USD,equity,26517.10153799998,327.32
2026-09-16T00:00:01+00:00,52,SAMSUNG-USD,equity,353828.7879030001,183.79
2026-09-16T00:00:01+00:00,53,CRWV-USD,equity,1999179.5507349984,83.37
2026-09-16T00:00:01+00:00,54,AAVE-USD,crypto,925138.4342649989,127.91
2026-09-16T00:00:01+00:00,55,UNI-USD,crypto,787866.5997400002,6.5283
2026-09-16T00:00:01+00:00,56,WLD-USD,crypto,112877.12342100011,0.38507
2026-09-16T00:00:01+00:00,57,NEAR-USD,crypto,3677098.986997998,2.4694
2026-09-16T00:00:01+00:00,58,KSHIB-USD,crypto,593084.6538890001,0.005222
2026-09-16T00:00:01+00:00,59,FARTCOIN-USD,crypto,841451.8999469994,0.14403
2026-09-16T00:00:01+00:00,60,DOGE-USD,crypto,1067169.6120919983,0.083507
2026-09-16T00:00:01+00:00,61,ENA-USD,crypto,1566016.4051530003,0.14308
2026-09-16T00:00:01+00:00,62,ONDO-USD,crypto,181017.210076,0.35360
2026-09-16T00:00:01+00:00,63,SUI-USD,crypto,1802514.6839670027,0.72041
2026-09-16T00:00:01+00:00,64,VVV-USD,crypto,2550934.381388004,23.085
2026-09-16T00:00:01+00:00,65,TAO-USD,crypto,771931.7237149993,231.15
2026-09-16T00:00:01+00:00,66,ADA-USD,crypto,1529791.841994003,0.20813
2026-09-16T00:00:01+00:00,67,ZRO-USD,crypto,1274976.9578869976,0.9846
2026-09-16T00:00:01+00:00,68,BNB-USD,crypto,510688.27097000025,719.95
2026-09-16T00:00:01+00:00,69,PONS-USD,crypto,1175996.5414000005,0.64759
2026-09-16T00:00:01+00:00,70,CASHCAT-USD,crypto,2112605.2467579944,0.16201
2026-09-16T00:00:01+00:00,71,USELESS-USD,crypto,483941.7878280001,0.19638
2026-09-16T00:00:01+00:00,72,KAITO-USD,crypto,489674.4536420004,0.30017
2026-09-16T00:00:01+00:00,73,ARB-USD,crypto,1226317.2833329993,0.1335
2026-09-16T00:00:01+00:00,74,LDO-USD,crypto,577649.7380030004,0.36962
2026-09-16T00:00:01+00:00,75,AVAX-USD,crypto,566748.8969689999,7.5795
2026-09-16T00:00:01+00:00,76,LTC-USD,crypto,255259.05598800015,52.99
2026-09-16T00:00:01+00:00,77,XPL-USD,crypto,213110.921695,0.083786
2026-09-16T00:00:01+00:00,78,XMR-USD,crypto,243933.705317,514.94
2026-09-16T00:00:01+00:00,79,LINK-USD,crypto,979525.5844569997,11.518
2026-09-16T00:00:01+00:00,80,VIRTUAL-USD,crypto,213407.34227900003,0.6135
2026-09-16T00:00:01+00:00,81,JUP-USD,crypto,1662026.6381770067,0.23862
2026-09-16T00:00:01+00:00,82,ETHFI-USD,crypto,784119.2569419987,0.63291
2026-09-16T00:00:01+00:00,83,PENDLE-USD,crypto,287282.4385630001,2.365
2026-09-16T00:00:01+00:00,84,MORPHO-USD,crypto,163594.300225,2.1775
2026-09-16T00:15:02+00:00,1,SP500-USD,index,3466987.514736227,7622.6
2026-09-16T00:15:02+00:00,2,GOLD-USD,commodity,2261188.403369003,4288
2026-09-16T00:15:02+00:00,3,WTIOIL-USD,commodity,4587491.94292674,97.761
2026-09-16T00:15:02+00:00,4,NAS100-USD,index,2453127.4977900023,29146
2026-09-16T00:15:02+00:00,5,SILVER-USD,commodity,949221.5442170005,63.036
2026-09-16T00:15:02+00:00,6,BTC-USD,crypto,7691146.0177599965,78105
2026-09-16T00:15:02+00:00,7,ETH-USD,crypto,11409605.130620003,2511.4
2026-09-16T00:15:02+00:00,8,SOL-USD,crypto,1606164.4237340002,102.39
2026-09-16T00:15:02+00:00,9,SPCX-USD,equity,93613.84558900005,148.79
2026-09-16T00:15:02+00:00,10,HYPE-USD,crypto,6327091.308421999,80.46
2026-09-16T00:15:02+00:00,11,MU-USD,equity,580621.2010180072,934.87
2026-09-16T00:15:02+00:00,13,SKHY-USD,equity,428891.2003809999,176.18
2026-09-16T00:15:02+00:00,14,SKHYNIX-USD,equity,1027936.3334199999,1272.7
2026-09-16T00:15:02+00:00,15,AAPL-USD,equity,702988.2814510006,332.11
2026-09-16T00:15:02+00:00,16,MSFT-USD,equity,2071439.9311450017,503.4
2026-09-16T00:15:02+00:00,17,GOOG-USD,equity,234799.83216200004,347.29
2026-09-16T00:15:02+00:00,18,AMZN-USD,equity,1403370.8658989985,253.69
2026-09-16T00:15:02+00:00,19,NVDA-USD,equity,1268801.8861689991,212.29
2026-09-16T00:15:02+00:00,20,META-USD,equity,1195550.793680001,664.18
2026-09-16T00:15:02+00:00,21,TSLA-USD,equity,325411.4907040001,359.86
2026-09-16T00:15:02+00:00,22,AMD-USD,equity,1148760.8798680003,494.32
2026-09-16T00:15:02+00:00,23,INTC-USD,equity,3158280.0863999967,97.67
2026-09-16T00:15:02+00:00,24,AVGO-USD,equity,52628.953673,346.63
2026-09-16T00:15:02+00:00,25,QCOM-USD,equity,256713.2873369999,180.64
2026-09-16T00:15:02+00:00,26,ARM-USD,equity,2198139.834930998,241.32
2026-09-16T00:15:02+00:00,27,TSM-USD,equity,422871.73291900026,419.42
2026-09-16T00:15:02+00:00,28,ASML-USD,equity,225421.05152499993,1589.3
2026-09-16T00:15:02+00:00,29,SNDK-USD,equity,791574.3861959993,1565.3
2026-09-16T00:15:02+00:00,30,DRAM-USD,index,1406776.6611509998,56.119
2026-09-16T00:15:02+00:00,31,PUMP-USD,crypto,2351907.4277940006,0.003728
2026-09-16T00:15:02+00:00,32,ZEC-USD,crypto,1128534.96453,1161.8
2026-09-16T00:15:02+00:00,33,XRP-USD,crypto,665795.6105999997,1.4199
2026-09-16T00:15:02+00:00,34,LIT-USD,crypto,303092.87535800016,4.4047
2026-09-16T00:15:02+00:00,35,KPEPE-USD,crypto,138794.1553129999,0.003464
2026-09-16T00:15:02+00:00,36,HOOD-USD,equity,1570840.1030599982,113.51
2026-09-16T00:15:02+00:00,37,MSTR-USD,equity,1606806.6189644432,134.34
2026-09-16T00:15:02+00:00,38,STRC-USD,equity,675497.1249700007,98.309
2026-09-16T00:15:02+00:00,39,CRCL-USD,equity,5336957.817705002,94.871
2026-09-16T00:15:02+00:00,40,COIN-USD,equity,2061747.7738550003,187.64
2026-09-16T00:15:02+00:00,41,RKLB-USD,equity,771945.472804,62.657
2026-09-16T00:15:02+00:00,42,LITE-USD,equity,402596.24496700027,845.55
2026-09-16T00:15:02+00:00,43,NBIS-USD,equity,508095.6837700005,214.33
2026-09-16T00:15:02+00:00,44,ORCL-USD,equity,411909.7433080003,144.68
2026-09-16T00:15:02+00:00,45,PLTR-USD,equity,2017378.004105998,172.94
2026-09-16T00:15:02+00:00,46,BRENTOIL-USD,commodity,3497601.672610001,101.57
2026-09-16T00:15:02+00:00,47,BABA-USD,equity,515293.614408,109.06
2026-09-16T00:15:02+00:00,48,ZM-USD,equity,974649.6710670013,95.33
2026-09-16T00:15:02+00:00,49,DELL-USD,equity,15320.661745000007,538.3
2026-09-16T00:15:02+00:00,50,CXMT-USD,equity,153593.05546100013,8.0018
2026-09-16T00:15:02+00:00,51,KIOXIA-USD,equity,26833.06734900001,334.57
2026-09-16T00:15:02+00:00,52,SAMSUNG-USD,equity,328075.863218,184.81
2026-09-16T00:15:02+00:00,53,CRWV-USD,equity,1925799.674452999,83.524
2026-09-16T00:15:02+00:00,54,AAVE-USD,crypto,925310.5087999988,127.96
2026-09-16T00:15:02+00:00,55,UNI-USD,crypto,787499.4809600002,6.5290
2026-09-16T00:15:02+00:00,56,WLD-USD,crypto,110125.42192900013,0.38532
2026-09-16T00:15:02+00:00,57,NEAR-USD,crypto,3690322.5561009976,2.4729
2026-09-16T00:15:02+00:00,58,KSHIB-USD,crypto,593205.0950270001,0.005222
2026-09-16T00:15:02+00:00,59,FARTCOIN-USD,crypto,828480.9223959997,0.14385
2026-09-16T00:15:02+00:00,60,DOGE-USD,crypto,1074766.5519829981,0.083507
2026-09-16T00:15:02+00:00,61,ENA-USD,crypto,1566264.8178120002,0.14397
2026-09-16T00:15:02+00:00,62,ONDO-USD,crypto,183345.24237,0.35352
2026-09-16T00:15:02+00:00,63,SUI-USD,crypto,1810214.7386890028,0.71848
2026-09-16T00:15:02+00:00,64,VVV-USD,crypto,2520791.056793002,23.103
2026-09-16T00:15:02+00:00,65,TAO-USD,crypto,776759.8969949993,231.15
2026-09-16T00:15:02+00:00,66,ADA-USD,crypto,1530854.9356660026,0.20809
2026-09-16T00:15:02+00:00,67,ZRO-USD,crypto,1281652.8772749975,0.9877
2026-09-16T00:15:02+00:00,68,BNB-USD,crypto,510688.27097000025,719.95
2026-09-16T00:15:02+00:00,69,PONS-USD,crypto,1165457.5631220015,0.64957
2026-09-16T00:15:02+00:00,70,CASHCAT-USD,crypto,2078893.1833629962,0.16165
2026-09-16T00:15:02+00:00,71,USELESS-USD,crypto,493699.3774280003,0.1985
2026-09-16T00:15:02+00:00,72,KAITO-USD,crypto,482507.0020680004,0.29918
2026-09-16T00:15:02+00:00,73,ARB-USD,crypto,1271256.8908889997,0.13331
2026-09-16T00:15:02+00:00,74,LDO-USD,crypto,590770.0117870005,0.36831
2026-09-16T00:15:02+00:00,75,AVAX-USD,crypto,560389.5638159995,7.5822
2026-09-16T00:15:02+00:00,76,LTC-USD,crypto,255249.06396600013,52.89
2026-09-16T00:15:02+00:00,77,XPL-USD,crypto,213231.357868,0.083933
2026-09-16T00:15:02+00:00,78,XMR-USD,crypto,243665.26132400005,511.7
2026-09-16T00:15:02+00:00,79,LINK-USD,crypto,979545.5946099997,11.518
2026-09-16T00:15:02+00:00,80,VIRTUAL-USD,crypto,213417.38254400002,0.6135
2026-09-16T00:15:02+00:00,81,JUP-USD,crypto,1662327.383465007,0.23818
2026-09-16T00:15:02+00:00,82,ETHFI-USD,crypto,792268.5649939987,0.63161
2026-09-16T00:15:02+00:00,83,PENDLE-USD,crypto,285368.6004940001,2.3811
2026-09-16T00:15:02+00:00,84,MORPHO-USD,crypto,163534.63043000005,2.1696
2026-09-16T00:30:01+00:00,1,SP500-USD,index,3466933.851632227,7624.1
2026-09-16T00:30:01+00:00,2,GOLD-USD,commodity,2235606.1041660015,4289.7
2026-09-16T00:30:01+00:00,3,WTIOIL-USD,commodity,4587776.445358742,98.176
2026-09-16T00:30:01+00:00,4,NAS100-USD,index,2452725.405190002,29175
2026-09-16T00:30:01+00:00,5,SILVER-USD,commodity,949199.5995110004,63.518
2026-09-16T00:30:01+00:00,6,BTC-USD,crypto,7652614.249829995,77988
2026-09-16T00:30:01+00:00,7,ETH-USD,crypto,11389590.747219997,2510.8
2026-09-16T00:30:01+00:00,8,SOL-USD,crypto,1610449.4324050003,102.6
2026-09-16T00:30:01+00:00,9,SPCX-USD,equity,93633.83973100004,148.79
2026-09-16T00:30:01+00:00,10,HYPE-USD,crypto,6343559.494027001,80.283
2026-09-16T00:30:01+00:00,11,MU-USD,equity,580621.2010180072,934.87
2026-09-16T00:30:01+00:00,13,SKHY-USD,equity,428891.2003809999,176.18
2026-09-16T00:30:01+00:00,14,SKHYNIX-USD,equity,1028285.85428,1274.3
2026-09-16T00:30:01+00:00,15,AAPL-USD,equity,703626.6118240006,332.01
2026-09-16T00:30:01+00:00,16,MSFT-USD,equity,2071439.9311450017,503.4
2026-09-16T00:30:01+00:00,17,GOOG-USD,equity,235079.69005100004,347.34
2026-09-16T00:30:01+00:00,18,AMZN-USD,equity,1403370.8658989985,253.69
2026-09-16T00:30:01+00:00,19,NVDA-USD,equity,1258424.5920539992,212.43
2026-09-16T00:30:01+00:00,20,META-USD,equity,1195575.735071001,664.18
2026-09-16T00:30:01+00:00,21,TSLA-USD,equity,325351.2388830001,360.29
2026-09-16T00:30:01+00:00,22,AMD-USD,equity,1148749.7576680002,494.47
2026-09-16T00:30:01+00:00,23,INTC-USD,equity,3158862.1353699965,98.24
2026-09-16T00:30:01+00:00,24,AVGO-USD,equity,52628.953673,346.63
2026-09-16T00:30:01+00:00,25,QCOM-USD,equity,256678.83776099992,180.64
2026-09-16T00:30:01+00:00,26,ARM-USD,equity,2181846.4743019976,242.16
2026-09-16T00:30:01+00:00,27,TSM-USD,equity,422871.73291900026,419.42
2026-09-16T00:30:01+00:00,28,ASML-USD,equity,225369.60588399993,1593.8
2026-09-16T00:30:01+00:00,29,SNDK-USD,equity,721561.6477959993,1571.9
2026-09-16T00:30:01+00:00,30,DRAM-USD,index,1406804.2821509999,56.119
2026-09-16T00:30:01+00:00,31,PUMP-USD,crypto,2343741.4454210014,0.00371
2026-09-16T00:30:01+00:00,32,ZEC-USD,crypto,1133728.3319899999,1162.2
2026-09-16T00:30:01+00:00,33,XRP-USD,crypto,665185.3770999997,1.4196
2026-09-16T00:30:01+00:00,34,LIT-USD,crypto,299523.39457200014,4.4006
2026-09-16T00:30:01+00:00,35,KPEPE-USD,crypto,138805.0646729999,0.003464
2026-09-16T00:30:01+00:00,36,HOOD-USD,equity,1570840.1030599982,113.51
2026-09-16T00:30:01+00:00,37,MSTR-USD,equity,1603691.9460644433,134.43
2026-09-16T00:30:01+00:00,38,STRC-USD,equity,675445.7093630007,98.132
2026-09-16T00:30:01+00:00,39,CRCL-USD,equity,5349870.521768002,94.871
2026-09-16T00:30:01+00:00,40,COIN-USD,equity,1843346.875960999,187.42
2026-09-16T00:30:01+00:00,41,RKLB-USD,equity,771923.531479,62.788
2026-09-16T00:30:01+00:00,42,LITE-USD,equity,402483.5331520003,851.05
2026-09-16T00:30:01+00:00,43,NBIS-USD,equity,508095.6837700005,214.33
2026-09-16T00:30:01+00:00,44,ORCL-USD,equity,411909.7433080003,144.68
2026-09-16T00:30:01+00:00,45,PLTR-USD,equity,2017366.744065998,172.8
2026-09-16T00:30:01+00:00,46,BRENTOIL-USD,commodity,3528958.667950002,101.9
2026-09-16T00:30:01+00:00,47,BABA-USD,equity,515293.614408,109.06
2026-09-16T00:30:01+00:00,48,ZM-USD,equity,974682.2659070012,95.33
2026-09-16T00:30:01+00:00,49,DELL-USD,equity,16734.19472500001,538.3
2026-09-16T00:30:01+00:00,50,CXMT-USD,equity,153037.4904870001,8.0017
2026-09-16T00:30:01+00:00,51,KIOXIA-USD,equity,26659.10437900001,336.86
2026-09-16T00:30:01+00:00,52,SAMSUNG-USD,equity,317575.293025,186.28
2026-09-16T00:30:01+00:00,53,CRWV-USD,equity,1924179.4326679988,83.49
2026-09-16T00:30:01+00:00,54,AAVE-USD,crypto,920377.9698939988,128.4
2026-09-16T00:30:01+00:00,55,UNI-USD,crypto,780476.5279799999,6.5814
2026-09-16T00:30:01+00:00,56,WLD-USD,crypto,107873.29169300014,0.38726
2026-09-16T00:30:01+00:00,57,NEAR-USD,crypto,3615465.8232179964,2.4746
2026-09-16T00:30:01+00:00,58,KSHIB-USD,crypto,600189.402101,0.005222
2026-09-16T00:30:01+00:00,59,FARTCOIN-USD,crypto,831415.2041399997,0.14451
2026-09-16T00:30:01+00:00,60,DOGE-USD,crypto,1061599.516843999,0.08361
2026-09-16T00:30:01+00:00,61,ENA-USD,crypto,1656913.13268,0.14455
2026-09-16T00:30:01+00:00,62,ONDO-USD,crypto,183339.06970099997,0.35424
2026-09-16T00:30:01+00:00,63,SUI-USD,crypto,1811197.2380630025,0.72133
2026-09-16T00:30:01+00:00,64,VVV-USD,crypto,2547048.6457830025,22.97
2026-09-16T00:30:01+00:00,65,TAO-USD,crypto,776059.8200419992,232.44
2026-09-16T00:30:01+00:00,66,ADA-USD,crypto,1561262.5496580028,0.20794
2026-09-16T00:30:01+00:00,67,ZRO-USD,crypto,1308177.6393659983,0.9876
2026-09-16T00:30:01+00:00,68,BNB-USD,crypto,510688.27097000025,719.95
2026-09-16T00:30:01+00:00,69,PONS-USD,crypto,1153854.5233930016,0.63959
2026-09-16T00:30:01+00:00,70,CASHCAT-USD,crypto,2092127.7356099973,0.16
2026-09-16T00:30:01+00:00,71,USELESS-USD,crypto,498194.7529620002,0.19933
2026-09-16T00:30:01+00:00,72,KAITO-USD,crypto,478866.0478060004,0.29866
2026-09-16T00:30:01+00:00,73,ARB-USD,crypto,1283683.3333729987,0.13314
2026-09-16T00:30:01+00:00,74,LDO-USD,crypto,617837.6665130003,0.36923
2026-09-16T00:30:01+00:00,75,AVAX-USD,crypto,564492.8730379997,7.5822
2026-09-16T00:30:01+00:00,76,LTC-USD,crypto,254906.51882700014,52.689
2026-09-16T00:30:01+00:00,77,XPL-USD,crypto,213771.322776,0.083885
2026-09-16T00:30:01+00:00,78,XMR-USD,crypto,238918.54940199995,511.9
2026-09-16T00:30:01+00:00,79,LINK-USD,crypto,862984.1618949997,11.533
2026-09-16T00:30:01+00:00,80,VIRTUAL-USD,crypto,213477.466807,0.61461
2026-09-16T00:30:01+00:00,81,JUP-USD,crypto,1502789.4952280067,0.23758
2026-09-16T00:30:01+00:00,82,ETHFI-USD,crypto,670596.553004,0.6259
2026-09-16T00:30:01+00:00,83,PENDLE-USD,crypto,280899.342601,2.3828
2026-09-16T00:30:01+00:00,84,MORPHO-USD,crypto,163505.95875500003,2.1655
2026-09-16T00:45:01+00:00,1,SP500-USD,index,3464275.768793227,7627.4
2026-09-16T00:45:01+00:00,2,GOLD-USD,commodity,2243765.0858420013,4295.1
2026-09-16T00:45:01+00:00,3,WTIOIL-USD,commodity,4586488.573390742,98.097
2026-09-16T00:45:01+00:00,4,NAS100-USD,index,2452734.681350002,29175
2026-09-16T00:45:01+00:00,5,SILVER-USD,commodity,949199.5995110004,63.518
2026-09-16T00:45:01+00:00,6,BTC-USD,crypto,7651694.719559996,77924
2026-09-16T00:45:01+00:00,7,ETH-USD,crypto,11333082.515379997,2513.4
2026-09-16T00:45:01+00:00,8,SOL-USD,crypto,1610786.8126919998,102.47
2026-09-16T00:45:01+00:00,9,SPCX-USD,equity,93800.98355300004,148.79
2026-09-16T00:45:01+00:00,10,HYPE-USD,crypto,6371459.205872,80.243
2026-09-16T00:45:01+00:00,11,MU-USD,equity,580621.2010180072,934.87
2026-09-16T00:45:01+00:00,13,SKHY-USD,equity,428891.2003809999,176.18
2026-09-16T00:45:01+00:00,14,SKHYNIX-USD,equity,1028285.85428,1274.3
2026-09-16T00:45:01+00:00,15,AAPL-USD,equity,704163.7351890005,331.96
2026-09-16T00:45:01+00:00,16,MSFT-USD,equity,2071439.9311450017,503.4
2026-09-16T00:45:01+00:00,17,GOOG-USD,equity,234879.65107400002,347.67
2026-09-16T00:45:01+00:00,18,AMZN-USD,equity,1403370.8658989985,253.69
2026-09-16T00:45:01+00:00,19,NVDA-USD,equity,1245059.8521429985,212.59
2026-09-16T00:45:01+00:00,20,META-USD,equity,1195575.735071001,664.18
2026-09-16T00:45:01+00:00,21,TSLA-USD,equity,325316.47089800006,360.08
2026-09-16T00:45:01+00:00,22,AMD-USD,equity,1148749.7576680002,494.47
2026-09-16T00:45:01+00:00,23,INTC-USD,equity,3158797.9453539965,98.07
2026-09-16T00:45:01+00:00,24,AVGO-USD,equity,51638.50107200001,347.05
2026-09-16T00:45:01+00:00,25,QCOM-USD,equity,248454.20109099994,180.64
2026-09-16T00:45:01+00:00,26,ARM-USD,equity,2181846.4743019976,242.16
2026-09-16T00:45:01+00:00,27,TSM-USD,equity,422871.73291900026,419.42
2026-09-16T00:45:01+00:00,28,ASML-USD,equity,225369.60588399993,1593.8
2026-09-16T00:45:01+00:00,29,SNDK-USD,equity,721561.6477959993,1571.9
2026-09-16T00:45:01+00:00,30,DRAM-USD,index,1406804.2821509999,56.119
2026-09-16T00:45:01+00:00,31,PUMP-USD,crypto,2357478.4710660023,0.003674
2026-09-16T00:45:01+00:00,32,ZEC-USD,crypto,1133061.86227,1160.3
2026-09-16T00:45:01+00:00,33,XRP-USD,crypto,665185.3770999997,1.4196
2026-09-16T00:45:01+00:00,34,LIT-USD,crypto,299584.07513300015,4.3641
2026-09-16T00:45:01+00:00,35,KPEPE-USD,crypto,138805.0646729999,0.003464
2026-09-16T00:45:01+00:00,36,HOOD-USD,equity,1570840.1030599982,113.51
2026-09-16T00:45:01+00:00,37,MSTR-USD,equity,1598089.2474344436,133.98
2026-09-16T00:45:01+00:00,38,STRC-USD,equity,667841.1636960008,98.252
2026-09-16T00:45:01+00:00,39,CRCL-USD,equity,5351160.426597005,94.871
2026-09-16T00:45:01+00:00,40,COIN-USD,equity,1843124.2022589988,187.15
2026-09-16T00:45:01+00:00,41,RKLB-USD,equity,777401.6779340002,62.848
2026-09-16T00:45:01+00:00,42,LITE-USD,equity,402242.6695020003,853.5
2026-09-16T00:45:01+00:00,43,NBIS-USD,equity,508106.5745860005,214.33
2026-09-16T00:45:01+00:00,44,ORCL-USD,equity,411909.7433080002,144.68
2026-09-16T00:45:01+00:00,45,PLTR-USD,equity,2016254.924776998,172.62
2026-09-16T00:45:01+00:00,46,BRENTOIL-USD,commodity,3528947.357050002,101.79
2026-09-16T00:45:01+00:00,47,BABA-USD,equity,515293.614408,109.06
2026-09-16T00:45:01+00:00,48,ZM-USD,equity,974858.8413980013,95.33
2026-09-16T00:45:01+00:00,49,DELL-USD,equity,16734.19472500001,538.3
2026-09-16T00:45:01+00:00,50,CXMT-USD,equity,152185.8397500001,8.0529
2026-09-16T00:45:01+00:00,51,KIOXIA-USD,equity,25381.252387000022,340.2
2026-09-16T00:45:01+00:00,52,SAMSUNG-USD,equity,317575.293025,186.28
2026-09-16T00:45:01+00:00,53,CRWV-USD,equity,1924179.4326679988,83.49
2026-09-16T00:45:01+00:00,54,AAVE-USD,crypto,919932.5966499987,128.15
2026-09-16T00:45:01+00:00,55,UNI-USD,crypto,775653.8823839998,6.6482
2026-09-16T00:45:01+00:00,56,WLD-USD,crypto,107624.55459500014,0.38435
2026-09-16T00:45:01+00:00,57,NEAR-USD,crypto,3608468.4218339967,2.4759
2026-09-16T00:45:01+00:00,58,KSHIB-USD,crypto,607711.2476219999,0.005212
2026-09-16T00:45:01+00:00,59,FARTCOIN-USD,crypto,839220.1540029997,0.14352
2026-09-16T00:45:01+00:00,60,DOGE-USD,crypto,1061111.7676919987,0.08364
2026-09-16T00:45:01+00:00,61,ENA-USD,crypto,1664435.1929960002,0.14455
2026-09-16T00:45:01+00:00,62,ONDO-USD,crypto,182973.49494899999,0.35400
2026-09-16T00:45:01+00:00,63,SUI-USD,crypto,1810511.6416820027,0.71829
2026-09-16T00:45:01+00:00,64,VVV-USD,crypto,2538627.4349390026,22.852
2026-09-16T00:45:01+00:00,65,TAO-USD,crypto,775920.3560419993,232.46
2026-09-16T00:45:01+00:00,66,ADA-USD,crypto,1560535.6800580027,0.20803
2026-09-16T00:45:01+00:00,67,ZRO-USD,crypto,1310054.6687339987,0.9855
2026-09-16T00:45:01+00:00,68,BNB-USD,crypto,510688.27097000025,719.95
2026-09-16T00:45:01+00:00,69,PONS-USD,crypto,1139280.5040160017,0.63243
2026-09-16T00:45:01+00:00,70,CASHCAT-USD,crypto,2086951.6227839985,0.16041
2026-09-16T00:45:01+00:00,71,USELESS-USD,crypto,496061.58902800025,0.20054
2026-09-16T00:45:01+00:00,72,KAITO-USD,crypto,478866.1034620004,0.29865
2026-09-16T00:45:01+00:00,73,ARB-USD,crypto,1293923.7626669984,0.13253
2026-09-16T00:45:01+00:00,74,LDO-USD,crypto,618007.3830270004,0.36758
2026-09-16T00:45:01+00:00,75,AVAX-USD,crypto,564007.7974599998,7.5688
2026-09-16T00:45:01+00:00,76,LTC-USD,crypto,235091.84289900013,52.601
2026-09-16T00:45:01+00:00,77,XPL-USD,crypto,213850.76943800005,0.084294
2026-09-16T00:45:01+00:00,78,XMR-USD,crypto,238161.07393599994,513.8
2026-09-16T00:45:01+00:00,79,LINK-USD,crypto,860920.2372009996,11.56
2026-09-16T00:45:01+00:00,80,VIRTUAL-USD,crypto,213447.42655899998,0.61417
2026-09-16T00:45:01+00:00,81,JUP-USD,crypto,1494057.8057950067,0.23711
2026-09-16T00:45:01+00:00,82,ETHFI-USD,crypto,673132.70449,0.62868
2026-09-16T00:45:01+00:00,83,PENDLE-USD,crypto,281009.47683700005,2.3652
2026-09-16T00:45:01+00:00,84,MORPHO-USD,crypto,163435.889968,2.1681
2026-09-16T01:00:02+00:00,1,SP500-USD,index,3466687.408672227,7626.9
2026-09-16T01:00:02+00:00,2,GOLD-USD,commodity,2323920.6790120015,4295.1
2026-09-16T01:00:02+00:00,3,WTIOIL-USD,commodity,4591772.230140741,98.248
2026-09-16T01:00:02+00:00,4,NAS100-USD,index,2452734.681350002,29175
2026-09-16T01:00:02+00:00,5,SILVER-USD,commodity,955062.1205880004,63.518
2026-09-16T01:00:02+00:00,6,BTC-USD,crypto,7570229.407429999,77919
2026-09-16T01:00:02+00:00,7,ETH-USD,crypto,11449893.630139997,2514.7
2026-09-16T01:00:02+00:00,8,SOL-USD,crypto,1628229.3361509996,102.23
2026-09-16T01:00:02+00:00,9,SPCX-USD,equity,93811.62680100003,148.79
2026-09-16T01:00:02+00:00,10,HYPE-USD,crypto,6391359.9019989995,80.243
2026-09-16T01:00:02+00:00,11,MU-USD,equity,580621.2010180074,934.87
2026-09-16T01:00:02+00:00,13,SKHY-USD,equity,428891.2003809999,176.18
2026-09-16T01:00:02+00:00,14,SKHYNIX-USD,equity,1028285.8542799999,1274.3
2026-09-16T01:00:02+00:00,15,AAPL-USD,equity,705509.9451230005,331.96
2026-09-16T01:00:02+00:00,16,MSFT-USD,equity,2071439.9311450017,503.4
2026-09-16T01:00:02+00:00,17,GOOG-USD,equity,235119.69479,347.67
2026-09-16T01:00:02+00:00,18,AMZN-USD,equity,1403370.8658989985,253.69
2026-09-16T01:00:02+00:00,19,NVDA-USD,equity,1242377.2005299986,212.48
2026-09-16T01:00:02+00:00,20,META-USD,equity,1195575.735071001,664.18
2026-09-16T01:00:02+00:00,21,TSLA-USD,equity,325316.47089800006,360.08
2026-09-16T01:00:02+00:00,22,AMD-USD,equity,1148749.7576680002,494.47
2026-09-16T01:00:02+00:00,23,INTC-USD,equity,3164183.9646439967,97.97
2026-09-16T01:00:02+00:00,24,AVGO-USD,equity,47612.987942,346.93
2026-09-16T01:00:02+00:00,25,QCOM-USD,equity,248442.71238699986,180.64
2026-09-16T01:00:02+00:00,26,ARM-USD,equity,2181857.0695219976,242.16
2026-09-16T01:00:02+00:00,27,TSM-USD,equity,422871.73291900026,419.42
2026-09-16T01:00:02+00:00,28,ASML-USD,equity,222013.54122399996,1583.9
2026-09-16T01:00:02+00:00,29,SNDK-USD,equity,721583.3798559994,1571.9
2026-09-16T01:00:02+00:00,30,DRAM-USD,index,1406853.9247029999,56.119
2026-09-16T01:00:02+00:00,31,PUMP-USD,crypto,2355287.5489080013,0.003689
2026-09-16T01:00:02+00:00,32,ZEC-USD,crypto,1137868.5803899998,1155.4
2026-09-16T01:00:02+00:00,33,XRP-USD,crypto,652189.8180999997,1.4183
2026-09-16T01:00:02+00:00,34,LIT-USD,crypto,299584.07513300015,4.3641
2026-09-16T01:00:02+00:00,35,KPEPE-USD,crypto,138815.9225129999,0.003464
2026-09-16T01:00:02+00:00,36,HOOD-USD,equity,1570840.1030599982,113.51
2026-09-16T01:00:02+00:00,37,MSTR-USD,equity,1597321.193784444,133.38
2026-09-16T01:00:02+00:00,38,STRC-USD,equity,667841.1636960008,98.252
2026-09-16T01:00:02+00:00,39,CRCL-USD,equity,5351296.827624005,94.871
2026-09-16T01:00:02+00:00,40,COIN-USD,equity,1837937.5443549987,186.66
2026-09-16T01:00:02+00:00,41,RKLB-USD,equity,781883.3581210001,62.848
2026-09-16T01:00:02+00:00,42,LITE-USD,equity,402242.6695020003,853.5
2026-09-16T01:00:02+00:00,43,NBIS-USD,equity,508106.5745860005,214.33
2026-09-16T01:00:02+00:00,44,ORCL-USD,equity,411909.7433080002,144.68
2026-09-16T01:00:02+00:00,45,PLTR-USD,equity,2016254.924776998,172.62
2026-09-16T01:00:02+00:00,46,BRENTOIL-USD,commodity,3534279.7253000024,101.9
2026-09-16T01:00:02+00:00,47,BABA-USD,equity,515293.614408,109.06
2026-09-16T01:00:02+00:00,48,ZM-USD,equity,974619.1049180013,95.01
2026-09-16T01:00:02+00:00,49,DELL-USD,equity,16734.19472500001,538.3
2026-09-16T01:00:02+00:00,50,CXMT-USD,equity,145962.76900000006,8.0598
2026-09-16T01:00:02+00:00,51,KIOXIA-USD,equity,23914.851111000018,335.70
2026-09-16T01:00:02+00:00,52,SAMSUNG-USD,equity,277756.0260209999,186.2
2026-09-16T01:00:02+00:00,53,CRWV-USD,equity,1924179.4326679988,83.49
2026-09-16T01:00:02+00:00,54,AAVE-USD,crypto,927596.4134599988,128.15
2026-09-16T01:00:02+00:00,55,UNI-USD,crypto,770553.482893,6.6980
2026-09-16T01:00:02+00:00,56,WLD-USD,crypto,107660.41041500015,0.38435
2026-09-16T01:00:02+00:00,57,NEAR-USD,crypto,3653405.003272996,2.4637
2026-09-16T01:00:02+00:00,58,KSHIB-USD,crypto,607567.237512,0.005211
2026-09-16T01:00:02+00:00,59,FARTCOIN-USD,crypto,858728.1487259995,0.14338
2026-09-16T01:00:02+00:00,60,DOGE-USD,crypto,1061266.2495909992,0.083642
2026-09-16T01:00:02+00:00,61,ENA-USD,crypto,1676259.896289,0.14478
2026-09-16T01:00:02+00:00,62,ONDO-USD,crypto,191532.32295499998,0.35323
2026-09-16T01:00:02+00:00,63,SUI-USD,crypto,1848382.6980440032,0.72112
2026-09-16T01:00:02+00:00,64,VVV-USD,crypto,2581960.387298003,22.699
2026-09-16T01:00:02+00:00,65,TAO-USD,crypto,793967.8840979994,231.91
2026-09-16T01:00:02+00:00,66,ADA-USD,crypto,1605586.2682190032,0.20803
2026-09-16T01:00:02+00:00,67,ZRO-USD,crypto,1313937.2360169988,0.9833
2026-09-16T01:00:02+00:00,68,BNB-USD,crypto,510688.27097000025,719.95
2026-09-16T01:00:02+00:00,69,PONS-USD,crypto,1136111.313113002,0.63409
2026-09-16T01:00:02+00:00,70,CASHCAT-USD,crypto,2096974.5623579992,0.16111
2026-09-16T01:00:02+00:00,71,USELESS-USD,crypto,497098.5707740003,0.19943
2026-09-16T01:00:02+00:00,72,KAITO-USD,crypto,478826.01026600035,0.29882
2026-09-16T01:00:02+00:00,73,ARB-USD,crypto,1301960.6357309967,0.13279
2026-09-16T01:00:02+00:00,74,LDO-USD,crypto,623030.6003430004,0.36758
2026-09-16T01:00:02+00:00,75,AVAX-USD,crypto,574186.6856529999,7.5588
2026-09-16T01:00:02+00:00,76,LTC-USD,crypto,235091.80661200013,52.708
2026-09-16T01:00:02+00:00,77,XPL-USD,crypto,214107.1977840001,0.084734
2026-09-16T01:00:02+00:00,78,XMR-USD,crypto,238550.34853799993,513.8
2026-09-16T01:00:02+00:00,79,LINK-USD,crypto,860990.2551289997,11.56
2026-09-16T01:00:02+00:00,80,VIRTUAL-USD,crypto,215410.32906799996,0.61498
2026-09-16T01:00:02+00:00,81,JUP-USD,crypto,1496692.4978590065,0.23691
2026-09-16T01:00:02+00:00,82,ETHFI-USD,crypto,673228.9181180001,0.63179
2026-09-16T01:00:02+00:00,83,PENDLE-USD,crypto,279657.7050430001,2.3706
2026-09-16T01:00:02+00:00,84,MORPHO-USD,crypto,163405.865024,2.1644
2026-09-16T01:15:02+00:00,1,SP500-USD,index,3469094.001464227,7625.9
2026-09-16T01:15:02+00:00,2,GOLD-USD,commodity,2145412.227118001,4306.8
2026-09-16T01:15:02+00:00,3,WTIOIL-USD,commodity,4612926.685107741,97.777
2026-09-16T01:15:02+00:00,4,NAS100-USD,index,2452734.681350002,29175
2026-09-16T01:15:02+00:00,5,SILVER-USD,commodity,982219.1378800005,63.518
2026-09-16T01:15:02+00:00,6,BTC-USD,crypto,7639494.683899999,77781
2026-09-16T01:15:02+00:00,7,ETH-USD,crypto,11469931.230309999,2511.7
2026-09-16T01:15:02+00:00,8,SOL-USD,crypto,1633121.5767789998,102.23
2026-09-16T01:15:02+00:00,9,SPCX-USD,equity,93822.26559700003,148.79
2026-09-16T01:15:02+00:00,10,HYPE-USD,crypto,6396709.762906999,80.243
2026-09-16T01:15:02+00:00,11,MU-USD,equity,580632.2354120073,934.87
2026-09-16T01:15:02+00:00,13,SKHY-USD,equity,428891.2003809999,176.18
2026-09-16T01:15:02+00:00,14,SKHYNIX-USD,equity,1028285.8542799999,1274.3
2026-09-16T01:15:02+00:00,15,AAPL-USD,equity,705250.0178930005,331.92
2026-09-16T01:15:02+00:00,16,MSFT-USD,equity,2071439.9311450017,503.4
2026-09-16T01:15:02+00:00,17,GOOG-USD,equity,247574.326329,347.96
2026-09-16T01:15:02+00:00,18,AMZN-USD,equity,1403370.8658989985,253.69
2026-09-16T01:15:02+00:00,19,NVDA-USD,equity,1220934.3469929993,212.56
2026-09-16T01:15:02+00:00,20,META-USD,equity,1195559.4626610011,662.26
2026-09-16T01:15:02+00:00,21,TSLA-USD,equity,325270.8883820001,359.81
2026-09-16T01:15:02+00:00,22,AMD-USD,equity,1148761.0472680002,494.47
2026-09-16T01:15:02+00:00,23,INTC-USD,equity,3174683.676300996,98.07
2026-09-16T01:15:02+00:00,24,AVGO-USD,equity,47612.987942,346.93
2026-09-16T01:15:02+00:00,25,QCOM-USD,equity,248431.2236829999,180.58
2026-09-16T01:15:02+00:00,26,ARM-USD,equity,2176465.634538998,242.61
2026-09-16T01:15:02+00:00,27,TSM-USD,equity,422871.73291900026,419.42
2026-09-16T01:15:02+00:00,28,ASML-USD,equity,222013.54122399996,1583.9
2026-09-16T01:15:02+00:00,29,SNDK-USD,equity,727865.6511819994,1571.9
2026-09-16T01:15:02+00:00,30,DRAM-USD,index,1406864.909702,56.119
2026-09-16T01:15:02+00:00,31,PUMP-USD,crypto,2397419.680162999,0.003676
2026-09-16T01:15:02+00:00,32,ZEC-USD,crypto,1147832.06631,1165.1
2026-09-16T01:15:02+00:00,33,XRP-USD,crypto,649345.5542,1.4188
2026-09-16T01:15:02+00:00,34,LIT-USD,crypto,299707.3817480001,4.3641
2026-09-16T01:15:02+00:00,35,KPEPE-USD,crypto,138848.4573929999,0.003464
2026-09-16T01:15:02+00:00,36,HOOD-USD,equity,1570872.4938799983,113.51
2026-09-16T01:15:02+00:00,37,MSTR-USD,equity,1594067.2537244437,133.72
2026-09-16T01:15:02+00:00,38,STRC-USD,equity,667841.1636960008,98.252
2026-09-16T01:15:02+00:00,39,CRCL-USD,equity,5354440.603156006,94.871
2026-09-16T01:15:02+00:00,40,COIN-USD,equity,1830207.3746589988,187.1
2026-09-16T01:15:02+00:00,41,RKLB-USD,equity,830059.5181720003,62.718
2026-09-16T01:15:02+00:00,42,LITE-USD,equity,402242.6695020003,853.5
2026-09-16T01:15:02+00:00,43,NBIS-USD,equity,508139.2124500006,214.33
2026-09-16T01:15:02+00:00,44,ORCL-USD,equity,411920.54332800023,144.68
2026-09-16T01:15:02+00:00,45,PLTR-USD,equity,2016266.042436998,172.62
2026-09-16T01:15:02+00:00,46,BRENTOIL-USD,commodity,3539344.8120100023,101.29
2026-09-16T01:15:02+00:00,47,BABA-USD,equity,517047.10413800005,108.81
2026-09-16T01:15:02+00:00,48,ZM-USD,equity,975234.1585460014,95.01
2026-09-16T01:15:02+00:00,49,DELL-USD,equity,16734.19472500001,538.3
2026-09-16T01:15:02+00:00,50,CXMT-USD,equity,143906.3348340001,8.0529
2026-09-16T01:15:02+00:00,51,KIOXIA-USD,equity,23383.867563000018,334.38
2026-09-16T01:15:02+00:00,52,SAMSUNG-USD,equity,275633.9046209999,186.68
2026-09-16T01:15:02+00:00,53,CRWV-USD,equity,1924266.9932479989,83.49
2026-09-16T01:15:02+00:00,54,AAVE-USD,crypto,927483.0667019988,128.45
2026-09-16T01:15:02+00:00,55,UNI-USD,crypto,756714.4113160006,6.6474
2026-09-16T01:15:02+00:00,56,WLD-USD,crypto,105669.55018900013,0.38439
2026-09-16T01:15:02+00:00,57,NEAR-USD,crypto,3646388.0406109956,2.4468
2026-09-16T01:15:02+00:00,58,KSHIB-USD,crypto,607430.745732,0.005204
2026-09-16T01:15:02+00:00,59,FARTCOIN-USD,crypto,851783.2663929993,0.14342
2026-09-16T01:15:02+00:00,60,DOGE-USD,crypto,1061962.0464809986,0.083852
2026-09-16T01:15:02+00:00,61,ENA-USD,crypto,1676308.2755380007,0.14327
2026-09-16T01:15:02+00:00,62,ONDO-USD,crypto,191350.42229299995,0.35314
2026-09-16T01:15:02+00:00,63,SUI-USD,crypto,2015425.5976870032,0.72112
2026-09-16T01:15:02+00:00,64,VVV-USD,crypto,2607545.5402240027,22.631
2026-09-16T01:15:02+00:00,65,TAO-USD,crypto,810629.2988229993,232.50
2026-09-16T01:15:02+00:00,66,ADA-USD,crypto,1612767.7219860025,0.20731
2026-09-16T01:15:02+00:00,67,ZRO-USD,crypto,1313937.2360169988,0.9833
2026-09-16T01:15:02+00:00,68,BNB-USD,crypto,510688.27097000025,719.95
2026-09-16T01:15:02+00:00,69,PONS-USD,crypto,1132352.904054001,0.63469
2026-09-16T01:15:02+00:00,70,CASHCAT-USD,crypto,2099763.12996,0.16071
2026-09-16T01:15:02+00:00,71,USELESS-USD,crypto,500753.59819300025,0.20298
2026-09-16T01:15:02+00:00,72,KAITO-USD,crypto,478886.07186900044,0.29755
2026-09-16T01:15:02+00:00,73,ARB-USD,crypto,1325331.2775999962,0.13293
2026-09-16T01:15:02+00:00,74,LDO-USD,crypto,623079.7189690004,0.36882
2026-09-16T01:15:02+00:00,75,AVAX-USD,crypto,572751.0124919999,7.5428
2026-09-16T01:15:02+00:00,76,LTC-USD,crypto,235010.31090300015,52.883
2026-09-16T01:15:02+00:00,77,XPL-USD,crypto,214117.26558100007,0.08481
2026-09-16T01:15:02+00:00,78,XMR-USD,crypto,238458.34774999993,513.17
2026-09-16T01:15:02+00:00,79,LINK-USD,crypto,860980.2441689997,11.554
2026-09-16T01:15:02+00:00,80,VIRTUAL-USD,crypto,215634.904212,0.61418
2026-09-16T01:15:02+00:00,81,JUP-USD,crypto,1490414.3706680064,0.23833
2026-09-16T01:15:02+00:00,82,ETHFI-USD,crypto,672477.497279,0.63239
2026-09-16T01:15:02+00:00,83,PENDLE-USD,crypto,279687.7622090001,2.3716
2026-09-16T01:15:02+00:00,84,MORPHO-USD,crypto,163416.225444,2.1711
2026-09-16T01:30:02+00:00,1,SP500-USD,index,3471567.660024227,7625.9
2026-09-16T01:30:02+00:00,2,GOLD-USD,commodity,2175931.912665001,4306.8
2026-09-16T01:30:02+00:00,3,WTIOIL-USD,commodity,4590861.536097738,97.975
2026-09-16T01:30:02+00:00,4,NAS100-USD,index,2452616.2308500023,29153
2026-09-16T01:30:02+00:00,5,SILVER-USD,commodity,966751.6600740008,63.344
2026-09-16T01:30:02+00:00,6,BTC-USD,crypto,7721865.789459997,77789
2026-09-16T01:30:02+00:00,7,ETH-USD,crypto,11478587.326889997,2514.2
2026-09-16T01:30:02+00:00,8,SOL-USD,crypto,1633507.601361,102.17
2026-09-16T01:30:02+00:00,9,SPCX-USD,equity,93822.26559700003,148.79
2026-09-16T01:30:02+00:00,10,HYPE-USD,crypto,6408491.516136999,80.29
2026-09-16T01:30:02+00:00,11,MU-USD,equity,580632.2354120073,934.87
2026-09-16T01:30:02+00:00,13,SKHY-USD,equity,428891.2003809999,176.18
2026-09-16T01:30:02+00:00,14,SKHYNIX-USD,equity,1028257.3099599999,1265.4
2026-09-16T01:30:02+00:00,15,AAPL-USD,equity,705489.9202370004,331.92
2026-09-16T01:30:02+00:00,16,MSFT-USD,equity,2071439.9311450017,503.4
2026-09-16T01:30:02+00:00,17,GOOG-USD,equity,247790.33406899997,348.37
2026-09-16T01:30:02+00:00,18,AMZN-USD,equity,1403390.8581629985,253.69
2026-09-16T01:30:02+00:00,19,NVDA-USD,equity,1221174.2944649993,212.56
2026-09-16T01:30:02+00:00,20,META-USD,equity,1195559.4626610011,662.26
2026-09-16T01:30:02+00:00,21,TSLA-USD,equity,325270.8883820001,359.81
2026-09-16T01:30:02+00:00,22,AMD-USD,equity,1148761.0472680002,494.47
2026-09-16T01:30:02+00:00,23,INTC-USD,equity,3180893.026650995,98.07
2026-09-16T01:30:02+00:00,24,AVGO-USD,equity,43611.05988500001,346.4
2026-09-16T01:30:02+00:00,25,QCOM-USD,equity,258285.5733199999,180.58
2026-09-16T01:30:02+00:00,26,ARM-USD,equity,2175334.766154998,242.38
2026-09-16T01:30:02+00:00,27,TSM-USD,equity,422871.73291900026,419.42
2026-09-16T01:30:02+00:00,28,ASML-USD,equity,222013.54122399996,1583.9
2026-09-16T01:30:02+00:00,29,SNDK-USD,equity,727865.6511819994,1571.9
2026-09-16T01:30:02+00:00,30,DRAM-USD,index,1406864.909702,56.119
2026-09-16T01:30:02+00:00,31,PUMP-USD,crypto,2408200.503781998,0.003673
2026-09-16T01:30:02+00:00,32,ZEC-USD,crypto,1147832.06631,1165.1
2026-09-16T01:30:02+00:00,33,XRP-USD,crypto,646984.4966,1.418
2026-09-16T01:30:02+00:00,34,LIT-USD,crypto,284587.9002170003,4.3574
2026-09-16T01:30:02+00:00,35,KPEPE-USD,crypto,138361.8172309999,0.003456
2026-09-16T01:30:02+00:00,36,HOOD-USD,equity,1570872.4938799983,113.51
2026-09-16T01:30:02+00:00,37,MSTR-USD,equity,1588368.7051644435,134.02
2026-09-16T01:30:02+00:00,38,STRC-USD,equity,667841.1636960008,98.252
2026-09-16T01:30:02+00:00,39,CRCL-USD,equity,5353383.732155006,94.505
2026-09-16T01:30:02+00:00,40,COIN-USD,equity,1812288.4069189988,187.57
2026-09-16T01:30:02+00:00,41,RKLB-USD,equity,831193.9489620003,62.718
2026-09-16T01:30:02+00:00,42,LITE-USD,equity,402242.6695020003,853.5
2026-09-16T01:30:02+00:00,43,NBIS-USD,equity,508139.2124500006,214.33
2026-09-16T01:30:02+00:00,44,ORCL-USD,equity,404826.39101600036,144.5
2026-09-16T01:30:02+00:00,45,PLTR-USD,equity,2016266.042436998,172.62
2026-09-16T01:30:02+00:00,46,BRENTOIL-USD,commodity,3512554.9495500023,101.57
2026-09-16T01:30:02+00:00,47,BABA-USD,equity,522567.54602199997,108.81
2026-09-16T01:30:02+00:00,48,ZM-USD,equity,980499.3460580007,95.01
2026-09-16T01:30:02+00:00,49,DELL-USD,equity,16734.19472500001,538.3
2026-09-16T01:30:02+00:00,50,CXMT-USD,equity,142754.92827200008,8.0997
2026-09-16T01:30:02+00:00,51,KIOXIA-USD,equity,22722.950037000013,334.24
2026-09-16T01:30:02+00:00,52,SAMSUNG-USD,equity,274333.8861319999,186.01
2026-09-16T01:30:02+00:00,53,CRWV-USD,equity,1924296.4948959989,83.49
2026-09-16T01:30:02+00:00,54,AAVE-USD,crypto,931835.5802669988,128.15
2026-09-16T01:30:02+00:00,55,UNI-USD,crypto,747944.9184290002,6.6876
2026-09-16T01:30:02+00:00,56,WLD-USD,crypto,104945.05596700014,0.38323
2026-09-16T01:30:02+00:00,57,NEAR-USD,crypto,3662934.958342995,2.4409
2026-09-16T01:30:02+00:00,58,KSHIB-USD,crypto,607366.741736,0.0052
2026-09-16T01:30:02+00:00,59,FARTCOIN-USD,crypto,835014.4948499992,0.14296
2026-09-16T01:30:02+00:00,60,DOGE-USD,crypto,1065995.883226999,0.083644
2026-09-16T01:30:02+00:00,61,ENA-USD,crypto,1652166.0003290016,0.14399
2026-09-16T01:30:02+00:00,62,ONDO-USD,crypto,191074.82038699996,0.35408
2026-09-16T01:30:02+00:00,63,SUI-USD,crypto,2066150.1428660029,0.71848
2026-09-16T01:30:02+00:00,64,VVV-USD,crypto,2614085.7650240017,22.524
2026-09-16T01:30:02+00:00,65,TAO-USD,crypto,835717.1784559996,232.03
2026-09-16T01:30:02+00:00,66,ADA-USD,crypto,1621122.2304110029,0.20760
2026-09-16T01:30:02+00:00,67,ZRO-USD,crypto,1313787.7733099987,0.984
2026-09-16T01:30:02+00:00,68,BNB-USD,crypto,510688.27097000025,719.95
2026-09-16T01:30:02+00:00,69,PONS-USD,crypto,1128033.5040989995,0.62313
2026-09-16T01:30:02+00:00,70,CASHCAT-USD,crypto,2110125.0523629985,0.15917
2026-09-16T01:30:02+00:00,71,USELESS-USD,crypto,502763.0673820004,0.20409
2026-09-16T01:30:02+00:00,72,KAITO-USD,crypto,478895.94641100045,0.29755
2026-09-16T01:30:02+00:00,73,ARB-USD,crypto,1329246.2301039968,0.13388
2026-09-16T01:30:02+00:00,74,LDO-USD,crypto,627272.0854280005,0.3682
2026-09-16T01:30:02+00:00,75,AVAX-USD,crypto,574399.869857,7.5435
2026-09-16T01:30:02+00:00,76,LTC-USD,crypto,235070.69960100012,52.883
2026-09-16T01:30:02+00:00,77,XPL-USD,crypto,214976.8568410001,0.084924
2026-09-16T01:30:02+00:00,78,XMR-USD,crypto,238478.40116799992,516.31
2026-09-16T01:30:02+00:00,79,LINK-USD,crypto,857371.6131989998,11.547
2026-09-16T01:30:02+00:00,80,VIRTUAL-USD,crypto,215463.49716499998,0.61358
2026-09-16T01:30:02+00:00,81,JUP-USD,crypto,1492526.9764940063,0.23821
2026-09-16T01:30:02+00:00,82,ETHFI-USD,crypto,677313.3562740003,0.63321
2026-09-16T01:30:02+00:00,83,PENDLE-USD,crypto,277140.530791,2.382
2026-09-16T01:30:02+00:00,84,MORPHO-USD,crypto,163385.85521500002,2.1729
2026-09-16T01:45:01+00:00,1,SP500-USD,index,3458094.7619832265,7621.9
2026-09-16T01:45:01+00:00,2,GOLD-USD,commodity,2182538.523873001,4310.1
2026-09-16T01:45:01+00:00,3,WTIOIL-USD,commodity,4588889.693508739,98.255
2026-09-16T01:45:01+00:00,4,NAS100-USD,index,2452616.2308500023,29153
2026-09-16T01:45:01+00:00,5,SILVER-USD,commodity,934989.1588140004,63.566
2026-09-16T01:45:01+00:00,6,BTC-USD,crypto,7754062.632889995,77974
2026-09-16T01:45:01+00:00,7,ETH-USD,crypto,11573356.640429994,2513.9
2026-09-16T01:45:01+00:00,8,SOL-USD,crypto,1636536.0478100004,102.34
2026-09-16T01:45:01+00:00,9,SPCX-USD,equity,93843.54912500003,148.79
2026-09-16T01:45:01+00:00,10,HYPE-USD,crypto,6526915.577521998,80.29
2026-09-16T01:45:01+00:00,11,MU-USD,equity,580239.9557020073,938.96
2026-09-16T01:45:01+00:00,13,SKHY-USD,equity,428891.2003809999,176.18
2026-09-16T01:45:01+00:00,14,SKHYNIX-USD,equity,1026049.8196599998,1268.1
2026-09-16T01:45:01+00:00,15,AAPL-USD,equity,705817.2008850005,331.4
2026-09-16T01:45:01+00:00,16,MSFT-USD,equity,2071439.9311450017,503.4
2026-09-16T01:45:01+00:00,17,GOOG-USD,equity,247790.33406899997,348.37
2026-09-16T01:45:01+00:00,18,AMZN-USD,equity,1403390.8581629985,253.69
2026-09-16T01:45:01+00:00,19,NVDA-USD,equity,1215494.1543419997,212.55
2026-09-16T01:45:01+00:00,20,META-USD,equity,1195559.4626610011,662.26
2026-09-16T01:45:01+00:00,21,TSLA-USD,equity,325260.0581010001,359.73
2026-09-16T01:45:01+00:00,22,AMD-USD,equity,1148761.2099490003,494.82
2026-09-16T01:45:01+00:00,23,INTC-USD,equity,3181615.4945719945,97.89
2026-09-16T01:45:01+00:00,24,AVGO-USD,equity,41268.81336500001,346.46
2026-09-16T01:45:01+00:00,25,QCOM-USD,equity,257166.8998369999,180.08
2026-09-16T01:45:01+00:00,26,ARM-USD,equity,2175355.923744998,242.38
2026-09-16T01:45:01+00:00,27,TSM-USD,equity,422871.73291900026,419.42
2026-09-16T01:45:01+00:00,28,ASML-USD,equity,222013.54122399996,1583.9
2026-09-16T01:45:01+00:00,29,SNDK-USD,equity,727871.9243329993,1569.5
2026-09-16T01:45:01+00:00,30,DRAM-USD,index,1406886.8446759998,56.119
2026-09-16T01:45:01+00:00,31,PUMP-USD,crypto,2431399.1527239974,0.003684
2026-09-16T01:45:01+00:00,32,ZEC-USD,crypto,1148309.9295199998,1165.1
2026-09-16T01:45:01+00:00,33,XRP-USD,crypto,679471.4094999997,1.4235
2026-09-16T01:45:01+00:00,34,LIT-USD,crypto,284670.0832730004,4.3666
2026-09-16T01:45:01+00:00,35,KPEPE-USD,crypto,138113.0681749999,0.003456
2026-09-16T01:45:01+00:00,36,HOOD-USD,equity,1570915.6598599984,113.51
2026-09-16T01:45:01+00:00,37,MSTR-USD,equity,1586749.1424644436,134.06
2026-09-16T01:45:01+00:00,38,STRC-USD,equity,667841.1636960008,98.252
2026-09-16T01:45:01+00:00,39,CRCL-USD,equity,5359683.242865006,93.747
2026-09-16T01:45:01+00:00,40,COIN-USD,equity,1794500.2560759985,187.63
2026-09-16T01:45:01+00:00,41,RKLB-USD,equity,831182.9733120003,62.603
2026-09-16T01:45:01+00:00,42,LITE-USD,equity,402242.6695020003,853.5
2026-09-16T01:45:01+00:00,43,NBIS-USD,equity,508171.8141580006,214.33
2026-09-16T01:45:01+00:00,44,ORCL-USD,equity,404858.79107600043,144.5
2026-09-16T01:45:01+00:00,45,PLTR-USD,equity,2016277.160096998,172.62
2026-09-16T01:45:01+00:00,46,BRENTOIL-USD,commodity,3488854.8341900026,101.79
2026-09-16T01:45:01+00:00,47,BABA-USD,equity,525444.9496509999,110.13
2026-09-16T01:45:01+00:00,48,ZM-USD,equity,981146.7156790007,95.01
2026-09-16T01:45:01+00:00,49,DELL-USD,equity,16734.19472500001,538.3
2026-09-16T01:45:01+00:00,50,CXMT-USD,equity,134676.07664,8.0806
2026-09-16T01:45:01+00:00,51,KIOXIA-USD,equity,23433.691917000015,333.18
2026-09-16T01:45:01+00:00,52,SAMSUNG-USD,equity,274333.8861319999,186.01
2026-09-16T01:45:01+00:00,53,CRWV-USD,equity,1924355.584661999,83.49
2026-09-16T01:45:01+00:00,54,AAVE-USD,crypto,934013.7401669989,128.60
2026-09-16T01:45:01+00:00,55,UNI-USD,crypto,758396.0880520005,6.6997
2026-09-16T01:45:01+00:00,56,WLD-USD,crypto,104474.8798960001,0.38338
2026-09-16T01:45:01+00:00,57,NEAR-USD,crypto,3617503.294425996,2.4402
2026-09-16T01:45:01+00:00,58,KSHIB-USD,crypto,607516.6921460001,0.0052
2026-09-16T01:45:01+00:00,59,FARTCOIN-USD,crypto,829847.1677289993,0.14329
2026-09-16T01:45:01+00:00,60,DOGE-USD,crypto,1073643.2535229987,0.083815
2026-09-16T01:45:01+00:00,61,ENA-USD,crypto,1701677.1195940014,0.14331
2026-09-16T01:45:01+00:00,62,ONDO-USD,crypto,190720.60554199998,0.35387
2026-09-16T01:45:01+00:00,63,SUI-USD,crypto,2233143.6245790017,0.72018
2026-09-16T01:45:01+00:00,64,VVV-USD,crypto,2641894.594206001,22.663
2026-09-16T01:45:01+00:00,65,TAO-USD,crypto,889928.8743699995,232.47
2026-09-16T01:45:01+00:00,66,ADA-USD,crypto,1571040.2857080032,0.20813
2026-09-16T01:45:01+00:00,67,ZRO-USD,crypto,1329523.1134360002,0.9802
2026-09-16T01:45:01+00:00,68,BNB-USD,crypto,512819.2346310002,719.95
2026-09-16T01:45:01+00:00,69,PONS-USD,crypto,1131341.9758889999,0.6301
2026-09-16T01:45:01+00:00,70,CASHCAT-USD,crypto,2121665.1072989986,0.16011
2026-09-16T01:45:01+00:00,71,USELESS-USD,crypto,504923.5256050005,0.20308
2026-09-16T01:45:01+00:00,72,KAITO-USD,crypto,479345.5055430005,0.29688
2026-09-16T01:45:01+00:00,73,ARB-USD,crypto,1360507.0074509971,0.13409
2026-09-16T01:45:01+00:00,74,LDO-USD,crypto,637018.3287620007,0.368
2026-09-16T01:45:01+00:00,75,AVAX-USD,crypto,573629.3554460001,7.5441
2026-09-16T01:45:01+00:00,76,LTC-USD,crypto,235142.19910500012,52.883
2026-09-16T01:45:01+00:00,77,XPL-USD,crypto,209285.6595360002,0.084915
2026-09-16T01:45:01+00:00,78,XMR-USD,crypto,238249.67959999994,517.2
2026-09-16T01:45:01+00:00,79,LINK-USD,crypto,857433.9929179999,11.572
2026-09-16T01:45:01+00:00,80,VIRTUAL-USD,crypto,215433.47479399998,0.61328
2026-09-16T01:45:01+00:00,81,JUP-USD,crypto,1494084.6752750066,0.23922
2026-09-16T01:45:01+00:00,82,ETHFI-USD,crypto,677092.1540860002,0.63394
2026-09-16T01:45:01+00:00,83,PENDLE-USD,crypto,277190.538647,2.3906
2026-09-16T01:45:01+00:00,84,MORPHO-USD,crypto,163355.83090600002,2.1744
2026-09-16T02:00:02+00:00,1,SP500-USD,index,3458115.7065192265,7621.9
2026-09-16T02:00:02+00:00,2,GOLD-USD,commodity,2182549.580463001,4310.1
2026-09-16T02:00:02+00:00,3,WTIOIL-USD,commodity,4578900.68951074,98.344
2026-09-16T02:00:02+00:00,4,NAS100-USD,index,2452616.2308500023,29153
2026-09-16T02:00:02+00:00,5,SILVER-USD,commodity,935011.5484780004,63.566
2026-09-16T02:00:02+00:00,6,BTC-USD,crypto,7814751.5103099905,77902
2026-09-16T02:00:02+00:00,7,ETH-USD,crypto,11552862.971679997,2514.4
2026-09-16T02:00:02+00:00,8,SOL-USD,crypto,1624375.7478800006,102.22
2026-09-16T02:00:02+00:00,9,SPCX-USD,equity,93806.05064600003,148.82
2026-09-16T02:00:02+00:00,10,HYPE-USD,crypto,6546692.776767999,80.197
2026-09-16T02:00:02+00:00,11,MU-USD,equity,580261.9578500073,938.96
2026-09-16T02:00:02+00:00,13,SKHY-USD,equity,428891.2003809999,176.18
2026-09-16T02:00:02+00:00,14,SKHYNIX-USD,equity,1024836.5291399998,1262.3
2026-09-16T02:00:02+00:00,15,AAPL-USD,equity,705897.1574790004,331.4
2026-09-16T02:00:02+00:00,16,MSFT-USD,equity,2071932.3212290017,503.4
2026-09-16T02:00:02+00:00,17,GOOG-USD,equity,244880.38028999994,347.88
2026-09-16T02:00:02+00:00,18,AMZN-USD,equity,1403390.8581629985,253.69
2026-09-16T02:00:02+00:00,19,NVDA-USD,equity,1215305.2200919997,212.67
2026-09-16T02:00:02+00:00,20,META-USD,equity,1195559.4626610011,662.26
2026-09-16T02:00:02+00:00,21,TSLA-USD,equity,325271.0281370001,359.73
2026-09-16T02:00:02+00:00,22,AMD-USD,equity,1147794.9749530002,494.99
2026-09-16T02:00:02+00:00,23,INTC-USD,equity,3190119.5737149944,97.87
2026-09-16T02:00:02+00:00,24,AVGO-USD,equity,41279.67448500001,346.46
2026-09-16T02:00:02+00:00,25,QCOM-USD,equity,258220.01903799982,180.37
2026-09-16T02:00:02+00:00,26,ARM-USD,equity,2175387.5780049977,242.38
2026-09-16T02:00:02+00:00,27,TSM-USD,equity,422871.73291900026,419.42
2026-09-16T02:00:02+00:00,28,ASML-USD,equity,222013.54122399996,1583.9
2026-09-16T02:00:02+00:00,29,SNDK-USD,equity,726715.2482789994,1570.9
2026-09-16T02:00:02+00:00,30,DRAM-USD,index,1406908.72393,56.119
2026-09-16T02:00:02+00:00,31,PUMP-USD,crypto,2660820.567323,0.003730
2026-09-16T02:00:02+00:00,32,ZEC-USD,crypto,1148482.32521,1165.1
2026-09-16T02:00:02+00:00,33,XRP-USD,crypto,672283.2752,1.4247
2026-09-16T02:00:02+00:00,34,LIT-USD,crypto,278440.73125900043,4.3728
2026-09-16T02:00:02+00:00,35,KPEPE-USD,crypto,137128.8116989999,0.00346
2026-09-16T02:00:02+00:00,36,HOOD-USD,equity,1570937.1557299984,113.51
2026-09-16T02:00:02+00:00,37,MSTR-USD,equity,1586375.9475344436,133.93
2026-09-16T02:00:02+00:00,38,STRC-USD,equity,667841.1636960008,98.252
2026-09-16T02:00:02+00:00,39,CRCL-USD,equity,5359726.032467005,93.747
2026-09-16T02:00:02+00:00,40,COIN-USD,equity,1791660.729436999,187.77
2026-09-16T02:00:02+00:00,41,RKLB-USD,equity,831167.9485920003,62.713
2026-09-16T02:00:02+00:00,42,LITE-USD,equity,402242.6695020003,853.5
2026-09-16T02:00:02+00:00,43,NBIS-USD,equity,508204.3168300006,214.33
2026-09-16T02:00:02+00:00,44,ORCL-USD,equity,404869.5679960004,144.5
2026-09-16T02:00:02+00:00,45,PLTR-USD,equity,2016288.266128998,172.62
2026-09-16T02:00:02+00:00,46,BRENTOIL-USD,commodity,3488788.4329900024,101.9
2026-09-16T02:00:02+00:00,47,BABA-USD,equity,525470.4279479999,110.13
2026-09-16T02:00:02+00:00,48,ZM-USD,equity,981326.5725390009,95.01
2026-09-16T02:00:02+00:00,49,DELL-USD,equity,16137.865985000004,535.9
2026-09-16T02:00:02+00:00,50,CXMT-USD,equity,131977.0104379999,8.2457
2026-09-16T02:00:02+00:00,51,KIOXIA-USD,equity,24425.204662000015,333.94
2026-09-16T02:00:02+00:00,52,SAMSUNG-USD,equity,274333.8861319999,186.01
2026-09-16T02:00:02+00:00,53,CRWV-USD,equity,1925941.0762789987,83.49
2026-09-16T02:00:02+00:00,54,AAVE-USD,crypto,934426.099395999,128.51
2026-09-16T02:00:02+00:00,55,UNI-USD,crypto,763639.752368,6.6722
2026-09-16T02:00:02+00:00,56,WLD-USD,crypto,104111.35117200011,0.38051
2026-09-16T02:00:02+00:00,57,NEAR-USD,crypto,3586962.528234998,2.4365
2026-09-16T02:00:02+00:00,58,KSHIB-USD,crypto,609696.0656270001,0.0052
2026-09-16T02:00:02+00:00,59,FARTCOIN-USD,crypto,836034.3133309998,0.14333
2026-09-16T02:00:02+00:00,60,DOGE-USD,crypto,1081895.1909289996,0.083809
2026-09-16T02:00:02+00:00,61,ENA-USD,crypto,1711130.8848890015,0.14308
2026-09-16T02:00:02+00:00,62,ONDO-USD,crypto,190241.89549999996,0.35405
2026-09-16T02:00:02+00:00,63,SUI-USD,crypto,2445189.6440330045,0.72096
2026-09-16T02:00:02+00:00,64,VVV-USD,crypto,2618174.434704002,22.607
2026-09-16T02:00:02+00:00,65,TAO-USD,crypto,910410.8279509995,232.84
2026-09-16T02:00:02+00:00,66,ADA-USD,crypto,1580838.5814560025,0.20762
2026-09-16T02:00:02+00:00,67,ZRO-USD,crypto,1337737.4071329997,0.9808
2026-09-16T02:00:02+00:00,68,BNB-USD,crypto,513174.5368630002,719.95
2026-09-16T02:00:02+00:00,69,PONS-USD,crypto,1129045.8036570004,0.62569
2026-09-16T02:00:02+00:00,70,CASHCAT-USD,crypto,2156228.051824006,0.15932
2026-09-16T02:00:02+00:00,71,USELESS-USD,crypto,506323.0205010003,0.20347
2026-09-16T02:00:02+00:00,72,KAITO-USD,crypto,490212.04736800044,0.29695
2026-09-16T02:00:02+00:00,73,ARB-USD,crypto,1363349.5189609982,0.13439
2026-09-16T02:00:02+00:00,74,LDO-USD,crypto,637037.2107180007,0.36418
2026-09-16T02:00:02+00:00,75,AVAX-USD,crypto,576207.5654410002,7.5441
2026-09-16T02:00:02+00:00,76,LTC-USD,crypto,270732.90869100014,52.883
2026-09-16T02:00:02+00:00,77,XPL-USD,crypto,210648.49322100022,0.084229
2026-09-16T02:00:02+00:00,78,XMR-USD,crypto,239270.42598699997,515.73
2026-09-16T02:00:02+00:00,79,LINK-USD,crypto,857393.9679979999,11.6
2026-09-16T02:00:02+00:00,80,VIRTUAL-USD,crypto,216445.72321899992,0.61157
2026-09-16T02:00:02+00:00,81,JUP-USD,crypto,1488085.7263760061,0.23731
2026-09-16T02:00:02+00:00,82,ETHFI-USD,crypto,677393.5063340002,0.63389
2026-09-16T02:00:02+00:00,83,PENDLE-USD,crypto,274116.0459709999,2.3965
2026-09-16T02:00:02+00:00,84,MORPHO-USD,crypto,164244.87913499997,2.176
2026-09-16T02:15:01+00:00,1,SP500-USD,index,3466077.203363227,7620.3
2026-09-16T02:15:01+00:00,2,GOLD-USD,commodity,2185783.164069001,4315.9
2026-09-16T02:15:01+00:00,3,WTIOIL-USD,commodity,4575197.044136743,98.2
2026-09-16T02:15:01+00:00,4,NAS100-USD,index,2453045.6856100024,29153
2026-09-16T02:15:01+00:00,5,SILVER-USD,commodity,935011.5484780004,63.566
2026-09-16T02:15:01+00:00,6,BTC-USD,crypto,7852956.063269989,77967
2026-09-16T02:15:01+00:00,7,ETH-USD,crypto,11597625.162059993,2517.2
2026-09-16T02:15:01+00:00,8,SOL-USD,crypto,1626311.8888500007,102.22
2026-09-16T02:15:01+00:00,9,SPCX-USD,equity,93306.03235800001,148.87
2026-09-16T02:15:01+00:00,10,HYPE-USD,crypto,6624315.012824001,80.088
2026-09-16T02:15:01+00:00,11,MU-USD,equity,580261.9578500073,938.96
2026-09-16T02:15:01+00:00,13,SKHY-USD,equity,428891.2003809999,176.18
2026-09-16T02:15:01+00:00,14,SKHYNIX-USD,equity,1024836.5291399998,1262.3
2026-09-16T02:15:01+00:00,15,AAPL-USD,equity,709115.2896330005,331.4
2026-09-16T02:15:01+00:00,16,MSFT-USD,equity,2072227.5284890018,503.4
2026-09-16T02:15:01+00:00,17,GOOG-USD,equity,244880.38028999994,347.88
2026-09-16T02:15:01+00:00,18,AMZN-USD,equity,1403390.8581629985,253.69
2026-09-16T02:15:01+00:00,19,NVDA-USD,equity,1215465.1490839997,212.67
2026-09-16T02:15:01+00:00,20,META-USD,equity,1195559.4626610011,662.26
2026-09-16T02:15:01+00:00,21,TSLA-USD,equity,325271.0281370001,359.73
2026-09-16T02:15:01+00:00,22,AMD-USD,equity,1147794.9749530002,494.99
2026-09-16T02:15:01+00:00,23,INTC-USD,equity,3190108.7101449943,98.07
2026-09-16T02:15:01+00:00,24,AVGO-USD,equity,41279.67448500001,346.46
2026-09-16T02:15:01+00:00,25,QCOM-USD,equity,258220.01903799982,180.37
2026-09-16T02:15:01+00:00,26,ARM-USD,equity,2175239.0960169975,240.37
2026-09-16T02:15:01+00:00,27,TSM-USD,equity,422871.73291900026,419.42
2026-09-16T02:15:01+00:00,28,ASML-USD,equity,222024.41526699995,1583.9
2026-09-16T02:15:01+00:00,29,SNDK-USD,equity,728348.1698239994,1559.9
2026-09-16T02:15:01+00:00,30,DRAM-USD,index,1406919.675895,56.119
2026-09-16T02:15:01+00:00,31,PUMP-USD,crypto,2652432.390118999,0.003725
2026-09-16T02:15:01+00:00,32,ZEC-USD,crypto,1148441.64049,1158
2026-09-16T02:15:01+00:00,33,XRP-USD,crypto,673866.0511999999,1.4247
2026-09-16T02:15:01+00:00,34,LIT-USD,crypto,278513.3126400004,4.3611
2026-09-16T02:15:01+00:00,35,KPEPE-USD,crypto,136414.6176809999,0.003461
2026-09-16T02:15:01+00:00,36,HOOD-USD,equity,1573761.8328699984,113.51
2026-09-16T02:15:01+00:00,37,MSTR-USD,equity,1586822.1102544435,133.93
2026-09-16T02:15:01+00:00,38,STRC-USD,equity,667841.1636960008,98.252
2026-09-16T02:15:01+00:00,39,CRCL-USD,equity,5359767.364836005,93.747
2026-09-16T02:15:01+00:00,40,COIN-USD,equity,1799257.1339339986,186.54
2026-09-16T02:15:01+00:00,41,RKLB-USD,equity,842671.1912920004,62.713
2026-09-16T02:15:01+00:00,42,LITE-USD,equity,402242.6695020003,853.5
2026-09-16T02:15:01+00:00,43,NBIS-USD,equity,508204.3168300006,214.33
2026-09-16T02:15:01+00:00,44,ORCL-USD,equity,404869.5679960004,144.5
2026-09-16T02:15:01+00:00,45,PLTR-USD,equity,2016299.360532998,172.62
2026-09-16T02:15:01+00:00,46,BRENTOIL-USD,commodity,3488776.835440003,101.79
2026-09-16T02:15:01+00:00,47,BABA-USD,equity,525480.9541679999,110.13
2026-09-16T02:15:01+00:00,48,ZM-USD,equity,981326.5725390009,95.01
2026-09-16T02:15:01+00:00,49,DELL-USD,equity,16137.865985000004,535.9
2026-09-16T02:15:01+00:00,50,CXMT-USD,equity,126018.18431999999,8.23
2026-09-16T02:15:01+00:00,51,KIOXIA-USD,equity,24609.395812000013,333.94
2026-09-16T02:15:01+00:00,52,SAMSUNG-USD,equity,274333.8861319999,186.01
2026-09-16T02:15:01+00:00,53,CRWV-USD,equity,1925960.5148389987,83.49
2026-09-16T02:15:01+00:00,54,AAVE-USD,crypto,944756.160297999,127.72
2026-09-16T02:15:01+00:00,55,UNI-USD,crypto,765636.415055,6.6387
2026-09-16T02:15:01+00:00,56,WLD-USD,crypto,104157.29810400012,0.38051
2026-09-16T02:15:01+00:00,57,NEAR-USD,crypto,3627745.1106079984,2.4436
2026-09-16T02:15:01+00:00,58,KSHIB-USD,crypto,613195.073802,0.005174
2026-09-16T02:15:01+00:00,59,FARTCOIN-USD,crypto,840370.3706959998,0.14340
2026-09-16T02:15:01+00:00,60,DOGE-USD,crypto,1111169.3239110003,0.083809
2026-09-16T02:15:01+00:00,61,ENA-USD,crypto,1733000.2913870008,0.14276
2026-09-16T02:15:01+00:00,62,ONDO-USD,crypto,190247.71882599997,0.35365
2026-09-16T02:15:01+00:00,63,SUI-USD,crypto,2547298.363313005,0.72096
2026-09-16T02:15:01+00:00,64,VVV-USD,crypto,2647116.211728003,22.431
2026-09-16T02:15:01+00:00,65,TAO-USD,crypto,956661.4635979999,233.15
2026-09-16T02:15:01+00:00,66,ADA-USD,crypto,1613634.5079490026,0.20763
2026-09-16T02:15:01+00:00,67,ZRO-USD,crypto,1345801.8150439996,0.9808
2026-09-16T02:15:01+00:00,68,BNB-USD,crypto,510982.71744700026,721.08
2026-09-16T02:15:01+00:00,69,PONS-USD,crypto,1132422.0030360008,0.62854
2026-09-16T02:15:01+00:00,70,CASHCAT-USD,crypto,2131705.625807003,0.15501
2026-09-16T02:15:01+00:00,71,USELESS-USD,crypto,505311.1439619999,0.20397
2026-09-16T02:15:01+00:00,72,KAITO-USD,crypto,498399.50431800046,0.29595
2026-09-16T02:15:01+00:00,73,ARB-USD,crypto,1380388.3184199992,0.13384
2026-09-16T02:15:01+00:00,74,LDO-USD,crypto,641773.0029640008,0.36418
2026-09-16T02:15:01+00:00,75,AVAX-USD,crypto,588147.7451510002,7.5438
2026-09-16T02:15:01+00:00,76,LTC-USD,crypto,270732.90869100014,52.883
2026-09-16T02:15:01+00:00,77,XPL-USD,crypto,213197.3145220002,0.083813
2026-09-16T02:15:01+00:00,78,XMR-USD,crypto,239260.41568899996,515.61
2026-09-16T02:15:01+00:00,79,LINK-USD,crypto,856980.485239,11.614
2026-09-16T02:15:01+00:00,80,VIRTUAL-USD,crypto,217398.4079469999,0.61196
2026-09-16T02:15:01+00:00,81,JUP-USD,crypto,1494087.6339320063,0.24051
2026-09-16T02:15:01+00:00,82,ETHFI-USD,crypto,675518.4707560001,0.62398
2026-09-16T02:15:01+00:00,83,PENDLE-USD,crypto,291222.50171799987,2.414
2026-09-16T02:15:01+00:00,84,MORPHO-USD,crypto,188368.41407899995,2.179
2026-09-16T02:30:02+00:00,1,SP500-USD,index,3466077.203363227,7620.3
2026-09-16T02:30:02+00:00,2,GOLD-USD,commodity,2185813.176324001,4315.9
2026-09-16T02:30:02+00:00,3,WTIOIL-USD,commodity,4448111.176597738,98.422
2026-09-16T02:30:02+00:00,4,NAS100-USD,index,2452995.5424500024,29159
2026-09-16T02:30:02+00:00,5,SILVER-USD,commodity,1216328.1461490004,63.566
2026-09-16T02:30:02+00:00,6,BTC-USD,crypto,7871582.409109988,77902
2026-09-16T02:30:02+00:00,7,ETH-USD,crypto,11642820.458879996,2515.3
2026-09-16T02:30:02+00:00,8,SOL-USD,crypto,1630079.5377110003,102.19
2026-09-16T02:30:02+00:00,9,SPCX-USD,equity,93306.03235800001,148.87
2026-09-16T02:30:02+00:00,10,HYPE-USD,crypto,6650086.045211,80.215
2026-09-16T02:30:02+00:00,11,MU-USD,equity,580261.9578500073,938.96
2026-09-16T02:30:02+00:00,13,SKHY-USD,equity,428891.2003809999,176.18
2026-09-16T02:30:02+00:00,14,SKHYNIX-USD,equity,1024836.5291399998,1262.3
2026-09-16T02:30:02+00:00,15,AAPL-USD,equity,709115.2896330005,331.4
2026-09-16T02:30:02+00:00,16,MSFT-USD,equity,2072227.5284890018,503.4
2026-09-16T02:30:02+00:00,17,GOOG-USD,equity,244880.38028999994,347.88
2026-09-16T02:30:02+00:00,18,AMZN-USD,equity,1403390.8581629985,253.69
2026-09-16T02:30:02+00:00,19,NVDA-USD,equity,1215465.1490839997,212.67
2026-09-16T02:30:02+00:00,20,META-USD,equity,1195559.4626610011,662.26
2026-09-16T02:30:02+00:00,21,TSLA-USD,equity,325271.0281370001,359.73
2026-09-16T02:30:02+00:00,22,AMD-USD,equity,1147794.9749530002,494.99
2026-09-16T02:30:02+00:00,23,INTC-USD,equity,3190108.7101449943,98.07
2026-09-16T02:30:02+00:00,24,AVGO-USD,equity,41279.67448500001,346.46
2026-09-16T02:30:02+00:00,25,QCOM-USD,equity,257164.27735399987,180.31
2026-09-16T02:30:02+00:00,26,ARM-USD,equity,2175239.0960169975,240.37
2026-09-16T02:30:02+00:00,27,TSM-USD,equity,422871.73291900026,419.42
2026-09-16T02:30:02+00:00,28,ASML-USD,equity,222024.41526699995,1583.9
2026-09-16T02:30:02+00:00,29,SNDK-USD,equity,730626.3796039994,1559.9
2026-09-16T02:30:02+00:00,30,DRAM-USD,index,1406919.675895,56.119
2026-09-16T02:30:02+00:00,31,PUMP-USD,crypto,2642964.807395,0.003714
2026-09-16T02:30:02+00:00,32,ZEC-USD,crypto,1148856.1503399997,1155.4
2026-09-16T02:30:02+00:00,33,XRP-USD,crypto,674374.2186999997,1.4247
2026-09-16T02:30:02+00:00,34,LIT-USD,crypto,278637.8230890004,4.3611
2026-09-16T02:30:02+00:00,35,KPEPE-USD,crypto,136414.6176809999,0.003461
2026-09-16T02:30:02+00:00,36,HOOD-USD,equity,1573761.8328699984,113.51
2026-09-16T02:30:02+00:00,37,MSTR-USD,equity,1587227.2388844434,133.53
2026-09-16T02:30:02+00:00,38,STRC-USD,equity,667841.1636960008,98.252
2026-09-16T02:30:02+00:00,39,CRCL-USD,equity,5361048.0448060045,93.747
2026-09-16T02:30:02+00:00,40,COIN-USD,equity,1802934.7404499985,186.54
2026-09-16T02:30:02+00:00,41,RKLB-USD,equity,843682.9659340003,62.783
2026-09-16T02:30:02+00:00,42,LITE-USD,equity,402242.6695020003,853.5
2026-09-16T02:30:02+00:00,43,NBIS-USD,equity,508204.3168300006,214.33
2026-09-16T02:30:02+00:00,44,ORCL-USD,equity,404897.5799960004,144.5
2026-09-16T02:30:02+00:00,45,PLTR-USD,equity,2016299.360532998,172.62
2026-09-16T02:30:02+00:00,46,BRENTOIL-USD,commodity,3488765.5367500028,101.9
2026-09-16T02:30:02+00:00,47,BABA-USD,equity,525480.9541679999,110.13
2026-09-16T02:30:02+00:00,48,ZM-USD,equity,988260.224356001,95.01
2026-09-16T02:30:02+00:00,49,DELL-USD,equity,16137.865985000004,535.9
2026-09-16T02:30:02+00:00,50,CXMT-USD,equity,119677.10430700002,8.2209
2026-09-16T02:30:02+00:00,51,KIOXIA-USD,equity,25072.989362000015,335.45
2026-09-16T02:30:02+00:00,52,SAMSUNG-USD,equity,274333.8861319999,186.01
2026-09-16T02:30:02+00:00,53,CRWV-USD,equity,1925960.5148389987,83.49
2026-09-16T02:30:02+00:00,54,AAVE-USD,crypto,944726.1588699991,127.74
2026-09-16T02:30:02+00:00,55,UNI-USD,crypto,765529.3364879999,6.5865
2026-09-16T02:30:02+00:00,56,WLD-USD,crypto,104173.80382400012,0.38051
2026-09-16T02:30:02+00:00,57,NEAR-USD,crypto,3623580.5733729997,2.4425
2026-09-16T02:30:02+00:00,58,KSHIB-USD,crypto,615999.4634070001,0.005174
2026-09-16T02:30:02+00:00,59,FARTCOIN-USD,crypto,840393.8255009998,0.14340
2026-09-16T02:30:02+00:00,60,DOGE-USD,crypto,1132022.2641970003,0.083809
2026-09-16T02:30:02+00:00,61,ENA-USD,crypto,1737288.908210001,0.14239
2026-09-16T02:30:02+00:00,62,ONDO-USD,crypto,201787.63426399996,0.35399
2026-09-16T02:30:02+00:00,63,SUI-USD,crypto,2561093.353468004,0.72096
2026-09-16T02:30:02+00:00,64,VVV-USD,crypto,2660085.5470480025,22.397
2026-09-16T02:30:02+00:00,65,TAO-USD,crypto,980348.8891239997,232.90
2026-09-16T02:30:02+00:00,66,ADA-USD,crypto,1630494.3027240022,0.20763
2026-09-16T02:30:02+00:00,67,ZRO-USD,crypto,1366831.5116890003,0.98
2026-09-16T02:30:02+00:00,68,BNB-USD,crypto,510861.82154500025,720.18
2026-09-16T02:30:02+00:00,69,PONS-USD,crypto,1141265.7442210007,0.63822
2026-09-16T02:30:02+00:00,70,CASHCAT-USD,crypto,2239649.712209005,0.15491
2026-09-16T02:30:02+00:00,71,USELESS-USD,crypto,508766.05752399995,0.20333
2026-09-16T02:30:02+00:00,72,KAITO-USD,crypto,498530.3061060005,0.29637
2026-09-16T02:30:02+00:00,73,ARB-USD,crypto,1400676.2072209988,0.13373
2026-09-16T02:30:02+00:00,74,LDO-USD,crypto,641793.0095930009,0.36418
2026-09-16T02:30:02+00:00,75,AVAX-USD,crypto,589948.1936620001,7.5438
2026-09-16T02:30:02+00:00,76,LTC-USD,crypto,270732.90869100014,52.883
2026-09-16T02:30:02+00:00,77,XPL-USD,crypto,213137.2746720002,0.083471
2026-09-16T02:30:02+00:00,78,XMR-USD,crypto,239644.82223099994,515.61
2026-09-16T02:30:02+00:00,79,LINK-USD,crypto,856970.4739709999,11.605
2026-09-16T02:30:02+00:00,80,VIRTUAL-USD,crypto,217398.3874439999,0.61111
2026-09-16T02:30:02+00:00,81,JUP-USD,crypto,1493975.1537150068,0.24117
2026-09-16T02:30:02+00:00,82,ETHFI-USD,crypto,675640.3403590003,0.62908
2026-09-16T02:30:02+00:00,83,PENDLE-USD,crypto,291236.0562810002,2.4106
2026-09-16T02:30:02+00:00,84,MORPHO-USD,crypto,188340.471057,2.1779
2026-09-16T02:45:01+00:00,1,SP500-USD,index,3466716.915134227,7619.2
2026-09-16T02:45:01+00:00,2,GOLD-USD,commodity,2200703.846292001,4314.7
2026-09-16T02:45:01+00:00,3,WTIOIL-USD,commodity,4413805.717532739,98.364
2026-09-16T02:45:01+00:00,4,NAS100-USD,index,2452960.4355600025,29141
2026-09-16T02:45:01+00:00,5,SILVER-USD,commodity,1221778.1006120003,63.397
2026-09-16T02:45:01+00:00,6,BTC-USD,crypto,7887606.99745999,77843
2026-09-16T02:45:01+00:00,7,ETH-USD,crypto,11519330.192989973,2510.1
2026-09-16T02:45:01+00:00,8,SOL-USD,crypto,1630191.4407990004,101.96
2026-09-16T02:45:01+00:00,9,SPCX-USD,equity,93306.08387200002,148.93
2026-09-16T02:45:01+00:00,10,HYPE-USD,crypto,6651358.696168,80.247
2026-09-16T02:45:01+00:00,11,MU-USD,equity,580262.0239700073,929.1
2026-09-16T02:45:01+00:00,13,SKHY-USD,equity,428891.2003809999,176.18
2026-09-16T02:45:01+00:00,14,SKHYNIX-USD,equity,1024836.5291399998,1262.3
2026-09-16T02:45:01+00:00,15,AAPL-USD,equity,709115.289633,331.4
2026-09-16T02:45:01+00:00,16,MSFT-USD,equity,2072227.5284890018,503.4
2026-09-16T02:45:01+00:00,17,GOOG-USD,equity,244880.38028999997,347.88
2026-09-16T02:45:01+00:00,18,AMZN-USD,equity,1403390.8581629985,253.69
2026-09-16T02:45:01+00:00,19,NVDA-USD,equity,1215265.1350039996,212.66
2026-09-16T02:45:01+00:00,20,META-USD,equity,1195559.4626610011,662.26
2026-09-16T02:45:01+00:00,21,TSLA-USD,equity,325271.0281370001,359.73
2026-09-16T02:45:01+00:00,22,AMD-USD,equity,1148924.8555540002,494.99
2026-09-16T02:45:01+00:00,23,INTC-USD,equity,3190108.7101449943,98.07
2026-09-16T02:45:01+00:00,24,AVGO-USD,equity,41279.67448500001,346.46
2026-09-16T02:45:01+00:00,25,QCOM-USD,equity,250541.14360699986,180.33
2026-09-16T02:45:01+00:00,26,ARM-USD,equity,2175239.0960169975,240.37
2026-09-16T02:45:01+00:00,27,TSM-USD,equity,422871.73291900026,419.42
2026-09-16T02:45:01+00:00,28,ASML-USD,equity,222024.41526699995,1583.9
2026-09-16T02:45:01+00:00,29,SNDK-USD,equity,732606.6108839994,1559.9
2026-09-16T02:45:01+00:00,30,DRAM-USD,index,1406919.675895,56.119
2026-09-16T02:45:01+00:00,31,PUMP-USD,crypto,2636928.376796001,0.00371
2026-09-16T02:45:01+00:00,32,ZEC-USD,crypto,1139536.4211499996,1157.3
2026-09-16T02:45:01+00:00,33,XRP-USD,crypto,677086.5627,1.4247
2026-09-16T02:45:01+00:00,34,LIT-USD,crypto,271670.41061800014,4.3582
2026-09-16T02:45:01+00:00,35,KPEPE-USD,crypto,136414.61768099992,0.003461
2026-09-16T02:45:01+00:00,36,HOOD-USD,equity,1586789.2140299988,113.51
2026-09-16T02:45:01+00:00,37,MSTR-USD,equity,1587393.2206544436,133.53
2026-09-16T02:45:01+00:00,38,STRC-USD,equity,667841.1636960008,98.252
2026-09-16T02:45:01+00:00,39,CRCL-USD,equity,5362158.822564005,93.747
2026-09-16T02:45:01+00:00,40,COIN-USD,equity,1813070.823822999,186.54
2026-09-16T02:45:01+00:00,41,RKLB-USD,equity,847180.8835780002,62.783
2026-09-16T02:45:01+00:00,42,LITE-USD,equity,374033.75238900026,853.13
2026-09-16T02:45:01+00:00,43,NBIS-USD,equity,509663.05967900064,214.33
2026-09-16T02:45:01+00:00,44,ORCL-USD,equity,404897.5799960004,144.5
2026-09-16T02:45:01+00:00,45,PLTR-USD,equity,2016299.360532998,172.62
2026-09-16T02:45:01+00:00,46,BRENTOIL-USD,commodity,3493998.378510002,102.12
2026-09-16T02:45:01+00:00,47,BABA-USD,equity,525480.9541679999,110.13
2026-09-16T02:45:01+00:00,48,ZM-USD,equity,988460.375874001,95.01
2026-09-16T02:45:01+00:00,49,DELL-USD,equity,16137.865985000004,535.9
2026-09-16T02:45:01+00:00,50,CXMT-USD,equity,117964.06850599997,8.1915
2026-09-16T02:45:01+00:00,51,KIOXIA-USD,equity,25315.102142000014,334.63
2026-09-16T02:45:01+00:00,52,SAMSUNG-USD,equity,274333.8861319999,186.01
2026-09-16T02:45:01+00:00,53,CRWV-USD,equity,1925960.5148389987,83.49
2026-09-16T02:45:01+00:00,54,AAVE-USD,crypto,943883.2278699991,127.65
2026-09-16T02:45:01+00:00,55,UNI-USD,crypto,772767.3178489996,6.6015
2026-09-16T02:45:01+00:00,56,WLD-USD,crypto,104580.32458400013,0.38051
2026-09-16T02:45:01+00:00,57,NEAR-USD,crypto,3529540.276080995,2.4423
2026-09-16T02:45:01+00:00,58,KSHIB-USD,crypto,622039.9923449999,0.005174
2026-09-16T02:45:01+00:00,59,FARTCOIN-USD,crypto,802786.1429859991,0.1433
2026-09-16T02:45:01+00:00,60,DOGE-USD,crypto,1130357.1580730004,0.083697
2026-09-16T02:45:01+00:00,61,ENA-USD,crypto,1707635.9139959998,0.14280
2026-09-16T02:45:01+00:00,62,ONDO-USD,crypto,200814.28689099997,0.35415
2026-09-16T02:45:01+00:00,63,SUI-USD,crypto,2640446.4889790067,0.7213
2026-09-16T02:45:01+00:00,64,VVV-USD,crypto,2635755.6915120007,22.441
2026-09-16T02:45:01+00:00,65,TAO-USD,crypto,981750.2807239996,232.70
2026-09-16T02:45:01+00:00,66,ADA-USD,crypto,1597903.524867002,0.20757
2026-09-16T02:45:01+00:00,67,ZRO-USD,crypto,1367157.978878,0.978
2026-09-16T02:45:01+00:00,68,BNB-USD,crypto,510710.74420100026,720.24
2026-09-16T02:45:01+00:00,69,PONS-USD,crypto,1132183.2774809995,0.63562
2026-09-16T02:45:01+00:00,70,CASHCAT-USD,crypto,2221960.433532003,0.15523
2026-09-16T02:45:01+00:00,71,USELESS-USD,crypto,507257.7937119999,0.20316
2026-09-16T02:45:01+00:00,72,KAITO-USD,crypto,499663.7567320005,0.29685
2026-09-16T02:45:01+00:00,73,ARB-USD,crypto,1410183.0832430003,0.13364
2026-09-16T02:45:01+00:00,74,LDO-USD,crypto,643827.8610930007,0.36418
2026-09-16T02:45:01+00:00,75,AVAX-USD,crypto,588775.7246859999,7.5578
2026-09-16T02:45:01+00:00,76,LTC-USD,crypto,270763.00115100015,52.883
2026-09-16T02:45:01+00:00,77,XPL-USD,crypto,213248.02559900016,0.083221
2026-09-16T02:45:01+00:00,78,XMR-USD,crypto,238724.27469299996,516.04
2026-09-16T02:45:01+00:00,79,LINK-USD,crypto,854420.101816,11.578
2026-09-16T02:45:01+00:00,80,VIRTUAL-USD,crypto,217459.86400399992,0.61081
2026-09-16T02:45:01+00:00,81,JUP-USD,crypto,1485648.6309770066,0.23992
2026-09-16T02:45:01+00:00,82,ETHFI-USD,crypto,671989.6660280002,0.62502
2026-09-16T02:45:01+00:00,83,PENDLE-USD,crypto,293235.1054040002,2.3944
2026-09-16T02:45:01+00:00,84,MORPHO-USD,crypto,188196.48833999998,2.1695
2026-09-16T03:00:02+00:00,1,SP500-USD,index,3465075.5930822273,7616.7
2026-09-16T03:00:02+00:00,2,GOLD-USD,commodity,2228118.587232001,4312.1
2026-09-16T03:00:02+00:00,3,WTIOIL-USD,commodity,4415295.695322738,98.364
2026-09-16T03:00:02+00:00,4,NAS100-USD,index,2452960.4355600025,29141
2026-09-16T03:00:02+00:00,5,SILVER-USD,commodity,1221845.9596600004,63.397
2026-09-16T03:00:02+00:00,6,BTC-USD,crypto,7901034.40531999,77799
2026-09-16T03:00:02+00:00,7,ETH-USD,crypto,11518581.118269969,2511
2026-09-16T03:00:02+00:00,8,SOL-USD,crypto,1630402.7308540002,101.9
2026-09-16T03:00:02+00:00,9,SPCX-USD,equity,92805.67907200003,148.32
2026-09-16T03:00:02+00:00,10,HYPE-USD,crypto,6356778.254454003,79.938
2026-09-16T03:00:02+00:00,11,MU-USD,equity,580262.0239700073,929.1
2026-09-16T03:00:02+00:00,13,SKHY-USD,equity,428891.2003809999,176.18
2026-09-16T03:00:02+00:00,14,SKHYNIX-USD,equity,1024836.5291399998,1262.3
2026-09-16T03:00:02+00:00,15,AAPL-USD,equity,709827.160149,331.4
2026-09-16T03:00:02+00:00,16,MSFT-USD,equity,2072227.5284890018,503.4
2026-09-16T03:00:02+00:00,17,GOOG-USD,equity,244880.38028999997,347.88
2026-09-16T03:00:02+00:00,18,AMZN-USD,equity,1403390.8581629985,253.69
2026-09-16T03:00:02+00:00,19,NVDA-USD,equity,1215265.1350039996,212.66
2026-09-16T03:00:02+00:00,20,META-USD,equity,1217936.260025001,662.26
2026-09-16T03:00:02+00:00,21,TSLA-USD,equity,325236.31419200014,359.51
2026-09-16T03:00:02+00:00,22,AMD-USD,equity,1148924.8555540002,494.99
2026-09-16T03:00:02+00:00,23,INTC-USD,equity,3190108.7101449943,98.07
2026-09-16T03:00:02+00:00,24,AVGO-USD,equity,41279.67448500001,346.46
2026-09-16T03:00:02+00:00,25,QCOM-USD,equity,244954.5183409998,180.37
2026-09-16T03:00:02+00:00,26,ARM-USD,equity,2175239.0960169975,240.37
2026-09-16T03:00:02+00:00,27,TSM-USD,equity,422871.73291900026,419.42
2026-09-16T03:00:02+00:00,28,ASML-USD,equity,222024.41526699995,1583.9
2026-09-16T03:00:02+00:00,29,SNDK-USD,equity,732606.6108839994,1559.9
2026-09-16T03:00:02+00:00,30,DRAM-USD,index,1406919.675895,56.119
2026-09-16T03:00:02+00:00,31,PUMP-USD,crypto,2641328.961126001,0.003694
2026-09-16T03:00:02+00:00,32,ZEC-USD,crypto,1122635.3435499996,1149.7
2026-09-16T03:00:02+00:00,33,XRP-USD,crypto,657416.4017999998,1.4157
2026-09-16T03:00:02+00:00,34,LIT-USD,crypto,266996.3204280002,4.3296
2026-09-16T03:00:02+00:00,35,KPEPE-USD,crypto,135668.37312499993,0.003461
2026-09-16T03:00:02+00:00,36,HOOD-USD,equity,1587314.0064299987,113.51
2026-09-16T03:00:02+00:00,37,MSTR-USD,equity,1587436.5058544436,133.53
2026-09-16T03:00:02+00:00,38,STRC-USD,equity,667841.1636960008,98.252
2026-09-16T03:00:02+00:00,39,CRCL-USD,equity,5353191.518148004,92.988
2026-09-16T03:00:02+00:00,40,COIN-USD,equity,1818401.605984999,186.54
2026-09-16T03:00:02+00:00,41,RKLB-USD,equity,848354.3949360002,62.718
2026-09-16T03:00:02+00:00,42,LITE-USD,equity,374033.75238900026,853.13
2026-09-16T03:00:02+00:00,43,NBIS-USD,equity,509663.05967900064,214.33
2026-09-16T03:00:02+00:00,44,ORCL-USD,equity,404897.5799960004,144.5
2026-09-16T03:00:02+00:00,45,PLTR-USD,equity,2016299.360532998,172.62
2026-09-16T03:00:02+00:00,46,BRENTOIL-USD,commodity,3493987.043190002,101.9
2026-09-16T03:00:02+00:00,47,BABA-USD,equity,525480.9541679999,110.13
2026-09-16T03:00:02+00:00,48,ZM-USD,equity,988460.375874001,95.01
2026-09-16T03:00:02+00:00,49,DELL-USD,equity,16137.865985000004,535.9
2026-09-16T03:00:02+00:00,50,CXMT-USD,equity,116647.05357099997,8.1668
2026-09-16T03:00:02+00:00,51,KIOXIA-USD,equity,25315.102142000014,334.63
2026-09-16T03:00:02+00:00,52,SAMSUNG-USD,equity,274231.0040009999,182.76
2026-09-16T03:00:02+00:00,53,CRWV-USD,equity,1925960.5148389987,83.49
2026-09-16T03:00:02+00:00,54,AAVE-USD,crypto,933909.3475339994,127.87
2026-09-16T03:00:02+00:00,55,UNI-USD,crypto,771188.3106009997,6.6002
2026-09-16T03:00:02+00:00,56,WLD-USD,crypto,104735.45956400014,0.38051
2026-09-16T03:00:02+00:00,57,NEAR-USD,crypto,3514557.438059995,2.4371
2026-09-16T03:00:02+00:00,58,KSHIB-USD,crypto,622059.9970649999,0.005174
2026-09-16T03:00:02+00:00,59,FARTCOIN-USD,crypto,793779.2179519992,0.14339
2026-09-16T03:00:02+00:00,60,DOGE-USD,crypto,1116908.6805129997,0.083528
2026-09-16T03:00:02+00:00,61,ENA-USD,crypto,1700713.0113179998,0.14268
2026-09-16T03:00:02+00:00,62,ONDO-USD,crypto,201675.89964099994,0.35249
2026-09-16T03:00:02+00:00,63,SUI-USD,crypto,2694065.0876450078,0.71938
2026-09-16T03:00:02+00:00,64,VVV-USD,crypto,2570216.243634002,22.244
2026-09-16T03:00:02+00:00,65,TAO-USD,crypto,1003260.7138529996,232.36
2026-09-16T03:00:02+00:00,66,ADA-USD,crypto,1475880.428505,0.20705
2026-09-16T03:00:02+00:00,67,ZRO-USD,crypto,1372806.7716930006,0.9776
2026-09-16T03:00:02+00:00,68,BNB-USD,crypto,403595.56478800025,721.18
2026-09-16T03:00:02+00:00,69,PONS-USD,crypto,1129478.3005059992,0.62795
2026-09-16T03:00:02+00:00,70,CASHCAT-USD,crypto,2219915.693921002,0.15579
2026-09-16T03:00:02+00:00,71,USELESS-USD,crypto,505924.1757989999,0.20037
2026-09-16T03:00:02+00:00,72,KAITO-USD,crypto,499633.6942080005,0.29564
2026-09-16T03:00:02+00:00,73,ARB-USD,crypto,1424929.543873001,0.13394
2026-09-16T03:00:02+00:00,74,LDO-USD,crypto,643867.9079570008,0.36418
2026-09-16T03:00:02+00:00,75,AVAX-USD,crypto,588953.4520309995,7.5395
2026-09-16T03:00:02+00:00,76,LTC-USD,crypto,270773.04224100016,52.883
2026-09-16T03:00:02+00:00,77,XPL-USD,crypto,212768.09981000016,0.083126
2026-09-16T03:00:02+00:00,78,XMR-USD,crypto,239536.85007699992,514.77
2026-09-16T03:00:02+00:00,79,LINK-USD,crypto,854042.0421319999,11.526
2026-09-16T03:00:02+00:00,80,VIRTUAL-USD,crypto,216461.25723299992,0.60897
2026-09-16T03:00:02+00:00,81,JUP-USD,crypto,1485666.3199620065,0.23955
2026-09-16T03:00:02+00:00,82,ETHFI-USD,crypto,672694.3627930001,0.62373
2026-09-16T03:00:02+00:00,83,PENDLE-USD,crypto,287708.40592900006,2.3997
2026-09-16T03:00:02+00:00,84,MORPHO-USD,crypto,184515.27921299997,2.1705
2026-09-16T03:15:02+00:00,1,SP500-USD,index,3465075.5930822273,7616.7
2026-09-16T03:15:02+00:00,2,GOLD-USD,commodity,2204795.695299,4312.1
2026-09-16T03:15:02+00:00,3,WTIOIL-USD,commodity,4436940.001470736,98.312
2026-09-16T03:15:02+00:00,4,NAS100-USD,index,2462340.4399600024,29141
2026-09-16T03:15:02+00:00,5,SILVER-USD,commodity,1223196.8212400004,63.397
2026-09-16T03:15:02+00:00,6,BTC-USD,crypto,7923592.78895999,77724
2026-09-16T03:15:02+00:00,7,ETH-USD,crypto,11451666.827209974,2497.1
2026-09-16T03:15:02+00:00,8,SOL-USD,crypto,1641146.1425569998,101.23
2026-09-16T03:15:02+00:00,9,SPCX-USD,equity,92865.84181200003,148.32
2026-09-16T03:15:02+00:00,10,HYPE-USD,crypto,6568086.5901270015,79.28
2026-09-16T03:15:02+00:00,11,MU-USD,equity,580262.0239700073,929.1
2026-09-16T03:15:02+00:00,13,SKHY-USD,equity,428891.2003809999,176.18
2026-09-16T03:15:02+00:00,14,SKHYNIX-USD,equity,1060451.6248999997,1262.3
2026-09-16T03:15:02+00:00,15,AAPL-USD,equity,712007.967573,331.4
2026-09-16T03:15:02+00:00,16,MSFT-USD,equity,2072227.5284890018,503.4
2026-09-16T03:15:02+00:00,17,GOOG-USD,equity,244880.38028999997,347.88
2026-09-16T03:15:02+00:00,18,AMZN-USD,equity,1402393.0073509985,253.68
2026-09-16T03:15:02+00:00,19,NVDA-USD,equity,1215265.1350039996,212.66
2026-09-16T03:15:02+00:00,20,META-USD,equity,1218475.9131530009,662.26
2026-09-16T03:15:02+00:00,21,TSLA-USD,equity,325236.31419200014,359.51
2026-09-16T03:15:02+00:00,22,AMD-USD,equity,1148924.8555540002,494.99
2026-09-16T03:15:02+00:00,23,INTC-USD,equity,3190097.8243749943,97.97
2026-09-16T03:15:02+00:00,24,AVGO-USD,equity,40230.73218900001,346.05
2026-09-16T03:15:02+00:00,25,QCOM-USD,equity,245794.75920199984,180.25
2026-09-16T03:15:02+00:00,26,ARM-USD,equity,2175239.0960169975,240.37
2026-09-16T03:15:02+00:00,27,TSM-USD,equity,422871.73291900026,419.42
2026-09-16T03:15:02+00:00,28,ASML-USD,equity,222024.41526699995,1583.9
2026-09-16T03:15:02+00:00,29,SNDK-USD,equity,734773.4429119993,1559.9
2026-09-16T03:15:02+00:00,30,DRAM-USD,index,1406919.675895,56.119
2026-09-16T03:15:02+00:00,31,PUMP-USD,crypto,2546006.263345003,0.003655
2026-09-16T03:15:02+00:00,32,ZEC-USD,crypto,1046059.1735200005,1142.1
2026-09-16T03:15:02+00:00,33,XRP-USD,crypto,652882.4179,1.4143
2026-09-16T03:15:02+00:00,34,LIT-USD,crypto,243244.84107400005,4.3122
2026-09-16T03:15:02+00:00,35,KPEPE-USD,crypto,134423.9092109999,0.003453
2026-09-16T03:15:02+00:00,36,HOOD-USD,equity,1588096.7627599987,113.15
2026-09-16T03:15:02+00:00,37,MSTR-USD,equity,1589875.8915444436,133.35
2026-09-16T03:15:02+00:00,38,STRC-USD,equity,667841.1636960008,98.252
2026-09-16T03:15:02+00:00,39,CRCL-USD,equity,5389866.614450003,92.988
2026-09-16T03:15:02+00:00,40,COIN-USD,equity,1815556.125006999,185.68
2026-09-16T03:15:02+00:00,41,RKLB-USD,equity,855987.0050100003,62.718
2026-09-16T03:15:02+00:00,42,LITE-USD,equity,373236.5850490003,852.67
2026-09-16T03:15:02+00:00,43,NBIS-USD,equity,509651.8716530007,213.88
2026-09-16T03:15:02+00:00,44,ORCL-USD,equity,404875.0379960004,143.98
2026-09-16T03:15:02+00:00,45,PLTR-USD,equity,2015104.4223649981,172.39
2026-09-16T03:15:02+00:00,46,BRENTOIL-USD,commodity,3499050.8653200017,101.9
2026-09-16T03:15:02+00:00,47,BABA-USD,equity,525469.8530639999,110.01
2026-09-16T03:15:02+00:00,48,ZM-USD,equity,988490.526470001,95.01
2026-09-16T03:15:02+00:00,49,DELL-USD,equity,16137.865985000004,535.9
2026-09-16T03:15:02+00:00,50,CXMT-USD,equity,113994.11699299997,8.1299
2026-09-16T03:15:02+00:00,51,KIOXIA-USD,equity,25315.102142000014,334.63
2026-09-16T03:15:02+00:00,52,SAMSUNG-USD,equity,275225.7122009999,182.76
2026-09-16T03:15:02+00:00,53,CRWV-USD,equity,1925960.5148389987,83.49
2026-09-16T03:15:02+00:00,54,AAVE-USD,crypto,937158.9847329991,126.84
2026-09-16T03:15:02+00:00,55,UNI-USD,crypto,765311.11147,6.5068
2026-09-16T03:15:02+00:00,56,WLD-USD,crypto,100375.34493200012,0.37756
2026-09-16T03:15:02+00:00,57,NEAR-USD,crypto,3383471.675721998,2.4242
2026-09-16T03:15:02+00:00,58,KSHIB-USD,crypto,638006.3567390003,0.005174
2026-09-16T03:15:02+00:00,59,FARTCOIN-USD,crypto,791505.4253330001,0.1419
2026-09-16T03:15:02+00:00,60,DOGE-USD,crypto,1120962.0907349987,0.083501
2026-09-16T03:15:02+00:00,61,ENA-USD,crypto,1705961.1309139999,0.14138
2026-09-16T03:15:02+00:00,62,ONDO-USD,crypto,200521.80456899994,0.35117
2026-09-16T03:15:02+00:00,63,SUI-USD,crypto,2735328.06187101,0.71674
2026-09-16T03:15:02+00:00,64,VVV-USD,crypto,2599243.5037190015,22.082
2026-09-16T03:15:02+00:00,65,TAO-USD,crypto,1081118.785868999,231.21
2026-09-16T03:15:02+00:00,66,ADA-USD,crypto,1484816.0500339994,0.20553
2026-09-16T03:15:02+00:00,67,ZRO-USD,crypto,1315041.2748500006,0.9656
2026-09-16T03:15:02+00:00,68,BNB-USD,crypto,405235.0304440003,720.57
2026-09-16T03:15:02+00:00,69,PONS-USD,crypto,1122505.0741370001,0.61961
2026-09-16T03:15:02+00:00,70,CASHCAT-USD,crypto,2199662.3688720004,0.15295
2026-09-16T03:15:02+00:00,71,USELESS-USD,crypto,506441.9135419998,0.19778
2026-09-16T03:15:02+00:00,72,KAITO-USD,crypto,503294.01409700053,0.29454
2026-09-16T03:15:02+00:00,73,ARB-USD,crypto,1430687.4400660007,0.13276
2026-09-16T03:15:02+00:00,74,LDO-USD,crypto,640976.4644910007,0.36162
2026-09-16T03:15:02+00:00,75,AVAX-USD,crypto,591764.2527999994,7.5015
2026-09-16T03:15:02+00:00,76,LTC-USD,crypto,304851.3752970004,52.786
2026-09-16T03:15:02+00:00,77,XPL-USD,crypto,188628.83693099997,0.082538
2026-09-16T03:15:02+00:00,78,XMR-USD,crypto,239324.54673099992,516.07
2026-09-16T03:15:02+00:00,79,LINK-USD,crypto,850184.6217659998,11.457
2026-09-16T03:15:02+00:00,80,VIRTUAL-USD,crypto,219101.09568399994,0.60622
2026-09-16T03:15:02+00:00,81,JUP-USD,crypto,1486441.5926270068,0.2355
2026-09-16T03:15:02+00:00,82,ETHFI-USD,crypto,561436.2136499995,0.61675
2026-09-16T03:15:02+00:00,83,PENDLE-USD,crypto,280027.40242099995,2.3385
2026-09-16T03:15:02+00:00,84,MORPHO-USD,crypto,187197.43592699995,2.1641
2026-09-16T03:30:02+00:00,1,SP500-USD,index,3465075.5930822273,7616.7
2026-09-16T03:30:02+00:00,2,GOLD-USD,commodity,2211872.201566,4313.5
2026-09-16T03:30:02+00:00,3,WTIOIL-USD,commodity,4443520.083991736,98.259
2026-09-16T03:30:02+00:00,4,NAS100-USD,index,3060022.149870003,29141
2026-09-16T03:30:02+00:00,5,SILVER-USD,commodity,1293373.3483980005,63.397
2026-09-16T03:30:02+00:00,6,BTC-USD,crypto,7943504.8526999885,77774
2026-09-16T03:30:02+00:00,7,ETH-USD,crypto,11497200.296119975,2500.8
2026-09-16T03:30:02+00:00,8,SOL-USD,crypto,1664088.6049849999,101.52
2026-09-16T03:30:02+00:00,9,SPCX-USD,equity,92865.84181200003,148.32
2026-09-16T03:30:02+00:00,10,HYPE-USD,crypto,6625002.352087002,79.653
2026-09-16T03:30:02+00:00,11,MU-USD,equity,580262.3031050073,929.1
2026-09-16T03:30:02+00:00,13,SKHY-USD,equity,428902.3714209998,176.18
2026-09-16T03:30:02+00:00,14,SKHYNIX-USD,equity,1074693.0476,1262.3
2026-09-16T03:30:02+00:00,15,AAPL-USD,equity,712951.3834230001,331.4
2026-09-16T03:30:02+00:00,16,MSFT-USD,equity,2072227.5284890018,503.4
2026-09-16T03:30:02+00:00,17,GOOG-USD,equity,244880.38028999997,347.88
2026-09-16T03:30:02+00:00,18,AMZN-USD,equity,1395940.4495849984,252.35
2026-09-16T03:30:02+00:00,19,NVDA-USD,equity,1218264.9599299997,212.62
2026-09-16T03:30:02+00:00,20,META-USD,equity,1218775.823274001,662.26
2026-09-16T03:30:02+00:00,21,TSLA-USD,equity,325236.31419200014,359.51
2026-09-16T03:30:02+00:00,22,AMD-USD,equity,1148913.7182790001,494.48
2026-09-16T03:30:02+00:00,23,INTC-USD,equity,3195095.527964995,97.97
2026-09-16T03:30:02+00:00,24,AVGO-USD,equity,40230.73218900001,346.05
2026-09-16T03:30:02+00:00,25,QCOM-USD,equity,248055.76221899982,180.4
2026-09-16T03:30:02+00:00,26,ARM-USD,equity,2175239.0960169975,240.37
2026-09-16T03:30:02+00:00,27,TSM-USD,equity,422871.73291900026,419.42
2026-09-16T03:30:02+00:00,28,ASML-USD,equity,222024.41526699995,1583.9
2026-09-16T03:30:02+00:00,29,SNDK-USD,equity,736485.0925859994,1559.9
2026-09-16T03:30:02+00:00,30,DRAM-USD,index,1406930.7588020002,56.119
2026-09-16T03:30:02+00:00,31,PUMP-USD,crypto,2550618.6905790046,0.003641
2026-09-16T03:30:02+00:00,32,ZEC-USD,crypto,1024992.3090500005,1141.7
2026-09-16T03:30:02+00:00,33,XRP-USD,crypto,667625.2608999998,1.4143
2026-09-16T03:30:02+00:00,34,LIT-USD,crypto,235351.11939300003,4.3734
2026-09-16T03:30:02+00:00,35,KPEPE-USD,crypto,134343.7105229999,0.003454
2026-09-16T03:30:02+00:00,36,HOOD-USD,equity,1588107.6636499977,113.15
2026-09-16T03:30:02+00:00,37,MSTR-USD,equity,1595425.8085244438,133.35
2026-09-16T03:30:02+00:00,38,STRC-USD,equity,667841.1636960008,98.252
2026-09-16T03:30:02+00:00,39,CRCL-USD,equity,5389989.722994003,92.988
2026-09-16T03:30:02+00:00,40,COIN-USD,equity,1829934.9411569987,185.68
2026-09-16T03:30:02+00:00,41,RKLB-USD,equity,855987.0050100003,62.718
2026-09-16T03:30:02+00:00,42,LITE-USD,equity,373222.0896590003,851.13
2026-09-16T03:30:02+00:00,43,NBIS-USD,equity,509662.8284930007,213.88
2026-09-16T03:30:02+00:00,44,ORCL-USD,equity,404875.0379959999,143.98
2026-09-16T03:30:02+00:00,45,PLTR-USD,equity,2015104.4223649977,172.39
2026-09-16T03:30:02+00:00,46,BRENTOIL-USD,commodity,3500042.8599900003,101.85
2026-09-16T03:30:02+00:00,47,BABA-USD,equity,525458.764056,110.13
2026-09-16T03:30:02+00:00,48,ZM-USD,equity,988490.5264699996,95.01
2026-09-16T03:30:02+00:00,49,DELL-USD,equity,16137.865985000006,535.9
2026-09-16T03:30:02+00:00,50,CXMT-USD,equity,108224.02451399996,8.1369
2026-09-16T03:30:02+00:00,51,KIOXIA-USD,equity,25394.47404199996,334.63
2026-09-16T03:30:02+00:00,52,SAMSUNG-USD,equity,275225.7122009999,182.76
2026-09-16T03:30:02+00:00,53,CRWV-USD,equity,1925960.5148389987,83.49
2026-09-16T03:30:02+00:00,54,AAVE-USD,crypto,936778.0747329991,127.46
2026-09-16T03:30:02+00:00,55,UNI-USD,crypto,801237.1565909991,6.5234
2026-09-16T03:30:02+00:00,56,WLD-USD,crypto,99877.87494200014,0.37989
2026-09-16T03:30:02+00:00,57,NEAR-USD,crypto,3389443.4841049984,2.4319
2026-09-16T03:30:02+00:00,58,KSHIB-USD,crypto,650558.1908630005,0.005174
2026-09-16T03:30:02+00:00,59,FARTCOIN-USD,crypto,789148.9818510001,0.14231
2026-09-16T03:30:02+00:00,60,DOGE-USD,crypto,1158312.5118919986,0.083501
2026-09-16T03:30:02+00:00,61,ENA-USD,crypto,1718658.0329759999,0.14175
2026-09-16T03:30:02+00:00,62,ONDO-USD,crypto,202430.5067949999,0.35264
2026-09-16T03:30:02+00:00,63,SUI-USD,crypto,2757673.57490001,0.7167
2026-09-16T03:30:02+00:00,64,VVV-USD,crypto,2653322.0797290024,22.099
2026-09-16T03:30:02+00:00,65,TAO-USD,crypto,1099689.1854539993,231.74
2026-09-16T03:30:02+00:00,66,ADA-USD,crypto,1540021.5267619994,0.20578
2026-09-16T03:30:02+00:00,67,ZRO-USD,crypto,1313816.7352300007,0.9705
2026-09-16T03:30:02+00:00,68,BNB-USD,crypto,406990.91994300036,721.55
2026-09-16T03:30:02+00:00,69,PONS-USD,crypto,1120732.6255880008,0.6149
2026-09-16T03:30:02+00:00,70,CASHCAT-USD,crypto,2166106.6672689994,0.1533
2026-09-16T03:30:02+00:00,71,USELESS-USD,crypto,505717.94786500005,0.19969
2026-09-16T03:30:02+00:00,72,KAITO-USD,crypto,495383.3924860004,0.29544
2026-09-16T03:30:02+00:00,73,ARB-USD,crypto,1462533.4053050007,0.13363
2026-09-16T03:30:02+00:00,74,LDO-USD,crypto,640976.4541000008,0.36068
2026-09-16T03:30:02+00:00,75,AVAX-USD,crypto,599591.2364469995,7.5294
2026-09-16T03:30:02+00:00,76,LTC-USD,crypto,305897.71682600037,52.786
2026-09-16T03:30:02+00:00,77,XPL-USD,crypto,188428.24800999992,0.083078
2026-09-16T03:30:02+00:00,78,XMR-USD,crypto,239163.37323499995,513.92
2026-09-16T03:30:02+00:00,79,LINK-USD,crypto,850174.6198049998,11.534
2026-09-16T03:30:02+00:00,80,VIRTUAL-USD,crypto,221917.50356999994,0.60774
2026-09-16T03:30:02+00:00,81,JUP-USD,crypto,1483434.1835190072,0.2361
2026-09-16T03:30:02+00:00,82,ETHFI-USD,crypto,547049.1361179994,0.62262
2026-09-16T03:30:02+00:00,83,PENDLE-USD,crypto,283078.1742249999,2.327
2026-09-16T03:30:02+00:00,84,MORPHO-USD,crypto,189966.003563,2.1695
2026-09-16T03:45:01+00:00,1,SP500-USD,index,3458878.7574682273,7616.2
2026-09-16T03:45:01+00:00,2,GOLD-USD,commodity,2231036.1865770007,4310.2
2026-09-16T03:45:01+00:00,3,WTIOIL-USD,commodity,4444971.480257735,98.426
2026-09-16T03:45:01+00:00,4,NAS100-USD,index,3059956.291210003,29139
2026-09-16T03:45:01+00:00,5,SILVER-USD,commodity,1293396.1004460005,63.397
2026-09-16T03:45:01+00:00,6,BTC-USD,crypto,7962913.675519987,77761
2026-09-16T03:45:01+00:00,7,ETH-USD,crypto,11521363.887859978,2502.1
2026-09-16T03:45:01+00:00,8,SOL-USD,crypto,1684679.1063439995,101.54
2026-09-16T03:45:01+00:00,9,SPCX-USD,equity,92887.18766800003,148.32
2026-09-16T03:45:01+00:00,10,HYPE-USD,crypto,6837567.507051002,79.516
2026-09-16T03:45:01+00:00,11,MU-USD,equity,580273.3711760073,929.1
2026-09-16T03:45:01+00:00,13,SKHY-USD,equity,428902.3714209998,176.18
2026-09-16T03:45:01+00:00,14,SKHYNIX-USD,equity,1074693.0476,1262.3
2026-09-16T03:45:01+00:00,15,AAPL-USD,equity,713661.097255,331.4
2026-09-16T03:45:01+00:00,16,MSFT-USD,equity,2072227.5284890018,503.4
2026-09-16T03:45:01+00:00,17,GOOG-USD,equity,247018.37745,347.88
2026-09-16T03:45:01+00:00,18,AMZN-USD,equity,1395940.4495849984,252.35
2026-09-16T03:45:01+00:00,19,NVDA-USD,equity,1218164.9860059996,212.63
2026-09-16T03:45:01+00:00,20,META-USD,equity,1218775.823274001,662.26
2026-09-16T03:45:01+00:00,21,TSLA-USD,equity,325236.31419200014,359.51
2026-09-16T03:45:01+00:00,22,AMD-USD,equity,1148936.4459910002,494.48
2026-09-16T03:45:01+00:00,23,INTC-USD,equity,3195156.2738929945,97.87
2026-09-16T03:45:01+00:00,24,AVGO-USD,equity,40230.73218900001,346.05
2026-09-16T03:45:01+00:00,25,QCOM-USD,equity,246024.28316799985,180.35
2026-09-16T03:45:01+00:00,26,ARM-USD,equity,2175239.0960169975,240.37
2026-09-16T03:45:01+00:00,27,TSM-USD,equity,422871.73291900026,419.42
2026-09-16T03:45:01+00:00,28,ASML-USD,equity,222024.41526699995,1583.9
2026-09-16T03:45:01+00:00,29,SNDK-USD,equity,746062.5057179994,1559.9
2026-09-16T03:45:01+00:00,30,DRAM-USD,index,1406930.7588020002,56.119
2026-09-16T03:45:01+00:00,31,PUMP-USD,crypto,2525497.718549006,0.003657
2026-09-16T03:45:01+00:00,32,ZEC-USD,crypto,1024992.3090500005,1141.7
2026-09-16T03:45:01+00:00,33,XRP-USD,crypto,688291.8356999999,1.4143
2026-09-16T03:45:01+00:00,34,LIT-USD,crypto,235473.45877900004,4.3734
2026-09-16T03:45:01+00:00,35,KPEPE-USD,crypto,134105.78775099988,0.003453
2026-09-16T03:45:01+00:00,36,HOOD-USD,equity,1588107.6636499977,113.15
2026-09-16T03:45:01+00:00,37,MSTR-USD,equity,1595458.2232844438,133.35
2026-09-16T03:45:01+00:00,38,STRC-USD,equity,667861.2427220008,98.252
2026-09-16T03:45:01+00:00,39,CRCL-USD,equity,5387050.487535003,93.124
2026-09-16T03:45:01+00:00,40,COIN-USD,equity,1829934.9411569987,185.68
2026-09-16T03:45:01+00:00,41,RKLB-USD,equity,855976.0293600003,62.678
2026-09-16T03:45:01+00:00,42,LITE-USD,equity,373222.0896590003,851.13
2026-09-16T03:45:01+00:00,43,NBIS-USD,equity,509673.77432900073,213.88
2026-09-16T03:45:01+00:00,44,ORCL-USD,equity,405007.0152160004,143.98
2026-09-16T03:45:01+00:00,45,PLTR-USD,equity,2013994.2697649985,172.39
2026-09-16T03:45:01+00:00,46,BRENTOIL-USD,commodity,3348168.368240001,101.95
2026-09-16T03:45:01+00:00,47,BABA-USD,equity,525458.7640559999,110.13
2026-09-16T03:45:01+00:00,48,ZM-USD,equity,988490.526470001,95.01
2026-09-16T03:45:01+00:00,49,DELL-USD,equity,16137.865985000004,535.9
2026-09-16T03:45:01+00:00,50,CXMT-USD,equity,104344.861012,8.1382
2026-09-16T03:45:01+00:00,51,KIOXIA-USD,equity,25332.289082000014,333.32
2026-09-16T03:45:01+00:00,52,SAMSUNG-USD,equity,275225.7122009999,182.76
2026-09-16T03:45:01+00:00,53,CRWV-USD,equity,1925960.5148389987,83.49
2026-09-16T03:45:01+00:00,54,AAVE-USD,crypto,942595.2964769993,127.42
2026-09-16T03:45:01+00:00,55,UNI-USD,crypto,831670.9455729987,6.5684
2026-09-16T03:45:01+00:00,56,WLD-USD,crypto,98406.71438700019,0.37933
2026-09-16T03:45:01+00:00,57,NEAR-USD,crypto,3424422.060929998,2.4272
2026-09-16T03:45:01+00:00,58,KSHIB-USD,crypto,650558.1908630005,0.005174
2026-09-16T03:45:01+00:00,59,FARTCOIN-USD,crypto,788383.1181000002,0.1428
2026-09-16T03:45:01+00:00,60,DOGE-USD,crypto,1161904.4023419989,0.083329
2026-09-16T03:45:01+00:00,61,ENA-USD,crypto,1735691.9126979995,0.14241
2026-09-16T03:45:01+00:00,62,ONDO-USD,crypto,202542.1625409999,0.35274
2026-09-16T03:45:01+00:00,63,SUI-USD,crypto,2805761.36624301,0.7167
2026-09-16T03:45:01+00:00,64,VVV-USD,crypto,2685323.8277910026,22.21
2026-09-16T03:45:01+00:00,65,TAO-USD,crypto,1130204.6436819995,231.74
2026-09-16T03:45:01+00:00,66,ADA-USD,crypto,1567660.9211939992,0.20547
2026-09-16T03:45:01+00:00,67,ZRO-USD,crypto,1318786.3312160012,0.9724
2026-09-16T03:45:01+00:00,68,BNB-USD,crypto,406779.8277540004,720.2
2026-09-16T03:45:01+00:00,69,PONS-USD,crypto,1127758.4472010005,0.62216
2026-09-16T03:45:01+00:00,70,CASHCAT-USD,crypto,2191399.0882630004,0.15344
2026-09-16T03:45:01+00:00,71,USELESS-USD,crypto,509945.30594400025,0.19997
2026-09-16T03:45:01+00:00,72,KAITO-USD,crypto,495433.4849800004,0.29564
2026-09-16T03:45:01+00:00,73,ARB-USD,crypto,1486937.6931509995,0.13352
2026-09-16T03:45:01+00:00,74,LDO-USD,crypto,649021.5739760009,0.36068
2026-09-16T03:45:01+00:00,75,AVAX-USD,crypto,604703.0636189996,7.5432
2026-09-16T03:45:01+00:00,76,LTC-USD,crypto,305907.74007000035,52.786
2026-09-16T03:45:01+00:00,77,XPL-USD,crypto,189442.88095699993,0.082517
2026-09-16T03:45:01+00:00,78,XMR-USD,crypto,239163.37323499995,513.92
2026-09-16T03:45:01+00:00,79,LINK-USD,crypto,850174.6198049998,11.534
2026-09-16T03:45:01+00:00,80,VIRTUAL-USD,crypto,222830.61572299994,0.60934
2026-09-16T03:45:01+00:00,81,JUP-USD,crypto,1486388.839125007,0.237
2026-09-16T03:45:01+00:00,82,ETHFI-USD,crypto,549654.2112109994,0.62785
2026-09-16T03:45:01+00:00,83,PENDLE-USD,crypto,284580.65593799984,2.3203
2026-09-16T03:45:01+00:00,84,MORPHO-USD,crypto,191418.53192900002,2.1763
2026-09-16T04:00:02+00:00,1,SP500-USD,index,3414274.021872229,7609.8
2026-09-16T04:00:02+00:00,2,GOLD-USD,commodity,2237589.774625001,4307
2026-09-16T04:00:02+00:00,3,WTIOIL-USD,commodity,4423478.912058736,98.387
2026-09-16T04:00:02+00:00,4,NAS100-USD,index,3020018.406360003,29115
2026-09-16T04:00:02+00:00,5,SILVER-USD,commodity,1293360.4873950004,63.376
2026-09-16T04:00:02+00:00,6,BTC-USD,crypto,7989441.724079989,77646.0
2026-09-16T04:00:02+00:00,7,ETH-USD,crypto,11498576.036299977,2497.8
2026-09-16T04:00:02+00:00,8,SOL-USD,crypto,1683823.8311959999,101.56
2026-09-16T04:00:02+00:00,9,SPCX-USD,equity,92887.18766800003,148.32
2026-09-16T04:00:02+00:00,10,HYPE-USD,crypto,6822132.332127002,79.534
2026-09-16T04:00:02+00:00,11,MU-USD,equity,580273.3711760073,929.1
2026-09-16T04:00:02+00:00,13,SKHY-USD,equity,428902.3714209999,176.18
2026-09-16T04:00:02+00:00,14,SKHYNIX-USD,equity,1075269.63588,1262.3
2026-09-16T04:00:02+00:00,15,AAPL-USD,equity,713661.097255,331.4
2026-09-16T04:00:02+00:00,16,MSFT-USD,equity,2032375.1943390018,502.59
2026-09-16T04:00:02+00:00,17,GOOG-USD,equity,226944.88930399992,347.89
2026-09-16T04:00:02+00:00,18,AMZN-USD,equity,1395940.4495849984,252.35
2026-09-16T04:00:02+00:00,19,NVDA-USD,equity,1218203.5661559992,212.63
2026-09-16T04:00:02+00:00,20,META-USD,equity,1218775.823274001,662.26
2026-09-16T04:00:02+00:00,21,TSLA-USD,equity,325236.31419200014,359.51
2026-09-16T04:00:02+00:00,22,AMD-USD,equity,1148903.1027910002,493.47
2026-09-16T04:00:02+00:00,23,INTC-USD,equity,3195134.5578529947,97.67
2026-09-16T04:00:02+00:00,24,AVGO-USD,equity,40219.658589000006,345.72
2026-09-16T04:00:02+00:00,25,QCOM-USD,equity,245319.4321309999,179.29
2026-09-16T04:00:02+00:00,26,ARM-USD,equity,2175239.0960169975,240.37
2026-09-16T04:00:02+00:00,27,TSM-USD,equity,422871.73291900026,419.42
2026-09-16T04:00:02+00:00,28,ASML-USD,equity,222024.41526699995,1583.9
2026-09-16T04:00:02+00:00,29,SNDK-USD,equity,747173.2309529994,1559.9
2026-09-16T04:00:02+00:00,30,DRAM-USD,index,1406874.6398020003,55.644
2026-09-16T04:00:02+00:00,31,PUMP-USD,crypto,2522958.705316007,0.00365
2026-09-16T04:00:02+00:00,32,ZEC-USD,crypto,992446.7194500003,1145.5
2026-09-16T04:00:02+00:00,33,XRP-USD,crypto,688291.8356999999,1.4143
2026-09-16T04:00:02+00:00,34,LIT-USD,crypto,232032.0549780001,4.391
2026-09-16T04:00:02+00:00,35,KPEPE-USD,crypto,135875.3045069999,0.00346
2026-09-16T04:00:02+00:00,36,HOOD-USD,equity,1588107.5652299977,113.00
2026-09-16T04:00:02+00:00,37,MSTR-USD,equity,1590520.3459644439,132.73
2026-09-16T04:00:02+00:00,38,STRC-USD,equity,667872.145138001,98.252
2026-09-16T04:00:02+00:00,39,CRCL-USD,equity,5387050.487535003,93.124
2026-09-16T04:00:02+00:00,40,COIN-USD,equity,1828005.860028999,185.68
2026-09-16T04:00:02+00:00,41,RKLB-USD,equity,856668.3011360003,62.616
2026-09-16T04:00:02+00:00,42,LITE-USD,equity,373099.10137400025,844.66
2026-09-16T04:00:02+00:00,43,NBIS-USD,equity,509640.3381410007,213.22
2026-09-16T04:00:02+00:00,44,ORCL-USD,equity,405007.0152160004,143.98
2026-09-16T04:00:02+00:00,45,PLTR-USD,equity,2013983.033196998,172.32
2026-09-16T04:00:02+00:00,46,BRENTOIL-USD,commodity,3328184.817410001,102
2026-09-16T04:00:02+00:00,47,BABA-USD,equity,525458.7640559999,110.13
2026-09-16T04:00:02+00:00,48,ZM-USD,equity,988490.526470001,95.01
2026-09-16T04:00:02+00:00,49,DELL-USD,equity,15625.652085000007,531.99
2026-09-16T04:00:02+00:00,50,CXMT-USD,equity,99738.56970399998,8.1329
2026-09-16T04:00:02+00:00,51,KIOXIA-USD,equity,25369.084039000012,333.72
2026-09-16T04:00:02+00:00,52,SAMSUNG-USD,equity,275225.7122009999,182.76
2026-09-16T04:00:02+00:00,53,CRWV-USD,equity,1925606.0162989986,83.16
2026-09-16T04:00:02+00:00,54,AAVE-USD,crypto,940766.8475389993,126.94
2026-09-16T04:00:02+00:00,55,UNI-USD,crypto,875145.4142329999,6.5516
2026-09-16T04:00:02+00:00,56,WLD-USD,crypto,95141.43456500012,0.37824
2026-09-16T04:00:02+00:00,57,NEAR-USD,crypto,3410395.749583997,2.4209
2026-09-16T04:00:02+00:00,58,KSHIB-USD,crypto,650558.1908630005,0.005174
2026-09-16T04:00:02+00:00,59,FARTCOIN-USD,crypto,784091.4536030005,0.14251
2026-09-16T04:00:02+00:00,60,DOGE-USD,crypto,1164583.0055579988,0.083293
2026-09-16T04:00:02+00:00,61,ENA-USD,crypto,1735924.316436,0.14200
2026-09-16T04:00:02+00:00,62,ONDO-USD,crypto,203143.0769579999,0.35234
2026-09-16T04:00:02+00:00,63,SUI-USD,crypto,2832018.590963009,0.7173
2026-09-16T04:00:02+00:00,64,VVV-USD,crypto,2665252.021012003,22.105
2026-09-16T04:00:02+00:00,65,TAO-USD,crypto,1119569.3016639997,230.86
2026-09-16T04:00:02+00:00,66,ADA-USD,crypto,1559482.231318999,0.2051
2026-09-16T04:00:02+00:00,67,ZRO-USD,crypto,1313914.652605001,0.969
2026-09-16T04:00:02+00:00,68,BNB-USD,crypto,406779.8277540004,720.2
2026-09-16T04:00:02+00:00,69,PONS-USD,crypto,1128562.6085859984,0.61397
2026-09-16T04:00:02+00:00,70,CASHCAT-USD,crypto,2162689.4925790015,0.15074
2026-09-16T04:00:02+00:00,71,USELESS-USD,crypto,509525.1754120002,0.19831
2026-09-16T04:00:02+00:00,72,KAITO-USD,crypto,495481.8284860005,0.29524
2026-09-16T04:00:02+00:00,73,ARB-USD,crypto,1487277.3000569993,0.13297
2026-09-16T04:00:02+00:00,74,LDO-USD,crypto,647206.759650001,0.35958
2026-09-16T04:00:02+00:00,75,AVAX-USD,crypto,605313.4454339996,7.5284
2026-09-16T04:00:02+00:00,76,LTC-USD,crypto,305907.74007000035,52.786
2026-09-16T04:00:02+00:00,77,XPL-USD,crypto,189573.1953109999,0.082517
2026-09-16T04:00:02+00:00,78,XMR-USD,crypto,238979.73262699996,514.46
2026-09-16T04:00:02+00:00,79,LINK-USD,crypto,850154.5974129998,11.488
2026-09-16T04:00:02+00:00,80,VIRTUAL-USD,crypto,221843.66908199995,0.60814
2026-09-16T04:00:02+00:00,81,JUP-USD,crypto,1290656.0500150074,0.2366
2026-09-16T04:00:02+00:00,82,ETHFI-USD,crypto,549134.8439039994,0.61955
2026-09-16T04:00:02+00:00,83,PENDLE-USD,crypto,282392.9348469998,2.3156
2026-09-16T04:00:02+00:00,84,MORPHO-USD,crypto,191388.49484900004,2.173
2026-09-16T04:15:01+00:00,1,SP500-USD,index,3359879.972234231,7602.6
2026-09-16T04:15:01+00:00,2,GOLD-USD,commodity,2235730.4294940005,4308.4
2026-09-16T04:15:01+00:00,3,WTIOIL-USD,commodity,4401407.798981733,98.466
2026-09-16T04:15:01+00:00,4,NAS100-USD,index,2980020.1097400025,29017
2026-09-16T04:15:01+00:00,5,SILVER-USD,commodity,1293349.4599710004,63.196
2026-09-16T04:15:01+00:00,6,BTC-USD,crypto,7975443.383699996,77635
2026-09-16T04:15:01+00:00,7,ETH-USD,crypto,11430779.465429978,2498.1
2026-09-16T04:15:01+00:00,8,SOL-USD,crypto,1668066.4256399996,101.43
2026-09-16T04:15:01+00:00,9,SPCX-USD,equity,92887.18766800003,148.32
2026-09-16T04:15:01+00:00,10,HYPE-USD,crypto,6789088.474126001,79.454
2026-09-16T04:15:01+00:00,11,MU-USD,equity,580273.3711760073,929.1
2026-09-16T04:15:01+00:00,13,SKHY-USD,equity,428902.3714209999,176.18
2026-09-16T04:15:01+00:00,14,SKHYNIX-USD,equity,1040477.0753699997,1254.1
2026-09-16T04:15:01+00:00,15,AAPL-USD,equity,715133.1587680001,331.4
2026-09-16T04:15:01+00:00,16,MSFT-USD,equity,2012805.7891410016,502.12
2026-09-16T04:15:01+00:00,17,GOOG-USD,equity,196143.46336899998,347.83
2026-09-16T04:15:01+00:00,18,AMZN-USD,equity,1395940.4495849984,252.35
2026-09-16T04:15:01+00:00,19,NVDA-USD,equity,1219040.3727639995,212.63
2026-09-16T04:15:01+00:00,20,META-USD,equity,1218775.823274001,662.26
2026-09-16T04:15:01+00:00,21,TSLA-USD,equity,323541.0088360001,359.6
2026-09-16T04:15:01+00:00,22,AMD-USD,equity,1148903.1027910002,492.97
2026-09-16T04:15:01+00:00,23,INTC-USD,equity,3170288.683071994,97.71
2026-09-16T04:15:01+00:00,24,AVGO-USD,equity,40219.658589000006,345.72
2026-09-16T04:15:01+00:00,25,QCOM-USD,equity,247891.68076099988,179.29
2026-09-16T04:15:01+00:00,26,ARM-USD,equity,2175239.0960169975,240.37
2026-09-16T04:15:01+00:00,27,TSM-USD,equity,422871.73291900026,419.42
2026-09-16T04:15:01+00:00,28,ASML-USD,equity,222024.41526699995,1583.9
2026-09-16T04:15:01+00:00,29,SNDK-USD,equity,747173.2309529994,1559.9
2026-09-16T04:15:01+00:00,30,DRAM-USD,index,1406874.6398020003,55.644
2026-09-16T04:15:01+00:00,31,PUMP-USD,crypto,2468498.4871140067,0.003656
2026-09-16T04:15:01+00:00,32,ZEC-USD,crypto,993628.5309000002,1150.1
2026-09-16T04:15:01+00:00,33,XRP-USD,crypto,688365.6364999999,1.4137
2026-09-16T04:15:01+00:00,34,LIT-USD,crypto,193172.96868100011,4.3801
2026-09-16T04:15:01+00:00,35,KPEPE-USD,crypto,129628.78856899984,0.003451
2026-09-16T04:15:01+00:00,36,HOOD-USD,equity,1588118.4304799978,113.00
2026-09-16T04:15:01+00:00,37,MSTR-USD,equity,1575843.344524443,132.37
2026-09-16T04:15:01+00:00,38,STRC-USD,equity,667872.145138001,98.252
2026-09-16T04:15:01+00:00,39,CRCL-USD,equity,5387130.410053003,93.124
2026-09-16T04:15:01+00:00,40,COIN-USD,equity,1820150.4198039991,185.79
2026-09-16T04:15:01+00:00,41,RKLB-USD,equity,856918.9057920002,62.513
2026-09-16T04:15:01+00:00,42,LITE-USD,equity,373099.10137400025,844.66
2026-09-16T04:15:01+00:00,43,NBIS-USD,equity,509640.3381410007,212.78
2026-09-16T04:15:01+00:00,44,ORCL-USD,equity,405306.1561420004,143.98
2026-09-16T04:15:01+00:00,45,PLTR-USD,equity,2014059.5808129983,172.32
2026-09-16T04:15:01+00:00,46,BRENTOIL-USD,commodity,3307300.455980001,101.98
2026-09-16T04:15:01+00:00,47,BABA-USD,equity,525458.7640559999,110.13
2026-09-16T04:15:01+00:00,48,ZM-USD,equity,988490.526470001,95.01
2026-09-16T04:15:01+00:00,49,DELL-USD,equity,15982.196555000008,531.99
2026-09-16T04:15:01+00:00,50,CXMT-USD,equity,95733.90824999996,8.1285
2026-09-16T04:15:01+00:00,51,KIOXIA-USD,equity,25117.703329000014,332.62
2026-09-16T04:15:01+00:00,52,SAMSUNG-USD,equity,275225.7122009999,182.76
2026-09-16T04:15:01+00:00,53,CRWV-USD,equity,1924502.0682889987,83.27
2026-09-16T04:15:01+00:00,54,AAVE-USD,crypto,926623.1840749995,127.33
2026-09-16T04:15:01+00:00,55,UNI-USD,crypto,865293.486899,6.6284
2026-09-16T04:15:01+00:00,56,WLD-USD,crypto,92144.96988400011,0.37937
2026-09-16T04:15:01+00:00,57,NEAR-USD,crypto,3461325.3354599946,2.4233
2026-09-16T04:15:01+00:00,58,KSHIB-USD,crypto,669031.7268230007,0.005174
2026-09-16T04:15:01+00:00,59,FARTCOIN-USD,crypto,751729.1861960009,0.1426
2026-09-16T04:15:01+00:00,60,DOGE-USD,crypto,1143045.0578909991,0.083178
2026-09-16T04:15:01+00:00,61,ENA-USD,crypto,1713724.3682670002,0.14202
2026-09-16T04:15:01+00:00,62,ONDO-USD,crypto,203121.1031099999,0.35235
2026-09-16T04:15:01+00:00,63,SUI-USD,crypto,2833891.8231180087,0.71426
2026-09-16T04:15:01+00:00,64,VVV-USD,crypto,2639266.740062002,22.126
2026-09-16T04:15:01+00:00,65,TAO-USD,crypto,1114384.3541689997,231.19
2026-09-16T04:15:01+00:00,66,ADA-USD,crypto,1475842.693175999,0.20527
2026-09-16T04:15:01+00:00,67,ZRO-USD,crypto,1293155.623827001,0.9673
2026-09-16T04:15:01+00:00,68,BNB-USD,crypto,406779.8277540004,720.2
2026-09-16T04:15:01+00:00,69,PONS-USD,crypto,1125580.2756859988,0.62066
2026-09-16T04:15:01+00:00,70,CASHCAT-USD,crypto,2152590.550570001,0.15294
2026-09-16T04:15:01+00:00,71,USELESS-USD,crypto,513441.22057300026,0.19988
2026-09-16T04:15:01+00:00,72,KAITO-USD,crypto,491474.36581500026,0.29554
2026-09-16T04:15:01+00:00,73,ARB-USD,crypto,1489901.0664619992,0.13321
2026-09-16T04:15:01+00:00,74,LDO-USD,crypto,647206.761912001,0.36031
2026-09-16T04:15:01+00:00,75,AVAX-USD,crypto,600411.1686889993,7.5134
2026-09-16T04:15:01+00:00,76,LTC-USD,crypto,306507.9792250003,52.686
2026-09-16T04:15:01+00:00,77,XPL-USD,crypto,188133.36407799993,0.082679
2026-09-16T04:15:01+00:00,78,XMR-USD,crypto,239049.94131799994,515.32
2026-09-16T04:15:01+00:00,79,LINK-USD,crypto,845990.7920910001,11.483
2026-09-16T04:15:01+00:00,80,VIRTUAL-USD,crypto,221397.85748999997,0.60634
2026-09-16T04:15:01+00:00,81,JUP-USD,crypto,1218556.1272920056,0.2357
2026-09-16T04:15:01+00:00,82,ETHFI-USD,crypto,551857.7631399995,0.62026
2026-09-16T04:15:01+00:00,83,PENDLE-USD,crypto,280435.0170949998,2.3152
2026-09-16T04:15:01+00:00,84,MORPHO-USD,crypto,189339.58996699998,2.1739
2026-09-16T04:30:01+00:00,1,SP500-USD,index,3362388.0712342313,7602.6
2026-09-16T04:30:01+00:00,2,GOLD-USD,commodity,2229716.3428460006,4304.5
2026-09-16T04:30:01+00:00,3,WTIOIL-USD,commodity,4395902.736578734,98.647
2026-09-16T04:30:01+00:00,4,NAS100-USD,index,2980020.1097400025,29017
2026-09-16T04:30:01+00:00,5,SILVER-USD,commodity,1293460.5090900005,63.196
2026-09-16T04:30:01+00:00,6,BTC-USD,crypto,8014045.853019997,77602
2026-09-16T04:30:01+00:00,7,ETH-USD,crypto,11458932.816829976,2492.8
2026-09-16T04:30:01+00:00,8,SOL-USD,crypto,1694502.267728999,101.2
2026-09-16T04:30:01+00:00,9,SPCX-USD,equity,92887.18766800003,148.32
2026-09-16T04:30:01+00:00,10,HYPE-USD,crypto,6807675.936859001,79.311
2026-09-16T04:30:01+00:00,11,MU-USD,equity,580284.4682830073,929.1
2026-09-16T04:30:01+00:00,13,SKHY-USD,equity,428902.3714209999,176.18
2026-09-16T04:30:01+00:00,14,SKHYNIX-USD,equity,1039263.5222799998,1253.8
2026-09-16T04:30:01+00:00,15,AAPL-USD,equity,712647.758188,330.98
2026-09-16T04:30:01+00:00,16,MSFT-USD,equity,1993233.9549330014,500.62
2026-09-16T04:30:01+00:00,17,GOOG-USD,equity,194430.72264,346.43
2026-09-16T04:30:01+00:00,18,AMZN-USD,equity,1395940.4495849984,252.35
2026-09-16T04:30:01+00:00,19,NVDA-USD,equity,1218729.3319879996,212
2026-09-16T04:30:01+00:00,20,META-USD,equity,1218775.823274001,662.26
2026-09-16T04:30:01+00:00,21,TSLA-USD,equity,323541.0088360001,359.6
2026-09-16T04:30:01+00:00,22,AMD-USD,equity,1148880.9303910004,491.97
2026-09-16T04:30:01+00:00,23,INTC-USD,equity,3170110.6181199946,97.51
2026-09-16T04:30:01+00:00,24,AVGO-USD,equity,36710.155175999986,345.35
2026-09-16T04:30:01+00:00,25,QCOM-USD,equity,250088.92585899986,179.29
2026-09-16T04:30:01+00:00,26,ARM-USD,equity,2175239.0960169975,240.37
2026-09-16T04:30:01+00:00,27,TSM-USD,equity,422871.73291900026,419.42
2026-09-16T04:30:01+00:00,28,ASML-USD,equity,222024.41526699995,1583.9
2026-09-16T04:30:01+00:00,29,SNDK-USD,equity,747550.4190349996,1559.9
2026-09-16T04:30:01+00:00,30,DRAM-USD,index,1406908.2645500002,55.644
2026-09-16T04:30:01+00:00,31,PUMP-USD,crypto,2491283.9921510066,0.003651
2026-09-16T04:30:01+00:00,32,ZEC-USD,crypto,993396.5512500003,1145
2026-09-16T04:30:01+00:00,33,XRP-USD,crypto,728097.9775,1.4101
2026-09-16T04:30:01+00:00,34,LIT-USD,crypto,178151.32907800016,4.3501
2026-09-16T04:30:01+00:00,35,KPEPE-USD,crypto,131270.18701699984,0.003439
2026-09-16T04:30:01+00:00,36,HOOD-USD,equity,1581877.6235199976,112.65
2026-09-16T04:30:01+00:00,37,MSTR-USD,equity,1572312.881504443,132.54
2026-09-16T04:30:01+00:00,38,STRC-USD,equity,667872.1451380008,98.252
2026-09-16T04:30:01+00:00,39,CRCL-USD,equity,5374558.822731001,93.05
2026-09-16T04:30:01+00:00,40,COIN-USD,equity,1817331.296577999,184.7
2026-09-16T04:30:01+00:00,41,RKLB-USD,equity,864908.3879610003,62.357
2026-09-16T04:30:01+00:00,42,LITE-USD,equity,373099.10137400025,844.66
2026-09-16T04:30:01+00:00,43,NBIS-USD,equity,511903.3543060007,212.34
2026-09-16T04:30:01+00:00,44,ORCL-USD,equity,405284.2825820004,143.89
2026-09-16T04:30:01+00:00,45,PLTR-USD,equity,2010901.8986709982,171.63
2026-09-16T04:30:01+00:00,46,BRENTOIL-USD,commodity,3307289.120660001,102.23
2026-09-16T04:30:01+00:00,47,BABA-USD,equity,525458.7640559999,110.13
2026-09-16T04:30:01+00:00,48,ZM-USD,equity,978368.717324001,95.04
2026-09-16T04:30:01+00:00,49,DELL-USD,equity,15982.196555000008,531.99
2026-09-16T04:30:01+00:00,50,CXMT-USD,equity,94118.28211799996,8.1093
2026-09-16T04:30:01+00:00,51,KIOXIA-USD,equity,25050.463352000013,329.90
2026-09-16T04:30:01+00:00,52,SAMSUNG-USD,equity,275225.7122009999,182.76
2026-09-16T04:30:01+00:00,53,CRWV-USD,equity,1924065.6830889988,83.041
2026-09-16T04:30:01+00:00,54,AAVE-USD,crypto,929625.8533369995,127.36
2026-09-16T04:30:01+00:00,55,UNI-USD,crypto,888404.7045999999,6.5636
2026-09-16T04:30:01+00:00,56,WLD-USD,crypto,91935.71795700007,0.37800
2026-09-16T04:30:01+00:00,57,NEAR-USD,crypto,3473709.7718489943,2.4306
2026-09-16T04:30:01+00:00,58,KSHIB-USD,crypto,672714.3195600008,0.005174
2026-09-16T04:30:01+00:00,59,FARTCOIN-USD,crypto,743069.3473300008,0.14258
2026-09-16T04:30:01+00:00,60,DOGE-USD,crypto,1151167.103075999,0.083097
2026-09-16T04:30:01+00:00,61,ENA-USD,crypto,1686936.5942529999,0.14167
2026-09-16T04:30:01+00:00,62,ONDO-USD,crypto,203121.1031099999,0.35235
2026-09-16T04:30:01+00:00,63,SUI-USD,crypto,2847804.1267920057,0.71319
2026-09-16T04:30:01+00:00,64,VVV-USD,crypto,2639121.919430001,22.065
2026-09-16T04:30:01+00:00,65,TAO-USD,crypto,1118106.5434059994,231.17
2026-09-16T04:30:01+00:00,66,ADA-USD,crypto,1502339.4822719984,0.20450
2026-09-16T04:30:01+00:00,67,ZRO-USD,crypto,1296610.776956001,0.9663
2026-09-16T04:30:01+00:00,68,BNB-USD,crypto,406768.7366740004,719.46
2026-09-16T04:30:01+00:00,69,PONS-USD,crypto,1133917.528814998,0.623
2026-09-16T04:30:01+00:00,70,CASHCAT-USD,crypto,2155628.7161500007,0.154
2026-09-16T04:30:01+00:00,71,USELESS-USD,crypto,513317.5938630002,0.19882
2026-09-16T04:30:01+00:00,72,KAITO-USD,crypto,490597.18656800024,0.29594
2026-09-16T04:30:01+00:00,73,ARB-USD,crypto,1514385.611303999,0.13245
2026-09-16T04:30:01+00:00,74,LDO-USD,crypto,649363.2829750009,0.35852
2026-09-16T04:30:01+00:00,75,AVAX-USD,crypto,608970.1838799991,7.5078
2026-09-16T04:30:01+00:00,76,LTC-USD,crypto,306538.07972900034,52.686
2026-09-16T04:30:01+00:00,77,XPL-USD,crypto,188231.67716,0.082509
2026-09-16T04:30:01+00:00,78,XMR-USD,crypto,239080.07572999992,515.32
2026-09-16T04:30:01+00:00,79,LINK-USD,crypto,845321.4511,11.437
2026-09-16T04:30:01+00:00,80,VIRTUAL-USD,crypto,222461.89965299994,0.60634
2026-09-16T04:30:01+00:00,81,JUP-USD,crypto,1214012.2473710051,0.2358
2026-09-16T04:30:01+00:00,82,ETHFI-USD,crypto,551871.5149719996,0.61955
2026-09-16T04:30:01+00:00,83,PENDLE-USD,crypto,281998.11305299983,2.3214
2026-09-16T04:30:01+00:00,84,MORPHO-USD,crypto,190131.28852499998,2.1727
2026-09-16T04:45:01+00:00,1,SP500-USD,index,3364533.329283231,7604.1
2026-09-16T04:45:01+00:00,2,GOLD-USD,commodity,2234345.327969,4306.8
2026-09-16T04:45:01+00:00,3,WTIOIL-USD,commodity,4383149.757750807,98.752
2026-09-16T04:45:01+00:00,4,NAS100-USD,index,2980020.1097400025,29017
2026-09-16T04:45:01+00:00,5,SILVER-USD,commodity,1293460.5090900005,63.196
2026-09-16T04:45:01+00:00,6,BTC-USD,crypto,8030352.138249997,77574
2026-09-16T04:45:01+00:00,7,ETH-USD,crypto,11588739.435459979,2492.7
2026-09-16T04:45:01+00:00,8,SOL-USD,crypto,1728148.6834999996,101.23
2026-09-16T04:45:01+00:00,9,SPCX-USD,equity,92897.87246800003,148.32
2026-09-16T04:45:01+00:00,10,HYPE-USD,crypto,6957530.813587002,79.402
2026-09-16T04:45:01+00:00,11,MU-USD,equity,580284.4682830074,929.1
2026-09-16T04:45:01+00:00,13,SKHY-USD,equity,428913.6091349998,176.18
2026-09-16T04:45:01+00:00,14,SKHYNIX-USD,equity,1039651.5030799998,1241.3
2026-09-16T04:45:01+00:00,15,AAPL-USD,equity,715313.2600700001,330.98
2026-09-16T04:45:01+00:00,16,MSFT-USD,equity,1993233.9549330014,500.62
2026-09-16T04:45:01+00:00,17,GOOG-USD,equity,194430.72264,346.43
2026-09-16T04:45:01+00:00,18,AMZN-USD,equity,1395940.4495849984,252.35
2026-09-16T04:45:01+00:00,19,NVDA-USD,equity,1221275.4858079993,212
2026-09-16T04:45:01+00:00,20,META-USD,equity,1218782.404070001,661.63
2026-09-16T04:45:01+00:00,21,TSLA-USD,equity,301028.94573800004,359.43
2026-09-16T04:45:01+00:00,22,AMD-USD,equity,1148903.6581030004,491.97
2026-09-16T04:45:01+00:00,23,INTC-USD,equity,3165133.2944659945,97.37
2026-09-16T04:45:01+00:00,24,AVGO-USD,equity,34459.82858599999,344.99
2026-09-16T04:45:01+00:00,25,QCOM-USD,equity,252649.73179699984,179.32
2026-09-16T04:45:01+00:00,26,ARM-USD,equity,2174197.7060119975,239
2026-09-16T04:45:01+00:00,27,TSM-USD,equity,423941.5475210002,419.42
2026-09-16T04:45:01+00:00,28,ASML-USD,equity,222024.41526699995,1583.9
2026-09-16T04:45:01+00:00,29,SNDK-USD,equity,747572.2084429995,1559.9
2026-09-16T04:45:01+00:00,30,DRAM-USD,index,1406930.5143420002,55.644
2026-09-16T04:45:01+00:00,31,PUMP-USD,crypto,2336770.9531530077,0.003663
2026-09-16T04:45:01+00:00,32,ZEC-USD,crypto,992607.9761700003,1146.7
2026-09-16T04:45:01+00:00,33,XRP-USD,crypto,754017.7427000008,1.4137
2026-09-16T04:45:01+00:00,34,LIT-USD,crypto,169811.84730200013,4.3512
2026-09-16T04:45:01+00:00,35,KPEPE-USD,crypto,130277.30947299993,0.003452
2026-09-16T04:45:01+00:00,36,HOOD-USD,equity,1579495.6418499972,112.43
2026-09-16T04:45:01+00:00,37,MSTR-USD,equity,1535807.9592144417,132.55
2026-09-16T04:45:01+00:00,38,STRC-USD,equity,667872.1451380008,98.252
2026-09-16T04:45:01+00:00,39,CRCL-USD,equity,5391328.152787002,92.884
2026-09-16T04:45:01+00:00,40,COIN-USD,equity,1817277.862867999,184.7
2026-09-16T04:45:01+00:00,41,RKLB-USD,equity,888831.44269,62.357
2026-09-16T04:45:01+00:00,42,LITE-USD,equity,373099.10137400025,844.66
2026-09-16T04:45:01+00:00,43,NBIS-USD,equity,514324.6621420007,212.34
2026-09-16T04:45:01+00:00,44,ORCL-USD,equity,405284.2825820004,143.89
2026-09-16T04:45:01+00:00,45,PLTR-USD,equity,2010875.6056069983,171.87
2026-09-16T04:45:01+00:00,46,BRENTOIL-USD,commodity,3307186.992890001,102.23
2026-09-16T04:45:01+00:00,47,BABA-USD,equity,525458.7640559999,110.13
2026-09-16T04:45:01+00:00,48,ZM-USD,equity,978355.696844001,94.97
2026-09-16T04:45:01+00:00,49,DELL-USD,equity,15982.196555000006,531.99
2026-09-16T04:45:01+00:00,50,CXMT-USD,equity,89202.02580499995,8.1343
2026-09-16T04:45:01+00:00,51,KIOXIA-USD,equity,25159.420202,329.82
2026-09-16T04:45:01+00:00,52,SAMSUNG-USD,equity,275225.7122009999,182.76
2026-09-16T04:45:01+00:00,53,CRWV-USD,equity,1923595.1472459987,83.136
2026-09-16T04:45:01+00:00,54,AAVE-USD,crypto,937213.4207379997,127.75
2026-09-16T04:45:01+00:00,55,UNI-USD,crypto,892273.570678,6.6581
2026-09-16T04:45:01+00:00,56,WLD-USD,crypto,92691.10525900005,0.37839
2026-09-16T04:45:01+00:00,57,NEAR-USD,crypto,3531417.5431619952,2.4438
2026-09-16T04:45:01+00:00,58,KSHIB-USD,crypto,672894.6572600008,0.005174
2026-09-16T04:45:01+00:00,59,FARTCOIN-USD,crypto,734790.1183140012,0.14238
2026-09-16T04:45:01+00:00,60,DOGE-USD,crypto,1188227.9651239992,0.083152
2026-09-16T04:45:01+00:00,61,ENA-USD,crypto,1690967.052318,0.14197
2026-09-16T04:45:01+00:00,62,ONDO-USD,crypto,203121.1031099999,0.35235
2026-09-16T04:45:01+00:00,63,SUI-USD,crypto,2823838.074784005,0.71415
2026-09-16T04:45:01+00:00,64,VVV-USD,crypto,2671655.1782770013,22.079
2026-09-16T04:45:01+00:00,65,TAO-USD,crypto,1146820.6214699992,231.96
2026-09-16T04:45:01+00:00,66,ADA-USD,crypto,1441849.0379629976,0.20497
2026-09-16T04:45:01+00:00,67,ZRO-USD,crypto,1311592.3445810007,0.9683
2026-09-16T04:45:01+00:00,68,BNB-USD,crypto,406768.7366740004,719.46
2026-09-16T04:45:01+00:00,69,PONS-USD,crypto,1134446.2806529973,0.62775
2026-09-16T04:45:01+00:00,70,CASHCAT-USD,crypto,2132563.8622089974,0.15734
2026-09-16T04:45:01+00:00,71,USELESS-USD,crypto,513128.63669899985,0.20489
2026-09-16T04:45:01+00:00,72,KAITO-USD,crypto,488630.6054090002,0.29654
2026-09-16T04:45:01+00:00,73,ARB-USD,crypto,1557383.9493889993,0.13289
2026-09-16T04:45:01+00:00,74,LDO-USD,crypto,654492.1312650009,0.35988
2026-09-16T04:45:01+00:00,75,AVAX-USD,crypto,617276.3186379991,7.5242
2026-09-16T04:45:01+00:00,76,LTC-USD,crypto,307924.5278530002,52.535
2026-09-16T04:45:01+00:00,77,XPL-USD,crypto,356449.780667,0.082698
2026-09-16T04:45:01+00:00,78,XMR-USD,crypto,239150.10998999994,515.32
2026-09-16T04:45:01+00:00,79,LINK-USD,crypto,842855.055016,11.452
2026-09-16T04:45:01+00:00,80,VIRTUAL-USD,crypto,225965.25684299995,0.60764
2026-09-16T04:45:01+00:00,81,JUP-USD,crypto,1221647.0904140053,0.2363
2026-09-16T04:45:01+00:00,82,ETHFI-USD,crypto,555733.0351299995,0.61946
2026-09-16T04:45:01+00:00,83,PENDLE-USD,crypto,283340.4205379999,2.351
2026-09-16T04:45:01+00:00,84,MORPHO-USD,crypto,189962.39984699994,2.175
2026-09-16T05:00:02+00:00,1,SP500-USD,index,3369261.2948662317,7593.8
2026-09-16T05:00:02+00:00,2,GOLD-USD,commodity,2234686.047706,4303.3
2026-09-16T05:00:02+00:00,3,WTIOIL-USD,commodity,4383149.757750807,98.752
2026-09-16T05:00:02+00:00,4,NAS100-USD,index,2985794.5670800023,29017
2026-09-16T05:00:02+00:00,5,SILVER-USD,commodity,1293460.5090900005,63.196
2026-09-16T05:00:02+00:00,6,BTC-USD,crypto,8041106.7494199965,77545
2026-09-16T05:00:02+00:00,7,ETH-USD,crypto,11687110.203169981,2490.1
2026-09-16T05:00:02+00:00,8,SOL-USD,crypto,1747408.6377799995,101.21
2026-09-16T05:00:02+00:00,9,SPCX-USD,equity,92968.72809600002,148.32
2026-09-16T05:00:02+00:00,10,HYPE-USD,crypto,7157309.4092459995,79.119
2026-09-16T05:00:02+00:00,11,MU-USD,equity,580284.4682830074,929.1
2026-09-16T05:00:02+00:00,13,SKHY-USD,equity,428913.6091349998,176.18
2026-09-16T05:00:02+00:00,14,SKHYNIX-USD,equity,1039651.5030799998,1241.3
2026-09-16T05:00:02+00:00,15,AAPL-USD,equity,714286.8216530001,330.45
2026-09-16T05:00:02+00:00,16,MSFT-USD,equity,1993233.9549330014,500.62
2026-09-16T05:00:02+00:00,17,GOOG-USD,equity,194430.72264,346.43
2026-09-16T05:00:02+00:00,18,AMZN-USD,equity,1395940.4495849984,252.35
2026-09-16T05:00:02+00:00,19,NVDA-USD,equity,1221275.4858079993,212
2026-09-16T05:00:02+00:00,20,META-USD,equity,1218782.404070001,661.63
2026-09-16T05:00:02+00:00,21,TSLA-USD,equity,301018.12689500005,359.12
2026-09-16T05:00:02+00:00,22,AMD-USD,equity,1148892.5887780003,491.47
2026-09-16T05:00:02+00:00,23,INTC-USD,equity,3165111.689425994,97.27
2026-09-16T05:00:02+00:00,24,AVGO-USD,equity,34459.82858599999,344.99
2026-09-16T05:00:02+00:00,25,QCOM-USD,equity,248886.0089689998,179.04
2026-09-16T05:00:02+00:00,26,ARM-USD,equity,2174208.3805099977,239
2026-09-16T05:00:02+00:00,27,TSM-USD,equity,423952.48200900026,419.42
2026-09-16T05:00:02+00:00,28,ASML-USD,equity,221021.63429,1581.6
2026-09-16T05:00:02+00:00,29,SNDK-USD,equity,740809.8981269996,1563.3
2026-09-16T05:00:02+00:00,30,DRAM-USD,index,1406931.605408,55.514
2026-09-16T05:00:02+00:00,31,PUMP-USD,crypto,2323341.514498008,0.003658
2026-09-16T05:00:02+00:00,32,ZEC-USD,crypto,1031981.1936000003,1141.5
2026-09-16T05:00:02+00:00,33,XRP-USD,crypto,736543.8574000008,1.4056
2026-09-16T05:00:02+00:00,34,LIT-USD,crypto,167205.29251400012,4.3473
2026-09-16T05:00:02+00:00,35,KPEPE-USD,crypto,148049.6528899999,0.003446
2026-09-16T05:00:02+00:00,36,HOOD-USD,equity,1579495.6418499972,112.43
2026-09-16T05:00:02+00:00,37,MSTR-USD,equity,1510481.026364441,132.05
2026-09-16T05:00:02+00:00,38,STRC-USD,equity,667872.1451380008,98.252
2026-09-16T05:00:02+00:00,39,CRCL-USD,equity,5391387.514331002,92.884
2026-09-16T05:00:02+00:00,40,COIN-USD,equity,1810989.017599999,184.99
2026-09-16T05:00:02+00:00,41,RKLB-USD,equity,892255.9317350001,62.357
2026-09-16T05:00:02+00:00,42,LITE-USD,equity,372837.42570600024,843.19
2026-09-16T05:00:02+00:00,43,NBIS-USD,equity,514313.5779940007,212.16
2026-09-16T05:00:02+00:00,44,ORCL-USD,equity,405284.2825820004,143.89
2026-09-16T05:00:02+00:00,45,PLTR-USD,equity,2009928.9284599982,171.44
2026-09-16T05:00:02+00:00,46,BRENTOIL-USD,commodity,3306994.084880001,102.23
2026-09-16T05:00:02+00:00,47,BABA-USD,equity,525458.7640559999,110.13
2026-09-16T05:00:02+00:00,48,ZM-USD,equity,978304.512266001,94.97
2026-09-16T05:00:02+00:00,49,DELL-USD,equity,15982.196555000006,531.99
2026-09-16T05:00:02+00:00,50,CXMT-USD,equity,84690.05978999994,8.1143
2026-09-16T05:00:02+00:00,51,KIOXIA-USD,equity,25231.212442,328.05
2026-09-16T05:00:02+00:00,52,SAMSUNG-USD,equity,275225.7122009999,182.76
2026-09-16T05:00:02+00:00,53,CRWV-USD,equity,1909939.0861179985,82.88
2026-09-16T05:00:02+00:00,54,AAVE-USD,crypto,944677.9678039997,127.75
2026-09-16T05:00:02+00:00,55,UNI-USD,crypto,894706.4998940001,6.6364
2026-09-16T05:00:02+00:00,56,WLD-USD,crypto,93685.46560200005,0.37839
2026-09-16T05:00:02+00:00,57,NEAR-USD,crypto,3522102.1857849956,2.4476
2026-09-16T05:00:02+00:00,58,KSHIB-USD,crypto,673240.1022290008,0.005174
2026-09-16T05:00:02+00:00,59,FARTCOIN-USD,crypto,727103.8322930001,0.14271
2026-09-16T05:00:02+00:00,60,DOGE-USD,crypto,1189997.399685999,0.083005
2026-09-16T05:00:02+00:00,61,ENA-USD,crypto,1680932.0702979993,0.14167
2026-09-16T05:00:02+00:00,62,ONDO-USD,crypto,203422.6319899999,0.35235
2026-09-16T05:00:02+00:00,63,SUI-USD,crypto,2814887.1449100054,0.71215
2026-09-16T05:00:02+00:00,64,VVV-USD,crypto,2662173.781119002,22.124
2026-09-16T05:00:02+00:00,65,TAO-USD,crypto,1145410.126979999,232.81
2026-09-16T05:00:02+00:00,66,ADA-USD,crypto,1431461.1349389977,0.20488
2026-09-16T05:00:02+00:00,67,ZRO-USD,crypto,1333069.1102000002,0.9635
2026-09-16T05:00:02+00:00,68,BNB-USD,crypto,406768.7366740004,719.46
2026-09-16T05:00:02+00:00,69,PONS-USD,crypto,1135312.2555349977,0.6322
2026-09-16T05:00:02+00:00,70,CASHCAT-USD,crypto,2141458.367023996,0.15646
2026-09-16T05:00:02+00:00,71,USELESS-USD,crypto,516485.63513799995,0.20504
2026-09-16T05:00:02+00:00,72,KAITO-USD,crypto,480946.40882300027,0.29624
2026-09-16T05:00:02+00:00,73,ARB-USD,crypto,1644444.4245990007,0.13276
2026-09-16T05:00:02+00:00,74,LDO-USD,crypto,654512.187398001,0.36058
2026-09-16T05:00:02+00:00,75,AVAX-USD,crypto,623352.301394999,7.4851
2026-09-16T05:00:02+00:00,76,LTC-USD,crypto,307934.54306100024,52.535
2026-09-16T05:00:02+00:00,77,XPL-USD,crypto,355458.709519,0.082137
2026-09-16T05:00:02+00:00,78,XMR-USD,crypto,239140.06124999994,512.76
2026-09-16T05:00:02+00:00,79,LINK-USD,crypto,842845.0459680001,11.427
2026-09-16T05:00:02+00:00,80,VIRTUAL-USD,crypto,225988.34129099993,0.60784
2026-09-16T05:00:02+00:00,81,JUP-USD,crypto,1218464.0274750055,0.2365
2026-09-16T05:00:02+00:00,82,ETHFI-USD,crypto,555415.5115119995,0.61984
2026-09-16T05:00:02+00:00,83,PENDLE-USD,crypto,283730.3589589999,2.3437
2026-09-16T05:00:02+00:00,84,MORPHO-USD,crypto,191547.14984599996,2.1704
2026-09-16T05:15:01+00:00,1,SP500-USD,index,3373308.7871222314,7593.8
2026-09-16T05:15:01+00:00,2,GOLD-USD,commodity,2238701.0567769995,4301.0
2026-09-16T05:15:01+00:00,3,WTIOIL-USD,commodity,4389101.573490808,98.752
2026-09-16T05:15:01+00:00,4,NAS100-USD,index,2985794.5670800023,29017
2026-09-16T05:15:01+00:00,5,SILVER-USD,commodity,1293682.5392900005,63.196
2026-09-16T05:15:01+00:00,6,BTC-USD,crypto,8053539.665449995,77365
2026-09-16T05:15:01+00:00,7,ETH-USD,crypto,11747678.186469972,2479.7
2026-09-16T05:15:01+00:00,8,SOL-USD,crypto,1745834.4308629998,100.81
2026-09-16T05:15:01+00:00,9,SPCX-USD,equity,92979.40399200002,148.32
2026-09-16T05:15:01+00:00,10,HYPE-USD,crypto,7148660.808436999,78.881
2026-09-16T05:15:01+00:00,11,MU-USD,equity,580306.6379830072,929.1
2026-09-16T05:15:01+00:00,13,SKHY-USD,equity,428924.84684899985,176.18
2026-09-16T05:15:01+00:00,14,SKHYNIX-USD,equity,1039651.5030799997,1241.3
2026-09-16T05:15:01+00:00,15,AAPL-USD,equity,711646.4842340003,330.31
2026-09-16T05:15:01+00:00,16,MSFT-USD,equity,1993244.9578600014,500.62
2026-09-16T05:15:01+00:00,17,GOOG-USD,equity,194430.72263999996,346.43
2026-09-16T05:15:01+00:00,18,AMZN-USD,equity,1395940.4495849984,252.35
2026-09-16T05:15:01+00:00,19,NVDA-USD,equity,1221257.0630279991,212.35
2026-09-16T05:15:01+00:00,20,META-USD,equity,1218782.404070001,661.63
2026-09-16T05:15:01+00:00,21,TSLA-USD,equity,301007.50583000004,358.64
2026-09-16T05:15:01+00:00,22,AMD-USD,equity,1148881.8418480004,489.97
2026-09-16T05:15:01+00:00,23,INTC-USD,equity,3165079.365115994,96.87
2026-09-16T05:15:01+00:00,24,AVGO-USD,equity,34437.760425999986,344.64
2026-09-16T05:15:01+00:00,25,QCOM-USD,equity,249547.23209199982,178.66
2026-09-16T05:15:01+00:00,26,ARM-USD,equity,2175265.673731998,239
2026-09-16T05:15:01+00:00,27,TSM-USD,equity,423952.48200900026,419.42
2026-09-16T05:15:01+00:00,28,ASML-USD,equity,221021.63429,1581.6
2026-09-16T05:15:01+00:00,29,SNDK-USD,equity,740831.6358509996,1563.3
2026-09-16T05:15:01+00:00,30,DRAM-USD,index,1406776.1901760001,55.529
2026-09-16T05:15:01+00:00,31,PUMP-USD,crypto,2297405.274712008,0.00361
2026-09-16T05:15:01+00:00,32,ZEC-USD,crypto,1065195.7628100005,1141.5
2026-09-16T05:15:01+00:00,33,XRP-USD,crypto,737892.8780000007,1.4056
2026-09-16T05:15:01+00:00,34,LIT-USD,crypto,167555.86495400014,4.3316
2026-09-16T05:15:01+00:00,35,KPEPE-USD,crypto,147303.40399499994,0.00342
2026-09-16T05:15:01+00:00,36,HOOD-USD,equity,1579495.5834599973,112.30
2026-09-16T05:15:01+00:00,37,MSTR-USD,equity,1506243.8647844417,131.68
2026-09-16T05:15:01+00:00,38,STRC-USD,equity,667872.1451380008,98.252
2026-09-16T05:15:01+00:00,39,CRCL-USD,equity,5397365.984444002,92.884
2026-09-16T05:15:01+00:00,40,COIN-USD,equity,1815461.413542999,184.99
2026-09-16T05:15:01+00:00,41,RKLB-USD,equity,893308.507575,62.252
2026-09-16T05:15:01+00:00,42,LITE-USD,equity,371909.3605810002,844.72
2026-09-16T05:15:01+00:00,43,NBIS-USD,equity,514335.4335100007,212.16
2026-09-16T05:15:01+00:00,44,ORCL-USD,equity,405417.4904380004,143.89
2026-09-16T05:15:01+00:00,45,PLTR-USD,equity,2009917.7505719983,171.6
2026-09-16T05:15:01+00:00,46,BRENTOIL-USD,commodity,3255677.6282200017,102.3
2026-09-16T05:15:01+00:00,47,BABA-USD,equity,525458.628175,109.89
2026-09-16T05:15:01+00:00,48,ZM-USD,equity,978304.512266001,94.97
2026-09-16T05:15:01+00:00,49,DELL-USD,equity,15982.196555000006,531.99
2026-09-16T05:15:01+00:00,50,CXMT-USD,equity,82278.94123599997,8.0842
2026-09-16T05:15:01+00:00,51,KIOXIA-USD,equity,25032.795460000005,328.16
2026-09-16T05:15:01+00:00,52,SAMSUNG-USD,equity,275225.7122009999,182.76
2026-09-16T05:15:01+00:00,53,CRWV-USD,equity,1911889.029435998,82.59
2026-09-16T05:15:01+00:00,54,AAVE-USD,crypto,972834.0631869996,127.1
2026-09-16T05:15:01+00:00,55,UNI-USD,crypto,915681.1028,6.6036
2026-09-16T05:15:01+00:00,56,WLD-USD,crypto,88448.22332700004,0.37564
2026-09-16T05:15:01+00:00,57,NEAR-USD,crypto,3556396.9926159945,2.4306
2026-09-16T05:15:01+00:00,58,KSHIB-USD,crypto,671211.6355290008,0.005159
2026-09-16T05:15:01+00:00,59,FARTCOIN-USD,crypto,698566.9447329999,0.14144
2026-09-16T05:15:01+00:00,60,DOGE-USD,crypto,1179741.2887209984,0.082677
2026-09-16T05:15:01+00:00,61,ENA-USD,crypto,1677550.791760999,0.14028
2026-09-16T05:15:01+00:00,62,ONDO-USD,crypto,202630.59549399992,0.34998
2026-09-16T05:15:01+00:00,63,SUI-USD,crypto,2692672.2405170035,0.70835
2026-09-16T05:15:01+00:00,64,VVV-USD,crypto,2659692.7811430027,21.981
2026-09-16T05:15:01+00:00,65,TAO-USD,crypto,1144666.3198819992,231.17
2026-09-16T05:15:01+00:00,66,ADA-USD,crypto,1442184.8422739978,0.20356
2026-09-16T05:15:01+00:00,67,ZRO-USD,crypto,1335234.2922910003,0.9574
2026-09-16T05:15:01+00:00,68,BNB-USD,crypto,406757.6569900004,719.23
2026-09-16T05:15:01+00:00,69,PONS-USD,crypto,1126192.876107998,0.626
2026-09-16T05:15:01+00:00,70,CASHCAT-USD,crypto,2147986.2236689953,0.15509
2026-09-16T05:15:01+00:00,71,USELESS-USD,crypto,517794.10781999986,0.20064
2026-09-16T05:15:01+00:00,72,KAITO-USD,crypto,476091.5946980002,0.2952
2026-09-16T05:15:01+00:00,73,ARB-USD,crypto,1631329.997328999,0.13139
2026-09-16T05:15:01+00:00,74,LDO-USD,crypto,647542.2253060009,0.35891
2026-09-16T05:15:01+00:00,75,AVAX-USD,crypto,612171.0419039994,7.4735
2026-09-16T05:15:01+00:00,76,LTC-USD,crypto,308024.67588300025,52.535
2026-09-16T05:15:01+00:00,77,XPL-USD,crypto,358949.61724,0.081586
2026-09-16T05:15:01+00:00,78,XMR-USD,crypto,239140.06124999994,512.76
2026-09-16T05:15:01+00:00,79,LINK-USD,crypto,842805.0179650001,11.396
2026-09-16T05:15:01+00:00,80,VIRTUAL-USD,crypto,226976.2644119999,0.60503
2026-09-16T05:15:01+00:00,81,JUP-USD,crypto,1212837.0727440051,0.23476
2026-09-16T05:15:01+00:00,82,ETHFI-USD,crypto,555465.0750049996,0.61704
2026-09-16T05:15:01+00:00,83,PENDLE-USD,crypto,283570.01692399994,2.3486
2026-09-16T05:15:01+00:00,84,MORPHO-USD,crypto,191578.53883099995,2.1704
2026-09-16T05:30:02+00:00,1,SP500-USD,index,3376995.5227122316,7596.6
2026-09-16T05:30:02+00:00,2,GOLD-USD,commodity,2235461.591185999,4298.9
2026-09-16T05:30:02+00:00,3,WTIOIL-USD,commodity,4351093.072000811,98.762
2026-09-16T05:30:02+00:00,4,NAS100-USD,index,2984164.100810002,29087
2026-09-16T05:30:02+00:00,5,SILVER-USD,commodity,1293644.9431260002,63.216
2026-09-16T05:30:02+00:00,6,BTC-USD,crypto,8086717.308429992,77423
2026-09-16T05:30:02+00:00,7,ETH-USD,crypto,11747278.497479973,2487
2026-09-16T05:30:02+00:00,8,SOL-USD,crypto,1731939.924232999,100.92
2026-09-16T05:30:02+00:00,9,SPCX-USD,equity,92873.25777400001,148.36
2026-09-16T05:30:02+00:00,10,HYPE-USD,crypto,7159542.767829997,78.889
2026-09-16T05:30:02+00:00,11,MU-USD,equity,580346.7215980073,929.1
2026-09-16T05:30:02+00:00,13,SKHY-USD,equity,428924.84684899985,176.18
2026-09-16T05:30:02+00:00,14,SKHYNIX-USD,equity,1039794.6406599998,1241.3
2026-09-16T05:30:02+00:00,15,AAPL-USD,equity,706385.674024,330.58
2026-09-16T05:30:02+00:00,16,MSFT-USD,equity,1993244.9578600014,500.62
2026-09-16T05:30:02+00:00,17,GOOG-USD,equity,194430.72263999996,346.43
2026-09-16T05:30:02+00:00,18,AMZN-USD,equity,1395940.4495849984,252.35
2026-09-16T05:30:02+00:00,19,NVDA-USD,equity,1221257.0630279991,212.35
2026-09-16T05:30:02+00:00,20,META-USD,equity,1218782.404070001,661.63
2026-09-16T05:30:02+00:00,21,TSLA-USD,equity,288851.40907,358.67
2026-09-16T05:30:02+00:00,22,AMD-USD,equity,1148870.8175230003,491.97
2026-09-16T05:30:02+00:00,23,INTC-USD,equity,3165068.612545994,97.47
2026-09-16T05:30:02+00:00,24,AVGO-USD,equity,34310.016117999985,344.9
2026-09-16T05:30:02+00:00,25,QCOM-USD,equity,241230.56423599983,178.11
2026-09-16T05:30:02+00:00,26,ARM-USD,equity,2174765.6618319983,240.6
2026-09-16T05:30:02+00:00,27,TSM-USD,equity,423952.48200900026,419.42
2026-09-16T05:30:02+00:00,28,ASML-USD,equity,221010.62635399998,1589.7
2026-09-16T05:30:02+00:00,29,SNDK-USD,equity,740842.5121469996,1563.3
2026-09-16T05:30:02+00:00,30,DRAM-USD,index,1406776.1901760001,55.529
2026-09-16T05:30:02+00:00,31,PUMP-USD,crypto,2226744.946105006,0.003625
2026-09-16T05:30:02+00:00,32,ZEC-USD,crypto,1092195.03978,1140.1
2026-09-16T05:30:02+00:00,33,XRP-USD,crypto,739298.2623000008,1.4056
2026-09-16T05:30:02+00:00,34,LIT-USD,crypto,163876.860938,4.4236
2026-09-16T05:30:02+00:00,35,KPEPE-USD,crypto,147054.65713499993,0.003413
2026-09-16T05:30:02+00:00,36,HOOD-USD,equity,1570997.9685299972,112.46
2026-09-16T05:30:02+00:00,37,MSTR-USD,equity,1506243.8647844417,131.68
2026-09-16T05:30:02+00:00,38,STRC-USD,equity,667872.1451380008,98.252
2026-09-16T05:30:02+00:00,39,CRCL-USD,equity,5397416.656457002,92.884
2026-09-16T05:30:02+00:00,40,COIN-USD,equity,1816500.386566999,184.99
2026-09-16T05:30:02+00:00,41,RKLB-USD,equity,894664.2949240002,62.252
2026-09-16T05:30:02+00:00,42,LITE-USD,equity,371909.3605810002,844.72
2026-09-16T05:30:02+00:00,43,NBIS-USD,equity,514335.4335100007,212.16
2026-09-16T05:30:02+00:00,44,ORCL-USD,equity,405320.12007500045,144.21
2026-09-16T05:30:02+00:00,45,PLTR-USD,equity,2009804.5803719983,171.62
2026-09-16T05:30:02+00:00,46,BRENTOIL-USD,commodity,3224927.4896900016,102.45
2026-09-16T05:30:02+00:00,47,BABA-USD,equity,525458.628175,109.89
2026-09-16T05:30:02+00:00,48,ZM-USD,equity,978481.333505001,94.97
2026-09-16T05:30:02+00:00,49,DELL-USD,equity,14571.880003000002,536.52
2026-09-16T05:30:02+00:00,50,CXMT-USD,equity,81484.86151599996,8.1163
2026-09-16T05:30:02+00:00,51,KIOXIA-USD,equity,26102.82662400001,331.46
2026-09-16T05:30:02+00:00,52,SAMSUNG-USD,equity,275225.7122009999,182.76
2026-09-16T05:30:02+00:00,53,CRWV-USD,equity,1910146.092417998,82.794
2026-09-16T05:30:02+00:00,54,AAVE-USD,crypto,1005475.1345999996,127.1
2026-09-16T05:30:02+00:00,55,UNI-USD,crypto,932149.628848,6.6464
2026-09-16T05:30:02+00:00,56,WLD-USD,crypto,87204.53392500004,0.37546
2026-09-16T05:30:02+00:00,57,NEAR-USD,crypto,3598337.9653789946,2.4304
2026-09-16T05:30:02+00:00,58,KSHIB-USD,crypto,671211.6355290008,0.005159
2026-09-16T05:30:02+00:00,59,FARTCOIN-USD,crypto,702449.8276070002,0.14168
2026-09-16T05:30:02+00:00,60,DOGE-USD,crypto,1179099.4032529981,0.083226
2026-09-16T05:30:02+00:00,61,ENA-USD,crypto,1663834.1802609991,0.14035
2026-09-16T05:30:02+00:00,62,ONDO-USD,crypto,208488.3777999999,0.35129
2026-09-16T05:30:02+00:00,63,SUI-USD,crypto,2661552.302859003,0.70691
2026-09-16T05:30:02+00:00,64,VVV-USD,crypto,2649048.515993003,22.125
2026-09-16T05:30:02+00:00,65,TAO-USD,crypto,1142943.964801999,232.17
2026-09-16T05:30:02+00:00,66,ADA-USD,crypto,1427040.2248249974,0.20473
2026-09-16T05:30:02+00:00,67,ZRO-USD,crypto,1329405.8521920003,0.9613
2026-09-16T05:30:02+00:00,68,BNB-USD,crypto,406757.6569900004,719.23
2026-09-16T05:30:02+00:00,69,PONS-USD,crypto,1105800.278103998,0.6228
2026-09-16T05:30:02+00:00,70,CASHCAT-USD,crypto,2120656.5827769996,0.15489
2026-09-16T05:30:02+00:00,71,USELESS-USD,crypto,516722.0623119999,0.20063
2026-09-16T05:30:02+00:00,72,KAITO-USD,crypto,475720.3608270002,0.29532
2026-09-16T05:30:02+00:00,73,ARB-USD,crypto,1652653.9339129997,0.13291
2026-09-16T05:30:02+00:00,74,LDO-USD,crypto,649450.9355730009,0.35741
2026-09-16T05:30:02+00:00,75,AVAX-USD,crypto,612170.4204689994,7.4722
2026-09-16T05:30:02+00:00,76,LTC-USD,crypto,308034.6856030002,52.799
2026-09-16T05:30:02+00:00,77,XPL-USD,crypto,359133.17125599994,0.081708
2026-09-16T05:30:02+00:00,78,XMR-USD,crypto,236708.35164999985,512.08
2026-09-16T05:30:02+00:00,79,LINK-USD,crypto,841773.6938430001,11.408
2026-09-16T05:30:02+00:00,80,VIRTUAL-USD,crypto,227996.6865759999,0.60443
2026-09-16T05:30:02+00:00,81,JUP-USD,crypto,1213010.304626005,0.2353
2026-09-16T05:30:02+00:00,82,ETHFI-USD,crypto,558181.2626199996,0.61384
2026-09-16T05:30:02+00:00,83,PENDLE-USD,crypto,283429.72649499995,2.3602
2026-09-16T05:30:02+00:00,84,MORPHO-USD,crypto,191446.56049699997,2.1624
2026-09-16T05:45:02+00:00,1,SP500-USD,index,3365816.8886342314,7602.9
2026-09-16T05:45:02+00:00,2,GOLD-USD,commodity,2231944.5258979998,4299.5
2026-09-16T05:45:02+00:00,3,WTIOIL-USD,commodity,4342127.544596811,98.47
2026-09-16T05:45:02+00:00,4,NAS100-USD,index,2984164.100810002,29087
2026-09-16T05:45:02+00:00,5,SILVER-USD,commodity,1293644.9431260002,63.216
2026-09-16T05:45:02+00:00,6,BTC-USD,crypto,8118764.467639988,77439
2026-09-16T05:45:02+00:00,7,ETH-USD,crypto,11733034.969669975,2489.2
2026-09-16T05:45:02+00:00,8,SOL-USD,crypto,1746883.080782999,101.2
2026-09-16T05:45:02+00:00,9,SPCX-USD,equity,92873.25777400001,148.36
2026-09-16T05:45:02+00:00,10,HYPE-USD,crypto,7287287.445451991,79.137
2026-09-16T05:45:02+00:00,11,MU-USD,equity,580346.7215980073,929.1
2026-09-16T05:45:02+00:00,13,SKHY-USD,equity,428924.84684899985,176.18
2026-09-16T05:45:02+00:00,14,SKHYNIX-USD,equity,1039794.6406599998,1241.3
2026-09-16T05:45:02+00:00,15,AAPL-USD,equity,705286.1649439998,330.58
2026-09-16T05:45:02+00:00,16,MSFT-USD,equity,1993244.9578600014,500.62
2026-09-16T05:45:02+00:00,17,GOOG-USD,equity,194430.72263999996,346.43
2026-09-16T05:45:02+00:00,18,AMZN-USD,equity,1395940.4495849984,252.35
2026-09-16T05:45:02+00:00,19,NVDA-USD,equity,1221257.0630279991,212.35
2026-09-16T05:45:02+00:00,20,META-USD,equity,1218771.3548490012,659.7
2026-09-16T05:45:02+00:00,21,TSLA-USD,equity,274455.28001000005,358.78
2026-09-16T05:45:02+00:00,22,AMD-USD,equity,1148870.8175230003,491.97
2026-09-16T05:45:02+00:00,23,INTC-USD,equity,3175265.8022089945,97.47
2026-09-16T05:45:02+00:00,24,AVGO-USD,equity,15191.519318000002,344.99
2026-09-16T05:45:02+00:00,25,QCOM-USD,equity,243309.54566799983,178.11
2026-09-16T05:45:02+00:00,26,ARM-USD,equity,2173643.383131998,241.86
2026-09-16T05:45:02+00:00,27,TSM-USD,equity,423952.48200900026,419.42
2026-09-16T05:45:02+00:00,28,ASML-USD,equity,221010.62635399998,1589.7
2026-09-16T05:45:02+00:00,29,SNDK-USD,equity,740842.5121469996,1563.3
2026-09-16T05:45:02+00:00,30,DRAM-USD,index,1406776.1901760001,55.529
2026-09-16T05:45:02+00:00,31,PUMP-USD,crypto,2229313.658936004,0.003637
2026-09-16T05:45:02+00:00,32,ZEC-USD,crypto,1132672.5883899997,1154.9
2026-09-16T05:45:02+00:00,33,XRP-USD,crypto,745410.5952000007,1.4056
2026-09-16T05:45:02+00:00,34,LIT-USD,crypto,163876.86093800006,4.4236
2026-09-16T05:45:02+00:00,35,KPEPE-USD,crypto,146557.15954399994,0.003408
2026-09-16T05:45:02+00:00,36,HOOD-USD,equity,1567660.3189299968,111.96
2026-09-16T05:45:02+00:00,37,MSTR-USD,equity,1506243.8647844417,131.68
2026-09-16T05:45:02+00:00,38,STRC-USD,equity,667872.1451380008,98.252
2026-09-16T05:45:02+00:00,39,CRCL-USD,equity,5467085.940512002,92.884
2026-09-16T05:45:02+00:00,40,COIN-USD,equity,1818646.062142999,184.99
2026-09-16T05:45:02+00:00,41,RKLB-USD,equity,898790.2997480001,62.387
2026-09-16T05:45:02+00:00,42,LITE-USD,equity,371909.3605810002,844.72
2026-09-16T05:45:02+00:00,43,NBIS-USD,equity,514335.4335100007,212.16
2026-09-16T05:45:02+00:00,44,ORCL-USD,equity,404168.7873680004,143.98
2026-09-16T05:45:02+00:00,45,PLTR-USD,equity,2009804.5803719983,171.62
2026-09-16T05:45:02+00:00,46,BRENTOIL-USD,commodity,3203023.0687100017,102.05
2026-09-16T05:45:02+00:00,47,BABA-USD,equity,515717.196928,109.74
2026-09-16T05:45:02+00:00,48,ZM-USD,equity,978547.719992001,94.97
2026-09-16T05:45:02+00:00,49,DELL-USD,equity,14571.880003000002,536.52
2026-09-16T05:45:02+00:00,50,CXMT-USD,equity,78998.59115399995,8.1393
2026-09-16T05:45:02+00:00,51,KIOXIA-USD,equity,25835.275126000008,334.72
2026-09-16T05:45:02+00:00,52,SAMSUNG-USD,equity,270912.0644729999,182.22
2026-09-16T05:45:02+00:00,53,CRWV-USD,equity,1908193.785373998,82.748
2026-09-16T05:45:02+00:00,54,AAVE-USD,crypto,1005658.0508019994,128.12
2026-09-16T05:45:02+00:00,55,UNI-USD,crypto,936146.9325010001,6.6395
2026-09-16T05:45:02+00:00,56,WLD-USD,crypto,84953.89086700002,0.37626
2026-09-16T05:45:02+00:00,57,NEAR-USD,crypto,3648595.039029995,2.4286
2026-09-16T05:45:02+00:00,58,KSHIB-USD,crypto,671211.6355290008,0.005159
2026-09-16T05:45:02+00:00,59,FARTCOIN-USD,crypto,690318.9489110005,0.14186
2026-09-16T05:45:02+00:00,60,DOGE-USD,crypto,1206510.165537998,0.083226
2026-09-16T05:45:02+00:00,61,ENA-USD,crypto,1670165.4891349985,0.14096
2026-09-16T05:45:02+00:00,62,ONDO-USD,crypto,212790.3631949999,0.35129
2026-09-16T05:45:02+00:00,63,SUI-USD,crypto,2647742.6510819993,0.70794
2026-09-16T05:45:02+00:00,64,VVV-USD,crypto,2682510.1464500017,22.169
2026-09-16T05:45:02+00:00,65,TAO-USD,crypto,1175949.920228999,232.65
2026-09-16T05:45:02+00:00,66,ADA-USD,crypto,1433029.1355789981,0.20473
2026-09-16T05:45:02+00:00,67,ZRO-USD,crypto,1332480.1847450002,0.96
2026-09-16T05:45:02+00:00,68,BNB-USD,crypto,407257.6650440004,719.23
2026-09-16T05:45:02+00:00,69,PONS-USD,crypto,1111782.7130619988,0.61951
2026-09-16T05:45:02+00:00,70,CASHCAT-USD,crypto,2132937.4698069994,0.15745
2026-09-16T05:45:02+00:00,71,USELESS-USD,crypto,516723.86097199976,0.20393
2026-09-16T05:45:02+00:00,72,KAITO-USD,crypto,475389.8614780002,0.29614
2026-09-16T05:45:02+00:00,73,ARB-USD,crypto,1662423.5911649992,0.13328
2026-09-16T05:45:02+00:00,74,LDO-USD,crypto,649192.0523790009,0.35881
2026-09-16T05:45:02+00:00,75,AVAX-USD,crypto,612737.2088499992,7.5239
2026-09-16T05:45:02+00:00,76,LTC-USD,crypto,308545.37791500025,52.799
2026-09-16T05:45:02+00:00,77,XPL-USD,crypto,359323.891673,0.082428
2026-09-16T05:45:02+00:00,78,XMR-USD,crypto,236812.50721799984,511.19
2026-09-16T05:45:02+00:00,79,LINK-USD,crypto,841713.6315950002,11.459
2026-09-16T05:45:02+00:00,80,VIRTUAL-USD,crypto,227876.0118159999,0.60624
2026-09-16T05:45:02+00:00,81,JUP-USD,crypto,1219028.4729070053,0.2363
2026-09-16T05:45:02+00:00,82,ETHFI-USD,crypto,557236.5760519993,0.61615
2026-09-16T05:45:02+00:00,83,PENDLE-USD,crypto,276422.62438899995,2.3702
2026-09-16T05:45:02+00:00,84,MORPHO-USD,crypto,191695.98488099995,2.1638
2026-09-16T06:00:02+00:00,1,SP500-USD,index,3360063.244004231,7603.4
2026-09-16T06:00:02+00:00,2,GOLD-USD,commodity,2230645.8403039994,4295.8
2026-09-16T06:00:02+00:00,3,WTIOIL-USD,commodity,4215109.918799799,98.531
2026-09-16T06:00:02+00:00,4,NAS100-USD,index,2984176.002920002,29047
2026-09-16T06:00:02+00:00,5,SILVER-USD,commodity,1293656.3261020002,63.216
2026-09-16T06:00:02+00:00,6,BTC-USD,crypto,8127650.38036999,77681
2026-09-16T06:00:02+00:00,7,ETH-USD,crypto,11873401.979679976,2495.9
2026-09-16T06:00:02+00:00,8,SOL-USD,crypto,1765889.5970669985,101.48
2026-09-16T06:00:02+00:00,9,SPCX-USD,equity,92873.25777400001,148.36
2026-09-16T06:00:02+00:00,10,HYPE-USD,crypto,7350793.537608992,79.897
2026-09-16T06:00:02+00:00,11,MU-USD,equity,580346.7215980073,929.1
2026-09-16T06:00:02+00:00,13,SKHY-USD,equity,428924.84684899985,176.18
2026-09-16T06:00:02+00:00,14,SKHYNIX-USD,equity,1039794.6406599998,1241.3
2026-09-16T06:00:02+00:00,15,AAPL-USD,equity,704129.829162,330.76
2026-09-16T06:00:02+00:00,16,MSFT-USD,equity,1993244.9578600014,500.62
2026-09-16T06:00:02+00:00,17,GOOG-USD,equity,194430.72263999996,346.43
2026-09-16T06:00:02+00:00,18,AMZN-USD,equity,1395940.4495849984,252.35
2026-09-16T06:00:02+00:00,19,NVDA-USD,equity,1219792.2939629992,212.1
2026-09-16T06:00:02+00:00,20,META-USD,equity,1218771.3548490012,659.7
2026-09-16T06:00:02+00:00,21,TSLA-USD,equity,274455.28001000005,358.78
2026-09-16T06:00:02+00:00,22,AMD-USD,equity,1148882.1870910004,491.97
2026-09-16T06:00:02+00:00,23,INTC-USD,equity,3209001.624849994,97.47
2026-09-16T06:00:02+00:00,24,AVGO-USD,equity,15191.519318000002,344.99
2026-09-16T06:00:02+00:00,25,QCOM-USD,equity,243309.54566799983,178.11
2026-09-16T06:00:02+00:00,26,ARM-USD,equity,2158498.014156998,240.41
2026-09-16T06:00:02+00:00,27,TSM-USD,equity,423952.48200900026,419.42
2026-09-16T06:00:02+00:00,28,ASML-USD,equity,221010.62635399998,1589.7
2026-09-16T06:00:02+00:00,29,SNDK-USD,equity,740842.5121469996,1563.3
2026-09-16T06:00:02+00:00,30,DRAM-USD,index,1406776.1901760001,55.529
2026-09-16T06:00:02+00:00,31,PUMP-USD,crypto,2225205.1103900033,0.003645
2026-09-16T06:00:02+00:00,32,ZEC-USD,crypto,1152140.8264100004,1154.9
2026-09-16T06:00:02+00:00,33,XRP-USD,crypto,787290.0773000001,1.4034
2026-09-16T06:00:02+00:00,34,LIT-USD,crypto,163887.90534300005,4.4236
2026-09-16T06:00:02+00:00,35,KPEPE-USD,crypto,144473.1326779999,0.003401
2026-09-16T06:00:02+00:00,36,HOOD-USD,equity,1567682.1454599968,111.96
2026-09-16T06:00:02+00:00,37,MSTR-USD,equity,1625674.8728944443,131.68
2026-09-16T06:00:02+00:00,38,STRC-USD,equity,667872.1451380008,98.252
2026-09-16T06:00:02+00:00,39,CRCL-USD,equity,5489545.247236005,92.884
2026-09-16T06:00:02+00:00,40,COIN-USD,equity,1818646.062142999,184.99
2026-09-16T06:00:02+00:00,41,RKLB-USD,equity,898790.7225810001,62.45
2026-09-16T06:00:02+00:00,42,LITE-USD,equity,372033.26136100024,841.49
2026-09-16T06:00:02+00:00,43,NBIS-USD,equity,514335.4335100007,212.16
2026-09-16T06:00:02+00:00,44,ORCL-USD,equity,404168.7873680004,143.98
2026-09-16T06:00:02+00:00,45,PLTR-USD,equity,2009804.5803719983,171.62
2026-09-16T06:00:02+00:00,46,BRENTOIL-USD,commodity,3201682.328040002,102.22
2026-09-16T06:00:02+00:00,47,BABA-USD,equity,508717.0030419999,109.55
2026-09-16T06:00:02+00:00,48,ZM-USD,equity,978547.719992001,94.97
2026-09-16T06:00:02+00:00,49,DELL-USD,equity,14461.839751,534.99
2026-09-16T06:00:02+00:00,50,CXMT-USD,equity,78596.06889499996,8.1118
2026-09-16T06:00:02+00:00,51,KIOXIA-USD,equity,25955.756996000007,335.97
2026-09-16T06:00:02+00:00,52,SAMSUNG-USD,equity,270912.0644729999,182.22
2026-09-16T06:00:02+00:00,53,CRWV-USD,equity,1908193.785373998,82.748
2026-09-16T06:00:02+00:00,54,AAVE-USD,crypto,1009552.1171879995,127.05
2026-09-16T06:00:02+00:00,55,UNI-USD,crypto,942258.2857580003,6.721
2026-09-16T06:00:02+00:00,56,WLD-USD,crypto,84720.02674100002,0.37475
2026-09-16T06:00:02+00:00,57,NEAR-USD,crypto,3708027.9134189948,2.4459
2026-09-16T06:00:02+00:00,58,KSHIB-USD,crypto,671211.6355290008,0.005159
2026-09-16T06:00:02+00:00,59,FARTCOIN-USD,crypto,707230.1624079999,0.14227
2026-09-16T06:00:02+00:00,60,DOGE-USD,crypto,1239549.398470998,0.083161
2026-09-16T06:00:02+00:00,61,ENA-USD,crypto,1697010.2567559977,0.14260
2026-09-16T06:00:02+00:00,62,ONDO-USD,crypto,214841.2995029999,0.35304
2026-09-16T06:00:02+00:00,63,SUI-USD,crypto,2672837.593793998,0.71158
2026-09-16T06:00:02+00:00,64,VVV-USD,crypto,2739380.9729930013,22.233
2026-09-16T06:00:02+00:00,65,TAO-USD,crypto,1228385.2633009993,232.71
2026-09-16T06:00:02+00:00,66,ADA-USD,crypto,1463823.087779999,0.20552
2026-09-16T06:00:02+00:00,67,ZRO-USD,crypto,1347017.0368230003,0.9603
2026-09-16T06:00:02+00:00,68,BNB-USD,crypto,409115.2350440004,719.23
2026-09-16T06:00:02+00:00,69,PONS-USD,crypto,1114033.7820929992,0.6334
2026-09-16T06:00:02+00:00,70,CASHCAT-USD,crypto,2129761.7631600006,0.1594
2026-09-16T06:00:02+00:00,71,USELESS-USD,crypto,523822.95318099955,0.20334
2026-09-16T06:00:02+00:00,72,KAITO-USD,crypto,483725.16117700003,0.29644
2026-09-16T06:00:02+00:00,73,ARB-USD,crypto,1666801.979283999,0.13426
2026-09-16T06:00:02+00:00,74,LDO-USD,crypto,656940.4668540008,0.35941
2026-09-16T06:00:02+00:00,75,AVAX-USD,crypto,616596.3040549994,7.5239
2026-09-16T06:00:02+00:00,76,LTC-USD,crypto,313043.22085700027,52.799
2026-09-16T06:00:02+00:00,77,XPL-USD,crypto,359466.146403,0.082451
2026-09-16T06:00:02+00:00,78,XMR-USD,crypto,231002.89412499976,511.67
2026-09-16T06:00:02+00:00,79,LINK-USD,crypto,841703.6278880001,11.428
2026-09-16T06:00:02+00:00,80,VIRTUAL-USD,crypto,229296.4338189999,0.60904
2026-09-16T06:00:02+00:00,81,JUP-USD,crypto,1220956.6876790056,0.238
2026-09-16T06:00:02+00:00,82,ETHFI-USD,crypto,557100.7864339994,0.61734
2026-09-16T06:00:02+00:00,83,PENDLE-USD,crypto,276236.2166849999,2.375
2026-09-16T06:00:02+00:00,84,MORPHO-USD,crypto,192011.24073899994,2.1638
2026-09-16T06:15:01+00:00,1,SP500-USD,index,3355729.4035932296,7603.5
2026-09-16T06:15:01+00:00,2,GOLD-USD,commodity,2224166.0076529994,4290.7
2026-09-16T06:15:01+00:00,3,WTIOIL-USD,commodity,4209253.274103799,98.58
2026-09-16T06:15:01+00:00,4,NAS100-USD,index,2984176.002920002,29047
2026-09-16T06:15:01+00:00,5,SILVER-USD,commodity,1293697.9422100002,63.226
2026-09-16T06:15:01+00:00,6,BTC-USD,crypto,8122087.354609986,77555
2026-09-16T06:15:01+00:00,7,ETH-USD,crypto,11841404.635289963,2494.8
2026-09-16T06:15:01+00:00,8,SOL-USD,crypto,1792661.6604869983,101.2
2026-09-16T06:15:01+00:00,9,SPCX-USD,equity,92873.25777400001,148.36
2026-09-16T06:15:01+00:00,10,HYPE-USD,crypto,7562914.4403119935,79.854
2026-09-16T06:15:01+00:00,11,MU-USD,equity,578558.9011280073,931.03
2026-09-16T06:15:01+00:00,13,SKHY-USD,equity,428924.84684899985,176.18
2026-09-16T06:15:01+00:00,14,SKHYNIX-USD,equity,863864.5398700004,1245.6
2026-09-16T06:15:01+00:00,15,AAPL-USD,equity,697214.2271340002,330.48
2026-09-16T06:15:01+00:00,16,MSFT-USD,equity,1993244.9578600014,500.62
2026-09-16T06:15:01+00:00,17,GOOG-USD,equity,194510.73741599996,346.43
2026-09-16T06:15:01+00:00,18,AMZN-USD,equity,1395940.4495849984,252.35
2026-09-16T06:15:01+00:00,19,NVDA-USD,equity,1253275.5112559986,212.1
2026-09-16T06:15:01+00:00,20,META-USD,equity,1226259.0469590009,659.7
2026-09-16T06:15:01+00:00,21,TSLA-USD,equity,274455.28001000005,358.78
2026-09-16T06:15:01+00:00,22,AMD-USD,equity,1148882.1870910004,491.97
2026-09-16T06:15:01+00:00,23,INTC-USD,equity,3214050.7011919944,97.57
2026-09-16T06:15:01+00:00,24,AVGO-USD,equity,15191.519318000002,344.99
2026-09-16T06:15:01+00:00,25,QCOM-USD,equity,243309.54566799983,178.11
2026-09-16T06:15:01+00:00,26,ARM-USD,equity,2158498.014156998,240.41
2026-09-16T06:15:01+00:00,27,TSM-USD,equity,423952.48200900026,419.42
2026-09-16T06:15:01+00:00,28,ASML-USD,equity,221010.62635399998,1589.7
2026-09-16T06:15:01+00:00,29,SNDK-USD,equity,740842.5121469996,1563.3
2026-09-16T06:15:01+00:00,30,DRAM-USD,index,1406843.418046,55.529
2026-09-16T06:15:01+00:00,31,PUMP-USD,crypto,2219521.5902600023,0.003624
2026-09-16T06:15:01+00:00,32,ZEC-USD,crypto,1177241.1124100005,1141.9
2026-09-16T06:15:01+00:00,33,XRP-USD,crypto,808055.0336000007,1.4034
2026-09-16T06:15:01+00:00,34,LIT-USD,crypto,99586.25537699983,4.3536
2026-09-16T06:15:01+00:00,35,KPEPE-USD,crypto,144483.9937379999,0.003401
2026-09-16T06:15:01+00:00,36,HOOD-USD,equity,1567693.0463499967,111.96
2026-09-16T06:15:01+00:00,37,MSTR-USD,equity,1625674.8728944443,131.68
2026-09-16T06:15:01+00:00,38,STRC-USD,equity,667872.1451380008,98.252
2026-09-16T06:15:01+00:00,39,CRCL-USD,equity,5507050.883738004,92.884
2026-09-16T06:15:01+00:00,40,COIN-USD,equity,1594258.1364319983,184.27
2026-09-16T06:15:01+00:00,41,RKLB-USD,equity,898790.7225810001,62.45
2026-09-16T06:15:01+00:00,42,LITE-USD,equity,372033.26136100024,841.49
2026-09-16T06:15:01+00:00,43,NBIS-USD,equity,514335.4335100007,212.16
2026-09-16T06:15:01+00:00,44,ORCL-USD,equity,404168.7873680004,143.98
2026-09-16T06:15:01+00:00,45,PLTR-USD,equity,2009804.5803719983,171.62
2026-09-16T06:15:01+00:00,46,BRENTOIL-USD,commodity,3202700.085260002,102.3
2026-09-16T06:15:01+00:00,47,BABA-USD,equity,485093.8034639999,109.58
2026-09-16T06:15:01+00:00,48,ZM-USD,equity,978521.224752001,94.96
2026-09-16T06:15:01+00:00,49,DELL-USD,equity,14461.839751,534.99
2026-09-16T06:15:01+00:00,50,CXMT-USD,equity,78457.98170299995,8.1073
2026-09-16T06:15:01+00:00,51,KIOXIA-USD,equity,25921.080306000007,334.98
2026-09-16T06:15:01+00:00,52,SAMSUNG-USD,equity,250176.93740100003,182.09
2026-09-16T06:15:01+00:00,53,CRWV-USD,equity,1908193.785373998,82.748
2026-09-16T06:15:01+00:00,54,AAVE-USD,crypto,1014027.5844239995,127.05
2026-09-16T06:15:01+00:00,55,UNI-USD,crypto,942418.1161180014,6.693
2026-09-16T06:15:01+00:00,56,WLD-USD,crypto,84720.02674100002,0.37475
2026-09-16T06:15:01+00:00,57,NEAR-USD,crypto,3695181.180235995,2.4299
2026-09-16T06:15:01+00:00,58,KSHIB-USD,crypto,741912.6341130009,0.005159
2026-09-16T06:15:01+00:00,59,FARTCOIN-USD,crypto,715738.9304879998,0.14183
2026-09-16T06:15:01+00:00,60,DOGE-USD,crypto,1234696.000204998,0.082838
2026-09-16T06:15:01+00:00,61,ENA-USD,crypto,1706526.324526998,0.14096
2026-09-16T06:15:01+00:00,62,ONDO-USD,crypto,215163.2815389999,0.35038
2026-09-16T06:15:01+00:00,63,SUI-USD,crypto,2633069.8719929983,0.71001
2026-09-16T06:15:01+00:00,64,VVV-USD,crypto,2766181.546033001,22.061
2026-09-16T06:15:01+00:00,65,TAO-USD,crypto,1234101.7089239995,231.46
2026-09-16T06:15:01+00:00,66,ADA-USD,crypto,1467394.163607999,0.20545
2026-09-16T06:15:01+00:00,67,ZRO-USD,crypto,1313175.7640830006,0.9577
2026-09-16T06:15:01+00:00,68,BNB-USD,crypto,409115.2350440004,719.23
2026-09-16T06:15:01+00:00,69,PONS-USD,crypto,1105497.8405789975,0.6266
2026-09-16T06:15:01+00:00,70,CASHCAT-USD,crypto,2101101.1503860005,0.15719
2026-09-16T06:15:01+00:00,71,USELESS-USD,crypto,524059.0884329996,0.20282
2026-09-16T06:15:01+00:00,72,KAITO-USD,crypto,486775.755165,0.29504
2026-09-16T06:15:01+00:00,73,ARB-USD,crypto,1667681.3223259992,0.13386
2026-09-16T06:15:01+00:00,74,LDO-USD,crypto,660943.9243590008,0.35941
2026-09-16T06:15:01+00:00,75,AVAX-USD,crypto,621217.3224139996,7.5138
2026-09-16T06:15:01+00:00,76,LTC-USD,crypto,317876.4633110003,52.804
2026-09-16T06:15:01+00:00,77,XPL-USD,crypto,358305.93245100003,0.082247
2026-09-16T06:15:01+00:00,78,XMR-USD,crypto,232012.90892899974,512.37
2026-09-16T06:15:01+00:00,79,LINK-USD,crypto,841713.6330410001,11.428
2026-09-16T06:15:01+00:00,80,VIRTUAL-USD,crypto,229320.1465949999,0.60864
2026-09-16T06:15:01+00:00,81,JUP-USD,crypto,1227137.075066005,0.2379
2026-09-16T06:15:01+00:00,82,ETHFI-USD,crypto,557093.1068049994,0.61344
2026-09-16T06:15:01+00:00,83,PENDLE-USD,crypto,277363.2689069999,2.3737
2026-09-16T06:15:01+00:00,84,MORPHO-USD,crypto,192000.91884299993,2.1604
2026-09-16T06:30:02+00:00,1,SP500-USD,index,3354004.78276223,7601
2026-09-16T06:30:02+00:00,2,GOLD-USD,commodity,2238025.791868,4294.7
2026-09-16T06:30:02+00:00,3,WTIOIL-USD,commodity,4207297.875884799,98.684
2026-09-16T06:30:02+00:00,4,NAS100-USD,index,2984240.205630002,29047
2026-09-16T06:30:02+00:00,5,SILVER-USD,commodity,1292698.9649650005,63.168
2026-09-16T06:30:02+00:00,6,BTC-USD,crypto,8119868.529999985,77379
2026-09-16T06:30:02+00:00,7,ETH-USD,crypto,11844308.732209964,2487.5
2026-09-16T06:30:02+00:00,8,SOL-USD,crypto,1806263.2972699984,101
2026-09-16T06:30:02+00:00,9,SPCX-USD,equity,93132.25832700002,148.36
2026-09-16T06:30:02+00:00,10,HYPE-USD,crypto,7553332.629254993,79.311
2026-09-16T06:30:02+00:00,11,MU-USD,equity,577867.5071850073,929.47
2026-09-16T06:30:02+00:00,13,SKHY-USD,equity,428937.59830099985,176.18
2026-09-16T06:30:02+00:00,14,SKHYNIX-USD,equity,863878.0781000006,1247.1
2026-09-16T06:30:02+00:00,15,AAPL-USD,equity,697238.3625180002,330.48
2026-09-16T06:30:02+00:00,16,MSFT-USD,equity,1993295.0309800014,500.62
2026-09-16T06:30:02+00:00,17,GOOG-USD,equity,194566.29113999996,346.43
2026-09-16T06:30:02+00:00,18,AMZN-USD,equity,1395952.8940849984,252.35
2026-09-16T06:30:02+00:00,19,NVDA-USD,equity,1254388.5721399998,212.1
2026-09-16T06:30:02+00:00,20,META-USD,equity,1226310.533787001,659.7
2026-09-16T06:30:02+00:00,21,TSLA-USD,equity,274478.09999400005,358.78
2026-09-16T06:30:02+00:00,22,AMD-USD,equity,1148921.6909230005,491.97
2026-09-16T06:30:02+00:00,23,INTC-USD,equity,3214386.984843994,97.57
2026-09-16T06:30:02+00:00,24,AVGO-USD,equity,15225.272378000001,344.99
2026-09-16T06:30:02+00:00,25,QCOM-USD,equity,246558.14387899984,178.11
2026-09-16T06:30:02+00:00,26,ARM-USD,equity,2158533.2019759985,240.41
2026-09-16T06:30:02+00:00,27,TSM-USD,equity,423965.9349590002,419.42
2026-09-16T06:30:02+00:00,28,ASML-USD,equity,221010.62635399998,1589.7
2026-09-16T06:30:02+00:00,29,SNDK-USD,equity,740866.8622649995,1563.3
2026-09-16T06:30:02+00:00,30,DRAM-USD,index,1406867.6938739999,55.529
2026-09-16T06:30:02+00:00,31,PUMP-USD,crypto,2220990.9000000022,0.003602
2026-09-16T06:30:02+00:00,32,ZEC-USD,crypto,1177378.2850400005,1141.9
2026-09-16T06:30:02+00:00,33,XRP-USD,crypto,809507.6314000005,1.4034
2026-09-16T06:30:02+00:00,34,LIT-USD,crypto,99607.53872999984,4.3536
2026-09-16T06:30:02+00:00,35,KPEPE-USD,crypto,145037.22042399988,0.003401
2026-09-16T06:30:02+00:00,36,HOOD-USD,equity,1567716.2475199967,111.96
2026-09-16T06:30:02+00:00,37,MSTR-USD,equity,1625702.9246544424,131.68
2026-09-16T06:30:02+00:00,38,STRC-USD,equity,667872.1451380008,98.252
2026-09-16T06:30:02+00:00,39,CRCL-USD,equity,5533638.204275005,92.884
2026-09-16T06:30:02+00:00,40,COIN-USD,equity,1594283.9998569984,184.27
2026-09-16T06:30:02+00:00,41,RKLB-USD,equity,898808.6680510001,62.317
2026-09-16T06:30:02+00:00,42,LITE-USD,equity,372405.4935110002,841.49
2026-09-16T06:30:02+00:00,43,NBIS-USD,equity,515407.78786400077,212.16
2026-09-16T06:30:02+00:00,44,ORCL-USD,equity,404207.0899210004,143.98
2026-09-16T06:30:02+00:00,45,PLTR-USD,equity,2009845.1994119985,171.62
2026-09-16T06:30:02+00:00,46,BRENTOIL-USD,commodity,3168059.3478400023,102.55
2026-09-16T06:30:02+00:00,47,BABA-USD,equity,468471.20590599993,109.38
2026-09-16T06:30:02+00:00,48,ZM-USD,equity,1380738.7682399994,94.91
2026-09-16T06:30:02+00:00,49,DELL-USD,equity,14472.030291000003,534.99
2026-09-16T06:30:02+00:00,50,CXMT-USD,equity,77345.59388299995,8.0583
2026-09-16T06:30:02+00:00,51,KIOXIA-USD,equity,26032.729820000004,334.99
2026-09-16T06:30:02+00:00,52,SAMSUNG-USD,equity,250200.23494500003,182.09
2026-09-16T06:30:02+00:00,53,CRWV-USD,equity,1911093.6906839977,82.748
2026-09-16T06:30:02+00:00,54,AAVE-USD,crypto,1017231.5099909997,127.05
2026-09-16T06:30:02+00:00,55,UNI-USD,crypto,943613.4860450011,6.6568
2026-09-16T06:30:02+00:00,56,WLD-USD,crypto,82126.25637199997,0.3744
2026-09-16T06:30:02+00:00,57,NEAR-USD,crypto,3689697.0588789955,2.4109
2026-09-16T06:30:02+00:00,58,KSHIB-USD,crypto,746441.2342410007,0.005159
2026-09-16T06:30:02+00:00,59,FARTCOIN-USD,crypto,709683.2550669996,0.14162
2026-09-16T06:30:02+00:00,60,DOGE-USD,crypto,1236475.180721998,0.082838
2026-09-16T06:30:02+00:00,61,ENA-USD,crypto,1706910.792693998,0.14096
2026-09-16T06:30:02+00:00,62,ONDO-USD,crypto,215789.92789199992,0.35038
2026-09-16T06:30:02+00:00,63,SUI-USD,crypto,2629619.269984998,0.70911
2026-09-16T06:30:02+00:00,64,VVV-USD,crypto,2766171.2361890012,22.004
2026-09-16T06:30:02+00:00,65,TAO-USD,crypto,1236017.4954009997,231.21
2026-09-16T06:30:02+00:00,66,ADA-USD,crypto,1467308.025405999,0.20528
2026-09-16T06:30:02+00:00,67,ZRO-USD,crypto,1294160.2175410003,0.9543
2026-09-16T06:30:02+00:00,68,BNB-USD,crypto,409232.10885600036,719.23
2026-09-16T06:30:02+00:00,69,PONS-USD,crypto,1127620.7239339976,0.61527
2026-09-16T06:30:02+00:00,70,CASHCAT-USD,crypto,2110415.7344420003,0.15482
2026-09-16T06:30:02+00:00,71,USELESS-USD,crypto,540001.6190919996,0.20073
2026-09-16T06:30:02+00:00,72,KAITO-USD,crypto,503571.847088,0.29564
2026-09-16T06:30:02+00:00,73,ARB-USD,crypto,1693224.018469999,0.13318
2026-09-16T06:30:02+00:00,74,LDO-USD,crypto,677442.300930001,0.35868
2026-09-16T06:30:02+00:00,75,AVAX-USD,crypto,635196.5911399992,7.4983
2026-09-16T06:30:02+00:00,76,LTC-USD,crypto,318797.94482900033,52.804
2026-09-16T06:30:02+00:00,77,XPL-USD,crypto,358879.75564800005,0.081737
2026-09-16T06:30:02+00:00,78,XMR-USD,crypto,227896.45353699973,511.45
2026-09-16T06:30:02+00:00,79,LINK-USD,crypto,841756.3693610001,11.428
2026-09-16T06:30:02+00:00,80,VIRTUAL-USD,crypto,229299.11218999987,0.60684
2026-09-16T06:30:02+00:00,81,JUP-USD,crypto,1228613.275312005,0.2365
2026-09-16T06:30:02+00:00,82,ETHFI-USD,crypto,556825.1567009998,0.61274
2026-09-16T06:30:02+00:00,83,PENDLE-USD,crypto,275898.608035,2.355
2026-09-16T06:30:02+00:00,84,MORPHO-USD,crypto,191798.31673899997,2.1566
2026-09-16T06:45:01+00:00,1,SP500-USD,index,3549291.9818542292,7598
2026-09-16T06:45:01+00:00,2,GOLD-USD,commodity,2241366.7142729997,4294.7
2026-09-16T06:45:01+00:00,3,WTIOIL-USD,commodity,4279699.125965797,98.752
2026-09-16T06:45:01+00:00,4,NAS100-USD,index,3158703.0703100017,29051
2026-09-16T06:45:01+00:00,5,SILVER-USD,commodity,1292667.9494770004,63.145
2026-09-16T06:45:01+00:00,6,BTC-USD,crypto,8167919.241679982,77387
2026-09-16T06:45:01+00:00,7,ETH-USD,crypto,11943592.001499958,2487.4
2026-09-16T06:45:01+00:00,8,SOL-USD,crypto,1804892.3386799984,100.95
2026-09-16T06:45:01+00:00,9,SPCX-USD,equity,93181.93259600003,148.46
2026-09-16T06:45:01+00:00,10,HYPE-USD,crypto,7551862.484794995,79.206
2026-09-16T06:45:01+00:00,11,MU-USD,equity,577867.5641900073,928.84
2026-09-16T06:45:01+00:00,13,SKHY-USD,equity,428937.59830099985,176.18
2026-09-16T06:45:01+00:00,14,SKHYNIX-USD,equity,863878.0781000006,1247.1
2026-09-16T06:45:01+00:00,15,AAPL-USD,equity,750109.571323,330.73
2026-09-16T06:45:01+00:00,16,MSFT-USD,equity,2033863.2532450014,500.62
2026-09-16T06:45:01+00:00,17,GOOG-USD,equity,219579.00299699995,346.43
2026-09-16T06:45:01+00:00,18,AMZN-USD,equity,1395952.8940849984,252.35
2026-09-16T06:45:01+00:00,19,NVDA-USD,equity,1254388.5721399998,212.1
2026-09-16T06:45:01+00:00,20,META-USD,equity,1226310.5337870012,659.7
2026-09-16T06:45:01+00:00,21,TSLA-USD,equity,259471.91313300031,358.61
2026-09-16T06:45:01+00:00,22,AMD-USD,equity,1148921.6909230005,491.97
2026-09-16T06:45:01+00:00,23,INTC-USD,equity,3214376.726585994,97.37
2026-09-16T06:45:01+00:00,24,AVGO-USD,equity,15225.272378000001,344.99
2026-09-16T06:45:01+00:00,25,QCOM-USD,equity,246558.14387899984,178.11
2026-09-16T06:45:01+00:00,26,ARM-USD,equity,2158533.201975998,240.41
2026-09-16T06:45:01+00:00,27,TSM-USD,equity,423965.93495900027,419.42
2026-09-16T06:45:01+00:00,28,ASML-USD,equity,221010.62635399998,1589.7
2026-09-16T06:45:01+00:00,29,SNDK-USD,equity,740877.7782089995,1563.3
2026-09-16T06:45:01+00:00,30,DRAM-USD,index,1406867.6938739999,55.529
2026-09-16T06:45:01+00:00,31,PUMP-USD,crypto,2213775.783158002,0.003592
2026-09-16T06:45:01+00:00,32,ZEC-USD,crypto,1177378.2850400005,1141.9
2026-09-16T06:45:01+00:00,33,XRP-USD,crypto,810479.7355000008,1.3981
2026-09-16T06:45:01+00:00,34,LIT-USD,crypto,99285.29415699985,4.3791
2026-09-16T06:45:01+00:00,35,KPEPE-USD,crypto,144799.3065839999,0.003398
2026-09-16T06:45:01+00:00,36,HOOD-USD,equity,1567716.2475199967,111.96
2026-09-16T06:45:01+00:00,37,MSTR-USD,equity,1625702.9246544421,131.68
2026-09-16T06:45:01+00:00,38,STRC-USD,equity,667872.1451380008,98.252
2026-09-16T06:45:01+00:00,39,CRCL-USD,equity,5533638.204275005,92.884
2026-09-16T06:45:01+00:00,40,COIN-USD,equity,1594581.9345889986,184.27
2026-09-16T06:45:01+00:00,41,RKLB-USD,equity,899809.3758410001,62.317
2026-09-16T06:45:01+00:00,42,LITE-USD,equity,372405.4935110002,841.49
2026-09-16T06:45:01+00:00,43,NBIS-USD,equity,515407.7878640007,212.16
2026-09-16T06:45:01+00:00,44,ORCL-USD,equity,404217.9245910004,143.98
2026-09-16T06:45:01+00:00,45,PLTR-USD,equity,2009834.0097879984,171.26
2026-09-16T06:45:01+00:00,46,BRENTOIL-USD,commodity,3217986.546800003,102.42
2026-09-16T06:45:01+00:00,47,BABA-USD,equity,468471.2059059999,109.38
2026-09-16T06:45:01+00:00,48,ZM-USD,equity,1420951.7156120022,94.91
2026-09-16T06:45:01+00:00,49,DELL-USD,equity,14472.030291,534.99
2026-09-16T06:45:01+00:00,50,CXMT-USD,equity,77058.85772399996,8.0485
2026-09-16T06:45:01+00:00,51,KIOXIA-USD,equity,26056.52766,333.96
2026-09-16T06:45:01+00:00,52,SAMSUNG-USD,equity,252454.28210500002,182.09
2026-09-16T06:45:01+00:00,53,CRWV-USD,equity,1911093.6906839977,82.748
2026-09-16T06:45:01+00:00,54,AAVE-USD,crypto,1015116.0733689994,127.05
2026-09-16T06:45:01+00:00,55,UNI-USD,crypto,944800.5454170016,6.6355
2026-09-16T06:45:01+00:00,56,WLD-USD,crypto,78905.532067,0.37400
2026-09-16T06:45:01+00:00,57,NEAR-USD,crypto,3647659.8273599944,2.4019
2026-09-16T06:45:01+00:00,58,KSHIB-USD,crypto,747005.0896920008,0.005159
2026-09-16T06:45:01+00:00,59,FARTCOIN-USD,crypto,708941.0092869996,0.14159
2026-09-16T06:45:01+00:00,60,DOGE-USD,crypto,1236572.9763819983,0.082838
2026-09-16T06:45:01+00:00,61,ENA-USD,crypto,1675614.7864779977,0.1407
2026-09-16T06:45:01+00:00,62,ONDO-USD,crypto,215654.1742399999,0.35033
2026-09-16T06:45:01+00:00,63,SUI-USD,crypto,2603060.024930998,0.70871
2026-09-16T06:45:01+00:00,64,VVV-USD,crypto,2811613.2490510033,22.004
2026-09-16T06:45:01+00:00,65,TAO-USD,crypto,1238722.8181349998,231.21
2026-09-16T06:45:01+00:00,66,ADA-USD,crypto,1456153.732527999,0.20473
2026-09-16T06:45:01+00:00,67,ZRO-USD,crypto,1295990.0457830005,0.9545
2026-09-16T06:45:01+00:00,68,BNB-USD,crypto,409232.10885600036,719.23
2026-09-16T06:45:01+00:00,69,PONS-USD,crypto,1119638.131314999,0.60742
2026-09-16T06:45:01+00:00,70,CASHCAT-USD,crypto,2132733.1917410013,0.15573
2026-09-16T06:45:01+00:00,71,USELESS-USD,crypto,541208.4948479997,0.20277
2026-09-16T06:45:01+00:00,72,KAITO-USD,crypto,549783.7758440003,0.29653
2026-09-16T06:45:01+00:00,73,ARB-USD,crypto,1713132.656908998,0.13362
2026-09-16T06:45:01+00:00,74,LDO-USD,crypto,709759.8758200012,0.35811
2026-09-16T06:45:01+00:00,75,AVAX-USD,crypto,647392.0708289992,7.493
2026-09-16T06:45:01+00:00,76,LTC-USD,crypto,318807.94612100034,52.804
2026-09-16T06:45:01+00:00,77,XPL-USD,crypto,359030.151268,0.081766
2026-09-16T06:45:01+00:00,78,XMR-USD,crypto,234517.0402179998,513.95
2026-09-16T06:45:01+00:00,79,LINK-USD,crypto,841746.3584330002,11.428
2026-09-16T06:45:01+00:00,80,VIRTUAL-USD,crypto,229239.04509499986,0.60642
2026-09-16T06:45:01+00:00,81,JUP-USD,crypto,1220260.839192004,0.23619
2026-09-16T06:45:01+00:00,82,ETHFI-USD,crypto,558013.7103299998,0.61423
2026-09-16T06:45:01+00:00,83,PENDLE-USD,crypto,273647.35201500007,2.3623
2026-09-16T06:45:01+00:00,84,MORPHO-USD,crypto,189290.8968819999,2.151
2026-09-16T07:00:02+00:00,1,SP500-USD,index,3544689.6599292294,7595.8
2026-09-16T07:00:02+00:00,2,GOLD-USD,commodity,2281844.6379149994,4291.8
2026-09-16T07:00:02+00:00,3,WTIOIL-USD,commodity,4272783.4967047945,98.846
2026-09-16T07:00:02+00:00,4,NAS100-USD,index,3155928.0196400015,29034
2026-09-16T07:00:02+00:00,5,SILVER-USD,commodity,1341355.5262710003,63.019
2026-09-16T07:00:02+00:00,6,BTC-USD,crypto,8138253.112059984,77217
2026-09-16T07:00:02+00:00,7,ETH-USD,crypto,11962063.903349958,2484
2026-09-16T07:00:02+00:00,8,SOL-USD,crypto,1774811.6693099984,100.84
2026-09-16T07:00:02+00:00,9,SPCX-USD,equity,93181.93259600003,148.46
2026-09-16T07:00:02+00:00,10,HYPE-USD,crypto,7571879.302860997,79.142
2026-09-16T07:00:02+00:00,11,MU-USD,equity,577867.5641900073,928.84
2026-09-16T07:00:02+00:00,13,SKHY-USD,equity,428886.1537409998,176.18
2026-09-16T07:00:02+00:00,14,SKHYNIX-USD,equity,864277.1637500006,1247.1
2026-09-16T07:00:02+00:00,15,AAPL-USD,equity,749964.55998,330.41
2026-09-16T07:00:02+00:00,16,MSFT-USD,equity,2033863.2532450014,500.62
2026-09-16T07:00:02+00:00,17,GOOG-USD,equity,219579.00299699995,346.43
2026-09-16T07:00:02+00:00,18,AMZN-USD,equity,1395952.8940849984,252.35
2026-09-16T07:00:02+00:00,19,NVDA-USD,equity,1254329.0144599997,212.03
2026-09-16T07:00:02+00:00,20,META-USD,equity,1226310.5337870012,659.7
2026-09-16T07:00:02+00:00,21,TSLA-USD,equity,236952.8817680002,358.46
2026-09-16T07:00:02+00:00,22,AMD-USD,equity,1148921.6909230005,491.97
2026-09-16T07:00:02+00:00,23,INTC-USD,equity,3214411.0122989938,97.37
2026-09-16T07:00:02+00:00,24,AVGO-USD,equity,15214.232698,344.8
2026-09-16T07:00:02+00:00,25,QCOM-USD,equity,246558.14387899984,178.11
2026-09-16T07:00:02+00:00,26,ARM-USD,equity,2158533.201975998,240.41
2026-09-16T07:00:02+00:00,27,TSM-USD,equity,423965.93495900027,419.42
2026-09-16T07:00:02+00:00,28,ASML-USD,equity,220999.805454,1595.8
2026-09-16T07:00:02+00:00,29,SNDK-USD,equity,740877.7782089995,1563.3
2026-09-16T07:00:02+00:00,30,DRAM-USD,index,1406857.643125,55.521
2026-09-16T07:00:02+00:00,31,PUMP-USD,crypto,2192490.620248002,0.003587
2026-09-16T07:00:02+00:00,32,ZEC-USD,crypto,1198010.6151600005,1142.7
2026-09-16T07:00:02+00:00,33,XRP-USD,crypto,810495.2815000004,1.3981
2026-09-16T07:00:02+00:00,34,LIT-USD,crypto,94138.63382399986,4.3882
2026-09-16T07:00:02+00:00,35,KPEPE-USD,crypto,144290.9132359999,0.003392
2026-09-16T07:00:02+00:00,36,HOOD-USD,equity,1567716.2475199967,111.96
2026-09-16T07:00:02+00:00,37,MSTR-USD,equity,1624124.160514442,131.12
2026-09-16T07:00:02+00:00,38,STRC-USD,equity,667872.1451380008,98.252
2026-09-16T07:00:02+00:00,39,CRCL-USD,equity,5526176.048578004,92.891
2026-09-16T07:00:02+00:00,40,COIN-USD,equity,1594581.9345889986,184.27
2026-09-16T07:00:02+00:00,41,RKLB-USD,equity,899809.3758410001,62.317
2026-09-16T07:00:02+00:00,42,LITE-USD,equity,372405.4935110002,841.49
2026-09-16T07:00:02+00:00,43,NBIS-USD,equity,515407.7878640007,212.16
2026-09-16T07:00:02+00:00,44,ORCL-USD,equity,404217.9245910004,143.98
2026-09-16T07:00:02+00:00,45,PLTR-USD,equity,2009822.8436359984,171.08
2026-09-16T07:00:02+00:00,46,BRENTOIL-USD,commodity,3162583.1030700025,102.65
2026-09-16T07:00:02+00:00,47,BABA-USD,equity,468471.2059059999,109.38
2026-09-16T07:00:02+00:00,48,ZM-USD,equity,1421120.7662140022,94.91
2026-09-16T07:00:02+00:00,49,DELL-USD,equity,14460.849000000002,534.98
2026-09-16T07:00:02+00:00,50,CXMT-USD,equity,76939.92350299995,8.0453
2026-09-16T07:00:02+00:00,51,KIOXIA-USD,equity,25881.101109999996,333.62
2026-09-16T07:00:02+00:00,52,SAMSUNG-USD,equity,252454.28210500002,182.09
2026-09-16T07:00:02+00:00,53,CRWV-USD,equity,1911093.6906839977,82.748
2026-09-16T07:00:02+00:00,54,AAVE-USD,crypto,1006956.1770989994,126.97
2026-09-16T07:00:02+00:00,55,UNI-USD,crypto,938954.4903640009,6.5947
2026-09-16T07:00:02+00:00,56,WLD-USD,crypto,76001.93203399995,0.37336
2026-09-16T07:00:02+00:00,57,NEAR-USD,crypto,3558668.8556199926,2.3902
2026-09-16T07:00:02+00:00,58,KSHIB-USD,crypto,748122.3588960005,0.005159
2026-09-16T07:00:02+00:00,59,FARTCOIN-USD,crypto,708535.2953169994,0.14092
2026-09-16T07:00:02+00:00,60,DOGE-USD,crypto,1199304.188496998,0.082617
2026-09-16T07:00:02+00:00,61,ENA-USD,crypto,1666521.8614069975,0.14028
2026-09-16T07:00:02+00:00,62,ONDO-USD,crypto,215654.1742399999,0.35023
2026-09-16T07:00:02+00:00,63,SUI-USD,crypto,2590906.6496329983,0.70846
2026-09-16T07:00:02+00:00,64,VVV-USD,crypto,2811243.622616003,22.001
2026-09-16T07:00:02+00:00,65,TAO-USD,crypto,1240783.5012909998,230.19
2026-09-16T07:00:02+00:00,66,ADA-USD,crypto,1443335.7435299987,0.20434
2026-09-16T07:00:02+00:00,67,ZRO-USD,crypto,1285718.4533320006,0.9531
2026-09-16T07:00:02+00:00,68,BNB-USD,crypto,408829.91473300033,718.38
2026-09-16T07:00:02+00:00,69,PONS-USD,crypto,1116576.2720649985,0.60969
2026-09-16T07:00:02+00:00,70,CASHCAT-USD,crypto,2145533.393876001,0.15522
2026-09-16T07:00:02+00:00,71,USELESS-USD,crypto,565233.4016289997,0.20228
2026-09-16T07:00:02+00:00,72,KAITO-USD,crypto,543233.1940649998,0.29533
2026-09-16T07:00:02+00:00,73,ARB-USD,crypto,1710040.754032999,0.13325
2026-09-16T07:00:02+00:00,74,LDO-USD,crypto,724969.3298600012,0.35857
2026-09-16T07:00:02+00:00,75,AVAX-USD,crypto,649453.1118859991,7.4683
2026-09-16T07:00:02+00:00,76,LTC-USD,crypto,318984.7625870003,52.804
2026-09-16T07:00:02+00:00,77,XPL-USD,crypto,360254.19483600033,0.081805
2026-09-16T07:00:02+00:00,78,XMR-USD,crypto,239070.6802689997,514.5
2026-09-16T07:00:02+00:00,79,LINK-USD,crypto,841746.3578890001,11.404
2026-09-16T07:00:02+00:00,80,VIRTUAL-USD,crypto,273042.7920229998,0.60593
2026-09-16T07:00:02+00:00,81,JUP-USD,crypto,1209634.6531580044,0.23479
2026-09-16T07:00:02+00:00,82,ETHFI-USD,crypto,564751.6852389998,0.61263
2026-09-16T07:00:02+00:00,83,PENDLE-USD,crypto,272166.46516300016,2.3611
2026-09-16T07:00:02+00:00,84,MORPHO-USD,crypto,202189.76826499996,2.1464
2026-09-16T07:15:01+00:00,1,SP500-USD,index,3730185.6876062294,7589.9
2026-09-16T07:15:01+00:00,2,GOLD-USD,commodity,2421187.9429019997,4289.6
2026-09-16T07:15:01+00:00,3,WTIOIL-USD,commodity,4270436.024758796,98.718
2026-09-16T07:15:01+00:00,4,NAS100-USD,index,3289832.2573100026,29043
2026-09-16T07:15:01+00:00,5,SILVER-USD,commodity,1756162.2300170003,63.115
2026-09-16T07:15:01+00:00,6,BTC-USD,crypto,8291696.545499981,77148
2026-09-16T07:15:01+00:00,7,ETH-USD,crypto,12020005.954609966,2479.8
2026-09-16T07:15:01+00:00,8,SOL-USD,crypto,1717791.3863199977,100.80
2026-09-16T07:15:01+00:00,9,SPCX-USD,equity,93181.93259600003,148.46
2026-09-16T07:15:01+00:00,10,HYPE-USD,crypto,7666156.375931996,79.171
2026-09-16T07:15:01+00:00,11,MU-USD,equity,578194.4300900073,928.84
2026-09-16T07:15:01+00:00,13,SKHY-USD,equity,428886.1537409998,176.25
2026-09-16T07:15:01+00:00,14,SKHYNIX-USD,equity,858690.5075500006,1249.9
2026-09-16T07:15:01+00:00,15,AAPL-USD,equity,799912.0600089999,330.23
2026-09-16T07:15:01+00:00,16,MSFT-USD,equity,2083853.3568190013,500.62
2026-09-16T07:15:01+00:00,17,GOOG-USD,equity,219579.00299699995,346.43
2026-09-16T07:15:01+00:00,18,AMZN-USD,equity,1395952.8940849984,252.35
2026-09-16T07:15:01+00:00,19,NVDA-USD,equity,1254329.0144599997,212.03
2026-09-16T07:15:01+00:00,20,META-USD,equity,1226310.5337870012,659.7
2026-09-16T07:15:01+00:00,21,TSLA-USD,equity,241772.6749580002,357.82
2026-09-16T07:15:01+00:00,22,AMD-USD,equity,1149216.6215980004,491.97
2026-09-16T07:15:01+00:00,23,INTC-USD,equity,3214423.879916994,97.45
2026-09-16T07:15:01+00:00,24,AVGO-USD,equity,13595.189817999999,344.65
2026-09-16T07:15:01+00:00,25,QCOM-USD,equity,250787.24539099983,178.11
2026-09-16T07:15:01+00:00,26,ARM-USD,equity,2158632.614616998,240.41
2026-09-16T07:15:01+00:00,27,TSM-USD,equity,423965.93495900027,419.42
2026-09-16T07:15:01+00:00,28,ASML-USD,equity,219888.79617400002,1613.4
2026-09-16T07:15:01+00:00,29,SNDK-USD,equity,740877.7782089995,1563.3
2026-09-16T07:15:01+00:00,30,DRAM-USD,index,1407179.913643,55.521
2026-09-16T07:15:01+00:00,31,PUMP-USD,crypto,2175689.9754440016,0.003593
2026-09-16T07:15:01+00:00,32,ZEC-USD,crypto,1181967.131790001,1146.7
2026-09-16T07:15:01+00:00,33,XRP-USD,crypto,827158.2402000007,1.3981
2026-09-16T07:15:01+00:00,34,LIT-USD,crypto,90901.34670799987,4.3916
2026-09-16T07:15:01+00:00,35,KPEPE-USD,crypto,143533.74109599993,0.003418
2026-09-16T07:15:01+00:00,36,HOOD-USD,equity,1567738.0611799967,111.96
2026-09-16T07:15:01+00:00,37,MSTR-USD,equity,1628971.2063444417,131.12
2026-09-16T07:15:01+00:00,38,STRC-USD,equity,667872.1451380008,98.252
2026-09-16T07:15:01+00:00,39,CRCL-USD,equity,5551669.190302005,92.756
2026-09-16T07:15:01+00:00,40,COIN-USD,equity,1593950.7774789985,183.99
2026-09-16T07:15:01+00:00,41,RKLB-USD,equity,900935.6728090001,62.317
2026-09-16T07:15:01+00:00,42,LITE-USD,equity,372405.4935110002,841.49
2026-09-16T07:15:01+00:00,43,NBIS-USD,equity,515407.7878640007,212.16
2026-09-16T07:15:01+00:00,44,ORCL-USD,equity,404217.9245910004,143.98
2026-09-16T07:15:01+00:00,45,PLTR-USD,equity,2009834.0078079985,171.08
2026-09-16T07:15:01+00:00,46,BRENTOIL-USD,commodity,3176884.563670002,102.42
2026-09-16T07:15:01+00:00,47,BABA-USD,equity,468471.2059059999,109.38
2026-09-16T07:15:01+00:00,48,ZM-USD,equity,1421120.7662140022,94.91
2026-09-16T07:15:01+00:00,49,DELL-USD,equity,14449.667918,535.53
2026-09-16T07:15:01+00:00,50,CXMT-USD,equity,74806.64447899997,8.062
2026-09-16T07:15:01+00:00,51,KIOXIA-USD,equity,25778.188049999997,334.06
2026-09-16T07:15:01+00:00,52,SAMSUNG-USD,equity,252454.28210500002,182.09
2026-09-16T07:15:01+00:00,53,CRWV-USD,equity,1911069.5362979975,82.633
2026-09-16T07:15:01+00:00,54,AAVE-USD,crypto,827080.5270179991,126.97
2026-09-16T07:15:01+00:00,55,UNI-USD,crypto,919960.0865180006,6.6039
2026-09-16T07:15:01+00:00,56,WLD-USD,crypto,73588.86606399994,0.37525
2026-09-16T07:15:01+00:00,57,NEAR-USD,crypto,3424118.9496999965,2.3822
2026-09-16T07:15:01+00:00,58,KSHIB-USD,crypto,749081.6900830005,0.005159
2026-09-16T07:15:01+00:00,59,FARTCOIN-USD,crypto,774937.5277859996,0.14094
2026-09-16T07:15:01+00:00,60,DOGE-USD,crypto,1137429.8761389982,0.08269
2026-09-16T07:15:01+00:00,61,ENA-USD,crypto,1695828.9331809976,0.14028
2026-09-16T07:15:01+00:00,62,ONDO-USD,crypto,194541.97902399997,0.35066
2026-09-16T07:15:01+00:00,63,SUI-USD,crypto,2587496.9186729975,0.70839
2026-09-16T07:15:01+00:00,64,VVV-USD,crypto,2819078.7738740016,21.997
2026-09-16T07:15:01+00:00,65,TAO-USD,crypto,1249996.6790500002,229.99
2026-09-16T07:15:01+00:00,66,ADA-USD,crypto,1446828.5155879986,0.20441
2026-09-16T07:15:01+00:00,67,ZRO-USD,crypto,1268051.7006400006,0.9527
2026-09-16T07:15:01+00:00,68,BNB-USD,crypto,408620.2022890003,717.61
2026-09-16T07:15:01+00:00,69,PONS-USD,crypto,1104050.7012149978,0.61226
2026-09-16T07:15:01+00:00,70,CASHCAT-USD,crypto,2158765.189427001,0.15414
2026-09-16T07:15:01+00:00,71,USELESS-USD,crypto,598765.4668349996,0.20042
2026-09-16T07:15:01+00:00,72,KAITO-USD,crypto,552913.1101039996,0.29503
2026-09-16T07:15:01+00:00,73,ARB-USD,crypto,1751694.9004180003,0.13321
2026-09-16T07:15:01+00:00,74,LDO-USD,crypto,769649.9832910013,0.35857
2026-09-16T07:15:01+00:00,75,AVAX-USD,crypto,651091.7374779988,7.4806
2026-09-16T07:15:01+00:00,76,LTC-USD,crypto,319131.5836620003,52.804
2026-09-16T07:15:01+00:00,77,XPL-USD,crypto,361056.2434900003,0.081805
2026-09-16T07:15:01+00:00,78,XMR-USD,crypto,245109.55260899974,514.73
2026-09-16T07:15:01+00:00,79,LINK-USD,crypto,835803.7214050002,11.406
2026-09-16T07:15:01+00:00,80,VIRTUAL-USD,crypto,274403.4530729998,0.60527
2026-09-16T07:15:01+00:00,81,JUP-USD,crypto,1202466.081037003,0.23524
2026-09-16T07:15:01+00:00,82,ETHFI-USD,crypto,564432.4423169998,0.61327
2026-09-16T07:15:01+00:00,83,PENDLE-USD,crypto,272200.45749200013,2.3617
2026-09-16T07:15:01+00:00,84,MORPHO-USD,crypto,209472.95057200012,2.1445
2026-09-16T07:30:01+00:00,1,SP500-USD,index,3727671.68813223,7587.8
2026-09-16T07:30:01+00:00,2,GOLD-USD,commodity,2497074.8215789995,4292.4
2026-09-16T07:30:01+00:00,3,WTIOIL-USD,commodity,4257690.037255799,98.776
2026-09-16T07:30:01+00:00,4,NAS100-USD,index,3297181.5918000024,29043
2026-09-16T07:30:01+00:00,5,SILVER-USD,commodity,1840970.6566640004,63.059
2026-09-16T07:30:01+00:00,6,BTC-USD,crypto,8337306.301789982,77235
2026-09-16T07:30:01+00:00,7,ETH-USD,crypto,11999630.155789971,2481.9
2026-09-16T07:30:01+00:00,8,SOL-USD,crypto,1718004.8687049982,100.7
2026-09-16T07:30:01+00:00,9,SPCX-USD,equity,93071.38792200004,148.29
2026-09-16T07:30:01+00:00,10,HYPE-USD,crypto,7848620.342546997,78.977
2026-09-16T07:30:01+00:00,11,MU-USD,equity,578194.4300900073,928.84
2026-09-16T07:30:01+00:00,13,SKHY-USD,equity,428886.1537409998,176.25
2026-09-16T07:30:01+00:00,14,SKHYNIX-USD,equity,858690.5075500006,1249.9
2026-09-16T07:30:01+00:00,15,AAPL-USD,equity,799912.0600089999,330.23
2026-09-16T07:30:01+00:00,16,MSFT-USD,equity,2060578.0246720016,500.24
2026-09-16T07:30:01+00:00,17,GOOG-USD,equity,219579.00299699995,346.43
2026-09-16T07:30:01+00:00,18,AMZN-USD,equity,1395952.8940849984,252.35
2026-09-16T07:30:01+00:00,19,NVDA-USD,equity,1246103.5014369998,211.9
2026-09-16T07:30:01+00:00,20,META-USD,equity,1226321.771885001,659.7
2026-09-16T07:30:01+00:00,21,TSLA-USD,equity,241772.6749580002,357.82
2026-09-16T07:30:01+00:00,22,AMD-USD,equity,1149216.6215980004,492
2026-09-16T07:30:01+00:00,23,INTC-USD,equity,3214435.370802994,97.45
2026-09-16T07:30:01+00:00,24,AVGO-USD,equity,13595.189817999999,344.65
2026-09-16T07:30:01+00:00,25,QCOM-USD,equity,250798.35906199983,178.11
2026-09-16T07:30:01+00:00,26,ARM-USD,equity,2158632.614616998,240.41
2026-09-16T07:30:01+00:00,27,TSM-USD,equity,423965.93495900027,419.42
2026-09-16T07:30:01+00:00,28,ASML-USD,equity,219877.56691000002,1613.4
2026-09-16T07:30:01+00:00,29,SNDK-USD,equity,740899.6646129995,1563.3
2026-09-16T07:30:01+00:00,30,DRAM-USD,index,1407179.913643,55.521
2026-09-16T07:30:01+00:00,31,PUMP-USD,crypto,2169187.0776070016,0.003592
2026-09-16T07:30:01+00:00,32,ZEC-USD,crypto,1194842.696020001,1139.2
2026-09-16T07:30:01+00:00,33,XRP-USD,crypto,856534.6217000003,1.3981
2026-09-16T07:30:01+00:00,34,LIT-USD,crypto,87837.18948099989,4.3704
2026-09-16T07:30:01+00:00,35,KPEPE-USD,crypto,142795.82955999995,0.003418
2026-09-16T07:30:01+00:00,36,HOOD-USD,equity,1567748.9501899967,111.96
2026-09-16T07:30:01+00:00,37,MSTR-USD,equity,1628971.206344442,131.12
2026-09-16T07:30:01+00:00,38,STRC-USD,equity,667872.1451380008,98.252
2026-09-16T07:30:01+00:00,39,CRCL-USD,equity,5561687.131223006,92.756
2026-09-16T07:30:01+00:00,40,COIN-USD,equity,1593950.7774789985,183.99
2026-09-16T07:30:01+00:00,41,RKLB-USD,equity,900924.7673340001,62.19
2026-09-16T07:30:01+00:00,42,LITE-USD,equity,372405.4935110002,841.49
2026-09-16T07:30:01+00:00,43,NBIS-USD,equity,502660.82143200067,211.06
2026-09-16T07:30:01+00:00,44,ORCL-USD,equity,404228.7823610004,143.98
2026-09-16T07:30:01+00:00,45,PLTR-USD,equity,2014090.4747939985,170.9
2026-09-16T07:30:01+00:00,46,BRENTOIL-USD,commodity,3176886.438260002,102.33
2026-09-16T07:30:01+00:00,47,BABA-USD,equity,468471.2059059999,109.38
2026-09-16T07:30:01+00:00,48,ZM-USD,equity,1421120.7662140022,94.91
2026-09-16T07:30:01+00:00,49,DELL-USD,equity,14427.271477999999,536.59
2026-09-16T07:30:01+00:00,50,CXMT-USD,equity,74806.64447899997,8.062
2026-09-16T07:30:01+00:00,51,KIOXIA-USD,equity,25778.188049999997,334.06
2026-09-16T07:30:01+00:00,52,SAMSUNG-USD,equity,252454.28210500002,182.09
2026-09-16T07:30:01+00:00,53,CRWV-USD,equity,1911069.5362979975,82.633
2026-09-16T07:30:01+00:00,54,AAVE-USD,crypto,789491.0483049998,127.19
2026-09-16T07:30:01+00:00,55,UNI-USD,crypto,937829.9669870008,6.597
2026-09-16T07:30:01+00:00,56,WLD-USD,crypto,73130.80658199995,0.37397
2026-09-16T07:30:01+00:00,57,NEAR-USD,crypto,3418894.7846259973,2.3730
2026-09-16T07:30:01+00:00,58,KSHIB-USD,crypto,749845.9514330004,0.005159
2026-09-16T07:30:01+00:00,59,FARTCOIN-USD,crypto,788275.6253060004,0.14138
2026-09-16T07:30:01+00:00,60,DOGE-USD,crypto,1126853.1659699988,0.082821
2026-09-16T07:30:01+00:00,61,ENA-USD,crypto,1725630.5346779975,0.14076
2026-09-16T07:30:01+00:00,62,ONDO-USD,crypto,200510.71926699998,0.34654
2026-09-16T07:30:01+00:00,63,SUI-USD,crypto,2590518.190357997,0.70763
2026-09-16T07:30:01+00:00,64,VVV-USD,crypto,2852484.7646570015,22.099
2026-09-16T07:30:01+00:00,65,TAO-USD,crypto,1266891.4688089998,230.21
2026-09-16T07:30:01+00:00,66,ADA-USD,crypto,1503402.6051669994,0.20388
2026-09-16T07:30:01+00:00,67,ZRO-USD,crypto,1265162.588655001,0.9531
2026-09-16T07:30:01+00:00,68,BNB-USD,crypto,410045.3622890003,717.43
2026-09-16T07:30:01+00:00,69,PONS-USD,crypto,1100139.5524259978,0.60385
2026-09-16T07:30:01+00:00,70,CASHCAT-USD,crypto,2233604.125488001,0.15549
2026-09-16T07:30:01+00:00,71,USELESS-USD,crypto,668100.7000829997,0.19917
2026-09-16T07:30:01+00:00,72,KAITO-USD,crypto,575864.1041609996,0.29521
2026-09-16T07:30:01+00:00,73,ARB-USD,crypto,1793420.1277970006,0.13283
2026-09-16T07:30:01+00:00,74,LDO-USD,crypto,767847.5094810013,0.35709
2026-09-16T07:30:01+00:00,75,AVAX-USD,crypto,647660.2146189983,7.4641
2026-09-16T07:30:01+00:00,76,LTC-USD,crypto,320521.1799640003,52.667
2026-09-16T07:30:01+00:00,77,XPL-USD,crypto,359154.0873400003,0.081643
2026-09-16T07:30:01+00:00,78,XMR-USD,crypto,250176.59151799977,515.8
2026-09-16T07:30:01+00:00,79,LINK-USD,crypto,834273.9686950003,11.357
2026-09-16T07:30:01+00:00,80,VIRTUAL-USD,crypto,278357.12182999984,0.60454
2026-09-16T07:30:01+00:00,81,JUP-USD,crypto,1202067.2231960024,0.23558
2026-09-16T07:30:01+00:00,82,ETHFI-USD,crypto,587564.8982639998,0.61143
2026-09-16T07:30:01+00:00,83,PENDLE-USD,crypto,270596.2982350001,2.3678
2026-09-16T07:30:01+00:00,84,MORPHO-USD,crypto,218124.53563300008,2.1494
2026-09-16T07:45:01+00:00,1,SP500-USD,index,3671110.3101402307,7585.2
2026-09-16T07:45:01+00:00,2,GOLD-USD,commodity,2596734.528342997,4284
2026-09-16T07:45:01+00:00,3,WTIOIL-USD,commodity,4286150.176087805,98.68
2026-09-16T07:45:01+00:00,4,NAS100-USD,index,3295730.916250003,29011
2026-09-16T07:45:01+00:00,5,SILVER-USD,commodity,1843757.3653090002,62.908
2026-09-16T07:45:01+00:00,6,BTC-USD,crypto,8095771.383709977,77022
2026-09-16T07:45:01+00:00,7,ETH-USD,crypto,11926167.48269997,2476.1
2026-09-16T07:45:01+00:00,8,SOL-USD,crypto,1715142.6800089981,100.41
2026-09-16T07:45:01+00:00,9,SPCX-USD,equity,93103.46458200004,148.29
2026-09-16T07:45:01+00:00,10,HYPE-USD,crypto,7848962.320396999,78.71
2026-09-16T07:45:01+00:00,11,MU-USD,equity,578194.4300900073,928.84
2026-09-16T07:45:01+00:00,13,SKHY-USD,equity,409392.4059909998,175.17
2026-09-16T07:45:01+00:00,14,SKHYNIX-USD,equity,846172.7594500006,1247.9
2026-09-16T07:45:01+00:00,15,AAPL-USD,equity,799923.0863049999,330.23
2026-09-16T07:45:01+00:00,16,MSFT-USD,equity,2060174.8436560014,499.73
2026-09-16T07:45:01+00:00,17,GOOG-USD,equity,219529.98315199994,345.04
2026-09-16T07:45:01+00:00,18,AMZN-USD,equity,1395952.8940849984,252.35
2026-09-16T07:45:01+00:00,19,NVDA-USD,equity,1243266.8350869997,211.86
2026-09-16T07:45:01+00:00,20,META-USD,equity,1226321.771885001,659.7
2026-09-16T07:45:01+00:00,21,TSLA-USD,equity,241618.2398460002,357.82
2026-09-16T07:45:01+00:00,22,AMD-USD,equity,1149267.8814500005,491.47
2026-09-16T07:45:01+00:00,23,INTC-USD,equity,3214345.0060839937,97.27
2026-09-16T07:45:01+00:00,24,AVGO-USD,equity,13636.41934,344.65
2026-09-16T07:45:01+00:00,25,QCOM-USD,equity,250809.46157999983,178.11
2026-09-16T07:45:01+00:00,26,ARM-USD,equity,2158582.6093369983,239.52
2026-09-16T07:45:01+00:00,27,TSM-USD,equity,423965.93495900027,419.42
2026-09-16T07:45:01+00:00,28,ASML-USD,equity,219863.04631,1613
2026-09-16T07:45:01+00:00,29,SNDK-USD,equity,740899.6646129995,1563.3
2026-09-16T07:45:01+00:00,30,DRAM-USD,index,1409171.340832,55.307
2026-09-16T07:45:01+00:00,31,PUMP-USD,crypto,2169771.693933001,0.003563
2026-09-16T07:45:01+00:00,32,ZEC-USD,crypto,1194698.1884500012,1140.4
2026-09-16T07:45:01+00:00,33,XRP-USD,crypto,841015.6778999999,1.3944
2026-09-16T07:45:01+00:00,34,LIT-USD,crypto,87881.6772249999,4.3852
2026-09-16T07:45:01+00:00,35,KPEPE-USD,crypto,141764.83190199995,0.003412
2026-09-16T07:45:01+00:00,36,HOOD-USD,equity,1567688.0752399964,111.85
2026-09-16T07:45:01+00:00,37,MSTR-USD,equity,1631364.9979044423,131.12
2026-09-16T07:45:01+00:00,38,STRC-USD,equity,667872.1451380008,98.252
2026-09-16T07:45:01+00:00,39,CRCL-USD,equity,5564278.309902006,92.512
2026-09-16T07:45:01+00:00,40,COIN-USD,equity,1593900.7689969987,183.17
2026-09-16T07:45:01+00:00,41,RKLB-USD,equity,900924.7673340001,62.19
2026-09-16T07:45:01+00:00,42,LITE-USD,equity,372405.4935110002,841.49
2026-09-16T07:45:01+00:00,43,NBIS-USD,equity,502671.88045200065,211.06
2026-09-16T07:45:01+00:00,44,ORCL-USD,equity,404228.68610100046,143.68
2026-09-16T07:45:01+00:00,45,PLTR-USD,equity,2014052.5854529983,170.85
2026-09-16T07:45:01+00:00,46,BRENTOIL-USD,commodity,3180655.394400002,102.66
2026-09-16T07:45:01+00:00,47,BABA-USD,equity,468471.2059059999,109.38
2026-09-16T07:45:01+00:00,48,ZM-USD,equity,1421120.7662140022,94.91
2026-09-16T07:45:01+00:00,49,DELL-USD,equity,13277.090812999999,534.45
2026-09-16T07:45:01+00:00,50,CXMT-USD,equity,74058.19492099996,8.0637
2026-09-16T07:45:01+00:00,51,KIOXIA-USD,equity,25778.188049999997,334.06
2026-09-16T07:45:01+00:00,52,SAMSUNG-USD,equity,252454.28210500002,182.09
2026-09-16T07:45:01+00:00,53,CRWV-USD,equity,1911020.5349289975,82.516
2026-09-16T07:45:01+00:00,54,AAVE-USD,crypto,779655.967032,126.55
2026-09-16T07:45:01+00:00,55,UNI-USD,crypto,937522.023792001,6.5731
2026-09-16T07:45:01+00:00,56,WLD-USD,crypto,72633.40489599992,0.37241
2026-09-16T07:45:01+00:00,57,NEAR-USD,crypto,3301580.563752,2.3461
2026-09-16T07:45:01+00:00,58,KSHIB-USD,crypto,729789.0762700008,0.005146
2026-09-16T07:45:01+00:00,59,FARTCOIN-USD,crypto,787667.7310260003,0.14159
2026-09-16T07:45:01+00:00,60,DOGE-USD,crypto,1100592.2017489988,0.082591
2026-09-16T07:45:01+00:00,61,ENA-USD,crypto,1721729.2848169976,0.14032
2026-09-16T07:45:01+00:00,62,ONDO-USD,crypto,200510.71926699998,0.34654
2026-09-16T07:45:01+00:00,63,SUI-USD,crypto,2559587.553631997,0.70611
2026-09-16T07:45:01+00:00,64,VVV-USD,crypto,2811384.787864004,21.961
2026-09-16T07:45:01+00:00,65,TAO-USD,crypto,1261109.9570609995,228.63
2026-09-16T07:45:01+00:00,66,ADA-USD,crypto,1474985.0466649996,0.20367
2026-09-16T07:45:01+00:00,67,ZRO-USD,crypto,1251648.0297380006,0.9505
2026-09-16T07:45:01+00:00,68,BNB-USD,crypto,407343.06249000033,714.51
2026-09-16T07:45:01+00:00,69,PONS-USD,crypto,1099069.2995269988,0.59844
2026-09-16T07:45:01+00:00,70,CASHCAT-USD,crypto,2256719.2592960005,0.15388
2026-09-16T07:45:01+00:00,71,USELESS-USD,crypto,671021.9037619999,0.1989
2026-09-16T07:45:01+00:00,72,KAITO-USD,crypto,592425.9013879998,0.29462
2026-09-16T07:45:01+00:00,73,ARB-USD,crypto,1840850.9062910017,0.13297
2026-09-16T07:45:01+00:00,74,LDO-USD,crypto,763768.9540120013,0.35518
2026-09-16T07:45:01+00:00,75,AVAX-USD,crypto,651795.2895369985,7.4582
2026-09-16T07:45:01+00:00,76,LTC-USD,crypto,320500.6407840003,52.479
2026-09-16T07:45:01+00:00,77,XPL-USD,crypto,358244.91220900026,0.081821
2026-09-16T07:45:01+00:00,78,XMR-USD,crypto,250196.66462999975,516.41
2026-09-16T07:45:01+00:00,79,LINK-USD,crypto,746509.9530339999,11.371
2026-09-16T07:45:01+00:00,80,VIRTUAL-USD,crypto,278311.9923819998,0.60446
2026-09-16T07:45:01+00:00,81,JUP-USD,crypto,1199671.1286320027,0.23428
2026-09-16T07:45:01+00:00,82,ETHFI-USD,crypto,586960.0239589998,0.60813
2026-09-16T07:45:01+00:00,83,PENDLE-USD,crypto,270586.2777310001,2.3404
2026-09-16T07:45:01+00:00,84,MORPHO-USD,crypto,218546.72899800006,2.1319
2026-09-16T08:00:02+00:00,1,SP500-USD,index,3613623.8720792294,7586.6
2026-09-16T08:00:02+00:00,2,GOLD-USD,commodity,2671655.072511999,4277.2
2026-09-16T08:00:02+00:00,3,WTIOIL-USD,commodity,4279292.745776803,99
2026-09-16T08:00:02+00:00,4,NAS100-USD,index,3215878.1847200026,28968
2026-09-16T08:00:02+00:00,5,SILVER-USD,commodity,1842023.4918010004,62.757
2026-09-16T08:00:02+00:00,6,BTC-USD,crypto,7995214.56019998,76872
2026-09-16T08:00:02+00:00,7,ETH-USD,crypto,11901037.958299968,2472
2026-09-16T08:00:02+00:00,8,SOL-USD,crypto,1715191.3947619982,100.33
2026-09-16T08:00:02+00:00,9,SPCX-USD,equity,93103.46458200004,148.29
2026-09-16T08:00:02+00:00,10,HYPE-USD,crypto,7846734.226409998,78.634
2026-09-16T08:00:02+00:00,11,MU-USD,equity,578205.5889580073,928.84
2026-09-16T08:00:02+00:00,13,SKHY-USD,equity,409392.4059909998,175.17
2026-09-16T08:00:02+00:00,14,SKHYNIX-USD,equity,846097.7386600006,1246
2026-09-16T08:00:02+00:00,15,AAPL-USD,equity,799923.0863049999,330.23
2026-09-16T08:00:02+00:00,16,MSFT-USD,equity,2060185.8127700016,499.73
2026-09-16T08:00:02+00:00,17,GOOG-USD,equity,219529.98315199994,345.04
2026-09-16T08:00:02+00:00,18,AMZN-USD,equity,1395952.8940849984,252.35
2026-09-16T08:00:02+00:00,19,NVDA-USD,equity,1243266.6867849997,211.54
2026-09-16T08:00:02+00:00,20,META-USD,equity,1226302.701115001,659.16
2026-09-16T08:00:02+00:00,21,TSLA-USD,equity,241436.9956300002,357.94
2026-09-16T08:00:02+00:00,22,AMD-USD,equity,1149267.8814500005,491.47
2026-09-16T08:00:02+00:00,23,INTC-USD,equity,3214356.1678429935,97.31
2026-09-16T08:00:02+00:00,24,AVGO-USD,equity,12590.234584999997,344
2026-09-16T08:00:02+00:00,25,QCOM-USD,equity,250809.46157999983,178.11
2026-09-16T08:00:02+00:00,26,ARM-USD,equity,2158593.3723109984,239.52
2026-09-16T08:00:02+00:00,27,TSM-USD,equity,423965.93495900027,419.42
2026-09-16T08:00:02+00:00,28,ASML-USD,equity,219863.04631,1613
2026-09-16T08:00:02+00:00,29,SNDK-USD,equity,740910.6053369995,1563.3
2026-09-16T08:00:02+00:00,30,DRAM-USD,index,1409171.340832,55.307
2026-09-16T08:00:02+00:00,31,PUMP-USD,crypto,2158691.3110930026,0.003571
2026-09-16T08:00:02+00:00,32,ZEC-USD,crypto,1194441.000630001,1138.1
2026-09-16T08:00:02+00:00,33,XRP-USD,crypto,827223.4071,1.3914
2026-09-16T08:00:02+00:00,34,LIT-USD,crypto,86354.82679099993,4.3867
2026-09-16T08:00:02+00:00,35,KPEPE-USD,crypto,141267.40719399994,0.003411
2026-09-16T08:00:02+00:00,36,HOOD-USD,equity,1567698.9642499965,111.85
2026-09-16T08:00:02+00:00,37,MSTR-USD,equity,1628148.813784442,131.2
2026-09-16T08:00:02+00:00,38,STRC-USD,equity,667872.1451380008,98.252
2026-09-16T08:00:02+00:00,39,CRCL-USD,equity,5564288.939742006,92.383
2026-09-16T08:00:02+00:00,40,COIN-USD,equity,1593900.7689969987,183.17
2026-09-16T08:00:02+00:00,41,RKLB-USD,equity,900924.7673340001,62.19
2026-09-16T08:00:02+00:00,42,LITE-USD,equity,372355.4248560002,841.3
2026-09-16T08:00:02+00:00,43,NBIS-USD,equity,502671.9106120007,211.07
2026-09-16T08:00:02+00:00,44,ORCL-USD,equity,404217.69281100045,143.73
2026-09-16T08:00:02+00:00,45,PLTR-USD,equity,2014052.5721689982,170.54
2026-09-16T08:00:02+00:00,46,BRENTOIL-USD,commodity,3175664.9002900016,102.84
2026-09-16T08:00:02+00:00,47,BABA-USD,equity,469898.9260559999,109.38
2026-09-16T08:00:02+00:00,48,ZM-USD,equity,1421107.4793380022,94.92
2026-09-16T08:00:02+00:00,49,DELL-USD,equity,12977.905913000002,526.06
2026-09-16T08:00:02+00:00,50,CXMT-USD,equity,73322.13163899991,8.0534
2026-09-16T08:00:02+00:00,51,KIOXIA-USD,equity,25657.26469,333.08
2026-09-16T08:00:02+00:00,52,SAMSUNG-USD,equity,252454.28210500002,182.09
2026-09-16T08:00:02+00:00,53,CRWV-USD,equity,1916922.3784149976,82.516
2026-09-16T08:00:02+00:00,54,AAVE-USD,crypto,779665.96959,126.44
2026-09-16T08:00:02+00:00,55,UNI-USD,crypto,934126.6974790008,6.5594
2026-09-16T08:00:02+00:00,56,WLD-USD,crypto,72384.67225699991,0.37187
2026-09-16T08:00:02+00:00,57,NEAR-USD,crypto,3214260.7941999994,2.3545
2026-09-16T08:00:02+00:00,58,KSHIB-USD,crypto,727464.7127410008,0.005135
2026-09-16T08:00:02+00:00,59,FARTCOIN-USD,crypto,780742.0570850004,0.14118
2026-09-16T08:00:02+00:00,60,DOGE-USD,crypto,1100695.166631999,0.082352
2026-09-16T08:00:02+00:00,61,ENA-USD,crypto,1712268.3720109977,0.14004
2026-09-16T08:00:02+00:00,62,ONDO-USD,crypto,200510.71926699998,0.34654
2026-09-16T08:00:02+00:00,63,SUI-USD,crypto,2542511.685188996,0.70364
2026-09-16T08:00:02+00:00,64,VVV-USD,crypto,2800259.059140004,21.894
2026-09-16T08:00:02+00:00,65,TAO-USD,crypto,1243509.799652,226.70
2026-09-16T08:00:02+00:00,66,ADA-USD,crypto,1473134.4975629996,0.20338
2026-09-16T08:00:02+00:00,67,ZRO-USD,crypto,1247213.0590600006,0.9443
2026-09-16T08:00:02+00:00,68,BNB-USD,crypto,407343.06249000033,714.51
2026-09-16T08:00:02+00:00,69,PONS-USD,crypto,1076874.2029329985,0.58977
2026-09-16T08:00:02+00:00,70,CASHCAT-USD,crypto,2250162.418169999,0.15352
2026-09-16T08:00:02+00:00,71,USELESS-USD,crypto,689848.901217,0.19866
2026-09-16T08:00:02+00:00,72,KAITO-USD,crypto,595549.5983429997,0.2943
2026-09-16T08:00:02+00:00,73,ARB-USD,crypto,1847726.0155270016,0.13248
2026-09-16T08:00:02+00:00,74,LDO-USD,crypto,765740.5019810012,0.35383
2026-09-16T08:00:02+00:00,75,AVAX-USD,crypto,651351.8212599984,7.4524
2026-09-16T08:00:02+00:00,76,LTC-USD,crypto,320500.6407840003,52.479
2026-09-16T08:00:02+00:00,77,XPL-USD,crypto,358264.9570380003,0.081762
2026-09-16T08:00:02+00:00,78,XMR-USD,crypto,249986.72614999974,515.6
2026-09-16T08:00:02+00:00,79,LINK-USD,crypto,746338.9156939999,11.337
2026-09-16T08:00:02+00:00,80,VIRTUAL-USD,crypto,277392.6104579998,0.60207
2026-09-16T08:00:02+00:00,81,JUP-USD,crypto,1197994.2122780024,0.23375
2026-09-16T08:00:02+00:00,82,ETHFI-USD,crypto,586656.7834019999,0.60996
2026-09-16T08:00:02+00:00,83,PENDLE-USD,crypto,271116.28148300014,2.3376
2026-09-16T08:00:02+00:00,84,MORPHO-USD,crypto,221236.64152900004,2.1298
2026-09-16T08:15:02+00:00,1,SP500-USD,index,3600377.67295523,7579.7
2026-09-16T08:15:02+00:00,2,GOLD-USD,commodity,2758264.9064279995,4269.7
2026-09-16T08:15:02+00:00,3,WTIOIL-USD,commodity,4281669.960439806,99.2
2026-09-16T08:15:02+00:00,4,NAS100-USD,index,3215924.657520003,28993
2026-09-16T08:15:02+00:00,5,SILVER-USD,commodity,2299923.7242819993,62.769
2026-09-16T08:15:02+00:00,6,BTC-USD,crypto,8017609.649379977,76745
2026-09-16T08:15:02+00:00,7,ETH-USD,crypto,11736344.568009965,2468.9
2026-09-16T08:15:02+00:00,8,SOL-USD,crypto,1720015.788364998,100.22
2026-09-16T08:15:02+00:00,9,SPCX-USD,equity,93103.61674000006,148.23
2026-09-16T08:15:02+00:00,10,HYPE-USD,crypto,7860751.975416997,78.523
2026-09-16T08:15:02+00:00,11,MU-USD,equity,592288.2294380072,928.3
2026-09-16T08:15:02+00:00,13,SKHY-USD,equity,409415.0449589998,175.17
2026-09-16T08:15:02+00:00,14,SKHYNIX-USD,equity,749209.8869700002,1237.8
2026-09-16T08:15:02+00:00,15,AAPL-USD,equity,789626.8124719998,330.94
2026-09-16T08:15:02+00:00,16,MSFT-USD,equity,2045262.3667660025,498.98
2026-09-16T08:15:02+00:00,17,GOOG-USD,equity,210280.82937199995,345.39
2026-09-16T08:15:02+00:00,18,AMZN-USD,equity,1395913.7403869985,252.18
2026-09-16T08:15:02+00:00,19,NVDA-USD,equity,1266987.2604419994,211.53
2026-09-16T08:15:02+00:00,20,META-USD,equity,1267181.234736,659.34
2026-09-16T08:15:02+00:00,21,TSLA-USD,equity,228610.58856700006,357.05
2026-09-16T08:15:02+00:00,22,AMD-USD,equity,1149280.601989,490.83
2026-09-16T08:15:02+00:00,23,INTC-USD,equity,3182630.634760993,96.97
2026-09-16T08:15:02+00:00,24,AVGO-USD,equity,12406.865203999998,343.9
2026-09-16T08:15:02+00:00,25,QCOM-USD,equity,250782.61728499984,179.6
2026-09-16T08:15:02+00:00,26,ARM-USD,equity,1685441.2113280015,239.41
2026-09-16T08:15:02+00:00,27,TSM-USD,equity,423997.22161900025,419.42
2026-09-16T08:15:02+00:00,28,ASML-USD,equity,223092.199132,1610.5
2026-09-16T08:15:02+00:00,29,SNDK-USD,equity,604767.581583,1556.4
2026-09-16T08:15:02+00:00,30,DRAM-USD,index,1409206.020491,55.289
2026-09-16T08:15:02+00:00,31,PUMP-USD,crypto,2155163.8346030037,0.003576
2026-09-16T08:15:02+00:00,32,ZEC-USD,crypto,1208645.509990001,1140.5
2026-09-16T08:15:02+00:00,33,XRP-USD,crypto,827483.8753999999,1.3877
2026-09-16T08:15:02+00:00,34,LIT-USD,crypto,82519.25745499993,4.3745
2026-09-16T08:15:02+00:00,35,KPEPE-USD,crypto,140127.99576199998,0.00342
2026-09-16T08:15:02+00:00,36,HOOD-USD,equity,1608739.7982699983,110.96
2026-09-16T08:15:02+00:00,37,MSTR-USD,equity,1635616.2678744416,130.19
2026-09-16T08:15:02+00:00,38,STRC-USD,equity,658225.9885590009,98.296
2026-09-16T08:15:02+00:00,39,CRCL-USD,equity,5571924.402535006,92.142
2026-09-16T08:15:02+00:00,40,COIN-USD,equity,1622679.453325998,182.54
2026-09-16T08:15:02+00:00,41,RKLB-USD,equity,901921.6789040001,62.085
2026-09-16T08:15:02+00:00,42,LITE-USD,equity,320236.3149940001,837.63
2026-09-16T08:15:02+00:00,43,NBIS-USD,equity,509702.3569480006,210.22
2026-09-16T08:15:02+00:00,44,ORCL-USD,equity,408125.65692600055,143.33
2026-09-16T08:15:02+00:00,45,PLTR-USD,equity,1997046.493383998,170.27
2026-09-16T08:15:02+00:00,46,BRENTOIL-USD,commodity,3170990.032210002,102.82
2026-09-16T08:15:02+00:00,47,BABA-USD,equity,476983.6071479999,109.48
2026-09-16T08:15:02+00:00,48,ZM-USD,equity,1421107.4793380022,94.92
2026-09-16T08:15:02+00:00,49,DELL-USD,equity,12242.222374000003,526.06
2026-09-16T08:15:02+00:00,50,CXMT-USD,equity,74253.96260699988,8.0435
2026-09-16T08:15:02+00:00,51,KIOXIA-USD,equity,25403.206481999998,331.59
2026-09-16T08:15:02+00:00,52,SAMSUNG-USD,equity,262417.314066,182.25
2026-09-16T08:15:02+00:00,53,CRWV-USD,equity,1939283.9127189976,82.519
2026-09-16T08:15:02+00:00,54,AAVE-USD,crypto,778941.8429320002,127.18
2026-09-16T08:15:02+00:00,55,UNI-USD,crypto,928814.8811210005,6.5995
2026-09-16T08:15:02+00:00,56,WLD-USD,crypto,71669.07005999993,0.37377
2026-09-16T08:15:02+00:00,57,NEAR-USD,crypto,3226469.0630100006,2.3694
2026-09-16T08:15:02+00:00,58,KSHIB-USD,crypto,726734.1579460007,0.005143
2026-09-16T08:15:02+00:00,59,FARTCOIN-USD,crypto,771644.2691840007,0.14119
2026-09-16T08:15:02+00:00,60,DOGE-USD,crypto,1249584.0463469997,0.082411
2026-09-16T08:15:02+00:00,61,ENA-USD,crypto,1735840.5348609977,0.14002
2026-09-16T08:15:02+00:00,62,ONDO-USD,crypto,188026.63782899987,0.34792
2026-09-16T08:15:02+00:00,63,SUI-USD,crypto,2518998.6389029943,0.70573
2026-09-16T08:15:02+00:00,64,VVV-USD,crypto,2800870.154273003,21.765
2026-09-16T08:15:02+00:00,65,TAO-USD,crypto,1244814.0351159996,226.19
2026-09-16T08:15:02+00:00,66,ADA-USD,crypto,1496375.6175990002,0.20385
2026-09-16T08:15:02+00:00,67,ZRO-USD,crypto,1243392.0152080008,0.9404
2026-09-16T08:15:02+00:00,68,BNB-USD,crypto,407187.02999400033,714.25
2026-09-16T08:15:02+00:00,69,PONS-USD,crypto,1094266.4291499986,0.58541
2026-09-16T08:15:02+00:00,70,CASHCAT-USD,crypto,2280758.692426002,0.15122
2026-09-16T08:15:02+00:00,71,USELESS-USD,crypto,707941.7601049996,0.19897
2026-09-16T08:15:02+00:00,72,KAITO-USD,crypto,583119.5498089996,0.29341
2026-09-16T08:15:02+00:00,73,ARB-USD,crypto,1873431.1276568305,0.13274
2026-09-16T08:15:02+00:00,74,LDO-USD,crypto,767795.3773300012,0.35453
2026-09-16T08:15:02+00:00,75,AVAX-USD,crypto,669635.3102129985,7.4653
2026-09-16T08:15:02+00:00,76,LTC-USD,crypto,324639.3774220002,52.508
2026-09-16T08:15:02+00:00,77,XPL-USD,crypto,358446.3848400002,0.081446
2026-09-16T08:15:02+00:00,78,XMR-USD,crypto,251721.47064199983,514.83
2026-09-16T08:15:02+00:00,79,LINK-USD,crypto,743079.0936299999,11.343
2026-09-16T08:15:02+00:00,80,VIRTUAL-USD,crypto,278265.48931099987,0.59946
2026-09-16T08:15:02+00:00,81,JUP-USD,crypto,1201829.1572700029,0.23316
2026-09-16T08:15:02+00:00,82,ETHFI-USD,crypto,548176.9091099998,0.61155
2026-09-16T08:15:02+00:00,83,PENDLE-USD,crypto,272474.48438700015,2.3516
2026-09-16T08:15:02+00:00,84,MORPHO-USD,crypto,261170.01620399996,2.1295
2026-09-16T08:30:01+00:00,1,SP500-USD,index,3582391.71654323,7581.6
2026-09-16T08:30:01+00:00,2,GOLD-USD,commodity,2757511.2116650003,4273.8
2026-09-16T08:30:01+00:00,3,WTIOIL-USD,commodity,4304692.667603804,98.861
2026-09-16T08:30:01+00:00,4,NAS100-USD,index,3329308.8918599975,28970
2026-09-16T08:30:01+00:00,5,SILVER-USD,commodity,2780669.082253998,62.826
2026-09-16T08:30:01+00:00,6,BTC-USD,crypto,8115107.550929986,76835
2026-09-16T08:30:01+00:00,7,ETH-USD,crypto,12149429.015299961,2471.2
2026-09-16T08:30:01+00:00,8,SOL-USD,crypto,1750431.2734679985,100.23
2026-09-16T08:30:01+00:00,9,SPCX-USD,equity,93103.61674000006,148.23
2026-09-16T08:30:01+00:00,10,HYPE-USD,crypto,8282173.211707996,78.597
2026-09-16T08:30:01+00:00,11,MU-USD,equity,592271.5000260072,933.5
2026-09-16T08:30:01+00:00,13,SKHY-USD,equity,382903.23125699983,175.13
2026-09-16T08:30:01+00:00,14,SKHYNIX-USD,equity,749831.9264700003,1237.8
2026-09-16T08:30:01+00:00,15,AAPL-USD,equity,789455.7826799998,330.56
2026-09-16T08:30:01+00:00,16,MSFT-USD,equity,2092804.8552190019,498.98
2026-09-16T08:30:01+00:00,17,GOOG-USD,equity,210280.82937199995,345.39
2026-09-16T08:30:01+00:00,18,AMZN-USD,equity,1385908.7510669986,252.35
2026-09-16T08:30:01+00:00,19,NVDA-USD,equity,1266987.2604419994,211.53
2026-09-16T08:30:01+00:00,20,META-USD,equity,1266163.8198809999,660.91
2026-09-16T08:30:01+00:00,21,TSLA-USD,equity,209367.88517600004,357.34
2026-09-16T08:30:01+00:00,22,AMD-USD,equity,1151403.039397,490.83
2026-09-16T08:30:01+00:00,23,INTC-USD,equity,2439723.6966329976,97.08
2026-09-16T08:30:01+00:00,24,AVGO-USD,equity,12357.859453999998,344.23
2026-09-16T08:30:01+00:00,25,QCOM-USD,equity,250782.61728499984,179.6
2026-09-16T08:30:01+00:00,26,ARM-USD,equity,1677706.5543220015,239.49
2026-09-16T08:30:01+00:00,27,TSM-USD,equity,423997.22161900025,419.42
2026-09-16T08:30:01+00:00,28,ASML-USD,equity,268383.696145,1613.4
2026-09-16T08:30:01+00:00,29,SNDK-USD,equity,616298.8476610001,1555.9
2026-09-16T08:30:01+00:00,30,DRAM-USD,index,1409206.020491,55.289
2026-09-16T08:30:01+00:00,31,PUMP-USD,crypto,2145362.590257001,0.003595
2026-09-16T08:30:01+00:00,32,ZEC-USD,crypto,1271032.3602799994,1140.5
2026-09-16T08:30:01+00:00,33,XRP-USD,crypto,832449.5129999998,1.386
2026-09-16T08:30:01+00:00,34,LIT-USD,crypto,80671.78983099994,4.3804
2026-09-16T08:30:01+00:00,35,KPEPE-USD,crypto,139879.24890199996,0.003412
2026-09-16T08:30:01+00:00,36,HOOD-USD,equity,1661677.1100800007,111.14
2026-09-16T08:30:01+00:00,37,MSTR-USD,equity,1643338.905774441,131.37
2026-09-16T08:30:01+00:00,38,STRC-USD,equity,658225.9885590009,98.296
2026-09-16T08:30:01+00:00,39,CRCL-USD,equity,5664732.954111005,92.086
2026-09-16T08:30:01+00:00,40,COIN-USD,equity,1662592.6020389975,183.26
2026-09-16T08:30:01+00:00,41,RKLB-USD,equity,896356.920845,61.955
2026-09-16T08:30:01+00:00,42,LITE-USD,equity,258596.01934799997,836.31
2026-09-16T08:30:01+00:00,43,NBIS-USD,equity,544383.1045410008,210.26
2026-09-16T08:30:01+00:00,44,ORCL-USD,equity,411507.75077100046,142.93
2026-09-16T08:30:01+00:00,45,PLTR-USD,equity,1996036.0111069984,170.36
2026-09-16T08:30:01+00:00,46,BRENTOIL-USD,commodity,3171012.0517400024,102.82
2026-09-16T08:30:01+00:00,47,BABA-USD,equity,476983.6071479999,109.48
2026-09-16T08:30:01+00:00,48,ZM-USD,equity,1420605.941042002,94.81
2026-09-16T08:30:01+00:00,49,DELL-USD,equity,9790.766411999999,528.8
2026-09-16T08:30:01+00:00,50,CXMT-USD,equity,72197.56691499992,8.0593
2026-09-16T08:30:01+00:00,51,KIOXIA-USD,equity,25269.277281,334.27
2026-09-16T08:30:01+00:00,52,SAMSUNG-USD,equity,207262.68136500003,181.97
2026-09-16T08:30:01+00:00,53,CRWV-USD,equity,1942852.8547549974,82.45
2026-09-16T08:30:01+00:00,54,AAVE-USD,crypto,789620.3811930002,127.18
2026-09-16T08:30:01+00:00,55,UNI-USD,crypto,941723.3695550008,6.6144
2026-09-16T08:30:01+00:00,56,WLD-USD,crypto,71667.77863499992,0.37337
2026-09-16T08:30:01+00:00,57,NEAR-USD,crypto,3302560.5890600006,2.3785
2026-09-16T08:30:01+00:00,58,KSHIB-USD,crypto,727320.8303460006,0.005143
2026-09-16T08:30:01+00:00,59,FARTCOIN-USD,crypto,797644.1617590002,0.14149
2026-09-16T08:30:01+00:00,60,DOGE-USD,crypto,1311746.7643709998,0.08235
2026-09-16T08:30:01+00:00,61,ENA-USD,crypto,1792906.6134699972,0.14091
2026-09-16T08:30:01+00:00,62,ONDO-USD,crypto,189219.39837099984,0.34877
2026-09-16T08:30:01+00:00,63,SUI-USD,crypto,2558013.5497529944,0.70573
2026-09-16T08:30:01+00:00,64,VVV-USD,crypto,2915546.867462004,21.855
2026-09-16T08:30:01+00:00,65,TAO-USD,crypto,1280873.0098899999,226.22
2026-09-16T08:30:01+00:00,66,ADA-USD,crypto,1555813.4233890001,0.20407
2026-09-16T08:30:01+00:00,67,ZRO-USD,crypto,1214713.8749080007,0.9445
2026-09-16T08:30:01+00:00,68,BNB-USD,crypto,409423.3546890004,716.14
2026-09-16T08:30:01+00:00,69,PONS-USD,crypto,1121895.8745829982,0.59106
2026-09-16T08:30:01+00:00,70,CASHCAT-USD,crypto,2330659.477647002,0.15258
2026-09-16T08:30:01+00:00,71,USELESS-USD,crypto,857012.849124999,0.19828
2026-09-16T08:30:01+00:00,72,KAITO-USD,crypto,674703.7415189996,0.2946
2026-09-16T08:30:01+00:00,73,ARB-USD,crypto,1899336.1823708324,0.13292
2026-09-16T08:30:01+00:00,74,LDO-USD,crypto,798456.1916730014,0.35473
2026-09-16T08:30:01+00:00,75,AVAX-USD,crypto,685415.5035699983,7.4637
2026-09-16T08:30:01+00:00,76,LTC-USD,crypto,331622.3250870002,52.5
2026-09-16T08:30:01+00:00,77,XPL-USD,crypto,363412.5765760001,0.081374
2026-09-16T08:30:01+00:00,78,XMR-USD,crypto,252491.5037269998,518.63
2026-09-16T08:30:01+00:00,79,LINK-USD,crypto,741443.984475,11.372
2026-09-16T08:30:01+00:00,80,VIRTUAL-USD,crypto,279125.5139289999,0.60105
2026-09-16T08:30:01+00:00,81,JUP-USD,crypto,1207706.562493002,0.23267
2026-09-16T08:30:01+00:00,82,ETHFI-USD,crypto,651580.8525069996,0.61156
2026-09-16T08:30:01+00:00,83,PENDLE-USD,crypto,274041.88954600017,2.3477
2026-09-16T08:30:01+00:00,84,MORPHO-USD,crypto,266232.23735099996,2.1304
2026-09-16T08:45:02+00:00,1,SP500-USD,index,3578322.83149423,7580.4
2026-09-16T08:45:02+00:00,2,GOLD-USD,commodity,2757612.3653430003,4269.5
2026-09-16T08:45:02+00:00,3,WTIOIL-USD,commodity,4140683.3136667944,98.99
2026-09-16T08:45:02+00:00,4,NAS100-USD,index,3327714.628819997,28975
2026-09-16T08:45:02+00:00,5,SILVER-USD,commodity,2783410.322877998,62.826
2026-09-16T08:45:02+00:00,6,BTC-USD,crypto,8169046.360749984,76819
2026-09-16T08:45:02+00:00,7,ETH-USD,crypto,12143786.471409962,2473.1
2026-09-16T08:45:02+00:00,8,SOL-USD,crypto,1750142.6250459985,100.43
2026-09-16T08:45:02+00:00,9,SPCX-USD,equity,93133.57407600005,148
2026-09-16T08:45:02+00:00,10,HYPE-USD,crypto,8287519.298865994,78.694
2026-09-16T08:45:02+00:00,11,MU-USD,equity,592293.6480680072,933.5
2026-09-16T08:45:02+00:00,13,SKHY-USD,equity,368328.9720389998,174.8
2026-09-16T08:45:02+00:00,14,SKHYNIX-USD,equity,749831.9264700002,1237.8
2026-09-16T08:45:02+00:00,15,AAPL-USD,equity,789486.8083529999,330.56
2026-09-16T08:45:02+00:00,16,MSFT-USD,equity,2094804.8939350026,498.98
2026-09-16T08:45:02+00:00,17,GOOG-USD,equity,210291.83008699995,345.39
2026-09-16T08:45:02+00:00,18,AMZN-USD,equity,1385908.7510669986,252.35
2026-09-16T08:45:02+00:00,19,NVDA-USD,equity,1266948.3754949993,211.47
2026-09-16T08:45:02+00:00,20,META-USD,equity,1266175.0120539998,660.91
2026-09-16T08:45:02+00:00,21,TSLA-USD,equity,209422.09356700003,357.57
2026-09-16T08:45:02+00:00,22,AMD-USD,equity,1164093.464212,491.1
2026-09-16T08:45:02+00:00,23,INTC-USD,equity,2448327.934177997,97.08
2026-09-16T08:45:02+00:00,24,AVGO-USD,equity,12408.771673999998,344.23
2026-09-16T08:45:02+00:00,25,QCOM-USD,equity,250793.70864999984,179.6
2026-09-16T08:45:02+00:00,26,ARM-USD,equity,1677713.6569960017,239.44
2026-09-16T08:45:02+00:00,27,TSM-USD,equity,423948.1914210002,420.24
2026-09-16T08:45:02+00:00,28,ASML-USD,equity,275461.33045400004,1606.6
2026-09-16T08:45:02+00:00,29,SNDK-USD,equity,615140.6479859999,1552.1
2026-09-16T08:45:02+00:00,30,DRAM-USD,index,1413541.762657,55.289
2026-09-16T08:45:02+00:00,31,PUMP-USD,crypto,2149703.617448001,0.003606
2026-09-16T08:45:02+00:00,32,ZEC-USD,crypto,1271020.5669799994,1137.9
2026-09-16T08:45:02+00:00,33,XRP-USD,crypto,832533.6622999999,1.391
2026-09-16T08:45:02+00:00,34,LIT-USD,crypto,80043.23946899993,4.3852
2026-09-16T08:45:02+00:00,35,KPEPE-USD,crypto,139723.26181799994,0.003411
2026-09-16T08:45:02+00:00,36,HOOD-USD,equity,1682469.2755199997,111.11
2026-09-16T08:45:02+00:00,37,MSTR-USD,equity,1647181.760934441,131.37
2026-09-16T08:45:02+00:00,38,STRC-USD,equity,658175.9558950008,98.375
2026-09-16T08:45:02+00:00,39,CRCL-USD,equity,5664892.1732570045,92.22
2026-09-16T08:45:02+00:00,40,COIN-USD,equity,1665643.3588939973,183.26
2026-09-16T08:45:02+00:00,41,RKLB-USD,equity,896390.962811,61.955
2026-09-16T08:45:02+00:00,42,LITE-USD,equity,237645.778297,838.25
2026-09-16T08:45:02+00:00,43,NBIS-USD,equity,544405.1890450007,210.26
2026-09-16T08:45:02+00:00,44,ORCL-USD,equity,411507.7192410005,142.47
2026-09-16T08:45:02+00:00,45,PLTR-USD,equity,2004804.407925998,170.39
2026-09-16T08:45:02+00:00,46,BRENTOIL-USD,commodity,3059528.007540002,102.96
2026-09-16T08:45:02+00:00,47,BABA-USD,equity,476983.6071479999,109.48
2026-09-16T08:45:02+00:00,48,ZM-USD,equity,1420227.3052640022,94.88
2026-09-16T08:45:02+00:00,49,DELL-USD,equity,9741.746651999998,529.67
2026-09-16T08:45:02+00:00,50,CXMT-USD,equity,72197.56691499992,8.0593
2026-09-16T08:45:02+00:00,51,KIOXIA-USD,equity,25219.270449999996,333.17
2026-09-16T08:45:02+00:00,52,SAMSUNG-USD,equity,218109.77608900002,181.97
2026-09-16T08:45:02+00:00,53,CRWV-USD,equity,1943948.9326299974,82.45
2026-09-16T08:45:02+00:00,54,AAVE-USD,crypto,789620.3811930002,127.18
2026-09-16T08:45:02+00:00,55,UNI-USD,crypto,942173.7423950006,6.5735
2026-09-16T08:45:02+00:00,56,WLD-USD,crypto,71369.03340499992,0.37363
2026-09-16T08:45:02+00:00,57,NEAR-USD,crypto,3317209.475268001,2.3773
2026-09-16T08:45:02+00:00,58,KSHIB-USD,crypto,727280.8268130007,0.005149
2026-09-16T08:45:02+00:00,59,FARTCOIN-USD,crypto,797913.6961300003,0.14158
2026-09-16T08:45:02+00:00,60,DOGE-USD,crypto,1312739.5271739997,0.082616
2026-09-16T08:45:02+00:00,61,ENA-USD,crypto,1804616.9392689972,0.14174
2026-09-16T08:45:02+00:00,62,ONDO-USD,crypto,189485.35078099984,0.34877
2026-09-16T08:45:02+00:00,63,SUI-USD,crypto,2548516.0205929936,0.70782
2026-09-16T08:45:02+00:00,64,VVV-USD,crypto,2905788.436087002,22.023
2026-09-16T08:45:02+00:00,65,TAO-USD,crypto,1280424.8248899998,226.57
2026-09-16T08:45:02+00:00,66,ADA-USD,crypto,1555471.9116170006,0.20438
2026-09-16T08:45:02+00:00,67,ZRO-USD,crypto,1213110.9805560005,0.9483
2026-09-16T08:45:02+00:00,68,BNB-USD,crypto,412283.1639810004,716.14
2026-09-16T08:45:02+00:00,69,PONS-USD,crypto,1130287.7666979984,0.60331
2026-09-16T08:45:02+00:00,70,CASHCAT-USD,crypto,2334312.1577570015,0.15329
2026-09-16T08:45:02+00:00,71,USELESS-USD,crypto,1032356.6792269986,0.20026
2026-09-16T08:45:02+00:00,72,KAITO-USD,crypto,701433.7621789997,0.29523
2026-09-16T08:45:02+00:00,73,ARB-USD,crypto,1901922.2393778323,0.13268
2026-09-16T08:45:02+00:00,74,LDO-USD,crypto,802366.6353560014,0.35673
2026-09-16T08:45:02+00:00,75,AVAX-USD,crypto,680092.6791429984,7.4834
2026-09-16T08:45:02+00:00,76,LTC-USD,crypto,331511.80657000025,52.506
2026-09-16T08:45:02+00:00,77,XPL-USD,crypto,363827.48545400007,0.081546
2026-09-16T08:45:02+00:00,78,XMR-USD,crypto,265686.35301699984,517.84
2026-09-16T08:45:02+00:00,79,LINK-USD,crypto,741443.984475,11.372
2026-09-16T08:45:02+00:00,80,VIRTUAL-USD,crypto,278795.1991429999,0.60326
2026-09-16T08:45:02+00:00,81,JUP-USD,crypto,1207840.862026002,0.23286
2026-09-16T08:45:02+00:00,82,ETHFI-USD,crypto,651612.0096069997,0.61156
2026-09-16T08:45:02+00:00,83,PENDLE-USD,crypto,278341.837324,2.3529
2026-09-16T08:45:02+00:00,84,MORPHO-USD,crypto,273493.533286,2.1385
2026-09-16T09:00:02+00:00,1,SP500-USD,index,3575585.8712232304,7578.0
2026-09-16T09:00:02+00:00,2,GOLD-USD,commodity,2746597.2943410007,4267.6
2026-09-16T09:00:02+00:00,3,WTIOIL-USD,commodity,4134937.5476287953,98.95
2026-09-16T09:00:02+00:00,4,NAS100-USD,index,3323037.899059998,28954
2026-09-16T09:00:02+00:00,5,SILVER-USD,commodity,2781938.622098998,62.873
2026-09-16T09:00:02+00:00,6,BTC-USD,crypto,8191968.188569983,76956
2026-09-16T09:00:02+00:00,7,ETH-USD,crypto,12176217.18659996,2475.6
2026-09-16T09:00:02+00:00,8,SOL-USD,crypto,1747659.6386769984,100.53
2026-09-16T09:00:02+00:00,9,SPCX-USD,equity,93153.56768100004,148
2026-09-16T09:00:02+00:00,10,HYPE-USD,crypto,8287932.116099995,78.842
2026-09-16T09:00:02+00:00,11,MU-USD,equity,592293.6480680072,933.5
2026-09-16T09:00:02+00:00,13,SKHY-USD,equity,368328.9720389998,174.8
2026-09-16T09:00:02+00:00,14,SKHYNIX-USD,equity,749831.9264700002,1237.8
2026-09-16T09:00:02+00:00,15,AAPL-USD,equity,789486.8083529999,330.56
2026-09-16T09:00:02+00:00,16,MSFT-USD,equity,2108660.199157003,499.51
2026-09-16T09:00:02+00:00,17,GOOG-USD,equity,206672.34701699996,345.24
2026-09-16T09:00:02+00:00,18,AMZN-USD,equity,1385908.7510669986,252.35
2026-09-16T09:00:02+00:00,19,NVDA-USD,equity,1257769.2803809992,211.47
2026-09-16T09:00:02+00:00,20,META-USD,equity,1266194.9974239997,660.91
2026-09-16T09:00:02+00:00,21,TSLA-USD,equity,209422.09356700003,357.57
2026-09-16T09:00:02+00:00,22,AMD-USD,equity,1168616.747368,490.17
2026-09-16T09:00:02+00:00,23,INTC-USD,equity,2410790.76842,96.85
2026-09-16T09:00:02+00:00,24,AVGO-USD,equity,12428.760538999997,344.23
2026-09-16T09:00:02+00:00,25,QCOM-USD,equity,250793.70864999984,179.6
2026-09-16T09:00:02+00:00,26,ARM-USD,equity,1677663.6379800017,239.06
2026-09-16T09:00:02+00:00,27,TSM-USD,equity,423948.1914210002,420.24
2026-09-16T09:00:02+00:00,28,ASML-USD,equity,275523.88496100006,1606.6
2026-09-16T09:00:02+00:00,29,SNDK-USD,equity,625082.4132179999,1552.1
2026-09-16T09:00:02+00:00,30,DRAM-USD,index,1413491.726112,55.220
2026-09-16T09:00:02+00:00,31,PUMP-USD,crypto,2155034.770855001,0.003615
2026-09-16T09:00:02+00:00,32,ZEC-USD,crypto,1270997.5745799995,1140.3
2026-09-16T09:00:02+00:00,33,XRP-USD,crypto,832295.3927999998,1.3974
2026-09-16T09:00:02+00:00,34,LIT-USD,crypto,80210.18303999993,4.4377
2026-09-16T09:00:02+00:00,35,KPEPE-USD,crypto,139464.39571599994,0.003421
2026-09-16T09:00:02+00:00,36,HOOD-USD,equity,1683193.4317499998,110.97
2026-09-16T09:00:02+00:00,37,MSTR-USD,equity,1647481.593964441,131.46
2026-09-16T09:00:02+00:00,38,STRC-USD,equity,658175.9558950008,98.375
2026-09-16T09:00:02+00:00,39,CRCL-USD,equity,5642662.203501006,92.511
2026-09-16T09:00:02+00:00,40,COIN-USD,equity,1665593.3472399972,183.24
2026-09-16T09:00:02+00:00,41,RKLB-USD,equity,894974.859069,61.943
2026-09-16T09:00:02+00:00,42,LITE-USD,equity,232044.37251699998,837.13
2026-09-16T09:00:02+00:00,43,NBIS-USD,equity,538456.2125110003,209.83
2026-09-16T09:00:02+00:00,44,ORCL-USD,equity,411507.7192410005,142.47
2026-09-16T09:00:02+00:00,45,PLTR-USD,equity,1976059.543589999,170.17
2026-09-16T09:00:02+00:00,46,BRENTOIL-USD,commodity,3054803.068290002,102.86
2026-09-16T09:00:02+00:00,47,BABA-USD,equity,476983.6071479999,109.48
2026-09-16T09:00:02+00:00,48,ZM-USD,equity,1419898.6029920022,94.94
2026-09-16T09:00:02+00:00,49,DELL-USD,equity,9741.746651999998,529.67
2026-09-16T09:00:02+00:00,50,CXMT-USD,equity,72207.64836399992,8.0593
2026-09-16T09:00:02+00:00,51,KIOXIA-USD,equity,25219.270449999996,333.17
2026-09-16T09:00:02+00:00,52,SAMSUNG-USD,equity,216126.91854100005,181.84
2026-09-16T09:00:02+00:00,53,CRWV-USD,equity,1637284.5764789968,82.429
2026-09-16T09:00:02+00:00,54,AAVE-USD,crypto,787609.5382130003,127.26
2026-09-16T09:00:02+00:00,55,UNI-USD,crypto,943678.6205190009,6.6158
2026-09-16T09:00:02+00:00,56,WLD-USD,crypto,70622.74544099995,0.37402
2026-09-16T09:00:02+00:00,57,NEAR-USD,crypto,3322712.090959001,2.3834
2026-09-16T09:00:02+00:00,58,KSHIB-USD,crypto,725701.871168001,0.005148
2026-09-16T09:00:02+00:00,59,FARTCOIN-USD,crypto,797145.7029390004,0.14202
2026-09-16T09:00:02+00:00,60,DOGE-USD,crypto,1313641.72729,0.082574
2026-09-16T09:00:02+00:00,61,ENA-USD,crypto,1800179.4139029984,0.14228
2026-09-16T09:00:02+00:00,62,ONDO-USD,crypto,190126.72482199984,0.34877
2026-09-16T09:00:02+00:00,63,SUI-USD,crypto,2528872.176751994,0.70834
2026-09-16T09:00:02+00:00,64,VVV-USD,crypto,2907719.3217080026,22.078
2026-09-16T09:00:02+00:00,65,TAO-USD,crypto,1280248.1002899997,226.51
2026-09-16T09:00:02+00:00,66,ADA-USD,crypto,1555557.8052930005,0.20452
2026-09-16T09:00:02+00:00,67,ZRO-USD,crypto,1212020.940314001,0.9488
2026-09-16T09:00:02+00:00,68,BNB-USD,crypto,393012.8611520004,717.12
2026-09-16T09:00:02+00:00,69,PONS-USD,crypto,1126607.9934909996,0.61773
2026-09-16T09:00:02+00:00,70,CASHCAT-USD,crypto,2343418.717024002,0.15472
2026-09-16T09:00:02+00:00,71,USELESS-USD,crypto,1048347.5151359985,0.20027
2026-09-16T09:00:02+00:00,72,KAITO-USD,crypto,729585.1400149999,0.29558
2026-09-16T09:00:02+00:00,73,ARB-USD,crypto,1911575.8668458322,0.13309
2026-09-16T09:00:02+00:00,74,LDO-USD,crypto,802455.0539040015,0.35644
2026-09-16T09:00:02+00:00,75,AVAX-USD,crypto,679541.2420849983,7.5035
2026-09-16T09:00:02+00:00,76,LTC-USD,crypto,331601.84972300025,52.506
2026-09-16T09:00:02+00:00,77,XPL-USD,crypto,363868.40335700003,0.081787
2026-09-16T09:00:02+00:00,78,XMR-USD,crypto,267431.65533099987,517.79
2026-09-16T09:00:02+00:00,79,LINK-USD,crypto,738171.392611,11.382
2026-09-16T09:00:02+00:00,80,VIRTUAL-USD,crypto,278855.5276909999,0.60376
2026-09-16T09:00:02+00:00,81,JUP-USD,crypto,1207801.191198002,0.2335
2026-09-16T09:00:02+00:00,82,ETHFI-USD,crypto,651531.7303549997,0.61077
2026-09-16T09:00:02+00:00,83,PENDLE-USD,crypto,278251.58596100006,2.358
2026-09-16T09:00:02+00:00,84,MORPHO-USD,crypto,288712.262494,2.1379
2026-09-16T09:15:02+00:00,1,SP500-USD,index,3561168.21895723,7576.5
2026-09-16T09:15:02+00:00,2,GOLD-USD,commodity,2740912.400742002,4268.9
2026-09-16T09:15:02+00:00,3,WTIOIL-USD,commodity,4040384.4165639,98.87
2026-09-16T09:15:02+00:00,4,NAS100-USD,index,3323037.899059998,28954
2026-09-16T09:15:02+00:00,5,SILVER-USD,commodity,2780644.3354909983,62.787
2026-09-16T09:15:02+00:00,6,BTC-USD,crypto,8208309.761599982,76877
2026-09-16T09:15:02+00:00,7,ETH-USD,crypto,12179871.954149956,2474
2026-09-16T09:15:02+00:00,8,SOL-USD,crypto,1751064.3394199985,100.5
2026-09-16T09:15:02+00:00,9,SPCX-USD,equity,93153.56768100004,148
2026-09-16T09:15:02+00:00,10,HYPE-USD,crypto,8298511.697998995,78.781
2026-09-16T09:15:02+00:00,11,MU-USD,equity,592293.6480680072,933.5
2026-09-16T09:15:02+00:00,13,SKHY-USD,equity,368217.96998299984,174.92
2026-09-16T09:15:02+00:00,14,SKHYNIX-USD,equity,749809.8865100002,1248.2
2026-09-16T09:15:02+00:00,15,AAPL-USD,equity,789486.8083529999,330.56
2026-09-16T09:15:02+00:00,16,MSFT-USD,equity,2097451.5120530026,499.43
2026-09-16T09:15:02+00:00,17,GOOG-USD,equity,204241.96098899996,344.7
2026-09-16T09:15:02+00:00,18,AMZN-USD,equity,186738.87173399993,252.06
2026-09-16T09:15:02+00:00,19,NVDA-USD,equity,1331978.032319999,211.62
2026-09-16T09:15:02+00:00,20,META-USD,equity,1266194.9974239997,660.91
2026-09-16T09:15:02+00:00,21,TSLA-USD,equity,209422.09356700003,357.57
2026-09-16T09:15:02+00:00,22,AMD-USD,equity,1168616.747368,490.17
2026-09-16T09:15:02+00:00,23,INTC-USD,equity,2472367.711047,96.89
2026-09-16T09:15:02+00:00,24,AVGO-USD,equity,12417.745178999996,344.22
2026-09-16T09:15:02+00:00,25,QCOM-USD,equity,250813.69344999985,179.6
2026-09-16T09:15:02+00:00,26,ARM-USD,equity,1677685.110054002,239.06
2026-09-16T09:15:02+00:00,27,TSM-USD,equity,423948.1914210002,420.24
2026-09-16T09:15:02+00:00,28,ASML-USD,equity,281023.1761670001,1603.2
2026-09-16T09:15:02+00:00,29,SNDK-USD,equity,625222.4280339999,1552.1
2026-09-16T09:15:02+00:00,30,DRAM-USD,index,1413491.726112,55.220
2026-09-16T09:15:02+00:00,31,PUMP-USD,crypto,2156832.088416001,0.003606
2026-09-16T09:15:02+00:00,32,ZEC-USD,crypto,1270844.5463199995,1142.7
2026-09-16T09:15:02+00:00,33,XRP-USD,crypto,856902.0513999999,1.3974
2026-09-16T09:15:02+00:00,34,LIT-USD,crypto,78838.13580199999,4.4211
2026-09-16T09:15:02+00:00,35,KPEPE-USD,crypto,140160.63535999996,0.003421
2026-09-16T09:15:02+00:00,36,HOOD-USD,equity,1694681.8585700002,111.06
2026-09-16T09:15:02+00:00,37,MSTR-USD,equity,1504828.3961144427,131.22
2026-09-16T09:15:02+00:00,38,STRC-USD,equity,658175.9558950008,98.375
2026-09-16T09:15:02+00:00,39,CRCL-USD,equity,5651356.160221005,92.19
2026-09-16T09:15:02+00:00,40,COIN-USD,equity,1584060.0660009983,183.43
2026-09-16T09:15:02+00:00,41,RKLB-USD,equity,894392.715093,61.906
2026-09-16T09:15:02+00:00,42,LITE-USD,equity,224292.53751300005,837.6
2026-09-16T09:15:02+00:00,43,NBIS-USD,equity,538343.7884550004,209.75
2026-09-16T09:15:02+00:00,44,ORCL-USD,equity,411540.1676410005,142.47
2026-09-16T09:15:02+00:00,45,PLTR-USD,equity,1997142.9511769984,170.27
2026-09-16T09:15:02+00:00,46,BRENTOIL-USD,commodity,3035842.1051400024,102.96
2026-09-16T09:15:02+00:00,47,BABA-USD,equity,476983.6071479999,109.48
2026-09-16T09:15:02+00:00,48,ZM-USD,equity,1419569.6928560021,94.94
2026-09-16T09:15:02+00:00,49,DELL-USD,equity,9752.783369999997,529.67
2026-09-16T09:15:02+00:00,50,CXMT-USD,equity,71697.63730699991,8.0707
2026-09-16T09:15:02+00:00,51,KIOXIA-USD,equity,25219.270449999996,333.17
2026-09-16T09:15:02+00:00,52,SAMSUNG-USD,equity,214683.41806900004,184.07
2026-09-16T09:15:02+00:00,53,CRWV-USD,equity,1478190.010655997,82.361
2026-09-16T09:15:02+00:00,54,AAVE-USD,crypto,788209.3208530003,127.26
2026-09-16T09:15:02+00:00,55,UNI-USD,crypto,943951.616150001,6.5563
2026-09-16T09:15:02+00:00,56,WLD-USD,crypto,70642.32584099995,0.37402
2026-09-16T09:15:02+00:00,57,NEAR-USD,crypto,3384850.722659,2.3799
2026-09-16T09:15:02+00:00,58,KSHIB-USD,crypto,725360.4558060011,0.005167
2026-09-16T09:15:02+00:00,59,FARTCOIN-USD,crypto,818818.8359420007,0.142
2026-09-16T09:15:02+00:00,60,DOGE-USD,crypto,1354642.6090520003,0.082535
2026-09-16T09:15:02+00:00,61,ENA-USD,crypto,1821274.0623389985,0.14228
2026-09-16T09:15:02+00:00,62,ONDO-USD,crypto,190265.28471199985,0.34877
2026-09-16T09:15:02+00:00,63,SUI-USD,crypto,2537421.5510809934,0.70834
2026-09-16T09:15:02+00:00,64,VVV-USD,crypto,2916120.6478340025,22.026
2026-09-16T09:15:02+00:00,65,TAO-USD,crypto,1305324.9057479994,226.57
2026-09-16T09:15:02+00:00,66,ADA-USD,crypto,1594535.4298580014,0.20447
2026-09-16T09:15:02+00:00,67,ZRO-USD,crypto,1221207.1335480004,0.9491
2026-09-16T09:15:02+00:00,68,BNB-USD,crypto,380803.8931520004,718.26
2026-09-16T09:15:02+00:00,69,PONS-USD,crypto,1137463.1351279984,0.61378
2026-09-16T09:15:02+00:00,70,CASHCAT-USD,crypto,2355843.831176002,0.15408
2026-09-16T09:15:02+00:00,71,USELESS-USD,crypto,1102121.182565999,0.20154
2026-09-16T09:15:02+00:00,72,KAITO-USD,crypto,704520.019969,0.29463
2026-09-16T09:15:02+00:00,73,ARB-USD,crypto,1927437.7843848323,0.13342
2026-09-16T09:15:02+00:00,74,LDO-USD,crypto,802404.6182140015,0.35564
2026-09-16T09:15:02+00:00,75,AVAX-USD,crypto,683530.3211049984,7.5035
2026-09-16T09:15:02+00:00,76,LTC-USD,crypto,331611.85673200025,52.506
2026-09-16T09:15:02+00:00,77,XPL-USD,crypto,365964.8498549999,0.081759
2026-09-16T09:15:02+00:00,78,XMR-USD,crypto,268553.2636869998,519.64
2026-09-16T09:15:02+00:00,79,LINK-USD,crypto,738076.98226,11.371
2026-09-16T09:15:02+00:00,80,VIRTUAL-USD,crypto,278825.4762509999,0.60477
2026-09-16T09:15:02+00:00,81,JUP-USD,crypto,1211357.6892120012,0.23267
2026-09-16T09:15:02+00:00,82,ETHFI-USD,crypto,664483.2955419996,0.61027
2026-09-16T09:15:02+00:00,83,PENDLE-USD,crypto,278612.31656600005,2.3486
2026-09-16T09:15:02+00:00,84,MORPHO-USD,crypto,320516.5833099998,2.1389
2026-09-16T09:30:03+00:00,1,SP500-USD,index,3551932.3367179935,7581.1
2026-09-16T09:30:03+00:00,2,GOLD-USD,commodity,2667785.3579320014,4272.1
2026-09-16T09:30:03+00:00,3,WTIOIL-USD,commodity,3925949.3495218987,99.17
2026-09-16T09:30:03+00:00,4,NAS100-USD,index,3284821.128179997,29000
2026-09-16T09:30:03+00:00,5,SILVER-USD,commodity,3278544.611480999,62.902
2026-09-16T09:30:03+00:00,6,BTC-USD,crypto,8171827.927359984,76876
2026-09-16T09:30:03+00:00,7,ETH-USD,crypto,12202393.974919964,2473.7
2026-09-16T09:30:03+00:00,8,SOL-USD,crypto,1776788.587089998,100.69
2026-09-16T09:30:03+00:00,9,SPCX-USD,equity,93162.58467500003,148.82
2026-09-16T09:30:03+00:00,10,HYPE-USD,crypto,8785891.902391002,78.914
2026-09-16T09:30:03+00:00,11,MU-USD,equity,592293.6480680072,933.5
2026-09-16T09:30:03+00:00,13,SKHY-USD,equity,368129.5850669998,176.5
2026-09-16T09:30:03+00:00,14,SKHYNIX-USD,equity,749809.8865100002,1248.2
2026-09-16T09:30:03+00:00,15,AAPL-USD,equity,789486.8083529999,330.56
2026-09-16T09:30:03+00:00,16,MSFT-USD,equity,2064337.4421930027,499.80
2026-09-16T09:30:03+00:00,17,GOOG-USD,equity,200687.95972899997,345.97
2026-09-16T09:30:03+00:00,18,AMZN-USD,equity,186738.87173399993,252.06
2026-09-16T09:30:03+00:00,19,NVDA-USD,equity,1323603.8159619994,211.78
2026-09-16T09:30:03+00:00,20,META-USD,equity,1266194.9974239997,660.91
2026-09-16T09:30:03+00:00,21,TSLA-USD,equity,209484.94340700004,357.57
2026-09-16T09:30:03+00:00,22,AMD-USD,equity,1186000.3140939998,495.18
2026-09-16T09:30:03+00:00,23,INTC-USD,equity,2758672.423702005,97.2
2026-09-16T09:30:03+00:00,24,AVGO-USD,equity,12406.730138999996,345.28
2026-09-16T09:30:03+00:00,25,QCOM-USD,equity,250813.69344999985,179.6
2026-09-16T09:30:03+00:00,26,ARM-USD,equity,1677706.538328002,239.06
2026-09-16T09:30:03+00:00,27,TSM-USD,equity,423948.1914210002,420.24
2026-09-16T09:30:03+00:00,28,ASML-USD,equity,297174.7799010001,1603.8
2026-09-16T09:30:03+00:00,29,SNDK-USD,equity,625107.4913240001,1561
2026-09-16T09:30:03+00:00,30,DRAM-USD,index,928896.2527909998,55.654
2026-09-16T09:30:03+00:00,31,PUMP-USD,crypto,2249969.977053004,0.003618
2026-09-16T09:30:03+00:00,32,ZEC-USD,crypto,3344966.705080002,1139.8
2026-09-16T09:30:03+00:00,33,XRP-USD,crypto,1323122.3664999998,1.3997
2026-09-16T09:30:03+00:00,34,LIT-USD,crypto,78838.13221799998,4.4643
2026-09-16T09:30:03+00:00,35,KPEPE-USD,crypto,152956.87032499994,0.003434
2026-09-16T09:30:03+00:00,36,HOOD-USD,equity,1672482.5197600008,111.57
2026-09-16T09:30:03+00:00,37,MSTR-USD,equity,1395861.0838444433,131.46
2026-09-16T09:30:03+00:00,38,STRC-USD,equity,658175.9558950008,98.375
2026-09-16T09:30:03+00:00,39,CRCL-USD,equity,4879215.114963011,92.15
2026-09-16T09:30:03+00:00,40,COIN-USD,equity,1510936.5524069993,183.61
2026-09-16T09:30:03+00:00,41,RKLB-USD,equity,885768.133532,62.317
2026-09-16T09:30:03+00:00,42,LITE-USD,equity,226084.745595,839.87
2026-09-16T09:30:03+00:00,43,NBIS-USD,equity,535207.3682480004,210.39
2026-09-16T09:30:03+00:00,44,ORCL-USD,equity,400954.19948100066,144.28
2026-09-16T09:30:03+00:00,45,PLTR-USD,equity,1995450.9814969986,170.34
2026-09-16T09:30:03+00:00,46,BRENTOIL-USD,commodity,3166655.066710004,102.40
2026-09-16T09:30:03+00:00,47,BABA-USD,equity,480028.9034699999,109.48
2026-09-16T09:30:03+00:00,48,ZM-USD,equity,1418911.837940002,95.03
2026-09-16T09:30:03+00:00,49,DELL-USD,equity,7516.813407000001,528.98
2026-09-16T09:30:03+00:00,50,CXMT-USD,equity,71697.63730699991,8.0707
2026-09-16T09:30:03+00:00,51,KIOXIA-USD,equity,25219.270449999996,333.17
2026-09-16T09:30:03+00:00,52,SAMSUNG-USD,equity,224579.29773000002,184.07
2026-09-16T09:30:03+00:00,53,CRWV-USD,equity,1581021.0155399975,82.46
2026-09-16T09:30:03+00:00,54,AAVE-USD,crypto,918111.2968440001,127.26
2026-09-16T09:30:03+00:00,55,UNI-USD,crypto,1047733.8816710007,6.5379
2026-09-16T09:30:03+00:00,56,WLD-USD,crypto,67242.95803999997,0.3744
2026-09-16T09:30:03+00:00,57,NEAR-USD,crypto,3603580.1165340017,2.3951
2026-09-16T09:30:03+00:00,58,KSHIB-USD,crypto,725823.6955550011,0.005167
2026-09-16T09:30:03+00:00,59,FARTCOIN-USD,crypto,843635.4305370008,0.14277
2026-09-16T09:30:03+00:00,60,DOGE-USD,crypto,1465916.1786270002,0.082628
2026-09-16T09:30:03+00:00,61,ENA-USD,crypto,1911721.3104999997,0.14298
2026-09-16T09:30:03+00:00,62,ONDO-USD,crypto,190947.22108999983,0.34877
2026-09-16T09:30:03+00:00,63,SUI-USD,crypto,2595996.3485429934,0.7118
2026-09-16T09:30:03+00:00,64,VVV-USD,crypto,2990891.330249004,21.974
2026-09-16T09:30:03+00:00,65,TAO-USD,crypto,1327882.1012079988,226.39
2026-09-16T09:30:03+00:00,66,ADA-USD,crypto,2415926.1025750027,0.20442
2026-09-16T09:30:03+00:00,67,ZRO-USD,crypto,1216923.12781,0.9453
2026-09-16T09:30:03+00:00,68,BNB-USD,crypto,380803.8931520004,718.26
2026-09-16T09:30:03+00:00,69,PONS-USD,crypto,1187955.7996309989,0.6132
2026-09-16T09:30:03+00:00,70,CASHCAT-USD,crypto,2521099.948423002,0.15343
2026-09-16T09:30:03+00:00,71,USELESS-USD,crypto,1117273.2002389985,0.20178
2026-09-16T09:30:03+00:00,72,KAITO-USD,crypto,721069.0252459997,0.29531
2026-09-16T09:30:03+00:00,73,ARB-USD,crypto,1948004.724860833,0.13361
2026-09-16T09:30:03+00:00,74,LDO-USD,crypto,808492.1047380014,0.35595
2026-09-16T09:30:03+00:00,75,AVAX-USD,crypto,1133416.2409359985,7.5107
2026-09-16T09:30:03+00:00,76,LTC-USD,crypto,334101.7902930003,52.506
2026-09-16T09:30:03+00:00,77,XPL-USD,crypto,450244.61898899986,0.082021
2026-09-16T09:30:03+00:00,78,XMR-USD,crypto,268922.1149939999,520.2
2026-09-16T09:30:03+00:00,79,LINK-USD,crypto,761935.4425019999,11.385
2026-09-16T09:30:03+00:00,80,VIRTUAL-USD,crypto,304618.5076119998,0.60509
2026-09-16T09:30:03+00:00,81,JUP-USD,crypto,1344761.8875999996,0.23297
2026-09-16T09:30:03+00:00,82,ETHFI-USD,crypto,664495.5923999995,0.61489
2026-09-16T09:30:03+00:00,83,PENDLE-USD,crypto,280260.2298560001,2.3539
2026-09-16T09:30:03+00:00,84,MORPHO-USD,crypto,360094.6125099998,2.1413
2026-09-16T09:45:02+00:00,1,SP500-USD,index,3549868.6292049936,7594.8
2026-09-16T09:45:02+00:00,2,GOLD-USD,commodity,2727775.8592240014,4272.4
2026-09-16T09:45:02+00:00,3,WTIOIL-USD,commodity,3816762.3344269,99.24
2026-09-16T09:45:02+00:00,4,NAS100-USD,index,3285085.665179997,29000
2026-09-16T09:45:02+00:00,5,SILVER-USD,commodity,3614529.8529839963,63.013
2026-09-16T09:45:02+00:00,6,BTC-USD,crypto,8203319.089619987,76957
2026-09-16T09:45:02+00:00,7,ETH-USD,crypto,12207224.149029966,2473.2
2026-09-16T09:45:02+00:00,8,SOL-USD,crypto,1765592.211908998,100.74
2026-09-16T09:45:02+00:00,9,SPCX-USD,equity,93284.64679100005,148.82
2026-09-16T09:45:02+00:00,10,HYPE-USD,crypto,8780504.123865997,79.008
2026-09-16T09:45:02+00:00,11,MU-USD,equity,592293.6480680072,933.5
2026-09-16T09:45:02+00:00,13,SKHY-USD,equity,368129.5850669998,176.5
2026-09-16T09:45:02+00:00,14,SKHYNIX-USD,equity,749809.8865100002,1248.2
2026-09-16T09:45:02+00:00,15,AAPL-USD,equity,789486.8083529999,330.56
2026-09-16T09:45:02+00:00,16,MSFT-USD,equity,1973551.584136002,500.24
2026-09-16T09:45:02+00:00,17,GOOG-USD,equity,216947.43876899997,345.97
2026-09-16T09:45:02+00:00,18,AMZN-USD,equity,163992.49842,252.32
2026-09-16T09:45:02+00:00,19,NVDA-USD,equity,1303368.6894749994,212.09
2026-09-16T09:45:02+00:00,20,META-USD,equity,1266194.9974239997,660.91
2026-09-16T09:45:02+00:00,21,TSLA-USD,equity,209415.90827200003,357.82
2026-09-16T09:45:02+00:00,22,AMD-USD,equity,1186000.3140939998,495.18
2026-09-16T09:45:02+00:00,23,INTC-USD,equity,2757337.5475110053,97.89
2026-09-16T09:45:02+00:00,24,AVGO-USD,equity,12406.730138999996,345.28
2026-09-16T09:45:02+00:00,25,QCOM-USD,equity,250813.69344999985,179.6
2026-09-16T09:45:02+00:00,26,ARM-USD,equity,1648249.0511100024,240.2
2026-09-16T09:45:02+00:00,27,TSM-USD,equity,423948.1914210002,420.24
2026-09-16T09:45:02+00:00,28,ASML-USD,equity,294554.68855300004,1611.5
2026-09-16T09:45:02+00:00,29,SNDK-USD,equity,625107.4913240001,1561
2026-09-16T09:45:02+00:00,30,DRAM-USD,index,928896.2527909998,55.654
2026-09-16T09:45:02+00:00,31,PUMP-USD,crypto,2246511.5629750043,0.003617
2026-09-16T09:45:02+00:00,32,ZEC-USD,crypto,3468235.3005799963,1139.8
2026-09-16T09:45:02+00:00,33,XRP-USD,crypto,1313777.8750999998,1.4001
2026-09-16T09:45:02+00:00,34,LIT-USD,crypto,78838.13221799998,4.4643
2026-09-16T09:45:02+00:00,35,KPEPE-USD,crypto,152707.97679599997,0.003434
2026-09-16T09:45:02+00:00,36,HOOD-USD,equity,1672738.046760001,111.57
2026-09-16T09:45:02+00:00,37,MSTR-USD,equity,1537346.308344444,131.66
2026-09-16T09:45:02+00:00,38,STRC-USD,equity,658175.9558950008,98.375
2026-09-16T09:45:02+00:00,39,CRCL-USD,equity,4710325.995638011,92.35
2026-09-16T09:45:02+00:00,40,COIN-USD,equity,1503431.310046999,183.97
2026-09-16T09:45:02+00:00,41,RKLB-USD,equity,885801.705874,62.317
2026-09-16T09:45:02+00:00,42,LITE-USD,equity,266908.8314059999,840.25
2026-09-16T09:45:02+00:00,43,NBIS-USD,equity,534939.6469730004,211.29
2026-09-16T09:45:02+00:00,44,ORCL-USD,equity,400954.19948100066,144.28
2026-09-16T09:45:02+00:00,45,PLTR-USD,equity,1995337.4839549987,170.73
2026-09-16T09:45:02+00:00,46,BRENTOIL-USD,commodity,3176575.2676000036,102.40
2026-09-16T09:45:02+00:00,47,BABA-USD,equity,471697.648048,109.75
2026-09-16T09:45:02+00:00,48,ZM-USD,equity,1418582.582524002,95.06
2026-09-16T09:45:02+00:00,49,DELL-USD,equity,7172.313507000001,530.38
2026-09-16T09:45:02+00:00,50,CXMT-USD,equity,71697.63730699991,8.0707
2026-09-16T09:45:02+00:00,51,KIOXIA-USD,equity,25219.270449999996,333.17
2026-09-16T09:45:02+00:00,52,SAMSUNG-USD,equity,225194.997738,184.07
2026-09-16T09:45:02+00:00,53,CRWV-USD,equity,1603490.7500579976,82.714
2026-09-16T09:45:02+00:00,54,AAVE-USD,crypto,918428.1654210002,127.45
2026-09-16T09:45:02+00:00,55,UNI-USD,crypto,1064273.3411450011,6.6135
2026-09-16T09:45:02+00:00,56,WLD-USD,crypto,63956.73821899997,0.3739
2026-09-16T09:45:02+00:00,57,NEAR-USD,crypto,3696922.1105760005,2.3945
2026-09-16T09:45:02+00:00,58,KSHIB-USD,crypto,726000.9630550011,0.005167
2026-09-16T09:45:02+00:00,59,FARTCOIN-USD,crypto,840379.5978440007,0.14270
2026-09-16T09:45:02+00:00,60,DOGE-USD,crypto,1465459.0990730007,0.08271
2026-09-16T09:45:02+00:00,61,ENA-USD,crypto,1895288.5072919996,0.14266
2026-09-16T09:45:02+00:00,62,ONDO-USD,crypto,282796.76904699986,0.34924
2026-09-16T09:45:02+00:00,63,SUI-USD,crypto,2584319.537892993,0.71058
2026-09-16T09:45:02+00:00,64,VVV-USD,crypto,2955560.330361004,22.039
2026-09-16T09:45:02+00:00,65,TAO-USD,crypto,1317546.4229319992,226.57
2026-09-16T09:45:02+00:00,66,ADA-USD,crypto,2439486.0863340027,0.20477
2026-09-16T09:45:02+00:00,67,ZRO-USD,crypto,1198369.841246,0.9486
2026-09-16T09:45:02+00:00,68,BNB-USD,crypto,380803.8931520004,718.26
2026-09-16T09:45:02+00:00,69,PONS-USD,crypto,1187389.5406829983,0.61871
2026-09-16T09:45:02+00:00,70,CASHCAT-USD,crypto,2562802.4364700005,0.15425
2026-09-16T09:45:02+00:00,71,USELESS-USD,crypto,1256524.010825998,0.20165
2026-09-16T09:45:02+00:00,72,KAITO-USD,crypto,738072.540129,0.29531
2026-09-16T09:45:02+00:00,73,ARB-USD,crypto,1987272.1775088317,0.13412
2026-09-16T09:45:02+00:00,74,LDO-USD,crypto,805562.1050770014,0.35635
2026-09-16T09:45:02+00:00,75,AVAX-USD,crypto,1148588.5852889982,7.5107
2026-09-16T09:45:02+00:00,76,LTC-USD,crypto,334111.7931650003,52.506
2026-09-16T09:45:02+00:00,77,XPL-USD,crypto,453122.2759539998,0.083207
2026-09-16T09:45:02+00:00,78,XMR-USD,crypto,270509.6962839999,519.62
2026-09-16T09:45:02+00:00,79,LINK-USD,crypto,751291.0856860001,11.376
2026-09-16T09:45:02+00:00,80,VIRTUAL-USD,crypto,304754.50879499986,0.60649
2026-09-16T09:45:02+00:00,81,JUP-USD,crypto,1352902.9011969995,0.23318
2026-09-16T09:45:02+00:00,82,ETHFI-USD,crypto,664545.8455959996,0.61509
2026-09-16T09:45:02+00:00,83,PENDLE-USD,crypto,311925.0147360003,2.3826
2026-09-16T09:45:02+00:00,84,MORPHO-USD,crypto,378741.67422599986,2.1444
2026-09-16T10:00:02+00:00,1,SP500-USD,index,3561282.8803379936,7595.4
2026-09-16T10:00:02+00:00,2,GOLD-USD,commodity,2751154.894818001,4275
2026-09-16T10:00:02+00:00,3,WTIOIL-USD,commodity,3782926.8270389,98.90
2026-09-16T10:00:02+00:00,4,NAS100-USD,index,3285483.575579997,29040
2026-09-16T10:00:02+00:00,5,SILVER-USD,commodity,3724920.698064997,63.132
2026-09-16T10:00:02+00:00,6,BTC-USD,crypto,8171847.118929985,76967
2026-09-16T10:00:02+00:00,7,ETH-USD,crypto,12185804.102779962,2473.1
2026-09-16T10:00:02+00:00,8,SOL-USD,crypto,1764162.579576998,100.72
2026-09-16T10:00:02+00:00,9,SPCX-USD,equity,93553.08421100005,148.82
2026-09-16T10:00:02+00:00,10,HYPE-USD,crypto,8764268.560280994,79.173
2026-09-16T10:00:02+00:00,11,MU-USD,equity,592293.6480680072,933.5
2026-09-16T10:00:02+00:00,13,SKHY-USD,equity,368129.5850669998,176.5
2026-09-16T10:00:02+00:00,14,SKHYNIX-USD,equity,748362.0261900004,1249.1
2026-09-16T10:00:02+00:00,15,AAPL-USD,equity,789486.8083529999,330.56
2026-09-16T10:00:02+00:00,16,MSFT-USD,equity,1950601.3475580022,500.08
2026-09-16T10:00:02+00:00,17,GOOG-USD,equity,216947.43876899997,345.97
2026-09-16T10:00:02+00:00,18,AMZN-USD,equity,163709.723396,252.24
2026-09-16T10:00:02+00:00,19,NVDA-USD,equity,1299759.8260349995,212.61
2026-09-16T10:00:02+00:00,20,META-USD,equity,1262410.5060199997,660.75
2026-09-16T10:00:02+00:00,21,TSLA-USD,equity,214193.52568300004,358.18
2026-09-16T10:00:02+00:00,22,AMD-USD,equity,1186000.3140939998,495.18
2026-09-16T10:00:02+00:00,23,INTC-USD,equity,2575624.507089006,98.48
2026-09-16T10:00:02+00:00,24,AVGO-USD,equity,12406.730138999996,345.28
2026-09-16T10:00:02+00:00,25,QCOM-USD,equity,250813.69344999985,179.6
2026-09-16T10:00:02+00:00,26,ARM-USD,equity,1378787.794474,241.64
2026-09-16T10:00:02+00:00,27,TSM-USD,equity,423948.1914210002,420.24
2026-09-16T10:00:02+00:00,28,ASML-USD,equity,248602.07523599998,1616.8
2026-09-16T10:00:02+00:00,29,SNDK-USD,equity,606233.3652469999,1563.5
2026-09-16T10:00:02+00:00,30,DRAM-USD,index,928714.4815529998,55.709
2026-09-16T10:00:02+00:00,31,PUMP-USD,crypto,2239627.0538550043,0.003621
2026-09-16T10:00:02+00:00,32,ZEC-USD,crypto,3569649.2189600035,1137.5
2026-09-16T10:00:02+00:00,33,XRP-USD,crypto,1308663.7848999996,1.3997
2026-09-16T10:00:02+00:00,34,LIT-USD,crypto,70869.24897900001,4.3745
2026-09-16T10:00:02+00:00,35,KPEPE-USD,crypto,152210.47774399995,0.003438
2026-09-16T10:00:02+00:00,36,HOOD-USD,equity,1614702.069240002,111.71
2026-09-16T10:00:02+00:00,37,MSTR-USD,equity,1531068.2091544427,131.93
2026-09-16T10:00:02+00:00,38,STRC-USD,equity,658175.9558950008,98.375
2026-09-16T10:00:02+00:00,39,CRCL-USD,equity,4247045.240477999,92.37
2026-09-16T10:00:02+00:00,40,COIN-USD,equity,1483748.979824999,183.89
2026-09-16T10:00:02+00:00,41,RKLB-USD,equity,885636.9755229999,62.434
2026-09-16T10:00:02+00:00,42,LITE-USD,equity,262109.37152599977,845.81
2026-09-16T10:00:02+00:00,43,NBIS-USD,equity,533445.2097230003,212.09
2026-09-16T10:00:02+00:00,44,ORCL-USD,equity,400954.19948100066,144.28
2026-09-16T10:00:02+00:00,45,PLTR-USD,equity,1997260.8043439984,170.79
2026-09-16T10:00:02+00:00,46,BRENTOIL-USD,commodity,3176597.263590004,102.40
2026-09-16T10:00:02+00:00,47,BABA-USD,equity,471697.648048,109.75
2026-09-16T10:00:02+00:00,48,ZM-USD,equity,1418092.0226800023,95.09
2026-09-16T10:00:02+00:00,49,DELL-USD,equity,6981.208707000001,534.3
2026-09-16T10:00:02+00:00,50,CXMT-USD,equity,71999.0694439999,8.0707
2026-09-16T10:00:02+00:00,51,KIOXIA-USD,equity,27061.99034499999,335.73
2026-09-16T10:00:02+00:00,52,SAMSUNG-USD,equity,225194.997738,184.07
2026-09-16T10:00:02+00:00,53,CRWV-USD,equity,1574270.0331329976,83.214
2026-09-16T10:00:02+00:00,54,AAVE-USD,crypto,917962.5648830002,127.58
2026-09-16T10:00:02+00:00,55,UNI-USD,crypto,1062755.1723380014,6.6340
2026-09-16T10:00:02+00:00,56,WLD-USD,crypto,63708.01899699997,0.37349
2026-09-16T10:00:02+00:00,57,NEAR-USD,crypto,3723836.6967210015,2.3955
2026-09-16T10:00:02+00:00,58,KSHIB-USD,crypto,724336.5785250012,0.005155
2026-09-16T10:00:02+00:00,59,FARTCOIN-USD,crypto,831287.7240870002,0.1425
2026-09-16T10:00:02+00:00,60,DOGE-USD,crypto,1457127.179913,0.08261
2026-09-16T10:00:02+00:00,61,ENA-USD,crypto,1884951.4788019997,0.14319
2026-09-16T10:00:02+00:00,62,ONDO-USD,crypto,284160.2346629999,0.34815
2026-09-16T10:00:02+00:00,63,SUI-USD,crypto,2567573.5966169923,0.71056
2026-09-16T10:00:02+00:00,64,VVV-USD,crypto,2922553.2975110044,21.94
2026-09-16T10:00:02+00:00,65,TAO-USD,crypto,1311149.228309999,226.90
2026-09-16T10:00:02+00:00,66,ADA-USD,crypto,2423269.7794820024,0.20478
2026-09-16T10:00:02+00:00,67,ZRO-USD,crypto,1173261.7282930003,0.9493
2026-09-16T10:00:02+00:00,68,BNB-USD,crypto,380803.8931520004,718.26
2026-09-16T10:00:02+00:00,69,PONS-USD,crypto,1185506.3829979978,0.6218
2026-09-16T10:00:02+00:00,70,CASHCAT-USD,crypto,2587619.528804,0.15408
2026-09-16T10:00:02+00:00,71,USELESS-USD,crypto,1370235.8730249973,0.20263
2026-09-16T10:00:02+00:00,72,KAITO-USD,crypto,727005.7188030002,0.2956
2026-09-16T10:00:02+00:00,73,ARB-USD,crypto,2068639.133985832,0.13446
2026-09-16T10:00:02+00:00,74,LDO-USD,crypto,805582.1348040013,0.35664
2026-09-16T10:00:02+00:00,75,AVAX-USD,crypto,1148608.7674899984,7.5236
2026-09-16T10:00:02+00:00,76,LTC-USD,crypto,334450.0982360002,52.506
2026-09-16T10:00:02+00:00,77,XPL-USD,crypto,459013.31818599993,0.083251
2026-09-16T10:00:02+00:00,78,XMR-USD,crypto,271488.9778709999,517.98
2026-09-16T10:00:02+00:00,79,LINK-USD,crypto,751281.082898,11.383
2026-09-16T10:00:02+00:00,80,VIRTUAL-USD,crypto,303107.4528119998,0.60698
2026-09-16T10:00:02+00:00,81,JUP-USD,crypto,1315794.012500999,0.23304
2026-09-16T10:00:02+00:00,82,ETHFI-USD,crypto,801650.5918789994,0.61557
2026-09-16T10:00:02+00:00,83,PENDLE-USD,crypto,304895.46758500027,2.3917
2026-09-16T10:00:02+00:00,84,MORPHO-USD,crypto,377720.60816599976,2.1508
2026-09-16T10:15:03+00:00,1,SP500-USD,index,3561914.424245994,7593.7
2026-09-16T10:15:03+00:00,2,GOLD-USD,commodity,2882904.392588,4275.5
2026-09-16T10:15:03+00:00,3,WTIOIL-USD,commodity,3666888.6421648995,99.01
2026-09-16T10:15:03+00:00,4,NAS100-USD,index,3283196.0749899973,29068
2026-09-16T10:15:03+00:00,5,SILVER-USD,commodity,3786333.9179139966,63.132
2026-09-16T10:15:03+00:00,6,BTC-USD,crypto,8168671.406909985,76980
2026-09-16T10:15:03+00:00,7,ETH-USD,crypto,12157995.379349962,2476.1
2026-09-16T10:15:03+00:00,8,SOL-USD,crypto,1732193.9930889981,100.76
2026-09-16T10:15:03+00:00,9,SPCX-USD,equity,93563.77717300005,148.82
2026-09-16T10:15:03+00:00,10,HYPE-USD,crypto,8522490.611886995,79.205
2026-09-16T10:15:03+00:00,11,MU-USD,equity,597231.9495010072,933.5
2026-09-16T10:15:03+00:00,13,SKHY-USD,equity,367977.5858319997,176.36
2026-09-16T10:15:03+00:00,14,SKHYNIX-USD,equity,748350.9092000003,1255.6
2026-09-16T10:15:03+00:00,15,AAPL-USD,equity,789086.7976969999,330.3
2026-09-16T10:15:03+00:00,16,MSFT-USD,equity,1806221.6260130024,499.80
2026-09-16T10:15:03+00:00,17,GOOG-USD,equity,216947.43876899997,345.97
2026-09-16T10:15:03+00:00,18,AMZN-USD,equity,159382.04171599992,252.43
2026-09-16T10:15:03+00:00,19,NVDA-USD,equity,1351263.793107001,212.61
2026-09-16T10:15:03+00:00,20,META-USD,equity,1262380.50797,661.03
2026-09-16T10:15:03+00:00,21,TSLA-USD,equity,226310.701928,358.83
2026-09-16T10:15:03+00:00,22,AMD-USD,equity,1186023.2053259998,495.18
2026-09-16T10:15:03+00:00,23,INTC-USD,equity,2597544.2784890053,98.56
2026-09-16T10:15:03+00:00,24,AVGO-USD,equity,12365.656359999997,345.88
2026-09-16T10:15:03+00:00,25,QCOM-USD,equity,250824.79596799985,179.6
2026-09-16T10:15:03+00:00,26,ARM-USD,equity,1193085.0118660007,243.46
2026-09-16T10:15:03+00:00,27,TSM-USD,equity,423948.1914210002,420.24
2026-09-16T10:15:03+00:00,28,ASML-USD,equity,248901.77011399996,1623.5
2026-09-16T10:15:03+00:00,29,SNDK-USD,equity,606410.3473549999,1563.5
2026-09-16T10:15:03+00:00,30,DRAM-USD,index,928714.4815529998,55.709
2026-09-16T10:15:03+00:00,31,PUMP-USD,crypto,2237084.718941004,0.003610
2026-09-16T10:15:03+00:00,32,ZEC-USD,crypto,3598703.6928299973,1140.6
2026-09-16T10:15:03+00:00,33,XRP-USD,crypto,1322039.5767999997,1.4009
2026-09-16T10:15:03+00:00,34,LIT-USD,crypto,70468.07251900002,4.4008
2026-09-16T10:15:03+00:00,35,KPEPE-USD,crypto,152221.47820799996,0.003436
2026-09-16T10:15:03+00:00,36,HOOD-USD,equity,1618656.5029700026,111.75
2026-09-16T10:15:03+00:00,37,MSTR-USD,equity,1434366.1299144442,131.90
2026-09-16T10:15:03+00:00,38,STRC-USD,equity,658175.9558950008,98.375
2026-09-16T10:15:03+00:00,39,CRCL-USD,equity,3355201.958747001,92.52
2026-09-16T10:15:03+00:00,40,COIN-USD,equity,1404931.4604639998,183.89
2026-09-16T10:15:03+00:00,41,RKLB-USD,equity,268030.85058299993,62.904
2026-09-16T10:15:03+00:00,42,LITE-USD,equity,247280.35923099992,848.36
2026-09-16T10:15:03+00:00,43,NBIS-USD,equity,528855.4024280002,213.1
2026-09-16T10:15:03+00:00,44,ORCL-USD,equity,400975.90347100067,144.28
2026-09-16T10:15:03+00:00,45,PLTR-USD,equity,2005224.3328099984,170.72
2026-09-16T10:15:03+00:00,46,BRENTOIL-USD,commodity,3167236.878860004,102.40
2026-09-16T10:15:03+00:00,47,BABA-USD,equity,471697.648048,109.75
2026-09-16T10:15:03+00:00,48,ZM-USD,equity,1418063.305500002,95.05
2026-09-16T10:15:03+00:00,49,DELL-USD,equity,5600.684367,534.9
2026-09-16T10:15:03+00:00,50,CXMT-USD,equity,72219.40026999991,8.0707
2026-09-16T10:15:03+00:00,51,KIOXIA-USD,equity,27100.42601499999,335.73
2026-09-16T10:15:03+00:00,52,SAMSUNG-USD,equity,225194.997738,184.07
2026-09-16T10:15:03+00:00,53,CRWV-USD,equity,1567897.4254439967,83.185
2026-09-16T10:15:03+00:00,54,AAVE-USD,crypto,917206.9627680003,127.42
2026-09-16T10:15:03+00:00,55,UNI-USD,crypto,1065783.1628859998,6.6384
2026-09-16T10:15:03+00:00,56,WLD-USD,crypto,63889.80246899998,0.37241
2026-09-16T10:15:03+00:00,57,NEAR-USD,crypto,3769045.769245002,2.3985
2026-09-16T10:15:03+00:00,58,KSHIB-USD,crypto,724514.5770250012,0.005155
2026-09-16T10:15:03+00:00,59,FARTCOIN-USD,crypto,837017.1233220005,0.14241
2026-09-16T10:15:03+00:00,60,DOGE-USD,crypto,1468894.6914629992,0.082608
2026-09-16T10:15:03+00:00,61,ENA-USD,crypto,1917222.1810709995,0.14243
2026-09-16T10:15:03+00:00,62,ONDO-USD,crypto,284160.2346629999,0.34815
2026-09-16T10:15:03+00:00,63,SUI-USD,crypto,2556011.76321799,0.7103
2026-09-16T10:15:03+00:00,64,VVV-USD,crypto,2940013.2921940056,21.96
2026-09-16T10:15:03+00:00,65,TAO-USD,crypto,1318831.7570939993,226.75
2026-09-16T10:15:03+00:00,66,ADA-USD,crypto,2425588.3366440046,0.20509
2026-09-16T10:15:03+00:00,67,ZRO-USD,crypto,1171972.8188640003,0.9484
2026-09-16T10:15:03+00:00,68,BNB-USD,crypto,380803.8931520004,718.26
2026-09-16T10:15:03+00:00,69,PONS-USD,crypto,1189633.3727689981,0.62508
2026-09-16T10:15:03+00:00,70,CASHCAT-USD,crypto,2632630.7361240005,0.15305
2026-09-16T10:15:03+00:00,71,USELESS-USD,crypto,1466063.411615,0.20392
2026-09-16T10:15:03+00:00,72,KAITO-USD,crypto,780790.684093,0.2952
2026-09-16T10:15:03+00:00,73,ARB-USD,crypto,2128897.231907832,0.13443
2026-09-16T10:15:03+00:00,74,LDO-USD,crypto,818685.5300200016,0.35604
2026-09-16T10:15:03+00:00,75,AVAX-USD,crypto,1157887.1760599983,7.5223
2026-09-16T10:15:03+00:00,76,LTC-USD,crypto,332321.7659080002,52.469
2026-09-16T10:15:03+00:00,77,XPL-USD,crypto,462561.2399129999,0.083226
2026-09-16T10:15:03+00:00,78,XMR-USD,crypto,274450.56272399984,517.24
2026-09-16T10:15:03+00:00,79,LINK-USD,crypto,749690.0350040002,11.378
2026-09-16T10:15:03+00:00,80,VIRTUAL-USD,crypto,303077.5275359999,0.60596
2026-09-16T10:15:03+00:00,81,JUP-USD,crypto,1031609.0769229995,0.23237
2026-09-16T10:15:03+00:00,82,ETHFI-USD,crypto,802212.0849079996,0.61567
2026-09-16T10:15:03+00:00,83,PENDLE-USD,crypto,296868.64342500025,2.3668
2026-09-16T10:15:03+00:00,84,MORPHO-USD,crypto,396693.9804709999,2.1415
2026-09-16T10:30:02+00:00,1,SP500-USD,index,3556948.3384919944,7599.3
2026-09-16T10:30:02+00:00,2,GOLD-USD,commodity,2969322.030514002,4276.5
2026-09-16T10:30:02+00:00,3,WTIOIL-USD,commodity,3593241.550990899,98.83
2026-09-16T10:30:02+00:00,4,NAS100-USD,index,3283196.0749899973,29068
2026-09-16T10:30:02+00:00,5,SILVER-USD,commodity,3784192.940571997,63.14
2026-09-16T10:30:02+00:00,6,BTC-USD,crypto,8176195.922789985,76853
2026-09-16T10:30:02+00:00,7,ETH-USD,crypto,12182014.811729966,2473.2
2026-09-16T10:30:02+00:00,8,SOL-USD,crypto,1733712.2154229982,100.81
2026-09-16T10:30:02+00:00,9,SPCX-USD,equity,93563.77717300005,148.82
2026-09-16T10:30:02+00:00,10,HYPE-USD,crypto,8535994.813315993,79.336
2026-09-16T10:30:02+00:00,11,MU-USD,equity,585827.0589150073,932.8
2026-09-16T10:30:02+00:00,13,SKHY-USD,equity,383408.62080599956,176.82
2026-09-16T10:30:02+00:00,14,SKHYNIX-USD,equity,748381.6748000004,1255.6
2026-09-16T10:30:02+00:00,15,AAPL-USD,equity,789075.7987069999,330.32
2026-09-16T10:30:02+00:00,16,MSFT-USD,equity,1804484.3046580025,500.39
2026-09-16T10:30:02+00:00,17,GOOG-USD,equity,225258.23104699998,345.97
2026-09-16T10:30:02+00:00,18,AMZN-USD,equity,151089.0302289999,252.55
2026-09-16T10:30:02+00:00,19,NVDA-USD,equity,1351263.793107001,212.61
2026-09-16T10:30:02+00:00,20,META-USD,equity,1261380.435683,661.29
2026-09-16T10:30:02+00:00,21,TSLA-USD,equity,226310.701928,358.83
2026-09-16T10:30:02+00:00,22,AMD-USD,equity,1186023.2053259998,495.18
2026-09-16T10:30:02+00:00,23,INTC-USD,equity,2588758.716308004,98.9
2026-09-16T10:30:02+00:00,24,AVGO-USD,equity,12365.656359999997,345.88
2026-09-16T10:30:02+00:00,25,QCOM-USD,equity,250824.79596799985,179.6
2026-09-16T10:30:02+00:00,26,ARM-USD,equity,1118566.4873740007,242.85
2026-09-16T10:30:02+00:00,27,TSM-USD,equity,423983.4136470002,420.24
2026-09-16T10:30:02+00:00,28,ASML-USD,equity,244731.0501629999,1625.2
2026-09-16T10:30:02+00:00,29,SNDK-USD,equity,595924.2369989998,1567.7
2026-09-16T10:30:02+00:00,30,DRAM-USD,index,925069.8960739998,55.774
2026-09-16T10:30:02+00:00,31,PUMP-USD,crypto,2235270.134771005,0.003595
2026-09-16T10:30:02+00:00,32,ZEC-USD,crypto,3598564.4474899974,1141.6
2026-09-16T10:30:02+00:00,33,XRP-USD,crypto,1327638.5525999998,1.4
2026-09-16T10:30:02+00:00,34,LIT-USD,crypto,70468.07251900002,4.4008
2026-09-16T10:30:02+00:00,35,KPEPE-USD,crypto,151972.28874199995,0.00344
2026-09-16T10:30:02+00:00,36,HOOD-USD,equity,1598240.8692300024,111.81
2026-09-16T10:30:02+00:00,37,MSTR-USD,equity,1405825.780914445,132.31
2026-09-16T10:30:02+00:00,38,STRC-USD,equity,658030.2378780008,98.394
2026-09-16T10:30:02+00:00,39,CRCL-USD,equity,3322904.0660039983,92.31
2026-09-16T10:30:02+00:00,40,COIN-USD,equity,1385315.7058720002,183.71
2026-09-16T10:30:02+00:00,41,RKLB-USD,equity,267697.2524379999,62.851
2026-09-16T10:30:02+00:00,42,LITE-USD,equity,245912.029128,851.75
2026-09-16T10:30:02+00:00,43,NBIS-USD,equity,528855.4024280012,213.1
2026-09-16T10:30:02+00:00,44,ORCL-USD,equity,400975.9034710005,144.28
2026-09-16T10:30:02+00:00,45,PLTR-USD,equity,2015296.6198259983,170.79
2026-09-16T10:30:02+00:00,46,BRENTOIL-USD,commodity,3034744.645170003,102.08
2026-09-16T10:30:02+00:00,47,BABA-USD,equity,268618.53281300014,109.76
2026-09-16T10:30:02+00:00,48,ZM-USD,equity,1417833.491162002,94.96
2026-09-16T10:30:02+00:00,49,DELL-USD,equity,5600.684367,534.9
2026-09-16T10:30:02+00:00,50,CXMT-USD,equity,72515.55199599992,8.0707
2026-09-16T10:30:02+00:00,51,KIOXIA-USD,equity,27100.42601499999,335.73
2026-09-16T10:30:02+00:00,52,SAMSUNG-USD,equity,225194.997738,184.07
2026-09-16T10:30:02+00:00,53,CRWV-USD,equity,1459598.8213819969,83.38
2026-09-16T10:30:02+00:00,54,AAVE-USD,crypto,917295.9204860004,127.16
2026-09-16T10:30:02+00:00,55,UNI-USD,crypto,1058470.1454129994,6.6213
2026-09-16T10:30:02+00:00,56,WLD-USD,crypto,66253.67154299999,0.37241
2026-09-16T10:30:02+00:00,57,NEAR-USD,crypto,3844851.2136470024,2.3933
2026-09-16T10:30:02+00:00,58,KSHIB-USD,crypto,724525.5378700012,0.005155
2026-09-16T10:30:02+00:00,59,FARTCOIN-USD,crypto,842260.6892560007,0.14211
2026-09-16T10:30:02+00:00,60,DOGE-USD,crypto,1590282.7178659993,0.082608
2026-09-16T10:30:02+00:00,61,ENA-USD,crypto,1941836.2101069996,0.14243
2026-09-16T10:30:02+00:00,62,ONDO-USD,crypto,297363.90944299987,0.34815
2026-09-16T10:30:02+00:00,63,SUI-USD,crypto,2562077.0288329897,0.70905
2026-09-16T10:30:02+00:00,64,VVV-USD,crypto,2974547.3998360056,21.858
2026-09-16T10:30:02+00:00,65,TAO-USD,crypto,1324670.0276879992,225.98
2026-09-16T10:30:02+00:00,66,ADA-USD,crypto,2432965.2896990045,0.20472
2026-09-16T10:30:02+00:00,67,ZRO-USD,crypto,1173975.2375940003,0.9484
2026-09-16T10:30:02+00:00,68,BNB-USD,crypto,382651.4791520004,718.26
2026-09-16T10:30:02+00:00,69,PONS-USD,crypto,1228911.7497519979,0.61798
2026-09-16T10:30:02+00:00,70,CASHCAT-USD,crypto,2652742.2552920002,0.15355
2026-09-16T10:30:02+00:00,71,USELESS-USD,crypto,1574596.6120319995,0.20187
2026-09-16T10:30:02+00:00,72,KAITO-USD,crypto,808808.8483809999,0.2948
2026-09-16T10:30:02+00:00,73,ARB-USD,crypto,2141278.507195831,0.13416
2026-09-16T10:30:02+00:00,74,LDO-USD,crypto,818725.5777690016,0.35604
2026-09-16T10:30:02+00:00,75,AVAX-USD,crypto,1160749.4952549983,7.5166
2026-09-16T10:30:02+00:00,76,LTC-USD,crypto,332321.7659080002,52.469
2026-09-16T10:30:02+00:00,77,XPL-USD,crypto,465595.984623,0.082957
2026-09-16T10:30:02+00:00,78,XMR-USD,crypto,292788.75683399994,516.81
2026-09-16T10:30:02+00:00,79,LINK-USD,crypto,748944.2023560002,11.36
2026-09-16T10:30:02+00:00,80,VIRTUAL-USD,crypto,303137.8987129999,0.60536
2026-09-16T10:30:02+00:00,81,JUP-USD,crypto,1033501.6796609993,0.23126
2026-09-16T10:30:02+00:00,82,ETHFI-USD,crypto,802832.9826239995,0.61496
2026-09-16T10:30:02+00:00,83,PENDLE-USD,crypto,295612.0759780002,2.3498
2026-09-16T10:30:02+00:00,84,MORPHO-USD,crypto,405196.8260119999,2.1392
2026-09-16T10:45:02+00:00,1,SP500-USD,index,3554583.6097259945,7599.8
2026-09-16T10:45:02+00:00,2,GOLD-USD,commodity,2999970.963920002,4280.8
2026-09-16T10:45:02+00:00,3,WTIOIL-USD,commodity,3506563.3221128983,98.421
2026-09-16T10:45:02+00:00,4,NAS100-USD,index,3283348.018329997,29058
2026-09-16T10:45:02+00:00,5,SILVER-USD,commodity,3784083.3916159966,63.118
2026-09-16T10:45:02+00:00,6,BTC-USD,crypto,8140261.815159985,77015.0
2026-09-16T10:45:02+00:00,7,ETH-USD,crypto,12180377.857919967,2477.6
2026-09-16T10:45:02+00:00,8,SOL-USD,crypto,1733773.054412998,101.02
2026-09-16T10:45:02+00:00,9,SPCX-USD,equity,93563.67568600005,148.73
2026-09-16T10:45:02+00:00,10,HYPE-USD,crypto,8520826.232075995,79.377
2026-09-16T10:45:02+00:00,11,MU-USD,equity,582412.4041970001,932.6
2026-09-16T10:45:02+00:00,13,SKHY-USD,equity,370884.0706829995,176.78
2026-09-16T10:45:02+00:00,14,SKHYNIX-USD,equity,748331.3158800004,1256.6
2026-09-16T10:45:02+00:00,15,AAPL-USD,equity,789075.7987069999,330.32
2026-09-16T10:45:02+00:00,16,MSFT-USD,equity,1797365.9527180023,500.05
2026-09-16T10:45:02+00:00,17,GOOG-USD,equity,225009.25907799997,345.89
2026-09-16T10:45:02+00:00,18,AMZN-USD,equity,150589.0064839999,252.55
2026-09-16T10:45:02+00:00,19,NVDA-USD,equity,1360909.127919001,212.53
2026-09-16T10:45:02+00:00,20,META-USD,equity,1268159.224737,661.93
2026-09-16T10:45:02+00:00,21,TSLA-USD,equity,226310.701928,358.83
2026-09-16T10:45:02+00:00,22,AMD-USD,equity,1186012.1132939996,494.98
2026-09-16T10:45:02+00:00,23,INTC-USD,equity,2490866.735777004,98.91
2026-09-16T10:45:02+00:00,24,AVGO-USD,equity,12365.656359999997,345.88
2026-09-16T10:45:02+00:00,25,QCOM-USD,equity,250775.37004799984,180.31
2026-09-16T10:45:02+00:00,26,ARM-USD,equity,1075668.8993980004,242.29
2026-09-16T10:45:02+00:00,27,TSM-USD,equity,423983.4136470002,420.24
2026-09-16T10:45:02+00:00,28,ASML-USD,equity,250025.03543599986,1627
2026-09-16T10:45:02+00:00,29,SNDK-USD,equity,595567.6292889998,1564.3
2026-09-16T10:45:02+00:00,30,DRAM-USD,index,925020.6476319998,55.750
2026-09-16T10:45:02+00:00,31,PUMP-USD,crypto,2225144.273914006,0.003611
2026-09-16T10:45:02+00:00,32,ZEC-USD,crypto,3609165.181649997,1132.1
2026-09-16T10:45:02+00:00,33,XRP-USD,crypto,1311055.2551999993,1.4006
2026-09-16T10:45:02+00:00,34,LIT-USD,crypto,68721.789825,4.3974
2026-09-16T10:45:02+00:00,35,KPEPE-USD,crypto,151972.28818899996,0.003442
2026-09-16T10:45:02+00:00,36,HOOD-USD,equity,1616338.5901100028,112.1
2026-09-16T10:45:02+00:00,37,MSTR-USD,equity,1259845.1522144445,132.51
2026-09-16T10:45:02+00:00,38,STRC-USD,equity,642149.4059100007,98.40
2026-09-16T10:45:02+00:00,39,CRCL-USD,equity,3062598.952345001,92.64
2026-09-16T10:45:02+00:00,40,COIN-USD,equity,1396350.4003340001,184.1
2026-09-16T10:45:02+00:00,41,RKLB-USD,equity,253884.07685399987,63.138
2026-09-16T10:45:02+00:00,42,LITE-USD,equity,242757.03287399985,850.31
2026-09-16T10:45:02+00:00,43,NBIS-USD,equity,528844.2359880004,213.53
2026-09-16T10:45:02+00:00,44,ORCL-USD,equity,400975.90347100067,144.28
2026-09-16T10:45:02+00:00,45,PLTR-USD,equity,2014845.6051349982,171.04
2026-09-16T10:45:02+00:00,46,BRENTOIL-USD,commodity,3034904.875940006,101.97
2026-09-16T10:45:02+00:00,47,BABA-USD,equity,265026.2526530001,109.76
2026-09-16T10:45:02+00:00,48,ZM-USD,equity,1417480.5982070023,94.94
2026-09-16T10:45:02+00:00,49,DELL-USD,equity,5547.194367,535.22
2026-09-16T10:45:02+00:00,50,CXMT-USD,equity,72515.55199599992,8.0707
2026-09-16T10:45:02+00:00,51,KIOXIA-USD,equity,27100.42601499999,335.73
2026-09-16T10:45:02+00:00,52,SAMSUNG-USD,equity,225194.997738,184.07
2026-09-16T10:45:02+00:00,53,CRWV-USD,equity,1358698.4727999973,83.371
2026-09-16T10:45:02+00:00,54,AAVE-USD,crypto,915141.2271000003,127.91
2026-09-16T10:45:02+00:00,55,UNI-USD,crypto,1054123.6961969996,6.7079
2026-09-16T10:45:02+00:00,56,WLD-USD,crypto,65867.62074999999,0.37271
2026-09-16T10:45:02+00:00,57,NEAR-USD,crypto,3810978.722565002,2.3935
2026-09-16T10:45:02+00:00,58,KSHIB-USD,crypto,714194.7090400012,0.005163
2026-09-16T10:45:02+00:00,59,FARTCOIN-USD,crypto,849197.6212240006,0.1422
2026-09-16T10:45:02+00:00,60,DOGE-USD,crypto,1572327.6841419986,0.082773
2026-09-16T10:45:02+00:00,61,ENA-USD,crypto,1909887.8953539997,0.14254
2026-09-16T10:45:02+00:00,62,ONDO-USD,crypto,297352.8730879999,0.34911
2026-09-16T10:45:02+00:00,63,SUI-USD,crypto,2547282.9729359895,0.71118
2026-09-16T10:45:02+00:00,64,VVV-USD,crypto,2945691.1850590045,22.187
2026-09-16T10:45:02+00:00,65,TAO-USD,crypto,1323246.1465469988,226.4
2026-09-16T10:45:02+00:00,66,ADA-USD,crypto,2432610.1531150043,0.20522
2026-09-16T10:45:02+00:00,67,ZRO-USD,crypto,1151413.5058300006,0.9482
2026-09-16T10:45:02+00:00,68,BNB-USD,crypto,382343.37982900033,719.11
2026-09-16T10:45:02+00:00,69,PONS-USD,crypto,1228040.8619409988,0.62891
2026-09-16T10:45:02+00:00,70,CASHCAT-USD,crypto,2693866.0940559995,0.15537
2026-09-16T10:45:02+00:00,71,USELESS-USD,crypto,1706178.3009089981,0.20572
2026-09-16T10:45:02+00:00,72,KAITO-USD,crypto,854575.2071189998,0.29509
2026-09-16T10:45:02+00:00,73,ARB-USD,crypto,2157957.4740468296,0.13483
2026-09-16T10:45:02+00:00,74,LDO-USD,crypto,815328.6512780016,0.35713
2026-09-16T10:45:02+00:00,75,AVAX-USD,crypto,1158269.4653509983,7.5172
2026-09-16T10:45:02+00:00,76,LTC-USD,crypto,332311.7539170002,52.542
2026-09-16T10:45:02+00:00,77,XPL-USD,crypto,465696.33658599993,0.082926
2026-09-16T10:45:02+00:00,78,XMR-USD,crypto,302353.3008239999,517.72
2026-09-16T10:45:02+00:00,79,LINK-USD,crypto,748331.9202390002,11.388
2026-09-16T10:45:02+00:00,80,VIRTUAL-USD,crypto,303127.95196299994,0.60636
2026-09-16T10:45:02+00:00,81,JUP-USD,crypto,743512.5337130004,0.23206
2026-09-16T10:45:02+00:00,82,ETHFI-USD,crypto,793910.7904209994,0.61578
2026-09-16T10:45:02+00:00,83,PENDLE-USD,crypto,294479.8882080003,2.354
2026-09-16T10:45:02+00:00,84,MORPHO-USD,crypto,405281.6196609999,2.1425
2026-09-16T11:00:01+00:00,1,SP500-USD,index,3542902.6672399943,7605.8
2026-09-16T11:00:01+00:00,2,GOLD-USD,commodity,3051237.295194002,4284.8
2026-09-16T11:00:01+00:00,3,WTIOIL-USD,commodity,3474846.2390469005,98.06
2026-09-16T11:00:01+00:00,4,NAS100-USD,index,3280452.907689997,29095
2026-09-16T11:00:01+00:00,5,SILVER-USD,commodity,3840433.7566849967,63.225
2026-09-16T11:00:01+00:00,6,BTC-USD,crypto,7969401.896129996,77012
2026-09-16T11:00:01+00:00,7,ETH-USD,crypto,12127118.080009965,2483.5
2026-09-16T11:00:01+00:00,8,SOL-USD,crypto,1736135.1229209977,100.83
2026-09-16T11:00:01+00:00,9,SPCX-USD,equity,93522.44737700005,148.83
2026-09-16T11:00:01+00:00,10,HYPE-USD,crypto,8522488.247393996,79.34
2026-09-16T11:00:01+00:00,11,MU-USD,equity,582362.1370570001,932.6
2026-09-16T11:00:01+00:00,13,SKHY-USD,equity,222705.83338500006,177
2026-09-16T11:00:01+00:00,14,SKHYNIX-USD,equity,747548.9567200004,1256.9
2026-09-16T11:00:01+00:00,15,AAPL-USD,equity,789026.8783149999,330.70
2026-09-16T11:00:01+00:00,16,MSFT-USD,equity,1775981.7449530025,500.19
2026-09-16T11:00:01+00:00,17,GOOG-USD,equity,244531.55611799992,346.51
2026-09-16T11:00:01+00:00,18,AMZN-USD,equity,150209.9665319999,252.77
2026-09-16T11:00:01+00:00,19,NVDA-USD,equity,1373830.0191980011,212.24
2026-09-16T11:00:01+00:00,20,META-USD,equity,1268341.6739059999,661.93
2026-09-16T11:00:01+00:00,21,TSLA-USD,equity,226260.42984500004,359.04
2026-09-16T11:00:01+00:00,22,AMD-USD,equity,1185962.6647919996,498.49
2026-09-16T11:00:01+00:00,23,INTC-USD,equity,2460171.0914760055,99.16
2026-09-16T11:00:01+00:00,24,AVGO-USD,equity,8908.768659999996,345.94
2026-09-16T11:00:01+00:00,25,QCOM-USD,equity,250775.37004799984,180.31
2026-09-16T11:00:01+00:00,26,ARM-USD,equity,1032579.9929820003,242.37
2026-09-16T11:00:01+00:00,27,TSM-USD,equity,424001.0013430002,420.24
2026-09-16T11:00:01+00:00,28,ASML-USD,equity,292391.70182999986,1626.5
2026-09-16T11:00:01+00:00,29,SNDK-USD,equity,595507.3786029998,1570.4
2026-09-16T11:00:01+00:00,30,DRAM-USD,index,924970.1938819998,55.879
2026-09-16T11:00:01+00:00,31,PUMP-USD,crypto,2219971.087919006,0.003605
2026-09-16T11:00:01+00:00,32,ZEC-USD,crypto,3609697.858149997,1132.1
2026-09-16T11:00:01+00:00,33,XRP-USD,crypto,1311055.2551999995,1.4006
2026-09-16T11:00:01+00:00,34,LIT-USD,crypto,69094.40973300002,4.4263
2026-09-16T11:00:01+00:00,35,KPEPE-USD,crypto,151673.90227499994,0.003445
2026-09-16T11:00:01+00:00,36,HOOD-USD,equity,1541072.5487900048,111.7
2026-09-16T11:00:01+00:00,37,MSTR-USD,equity,1238299.3582144442,132.27
2026-09-16T11:00:01+00:00,38,STRC-USD,equity,634611.5162850006,98.416
2026-09-16T11:00:01+00:00,39,CRCL-USD,equity,2769161.062491005,93.02
2026-09-16T11:00:01+00:00,40,COIN-USD,equity,1450553.739306,184.21
2026-09-16T11:00:01+00:00,41,RKLB-USD,equity,238404.81443999996,63.289
2026-09-16T11:00:01+00:00,42,LITE-USD,equity,242706.43942899985,853.28
2026-09-16T11:00:01+00:00,43,NBIS-USD,equity,528890.4219480003,214.42
2026-09-16T11:00:01+00:00,44,ORCL-USD,equity,400926.5452830007,144.12
2026-09-16T11:00:01+00:00,45,PLTR-USD,equity,2013858.7146299982,171.14
2026-09-16T11:00:01+00:00,46,BRENTOIL-USD,commodity,3032832.9831200065,101.51
2026-09-16T11:00:01+00:00,47,BABA-USD,equity,264946.74837500014,109.93
2026-09-16T11:00:01+00:00,48,ZM-USD,equity,1221966.9926350012,94.99
2026-09-16T11:00:01+00:00,49,DELL-USD,equity,5068.111106,537.86
2026-09-16T11:00:01+00:00,50,CXMT-USD,equity,72465.43294899992,8.0726
2026-09-16T11:00:01+00:00,51,KIOXIA-USD,equity,27100.42601499999,335.73
2026-09-16T11:00:01+00:00,52,SAMSUNG-USD,equity,225765.84139400002,184.41
2026-09-16T11:00:01+00:00,53,CRWV-USD,equity,1031258.3682370022,83.49
2026-09-16T11:00:01+00:00,54,AAVE-USD,crypto,914686.8678490003,127.68
2026-09-16T11:00:01+00:00,55,UNI-USD,crypto,1046911.3814039998,6.7294
2026-09-16T11:00:01+00:00,56,WLD-USD,crypto,65600.37222299997,0.37485
2026-09-16T11:00:01+00:00,57,NEAR-USD,crypto,3827362.5885620043,2.3888
2026-09-16T11:00:01+00:00,58,KSHIB-USD,crypto,714453.7688740012,0.005132
2026-09-16T11:00:01+00:00,59,FARTCOIN-USD,crypto,853406.4618050008,0.1422
2026-09-16T11:00:01+00:00,60,DOGE-USD,crypto,1564993.7899539985,0.082862
2026-09-16T11:00:01+00:00,61,ENA-USD,crypto,1892996.9032269998,0.14227
2026-09-16T11:00:01+00:00,62,ONDO-USD,crypto,297303.68348899984,0.34717
2026-09-16T11:00:01+00:00,63,SUI-USD,crypto,2547715.1204519896,0.71076
2026-09-16T11:00:01+00:00,64,VVV-USD,crypto,2969378.747701004,22.1
2026-09-16T11:00:01+00:00,65,TAO-USD,crypto,1323045.5717469992,226.31
2026-09-16T11:00:01+00:00,66,ADA-USD,crypto,2430102.1084960042,0.20521
2026-09-16T11:00:01+00:00,67,ZRO-USD,crypto,1151262.4480880008,0.945
2026-09-16T11:00:01+00:00,68,BNB-USD,crypto,382096.3591240003,718.23
2026-09-16T11:00:01+00:00,69,PONS-USD,crypto,1222015.272065,0.63276
2026-09-16T11:00:01+00:00,70,CASHCAT-USD,crypto,2693477.755362998,0.15639
2026-09-16T11:00:01+00:00,71,USELESS-USD,crypto,1750393.6497369974,0.20594
2026-09-16T11:00:01+00:00,72,KAITO-USD,crypto,881866.2496269997,0.29519
2026-09-16T11:00:01+00:00,73,ARB-USD,crypto,2220866.107807829,0.13558
2026-09-16T11:00:01+00:00,74,LDO-USD,crypto,815323.4181600016,0.35782
2026-09-16T11:00:01+00:00,75,AVAX-USD,crypto,1158239.8500549984,7.5202
2026-09-16T11:00:01+00:00,76,LTC-USD,crypto,332321.7697470002,52.542
2026-09-16T11:00:01+00:00,77,XPL-USD,crypto,465726.3641779999,0.083004
2026-09-16T11:00:01+00:00,78,XMR-USD,crypto,318338.12587199995,514.94
2026-09-16T11:00:01+00:00,79,LINK-USD,crypto,748231.6307130002,11.381
2026-09-16T11:00:01+00:00,80,VIRTUAL-USD,crypto,305922.4454659999,0.60624
2026-09-16T11:00:01+00:00,81,JUP-USD,crypto,488170.77584200056,0.23136
2026-09-16T11:00:01+00:00,82,ETHFI-USD,crypto,795090.0055209993,0.61855
2026-09-16T11:00:01+00:00,83,PENDLE-USD,crypto,270343.010979,2.3528
2026-09-16T11:00:01+00:00,84,MORPHO-USD,crypto,405216.3556719999,2.1514
2026-09-16T11:15:01+00:00,1,SP500-USD,index,3592614.8044239944,7608.6
2026-09-16T11:15:01+00:00,2,GOLD-USD,commodity,3124385.305544001,4287.4
2026-09-16T11:15:01+00:00,3,WTIOIL-USD,commodity,3473311.6532519,98.07
2026-09-16T11:15:01+00:00,4,NAS100-USD,index,3327715.574309997,29133
2026-09-16T11:15:01+00:00,5,SILVER-USD,commodity,3914735.7545419964,63.235
2026-09-16T11:15:01+00:00,6,BTC-USD,crypto,7928900.453279999,76965
2026-09-16T11:15:01+00:00,7,ETH-USD,crypto,12126591.288779967,2480.3
2026-09-16T11:15:01+00:00,8,SOL-USD,crypto,1736153.5922509977,100.83
2026-09-16T11:15:01+00:00,9,SPCX-USD,equity,93522.44737700006,148.9
2026-09-16T11:15:01+00:00,10,HYPE-USD,crypto,8559820.487496998,79.087
2026-09-16T11:15:01+00:00,11,MU-USD,equity,573472.0153570003,936.8
2026-09-16T11:15:01+00:00,13,SKHY-USD,equity,211918.745385,176.74
2026-09-16T11:15:01+00:00,14,SKHYNIX-USD,equity,747548.9567200004,1256.9
2026-09-16T11:15:01+00:00,15,AAPL-USD,equity,653954.1261329998,330.89
2026-09-16T11:15:01+00:00,16,MSFT-USD,equity,1726597.0041560007,500.33
2026-09-16T11:15:01+00:00,17,GOOG-USD,equity,244531.55611799995,346.51
2026-09-16T11:15:01+00:00,18,AMZN-USD,equity,152080.03335999988,252.85
2026-09-16T11:15:01+00:00,19,NVDA-USD,equity,1406807.5319180011,212.24
2026-09-16T11:15:01+00:00,20,META-USD,equity,1318230.0632299997,661.93
2026-09-16T11:15:01+00:00,21,TSLA-USD,equity,226280.40010700002,359.04
2026-09-16T11:15:01+00:00,22,AMD-USD,equity,1185652.7034859997,498.10
2026-09-16T11:15:01+00:00,23,INTC-USD,equity,2132949.0283330022,99.52
2026-09-16T11:15:01+00:00,24,AVGO-USD,equity,5405.760477999998,346.69
2026-09-16T11:15:01+00:00,25,QCOM-USD,equity,250707.12117899983,180.39
2026-09-16T11:15:01+00:00,26,ARM-USD,equity,801453.9025310007,243.33
2026-09-16T11:15:01+00:00,27,TSM-USD,equity,423951.8752870002,421.48
2026-09-16T11:15:01+00:00,28,ASML-USD,equity,318176.8346699999,1625.8
2026-09-16T11:15:01+00:00,29,SNDK-USD,equity,575875.240445,1570.2
2026-09-16T11:15:01+00:00,30,DRAM-USD,index,924934.5824289998,55.787
2026-09-16T11:15:01+00:00,31,PUMP-USD,crypto,2217080.9470720054,0.003591
2026-09-16T11:15:01+00:00,32,ZEC-USD,crypto,3610009.375019997,1132.1
2026-09-16T11:15:01+00:00,33,XRP-USD,crypto,1314602.1993999998,1.4006
2026-09-16T11:15:01+00:00,34,LIT-USD,crypto,60498.62882399999,4.4308
2026-09-16T11:15:01+00:00,35,KPEPE-USD,crypto,151624.42518499994,0.003441
2026-09-16T11:15:01+00:00,36,HOOD-USD,equity,1540452.6389500052,111.7
2026-09-16T11:15:01+00:00,37,MSTR-USD,equity,1171244.8420144438,132.25
2026-09-16T11:15:01+00:00,38,STRC-USD,equity,634561.4086460005,98.416
2026-09-16T11:15:01+00:00,39,CRCL-USD,equity,2668920.604296002,92.895
2026-09-16T11:15:01+00:00,40,COIN-USD,equity,1457634.7970370005,182.62
2026-09-16T11:15:01+00:00,41,RKLB-USD,equity,233334.20851899998,63.678
2026-09-16T11:15:01+00:00,42,LITE-USD,equity,277840.0654509997,852.39
2026-09-16T11:15:01+00:00,43,NBIS-USD,equity,528388.0888770003,214.78
2026-09-16T11:15:01+00:00,44,ORCL-USD,equity,409370.16970400064,143.97
2026-09-16T11:15:01+00:00,45,PLTR-USD,equity,1907801.0444219995,170.63
2026-09-16T11:15:01+00:00,46,BRENTOIL-USD,commodity,3032143.9377100063,101.28
2026-09-16T11:15:01+00:00,47,BABA-USD,equity,260051.7193770001,109.97
2026-09-16T11:15:01+00:00,48,ZM-USD,equity,1020827.6454859993,94.36
2026-09-16T11:15:01+00:00,49,DELL-USD,equity,5038.734916,537.53
2026-09-16T11:15:01+00:00,50,CXMT-USD,equity,62563.08286699993,8.0967
2026-09-16T11:15:01+00:00,51,KIOXIA-USD,equity,24997.20114099999,336.41
2026-09-16T11:15:01+00:00,52,SAMSUNG-USD,equity,221800.17157499996,184.39
2026-09-16T11:15:01+00:00,53,CRWV-USD,equity,1000098.3394620026,83.711
2026-09-16T11:15:01+00:00,54,AAVE-USD,crypto,919484.6289630003,126.69
2026-09-16T11:15:01+00:00,55,UNI-USD,crypto,1038943.202337,6.7978
2026-09-16T11:15:01+00:00,56,WLD-USD,crypto,65123.76800299999,0.3748
2026-09-16T11:15:01+00:00,57,NEAR-USD,crypto,3814518.007679004,2.3942
2026-09-16T11:15:01+00:00,58,KSHIB-USD,crypto,714750.9536760013,0.005132
2026-09-16T11:15:01+00:00,59,FARTCOIN-USD,crypto,917156.8754340005,0.14193
2026-09-16T11:15:01+00:00,60,DOGE-USD,crypto,1567857.0819229987,0.082764
2026-09-16T11:15:01+00:00,61,ENA-USD,crypto,1895008.832674,0.14227
2026-09-16T11:15:01+00:00,62,ONDO-USD,crypto,297303.68348899984,0.34717
2026-09-16T11:15:01+00:00,63,SUI-USD,crypto,2549197.243793989,0.71101
2026-09-16T11:15:01+00:00,64,VVV-USD,crypto,2971709.257496004,22.112
2026-09-16T11:15:01+00:00,65,TAO-USD,crypto,1322203.827546999,226.00
2026-09-16T11:15:01+00:00,66,ADA-USD,crypto,2429581.967430004,0.20517
2026-09-16T11:15:01+00:00,67,ZRO-USD,crypto,1151262.4480880008,0.945
2026-09-16T11:15:01+00:00,68,BNB-USD,crypto,382096.3591240003,718.23
2026-09-16T11:15:01+00:00,69,PONS-USD,crypto,1217528.4161029996,0.63414
2026-09-16T11:15:01+00:00,70,CASHCAT-USD,crypto,2762362.8787549986,0.15682
2026-09-16T11:15:01+00:00,71,USELESS-USD,crypto,1777249.6687449964,0.20529
2026-09-16T11:15:01+00:00,72,KAITO-USD,crypto,888720.025162,0.29434
2026-09-16T11:15:01+00:00,73,ARB-USD,crypto,2230268.422035829,0.13586
2026-09-16T11:15:01+00:00,74,LDO-USD,crypto,815333.2784490017,0.35583
2026-09-16T11:15:01+00:00,75,AVAX-USD,crypto,1158229.8481889984,7.5126
2026-09-16T11:15:01+00:00,76,LTC-USD,crypto,337848.4302790002,52.378
2026-09-16T11:15:01+00:00,77,XPL-USD,crypto,467659.09402699996,0.082505
2026-09-16T11:15:01+00:00,78,XMR-USD,crypto,326471.6477920001,515.32
2026-09-16T11:15:01+00:00,79,LINK-USD,crypto,747688.2496460002,11.378
2026-09-16T11:15:01+00:00,80,VIRTUAL-USD,crypto,310469.95181299996,0.60625
2026-09-16T11:15:01+00:00,81,JUP-USD,crypto,487981.9701070006,0.23116
2026-09-16T11:15:01+00:00,82,ETHFI-USD,crypto,795033.4094379992,0.61639
2026-09-16T11:15:01+00:00,83,PENDLE-USD,crypto,272083.26231099997,2.3486
2026-09-16T11:15:01+00:00,84,MORPHO-USD,crypto,405302.512312,2.1485
2026-09-16T11:30:02+00:00,1,SP500-USD,index,3592557.561445995,7606.4
2026-09-16T11:30:02+00:00,2,GOLD-USD,commodity,3132143.2876090016,4284.4
2026-09-16T11:30:02+00:00,3,WTIOIL-USD,commodity,3441476.925100901,98.053
2026-09-16T11:30:02+00:00,4,NAS100-USD,index,3327715.574309997,29133
2026-09-16T11:30:02+00:00,5,SILVER-USD,commodity,3887356.083179996,63.285
2026-09-16T11:30:02+00:00,6,BTC-USD,crypto,7922927.541409999,76951
2026-09-16T11:30:02+00:00,7,ETH-USD,crypto,12123727.403849967,2479
2026-09-16T11:30:02+00:00,8,SOL-USD,crypto,1739002.8223689974,100.45
2026-09-16T11:30:02+00:00,9,SPCX-USD,equity,93650.81229300005,148.9
2026-09-16T11:30:02+00:00,10,HYPE-USD,crypto,8610432.769980999,78.768
2026-09-16T11:30:02+00:00,11,MU-USD,equity,563862.0015370003,936.56
2026-09-16T11:30:02+00:00,13,SKHY-USD,equity,211918.745385,176.74
2026-09-16T11:30:02+00:00,14,SKHYNIX-USD,equity,747548.9567200004,1256.9
2026-09-16T11:30:02+00:00,15,AAPL-USD,equity,653954.1261329998,330.89
2026-09-16T11:30:02+00:00,16,MSFT-USD,equity,1730445.7210140007,500.8
2026-09-16T11:30:02+00:00,17,GOOG-USD,equity,244531.55611799995,346.51
2026-09-16T11:30:02+00:00,18,AMZN-USD,equity,152080.03335999988,252.85
2026-09-16T11:30:02+00:00,19,NVDA-USD,equity,1416823.6062560012,212.24
2026-09-16T11:30:02+00:00,20,META-USD,equity,1333174.0306199999,661.93
2026-09-16T11:30:02+00:00,21,TSLA-USD,equity,226125.43844300005,358.47
2026-09-16T11:30:02+00:00,22,AMD-USD,equity,1183112.8262999996,496.19
2026-09-16T11:30:02+00:00,23,INTC-USD,equity,1943752.3116810012,99.03
2026-09-16T11:30:02+00:00,24,AVGO-USD,equity,5416.688157999998,346.69
2026-09-16T11:30:02+00:00,25,QCOM-USD,equity,250707.12117899983,180.39
2026-09-16T11:30:02+00:00,26,ARM-USD,equity,725440.557398,242.38
2026-09-16T11:30:02+00:00,27,TSM-USD,equity,423951.8752870002,421.48
2026-09-16T11:30:02+00:00,28,ASML-USD,equity,327090.52175299986,1626.3
2026-09-16T11:30:02+00:00,29,SNDK-USD,equity,568187.1885150002,1570.1
2026-09-16T11:30:02+00:00,30,DRAM-USD,index,924989.1099049997,55.787
2026-09-16T11:30:02+00:00,31,PUMP-USD,crypto,2190308.039179004,0.003579
2026-09-16T11:30:02+00:00,32,ZEC-USD,crypto,3610009.375019997,1132.1
2026-09-16T11:30:02+00:00,33,XRP-USD,crypto,1307921.6103999997,1.3964
2026-09-16T11:30:02+00:00,34,LIT-USD,crypto,58388.23406899999,4.4046
2026-09-16T11:30:02+00:00,35,KPEPE-USD,crypto,151397.17523499994,0.003416
2026-09-16T11:30:02+00:00,36,HOOD-USD,equity,1533387.5372400053,111.68
2026-09-16T11:30:02+00:00,37,MSTR-USD,equity,1165709.496944444,131.92
2026-09-16T11:30:02+00:00,38,STRC-USD,equity,634203.0759900005,98.357
2026-09-16T11:30:02+00:00,39,CRCL-USD,equity,2703211.2510360023,92.956
2026-09-16T11:30:02+00:00,40,COIN-USD,equity,1465057.2608960005,182.62
2026-09-16T11:30:02+00:00,41,RKLB-USD,equity,233094.38642099997,63.953
2026-09-16T11:30:02+00:00,42,LITE-USD,equity,274123.24923899997,851.36
2026-09-16T11:30:02+00:00,43,NBIS-USD,equity,527822.296113,214.85
2026-09-16T11:30:02+00:00,44,ORCL-USD,equity,409564.08416400064,143.97
2026-09-16T11:30:02+00:00,45,PLTR-USD,equity,1855553.2439839994,170.65
2026-09-16T11:30:02+00:00,46,BRENTOIL-USD,commodity,3032444.0708100065,101.28
2026-09-16T11:30:02+00:00,47,BABA-USD,equity,259795.26833000014,109.93
2026-09-16T11:30:02+00:00,48,ZM-USD,equity,1020827.6454859993,94.36
2026-09-16T11:30:02+00:00,49,DELL-USD,equity,4982.8627639999995,537.54
2026-09-16T11:30:02+00:00,50,CXMT-USD,equity,52975.15030899997,8.1002
2026-09-16T11:30:02+00:00,51,KIOXIA-USD,equity,24524.208680999996,335.42
2026-09-16T11:30:02+00:00,52,SAMSUNG-USD,equity,222097.97957499998,184.39
2026-09-16T11:30:02+00:00,53,CRWV-USD,equity,999996.0605650026,83.456
2026-09-16T11:30:02+00:00,54,AAVE-USD,crypto,919484.6289630003,126.69
2026-09-16T11:30:02+00:00,55,UNI-USD,crypto,999214.6038470009,6.7220
2026-09-16T11:30:02+00:00,56,WLD-USD,crypto,64893.79424299998,0.37298
2026-09-16T11:30:02+00:00,57,NEAR-USD,crypto,3838719.234774002,2.3690
2026-09-16T11:30:02+00:00,58,KSHIB-USD,crypto,721221.7750020014,0.005132
2026-09-16T11:30:02+00:00,59,FARTCOIN-USD,crypto,928983.2220170005,0.14093
2026-09-16T11:30:02+00:00,60,DOGE-USD,crypto,1576353.7190509986,0.082356
2026-09-16T11:30:02+00:00,61,ENA-USD,crypto,1936282.597643,0.14017
2026-09-16T11:30:02+00:00,62,ONDO-USD,crypto,297303.68348899984,0.34717
2026-09-16T11:30:02+00:00,63,SUI-USD,crypto,2551544.166857989,0.70504
2026-09-16T11:30:02+00:00,64,VVV-USD,crypto,3006347.229564004,21.922
2026-09-16T11:30:02+00:00,65,TAO-USD,crypto,1348031.2229039988,224.10
2026-09-16T11:30:02+00:00,66,ADA-USD,crypto,2420345.691480005,0.20436
2026-09-16T11:30:02+00:00,67,ZRO-USD,crypto,1130933.6751880003,0.939
2026-09-16T11:30:02+00:00,68,BNB-USD,crypto,380056.80277900037,717.8
2026-09-16T11:30:02+00:00,69,PONS-USD,crypto,1228863.7041009993,0.63326
2026-09-16T11:30:02+00:00,70,CASHCAT-USD,crypto,2794987.9750489984,0.15668
2026-09-16T11:30:02+00:00,71,USELESS-USD,crypto,1858811.9241889964,0.20317
2026-09-16T11:30:02+00:00,72,KAITO-USD,crypto,944212.9384790004,0.2937
2026-09-16T11:30:02+00:00,73,ARB-USD,crypto,2236577.57712283,0.13475
2026-09-16T11:30:02+00:00,74,LDO-USD,crypto,829363.6134980016,0.35583
2026-09-16T11:30:02+00:00,75,AVAX-USD,crypto,1166658.325751998,7.4592
2026-09-16T11:30:02+00:00,76,LTC-USD,crypto,253369.91404899993,52.22
2026-09-16T11:30:02+00:00,77,XPL-USD,crypto,467779.96405399987,0.081571
2026-09-16T11:30:02+00:00,78,XMR-USD,crypto,330567.5444190001,515.19
2026-09-16T11:30:02+00:00,79,LINK-USD,crypto,747748.3882810002,11.328
2026-09-16T11:30:02+00:00,80,VIRTUAL-USD,crypto,323681.4042320001,0.6028
2026-09-16T11:30:02+00:00,81,JUP-USD,crypto,487312.7259350006,0.22981
2026-09-16T11:30:02+00:00,82,ETHFI-USD,crypto,794994.5837759993,0.61186
2026-09-16T11:30:02+00:00,83,PENDLE-USD,crypto,273523.904056,2.3272
2026-09-16T11:30:02+00:00,84,MORPHO-USD,crypto,409108.2445319999,2.1386
2026-09-16T11:45:02+00:00,1,SP500-USD,index,3590097.8024329944,7608.1
2026-09-16T11:45:02+00:00,2,GOLD-USD,commodity,3124961.442409002,4287.2
2026-09-16T11:45:02+00:00,3,WTIOIL-USD,commodity,3350316.1298509007,97.936
2026-09-16T11:45:02+00:00,4,NAS100-USD,index,3328782.561299997,29133
2026-09-16T11:45:02+00:00,5,SILVER-USD,commodity,3888395.286319996,63.285
2026-09-16T11:45:02+00:00,6,BTC-USD,crypto,7857940.742259996,76890
2026-09-16T11:45:02+00:00,7,ETH-USD,crypto,12093320.334159968,2473.8
2026-09-16T11:45:02+00:00,8,SOL-USD,crypto,1721152.0782429988,100.51
2026-09-16T11:45:02+00:00,9,SPCX-USD,equity,93702.15429400005,148.9
2026-09-16T11:45:02+00:00,10,HYPE-USD,crypto,8509733.666557007,78.906
2026-09-16T11:45:02+00:00,11,MU-USD,equity,559643.641641,936.56
2026-09-16T11:45:02+00:00,13,SKHY-USD,equity,210593.19538499997,177.64
2026-09-16T11:45:02+00:00,14,SKHYNIX-USD,equity,746606.2817200003,1258.4
2026-09-16T11:45:02+00:00,15,AAPL-USD,equity,652375.5707069997,331.16
2026-09-16T11:45:02+00:00,16,MSFT-USD,equity,1709669.5189740022,500.9
2026-09-16T11:45:02+00:00,17,GOOG-USD,equity,244531.55611799995,346.51
2026-09-16T11:45:02+00:00,18,AMZN-USD,equity,150686.4368199999,253.08
2026-09-16T11:45:02+00:00,19,NVDA-USD,equity,1420939.084843001,212.24
2026-09-16T11:45:02+00:00,20,META-USD,equity,1548992.2132519989,661.93
2026-09-16T11:45:02+00:00,21,TSLA-USD,equity,226154.37557000003,358.89
2026-09-16T11:45:02+00:00,22,AMD-USD,equity,1183050.3094039997,497.97
2026-09-16T11:45:02+00:00,23,INTC-USD,equity,1879651.7901709995,99.02
2026-09-16T11:45:02+00:00,24,AVGO-USD,equity,5416.688157999998,346.69
2026-09-16T11:45:02+00:00,25,QCOM-USD,equity,250718.21254399983,180.39
2026-09-16T11:45:02+00:00,26,ARM-USD,equity,700762.783051,242.19
2026-09-16T11:45:02+00:00,27,TSM-USD,equity,423951.8752870002,421.48
2026-09-16T11:45:02+00:00,28,ASML-USD,equity,335828.298433,1624.9
2026-09-16T11:45:02+00:00,29,SNDK-USD,equity,575294.9644160002,1570.5
2026-09-16T11:45:02+00:00,30,DRAM-USD,index,925004.1000689998,55.787
2026-09-16T11:45:02+00:00,31,PUMP-USD,crypto,2182242.9120220025,0.00358
2026-09-16T11:45:02+00:00,32,ZEC-USD,crypto,3563515.805489997,1127.2
2026-09-16T11:45:02+00:00,33,XRP-USD,crypto,1311256.7088999997,1.4013
2026-09-16T11:45:02+00:00,34,LIT-USD,crypto,58365.713193999996,4.4134
2026-09-16T11:45:02+00:00,35,KPEPE-USD,crypto,151397.17175099996,0.003423
2026-09-16T11:45:02+00:00,36,HOOD-USD,equity,1556132.1482800045,111.67
2026-09-16T11:45:02+00:00,37,MSTR-USD,equity,1118490.7981844419,131.89
2026-09-16T11:45:02+00:00,38,STRC-USD,equity,628099.3967250003,98.457
2026-09-16T11:45:02+00:00,39,CRCL-USD,equity,2751364.238573001,92.599
2026-09-16T11:45:02+00:00,40,COIN-USD,equity,1473741.98471,182.62
2026-09-16T11:45:02+00:00,41,RKLB-USD,equity,233094.38642099997,63.953
2026-09-16T11:45:02+00:00,42,LITE-USD,equity,301337.3917749998,850.86
2026-09-16T11:45:02+00:00,43,NBIS-USD,equity,725791.9322770004,214.94
2026-09-16T11:45:02+00:00,44,ORCL-USD,equity,409552.99847400066,143.86
2026-09-16T11:45:02+00:00,45,PLTR-USD,equity,1826134.0264369997,170.71
2026-09-16T11:45:02+00:00,46,BRENTOIL-USD,commodity,3022615.930740006,101.25
2026-09-16T11:45:02+00:00,47,BABA-USD,equity,228852.53094500003,109.85
2026-09-16T11:45:02+00:00,48,ZM-USD,equity,1020827.6454859993,94.36
2026-09-16T11:45:02+00:00,49,DELL-USD,equity,4982.8627639999995,537.54
2026-09-16T11:45:02+00:00,50,CXMT-USD,equity,52975.15030899997,8.1002
2026-09-16T11:45:02+00:00,51,KIOXIA-USD,equity,24052.608160999996,336.42
2026-09-16T11:45:02+00:00,52,SAMSUNG-USD,equity,226157.65980099994,184.39
2026-09-16T11:45:02+00:00,53,CRWV-USD,equity,1090075.9703380016,83.54
2026-09-16T11:45:02+00:00,54,AAVE-USD,crypto,905240.9386700005,126.87
2026-09-16T11:45:02+00:00,55,UNI-USD,crypto,991206.3039620012,6.6881
2026-09-16T11:45:02+00:00,56,WLD-USD,crypto,61773.553592,0.3731
2026-09-16T11:45:02+00:00,57,NEAR-USD,crypto,3830730.6072130008,2.3673
2026-09-16T11:45:02+00:00,58,KSHIB-USD,crypto,717946.0829290012,0.005169
2026-09-16T11:45:02+00:00,59,FARTCOIN-USD,crypto,950441.7067460002,0.14104
2026-09-16T11:45:02+00:00,60,DOGE-USD,crypto,1555673.2894739981,0.082462
2026-09-16T11:45:02+00:00,61,ENA-USD,crypto,1946641.535785999,0.14056
2026-09-16T11:45:02+00:00,62,ONDO-USD,crypto,297303.68348899984,0.34717
2026-09-16T11:45:02+00:00,63,SUI-USD,crypto,2548383.2445889907,0.70877
2026-09-16T11:45:02+00:00,64,VVV-USD,crypto,2983557.167879007,22.067
2026-09-16T11:45:02+00:00,65,TAO-USD,crypto,1351500.376256999,223.69
2026-09-16T11:45:02+00:00,66,ADA-USD,crypto,2411163.546137005,0.20442
2026-09-16T11:45:02+00:00,67,ZRO-USD,crypto,1128207.9046950003,0.9355
2026-09-16T11:45:02+00:00,68,BNB-USD,crypto,378018.4719710003,718.73
2026-09-16T11:45:02+00:00,69,PONS-USD,crypto,1232574.4459239987,0.63178
2026-09-16T11:45:02+00:00,70,CASHCAT-USD,crypto,2863775.8038250017,0.15693
2026-09-16T11:45:02+00:00,71,USELESS-USD,crypto,1866028.9125139967,0.20291
2026-09-16T11:45:02+00:00,72,KAITO-USD,crypto,991949.2666270002,0.29321
2026-09-16T11:45:02+00:00,73,ARB-USD,crypto,2306596.9667668305,0.13506
2026-09-16T11:45:02+00:00,74,LDO-USD,crypto,854260.7862750015,0.35595
2026-09-16T11:45:02+00:00,75,AVAX-USD,crypto,1164773.6089679983,7.5127
2026-09-16T11:45:02+00:00,76,LTC-USD,crypto,188990.50869199994,52.331
2026-09-16T11:45:02+00:00,77,XPL-USD,crypto,464062.017469,0.08097
2026-09-16T11:45:02+00:00,78,XMR-USD,crypto,337078.8464700001,514.58
2026-09-16T11:45:02+00:00,79,LINK-USD,crypto,743391.8747760002,11.331
2026-09-16T11:45:02+00:00,80,VIRTUAL-USD,crypto,299137.15778200014,0.60208
2026-09-16T11:45:02+00:00,81,JUP-USD,crypto,480922.97215500067,0.22987
2026-09-16T11:45:02+00:00,82,ETHFI-USD,crypto,794854.6812799992,0.61139
2026-09-16T11:45:02+00:00,83,PENDLE-USD,crypto,283002.1384990001,2.3218
2026-09-16T11:45:02+00:00,84,MORPHO-USD,crypto,408700.465827,2.1409
2026-09-16T12:00:02+00:00,1,SP500-USD,index,3590440.4502019943,7610.3
2026-09-16T12:00:02+00:00,2,GOLD-USD,commodity,3122789.7787200026,4287.2
2026-09-16T12:00:02+00:00,3,WTIOIL-USD,commodity,3354926.3041689005,98.063
2026-09-16T12:00:02+00:00,4,NAS100-USD,index,3328782.561299997,29133
2026-09-16T12:00:02+00:00,5,SILVER-USD,commodity,3886779.6495819963,63.288
2026-09-16T12:00:02+00:00,6,BTC-USD,crypto,7868800.116229998,76864
2026-09-16T12:00:02+00:00,7,ETH-USD,crypto,12101289.02194997,2475.4
2026-09-16T12:00:02+00:00,8,SOL-USD,crypto,1715956.512876999,100.81
2026-09-16T12:00:02+00:00,9,SPCX-USD,equity,93702.15429400005,148.9
2026-09-16T12:00:02+00:00,10,HYPE-USD,crypto,8515576.004475001,79.159
2026-09-16T12:00:02+00:00,11,MU-USD,equity,560488.053998,935.4
2026-09-16T12:00:02+00:00,13,SKHY-USD,equity,210593.19538499997,177.64
2026-09-16T12:00:02+00:00,14,SKHYNIX-USD,equity,746606.2817200003,1258.4
2026-09-16T12:00:02+00:00,15,AAPL-USD,equity,632311.7147130002,331.25
2026-09-16T12:00:02+00:00,16,MSFT-USD,equity,1705225.7008460022,500.44
2026-09-16T12:00:02+00:00,17,GOOG-USD,equity,244531.55611799995,346.51
2026-09-16T12:00:02+00:00,18,AMZN-USD,equity,150686.4368199999,253.08
2026-09-16T12:00:02+00:00,19,NVDA-USD,equity,1420969.435993001,212.24
2026-09-16T12:00:02+00:00,20,META-USD,equity,1556488.1977709988,661.39
2026-09-16T12:00:02+00:00,21,TSLA-USD,equity,226154.37557000003,358.89
2026-09-16T12:00:02+00:00,22,AMD-USD,equity,1183050.3094039997,497.97
2026-09-16T12:00:02+00:00,23,INTC-USD,equity,1880274.5938639995,99.12
2026-09-16T12:00:02+00:00,24,AVGO-USD,equity,5416.688157999998,346.69
2026-09-16T12:00:02+00:00,25,QCOM-USD,equity,250718.21254399983,180.39
2026-09-16T12:00:02+00:00,26,ARM-USD,equity,152238.89113699994,242.23
2026-09-16T12:00:02+00:00,27,TSM-USD,equity,423951.8752870002,421.48
2026-09-16T12:00:02+00:00,28,ASML-USD,equity,338254.33723400004,1627
2026-09-16T12:00:02+00:00,29,SNDK-USD,equity,589292.592285,1569.9
2026-09-16T12:00:02+00:00,30,DRAM-USD,index,925004.1000689998,55.787
2026-09-16T12:00:02+00:00,31,PUMP-USD,crypto,2169627.753966003,0.003613
2026-09-16T12:00:02+00:00,32,ZEC-USD,crypto,3608169.974089996,1133.2
2026-09-16T12:00:02+00:00,33,XRP-USD,crypto,1311256.7088999997,1.4013
2026-09-16T12:00:02+00:00,34,LIT-USD,crypto,58224.150841999995,4.4108
2026-09-16T12:00:02+00:00,35,KPEPE-USD,crypto,151150.08934199996,0.003438
2026-09-16T12:00:02+00:00,36,HOOD-USD,equity,1604356.029200005,111.89
2026-09-16T12:00:02+00:00,37,MSTR-USD,equity,1127757.3136844418,132.3
2026-09-16T12:00:02+00:00,38,STRC-USD,equity,628234.0718450004,98.457
2026-09-16T12:00:02+00:00,39,CRCL-USD,equity,2756919.438045002,92.665
2026-09-16T12:00:02+00:00,40,COIN-USD,equity,1469005.7226130003,183.32
2026-09-16T12:00:02+00:00,41,RKLB-USD,equity,208482.3948249999,63.796
2026-09-16T12:00:02+00:00,42,LITE-USD,equity,299641.24786699994,850
2026-09-16T12:00:02+00:00,43,NBIS-USD,equity,726708.5699080001,214.5
2026-09-16T12:00:02+00:00,44,ORCL-USD,equity,409552.99847400066,143.86
2026-09-16T12:00:02+00:00,45,PLTR-USD,equity,1819709.7131429997,171.16
2026-09-16T12:00:02+00:00,46,BRENTOIL-USD,commodity,3022615.9307400063,101.25
2026-09-16T12:00:02+00:00,47,BABA-USD,equity,228852.53094500003,109.85
2026-09-16T12:00:02+00:00,48,ZM-USD,equity,1020837.8530129993,94.36
2026-09-16T12:00:02+00:00,49,DELL-USD,equity,4993.904431999999,537.54
2026-09-16T12:00:02+00:00,50,CXMT-USD,equity,50469.42535199996,8.1046
2026-09-16T12:00:02+00:00,51,KIOXIA-USD,equity,24052.608160999996,336.42
2026-09-16T12:00:02+00:00,52,SAMSUNG-USD,equity,218417.67467999994,184.22
2026-09-16T12:00:02+00:00,53,CRWV-USD,equity,1103061.741788001,83.229
2026-09-16T12:00:02+00:00,54,AAVE-USD,crypto,901339.1668660003,127.33
2026-09-16T12:00:02+00:00,55,UNI-USD,crypto,991986.6545880012,6.6926
2026-09-16T12:00:02+00:00,56,WLD-USD,crypto,59271.767658,0.37412
2026-09-16T12:00:02+00:00,57,NEAR-USD,crypto,3894819.2475800007,2.3699
2026-09-16T12:00:02+00:00,58,KSHIB-USD,crypto,718184.0412850013,0.005169
2026-09-16T12:00:02+00:00,59,FARTCOIN-USD,crypto,956236.482857,0.14138
2026-09-16T12:00:02+00:00,60,DOGE-USD,crypto,1556930.6114059985,0.082462
2026-09-16T12:00:02+00:00,61,ENA-USD,crypto,1960769.8585469997,0.14141
2026-09-16T12:00:02+00:00,62,ONDO-USD,crypto,297292.67819999985,0.34787
2026-09-16T12:00:02+00:00,63,SUI-USD,crypto,2554845.0647819904,0.70877
2026-09-16T12:00:02+00:00,64,VVV-USD,crypto,3011082.380092006,22.118
2026-09-16T12:00:02+00:00,65,TAO-USD,crypto,1351489.504922999,224.24
2026-09-16T12:00:02+00:00,66,ADA-USD,crypto,2411163.546137005,0.20442
2026-09-16T12:00:02+00:00,67,ZRO-USD,crypto,1126232.7933570007,0.9386
2026-09-16T12:00:02+00:00,68,BNB-USD,crypto,378018.4719710003,718.73
2026-09-16T12:00:02+00:00,69,PONS-USD,crypto,1235389.2141249992,0.64044
2026-09-16T12:00:02+00:00,70,CASHCAT-USD,crypto,2925476.3018130027,0.15868
2026-09-16T12:00:02+00:00,71,USELESS-USD,crypto,1870866.649810996,0.20383
2026-09-16T12:00:02+00:00,72,KAITO-USD,crypto,1007703.6104960002,0.29411
2026-09-16T12:00:02+00:00,73,ARB-USD,crypto,2345184.504453832,0.13705
2026-09-16T12:00:02+00:00,74,LDO-USD,crypto,854260.8030400014,0.35574
2026-09-16T12:00:02+00:00,75,AVAX-USD,crypto,1164864.0615469986,7.5127
2026-09-16T12:00:02+00:00,76,LTC-USD,crypto,189020.59227499994,52.331
2026-09-16T12:00:02+00:00,77,XPL-USD,crypto,472414.35538400005,0.081642
2026-09-16T12:00:02+00:00,78,XMR-USD,crypto,338551.14517800004,515.85
2026-09-16T12:00:02+00:00,79,LINK-USD,crypto,742363.2548000001,11.377
2026-09-16T12:00:02+00:00,80,VIRTUAL-USD,crypto,299079.57105900004,0.60418
2026-09-16T12:00:02+00:00,81,JUP-USD,crypto,501861.36825300055,0.23045
2026-09-16T12:00:02+00:00,82,ETHFI-USD,crypto,821238.1508549992,0.61559
2026-09-16T12:00:02+00:00,83,PENDLE-USD,crypto,287760.49125600007,2.3209
2026-09-16T12:00:02+00:00,84,MORPHO-USD,crypto,408128.424429,2.1486
2026-09-16T12:15:02+00:00,1,SP500-USD,index,3671358.688602995,7611.5
2026-09-16T12:15:02+00:00,2,GOLD-USD,commodity,3125437.8798100026,4275
2026-09-16T12:15:02+00:00,3,WTIOIL-USD,commodity,3351730.153432901,98.499
2026-09-16T12:15:02+00:00,4,NAS100-USD,index,3364914.232589997,29133
2026-09-16T12:15:02+00:00,5,SILVER-USD,commodity,3907753.4883479965,63.332
2026-09-16T12:15:02+00:00,6,BTC-USD,crypto,7875254.477119995,76876
2026-09-16T12:15:02+00:00,7,ETH-USD,crypto,12107612.830609972,2479
2026-09-16T12:15:02+00:00,8,SOL-USD,crypto,1718626.8754909988,101.01
2026-09-16T12:15:02+00:00,9,SPCX-USD,equity,93742.14185500005,148.9
2026-09-16T12:15:02+00:00,10,HYPE-USD,crypto,8605803.330030002,79.28
2026-09-16T12:15:02+00:00,11,MU-USD,equity,560529.739818,935.4
2026-09-16T12:15:02+00:00,13,SKHY-USD,equity,210593.19538499997,177.64
2026-09-16T12:15:02+00:00,14,SKHYNIX-USD,equity,886598.1944300005,1261.4
2026-09-16T12:15:02+00:00,15,AAPL-USD,equity,629345.1059629997,331.25
2026-09-16T12:15:02+00:00,16,MSFT-USD,equity,1752445.1161990024,500.56
2026-09-16T12:15:02+00:00,17,GOOG-USD,equity,258761.01742499994,346.35
2026-09-16T12:15:02+00:00,18,AMZN-USD,equity,150686.4368199999,253.08
2026-09-16T12:15:02+00:00,19,NVDA-USD,equity,1460526.5435850013,212.21
2026-09-16T12:15:02+00:00,20,META-USD,equity,1538118.831199,664.29
2026-09-16T12:15:02+00:00,21,TSLA-USD,equity,226175.86253600006,358.89
2026-09-16T12:15:02+00:00,22,AMD-USD,equity,1183039.1548759995,500.49
2026-09-16T12:15:02+00:00,23,INTC-USD,equity,1897573.422110997,98.71
2026-09-16T12:15:02+00:00,24,AVGO-USD,equity,5416.688157999998,346.69
2026-09-16T12:15:02+00:00,25,QCOM-USD,equity,250718.21254399983,180.39
2026-09-16T12:15:02+00:00,26,ARM-USD,equity,82001.84582899995,242.34
2026-09-16T12:15:02+00:00,27,TSM-USD,equity,423951.8752870002,421.48
2026-09-16T12:15:02+00:00,28,ASML-USD,equity,344925.34448999993,1628.5
2026-09-16T12:15:02+00:00,29,SNDK-USD,equity,678621.8583670002,1569.1
2026-09-16T12:15:02+00:00,30,DRAM-USD,index,967112.818288,55.787
2026-09-16T12:15:02+00:00,31,PUMP-USD,crypto,2093731.223778999,0.00363
2026-09-16T12:15:02+00:00,32,ZEC-USD,crypto,3608391.246249996,1129.4
2026-09-16T12:15:02+00:00,33,XRP-USD,crypto,1305917.9056000002,1.4047
2026-09-16T12:15:02+00:00,34,LIT-USD,crypto,57684.624210999995,4.4698
2026-09-16T12:15:02+00:00,35,KPEPE-USD,crypto,152665.75665799994,0.003442
2026-09-16T12:15:02+00:00,36,HOOD-USD,equity,1843772.7310500077,111.7
2026-09-16T12:15:02+00:00,37,MSTR-USD,equity,1115268.711424442,132.03
2026-09-16T12:15:02+00:00,38,STRC-USD,equity,622308.4666160003,98.443
2026-09-16T12:15:02+00:00,39,CRCL-USD,equity,2756935.9289820013,92.787
2026-09-16T12:15:02+00:00,40,COIN-USD,equity,1505068.631327,183.88
2026-09-16T12:15:02+00:00,41,RKLB-USD,equity,208533.83455099992,63.796
2026-09-16T12:15:02+00:00,42,LITE-USD,equity,337072.9095999999,850.05
2026-09-16T12:15:02+00:00,43,NBIS-USD,equity,732046.9790040004,214.99
2026-09-16T12:15:02+00:00,44,ORCL-USD,equity,409552.99847400066,143.86
2026-09-16T12:15:02+00:00,45,PLTR-USD,equity,1805678.5752769993,171.04
2026-09-16T12:15:02+00:00,46,BRENTOIL-USD,commodity,3022616.0291800066,101.58
2026-09-16T12:15:02+00:00,47,BABA-USD,equity,225716.29370300006,109.99
2026-09-16T12:15:02+00:00,48,ZM-USD,equity,1019163.8811129993,94.47
2026-09-16T12:15:02+00:00,49,DELL-USD,equity,5042.371262,537.54
2026-09-16T12:15:02+00:00,50,CXMT-USD,equity,48372.07015299995,8.0839
2026-09-16T12:15:02+00:00,51,KIOXIA-USD,equity,24052.608160999996,336.42
2026-09-16T12:15:02+00:00,52,SAMSUNG-USD,equity,212625.318908,184.14
2026-09-16T12:15:02+00:00,53,CRWV-USD,equity,1047993.5240750028,83.413
2026-09-16T12:15:02+00:00,54,AAVE-USD,crypto,898617.4167340003,128.39
2026-09-16T12:15:02+00:00,55,UNI-USD,crypto,997348.0803470011,6.7543
2026-09-16T12:15:02+00:00,56,WLD-USD,crypto,58470.88441999999,0.37564
2026-09-16T12:15:02+00:00,57,NEAR-USD,crypto,3875030.831295999,2.3694
2026-09-16T12:15:02+00:00,58,KSHIB-USD,crypto,726745.8115090013,0.005169
2026-09-16T12:15:02+00:00,59,FARTCOIN-USD,crypto,991087.2584340004,0.14205
2026-09-16T12:15:02+00:00,60,DOGE-USD,crypto,1552420.7844509985,0.082738
2026-09-16T12:15:02+00:00,61,ENA-USD,crypto,1951474.3723419984,0.14205
2026-09-16T12:15:02+00:00,62,ONDO-USD,crypto,297543.7692729999,0.34822
2026-09-16T12:15:02+00:00,63,SUI-USD,crypto,2563493.8917229897,0.7094
2026-09-16T12:15:02+00:00,64,VVV-USD,crypto,3099944.9691020055,22.129
2026-09-16T12:15:02+00:00,65,TAO-USD,crypto,1351220.1649229985,224.80
2026-09-16T12:15:02+00:00,66,ADA-USD,crypto,2402270.7388260053,0.20484
2026-09-16T12:15:02+00:00,67,ZRO-USD,crypto,1116923.362231,0.94
2026-09-16T12:15:02+00:00,68,BNB-USD,crypto,378018.4719710003,718.73
2026-09-16T12:15:02+00:00,69,PONS-USD,crypto,1238370.8854269998,0.66476
2026-09-16T12:15:02+00:00,70,CASHCAT-USD,crypto,2912147.931565003,0.16043
2026-09-16T12:15:02+00:00,71,USELESS-USD,crypto,1881545.8440549963,0.20676
2026-09-16T12:15:02+00:00,72,KAITO-USD,crypto,1043773.0581350003,0.29546
2026-09-16T12:15:02+00:00,73,ARB-USD,crypto,2400343.476948833,0.13657
2026-09-16T12:15:02+00:00,74,LDO-USD,crypto,854300.7196680015,0.35794
2026-09-16T12:15:02+00:00,75,AVAX-USD,crypto,1165444.0967659985,7.5127
2026-09-16T12:15:02+00:00,76,LTC-USD,crypto,189100.7594789999,52.351
2026-09-16T12:15:02+00:00,77,XPL-USD,crypto,473448.16472800006,0.082027
2026-09-16T12:15:02+00:00,78,XMR-USD,crypto,346782.8163820001,517.62
2026-09-16T12:15:02+00:00,79,LINK-USD,crypto,741314.8151170001,11.388
2026-09-16T12:15:02+00:00,80,VIRTUAL-USD,crypto,301623.63536200003,0.60548
2026-09-16T12:15:02+00:00,81,JUP-USD,crypto,497504.62257600034,0.23069
2026-09-16T12:15:02+00:00,82,ETHFI-USD,crypto,838918.0428989992,0.61839
2026-09-16T12:15:02+00:00,83,PENDLE-USD,crypto,288777.82732700004,2.328
2026-09-16T12:15:02+00:00,84,MORPHO-USD,crypto,421989.100972,2.1516
2026-09-16T12:30:01+00:00,1,SP500-USD,index,3688986.234305995,7608.2
2026-09-16T12:30:01+00:00,2,GOLD-USD,commodity,3126202.716568003,4278.6
2026-09-16T12:30:01+00:00,3,WTIOIL-USD,commodity,3356428.2721339012,98.461
2026-09-16T12:30:01+00:00,4,NAS100-USD,index,3364808.814529997,29120
2026-09-16T12:30:01+00:00,5,SILVER-USD,commodity,3918061.8532159966,63.332
2026-09-16T12:30:01+00:00,6,BTC-USD,crypto,7849797.867389998,76902
2026-09-16T12:30:01+00:00,7,ETH-USD,crypto,12139599.511159977,2477.8
2026-09-16T12:30:01+00:00,8,SOL-USD,crypto,1708483.982732999,100.82
2026-09-16T12:30:01+00:00,9,SPCX-USD,equity,92011.31185500005,148.73
2026-09-16T12:30:01+00:00,10,HYPE-USD,crypto,8638541.856309006,79.152
2026-09-16T12:30:01+00:00,11,MU-USD,equity,560529.739818,935.4
2026-09-16T12:30:01+00:00,13,SKHY-USD,equity,210593.19538499997,177.64
2026-09-16T12:30:01+00:00,14,SKHYNIX-USD,equity,886598.1944300005,1261.4
2026-09-16T12:30:01+00:00,15,AAPL-USD,equity,629345.1059629997,331.25
2026-09-16T12:30:01+00:00,16,MSFT-USD,equity,1718359.751450002,500.66
2026-09-16T12:30:01+00:00,17,GOOG-USD,equity,258260.99192999993,346.13
2026-09-16T12:30:01+00:00,18,AMZN-USD,equity,129676.02776899989,253.13
2026-09-16T12:30:01+00:00,19,NVDA-USD,equity,1460526.5435850013,212.21
2026-09-16T12:30:01+00:00,20,META-USD,equity,1562387.855806,664.29
2026-09-16T12:30:01+00:00,21,TSLA-USD,equity,226130.15750400006,358.6
2026-09-16T12:30:01+00:00,22,AMD-USD,equity,1183039.1548759995,500.49
2026-09-16T12:30:01+00:00,23,INTC-USD,equity,1894750.015517997,98.81
2026-09-16T12:30:01+00:00,24,AVGO-USD,equity,5405.594077999997,346.46
2026-09-16T12:30:01+00:00,25,QCOM-USD,equity,250698.22533199986,180.25
2026-09-16T12:30:01+00:00,26,ARM-USD,equity,82012.63508299996,242.34
2026-09-16T12:30:01+00:00,27,TSM-USD,equity,423951.8752870002,421.48
2026-09-16T12:30:01+00:00,28,ASML-USD,equity,343591.50567099993,1626.8
2026-09-16T12:30:01+00:00,29,SNDK-USD,equity,678575.0991870004,1569.5
2026-09-16T12:30:01+00:00,30,DRAM-USD,index,967112.818288,55.787
2026-09-16T12:30:01+00:00,31,PUMP-USD,crypto,2081301.0180039988,0.003646
2026-09-16T12:30:01+00:00,32,ZEC-USD,crypto,3632181.335769996,1126.6
2026-09-16T12:30:01+00:00,33,XRP-USD,crypto,1293704.1733,1.4019
2026-09-16T12:30:01+00:00,34,LIT-USD,crypto,57325.854460999995,4.457
2026-09-16T12:30:01+00:00,35,KPEPE-USD,crypto,127025.61502000006,0.003445
2026-09-16T12:30:01+00:00,36,HOOD-USD,equity,1908399.5025100084,111.5
2026-09-16T12:30:01+00:00,37,MSTR-USD,equity,1110856.701724442,132.07
2026-09-16T12:30:01+00:00,38,STRC-USD,equity,549676.900031,98.4
2026-09-16T12:30:01+00:00,39,CRCL-USD,equity,2756899.7821840015,92.596
2026-09-16T12:30:01+00:00,40,COIN-USD,equity,1531693.7788329998,183.88
2026-09-16T12:30:01+00:00,41,RKLB-USD,equity,208545.16549699995,63.935
2026-09-16T12:30:01+00:00,42,LITE-USD,equity,338301.44750499993,843.56
2026-09-16T12:30:01+00:00,43,NBIS-USD,equity,732471.0468440005,214.99
2026-09-16T12:30:01+00:00,44,ORCL-USD,equity,409563.88165400067,143.86
2026-09-16T12:30:01+00:00,45,PLTR-USD,equity,1806935.0599249993,171.18
2026-09-16T12:30:01+00:00,46,BRENTOIL-USD,commodity,3022440.9987500063,101.8
2026-09-16T12:30:01+00:00,47,BABA-USD,equity,225716.29370300006,109.99
2026-09-16T12:30:01+00:00,48,ZM-USD,equity,1019143.5700629993,94.55
2026-09-16T12:30:01+00:00,49,DELL-USD,equity,5031.19043,536.43
2026-09-16T12:30:01+00:00,50,CXMT-USD,equity,46636.86395299997,8.0922
2026-09-16T12:30:01+00:00,51,KIOXIA-USD,equity,23934.349360999993,335.17
2026-09-16T12:30:01+00:00,52,SAMSUNG-USD,equity,212625.318908,184.14
2026-09-16T12:30:01+00:00,53,CRWV-USD,equity,1014391.9817150028,83.121
2026-09-16T12:30:01+00:00,54,AAVE-USD,crypto,886904.8502530005,128.84
2026-09-16T12:30:01+00:00,55,UNI-USD,crypto,995870.6898660008,6.7499
2026-09-16T12:30:01+00:00,56,WLD-USD,crypto,54093.535048000005,0.37488
2026-09-16T12:30:01+00:00,57,NEAR-USD,crypto,3868861.5832059993,2.3715
2026-09-16T12:30:01+00:00,58,KSHIB-USD,crypto,737007.1488740013,0.005169
2026-09-16T12:30:01+00:00,59,FARTCOIN-USD,crypto,1004456.005955,0.14226
2026-09-16T12:30:01+00:00,60,DOGE-USD,crypto,1585204.0676319983,0.082563
2026-09-16T12:30:01+00:00,61,ENA-USD,crypto,1939948.6406419987,0.14199
2026-09-16T12:30:01+00:00,62,ONDO-USD,crypto,297510.6326289999,0.34876
2026-09-16T12:30:01+00:00,63,SUI-USD,crypto,2555916.5623169895,0.70979
2026-09-16T12:30:01+00:00,64,VVV-USD,crypto,3080689.287377005,22.441
2026-09-16T12:30:01+00:00,65,TAO-USD,crypto,1351967.5628009986,224.70
2026-09-16T12:30:01+00:00,66,ADA-USD,crypto,2390536.446881005,0.20476
2026-09-16T12:30:01+00:00,67,ZRO-USD,crypto,1111325.2853510003,0.9408
2026-09-16T12:30:01+00:00,68,BNB-USD,crypto,373713.69255800033,719.6
2026-09-16T12:30:01+00:00,69,PONS-USD,crypto,1269131.4401789985,0.68529
2026-09-16T12:30:01+00:00,70,CASHCAT-USD,crypto,2888884.1811899994,0.16252
2026-09-16T12:30:01+00:00,71,USELESS-USD,crypto,1871260.319510997,0.20865
2026-09-16T12:30:01+00:00,72,KAITO-USD,crypto,1084308.7435950004,0.29546
2026-09-16T12:30:01+00:00,73,ARB-USD,crypto,2478909.3244878342,0.13801
2026-09-16T12:30:01+00:00,74,LDO-USD,crypto,854370.7688410016,0.35465
2026-09-16T12:30:01+00:00,75,AVAX-USD,crypto,1161830.2155919985,7.5328
2026-09-16T12:30:01+00:00,76,LTC-USD,crypto,284551.96246499976,52.623
2026-09-16T12:30:01+00:00,77,XPL-USD,crypto,477681.94565400016,0.082021
2026-09-16T12:30:01+00:00,78,XMR-USD,crypto,356774.2749520001,518.24
2026-09-16T12:30:01+00:00,79,LINK-USD,crypto,737455.9186450002,11.396
2026-09-16T12:30:01+00:00,80,VIRTUAL-USD,crypto,305905.868148,0.60529
2026-09-16T12:30:01+00:00,81,JUP-USD,crypto,494703.3509110002,0.22989
2026-09-16T12:30:01+00:00,82,ETHFI-USD,crypto,814849.1312479993,0.61513
2026-09-16T12:30:01+00:00,83,PENDLE-USD,crypto,288194.3338610001,2.3491
2026-09-16T12:30:01+00:00,84,MORPHO-USD,crypto,434376.14751999994,2.1441
2026-09-16T12:45:02+00:00,1,SP500-USD,index,3701596.295081995,7613.8
2026-09-16T12:45:02+00:00,2,GOLD-USD,commodity,3128079.8695810023,4285
2026-09-16T12:45:02+00:00,3,WTIOIL-USD,commodity,3334319.402401801,98.001
2026-09-16T12:45:02+00:00,4,NAS100-USD,index,3364819.878989997,29120
2026-09-16T12:45:02+00:00,5,SILVER-USD,commodity,3919267.0904279966,63.527
2026-09-16T12:45:02+00:00,6,BTC-USD,crypto,7851869.905289997,76859
2026-09-16T12:45:02+00:00,7,ETH-USD,crypto,12114689.373919977,2474.6
2026-09-16T12:45:02+00:00,8,SOL-USD,crypto,1694027.0776489982,100.9
2026-09-16T12:45:02+00:00,9,SPCX-USD,equity,92132.46090900006,148.77
2026-09-16T12:45:02+00:00,10,HYPE-USD,crypto,8637984.58428,79.302
2026-09-16T12:45:02+00:00,11,MU-USD,equity,558238.6208980001,935.7
2026-09-16T12:45:02+00:00,13,SKHY-USD,equity,210615.868948,177.64
2026-09-16T12:45:02+00:00,14,SKHYNIX-USD,equity,885524.3693700006,1263.7
2026-09-16T12:45:02+00:00,15,AAPL-USD,equity,629345.1059629997,331.25
2026-09-16T12:45:02+00:00,16,MSFT-USD,equity,1706506.3802390015,500.68
2026-09-16T12:45:02+00:00,17,GOOG-USD,equity,262490.35537699994,347.25
2026-09-16T12:45:02+00:00,18,AMZN-USD,equity,129676.02776899989,253.13
2026-09-16T12:45:02+00:00,19,NVDA-USD,equity,1463840.5159000014,212.67
2026-09-16T12:45:02+00:00,20,META-USD,equity,1565192.241806,664.29
2026-09-16T12:45:02+00:00,21,TSLA-USD,equity,226163.20990800008,358.6
2026-09-16T12:45:02+00:00,22,AMD-USD,equity,1183062.1399639994,500.49
2026-09-16T12:45:02+00:00,23,INTC-USD,equity,1884961.660716997,98.9
2026-09-16T12:45:02+00:00,24,AVGO-USD,equity,5416.533277999997,346.46
2026-09-16T12:45:02+00:00,25,QCOM-USD,equity,250700.38487799984,180.45
2026-09-16T12:45:02+00:00,26,ARM-USD,equity,81945.01522699995,243.51
2026-09-16T12:45:02+00:00,27,TSM-USD,equity,423951.8752870002,421.48
2026-09-16T12:45:02+00:00,28,ASML-USD,equity,360475.1014859999,1626.8
2026-09-16T12:45:02+00:00,29,SNDK-USD,equity,670778.3367430004,1573.7
2026-09-16T12:45:02+00:00,30,DRAM-USD,index,966792.8096139999,55.846
2026-09-16T12:45:02+00:00,31,PUMP-USD,crypto,2076010.5271719988,0.003637
2026-09-16T12:45:02+00:00,32,ZEC-USD,crypto,3637738.7931399955,1127.1
2026-09-16T12:45:02+00:00,33,XRP-USD,crypto,1282580.4143000003,1.4086
2026-09-16T12:45:02+00:00,34,LIT-USD,crypto,57146.72070699999,4.4348
2026-09-16T12:45:02+00:00,35,KPEPE-USD,crypto,126280.16168700004,0.003457
2026-09-16T12:45:02+00:00,36,HOOD-USD,equity,1933031.4378900076,111.71
2026-09-16T12:45:02+00:00,37,MSTR-USD,equity,1090496.457264442,132.3
2026-09-16T12:45:02+00:00,38,STRC-USD,equity,248676.95247400022,98.326
2026-09-16T12:45:02+00:00,39,CRCL-USD,equity,2756767.9327740013,92.848
2026-09-16T12:45:02+00:00,40,COIN-USD,equity,1569908.5516739998,183.88
2026-09-16T12:45:02+00:00,41,RKLB-USD,equity,210565.75114099996,63.935
2026-09-16T12:45:02+00:00,42,LITE-USD,equity,325623.72269699984,843.91
2026-09-16T12:45:02+00:00,43,NBIS-USD,equity,734977.1743000005,214.99
2026-09-16T12:45:02+00:00,44,ORCL-USD,equity,379380.32010900066,143.97
2026-09-16T12:45:02+00:00,45,PLTR-USD,equity,1833281.214636999,171.18
2026-09-16T12:45:02+00:00,46,BRENTOIL-USD,commodity,3027862.1224900065,101.4
2026-09-16T12:45:02+00:00,47,BABA-USD,equity,225716.29370300006,109.99
2026-09-16T12:45:02+00:00,48,ZM-USD,equity,1019143.5700629993,94.55
2026-09-16T12:45:02+00:00,49,DELL-USD,equity,5031.19043,536.43
2026-09-16T12:45:02+00:00,50,CXMT-USD,equity,43178.07608899999,8.0891
2026-09-16T12:45:02+00:00,51,KIOXIA-USD,equity,24030.657950999997,335.17
2026-09-16T12:45:02+00:00,52,SAMSUNG-USD,equity,203438.80458199995,184.28
2026-09-16T12:45:02+00:00,53,CRWV-USD,equity,1015804.861793003,83.379
2026-09-16T12:45:02+00:00,54,AAVE-USD,crypto,886904.8502530005,128.84
2026-09-16T12:45:02+00:00,55,UNI-USD,crypto,992301.802989001,6.7627
2026-09-16T12:45:02+00:00,56,WLD-USD,crypto,53829.76656800002,0.37716
2026-09-16T12:45:02+00:00,57,NEAR-USD,crypto,3866086.709697999,2.3732
2026-09-16T12:45:02+00:00,58,KSHIB-USD,crypto,737135.3680910012,0.005169
2026-09-16T12:45:02+00:00,59,FARTCOIN-USD,crypto,1012254.8296890003,0.14234
2026-09-16T12:45:02+00:00,60,DOGE-USD,crypto,1553218.5906939982,0.082926
2026-09-16T12:45:02+00:00,61,ENA-USD,crypto,1922611.3499749997,0.14179
2026-09-16T12:45:02+00:00,62,ONDO-USD,crypto,297768.5170609999,0.34876
2026-09-16T12:45:02+00:00,63,SUI-USD,crypto,2532700.587280992,0.70885
2026-09-16T12:45:02+00:00,64,VVV-USD,crypto,3037816.6037720046,22.594
2026-09-16T12:45:02+00:00,65,TAO-USD,crypto,1349788.1493559997,224.08
2026-09-16T12:45:02+00:00,66,ADA-USD,crypto,2383242.8838370037,0.20468
2026-09-16T12:45:02+00:00,67,ZRO-USD,crypto,1108752.2207960007,0.9400
2026-09-16T12:45:02+00:00,68,BNB-USD,crypto,373713.69255800033,719.6
2026-09-16T12:45:02+00:00,69,PONS-USD,crypto,1267754.818777999,0.67386
2026-09-16T12:45:02+00:00,70,CASHCAT-USD,crypto,2819584.2122809994,0.16263
2026-09-16T12:45:02+00:00,71,USELESS-USD,crypto,1863430.8225949975,0.20917
2026-09-16T12:45:02+00:00,72,KAITO-USD,crypto,1106717.5322840014,0.29581
2026-09-16T12:45:02+00:00,73,ARB-USD,crypto,2508932.5330358366,0.1398
2026-09-16T12:45:02+00:00,74,LDO-USD,crypto,854350.7540600016,0.35518
2026-09-16T12:45:02+00:00,75,AVAX-USD,crypto,1160391.0110449984,7.5476
2026-09-16T12:45:02+00:00,76,LTC-USD,crypto,351464.86985599966,52.623
2026-09-16T12:45:02+00:00,77,XPL-USD,crypto,486023.08197700017,0.08284
2026-09-16T12:45:02+00:00,78,XMR-USD,crypto,373069.12124700024,518.94
2026-09-16T12:45:02+00:00,79,LINK-USD,crypto,737445.9121570002,11.379
2026-09-16T12:45:02+00:00,80,VIRTUAL-USD,crypto,305887.750762,0.60577
2026-09-16T12:45:02+00:00,81,JUP-USD,crypto,491676.7566170004,0.23047
2026-09-16T12:45:02+00:00,82,ETHFI-USD,crypto,815003.6725659992,0.61399
2026-09-16T12:45:02+00:00,83,PENDLE-USD,crypto,288814.024189,2.3368
2026-09-16T12:45:02+00:00,84,MORPHO-USD,crypto,461255.3179449997,2.1505
2026-09-16T13:00:02+00:00,1,SP500-USD,index,3281132.031626998,7611.9
2026-09-16T13:00:02+00:00,2,GOLD-USD,commodity,3125382.758579003,4295.2
2026-09-16T13:00:02+00:00,3,WTIOIL-USD,commodity,3038567.6856928016,97.474
2026-09-16T13:00:02+00:00,4,NAS100-USD,index,2956014.9254599996,29112
2026-09-16T13:00:02+00:00,5,SILVER-USD,commodity,3824890.115576997,63.812
2026-09-16T13:00:02+00:00,6,BTC-USD,crypto,7887604.39877,76910
2026-09-16T13:00:02+00:00,7,ETH-USD,crypto,12152057.570099976,2478.2
2026-09-16T13:00:02+00:00,8,SOL-USD,crypto,1695782.2636489982,101.2
2026-09-16T13:00:02+00:00,9,SPCX-USD,equity,92192.43829800004,148.77
2026-09-16T13:00:02+00:00,10,HYPE-USD,crypto,8649055.143476998,79.76
2026-09-16T13:00:02+00:00,11,MU-USD,equity,557976.624898,937.45
2026-09-16T13:00:02+00:00,13,SKHY-USD,equity,101284.228322,177.27
2026-09-16T13:00:02+00:00,14,SKHYNIX-USD,equity,845206.61911,1259.7
2026-09-16T13:00:02+00:00,15,AAPL-USD,equity,574692.029583,331.3
2026-09-16T13:00:02+00:00,16,MSFT-USD,equity,1700653.2500510016,500.77
2026-09-16T13:00:02+00:00,17,GOOG-USD,equity,262268.2542769999,346.46
2026-09-16T13:00:02+00:00,18,AMZN-USD,equity,52108.55497799998,252.74
2026-09-16T13:00:02+00:00,19,NVDA-USD,equity,1406415.5146600015,212.71
2026-09-16T13:00:02+00:00,20,META-USD,equity,1596812.8170799997,663.25
2026-09-16T13:00:02+00:00,21,TSLA-USD,equity,193171.0148330001,358.59
2026-09-16T13:00:02+00:00,22,AMD-USD,equity,46713.25773199999,499.23
2026-09-16T13:00:02+00:00,23,INTC-USD,equity,1649877.3084369986,98.73
2026-09-16T13:00:02+00:00,24,AVGO-USD,equity,5427.461277999997,346.46
2026-09-16T13:00:02+00:00,25,QCOM-USD,equity,238698.41969299986,180.03
2026-09-16T13:00:02+00:00,26,ARM-USD,equity,81941.18293099994,242.46
2026-09-16T13:00:02+00:00,27,TSM-USD,equity,89583.34640299997,420.95
2026-09-16T13:00:02+00:00,28,ASML-USD,equity,323456.5340059998,1625.3
2026-09-16T13:00:02+00:00,29,SNDK-USD,equity,579258.019791,1564.2
2026-09-16T13:00:02+00:00,30,DRAM-USD,index,596502.2571149995,55.81
2026-09-16T13:00:02+00:00,31,PUMP-USD,crypto,2042970.9273139983,0.003643
2026-09-16T13:00:02+00:00,32,ZEC-USD,crypto,3621254.110369995,1140.3
2026-09-16T13:00:02+00:00,33,XRP-USD,crypto,1299535.3522,1.4269
2026-09-16T13:00:02+00:00,34,LIT-USD,crypto,57242.08205599999,4.4187
2026-09-16T13:00:02+00:00,35,KPEPE-USD,crypto,126032.13958700007,0.003469
2026-09-16T13:00:02+00:00,36,HOOD-USD,equity,1798965.0330700076,112.01
2026-09-16T13:00:02+00:00,37,MSTR-USD,equity,1080464.7519544424,132.3
2026-09-16T13:00:02+00:00,38,STRC-USD,equity,181805.05176799995,98.293
2026-09-16T13:00:02+00:00,39,CRCL-USD,equity,2756444.244251001,92.319
2026-09-16T13:00:02+00:00,40,COIN-USD,equity,1521585.1530529996,184.25
2026-09-16T13:00:02+00:00,41,RKLB-USD,equity,210525.52341299993,63.73
2026-09-16T13:00:02+00:00,42,LITE-USD,equity,265686.2890350001,847.16
2026-09-16T13:00:02+00:00,43,NBIS-USD,equity,648720.0464440008,214.84
2026-09-16T13:00:02+00:00,44,ORCL-USD,equity,379354.6474140007,143.92
2026-09-16T13:00:02+00:00,45,PLTR-USD,equity,1851786.3668279985,170.7
2026-09-16T13:00:02+00:00,46,BRENTOIL-USD,commodity,2599497.915030006,101.06
2026-09-16T13:00:02+00:00,47,BABA-USD,equity,220480.6822390001,109.9
2026-09-16T13:00:02+00:00,48,ZM-USD,equity,1019143.5700629993,94.55
2026-09-16T13:00:02+00:00,49,DELL-USD,equity,5015.09753,534.8
2026-09-16T13:00:02+00:00,50,CXMT-USD,equity,38670.85102999998,8.0760
2026-09-16T13:00:02+00:00,51,KIOXIA-USD,equity,24049.732066,334.78
2026-09-16T13:00:02+00:00,52,SAMSUNG-USD,equity,189509.82105499992,183.97
2026-09-16T13:00:02+00:00,53,CRWV-USD,equity,1036379.0417560033,83.371
2026-09-16T13:00:02+00:00,54,AAVE-USD,crypto,891268.9678430004,128.84
2026-09-16T13:00:02+00:00,55,UNI-USD,crypto,955182.6860320014,6.7153
2026-09-16T13:00:02+00:00,56,WLD-USD,crypto,53682.18537200002,0.37591
2026-09-16T13:00:02+00:00,57,NEAR-USD,crypto,3891716.623772999,2.3859
2026-09-16T13:00:02+00:00,58,KSHIB-USD,crypto,738900.0251090011,0.005169
2026-09-16T13:00:02+00:00,59,FARTCOIN-USD,crypto,1025556.779304,0.14251
2026-09-16T13:00:02+00:00,60,DOGE-USD,crypto,1597043.477057998,0.083158
2026-09-16T13:00:02+00:00,61,ENA-USD,crypto,1924485.581384999,0.14302
2026-09-16T13:00:02+00:00,62,ONDO-USD,crypto,296779.19589799986,0.35174
2026-09-16T13:00:02+00:00,63,SUI-USD,crypto,2521169.105830991,0.71425
2026-09-16T13:00:02+00:00,64,VVV-USD,crypto,3037494.523726006,22.637
2026-09-16T13:00:02+00:00,65,TAO-USD,crypto,1345360.136331999,224.39
2026-09-16T13:00:02+00:00,66,ADA-USD,crypto,2380929.8479060046,0.20671
2026-09-16T13:00:02+00:00,67,ZRO-USD,crypto,1155460.7638490007,0.9415
2026-09-16T13:00:02+00:00,68,BNB-USD,crypto,373713.69255800033,719.6
2026-09-16T13:00:02+00:00,69,PONS-USD,crypto,1261624.2969189982,0.67994
2026-09-16T13:00:02+00:00,70,CASHCAT-USD,crypto,2768847.4856719985,0.1643
2026-09-16T13:00:02+00:00,71,USELESS-USD,crypto,1871967.4611389965,0.21345
2026-09-16T13:00:02+00:00,72,KAITO-USD,crypto,1135606.820611001,0.29811
2026-09-16T13:00:02+00:00,73,ARB-USD,crypto,2595242.013290835,0.14043
2026-09-16T13:00:02+00:00,74,LDO-USD,crypto,856301.9117460015,0.35644
2026-09-16T13:00:02+00:00,75,AVAX-USD,crypto,1171933.5801169993,7.5726
2026-09-16T13:00:02+00:00,76,LTC-USD,crypto,358406.79371599964,52.41
2026-09-16T13:00:02+00:00,77,XPL-USD,crypto,496861.63791600015,0.08281
2026-09-16T13:00:02+00:00,78,XMR-USD,crypto,393574.9486630003,519.03
2026-09-16T13:00:02+00:00,79,LINK-USD,crypto,736363.6360390004,11.434
2026-09-16T13:00:02+00:00,80,VIRTUAL-USD,crypto,305855.06831299997,0.60938
2026-09-16T13:00:02+00:00,81,JUP-USD,crypto,500318.9111770005,0.23187
2026-09-16T13:00:02+00:00,82,ETHFI-USD,crypto,834672.2312319989,0.61388
2026-09-16T13:00:02+00:00,83,PENDLE-USD,crypto,279562.077066,2.3697
2026-09-16T13:00:02+00:00,84,MORPHO-USD,crypto,484523.1421339996,2.149
2026-09-16T13:15:02+00:00,1,SP500-USD,index,3283077.5657689977,7611.9
2026-09-16T13:15:02+00:00,2,GOLD-USD,commodity,3157316.605106002,4290.3
2026-09-16T13:15:02+00:00,3,WTIOIL-USD,commodity,3129764.281617802,97.5
2026-09-16T13:15:02+00:00,4,NAS100-USD,index,2956158.6547599994,29112
2026-09-16T13:15:02+00:00,5,SILVER-USD,commodity,3824317.3918089974,63.813
2026-09-16T13:15:02+00:00,6,BTC-USD,crypto,7824668.367439996,76951
2026-09-16T13:15:02+00:00,7,ETH-USD,crypto,12186987.169429973,2477.3
2026-09-16T13:15:02+00:00,8,SOL-USD,crypto,1695329.5835769984,100.81
2026-09-16T13:15:02+00:00,9,SPCX-USD,equity,92493.41804200006,148.77
2026-09-16T13:15:02+00:00,10,HYPE-USD,crypto,8703379.27766598,79.524
2026-09-16T13:15:02+00:00,11,MU-USD,equity,557987.749851,937.45
2026-09-16T13:15:02+00:00,13,SKHY-USD,equity,101306.854081,177.27
2026-09-16T13:15:02+00:00,14,SKHYNIX-USD,equity,847780.41366,1259.7
2026-09-16T13:15:02+00:00,15,AAPL-USD,equity,539416.9019830001,331.57
2026-09-16T13:15:02+00:00,16,MSFT-USD,equity,1709253.7674060008,500.68
2026-09-16T13:15:02+00:00,17,GOOG-USD,equity,262279.2888059999,346.46
2026-09-16T13:15:02+00:00,18,AMZN-USD,equity,51546.56869399999,252.61
2026-09-16T13:15:02+00:00,19,NVDA-USD,equity,1695852.5258660007,212.81
2026-09-16T13:15:02+00:00,20,META-USD,equity,1597324.0675509996,663.25
2026-09-16T13:15:02+00:00,21,TSLA-USD,equity,178956.82025200012,358.8
2026-09-16T13:15:02+00:00,22,AMD-USD,equity,46724.74489999999,499.23
2026-09-16T13:15:02+00:00,23,INTC-USD,equity,1658153.2844239995,98.73
2026-09-16T13:15:02+00:00,24,AVGO-USD,equity,5469.274496999997,346.46
2026-09-16T13:15:02+00:00,25,QCOM-USD,equity,226757.3868279999,180.05
2026-09-16T13:15:02+00:00,26,ARM-USD,equity,81927.91664299996,242.21
2026-09-16T13:15:02+00:00,27,TSM-USD,equity,3502.9197040000004,420.7
2026-09-16T13:15:02+00:00,28,ASML-USD,equity,345636.69985599973,1623.3
2026-09-16T13:15:02+00:00,29,SNDK-USD,equity,579279.882831,1564.2
2026-09-16T13:15:02+00:00,30,DRAM-USD,index,550031.837375,55.642
2026-09-16T13:15:02+00:00,31,PUMP-USD,crypto,2017106.1210729987,0.003641
2026-09-16T13:15:02+00:00,32,ZEC-USD,crypto,3636272.2464899947,1132.6
2026-09-16T13:15:02+00:00,33,XRP-USD,crypto,1225840.2694999992,1.4263
2026-09-16T13:15:02+00:00,34,LIT-USD,crypto,60689.26026100002,4.4036
2026-09-16T13:15:02+00:00,35,KPEPE-USD,crypto,122990.09919500003,0.003477
2026-09-16T13:15:02+00:00,36,HOOD-USD,equity,1713210.1329699983,112.08
2026-09-16T13:15:02+00:00,37,MSTR-USD,equity,1181948.4943144587,132.14
2026-09-16T13:15:02+00:00,38,STRC-USD,equity,129572.75094200003,98.119
2026-09-16T13:15:02+00:00,39,CRCL-USD,equity,2762571.4123660014,92.319
2026-09-16T13:15:02+00:00,40,COIN-USD,equity,1541843.8558029996,183.76
2026-09-16T13:15:02+00:00,41,RKLB-USD,equity,210496.68648699994,63.363
2026-09-16T13:15:02+00:00,42,LITE-USD,equity,239599.03945100014,848.68
2026-09-16T13:15:02+00:00,43,NBIS-USD,equity,810757.4285480008,213.81
2026-09-16T13:15:02+00:00,44,ORCL-USD,equity,377376.39596400067,143.99
2026-09-16T13:15:02+00:00,45,PLTR-USD,equity,1842846.8340569984,170.88
2026-09-16T13:15:02+00:00,46,BRENTOIL-USD,commodity,2555161.626910005,101.17
2026-09-16T13:15:02+00:00,47,BABA-USD,equity,220491.6474620001,109.9
2026-09-16T13:15:02+00:00,48,ZM-USD,equity,1018242.8536729992,94.42
2026-09-16T13:15:02+00:00,49,DELL-USD,equity,5174.381031999998,534.8
2026-09-16T13:15:02+00:00,50,CXMT-USD,equity,35606.88178799998,8.0556
2026-09-16T13:15:02+00:00,51,KIOXIA-USD,equity,24118.999566000002,334.78
2026-09-16T13:15:02+00:00,52,SAMSUNG-USD,equity,189905.34075499995,183.97
2026-09-16T13:15:02+00:00,53,CRWV-USD,equity,1036267.8841130032,82.943
2026-09-16T13:15:02+00:00,54,AAVE-USD,crypto,923713.7882000007,127.76
2026-09-16T13:15:02+00:00,55,UNI-USD,crypto,954106.0049110014,6.7034
2026-09-16T13:15:02+00:00,56,WLD-USD,crypto,53433.44572500003,0.37615
2026-09-16T13:15:02+00:00,57,NEAR-USD,crypto,3937243.4750999985,2.3993
2026-09-16T13:15:02+00:00,58,KSHIB-USD,crypto,741939.0264970011,0.005169
2026-09-16T13:15:02+00:00,59,FARTCOIN-USD,crypto,1041902.1775419998,0.14297
2026-09-16T13:15:02+00:00,60,DOGE-USD,crypto,1623692.012520998,0.082761
2026-09-16T13:15:02+00:00,61,ENA-USD,crypto,1917739.8183949997,0.14308
2026-09-16T13:15:02+00:00,62,ONDO-USD,crypto,279895.7510269999,0.35006
2026-09-16T13:15:02+00:00,63,SUI-USD,crypto,2516741.5161329918,0.71287
2026-09-16T13:15:02+00:00,64,VVV-USD,crypto,3035500.410527004,22.585
2026-09-16T13:15:02+00:00,65,TAO-USD,crypto,1339770.283425999,225.85
2026-09-16T13:15:02+00:00,66,ADA-USD,crypto,2380222.6873660046,0.20643
2026-09-16T13:15:02+00:00,67,ZRO-USD,crypto,1157440.974065001,0.9403
2026-09-16T13:15:02+00:00,68,BNB-USD,crypto,373713.69255800033,719.6
2026-09-16T13:15:02+00:00,69,PONS-USD,crypto,1322595.8404749986,0.68546
2026-09-16T13:15:02+00:00,70,CASHCAT-USD,crypto,2761117.805800999,0.16367
2026-09-16T13:15:02+00:00,71,USELESS-USD,crypto,1931550.711866997,0.21183
2026-09-16T13:15:02+00:00,72,KAITO-USD,crypto,1153158.3410780015,0.29871
2026-09-16T13:15:02+00:00,73,ARB-USD,crypto,2647435.143773836,0.14285
2026-09-16T13:15:02+00:00,74,LDO-USD,crypto,856480.9232550014,0.35428
2026-09-16T13:15:02+00:00,75,AVAX-USD,crypto,1171892.204208999,7.6067
2026-09-16T13:15:02+00:00,76,LTC-USD,crypto,358658.7391499997,52.41
2026-09-16T13:15:02+00:00,77,XPL-USD,crypto,496038.7476500001,0.082652
2026-09-16T13:15:02+00:00,78,XMR-USD,crypto,395424.62798100023,519.03
2026-09-16T13:15:02+00:00,79,LINK-USD,crypto,736263.6269560003,11.452
2026-09-16T13:15:02+00:00,80,VIRTUAL-USD,crypto,308117.3356899998,0.61007
2026-09-16T13:15:02+00:00,81,JUP-USD,crypto,501629.6623300004,0.23198
2026-09-16T13:15:02+00:00,82,ETHFI-USD,crypto,835982.2564429994,0.61517
2026-09-16T13:15:02+00:00,83,PENDLE-USD,crypto,277773.6862940001,2.3734
2026-09-16T13:15:02+00:00,84,MORPHO-USD,crypto,493710.8575389996,2.1558
2026-09-16T13:30:01+00:00,1,SP500-USD,index,3296790.152623997,7611.9
2026-09-16T13:30:01+00:00,2,GOLD-USD,commodity,3219077.7489250023,4290
2026-09-16T13:30:01+00:00,3,WTIOIL-USD,commodity,3089205.1564928014,98.49
2026-09-16T13:30:01+00:00,4,NAS100-USD,index,2958994.45234,29112
2026-09-16T13:30:01+00:00,5,SILVER-USD,commodity,3819797.1387789976,63.7
2026-09-16T13:30:01+00:00,6,BTC-USD,crypto,7832874.018339997,76938
2026-09-16T13:30:01+00:00,7,ETH-USD,crypto,12262913.109259976,2476.8
2026-09-16T13:30:01+00:00,8,SOL-USD,crypto,1719805.9557769983,100.81
2026-09-16T13:30:01+00:00,9,SPCX-USD,equity,88518.04981700006,148.38
2026-09-16T13:30:01+00:00,10,HYPE-USD,crypto,8817763.972669981,79.392
2026-09-16T13:30:01+00:00,11,MU-USD,equity,558603.0668529999,937.45
2026-09-16T13:30:01+00:00,13,SKHY-USD,equity,100107.67850800001,178.92
2026-09-16T13:30:01+00:00,14,SKHYNIX-USD,equity,536810.7792900001,1264.1
2026-09-16T13:30:01+00:00,15,AAPL-USD,equity,451558.17579700024,330.33
2026-09-16T13:30:01+00:00,16,MSFT-USD,equity,1741475.1768559995,500.42
2026-09-16T13:30:01+00:00,17,GOOG-USD,equity,392984.5295049999,347.04
2026-09-16T13:30:01+00:00,18,AMZN-USD,equity,27641.760895000007,252.22
2026-09-16T13:30:01+00:00,19,NVDA-USD,equity,1752454.0290770002,213.4
2026-09-16T13:30:01+00:00,20,META-USD,equity,1629822.588929,658.59
2026-09-16T13:30:01+00:00,21,TSLA-USD,equity,178599.99140500015,358.67
2026-09-16T13:30:01+00:00,22,AMD-USD,equity,46635.080184,501.74
2026-09-16T13:30:01+00:00,23,INTC-USD,equity,1449730.6722630041,98.76
2026-09-16T13:30:01+00:00,24,AVGO-USD,equity,5968.152759999996,346.46
2026-09-16T13:30:01+00:00,25,QCOM-USD,equity,226718.4083259999,181.37
2026-09-16T13:30:01+00:00,26,ARM-USD,equity,79857.14224799997,244.16
2026-09-16T13:30:01+00:00,27,TSM-USD,equity,3502.9197040000004,420.7
2026-09-16T13:30:01+00:00,28,ASML-USD,equity,329721.17849799973,1615.9
2026-09-16T13:30:01+00:00,29,SNDK-USD,equity,566176.0593740001,1569.9
2026-09-16T13:30:01+00:00,30,DRAM-USD,index,447627.3508029999,55.776
2026-09-16T13:30:01+00:00,31,PUMP-USD,crypto,2000664.0304389973,0.003634
2026-09-16T13:30:01+00:00,32,ZEC-USD,crypto,3774849.363549996,1132.6
2026-09-16T13:30:01+00:00,33,XRP-USD,crypto,1232590.579499999,1.4263
2026-09-16T13:30:01+00:00,34,LIT-USD,crypto,60605.409242000016,4.3927
2026-09-16T13:30:01+00:00,35,KPEPE-USD,crypto,122978.90325500003,0.003481
2026-09-16T13:30:01+00:00,36,HOOD-USD,equity,1763384.297019998,111.89
2026-09-16T13:30:01+00:00,37,MSTR-USD,equity,1191308.8921144586,131.6
2026-09-16T13:30:01+00:00,38,STRC-USD,equity,129219.70440900001,98.028
2026-09-16T13:30:01+00:00,39,CRCL-USD,equity,2792563.7608260014,92.365
2026-09-16T13:30:01+00:00,40,COIN-USD,equity,1462661.6902519988,182.34
2026-09-16T13:30:01+00:00,41,RKLB-USD,equity,210481.64329699994,64.389
2026-09-16T13:30:01+00:00,42,LITE-USD,equity,227722.06402600012,845.59
2026-09-16T13:30:01+00:00,43,NBIS-USD,equity,806183.5637700008,211.37
2026-09-16T13:30:01+00:00,44,ORCL-USD,equity,343422.82393400033,143.41
2026-09-16T13:30:01+00:00,45,PLTR-USD,equity,1797640.3541259991,170.34
2026-09-16T13:30:01+00:00,46,BRENTOIL-USD,commodity,2434851.915860003,101.86
2026-09-16T13:30:01+00:00,47,BABA-USD,equity,215571.75494700018,109.72
2026-09-16T13:30:01+00:00,48,ZM-USD,equity,1025216.2833779992,94.79
2026-09-16T13:30:01+00:00,49,DELL-USD,equity,5136.231563999997,540.46
2026-09-16T13:30:01+00:00,50,CXMT-USD,equity,30515.735398999997,8.0989
2026-09-16T13:30:01+00:00,51,KIOXIA-USD,equity,24118.999566000002,334.78
2026-09-16T13:30:01+00:00,52,SAMSUNG-USD,equity,187721.06494499996,184.11
2026-09-16T13:30:01+00:00,53,CRWV-USD,equity,1023795.9892340029,82.569
2026-09-16T13:30:01+00:00,54,AAVE-USD,crypto,937397.4594600005,127.76
2026-09-16T13:30:01+00:00,55,UNI-USD,crypto,960426.1250280015,6.6745
2026-09-16T13:30:01+00:00,56,WLD-USD,crypto,53656.79499900003,0.37615
2026-09-16T13:30:01+00:00,57,NEAR-USD,crypto,3971997.597744999,2.3873
2026-09-16T13:30:01+00:00,58,KSHIB-USD,crypto,742988.7016910008,0.005169
2026-09-16T13:30:01+00:00,59,FARTCOIN-USD,crypto,1072349.021819,0.14243
2026-09-16T13:30:01+00:00,60,DOGE-USD,crypto,1634396.2326969975,0.082761
2026-09-16T13:30:01+00:00,61,ENA-USD,crypto,1955444.8729009994,0.14249
2026-09-16T13:30:01+00:00,62,ONDO-USD,crypto,279507.6235269999,0.34839
2026-09-16T13:30:01+00:00,63,SUI-USD,crypto,2529191.496442992,0.71184
2026-09-16T13:30:01+00:00,64,VVV-USD,crypto,3131721.696108004,22.405
2026-09-16T13:30:01+00:00,65,TAO-USD,crypto,1366359.8097219996,224.88
2026-09-16T13:30:01+00:00,66,ADA-USD,crypto,2407344.8521520053,0.20534
2026-09-16T13:30:01+00:00,67,ZRO-USD,crypto,1185716.0409250006,0.9360
2026-09-16T13:30:01+00:00,68,BNB-USD,crypto,373713.69255800033,719.6
2026-09-16T13:30:01+00:00,69,PONS-USD,crypto,1332556.3285939994,0.67904
2026-09-16T13:30:01+00:00,70,CASHCAT-USD,crypto,2749388.176125998,0.16559
2026-09-16T13:30:01+00:00,71,USELESS-USD,crypto,1928977.698347997,0.20943
2026-09-16T13:30:01+00:00,72,KAITO-USD,crypto,1183361.1906450018,0.29781
2026-09-16T13:30:01+00:00,73,ARB-USD,crypto,2751626.909964835,0.14253
2026-09-16T13:30:01+00:00,74,LDO-USD,crypto,859709.3896590014,0.35428
2026-09-16T13:30:01+00:00,75,AVAX-USD,crypto,1171991.4278489985,7.5676
2026-09-16T13:30:01+00:00,76,LTC-USD,crypto,359490.18473199965,52.41
2026-09-16T13:30:01+00:00,77,XPL-USD,crypto,557115.5990009999,0.082488
2026-09-16T13:30:01+00:00,78,XMR-USD,crypto,399467.5924940002,516.62
2026-09-16T13:30:01+00:00,79,LINK-USD,crypto,736193.5586950002,11.444
2026-09-16T13:30:01+00:00,80,VIRTUAL-USD,crypto,308605.2766469998,0.60898
2026-09-16T13:30:01+00:00,81,JUP-USD,crypto,528281.0679060005,0.23161
2026-09-16T13:30:01+00:00,82,ETHFI-USD,crypto,836197.4750469989,0.61378
2026-09-16T13:30:01+00:00,83,PENDLE-USD,crypto,272542.4685169999,2.3017
2026-09-16T13:30:01+00:00,84,MORPHO-USD,crypto,506889.25038199953,2.1406
2026-09-16T13:45:01+00:00,1,SP500-USD,index,3309285.0236849957,7605.2
2026-09-16T13:45:01+00:00,2,GOLD-USD,commodity,3240121.0525790043,4291.2
2026-09-16T13:45:01+00:00,3,WTIOIL-USD,commodity,3128622.976443805,99.09
2026-09-16T13:45:01+00:00,4,NAS100-USD,index,4212322.9690999985,29124
2026-09-16T13:45:01+00:00,5,SILVER-USD,commodity,3781182.9047519974,63.913
2026-09-16T13:45:01+00:00,6,BTC-USD,crypto,7552675.260629997,76346
2026-09-16T13:45:01+00:00,7,ETH-USD,crypto,12109284.489099981,2445.4
2026-09-16T13:45:01+00:00,8,SOL-USD,crypto,1750655.5041739978,99.97
2026-09-16T13:45:01+00:00,9,SPCX-USD,equity,2372565.490231,146.49
2026-09-16T13:45:01+00:00,10,HYPE-USD,crypto,8327645.580736994,78.928
2026-09-16T13:45:01+00:00,11,MU-USD,equity,1124958.132718,935.29
2026-09-16T13:45:01+00:00,13,SKHY-USD,equity,395331.17618,179.41
2026-09-16T13:45:01+00:00,14,SKHYNIX-USD,equity,1918772.5932299986,1263.6
2026-09-16T13:45:01+00:00,15,AAPL-USD,equity,1014275.0491490017,331.25
2026-09-16T13:45:01+00:00,16,MSFT-USD,equity,1527808.4674609997,504.44
2026-09-16T13:45:01+00:00,17,GOOG-USD,equity,1080554.6032009996,347.08
2026-09-16T13:45:01+00:00,18,AMZN-USD,equity,21715.829639000007,252.59
2026-09-16T13:45:01+00:00,19,NVDA-USD,equity,2187410.8810209995,213.71
2026-09-16T13:45:01+00:00,20,META-USD,equity,3676951.600449993,674.52
2026-09-16T13:45:01+00:00,21,TSLA-USD,equity,5245644.364851007,360.98
2026-09-16T13:45:01+00:00,22,AMD-USD,equity,1894689.8612319995,504.81
2026-09-16T13:45:01+00:00,23,INTC-USD,equity,1273494.7607370033,99.63
2026-09-16T13:45:01+00:00,24,AVGO-USD,equity,4648696.092361998,345.89
2026-09-16T13:45:01+00:00,25,QCOM-USD,equity,309456.8993129999,188.19
2026-09-16T13:45:01+00:00,26,ARM-USD,equity,1086260.7910389998,251.14
2026-09-16T13:45:01+00:00,27,TSM-USD,equity,11826.244256000002,415.60
2026-09-16T13:45:01+00:00,28,ASML-USD,equity,1206011.3342600001,1590.8
2026-09-16T13:45:01+00:00,29,SNDK-USD,equity,1661460.3304309985,1562.3
2026-09-16T13:45:01+00:00,30,DRAM-USD,index,1904401.6250060005,55.657
2026-09-16T13:45:01+00:00,31,PUMP-USD,crypto,1987922.3705219976,0.003604
2026-09-16T13:45:01+00:00,32,ZEC-USD,crypto,3910886.0001699952,1135.3
2026-09-16T13:45:01+00:00,33,XRP-USD,crypto,1232836.3442999993,1.4088
2026-09-16T13:45:01+00:00,34,LIT-USD,crypto,56142.34162800003,4.3372
2026-09-16T13:45:01+00:00,35,KPEPE-USD,crypto,118605.26078900005,0.003451
2026-09-16T13:45:01+00:00,36,HOOD-USD,equity,2523222.7507999963,109.51
2026-09-16T13:45:01+00:00,37,MSTR-USD,equity,1546532.1681744612,130.76
2026-09-16T13:45:01+00:00,38,STRC-USD,equity,129287.46683700003,97.703
2026-09-16T13:45:01+00:00,39,CRCL-USD,equity,2761225.5370350042,89.352
2026-09-16T13:45:01+00:00,40,COIN-USD,equity,1888511.4989189983,179.76
2026-09-16T13:45:01+00:00,41,RKLB-USD,equity,240155.92023299995,65.104
2026-09-16T13:45:01+00:00,42,LITE-USD,equity,1912956.6978540004,855.99
2026-09-16T13:45:01+00:00,43,NBIS-USD,equity,943222.5667159993,214.39
2026-09-16T13:45:01+00:00,44,ORCL-USD,equity,4596582.601722002,141.48
2026-09-16T13:45:01+00:00,45,PLTR-USD,equity,2432212.381948002,172.25
2026-09-16T13:45:01+00:00,46,BRENTOIL-USD,commodity,2422690.6668300023,102.49
2026-09-16T13:45:01+00:00,47,BABA-USD,equity,401936.68254,110.6
2026-09-16T13:45:01+00:00,48,ZM-USD,equity,1032088.4190119986,94.33
2026-09-16T13:45:01+00:00,49,DELL-USD,equity,5929.567140999999,560.82
2026-09-16T13:45:01+00:00,50,CXMT-USD,equity,26423.503635000012,8.0525
2026-09-16T13:45:01+00:00,51,KIOXIA-USD,equity,25211.47037800001,334.78
2026-09-16T13:45:01+00:00,52,SAMSUNG-USD,equity,648238.8733500007,183.28
2026-09-16T13:45:01+00:00,53,CRWV-USD,equity,1963937.8410419992,83.517
2026-09-16T13:45:01+00:00,54,AAVE-USD,crypto,959732.6481080008,127.25
2026-09-16T13:45:01+00:00,55,UNI-USD,crypto,961584.0490510013,6.6247
2026-09-16T13:45:01+00:00,56,WLD-USD,crypto,50431.03341300002,0.37594
2026-09-16T13:45:01+00:00,57,NEAR-USD,crypto,4006135.1373340013,2.3773
2026-09-16T13:45:01+00:00,58,KSHIB-USD,crypto,767117.1767470012,0.005118
2026-09-16T13:45:01+00:00,59,FARTCOIN-USD,crypto,1077597.6303980006,0.14194
2026-09-16T13:45:01+00:00,60,DOGE-USD,crypto,1593301.7884169966,0.081926
2026-09-16T13:45:01+00:00,61,ENA-USD,crypto,2002317.1920779995,0.14182
2026-09-16T13:45:01+00:00,62,ONDO-USD,crypto,384170.3419369999,0.346
2026-09-16T13:45:01+00:00,63,SUI-USD,crypto,2520372.405575992,0.70557
2026-09-16T13:45:01+00:00,64,VVV-USD,crypto,3137264.7734610047,22.284
2026-09-16T13:45:01+00:00,65,TAO-USD,crypto,1365668.0110699993,223.93
2026-09-16T13:45:01+00:00,66,ADA-USD,crypto,2408957.7451100065,0.20358
2026-09-16T13:45:01+00:00,67,ZRO-USD,crypto,1188426.5218400008,0.9327
2026-09-16T13:45:01+00:00,68,BNB-USD,crypto,374172.4232540004,717.85
2026-09-16T13:45:01+00:00,69,PONS-USD,crypto,1564571.7878630003,0.65791
2026-09-16T13:45:01+00:00,70,CASHCAT-USD,crypto,2656651.239010998,0.15937
2026-09-16T13:45:01+00:00,71,USELESS-USD,crypto,2055080.052095996,0.20629
2026-09-16T13:45:01+00:00,72,KAITO-USD,crypto,1146811.8023070025,0.29649
2026-09-16T13:45:01+00:00,73,ARB-USD,crypto,2754351.9542268356,0.14026
2026-09-16T13:45:01+00:00,74,LDO-USD,crypto,808978.5428550014,0.35282
2026-09-16T13:45:01+00:00,75,AVAX-USD,crypto,1168906.0959649985,7.4932
2026-09-16T13:45:01+00:00,76,LTC-USD,crypto,359585.02357099956,52.246
2026-09-16T13:45:01+00:00,77,XPL-USD,crypto,598315.8325549997,0.081565
2026-09-16T13:45:01+00:00,78,XMR-USD,crypto,415391.75612500013,516.04
2026-09-16T13:45:01+00:00,79,LINK-USD,crypto,742830.4424520003,11.336
2026-09-16T13:45:01+00:00,80,VIRTUAL-USD,crypto,308488.7927969995,0.60393
2026-09-16T13:45:01+00:00,81,JUP-USD,crypto,548143.2486850001,0.22926
2026-09-16T13:45:01+00:00,82,ETHFI-USD,crypto,795959.5398089989,0.6111
2026-09-16T13:45:01+00:00,83,PENDLE-USD,crypto,273339.98371199996,2.2999
2026-09-16T13:45:01+00:00,84,MORPHO-USD,crypto,567376.7996709998,2.1208
2026-09-16T14:00:02+00:00,1,SP500-USD,index,4358074.954618003,7604.8
2026-09-16T14:00:02+00:00,2,GOLD-USD,commodity,3281166.2698280048,4297.6
2026-09-16T14:00:02+00:00,3,WTIOIL-USD,commodity,3194591.940069805,98.868
2026-09-16T14:00:02+00:00,4,NAS100-USD,index,4769704.110430004,29046
2026-09-16T14:00:02+00:00,5,SILVER-USD,commodity,3781147.990603998,63.837
2026-09-16T14:00:02+00:00,6,BTC-USD,crypto,7599530.922259996,76498
2026-09-16T14:00:02+00:00,7,ETH-USD,crypto,12149921.974479994,2448.7
2026-09-16T14:00:02+00:00,8,SOL-USD,crypto,1810689.0231499975,100.41
2026-09-16T14:00:02+00:00,9,SPCX-USD,equity,2368238.613089,146.14
2026-09-16T14:00:02+00:00,10,HYPE-USD,crypto,8284620.9338749945,79.096
2026-09-16T14:00:02+00:00,11,MU-USD,equity,1139321.0749020006,940.07
2026-09-16T14:00:02+00:00,13,SKHY-USD,equity,393573.48523599986,178.74
2026-09-16T14:00:02+00:00,14,SKHYNIX-USD,equity,2021353.5804499981,1267.8
2026-09-16T14:00:02+00:00,15,AAPL-USD,equity,1038927.2373630019,330.83
2026-09-16T14:00:02+00:00,16,MSFT-USD,equity,1548978.7149780015,500.9
2026-09-16T14:00:02+00:00,17,GOOG-USD,equity,1108021.241187,345.43
2026-09-16T14:00:02+00:00,18,AMZN-USD,equity,125843.60517500002,251.96
2026-09-16T14:00:02+00:00,19,NVDA-USD,equity,2761621.049069001,213.15
2026-09-16T14:00:02+00:00,20,META-USD,equity,4119150.9375619944,674.02
2026-09-16T14:00:02+00:00,21,TSLA-USD,equity,5406797.743053006,359.25
2026-09-16T14:00:02+00:00,22,AMD-USD,equity,1932306.7937099996,511.51
2026-09-16T14:00:02+00:00,23,INTC-USD,equity,1306857.0688680052,99.8
2026-09-16T14:00:02+00:00,24,AVGO-USD,equity,4698691.254747998,344.48
2026-09-16T14:00:02+00:00,25,QCOM-USD,equity,320346.1118799999,188.65
2026-09-16T14:00:02+00:00,26,ARM-USD,equity,1084654.8839819995,249.14
2026-09-16T14:00:02+00:00,27,TSM-USD,equity,11826.244256000002,415.60
2026-09-16T14:00:02+00:00,28,ASML-USD,equity,1205993.9753110001,1594.2
2026-09-16T14:00:02+00:00,29,SNDK-USD,equity,1657877.4117749983,1562.2
2026-09-16T14:00:02+00:00,30,DRAM-USD,index,1945167.4201400012,55.559
2026-09-16T14:00:02+00:00,31,PUMP-USD,crypto,1967602.1417279965,0.003603
2026-09-16T14:00:02+00:00,32,ZEC-USD,crypto,3938057.803109996,1138.1
2026-09-16T14:00:02+00:00,33,XRP-USD,crypto,1250306.4109999994,1.4062
2026-09-16T14:00:02+00:00,34,LIT-USD,crypto,56244.91160800003,4.3372
2026-09-16T14:00:02+00:00,35,KPEPE-USD,crypto,116364.24247800007,0.003462
2026-09-16T14:00:02+00:00,36,HOOD-USD,equity,2584266.6221199976,110.29
2026-09-16T14:00:02+00:00,37,MSTR-USD,equity,1569626.5420144605,130.79
2026-09-16T14:00:02+00:00,38,STRC-USD,equity,129577.26665700001,97.703
2026-09-16T14:00:02+00:00,39,CRCL-USD,equity,2948093.887306007,89.624
2026-09-16T14:00:02+00:00,40,COIN-USD,equity,2155527.6700800005,179.53
2026-09-16T14:00:02+00:00,41,RKLB-USD,equity,244543.63926899992,63.873
2026-09-16T14:00:02+00:00,42,LITE-USD,equity,1928546.0703930026,850.77
2026-09-16T14:00:02+00:00,43,NBIS-USD,equity,927406.522356999,214.92
2026-09-16T14:00:02+00:00,44,ORCL-USD,equity,4944258.346212007,140.73
2026-09-16T14:00:02+00:00,45,PLTR-USD,equity,2561666.9944430026,172.6
2026-09-16T14:00:02+00:00,46,BRENTOIL-USD,commodity,2453775.8315100027,102.46
2026-09-16T14:00:02+00:00,47,BABA-USD,equity,406792.2413419999,110.39
2026-09-16T14:00:02+00:00,48,ZM-USD,equity,1030612.8002649986,94.13
2026-09-16T14:00:02+00:00,49,DELL-USD,equity,5817.309307,565.93
2026-09-16T14:00:02+00:00,50,CXMT-USD,equity,26374.49638200001,8.0508
2026-09-16T14:00:02+00:00,51,KIOXIA-USD,equity,26179.65847300001,334.78
2026-09-16T14:00:02+00:00,52,SAMSUNG-USD,equity,763161.7485330006,182.39
2026-09-16T14:00:02+00:00,53,CRWV-USD,equity,2224775.392812,83.228
2026-09-16T14:00:02+00:00,54,AAVE-USD,crypto,964343.2149940006,127.30
2026-09-16T14:00:02+00:00,55,UNI-USD,crypto,1011031.1073490012,6.4739
2026-09-16T14:00:02+00:00,56,WLD-USD,crypto,49541.51525800001,0.37675
2026-09-16T14:00:02+00:00,57,NEAR-USD,crypto,4015010.9549620016,2.388
2026-09-16T14:00:02+00:00,58,KSHIB-USD,crypto,772048.1568810011,0.005118
2026-09-16T14:00:02+00:00,59,FARTCOIN-USD,crypto,1122424.2485660012,0.14142
2026-09-16T14:00:02+00:00,60,DOGE-USD,crypto,1649057.8028049974,0.081926
2026-09-16T14:00:02+00:00,61,ENA-USD,crypto,2018493.957627,0.14305
2026-09-16T14:00:02+00:00,62,ONDO-USD,crypto,425903.78827099974,0.343
2026-09-16T14:00:02+00:00,63,SUI-USD,crypto,2517344.7811619914,0.71059
2026-09-16T14:00:02+00:00,64,VVV-USD,crypto,3160367.0063360054,22.334
2026-09-16T14:00:02+00:00,65,TAO-USD,crypto,1366777.1533749988,225.75
2026-09-16T14:00:02+00:00,66,ADA-USD,crypto,2415242.417289007,0.20513
2026-09-16T14:00:02+00:00,67,ZRO-USD,crypto,1197724.263038,0.9423
2026-09-16T14:00:02+00:00,68,BNB-USD,crypto,376021.04925400036,716.07
2026-09-16T14:00:02+00:00,69,PONS-USD,crypto,1565594.7666550006,0.65485
2026-09-16T14:00:02+00:00,70,CASHCAT-USD,crypto,2653609.1757549974,0.16122
2026-09-16T14:00:02+00:00,71,USELESS-USD,crypto,2061482.2174129947,0.2052
2026-09-16T14:00:02+00:00,72,KAITO-USD,crypto,1154611.7803310025,0.29787
2026-09-16T14:00:02+00:00,73,ARB-USD,crypto,2815098.0084828334,0.14043
2026-09-16T14:00:02+00:00,74,LDO-USD,crypto,805163.764872001,0.35455
2026-09-16T14:00:02+00:00,75,AVAX-USD,crypto,1168936.1071409986,7.5418
2026-09-16T14:00:02+00:00,76,LTC-USD,crypto,359741.45891399944,52.37
2026-09-16T14:00:02+00:00,77,XPL-USD,crypto,618809.4777169995,0.082243
2026-09-16T14:00:02+00:00,78,XMR-USD,crypto,419662.340796,516.54
2026-09-16T14:00:02+00:00,79,LINK-USD,crypto,742021.0091250004,11.375
2026-09-16T14:00:02+00:00,80,VIRTUAL-USD,crypto,309169.0409379995,0.60742
2026-09-16T14:00:02+00:00,81,JUP-USD,crypto,552655.7559230002,0.22975
2026-09-16T14:00:02+00:00,82,ETHFI-USD,crypto,843717.201722999,0.61261
2026-09-16T14:00:02+00:00,83,PENDLE-USD,crypto,278547.650892,2.3
2026-09-16T14:00:02+00:00,84,MORPHO-USD,crypto,568978.677099,2.1278
2026-09-16T14:15:01+00:00,1,SP500-USD,index,4916765.603580996,7583.3
2026-09-16T14:15:01+00:00,2,GOLD-USD,commodity,3293539.5988780055,4294.7
2026-09-16T14:15:01+00:00,3,WTIOIL-USD,commodity,3188778.5462118057,99.143
2026-09-16T14:15:01+00:00,4,NAS100-USD,index,4833250.216480003,29041
2026-09-16T14:15:01+00:00,5,SILVER-USD,commodity,3778499.6190309976,63.589
2026-09-16T14:15:01+00:00,6,BTC-USD,crypto,7538490.500400001,76411
2026-09-16T14:15:01+00:00,7,ETH-USD,crypto,12063577.281160006,2444.8
2026-09-16T14:15:01+00:00,8,SOL-USD,crypto,1812022.225118997,100.01
2026-09-16T14:15:01+00:00,9,SPCX-USD,equity,2382918.3498810013,146.49
2026-09-16T14:15:01+00:00,10,HYPE-USD,crypto,8305135.190431996,78.254
2026-09-16T14:15:01+00:00,11,MU-USD,equity,1139362.0720400002,941.1
2026-09-16T14:15:01+00:00,13,SKHY-USD,equity,392288.0505769999,178.51
2026-09-16T14:15:01+00:00,14,SKHYNIX-USD,equity,2027591.183559998,1260
2026-09-16T14:15:01+00:00,15,AAPL-USD,equity,1040175.555698002,329.28
2026-09-16T14:15:01+00:00,16,MSFT-USD,equity,1553707.890494001,499.3
2026-09-16T14:15:01+00:00,17,GOOG-USD,equity,1131899.943639,344.38
2026-09-16T14:15:01+00:00,18,AMZN-USD,equity,125726.06466200002,249.88
2026-09-16T14:15:01+00:00,19,NVDA-USD,equity,2755721.8228160003,212.68
2026-09-16T14:15:01+00:00,20,META-USD,equity,3793110.779656996,669.95
2026-09-16T14:15:01+00:00,21,TSLA-USD,equity,5406728.035232005,359.96
2026-09-16T14:15:01+00:00,22,AMD-USD,equity,1933559.2063799999,509.62
2026-09-16T14:15:01+00:00,23,INTC-USD,equity,1307976.8494840048,98.98
2026-09-16T14:15:01+00:00,24,AVGO-USD,equity,4698628.7249759985,343.04
2026-09-16T14:15:01+00:00,25,QCOM-USD,equity,320759.84907899995,187.78
2026-09-16T14:15:01+00:00,26,ARM-USD,equity,1084421.4989119994,247.19
2026-09-16T14:15:01+00:00,27,TSM-USD,equity,11826.244256000002,415.60
2026-09-16T14:15:01+00:00,28,ASML-USD,equity,1203689.892563,1593.1
2026-09-16T14:15:01+00:00,29,SNDK-USD,equity,1650190.9372549984,1565.1
2026-09-16T14:15:01+00:00,30,DRAM-USD,index,1921305.7308000012,55.013
2026-09-16T14:15:01+00:00,31,PUMP-USD,crypto,1957084.187863996,0.003571
2026-09-16T14:15:01+00:00,32,ZEC-USD,crypto,3944312.942669995,1122.3
2026-09-16T14:15:01+00:00,33,XRP-USD,crypto,1250862.5658999993,1.3982
2026-09-16T14:15:01+00:00,34,LIT-USD,crypto,51593.28515700001,4.2258
2026-09-16T14:15:01+00:00,35,KPEPE-USD,crypto,115334.14381800008,0.003441
2026-09-16T14:15:01+00:00,36,HOOD-USD,equity,2606247.6108199977,110.23
2026-09-16T14:15:01+00:00,37,MSTR-USD,equity,1569102.5550044607,130.31
2026-09-16T14:15:01+00:00,38,STRC-USD,equity,129620.965137,97.837
2026-09-16T14:15:01+00:00,39,CRCL-USD,equity,3218828.1451240117,89.461
2026-09-16T14:15:01+00:00,40,COIN-USD,equity,2208942.2910020007,178.08
2026-09-16T14:15:01+00:00,41,RKLB-USD,equity,242161.38722399995,64.319
2026-09-16T14:15:01+00:00,42,LITE-USD,equity,1927394.3587220027,848.22
2026-09-16T14:15:01+00:00,43,NBIS-USD,equity,836045.3802829991,214.56
2026-09-16T14:15:01+00:00,44,ORCL-USD,equity,4939626.680184008,141.45
2026-09-16T14:15:01+00:00,45,PLTR-USD,equity,2572946.9275200022,170.64
2026-09-16T14:15:01+00:00,46,BRENTOIL-USD,commodity,2457270.6915799994,102.61
2026-09-16T14:15:01+00:00,47,BABA-USD,equity,399439.5059629998,109.9
2026-09-16T14:15:01+00:00,48,ZM-USD,equity,1037511.2561349986,93.45
2026-09-16T14:15:01+00:00,49,DELL-USD,equity,9869.524738,554.7
2026-09-16T14:15:01+00:00,50,CXMT-USD,equity,20521.951373000007,8.0652
2026-09-16T14:15:01+00:00,51,KIOXIA-USD,equity,26179.65847300001,334.78
2026-09-16T14:15:01+00:00,52,SAMSUNG-USD,equity,776141.9995250006,182.39
2026-09-16T14:15:01+00:00,53,CRWV-USD,equity,2244284.261295001,82.881
2026-09-16T14:15:01+00:00,54,AAVE-USD,crypto,963962.4262840006,127.03
2026-09-16T14:15:01+00:00,55,UNI-USD,crypto,1010664.0170210012,6.3582
2026-09-16T14:15:01+00:00,56,WLD-USD,crypto,48532.09927600001,0.3741
2026-09-16T14:15:01+00:00,57,NEAR-USD,crypto,4019707.165906002,2.3645
2026-09-16T14:15:01+00:00,58,KSHIB-USD,crypto,806710.214799001,0.005118
2026-09-16T14:15:01+00:00,59,FARTCOIN-USD,crypto,1127811.9257520004,0.14158
2026-09-16T14:15:01+00:00,60,DOGE-USD,crypto,1649648.4803049976,0.081926
2026-09-16T14:15:01+00:00,61,ENA-USD,crypto,2020041.3407980003,0.14255
2026-09-16T14:15:01+00:00,62,ONDO-USD,crypto,433002.48796199996,0.343
2026-09-16T14:15:01+00:00,63,SUI-USD,crypto,2501659.731180991,0.70288
2026-09-16T14:15:01+00:00,64,VVV-USD,crypto,3155072.3549330058,22.127
2026-09-16T14:15:01+00:00,65,TAO-USD,crypto,1366553.4730869988,225.14
2026-09-16T14:15:01+00:00,66,ADA-USD,crypto,2415338.573975007,0.20454
2026-09-16T14:15:01+00:00,67,ZRO-USD,crypto,1195425.4367190003,0.9409
2026-09-16T14:15:01+00:00,68,BNB-USD,crypto,376021.04925400036,716.07
2026-09-16T14:15:01+00:00,69,PONS-USD,crypto,1550043.3884929987,0.64702
2026-09-16T14:15:01+00:00,70,CASHCAT-USD,crypto,2617258.0535519985,0.15966
2026-09-16T14:15:01+00:00,71,USELESS-USD,crypto,2081255.6352509947,0.20636
2026-09-16T14:15:01+00:00,72,KAITO-USD,crypto,1174135.1484650022,0.29617
2026-09-16T14:15:01+00:00,73,ARB-USD,crypto,2857260.604790833,0.13957
2026-09-16T14:15:01+00:00,74,LDO-USD,crypto,784053.9100280006,0.35324
2026-09-16T14:15:01+00:00,75,AVAX-USD,crypto,1186867.6736359987,7.5158
2026-09-16T14:15:01+00:00,76,LTC-USD,crypto,377379.75552899967,52.214
2026-09-16T14:15:01+00:00,77,XPL-USD,crypto,646898.9787059996,0.082473
2026-09-16T14:15:01+00:00,78,XMR-USD,crypto,420543.564668,519.12
2026-09-16T14:15:01+00:00,79,LINK-USD,crypto,741928.4908690004,11.316
2026-09-16T14:15:01+00:00,80,VIRTUAL-USD,crypto,310880.62204599957,0.6065
2026-09-16T14:15:01+00:00,81,JUP-USD,crypto,554573.4951280003,0.22964
2026-09-16T14:15:01+00:00,82,ETHFI-USD,crypto,846504.8845589993,0.61
2026-09-16T14:15:01+00:00,83,PENDLE-USD,crypto,292870.7122249999,2.2821
2026-09-16T14:15:01+00:00,84,MORPHO-USD,crypto,614479.4649569998,2.1102
2026-09-16T14:30:01+00:00,1,SP500-USD,index,4977905.040794997,7583.3
2026-09-16T14:30:01+00:00,2,GOLD-USD,commodity,3293296.060416006,4284.5
2026-09-16T14:30:01+00:00,3,WTIOIL-USD,commodity,3189249.5022968045,99.212
2026-09-16T14:30:01+00:00,4,NAS100-USD,index,4828349.919320005,29026
2026-09-16T14:30:01+00:00,5,SILVER-USD,commodity,3775789.394260997,63.382
2026-09-16T14:30:01+00:00,6,BTC-USD,crypto,7616309.734629999,76292
2026-09-16T14:30:01+00:00,7,ETH-USD,crypto,12014132.488650018,2433.1
2026-09-16T14:30:01+00:00,8,SOL-USD,crypto,1815040.4728329969,99.791
2026-09-16T14:30:01+00:00,9,SPCX-USD,equity,2384922.777879001,145.75
2026-09-16T14:30:01+00:00,10,HYPE-USD,crypto,8396699.407864,77.939
2026-09-16T14:30:01+00:00,11,MU-USD,equity,1139309.712914,943.64
2026-09-16T14:30:01+00:00,13,SKHY-USD,equity,391989.18015299994,176.27
2026-09-16T14:30:01+00:00,14,SKHYNIX-USD,equity,2022327.634959998,1248.7
2026-09-16T14:30:01+00:00,15,AAPL-USD,equity,1069494.915533002,329.28
2026-09-16T14:30:01+00:00,16,MSFT-USD,equity,1593354.9100820012,500.84
2026-09-16T14:30:01+00:00,17,GOOG-USD,equity,1131886.928489,344.38
2026-09-16T14:30:01+00:00,18,AMZN-USD,equity,134095.705649,249.36
2026-09-16T14:30:01+00:00,19,NVDA-USD,equity,2603504.1108499984,212.83
2026-09-16T14:30:01+00:00,20,META-USD,equity,3804243.3201429965,666.76
2026-09-16T14:30:01+00:00,21,TSLA-USD,equity,5412770.1189340055,359.15
2026-09-16T14:30:01+00:00,22,AMD-USD,equity,1929200.4600950002,508.74
2026-09-16T14:30:01+00:00,23,INTC-USD,equity,1308009.7686950048,98.98
2026-09-16T14:30:01+00:00,24,AVGO-USD,equity,4698545.157975999,342.19
2026-09-16T14:30:01+00:00,25,QCOM-USD,equity,328921.07163899986,186.71
2026-09-16T14:30:01+00:00,26,ARM-USD,equity,1089255.2980299995,247.43
2026-09-16T14:30:01+00:00,27,TSM-USD,equity,10562.501056000001,416.09
2026-09-16T14:30:01+00:00,28,ASML-USD,equity,1203668.1185230003,1587.7
2026-09-16T14:30:01+00:00,29,SNDK-USD,equity,1650313.2353509984,1560.4
2026-09-16T14:30:01+00:00,30,DRAM-USD,index,1921305.7308000012,55.013
2026-09-16T14:30:01+00:00,31,PUMP-USD,crypto,1916579.7566659963,0.003565
2026-09-16T14:30:01+00:00,32,ZEC-USD,crypto,3970782.5490199956,1122.3
2026-09-16T14:30:01+00:00,33,XRP-USD,crypto,1255769.670099999,1.3982
2026-09-16T14:30:01+00:00,34,LIT-USD,crypto,51624.93965700001,4.2258
2026-09-16T14:30:01+00:00,35,KPEPE-USD,crypto,115278.67335900008,0.003413
2026-09-16T14:30:01+00:00,36,HOOD-USD,equity,2651385.569739997,110.64
2026-09-16T14:30:01+00:00,37,MSTR-USD,equity,1566627.5355244605,130.45
2026-09-16T14:30:01+00:00,38,STRC-USD,equity,127627.82971500001,97.803
2026-09-16T14:30:01+00:00,39,CRCL-USD,equity,3347926.5797950146,89.035
2026-09-16T14:30:01+00:00,40,COIN-USD,equity,2303683.212227002,178.08
2026-09-16T14:30:01+00:00,41,RKLB-USD,equity,239870.169628,62.923
2026-09-16T14:30:01+00:00,42,LITE-USD,equity,1929495.8797140028,841.3
2026-09-16T14:30:01+00:00,43,NBIS-USD,equity,824097.015894999,214.72
2026-09-16T14:30:01+00:00,44,ORCL-USD,equity,5345087.134960007,142.38
2026-09-16T14:30:01+00:00,45,PLTR-USD,equity,2576576.129289002,170.96
2026-09-16T14:30:01+00:00,46,BRENTOIL-USD,commodity,2479429.8869199995,102.85
2026-09-16T14:30:01+00:00,47,BABA-USD,equity,389877.02585599973,109.89
2026-09-16T14:30:01+00:00,48,ZM-USD,equity,1040060.7862659985,93.35
2026-09-16T14:30:01+00:00,49,DELL-USD,equity,9880.788958,554.7
2026-09-16T14:30:01+00:00,50,CXMT-USD,equity,17117.488948999984,8.0845
2026-09-16T14:30:01+00:00,51,KIOXIA-USD,equity,26164.92815300001,334.61
2026-09-16T14:30:01+00:00,52,SAMSUNG-USD,equity,784989.9582470005,181.3
2026-09-16T14:30:01+00:00,53,CRWV-USD,equity,2274104.197145999,82.103
2026-09-16T14:30:01+00:00,54,AAVE-USD,crypto,965556.3940040007,125.93
2026-09-16T14:30:01+00:00,55,UNI-USD,crypto,1013996.9072340009,6.3041
2026-09-16T14:30:01+00:00,56,WLD-USD,crypto,48034.56790400001,0.37289
2026-09-16T14:30:01+00:00,57,NEAR-USD,crypto,4083771.4446960026,2.3508
2026-09-16T14:30:01+00:00,58,KSHIB-USD,crypto,820243.4342890012,0.005118
2026-09-16T14:30:01+00:00,59,FARTCOIN-USD,crypto,1165501.716023001,0.14074
2026-09-16T14:30:01+00:00,60,DOGE-USD,crypto,1670251.8082579975,0.081926
2026-09-16T14:30:01+00:00,61,ENA-USD,crypto,2032525.5513790005,0.14255
2026-09-16T14:30:01+00:00,62,ONDO-USD,crypto,453861.9030059999,0.343
2026-09-16T14:30:01+00:00,63,SUI-USD,crypto,2508336.6089409906,0.70288
2026-09-16T14:30:01+00:00,64,VVV-USD,crypto,3183498.586896005,21.686
2026-09-16T14:30:01+00:00,65,TAO-USD,crypto,1376919.519222999,223.87
2026-09-16T14:30:01+00:00,66,ADA-USD,crypto,2414030.597915007,0.20231
2026-09-16T14:30:01+00:00,67,ZRO-USD,crypto,1191585.3504010004,0.9385
2026-09-16T14:30:01+00:00,68,BNB-USD,crypto,376021.04925400036,716.07
2026-09-16T14:30:01+00:00,69,PONS-USD,crypto,1551814.6499919998,0.64869
2026-09-16T14:30:01+00:00,70,CASHCAT-USD,crypto,2613805.0334839975,0.15995
2026-09-16T14:30:01+00:00,71,USELESS-USD,crypto,2078587.6462069948,0.202
2026-09-16T14:30:01+00:00,72,KAITO-USD,crypto,1190280.5051350018,0.29508
2026-09-16T14:30:01+00:00,73,ARB-USD,crypto,2891872.8539608316,0.13886
2026-09-16T14:30:01+00:00,74,LDO-USD,crypto,784063.8926340005,0.35219
2026-09-16T14:30:01+00:00,75,AVAX-USD,crypto,1195244.1671449987,7.4616
2026-09-16T14:30:01+00:00,76,LTC-USD,crypto,377369.7461449997,52.074
2026-09-16T14:30:01+00:00,77,XPL-USD,crypto,647824.9508929995,0.082229
2026-09-16T14:30:01+00:00,78,XMR-USD,crypto,447325.1375240001,518.87
2026-09-16T14:30:01+00:00,79,LINK-USD,crypto,746346.3806840004,11.287
2026-09-16T14:30:01+00:00,80,VIRTUAL-USD,crypto,311010.6721819994,0.60187
2026-09-16T14:30:01+00:00,81,JUP-USD,crypto,558656.3569840002,0.22878
2026-09-16T14:30:01+00:00,82,ETHFI-USD,crypto,850211.4497759994,0.60644
2026-09-16T14:30:01+00:00,83,PENDLE-USD,crypto,293118.5182529998,2.2834
2026-09-16T14:30:01+00:00,84,MORPHO-USD,crypto,633846.084907,2.1102
2026-09-16T14:45:02+00:00,1,SP500-USD,index,5044282.527051997,7584.4
2026-09-16T14:45:02+00:00,2,GOLD-USD,commodity,3225589.848291005,4279.6
2026-09-16T14:45:02+00:00,3,WTIOIL-USD,commodity,3214382.209122804,99.486
2026-09-16T14:45:02+00:00,4,NAS100-USD,index,4843222.334240005,28956
2026-09-16T14:45:02+00:00,5,SILVER-USD,commodity,3772720.988011997,63.214
2026-09-16T14:45:02+00:00,6,BTC-USD,crypto,7220767.699489989,75868
2026-09-16T14:45:02+00:00,7,ETH-USD,crypto,12086494.967950037,2416.1
2026-09-16T14:45:02+00:00,8,SOL-USD,crypto,1872151.5615679969,98.509
2026-09-16T14:45:02+00:00,9,SPCX-USD,equity,2385546.4260690017,145.02
2026-09-16T14:45:02+00:00,10,HYPE-USD,crypto,8543531.794370003,77.179
2026-09-16T14:45:02+00:00,11,MU-USD,equity,1078571.3571709997,932.9
2026-09-16T14:45:02+00:00,13,SKHY-USD,equity,392000.41849599994,176.27
2026-09-16T14:45:02+00:00,14,SKHYNIX-USD,equity,2022327.634959998,1248.7
2026-09-16T14:45:02+00:00,15,AAPL-USD,equity,1094681.0187630018,329.59
2026-09-16T14:45:02+00:00,16,MSFT-USD,equity,1618534.3660750014,500.84
2026-09-16T14:45:02+00:00,17,GOOG-USD,equity,1131895.959147,344.15
2026-09-16T14:45:02+00:00,18,AMZN-USD,equity,134074.143541,248.76
2026-09-16T14:45:02+00:00,19,NVDA-USD,equity,2528764.703149999,212.79
2026-09-16T14:45:02+00:00,20,META-USD,equity,3796535.1907649958,664.47
2026-09-16T14:45:02+00:00,21,TSLA-USD,equity,5412986.950624006,357.94
2026-09-16T14:45:02+00:00,22,AMD-USD,equity,1929154.5522540002,508.17
2026-09-16T14:45:02+00:00,23,INTC-USD,equity,1306810.4575540049,98.62
2026-09-16T14:45:02+00:00,24,AVGO-USD,equity,4698545.157975999,342.19
2026-09-16T14:45:02+00:00,25,QCOM-USD,equity,320910.18107299984,187.43
2026-09-16T14:45:02+00:00,26,ARM-USD,equity,1104933.9940149994,246.09
2026-09-16T14:45:02+00:00,27,TSM-USD,equity,9816.582046000001,415.41
2026-09-16T14:45:02+00:00,28,ASML-USD,equity,1203635.6193340002,1584.5
2026-09-16T14:45:02+00:00,29,SNDK-USD,equity,1646060.4219099982,1553.6
2026-09-16T14:45:02+00:00,30,DRAM-USD,index,1921305.7308000012,55.013
2026-09-16T14:45:02+00:00,31,PUMP-USD,crypto,1871473.477142996,0.003519
2026-09-16T14:45:02+00:00,32,ZEC-USD,crypto,3940086.421269999,1116.3
2026-09-16T14:45:02+00:00,33,XRP-USD,crypto,1294721.8570999992,1.3821
2026-09-16T14:45:02+00:00,34,LIT-USD,crypto,49743.23563800001,4.2293
2026-09-16T14:45:02+00:00,35,KPEPE-USD,crypto,111988.18988400006,0.003384
2026-09-16T14:45:02+00:00,36,HOOD-USD,equity,2656572.923669997,110.64
2026-09-16T14:45:02+00:00,37,MSTR-USD,equity,1570818.239904461,129.64
2026-09-16T14:45:02+00:00,38,STRC-USD,equity,117782.37941200008,97.856
2026-09-16T14:45:02+00:00,39,CRCL-USD,equity,3356667.3848820142,89.001
2026-09-16T14:45:02+00:00,40,COIN-USD,equity,2305296.049589001,176.92
2026-09-16T14:45:02+00:00,41,RKLB-USD,equity,239915.37966999997,62.923
2026-09-16T14:45:02+00:00,42,LITE-USD,equity,1944904.6766260029,841.3
2026-09-16T14:45:02+00:00,43,NBIS-USD,equity,821835.869180999,212.75
2026-09-16T14:45:02+00:00,44,ORCL-USD,equity,5358947.235380007,142.8
2026-09-16T14:45:02+00:00,45,PLTR-USD,equity,2576534.0921110013,170.74
2026-09-16T14:45:02+00:00,46,BRENTOIL-USD,commodity,2510172.830109999,103.01
2026-09-16T14:45:02+00:00,47,BABA-USD,equity,401842.7675049997,109.66
2026-09-16T14:45:02+00:00,48,ZM-USD,equity,1038641.2293599985,93.31
2026-09-16T14:45:02+00:00,49,DELL-USD,equity,11441.362965999995,554.7
2026-09-16T14:45:02+00:00,50,CXMT-USD,equity,15923.557776999996,8.0542
2026-09-16T14:45:02+00:00,51,KIOXIA-USD,equity,26022.128112000013,333.17
2026-09-16T14:45:02+00:00,52,SAMSUNG-USD,equity,787854.6690470005,181.3
2026-09-16T14:45:02+00:00,53,CRWV-USD,equity,2274999.827111999,82.103
2026-09-16T14:45:02+00:00,54,AAVE-USD,crypto,974488.0969600006,125.17
2026-09-16T14:45:02+00:00,55,UNI-USD,crypto,1027064.4383390006,6.248
2026-09-16T14:45:02+00:00,56,WLD-USD,crypto,45060.71896700001,0.36829
2026-09-16T14:45:02+00:00,57,NEAR-USD,crypto,4144584.8309660023,2.3444
2026-09-16T14:45:02+00:00,58,KSHIB-USD,crypto,782069.824519001,0.005084
2026-09-16T14:45:02+00:00,59,FARTCOIN-USD,crypto,1204873.529707001,0.13742
2026-09-16T14:45:02+00:00,60,DOGE-USD,crypto,1691876.4388349983,0.081269
2026-09-16T14:45:02+00:00,61,ENA-USD,crypto,2063907.2221890013,0.14139
2026-09-16T14:45:02+00:00,62,ONDO-USD,crypto,452195.7808389999,0.34171
2026-09-16T14:45:02+00:00,63,SUI-USD,crypto,2478842.1244959924,0.69685
2026-09-16T14:45:02+00:00,64,VVV-USD,crypto,3215650.455083005,21.438
2026-09-16T14:45:02+00:00,65,TAO-USD,crypto,1433629.0112769986,222.76
2026-09-16T14:45:02+00:00,66,ADA-USD,crypto,2427689.2824370065,0.20060
2026-09-16T14:45:02+00:00,67,ZRO-USD,crypto,1188879.7558000002,0.9323
2026-09-16T14:45:02+00:00,68,BNB-USD,crypto,376021.04925400036,716.07
2026-09-16T14:45:02+00:00,69,PONS-USD,crypto,1537754.834777,0.63115
2026-09-16T14:45:02+00:00,70,CASHCAT-USD,crypto,2582190.830410999,0.15675
2026-09-16T14:45:02+00:00,71,USELESS-USD,crypto,2079167.0144659942,0.20023
2026-09-16T14:45:02+00:00,72,KAITO-USD,crypto,1171119.8311040013,0.29324
2026-09-16T14:45:02+00:00,73,ARB-USD,crypto,2891976.6116608293,0.13797
2026-09-16T14:45:02+00:00,74,LDO-USD,crypto,765666.4192580008,0.34925
2026-09-16T14:45:02+00:00,75,AVAX-USD,crypto,1210135.9178209992,7.4118
2026-09-16T14:45:02+00:00,76,LTC-USD,crypto,377283.3513529997,51.801
2026-09-16T14:45:02+00:00,77,XPL-USD,crypto,651745.7081849994,0.081742
2026-09-16T14:45:02+00:00,78,XMR-USD,crypto,477327.5407479998,514.28
2026-09-16T14:45:02+00:00,79,LINK-USD,crypto,746406.4501330004,11.198
2026-09-16T14:45:02+00:00,80,VIRTUAL-USD,crypto,312562.40626999945,0.59529
2026-09-16T14:45:02+00:00,81,JUP-USD,crypto,565769.3144050005,0.22562
2026-09-16T14:45:02+00:00,82,ETHFI-USD,crypto,850257.0366789995,0.60036
2026-09-16T14:45:02+00:00,83,PENDLE-USD,crypto,284209.0497549998,2.2544
2026-09-16T14:45:02+00:00,84,MORPHO-USD,crypto,660005.4872289995,2.0882
2026-09-16T15:00:02+00:00,1,SP500-USD,index,4946567.1759109935,7576.9
2026-09-16T15:00:02+00:00,2,GOLD-USD,commodity,3182449.791117005,4278.6
2026-09-16T15:00:02+00:00,3,WTIOIL-USD,commodity,2948121.0787128042,99.77
2026-09-16T15:00:02+00:00,4,NAS100-USD,index,4651521.405359998,28951
2026-09-16T15:00:02+00:00,5,SILVER-USD,commodity,3696714.371017997,63.252
2026-09-16T15:00:02+00:00,6,BTC-USD,crypto,6882667.313359996,75938
2026-09-16T15:00:02+00:00,7,ETH-USD,crypto,11772414.999200033,2406.8
2026-09-16T15:00:02+00:00,8,SOL-USD,crypto,1856653.130974997,98.76
2026-09-16T15:00:02+00:00,9,SPCX-USD,equity,2373665.1894780016,145.09
2026-09-16T15:00:02+00:00,10,HYPE-USD,crypto,8476439.725386001,76.954
2026-09-16T15:00:02+00:00,11,MU-USD,equity,951916.2326080003,933.4
2026-09-16T15:00:02+00:00,13,SKHY-USD,equity,392000.41849599994,176.27
2026-09-16T15:00:02+00:00,14,SKHYNIX-USD,equity,2006825.0244599977,1241.8
2026-09-16T15:00:02+00:00,15,AAPL-USD,equity,1094832.513062002,329.72
2026-09-16T15:00:02+00:00,16,MSFT-USD,equity,1618565.2563250014,500.84
2026-09-16T15:00:02+00:00,17,GOOG-USD,equity,1138235.32632,344.51
2026-09-16T15:00:02+00:00,18,AMZN-USD,equity,131959.420492,248.92
2026-09-16T15:00:02+00:00,19,NVDA-USD,equity,2447573.182462998,212.2
2026-09-16T15:00:02+00:00,20,META-USD,equity,3795526.755210996,666.06
2026-09-16T15:00:02+00:00,21,TSLA-USD,equity,5427498.082640006,359.4
2026-09-16T15:00:02+00:00,22,AMD-USD,equity,1928998.4508840004,504.87
2026-09-16T15:00:02+00:00,23,INTC-USD,equity,1295167.084836005,98.36
2026-09-16T15:00:02+00:00,24,AVGO-USD,equity,4699075.263751999,340
2026-09-16T15:00:02+00:00,25,QCOM-USD,equity,298926.09370599984,186.35
2026-09-16T15:00:02+00:00,26,ARM-USD,equity,1112485.9887919994,246.85
2026-09-16T15:00:02+00:00,27,TSM-USD,equity,9816.582046000001,415.05
2026-09-16T15:00:02+00:00,28,ASML-USD,equity,1200472.1593890002,1583.1
2026-09-16T15:00:02+00:00,29,SNDK-USD,equity,1645971.4997539984,1539.4
2026-09-16T15:00:02+00:00,30,DRAM-USD,index,1921305.7308000012,55.013
2026-09-16T15:00:02+00:00,31,PUMP-USD,crypto,1851584.1872579958,0.003552
2026-09-16T15:00:02+00:00,32,ZEC-USD,crypto,4013891.800419998,1112.7
2026-09-16T15:00:02+00:00,33,XRP-USD,crypto,1296331.8302999996,1.3883
2026-09-16T15:00:02+00:00,34,LIT-USD,crypto,50001.38596800002,4.2293
2026-09-16T15:00:02+00:00,35,KPEPE-USD,crypto,111115.85523900006,0.00337
2026-09-16T15:00:02+00:00,36,HOOD-USD,equity,2658900.6334699974,110.04
2026-09-16T15:00:02+00:00,37,MSTR-USD,equity,1555267.9818444604,129.65
2026-09-16T15:00:02+00:00,38,STRC-USD,equity,118133.47563600009,97.856
2026-09-16T15:00:02+00:00,39,CRCL-USD,equity,3388441.3441380146,88.911
2026-09-16T15:00:02+00:00,40,COIN-USD,equity,2337355.5263350005,178.4
2026-09-16T15:00:02+00:00,41,RKLB-USD,equity,239402.39625299998,62.388
2026-09-16T15:00:02+00:00,42,LITE-USD,equity,1953343.6658700032,841.3
2026-09-16T15:00:02+00:00,43,NBIS-USD,equity,819014.7826569992,210.26
2026-09-16T15:00:02+00:00,44,ORCL-USD,equity,5418229.6428830065,143.09
2026-09-16T15:00:02+00:00,45,PLTR-USD,equity,2574590.6730540013,170.74
2026-09-16T15:00:02+00:00,46,BRENTOIL-USD,commodity,2335861.282679998,103.33
2026-09-16T15:00:02+00:00,47,BABA-USD,equity,396226.77857799974,109.51
2026-09-16T15:00:02+00:00,48,ZM-USD,equity,1038662.7566399985,93.35
2026-09-16T15:00:02+00:00,49,DELL-USD,equity,11364.130486999995,556.86
2026-09-16T15:00:02+00:00,50,CXMT-USD,equity,14593.957499999995,8.0383
2026-09-16T15:00:02+00:00,51,KIOXIA-USD,equity,25925.835232000012,332.82
2026-09-16T15:00:02+00:00,52,SAMSUNG-USD,equity,787804.6846370006,181.26
2026-09-16T15:00:02+00:00,53,CRWV-USD,equity,2309133.239687999,82.241
2026-09-16T15:00:02+00:00,54,AAVE-USD,crypto,968502.1643130006,124.35
2026-09-16T15:00:02+00:00,55,UNI-USD,crypto,1018354.3885949997,6.2577
2026-09-16T15:00:02+00:00,56,WLD-USD,crypto,42442.672626000014,0.37001
2026-09-16T15:00:02+00:00,57,NEAR-USD,crypto,4159246.664301002,2.3486
2026-09-16T15:00:02+00:00,58,KSHIB-USD,crypto,751549.8221380003,0.005077
2026-09-16T15:00:02+00:00,59,FARTCOIN-USD,crypto,1233307.116242002,0.13883
2026-09-16T15:00:02+00:00,60,DOGE-USD,crypto,1652942.4327139992,0.081235
2026-09-16T15:00:02+00:00,61,ENA-USD,crypto,2063663.7097200018,0.14108
2026-09-16T15:00:02+00:00,62,ONDO-USD,crypto,449831.0906779999,0.33955
2026-09-16T15:00:02+00:00,63,SUI-USD,crypto,2489596.5440489925,0.69669
2026-09-16T15:00:02+00:00,64,VVV-USD,crypto,3193021.1364920046,21.683
2026-09-16T15:00:02+00:00,65,TAO-USD,crypto,1455403.2459999986,222.97
2026-09-16T15:00:02+00:00,66,ADA-USD,crypto,2432091.367447006,0.19984
2026-09-16T15:00:02+00:00,67,ZRO-USD,crypto,1395803.0580620004,0.922
2026-09-16T15:00:02+00:00,68,BNB-USD,crypto,377946.6684970003,716.07
2026-09-16T15:00:02+00:00,69,PONS-USD,crypto,1542043.0524790022,0.63113
2026-09-16T15:00:02+00:00,70,CASHCAT-USD,crypto,2554543.7466519987,0.15586
2026-09-16T15:00:02+00:00,71,USELESS-USD,crypto,2075698.3227869938,0.20286
2026-09-16T15:00:02+00:00,72,KAITO-USD,crypto,1144940.4227750008,0.29343
2026-09-16T15:00:02+00:00,73,ARB-USD,crypto,2898936.4679918303,0.13756
2026-09-16T15:00:02+00:00,74,LDO-USD,crypto,742812.4474610009,0.34985
2026-09-16T15:00:02+00:00,75,AVAX-USD,crypto,1208206.0656609996,7.3966
2026-09-16T15:00:02+00:00,76,LTC-USD,crypto,376253.4696789997,51.691
2026-09-16T15:00:02+00:00,77,XPL-USD,crypto,650347.8126429995,0.081092
2026-09-16T15:00:02+00:00,78,XMR-USD,crypto,479855.3245349999,513.86
2026-09-16T15:00:02+00:00,79,LINK-USD,crypto,745067.4748610005,11.148
2026-09-16T15:00:02+00:00,80,VIRTUAL-USD,crypto,309035.26210699964,0.59831
2026-09-16T15:00:02+00:00,81,JUP-USD,crypto,560230.5978260004,0.22641
2026-09-16T15:00:02+00:00,82,ETHFI-USD,crypto,836319.3828219996,0.60273
2026-09-16T15:00:02+00:00,83,PENDLE-USD,crypto,277604.3843879999,2.2737
2026-09-16T15:00:02+00:00,84,MORPHO-USD,crypto,657419.3100079992,2.0972
2026-09-16T15:15:01+00:00,1,SP500-USD,index,4887089.818813991,7581.6
2026-09-16T15:15:01+00:00,2,GOLD-USD,commodity,3175183.410019006,4287.2
2026-09-16T15:15:01+00:00,3,WTIOIL-USD,commodity,2604140.645465812,99.924
2026-09-16T15:15:01+00:00,4,NAS100-USD,index,4516367.014039998,28969
2026-09-16T15:15:01+00:00,5,SILVER-USD,commodity,3696714.696157997,63.241
2026-09-16T15:15:01+00:00,6,BTC-USD,crypto,6166183.273600011,75986
2026-09-16T15:15:01+00:00,7,ETH-USD,crypto,10921513.907740038,2411
2026-09-16T15:15:01+00:00,8,SOL-USD,crypto,1834701.5756789974,99.093
2026-09-16T15:15:01+00:00,9,SPCX-USD,equity,2374204.2604410006,145.47
2026-09-16T15:15:01+00:00,10,HYPE-USD,crypto,8480095.374502998,77.332
2026-09-16T15:15:01+00:00,11,MU-USD,equity,643531.2793180002,930.79
2026-09-16T15:15:01+00:00,13,SKHY-USD,equity,390871.49237899994,175.6
2026-09-16T15:15:01+00:00,14,SKHYNIX-USD,equity,2011259.6150599977,1241.8
2026-09-16T15:15:01+00:00,15,AAPL-USD,equity,1090528.9988330018,329.64
2026-09-16T15:15:01+00:00,16,MSFT-USD,equity,1618565.2563250014,500.84
2026-09-16T15:15:01+00:00,17,GOOG-USD,equity,1138224.336451,344.51
2026-09-16T15:15:01+00:00,18,AMZN-USD,equity,128225.620492,248.76
2026-09-16T15:15:01+00:00,19,NVDA-USD,equity,2456031.402135998,212.13
2026-09-16T15:15:01+00:00,20,META-USD,equity,3837398.7740059956,672.11
2026-09-16T15:15:01+00:00,21,TSLA-USD,equity,5427616.164753007,359.28
2026-09-16T15:15:01+00:00,22,AMD-USD,equity,1928919.39043,502.87
2026-09-16T15:15:01+00:00,23,INTC-USD,equity,1281237.2181310044,98.33
2026-09-16T15:15:01+00:00,24,AVGO-USD,equity,4699106.237914998,340
2026-09-16T15:15:01+00:00,25,QCOM-USD,equity,303458.44604199973,186.98
2026-09-16T15:15:01+00:00,26,ARM-USD,equity,1112870.050811999,246.76
2026-09-16T15:15:01+00:00,27,TSM-USD,equity,9900.997418000003,415.05
2026-09-16T15:15:01+00:00,28,ASML-USD,equity,1200461.5797190003,1587.9
2026-09-16T15:15:01+00:00,29,SNDK-USD,equity,1645897.8333029982,1534.9
2026-09-16T15:15:01+00:00,30,DRAM-USD,index,1931315.5744800013,55.013
2026-09-16T15:15:01+00:00,31,PUMP-USD,crypto,1840835.2547449959,0.003555
2026-09-16T15:15:01+00:00,32,ZEC-USD,crypto,4017934.5698599974,1115.2
2026-09-16T15:15:01+00:00,33,XRP-USD,crypto,1296235.5266999996,1.3861
2026-09-16T15:15:01+00:00,34,LIT-USD,crypto,50896.193175000015,4.2293
2026-09-16T15:15:01+00:00,35,KPEPE-USD,crypto,111353.75792400003,0.00342
2026-09-16T15:15:01+00:00,36,HOOD-USD,equity,2681095.454279998,111.43
2026-09-16T15:15:01+00:00,37,MSTR-USD,equity,1540691.7882644604,131.23
2026-09-16T15:15:01+00:00,38,STRC-USD,equity,118133.47563600009,97.856
2026-09-16T15:15:01+00:00,39,CRCL-USD,equity,3398673.7170380135,89.537
2026-09-16T15:15:01+00:00,40,COIN-USD,equity,2367661.262412002,179.35
2026-09-16T15:15:01+00:00,41,RKLB-USD,equity,231711.81764699996,62.172
2026-09-16T15:15:01+00:00,42,LITE-USD,equity,1961572.547051003,844.15
2026-09-16T15:15:01+00:00,43,NBIS-USD,equity,825315.810427999,209.82
2026-09-16T15:15:01+00:00,44,ORCL-USD,equity,5450146.107394006,143.68
2026-09-16T15:15:01+00:00,45,PLTR-USD,equity,2568632.0216710013,171.58
2026-09-16T15:15:01+00:00,46,BRENTOIL-USD,commodity,1969415.796898998,103.18
2026-09-16T15:15:01+00:00,47,BABA-USD,equity,395080.42690799973,109.89
2026-09-16T15:15:01+00:00,48,ZM-USD,equity,1041536.2467039985,93.41
2026-09-16T15:15:01+00:00,49,DELL-USD,equity,13787.298781999993,551.03
2026-09-16T15:15:01+00:00,50,CXMT-USD,equity,14593.957499999995,8.0383
2026-09-16T15:15:01+00:00,51,KIOXIA-USD,equity,26200.850202000012,329.84
2026-09-16T15:15:01+00:00,52,SAMSUNG-USD,equity,783790.6819370007,181.26
2026-09-16T15:15:01+00:00,53,CRWV-USD,equity,2314215.165655999,82.205
2026-09-16T15:15:01+00:00,54,AAVE-USD,crypto,967862.5954000006,125.32
2026-09-16T15:15:01+00:00,55,UNI-USD,crypto,991982.7295630001,6.3115
2026-09-16T15:15:01+00:00,56,WLD-USD,crypto,41779.96515700001,0.37295
2026-09-16T15:15:01+00:00,57,NEAR-USD,crypto,4186025.679124002,2.3598
2026-09-16T15:15:01+00:00,58,KSHIB-USD,crypto,719103.1187869998,0.005131
2026-09-16T15:15:01+00:00,59,FARTCOIN-USD,crypto,1236159.5943020019,0.14089
2026-09-16T15:15:01+00:00,60,DOGE-USD,crypto,1649857.6065919988,0.081665
2026-09-16T15:15:01+00:00,61,ENA-USD,crypto,2058516.2620070018,0.14186
2026-09-16T15:15:01+00:00,62,ONDO-USD,crypto,449820.2527649999,0.34270
2026-09-16T15:15:01+00:00,63,SUI-USD,crypto,2484509.2547139926,0.70131
2026-09-16T15:15:01+00:00,64,VVV-USD,crypto,3181464.1964650042,21.829
2026-09-16T15:15:01+00:00,65,TAO-USD,crypto,1458149.2465199982,224.21
2026-09-16T15:15:01+00:00,66,ADA-USD,crypto,2423847.5581550063,0.20169
2026-09-16T15:15:01+00:00,67,ZRO-USD,crypto,1530613.3824460006,0.923
2026-09-16T15:15:01+00:00,68,BNB-USD,crypto,334870.17826200003,724.66
2026-09-16T15:15:01+00:00,69,PONS-USD,crypto,1537897.3443360024,0.64166
2026-09-16T15:15:01+00:00,70,CASHCAT-USD,crypto,2528184.6484929975,0.15889
2026-09-16T15:15:01+00:00,71,USELESS-USD,crypto,2072985.206826993,0.20478
2026-09-16T15:15:01+00:00,72,KAITO-USD,crypto,1146408.5107600011,0.29415
2026-09-16T15:15:01+00:00,73,ARB-USD,crypto,2929542.456866829,0.13941
2026-09-16T15:15:01+00:00,74,LDO-USD,crypto,742862.7842700009,0.35117
2026-09-16T15:15:01+00:00,75,AVAX-USD,crypto,1190588.6400389997,7.426
2026-09-16T15:15:01+00:00,76,LTC-USD,crypto,375238.37218499964,51.73
2026-09-16T15:15:01+00:00,77,XPL-USD,crypto,651037.4955889996,0.081243
2026-09-16T15:15:01+00:00,78,XMR-USD,crypto,474320.0629819999,516.59
2026-09-16T15:15:01+00:00,79,LINK-USD,crypto,744355.7631970005,11.201
2026-09-16T15:15:01+00:00,80,VIRTUAL-USD,crypto,309011.8767239996,0.60415
2026-09-16T15:15:01+00:00,81,JUP-USD,crypto,559992.4734010005,0.22762
2026-09-16T15:15:01+00:00,82,ETHFI-USD,crypto,829065.9494419995,0.60435
2026-09-16T15:15:01+00:00,83,PENDLE-USD,crypto,275682.1276519999,2.2865
2026-09-16T15:15:01+00:00,84,MORPHO-USD,crypto,658024.0401089992,2.117
2026-09-16T15:30:02+00:00,1,SP500-USD,index,4881823.911207994,7584.3
2026-09-16T15:30:02+00:00,2,GOLD-USD,commodity,3224830.798113007,4285
2026-09-16T15:30:02+00:00,3,WTIOIL-USD,commodity,2646114.0950478124,99.797
2026-09-16T15:30:02+00:00,4,NAS100-USD,index,4342944.701209995,28990
2026-09-16T15:30:02+00:00,5,SILVER-USD,commodity,3696738.585502997,63.259
2026-09-16T15:30:02+00:00,6,BTC-USD,crypto,6045840.056150008,76373
2026-09-16T15:30:02+00:00,7,ETH-USD,crypto,10877172.15455004,2425.8
2026-09-16T15:30:02+00:00,8,SOL-USD,crypto,1827465.516776998,99.434
2026-09-16T15:30:02+00:00,9,SPCX-USD,equity,2390380.391468,145.22
2026-09-16T15:30:02+00:00,10,HYPE-USD,crypto,8411556.898971997,77.435
2026-09-16T15:30:02+00:00,11,MU-USD,equity,643064.6083920001,928.17
2026-09-16T15:30:02+00:00,13,SKHY-USD,equity,390122.4345130001,175.01
2026-09-16T15:30:02+00:00,14,SKHYNIX-USD,equity,2011031.8361599976,1241
2026-09-16T15:30:02+00:00,15,AAPL-USD,equity,1091186.6550030017,329.58
2026-09-16T15:30:02+00:00,16,MSFT-USD,equity,1618613.7646770014,499.32
2026-09-16T15:30:02+00:00,17,GOOG-USD,equity,1138131.1851519998,343.56
2026-09-16T15:30:02+00:00,18,AMZN-USD,equity,128237.95985100002,249.35
2026-09-16T15:30:02+00:00,19,NVDA-USD,equity,2435096.005922998,212.11
2026-09-16T15:30:02+00:00,20,META-USD,equity,3837449.517225996,667.54
2026-09-16T15:30:02+00:00,21,TSLA-USD,equity,5426760.678138007,360.45
2026-09-16T15:30:02+00:00,22,AMD-USD,equity,1928863.649642,504.92
2026-09-16T15:30:02+00:00,23,INTC-USD,equity,1317973.5059520046,98.56
2026-09-16T15:30:02+00:00,24,AVGO-USD,equity,4699453.065217999,340
2026-09-16T15:30:02+00:00,25,QCOM-USD,equity,273191.4056759999,188.57
2026-09-16T15:30:02+00:00,26,ARM-USD,equity,1105472.043937999,246.5
2026-09-16T15:30:02+00:00,27,TSM-USD,equity,9914.538547000002,415.05
2026-09-16T15:30:02+00:00,28,ASML-USD,equity,1201413.4668140002,1587.9
2026-09-16T15:30:02+00:00,29,SNDK-USD,equity,1645931.8693539982,1537.7
2026-09-16T15:30:02+00:00,30,DRAM-USD,index,1931414.4590930014,55.007
2026-09-16T15:30:02+00:00,31,PUMP-USD,crypto,1838698.2686769955,0.003586
2026-09-16T15:30:02+00:00,32,ZEC-USD,crypto,4020267.6894399985,1121.4
2026-09-16T15:30:02+00:00,33,XRP-USD,crypto,1293634.0165999995,1.3891
2026-09-16T15:30:02+00:00,34,LIT-USD,crypto,55111.989866,4.2293
2026-09-16T15:30:02+00:00,35,KPEPE-USD,crypto,111374.26573300005,0.003408
2026-09-16T15:30:02+00:00,36,HOOD-USD,equity,2673773.811529997,112.39
2026-09-16T15:30:02+00:00,37,MSTR-USD,equity,1579049.28347446,132.57
2026-09-16T15:30:02+00:00,38,STRC-USD,equity,118144.41602000009,97.856
2026-09-16T15:30:02+00:00,39,CRCL-USD,equity,3390479.158279013,90.033
2026-09-16T15:30:02+00:00,40,COIN-USD,equity,2416566.3297100025,181.08
2026-09-16T15:30:02+00:00,41,RKLB-USD,equity,231657.72339599996,62.308
2026-09-16T15:30:02+00:00,42,LITE-USD,equity,2040906.308804003,844.15
2026-09-16T15:30:02+00:00,43,NBIS-USD,equity,818932.6185389989,210.94
2026-09-16T15:30:02+00:00,44,ORCL-USD,equity,5505722.229970006,143.7
2026-09-16T15:30:02+00:00,45,PLTR-USD,equity,2568579.250539001,172.26
2026-09-16T15:30:02+00:00,46,BRENTOIL-USD,commodity,1997811.3877669973,103.01
2026-09-16T15:30:02+00:00,47,BABA-USD,equity,395094.37696799973,109.89
2026-09-16T15:30:02+00:00,48,ZM-USD,equity,1041546.1802289985,93.41
2026-09-16T15:30:02+00:00,49,DELL-USD,equity,14104.905909999992,551.03
2026-09-16T15:30:02+00:00,50,CXMT-USD,equity,14593.957499999995,8.0383
2026-09-16T15:30:02+00:00,51,KIOXIA-USD,equity,25710.686683000007,330.23
2026-09-16T15:30:02+00:00,52,SAMSUNG-USD,equity,783814.1000570008,181.26
2026-09-16T15:30:02+00:00,53,CRWV-USD,equity,2340162.750140999,82.614
2026-09-16T15:30:02+00:00,54,AAVE-USD,crypto,959275.5970330007,125.86
2026-09-16T15:30:02+00:00,55,UNI-USD,crypto,976068.1443170004,6.3484
2026-09-16T15:30:02+00:00,56,WLD-USD,crypto,40534.255224000015,0.37467
2026-09-16T15:30:02+00:00,57,NEAR-USD,crypto,4169466.0528330016,2.37
2026-09-16T15:30:02+00:00,58,KSHIB-USD,crypto,718984.6039019998,0.00512
2026-09-16T15:30:02+00:00,59,FARTCOIN-USD,crypto,1230553.4541390012,0.14062
2026-09-16T15:30:02+00:00,60,DOGE-USD,crypto,1652158.2298179986,0.081665
2026-09-16T15:30:02+00:00,61,ENA-USD,crypto,2042375.2194500018,0.14468
2026-09-16T15:30:02+00:00,62,ONDO-USD,crypto,448444.01920399995,0.34414
2026-09-16T15:30:02+00:00,63,SUI-USD,crypto,2455883.274457994,0.7034
2026-09-16T15:30:02+00:00,64,VVV-USD,crypto,3171343.6339480053,22.225
2026-09-16T15:30:02+00:00,65,TAO-USD,crypto,1453622.6690729966,226.30
2026-09-16T15:30:02+00:00,66,ADA-USD,crypto,2401933.8039560067,0.20260
2026-09-16T15:30:02+00:00,67,ZRO-USD,crypto,1583920.359558001,0.9308
2026-09-16T15:30:02+00:00,68,BNB-USD,crypto,334986.678382,724.66
2026-09-16T15:30:02+00:00,69,PONS-USD,crypto,1513732.3153430028,0.64787
2026-09-16T15:30:02+00:00,70,CASHCAT-USD,crypto,2524698.0034169974,0.16121
2026-09-16T15:30:02+00:00,71,USELESS-USD,crypto,2070589.622673993,0.20898
2026-09-16T15:30:02+00:00,72,KAITO-USD,crypto,1146192.1459600008,0.2962
2026-09-16T15:30:02+00:00,73,ARB-USD,crypto,3000113.084163827,0.14599
2026-09-16T15:30:02+00:00,74,LDO-USD,crypto,744470.3646790009,0.35408
2026-09-16T15:30:02+00:00,75,AVAX-USD,crypto,1191361.7620279999,7.4585
2026-09-16T15:30:02+00:00,76,LTC-USD,crypto,375350.6077939997,51.79
2026-09-16T15:30:02+00:00,77,XPL-USD,crypto,648586.6227629998,0.082102
2026-09-16T15:30:02+00:00,78,XMR-USD,crypto,769335.9324669999,517.39
2026-09-16T15:30:02+00:00,79,LINK-USD,crypto,743654.7558810005,11.28
2026-09-16T15:30:02+00:00,80,VIRTUAL-USD,crypto,285048.3693589995,0.6062
2026-09-16T15:30:02+00:00,81,JUP-USD,crypto,905306.4267310011,0.22834
2026-09-16T15:30:02+00:00,82,ETHFI-USD,crypto,829123.0838429995,0.6064
2026-09-16T15:30:02+00:00,83,PENDLE-USD,crypto,244685.38118299996,2.3149
2026-09-16T15:30:02+00:00,84,MORPHO-USD,crypto,661553.9540689994,2.1319
2026-09-16T15:45:02+00:00,1,SP500-USD,index,4704644.766468996,7588
2026-09-16T15:45:02+00:00,2,GOLD-USD,commodity,3220822.934981008,4290.4
2026-09-16T15:45:02+00:00,3,WTIOIL-USD,commodity,2641011.3748830026,99.377
2026-09-16T15:45:02+00:00,4,NAS100-USD,index,4200638.756490001,29000
2026-09-16T15:45:02+00:00,5,SILVER-USD,commodity,3691954.260448997,63.295
2026-09-16T15:45:02+00:00,6,BTC-USD,crypto,6027802.7601900045,76384
2026-09-16T15:45:02+00:00,7,ETH-USD,crypto,10982452.130230034,2425.4
2026-09-16T15:45:02+00:00,8,SOL-USD,crypto,1828653.9803129982,99.434
2026-09-16T15:45:02+00:00,9,SPCX-USD,equity,2390429.131221999,144.77
2026-09-16T15:45:02+00:00,10,HYPE-USD,crypto,8368416.506787997,77.519
2026-09-16T15:45:02+00:00,11,MU-USD,equity,643166.0959750002,928.17
2026-09-16T15:45:02+00:00,13,SKHY-USD,equity,390111.42638400005,174.65
2026-09-16T15:45:02+00:00,14,SKHYNIX-USD,equity,2001032.1063599975,1238
2026-09-16T15:45:02+00:00,15,AAPL-USD,equity,1091176.6562550017,329.2
2026-09-16T15:45:02+00:00,16,MSFT-USD,equity,1576592.1022560012,499.65
2026-09-16T15:45:02+00:00,17,GOOG-USD,equity,1123064.1535020003,343.45
2026-09-16T15:45:02+00:00,18,AMZN-USD,equity,138615.689373,249.26
2026-09-16T15:45:02+00:00,19,NVDA-USD,equity,2411389.6085389983,212.13
2026-09-16T15:45:02+00:00,20,META-USD,equity,3837419.789372996,667.36
2026-09-16T15:45:02+00:00,21,TSLA-USD,equity,5426486.976478008,360.72
2026-09-16T15:45:02+00:00,22,AMD-USD,equity,1931053.8988449997,504.27
2026-09-16T15:45:02+00:00,23,INTC-USD,equity,1322133.6312980046,98.26
2026-09-16T15:45:02+00:00,24,AVGO-USD,equity,4699464.020417999,340
2026-09-16T15:45:02+00:00,25,QCOM-USD,equity,273213.6066029999,187.47
2026-09-16T15:45:02+00:00,26,ARM-USD,equity,1105472.129785999,245.33
2026-09-16T15:45:02+00:00,27,TSM-USD,equity,9914.538547000002,415.05
2026-09-16T15:45:02+00:00,28,ASML-USD,equity,1201435.5891840002,1587.6
2026-09-16T15:45:02+00:00,29,SNDK-USD,equity,1637234.9190289986,1540.1
2026-09-16T15:45:02+00:00,30,DRAM-USD,index,1931414.4590930014,55.007
2026-09-16T15:45:02+00:00,31,PUMP-USD,crypto,1815446.0681469948,0.003585
2026-09-16T15:45:02+00:00,32,ZEC-USD,crypto,4030028.707439998,1126.2
2026-09-16T15:45:02+00:00,33,XRP-USD,crypto,1295617.210799999,1.3886
2026-09-16T15:45:02+00:00,34,LIT-USD,crypto,58719.12329400003,4.1222
2026-09-16T15:45:02+00:00,35,KPEPE-USD,crypto,111363.29197300006,0.003384
2026-09-16T15:45:02+00:00,36,HOOD-USD,equity,2670541.7446799967,112.63
2026-09-16T15:45:02+00:00,37,MSTR-USD,equity,1568524.4835444603,132.71
2026-09-16T15:45:02+00:00,38,STRC-USD,equity,118300.96388800009,97.856
2026-09-16T15:45:02+00:00,39,CRCL-USD,equity,3388814.587599013,89.769
2026-09-16T15:45:02+00:00,40,COIN-USD,equity,2444332.468659002,181.39
2026-09-16T15:45:02+00:00,41,RKLB-USD,equity,233470.52559099995,62.635
2026-09-16T15:45:02+00:00,42,LITE-USD,equity,2096928.1139790036,844.15
2026-09-16T15:45:02+00:00,43,NBIS-USD,equity,818261.2401729989,208.8
2026-09-16T15:45:02+00:00,44,ORCL-USD,equity,5513285.4685450075,143.25
2026-09-16T15:45:02+00:00,45,PLTR-USD,equity,2568672.4207360013,172.92
2026-09-16T15:45:02+00:00,46,BRENTOIL-USD,commodity,1997653.6542469976,102.84
2026-09-16T15:45:02+00:00,47,BABA-USD,equity,390700.1386109997,110.03
2026-09-16T15:45:02+00:00,48,ZM-USD,equity,1041738.3687469985,93.66
2026-09-16T15:45:02+00:00,49,DELL-USD,equity,14138.28163999999,551.03
2026-09-16T15:45:02+00:00,50,CXMT-USD,equity,14437.120932999997,8.0399
2026-09-16T15:45:02+00:00,51,KIOXIA-USD,equity,25578.640807000007,330.45
2026-09-16T15:45:02+00:00,52,SAMSUNG-USD,equity,783951.0185330007,181.26
2026-09-16T15:45:02+00:00,53,CRWV-USD,equity,2339961.159278999,82.154
2026-09-16T15:45:02+00:00,54,AAVE-USD,crypto,952254.5772630005,125.12
2026-09-16T15:45:02+00:00,55,UNI-USD,crypto,968449.3261189997,6.3393
2026-09-16T15:45:02+00:00,56,WLD-USD,crypto,37505.85254099999,0.3724
2026-09-16T15:45:02+00:00,57,NEAR-USD,crypto,4193128.5491980016,2.3621
2026-09-16T15:45:02+00:00,58,KSHIB-USD,crypto,713657.9434949999,0.005112
2026-09-16T15:45:02+00:00,59,FARTCOIN-USD,crypto,1227290.2146650015,0.14066
2026-09-16T15:45:02+00:00,60,DOGE-USD,crypto,1653588.8995059987,0.081665
2026-09-16T15:45:02+00:00,61,ENA-USD,crypto,2043245.7997040015,0.14294
2026-09-16T15:45:02+00:00,62,ONDO-USD,crypto,444728.49619499996,0.3426
2026-09-16T15:45:02+00:00,63,SUI-USD,crypto,2405987.3558549955,0.70294
2026-09-16T15:45:02+00:00,64,VVV-USD,crypto,3095776.084175006,22.458
2026-09-16T15:45:02+00:00,65,TAO-USD,crypto,1453288.9830819967,225.28
2026-09-16T15:45:02+00:00,66,ADA-USD,crypto,2365409.536909007,0.20205
2026-09-16T15:45:02+00:00,67,ZRO-USD,crypto,1573022.7390840012,0.9320
2026-09-16T15:45:02+00:00,68,BNB-USD,crypto,334986.678382,724.66
2026-09-16T15:45:02+00:00,69,PONS-USD,crypto,1518037.8528170025,0.65421
2026-09-16T15:45:02+00:00,70,CASHCAT-USD,crypto,2515947.4595639966,0.16135
2026-09-16T15:45:02+00:00,71,USELESS-USD,crypto,2070145.9021649933,0.20586
2026-09-16T15:45:02+00:00,72,KAITO-USD,crypto,1146250.6092650008,0.29539
2026-09-16T15:45:02+00:00,73,ARB-USD,crypto,3005040.665680825,0.14524
2026-09-16T15:45:02+00:00,74,LDO-USD,crypto,749477.4670490009,0.35231
2026-09-16T15:45:02+00:00,75,AVAX-USD,crypto,1182398.492712,7.4291
2026-09-16T15:45:02+00:00,76,LTC-USD,crypto,375350.5891389997,51.808
2026-09-16T15:45:02+00:00,77,XPL-USD,crypto,644723.2553999997,0.082252
2026-09-16T15:45:02+00:00,78,XMR-USD,crypto,961916.6891439995,516.78
2026-09-16T15:45:02+00:00,79,LINK-USD,crypto,742107.9831090005,11.28
2026-09-16T15:45:02+00:00,80,VIRTUAL-USD,crypto,281997.50948999956,0.6038
2026-09-16T15:45:02+00:00,81,JUP-USD,crypto,1204994.0349640008,0.22797
2026-09-16T15:45:02+00:00,82,ETHFI-USD,crypto,829323.4583249994,0.60284
2026-09-16T15:45:02+00:00,83,PENDLE-USD,crypto,244165.38131899998,2.2995
2026-09-16T15:45:02+00:00,84,MORPHO-USD,crypto,689751.0363099996,2.1319
2026-09-16T15:45:02+00:00,85,CBRS-USD,,0,0
2026-09-16T15:45:02+00:00,86,MRVL-USD,,0,0
2026-09-16T15:45:02+00:00,87,EWY-USD,,0,0
2026-09-16T15:45:02+00:00,88,NCLD-USD,,0,0
2026-09-16T15:45:02+00:00,89,SOXL-USD,,10.007282,108.07
2026-09-16T15:45:02+00:00,90,UNITREE-USD,,0,0
2026-09-16T16:00:02+00:00,1,SP500-USD,index,4931290.599266006,7581.8
2026-09-16T16:00:02+00:00,2,GOLD-USD,commodity,3217250.583859008,4289.3
2026-09-16T16:00:02+00:00,3,WTIOIL-USD,commodity,2948227.672476996,100
2026-09-16T16:00:02+00:00,4,NAS100-USD,index,4059679.4384300015,28984
2026-09-16T16:00:02+00:00,5,SILVER-USD,commodity,3723869.813052995,63.264
2026-09-16T16:00:02+00:00,6,BTC-USD,crypto,6037303.249950007,76524
2026-09-16T16:00:02+00:00,7,ETH-USD,crypto,10977627.54691003,2422.8
2026-09-16T16:00:02+00:00,8,SOL-USD,crypto,1819941.654802998,98.998
2026-09-16T16:00:02+00:00,9,SPCX-USD,equity,2390509.8014619984,144.65
2026-09-16T16:00:02+00:00,10,HYPE-USD,crypto,8554258.611603998,77.233
2026-09-16T16:00:02+00:00,11,MU-USD,equity,643188.2682930002,924.45
2026-09-16T16:00:02+00:00,13,SKHY-USD,equity,389089.72734000004,173.21
2026-09-16T16:00:02+00:00,14,SKHYNIX-USD,equity,1901009.3667299969,1232.2
2026-09-16T16:00:02+00:00,15,AAPL-USD,equity,1091186.3475300018,329.79
2026-09-16T16:00:02+00:00,16,MSFT-USD,equity,1560732.2040580008,501.14
2026-09-16T16:00:02+00:00,17,GOOG-USD,equity,1099859.008327,344.4
2026-09-16T16:00:02+00:00,18,AMZN-USD,equity,138615.689373,249.26
2026-09-16T16:00:02+00:00,19,NVDA-USD,equity,2388941.8414789983,212.29
2026-09-16T16:00:02+00:00,20,META-USD,equity,3843148.4971199958,667.36
2026-09-16T16:00:02+00:00,21,TSLA-USD,equity,5425179.899645008,361.26
2026-09-16T16:00:02+00:00,22,AMD-USD,equity,1931019.8688809997,502.87
2026-09-16T16:00:02+00:00,23,INTC-USD,equity,1324208.0102271321,98.36
2026-09-16T16:00:02+00:00,24,AVGO-USD,equity,4696064.020417999,339.39
2026-09-16T16:00:02+00:00,25,QCOM-USD,equity,273224.7237959999,187.47
2026-09-16T16:00:02+00:00,26,ARM-USD,equity,1105010.551808999,244
2026-09-16T16:00:02+00:00,27,TSM-USD,equity,9914.538547000002,415.05
2026-09-16T16:00:02+00:00,28,ASML-USD,equity,1201457.5715390001,1587.6
2026-09-16T16:00:02+00:00,29,SNDK-USD,equity,1680304.363298998,1536.8
2026-09-16T16:00:02+00:00,30,DRAM-USD,index,1930018.9761060013,54.783
2026-09-16T16:00:02+00:00,31,PUMP-USD,crypto,1730765.8908689946,0.003546
2026-09-16T16:00:02+00:00,32,ZEC-USD,crypto,4030125.8793499973,1119.5
2026-09-16T16:00:02+00:00,33,XRP-USD,crypto,1313201.659399999,1.3907
2026-09-16T16:00:02+00:00,34,LIT-USD,crypto,59740.32890400002,4.1222
2026-09-16T16:00:02+00:00,35,KPEPE-USD,crypto,111407.84945900005,0.003397
2026-09-16T16:00:02+00:00,36,HOOD-USD,equity,2670678.4451499972,112.73
2026-09-16T16:00:02+00:00,37,MSTR-USD,equity,1568317.75654446,132.44
2026-09-16T16:00:02+00:00,38,STRC-USD,equity,118300.76817600009,97.797
2026-09-16T16:00:02+00:00,39,CRCL-USD,equity,3427998.098173014,89.319
2026-09-16T16:00:02+00:00,40,COIN-USD,equity,2444977.248873003,181.26
2026-09-16T16:00:02+00:00,41,RKLB-USD,equity,233553.61675599997,62.449
2026-09-16T16:00:02+00:00,42,LITE-USD,equity,2097015.583164003,844.15
2026-09-16T16:00:02+00:00,43,NBIS-USD,equity,832417.9579099987,209.02
2026-09-16T16:00:02+00:00,44,ORCL-USD,equity,5570618.897934007,143.7
2026-09-16T16:00:02+00:00,45,PLTR-USD,equity,2569576.0952030015,172.92
2026-09-16T16:00:02+00:00,46,BRENTOIL-USD,commodity,2273581.2605179967,103.06
2026-09-16T16:00:02+00:00,47,BABA-USD,equity,408758.27789499966,110.03
2026-09-16T16:00:02+00:00,48,ZM-USD,equity,1041431.1054219985,94.31
2026-09-16T16:00:02+00:00,49,DELL-USD,equity,14111.65372199999,544.85
2026-09-16T16:00:02+00:00,50,CXMT-USD,equity,12976.896642999998,8.0134
2026-09-16T16:00:02+00:00,51,KIOXIA-USD,equity,25499.795437000008,330.29
2026-09-16T16:00:02+00:00,52,SAMSUNG-USD,equity,756587.0178200003,180.98
2026-09-16T16:00:02+00:00,53,CRWV-USD,equity,2454949.7795439977,82.065
2026-09-16T16:00:02+00:00,54,AAVE-USD,crypto,955791.9694730006,124.89
2026-09-16T16:00:02+00:00,55,UNI-USD,crypto,967247.8027110002,6.3427
2026-09-16T16:00:02+00:00,56,WLD-USD,crypto,36614.14761599998,0.37084
2026-09-16T16:00:02+00:00,57,NEAR-USD,crypto,4263495.5576789975,2.37
2026-09-16T16:00:02+00:00,58,KSHIB-USD,crypto,720662.604103,0.005101
2026-09-16T16:00:02+00:00,59,FARTCOIN-USD,crypto,1224005.4272270007,0.14044
2026-09-16T16:00:02+00:00,60,DOGE-USD,crypto,1648625.7800169985,0.081472
2026-09-16T16:00:02+00:00,61,ENA-USD,crypto,2024581.672471002,0.14363
2026-09-16T16:00:02+00:00,62,ONDO-USD,crypto,505622.12522699987,0.34256
2026-09-16T16:00:02+00:00,63,SUI-USD,crypto,2404044.3384919944,0.69838
2026-09-16T16:00:02+00:00,64,VVV-USD,crypto,3076247.3126210063,22.605
2026-09-16T16:00:02+00:00,65,TAO-USD,crypto,1438970.744681996,225.38
2026-09-16T16:00:02+00:00,66,ADA-USD,crypto,2357720.928561007,0.20175
2026-09-16T16:00:02+00:00,67,ZRO-USD,crypto,1792599.5629660017,0.9313
2026-09-16T16:00:02+00:00,68,BNB-USD,crypto,334986.678382,724.66
2026-09-16T16:00:02+00:00,69,PONS-USD,crypto,1515847.382556003,0.64824
2026-09-16T16:00:02+00:00,70,CASHCAT-USD,crypto,2507033.856337996,0.16212
2026-09-16T16:00:02+00:00,71,USELESS-USD,crypto,2085749.1653219934,0.20422
2026-09-16T16:00:02+00:00,72,KAITO-USD,crypto,1146361.592321001,0.29495
2026-09-16T16:00:02+00:00,73,ARB-USD,crypto,2959094.879142822,0.14967
2026-09-16T16:00:02+00:00,74,LDO-USD,crypto,769261.654772001,0.35177
2026-09-16T16:00:02+00:00,75,AVAX-USD,crypto,1179955.9771449994,7.4123
2026-09-16T16:00:02+00:00,76,LTC-USD,crypto,375461.00719799974,51.808
2026-09-16T16:00:02+00:00,77,XPL-USD,crypto,644844.663128,0.081482
2026-09-16T16:00:02+00:00,78,XMR-USD,crypto,1210376.793166,516.6
2026-09-16T16:00:02+00:00,79,LINK-USD,crypto,741061.5190910004,11.231
2026-09-16T16:00:02+00:00,80,VIRTUAL-USD,crypto,280749.5331109997,0.60083
2026-09-16T16:00:02+00:00,81,JUP-USD,crypto,1209436.1327100014,0.22802
2026-09-16T16:00:02+00:00,82,ETHFI-USD,crypto,838879.8814899994,0.59994
2026-09-16T16:00:02+00:00,83,PENDLE-USD,crypto,268391.09177000006,2.3075
2026-09-16T16:00:02+00:00,84,MORPHO-USD,crypto,686384.8979519997,2.1303
2026-09-16T16:00:02+00:00,85,CBRS-USD,,40.069003,188.45
2026-09-16T16:00:02+00:00,86,MRVL-USD,,20.028519,229.46
2026-09-16T16:00:02+00:00,87,EWY-USD,,20.036782,178.97
2026-09-16T16:00:02+00:00,88,NCLD-USD,,0,0
2026-09-16T16:00:02+00:00,89,SOXL-USD,,60.109519999999996,108.07
2026-09-16T16:00:02+00:00,90,UNITREE-USD,,0,0
2026-09-16T16:15:01+00:00,1,SP500-USD,index,4888400.269712007,7577.6
2026-09-16T16:15:01+00:00,2,GOLD-USD,commodity,3253298.962069008,4289.3
2026-09-16T16:15:01+00:00,3,WTIOIL-USD,commodity,2796055.9587289942,100.33
2026-09-16T16:15:01+00:00,4,NAS100-USD,index,3968660.760129999,28955
2026-09-16T16:15:01+00:00,5,SILVER-USD,commodity,3724047.024441995,63.480
2026-09-16T16:15:01+00:00,6,BTC-USD,crypto,6050455.277860008,76253
2026-09-16T16:15:01+00:00,7,ETH-USD,crypto,10968852.360740036,2411.4
2026-09-16T16:15:01+00:00,8,SOL-USD,crypto,1830500.1216529985,99.261
2026-09-16T16:15:01+00:00,9,SPCX-USD,equity,2395542.9933599983,143.98
2026-09-16T16:15:01+00:00,10,HYPE-USD,crypto,8614128.07469,76.914
2026-09-16T16:15:01+00:00,11,MU-USD,equity,641925.2986620002,924.22
2026-09-16T16:15:01+00:00,13,SKHY-USD,equity,389112.21534800006,173.21
2026-09-16T16:15:01+00:00,14,SKHYNIX-USD,equity,1873539.844859997,1232.3
2026-09-16T16:15:01+00:00,15,AAPL-USD,equity,1073646.964924002,330
2026-09-16T16:15:01+00:00,16,MSFT-USD,equity,1564032.9454060008,500.7
2026-09-16T16:15:01+00:00,17,GOOG-USD,equity,1074872.1797489994,344.15
2026-09-16T16:15:01+00:00,18,AMZN-USD,equity,138626.39631,249.19
2026-09-16T16:15:01+00:00,19,NVDA-USD,equity,2331683.291487999,211.92
2026-09-16T16:15:01+00:00,20,META-USD,equity,3850658.332102996,666.02
2026-09-16T16:15:01+00:00,21,TSLA-USD,equity,5355689.293429007,361.31
2026-09-16T16:15:01+00:00,22,AMD-USD,equity,1930986.0981929996,503.42
2026-09-16T16:15:01+00:00,23,INTC-USD,equity,1324170.538757132,98.55
2026-09-16T16:15:01+00:00,24,AVGO-USD,equity,4696096.886657999,339.39
2026-09-16T16:15:01+00:00,25,QCOM-USD,equity,250264.48895199993,187.1
2026-09-16T16:15:01+00:00,26,ARM-USD,equity,1105001.6478869992,243.81
2026-09-16T16:15:01+00:00,27,TSM-USD,equity,9914.538547000002,415.05
2026-09-16T16:15:01+00:00,28,ASML-USD,equity,1201457.571539,1587.6
2026-09-16T16:15:01+00:00,29,SNDK-USD,equity,1682143.5477779983,1521.4
2026-09-16T16:15:01+00:00,30,DRAM-USD,index,1920010.2112160015,54.766
2026-09-16T16:15:01+00:00,31,PUMP-USD,crypto,1639816.977729996,0.003504
2026-09-16T16:15:01+00:00,32,ZEC-USD,crypto,4091503.7986399974,1124.9
2026-09-16T16:15:01+00:00,33,XRP-USD,crypto,1315183.564999999,1.3907
2026-09-16T16:15:01+00:00,34,LIT-USD,crypto,60665.507084000026,4.1091
2026-09-16T16:15:01+00:00,35,KPEPE-USD,crypto,111407.84945900005,0.003397
2026-09-16T16:15:01+00:00,36,HOOD-USD,equity,2665788.4618299967,111.77
2026-09-16T16:15:01+00:00,37,MSTR-USD,equity,1568309.1300244601,131.82
2026-09-16T16:15:01+00:00,38,STRC-USD,equity,118300.76817600009,97.797
2026-09-16T16:15:01+00:00,39,CRCL-USD,equity,3433376.620829014,88.691
2026-09-16T16:15:01+00:00,40,COIN-USD,equity,2410783.4571190034,180.35
2026-09-16T16:15:01+00:00,41,RKLB-USD,equity,233565.27041599998,63.156
2026-09-16T16:15:01+00:00,42,LITE-USD,equity,2098021.8460430033,844.15
2026-09-16T16:15:01+00:00,43,NBIS-USD,equity,839693.0649979989,209.02
2026-09-16T16:15:01+00:00,44,ORCL-USD,equity,5570618.982921007,143.7
2026-09-16T16:15:01+00:00,45,PLTR-USD,equity,2569553.7655670014,173.44
2026-09-16T16:15:01+00:00,46,BRENTOIL-USD,commodity,2258910.9933879985,103.24
2026-09-16T16:15:01+00:00,47,BABA-USD,equity,407256.9061529997,110.5
2026-09-16T16:15:01+00:00,48,ZM-USD,equity,1041305.1763759985,94.1
2026-09-16T16:15:01+00:00,49,DELL-USD,equity,14123.23592999999,544.85
2026-09-16T16:15:01+00:00,50,CXMT-USD,equity,15242.639298999995,8.0624
2026-09-16T16:15:01+00:00,51,KIOXIA-USD,equity,24809.829829000006,329.93
2026-09-16T16:15:01+00:00,52,SAMSUNG-USD,equity,756587.0178200003,180.98
2026-09-16T16:15:01+00:00,53,CRWV-USD,equity,2458960.1979679978,82.181
2026-09-16T16:15:01+00:00,54,AAVE-USD,crypto,955771.3214730006,124.44
2026-09-16T16:15:01+00:00,55,UNI-USD,crypto,980718.9998719996,6.3480
2026-09-16T16:15:01+00:00,56,WLD-USD,crypto,36116.724822999975,0.37031
2026-09-16T16:15:01+00:00,57,NEAR-USD,crypto,4271958.767749998,2.3595
2026-09-16T16:15:01+00:00,58,KSHIB-USD,crypto,714883.137924,0.005113
2026-09-16T16:15:01+00:00,59,FARTCOIN-USD,crypto,1324397.3019190005,0.13932
2026-09-16T16:15:01+00:00,60,DOGE-USD,crypto,1650262.9412969986,0.081225
2026-09-16T16:15:01+00:00,61,ENA-USD,crypto,2048628.766796001,0.14163
2026-09-16T16:15:01+00:00,62,ONDO-USD,crypto,509554.5670169999,0.34256
2026-09-16T16:15:01+00:00,63,SUI-USD,crypto,2412619.8804739937,0.69838
2026-09-16T16:15:01+00:00,64,VVV-USD,crypto,3100763.3703670064,22.39
2026-09-16T16:15:01+00:00,65,TAO-USD,crypto,1437965.4564279953,224.24
2026-09-16T16:15:01+00:00,66,ADA-USD,crypto,2383465.8777550072,0.20087
2026-09-16T16:15:01+00:00,67,ZRO-USD,crypto,1812689.8974910008,0.9317
2026-09-16T16:15:01+00:00,68,BNB-USD,crypto,336834.05638200004,724.66
2026-09-16T16:15:01+00:00,69,PONS-USD,crypto,1533802.700880003,0.6413
2026-09-16T16:15:01+00:00,70,CASHCAT-USD,crypto,2487190.1970109977,0.16198
2026-09-16T16:15:01+00:00,71,USELESS-USD,crypto,2094171.1445149947,0.20633
2026-09-16T16:15:01+00:00,72,KAITO-USD,crypto,1151076.7731730011,0.29441
2026-09-16T16:15:01+00:00,73,ARB-USD,crypto,2952744.130685825,0.14775
2026-09-16T16:15:01+00:00,74,LDO-USD,crypto,774287.0676940009,0.35013
2026-09-16T16:15:01+00:00,75,AVAX-USD,crypto,1179626.7017609996,7.3933
2026-09-16T16:15:01+00:00,76,LTC-USD,crypto,375481.0990829997,51.808
2026-09-16T16:15:01+00:00,77,XPL-USD,crypto,645807.1747859998,0.081053
2026-09-16T16:15:01+00:00,78,XMR-USD,crypto,1288774.4035880591,512.27
2026-09-16T16:15:01+00:00,79,LINK-USD,crypto,741061.4698820005,11.255
2026-09-16T16:15:01+00:00,80,VIRTUAL-USD,crypto,281032.4539279997,0.59944
2026-09-16T16:15:01+00:00,81,JUP-USD,crypto,1213000.013875001,0.2268
2026-09-16T16:15:01+00:00,82,ETHFI-USD,crypto,838694.0647079996,0.59398
2026-09-16T16:15:01+00:00,83,PENDLE-USD,crypto,271278.150734,2.3146
2026-09-16T16:15:01+00:00,84,MORPHO-USD,crypto,703960.0982519997,2.1312
2026-09-16T16:15:01+00:00,85,CBRS-USD,,110.12293199999999,188.45
2026-09-16T16:15:01+00:00,86,MRVL-USD,,20.028519,229.46
2026-09-16T16:15:01+00:00,87,EWY-USD,,20.036782,178.97
2026-09-16T16:15:01+00:00,88,NCLD-USD,,0,0
2026-09-16T16:15:01+00:00,89,SOXL-USD,,60.109519999999996,108.07
2026-09-16T16:15:01+00:00,90,UNITREE-USD,,0,0
2026-09-16T16:30:01+00:00,1,SP500-USD,index,4612551.258306004,7588.6
2026-09-16T16:30:01+00:00,2,GOLD-USD,commodity,3240775.924262008,4297.2
2026-09-16T16:30:01+00:00,3,WTIOIL-USD,commodity,2775912.6801679935,100.19
2026-09-16T16:30:01+00:00,4,NAS100-USD,index,3802307.3388299975,28998
2026-09-16T16:30:01+00:00,5,SILVER-USD,commodity,3715957.076176995,63.405
2026-09-16T16:30:01+00:00,6,BTC-USD,crypto,6059042.198940011,76430
2026-09-16T16:30:01+00:00,7,ETH-USD,crypto,10985464.510680037,2422.9
2026-09-16T16:30:01+00:00,8,SOL-USD,crypto,1816710.2528569985,99.224
2026-09-16T16:30:01+00:00,9,SPCX-USD,equity,2395577.7375099985,144.19
2026-09-16T16:30:01+00:00,10,HYPE-USD,crypto,8600701.268514998,77.222
2026-09-16T16:30:01+00:00,11,MU-USD,equity,630544.1813660003,923.52
2026-09-16T16:30:01+00:00,13,SKHY-USD,equity,389123.7518370001,173.21
2026-09-16T16:30:01+00:00,14,SKHYNIX-USD,equity,1873499.7951099968,1232.3
2026-09-16T16:30:01+00:00,15,AAPL-USD,equity,1073658.039172002,330.31
2026-09-16T16:30:01+00:00,16,MSFT-USD,equity,1561709.5719500007,500.7
2026-09-16T16:30:01+00:00,17,GOOG-USD,equity,1074872.1797489994,344.15
2026-09-16T16:30:01+00:00,18,AMZN-USD,equity,137626.14765,249.01
2026-09-16T16:30:01+00:00,19,NVDA-USD,equity,2326318.0591669986,211.91
2026-09-16T16:30:01+00:00,20,META-USD,equity,3850474.2187109957,665.35
2026-09-16T16:30:01+00:00,21,TSLA-USD,equity,5355894.360845007,361.14
2026-09-16T16:30:01+00:00,22,AMD-USD,equity,1933107.596976,502.9
2026-09-16T16:30:01+00:00,23,INTC-USD,equity,1324132.508312132,98.16
2026-09-16T16:30:01+00:00,24,AVGO-USD,equity,4696107.830657999,339.39
2026-09-16T16:30:01+00:00,25,QCOM-USD,equity,247883.18543299998,187.88
2026-09-16T16:30:01+00:00,26,ARM-USD,equity,1104167.389323999,241.51
2026-09-16T16:30:01+00:00,27,TSM-USD,equity,9914.538547000002,415.05
2026-09-16T16:30:01+00:00,28,ASML-USD,equity,1198133.1532639998,1594.2
2026-09-16T16:30:01+00:00,29,SNDK-USD,equity,1710874.4464629982,1525.3
2026-09-16T16:30:01+00:00,30,DRAM-USD,index,1931160.2088750014,54.766
2026-09-16T16:30:01+00:00,31,PUMP-USD,crypto,1641236.2379279954,0.00354
2026-09-16T16:30:01+00:00,32,ZEC-USD,crypto,4127286.213959997,1124.9
2026-09-16T16:30:01+00:00,33,XRP-USD,crypto,1315255.802299999,1.3905
2026-09-16T16:30:01+00:00,34,LIT-USD,crypto,59613.89287300003,4.0864
2026-09-16T16:30:01+00:00,35,KPEPE-USD,crypto,111159.10073700006,0.0034
2026-09-16T16:30:01+00:00,36,HOOD-USD,equity,2663664.924679997,112.39
2026-09-16T16:30:01+00:00,37,MSTR-USD,equity,1626194.5876844602,132.24
2026-09-16T16:30:01+00:00,38,STRC-USD,equity,118300.76817600009,97.797
2026-09-16T16:30:01+00:00,39,CRCL-USD,equity,3431529.7908400143,88.927
2026-09-16T16:30:01+00:00,40,COIN-USD,equity,2410218.0723290034,179.87
2026-09-16T16:30:01+00:00,41,RKLB-USD,equity,233525.130078,64.181
2026-09-16T16:30:01+00:00,42,LITE-USD,equity,2098021.8460430033,844.15
2026-09-16T16:30:01+00:00,43,NBIS-USD,equity,839715.827557999,209.02
2026-09-16T16:30:01+00:00,44,ORCL-USD,equity,5570875.150683006,143.55
2026-09-16T16:30:01+00:00,45,PLTR-USD,equity,2571606.4953670013,174.4
2026-09-16T16:30:01+00:00,46,BRENTOIL-USD,commodity,2278253.839077999,103.17
2026-09-16T16:30:01+00:00,47,BABA-USD,equity,409395.45811599976,110.5
2026-09-16T16:30:01+00:00,48,ZM-USD,equity,1041238.2388359985,94.11
2026-09-16T16:30:01+00:00,49,DELL-USD,equity,14123.23592999999,544.85
2026-09-16T16:30:01+00:00,50,CXMT-USD,equity,15242.639298999999,8.0624
2026-09-16T16:30:01+00:00,51,KIOXIA-USD,equity,23972.57773300001,328.74
2026-09-16T16:30:01+00:00,52,SAMSUNG-USD,equity,751178.752006,180.7
2026-09-16T16:30:01+00:00,53,CRWV-USD,equity,2459944.3899959973,82.175
2026-09-16T16:30:01+00:00,54,AAVE-USD,crypto,950312.0842290003,124.87
2026-09-16T16:30:01+00:00,55,UNI-USD,crypto,988400.2143270003,6.4044
2026-09-16T16:30:01+00:00,56,WLD-USD,crypto,35370.582375999984,0.37114
2026-09-16T16:30:01+00:00,57,NEAR-USD,crypto,4294519.520510003,2.379
2026-09-16T16:30:01+00:00,58,KSHIB-USD,crypto,711244.210499,0.005114
2026-09-16T16:30:01+00:00,59,FARTCOIN-USD,crypto,1336699.5756960006,0.14084
2026-09-16T16:30:01+00:00,60,DOGE-USD,crypto,1658528.301121999,0.081475
2026-09-16T16:30:01+00:00,61,ENA-USD,crypto,2049237.6030720011,0.14425
2026-09-16T16:30:01+00:00,62,ONDO-USD,crypto,509554.5670169999,0.34256
2026-09-16T16:30:01+00:00,63,SUI-USD,crypto,2404584.934839994,0.70421
2026-09-16T16:30:01+00:00,64,VVV-USD,crypto,3084820.368034007,22.686
2026-09-16T16:30:01+00:00,65,TAO-USD,crypto,1437260.8958439955,225.17
2026-09-16T16:30:01+00:00,66,ADA-USD,crypto,2385420.107053008,0.20192
2026-09-16T16:30:01+00:00,67,ZRO-USD,crypto,1722528.0511180013,0.9518
2026-09-16T16:30:01+00:00,68,BNB-USD,crypto,336834.05638200004,724.66
2026-09-16T16:30:01+00:00,69,PONS-USD,crypto,1511785.6078490026,0.66425
2026-09-16T16:30:01+00:00,70,CASHCAT-USD,crypto,2487101.1492989985,0.16176
2026-09-16T16:30:01+00:00,71,USELESS-USD,crypto,2099672.1225079945,0.20807
2026-09-16T16:30:01+00:00,72,KAITO-USD,crypto,1152506.8376220013,0.29612
2026-09-16T16:30:01+00:00,73,ARB-USD,crypto,2953410.467038825,0.15546
2026-09-16T16:30:01+00:00,74,LDO-USD,crypto,774397.4654630008,0.35124
2026-09-16T16:30:01+00:00,75,AVAX-USD,crypto,1178477.1568079996,7.4501
2026-09-16T16:30:01+00:00,76,LTC-USD,crypto,375491.1455979997,51.808
2026-09-16T16:30:01+00:00,77,XPL-USD,crypto,646326.4942419999,0.081845
2026-09-16T16:30:01+00:00,78,XMR-USD,crypto,1286826.6375340591,512.57
2026-09-16T16:30:01+00:00,79,LINK-USD,crypto,741051.4641870004,11.269
2026-09-16T16:30:01+00:00,80,VIRTUAL-USD,crypto,280862.2159429998,0.603
2026-09-16T16:30:01+00:00,81,JUP-USD,crypto,1213001.468888001,0.22841
2026-09-16T16:30:01+00:00,82,ETHFI-USD,crypto,838593.7994899997,0.59949
2026-09-16T16:30:01+00:00,83,PENDLE-USD,crypto,270964.933364,2.3267
2026-09-16T16:30:01+00:00,84,MORPHO-USD,crypto,713118.8308819995,2.1516
2026-09-16T16:30:01+00:00,85,CBRS-USD,,140.159407,188.45
2026-09-16T16:30:01+00:00,86,MRVL-USD,,20.028519,229.46
2026-09-16T16:30:01+00:00,87,EWY-USD,,20.036782,178.97
2026-09-16T16:30:01+00:00,88,NCLD-USD,,0,0
2026-09-16T16:30:01+00:00,89,SOXL-USD,,80.114369,108.07
2026-09-16T16:30:01+00:00,90,UNITREE-USD,,10.008301999999999,70.481
2026-09-16T16:45:01+00:00,1,SP500-USD,index,4630391.991611007,7585.2
2026-09-16T16:45:01+00:00,2,GOLD-USD,commodity,3254184.0289090085,4297.2
2026-09-16T16:45:01+00:00,3,WTIOIL-USD,commodity,2777854.7389329947,100.81
2026-09-16T16:45:01+00:00,4,NAS100-USD,index,3761013.2103799963,28988
2026-09-16T16:45:01+00:00,5,SILVER-USD,commodity,3718612.5121039953,63.46
2026-09-16T16:45:01+00:00,6,BTC-USD,crypto,6061020.246650012,76323
2026-09-16T16:45:01+00:00,7,ETH-USD,crypto,10995760.220650034,2418.2
2026-09-16T16:45:01+00:00,8,SOL-USD,crypto,1803349.2303879987,99.026
2026-09-16T16:45:01+00:00,9,SPCX-USD,equity,2395948.853894998,144.14
2026-09-16T16:45:01+00:00,10,HYPE-USD,crypto,8585355.218542997,77.103
2026-09-16T16:45:01+00:00,11,MU-USD,equity,630583.8898800004,925.2
2026-09-16T16:45:01+00:00,13,SKHY-USD,equity,389689.37230000005,173.22
2026-09-16T16:45:01+00:00,14,SKHYNIX-USD,equity,1877098.9076199972,1237.3
2026-09-16T16:45:01+00:00,15,AAPL-USD,equity,1073637.190215002,329.47
2026-09-16T16:45:01+00:00,16,MSFT-USD,equity,1562362.6270980006,500.32
2026-09-16T16:45:01+00:00,17,GOOG-USD,equity,1074885.7606499994,344.15
2026-09-16T16:45:01+00:00,18,AMZN-USD,equity,137636.16483,249.01
2026-09-16T16:45:01+00:00,19,NVDA-USD,equity,2327327.5453719986,211.91
2026-09-16T16:45:01+00:00,20,META-USD,equity,3850488.4983469956,665.35
2026-09-16T16:45:01+00:00,21,TSLA-USD,equity,5355337.249448008,360.7
2026-09-16T16:45:01+00:00,22,AMD-USD,equity,1933330.5735329997,503.42
2026-09-16T16:45:01+00:00,23,INTC-USD,equity,1346149.1824091324,98.18
2026-09-16T16:45:01+00:00,24,AVGO-USD,equity,4696117.852820998,339.04
2026-09-16T16:45:01+00:00,25,QCOM-USD,equity,246355.19271199996,188.28
2026-09-16T16:45:01+00:00,26,ARM-USD,equity,1101578.5298419988,242.36
2026-09-16T16:45:01+00:00,27,TSM-USD,equity,9924.555037000002,415.05
2026-09-16T16:45:01+00:00,28,ASML-USD,equity,1198144.1270249998,1594.2
2026-09-16T16:45:01+00:00,29,SNDK-USD,equity,1720393.7968319978,1528.9
2026-09-16T16:45:01+00:00,30,DRAM-USD,index,1931194.0124520015,54.766
2026-09-16T16:45:01+00:00,31,PUMP-USD,crypto,1634449.4210079955,0.003528
2026-09-16T16:45:01+00:00,32,ZEC-USD,crypto,4158936.8189299963,1124.9
2026-09-16T16:45:01+00:00,33,XRP-USD,crypto,1315128.225799999,1.3884
2026-09-16T16:45:01+00:00,34,LIT-USD,crypto,59613.89287300003,4.0864
2026-09-16T16:45:01+00:00,35,KPEPE-USD,crypto,111260.84047300006,0.0034
2026-09-16T16:45:01+00:00,36,HOOD-USD,equity,2663795.506439997,112.39
2026-09-16T16:45:01+00:00,37,MSTR-USD,equity,1626149.6896844602,132.1
2026-09-16T16:45:01+00:00,38,STRC-USD,equity,118435.49798700008,97.797
2026-09-16T16:45:01+00:00,39,CRCL-USD,equity,3406190.3628220134,89.17
2026-09-16T16:45:01+00:00,40,COIN-USD,equity,2402235.524657003,178.38
2026-09-16T16:45:01+00:00,41,RKLB-USD,equity,233632.89080599998,64.181
2026-09-16T16:45:01+00:00,42,LITE-USD,equity,2098032.197471003,844.15
2026-09-16T16:45:01+00:00,43,NBIS-USD,equity,839809.6552889991,209.55
2026-09-16T16:45:01+00:00,44,ORCL-USD,equity,5570869.601394007,143.27
2026-09-16T16:45:01+00:00,45,PLTR-USD,equity,2576910.681589002,174.21
2026-09-16T16:45:01+00:00,46,BRENTOIL-USD,commodity,2247176.893747999,103.64
2026-09-16T16:45:01+00:00,47,BABA-USD,equity,409588.2189669997,110.49
2026-09-16T16:45:01+00:00,48,ZM-USD,equity,1041386.6351639986,94.11
2026-09-16T16:45:01+00:00,49,DELL-USD,equity,14091.85192099999,543.93
2026-09-16T16:45:01+00:00,50,CXMT-USD,equity,15242.639298999995,8.0624
2026-09-16T16:45:01+00:00,51,KIOXIA-USD,equity,21910.169694000015,327.97
2026-09-16T16:45:01+00:00,52,SAMSUNG-USD,equity,745672.5889590001,180.78
2026-09-16T16:45:01+00:00,53,CRWV-USD,equity,2458623.519528997,82.234
2026-09-16T16:45:01+00:00,54,AAVE-USD,crypto,953086.2006740003,124.97
2026-09-16T16:45:01+00:00,55,UNI-USD,crypto,994062.6166750005,6.4207
2026-09-16T16:45:01+00:00,56,WLD-USD,crypto,35236.44274699998,0.37066
2026-09-16T16:45:01+00:00,57,NEAR-USD,crypto,4340446.605799009,2.3711
2026-09-16T16:45:01+00:00,58,KSHIB-USD,crypto,709195.7643959998,0.005114
2026-09-16T16:45:01+00:00,59,FARTCOIN-USD,crypto,1339011.9532430016,0.14053
2026-09-16T16:45:01+00:00,60,DOGE-USD,crypto,1659998.3211879989,0.08156
2026-09-16T16:45:01+00:00,61,ENA-USD,crypto,2053860.1450690017,0.14316
2026-09-16T16:45:01+00:00,62,ONDO-USD,crypto,509261.5314349999,0.33987
2026-09-16T16:45:01+00:00,63,SUI-USD,crypto,2407859.5984829944,0.7025
2026-09-16T16:45:01+00:00,64,VVV-USD,crypto,3074806.9906950067,22.518
2026-09-16T16:45:01+00:00,65,TAO-USD,crypto,1435067.9024039956,225.72
2026-09-16T16:45:01+00:00,66,ADA-USD,crypto,2386405.3052940075,0.20211
2026-09-16T16:45:01+00:00,67,ZRO-USD,crypto,1714174.1216940011,0.9522
2026-09-16T16:45:01+00:00,68,BNB-USD,crypto,336934.75722,724.66
2026-09-16T16:45:01+00:00,69,PONS-USD,crypto,1501598.325463001,0.66974
2026-09-16T16:45:01+00:00,70,CASHCAT-USD,crypto,2461563.9536639974,0.16426
2026-09-16T16:45:01+00:00,71,USELESS-USD,crypto,2102238.395917995,0.20913
2026-09-16T16:45:01+00:00,72,KAITO-USD,crypto,1137718.405112001,0.29553
2026-09-16T16:45:01+00:00,73,ARB-USD,crypto,2941633.326534827,0.15496
2026-09-16T16:45:01+00:00,74,LDO-USD,crypto,774403.5631150008,0.34989
2026-09-16T16:45:01+00:00,75,AVAX-USD,crypto,1177576.0388299995,7.4276
2026-09-16T16:45:01+00:00,76,LTC-USD,crypto,375580.8393379997,51.808
2026-09-16T16:45:01+00:00,77,XPL-USD,crypto,644814.479181,0.081818
2026-09-16T16:45:01+00:00,78,XMR-USD,crypto,1285155.5608030593,511.98
2026-09-16T16:45:01+00:00,79,LINK-USD,crypto,741085.3114500004,11.269
2026-09-16T16:45:01+00:00,80,VIRTUAL-USD,crypto,279496.4603509997,0.60461
2026-09-16T16:45:01+00:00,81,JUP-USD,crypto,1212143.3863320006,0.22761
2026-09-16T16:45:01+00:00,82,ETHFI-USD,crypto,838191.1390889995,0.59803
2026-09-16T16:45:01+00:00,83,PENDLE-USD,crypto,270864.764798,2.3013
2026-09-16T16:45:01+00:00,84,MORPHO-USD,crypto,730578.0554259998,2.1516
2026-09-16T16:45:01+00:00,85,CBRS-USD,,160.187354,188.45
2026-09-16T16:45:01+00:00,86,MRVL-USD,,30.029169,229.46
2026-09-16T16:45:01+00:00,87,EWY-USD,,20.036782,178.97
2026-09-16T16:45:01+00:00,88,NCLD-USD,,0,0
2026-09-16T16:45:01+00:00,89,SOXL-USD,,100.12181,108.07
2026-09-16T16:45:01+00:00,90,UNITREE-USD,,30.024195999999993,70.481
2026-09-16T17:00:02+00:00,1,SP500-USD,index,4533826.81714001,7588.2
2026-09-16T17:00:02+00:00,2,GOLD-USD,commodity,3254395.2871300085,4297.2
2026-09-16T17:00:02+00:00,3,WTIOIL-USD,commodity,2570234.908403999,100.94
2026-09-16T17:00:02+00:00,4,NAS100-USD,index,3493482.5995099954,28986
2026-09-16T17:00:02+00:00,5,SILVER-USD,commodity,3718623.860231995,63.46
2026-09-16T17:00:02+00:00,6,BTC-USD,crypto,6061468.778550008,76367
2026-09-16T17:00:02+00:00,7,ETH-USD,crypto,10989597.009710034,2421.5
2026-09-16T17:00:02+00:00,8,SOL-USD,crypto,1804338.3853349988,99.026
2026-09-16T17:00:02+00:00,9,SPCX-USD,equity,2395974.2978169983,144.11
2026-09-16T17:00:02+00:00,10,HYPE-USD,crypto,8445521.703652997,76.696
2026-09-16T17:00:02+00:00,11,MU-USD,equity,630606.0755260003,925.2
2026-09-16T17:00:02+00:00,13,SKHY-USD,equity,389689.65849500004,173.4
2026-09-16T17:00:02+00:00,14,SKHYNIX-USD,equity,1877098.9076199972,1237.3
2026-09-16T17:00:02+00:00,15,AAPL-USD,equity,1073615.2491780021,329.42
2026-09-16T17:00:02+00:00,16,MSFT-USD,equity,1555804.3255090008,500.33
2026-09-16T17:00:02+00:00,17,GOOG-USD,equity,1074863.8150449994,343.96
2026-09-16T17:00:02+00:00,18,AMZN-USD,equity,137625.283093,249.01
2026-09-16T17:00:02+00:00,19,NVDA-USD,equity,2327316.5048609986,211.87
2026-09-16T17:00:02+00:00,20,META-USD,equity,3850557.512715996,665.35
2026-09-16T17:00:02+00:00,21,TSLA-USD,equity,5355133.812809008,359.93
2026-09-16T17:00:02+00:00,22,AMD-USD,equity,1933257.7597409997,502.72
2026-09-16T17:00:02+00:00,23,INTC-USD,equity,1346100.2532061324,97.76
2026-09-16T17:00:02+00:00,24,AVGO-USD,equity,4695824.801697998,339.04
2026-09-16T17:00:02+00:00,25,QCOM-USD,equity,243822.52462,187.67
2026-09-16T17:00:02+00:00,26,ARM-USD,equity,1099195.8547899986,241.78
2026-09-16T17:00:02+00:00,27,TSM-USD,equity,9924.555037000002,415.05
2026-09-16T17:00:02+00:00,28,ASML-USD,equity,1198133.2386389999,1594.1
2026-09-16T17:00:02+00:00,29,SNDK-USD,equity,1720247.889814998,1528.7
2026-09-16T17:00:02+00:00,30,DRAM-USD,index,1901151.9892240015,54.822
2026-09-16T17:00:02+00:00,31,PUMP-USD,crypto,1622776.2934839958,0.003527
2026-09-16T17:00:02+00:00,32,ZEC-USD,crypto,4148939.9129699967,1116.2
2026-09-16T17:00:02+00:00,33,XRP-USD,crypto,1312075.1771999989,1.3884
2026-09-16T17:00:02+00:00,34,LIT-USD,crypto,59036.11532800003,4.07
2026-09-16T17:00:02+00:00,35,KPEPE-USD,crypto,110945.54827300004,0.0034
2026-09-16T17:00:02+00:00,36,HOOD-USD,equity,2663784.3584699966,111.55
2026-09-16T17:00:02+00:00,37,MSTR-USD,equity,1630172.05740446,132.1
2026-09-16T17:00:02+00:00,38,STRC-USD,equity,118435.49798700008,97.797
2026-09-16T17:00:02+00:00,39,CRCL-USD,equity,3391262.5636960133,88.91
2026-09-16T17:00:02+00:00,40,COIN-USD,equity,2403583.636381003,178.38
2026-09-16T17:00:02+00:00,41,RKLB-USD,equity,233493.003306,64.597
2026-09-16T17:00:02+00:00,42,LITE-USD,equity,2098028.6749410033,840.09
2026-09-16T17:00:02+00:00,43,NBIS-USD,equity,837767.1129889991,209.65
2026-09-16T17:00:02+00:00,44,ORCL-USD,equity,5570770.409780007,143.1
2026-09-16T17:00:02+00:00,45,PLTR-USD,equity,2579353.1564190015,175.16
2026-09-16T17:00:02+00:00,46,BRENTOIL-USD,commodity,1933370.516827998,103.55
2026-09-16T17:00:02+00:00,47,BABA-USD,equity,404764.18240799964,110.44
2026-09-16T17:00:02+00:00,48,ZM-USD,equity,1042442.3562359986,94.11
2026-09-16T17:00:02+00:00,49,DELL-USD,equity,14103.080500999991,543.93
2026-09-16T17:00:02+00:00,50,CXMT-USD,equity,15232.561298999997,8.0535
2026-09-16T17:00:02+00:00,51,KIOXIA-USD,equity,21842.531013000018,327.90
2026-09-16T17:00:02+00:00,52,SAMSUNG-USD,equity,736823.484549,180.58
2026-09-16T17:00:02+00:00,53,CRWV-USD,equity,2466299.257754997,81.811
2026-09-16T17:00:02+00:00,54,AAVE-USD,crypto,952587.8683360004,124.81
2026-09-16T17:00:02+00:00,55,UNI-USD,crypto,990148.7532620006,6.4081
2026-09-16T17:00:02+00:00,56,WLD-USD,crypto,33992.34918199998,0.37002
2026-09-16T17:00:02+00:00,57,NEAR-USD,crypto,4290983.358047008,2.374
2026-09-16T17:00:02+00:00,58,KSHIB-USD,crypto,707669.6540319996,0.005112
2026-09-16T17:00:02+00:00,59,FARTCOIN-USD,crypto,1432780.8059750008,0.14053
2026-09-16T17:00:02+00:00,60,DOGE-USD,crypto,1659742.2936459992,0.08156
2026-09-16T17:00:02+00:00,61,ENA-USD,crypto,2037401.5569510015,0.14333
2026-09-16T17:00:02+00:00,62,ONDO-USD,crypto,509261.5314349999,0.33987
2026-09-16T17:00:02+00:00,63,SUI-USD,crypto,2392161.100430995,0.70235
2026-09-16T17:00:02+00:00,64,VVV-USD,crypto,3046875.4390910077,22.486
2026-09-16T17:00:02+00:00,65,TAO-USD,crypto,1430265.9154849958,224.83
2026-09-16T17:00:02+00:00,66,ADA-USD,crypto,2370198.470948008,0.2019
2026-09-16T17:00:02+00:00,67,ZRO-USD,crypto,1731193.3106050002,0.9604
2026-09-16T17:00:02+00:00,68,BNB-USD,crypto,336934.75722,724.66
2026-09-16T17:00:02+00:00,69,PONS-USD,crypto,1483836.1448640004,0.66053
2026-09-16T17:00:02+00:00,70,CASHCAT-USD,crypto,2392911.9398690006,0.16198
2026-09-16T17:00:02+00:00,71,USELESS-USD,crypto,2121282.857830995,0.20996
2026-09-16T17:00:02+00:00,72,KAITO-USD,crypto,1145182.2814150013,0.29713
2026-09-16T17:00:02+00:00,73,ARB-USD,crypto,2908655.354056826,0.14869
2026-09-16T17:00:02+00:00,74,LDO-USD,crypto,772446.7535860006,0.3493
2026-09-16T17:00:02+00:00,75,AVAX-USD,crypto,1173406.3347949998,7.4351
2026-09-16T17:00:02+00:00,76,LTC-USD,crypto,375570.78858599975,51.907
2026-09-16T17:00:02+00:00,77,XPL-USD,crypto,642827.897872,0.081791
2026-09-16T17:00:02+00:00,78,XMR-USD,crypto,1280639.140862059,512.89
2026-09-16T17:00:02+00:00,79,LINK-USD,crypto,741075.3045780004,11.254
2026-09-16T17:00:02+00:00,80,VIRTUAL-USD,crypto,279252.9911749998,0.60192
2026-09-16T17:00:02+00:00,81,JUP-USD,crypto,1202484.560665,0.22742
2026-09-16T17:00:02+00:00,82,ETHFI-USD,crypto,837532.5203959993,0.59634
2026-09-16T17:00:02+00:00,83,PENDLE-USD,crypto,277798.258208,2.2898
2026-09-16T17:00:02+00:00,84,MORPHO-USD,crypto,740900.4480469995,2.1546
2026-09-16T17:00:02+00:00,85,CBRS-USD,,190.203858,188.45
2026-09-16T17:00:02+00:00,86,MRVL-USD,,30.029169,229.46
2026-09-16T17:00:02+00:00,87,EWY-USD,,20.036782,178.97
2026-09-16T17:00:02+00:00,88,NCLD-USD,,0,0
2026-09-16T17:00:02+00:00,89,SOXL-USD,,110.126921,108.07
2026-09-16T17:00:02+00:00,90,UNITREE-USD,,40.03207199999999,70.481
2026-09-16T17:15:01+00:00,1,SP500-USD,index,4058756.7573490045,7583.7
2026-09-16T17:15:01+00:00,2,GOLD-USD,commodity,3254509.0396730085,4297.2
2026-09-16T17:15:01+00:00,3,WTIOIL-USD,commodity,2532298.4886919954,101.38
2026-09-16T17:15:01+00:00,4,NAS100-USD,index,3447055.9972099946,28962
2026-09-16T17:15:01+00:00,5,SILVER-USD,commodity,3718624.027959995,63.42
2026-09-16T17:15:01+00:00,6,BTC-USD,crypto,6005453.930330014,76270
2026-09-16T17:15:01+00:00,7,ETH-USD,crypto,11049389.19030004,2413.8
2026-09-16T17:15:01+00:00,8,SOL-USD,crypto,1802457.556722999,99.269
2026-09-16T17:15:01+00:00,9,SPCX-USD,equity,2395974.8187009986,144.1
2026-09-16T17:15:01+00:00,10,HYPE-USD,crypto,8418526.351176003,76.565
2026-09-16T17:15:01+00:00,11,MU-USD,equity,645117.1088690005,926.07
2026-09-16T17:15:01+00:00,13,SKHY-USD,equity,392507.14900200005,173.58
2026-09-16T17:15:01+00:00,14,SKHYNIX-USD,equity,1877098.9076199972,1237.3
2026-09-16T17:15:01+00:00,15,AAPL-USD,equity,1073436.739747002,329.69
2026-09-16T17:15:01+00:00,16,MSFT-USD,equity,1555793.2682160006,499.81
2026-09-16T17:15:01+00:00,17,GOOG-USD,equity,1074851.3292969994,343.45
2026-09-16T17:15:01+00:00,18,AMZN-USD,equity,137625.283093,249.01
2026-09-16T17:15:01+00:00,19,NVDA-USD,equity,2327351.8974089986,211.47
2026-09-16T17:15:01+00:00,20,META-USD,equity,3875444.2349809967,666.86
2026-09-16T17:15:01+00:00,21,TSLA-USD,equity,5354626.938201008,359.83
2026-09-16T17:15:01+00:00,22,AMD-USD,equity,1939797.1967479999,503.71
2026-09-16T17:15:01+00:00,23,INTC-USD,equity,1346051.0370341325,97.7
2026-09-16T17:15:01+00:00,24,AVGO-USD,equity,4695813.9632979985,338.68
2026-09-16T17:15:01+00:00,25,QCOM-USD,equity,218223.80879100008,188.39
2026-09-16T17:15:01+00:00,26,ARM-USD,equity,1099185.5030979987,242.05
2026-09-16T17:15:01+00:00,27,TSM-USD,equity,9924.555037000002,415.05
2026-09-16T17:15:01+00:00,28,ASML-USD,equity,1198133.2386389999,1594.1
2026-09-16T17:15:01+00:00,29,SNDK-USD,equity,1718745.1874229978,1535.8
2026-09-16T17:15:01+00:00,30,DRAM-USD,index,1907929.4285110012,54.797
2026-09-16T17:15:01+00:00,31,PUMP-USD,crypto,1615377.679698996,0.003512
2026-09-16T17:15:01+00:00,32,ZEC-USD,crypto,4234399.9737899965,1118
2026-09-16T17:15:01+00:00,33,XRP-USD,crypto,1313857.0815999992,1.4086
2026-09-16T17:15:01+00:00,34,LIT-USD,crypto,67284.07842300003,4.079
2026-09-16T17:15:01+00:00,35,KPEPE-USD,crypto,111628.30910900005,0.003412
2026-09-16T17:15:01+00:00,36,HOOD-USD,equity,2663703.461609997,110.65
2026-09-16T17:15:01+00:00,37,MSTR-USD,equity,1647613.40910446,131.26
2026-09-16T17:15:01+00:00,38,STRC-USD,equity,127726.38537900009,97.844
2026-09-16T17:15:01+00:00,39,CRCL-USD,equity,3392401.4483260135,88.764
2026-09-16T17:15:01+00:00,40,COIN-USD,equity,2426477.541144003,178.57
2026-09-16T17:15:01+00:00,41,RKLB-USD,equity,233452.853274,63.997
2026-09-16T17:15:01+00:00,42,LITE-USD,equity,2100944.7613770026,840.09
2026-09-16T17:15:01+00:00,43,NBIS-USD,equity,947846.2603669978,209.01
2026-09-16T17:15:01+00:00,44,ORCL-USD,equity,5570718.677360003,143.1
2026-09-16T17:15:01+00:00,45,PLTR-USD,equity,2576368.728419001,175.62
2026-09-16T17:15:01+00:00,46,BRENTOIL-USD,commodity,1804890.6980980015,103.94
2026-09-16T17:15:01+00:00,47,BABA-USD,equity,404601.23523699975,110.17
2026-09-16T17:15:01+00:00,48,ZM-USD,equity,1060461.5596079985,94.11
2026-09-16T17:15:01+00:00,49,DELL-USD,equity,14349.07153499999,546.25
2026-09-16T17:15:01+00:00,50,CXMT-USD,equity,15602.652489999997,8.0727
2026-09-16T17:15:01+00:00,51,KIOXIA-USD,equity,21509.70745400001,328.79
2026-09-16T17:15:01+00:00,52,SAMSUNG-USD,equity,736823.484549,180.58
2026-09-16T17:15:01+00:00,53,CRWV-USD,equity,2466612.557430997,81.811
2026-09-16T17:15:01+00:00,54,AAVE-USD,crypto,967491.2859550006,124.65
2026-09-16T17:15:01+00:00,55,UNI-USD,crypto,994180.5854530005,6.3873
2026-09-16T17:15:01+00:00,56,WLD-USD,crypto,33561.094081999974,0.37627
2026-09-16T17:15:01+00:00,57,NEAR-USD,crypto,4315840.807116008,2.3622
2026-09-16T17:15:01+00:00,58,KSHIB-USD,crypto,703820.8020459996,0.005089
2026-09-16T17:15:01+00:00,59,FARTCOIN-USD,crypto,1453717.987659001,0.14056
2026-09-16T17:15:01+00:00,60,DOGE-USD,crypto,1672345.0444549988,0.081358
2026-09-16T17:15:01+00:00,61,ENA-USD,crypto,2090089.708856001,0.14333
2026-09-16T17:15:01+00:00,62,ONDO-USD,crypto,509261.5314349999,0.33987
2026-09-16T17:15:01+00:00,63,SUI-USD,crypto,2399104.987051995,0.7006
2026-09-16T17:15:01+00:00,64,VVV-USD,crypto,3066725.413586008,22.351
2026-09-16T17:15:01+00:00,65,TAO-USD,crypto,1434029.7037749954,224.77
2026-09-16T17:15:01+00:00,66,ADA-USD,crypto,2367305.196861008,0.20084
2026-09-16T17:15:01+00:00,67,ZRO-USD,crypto,1764147.6665050003,0.9653
2026-09-16T17:15:01+00:00,68,BNB-USD,crypto,336934.75722,724.66
2026-09-16T17:15:01+00:00,69,PONS-USD,crypto,1464253.8480620002,0.65876
2026-09-16T17:15:01+00:00,70,CASHCAT-USD,crypto,2371914.817229001,0.16186
2026-09-16T17:15:01+00:00,71,USELESS-USD,crypto,2163885.9575499957,0.20987
2026-09-16T17:15:01+00:00,72,KAITO-USD,crypto,1177353.2955770013,0.29522
2026-09-16T17:15:01+00:00,73,ARB-USD,crypto,2903321.514963825,0.1509
2026-09-16T17:15:01+00:00,74,LDO-USD,crypto,772436.7423190008,0.34883
2026-09-16T17:15:01+00:00,75,AVAX-USD,crypto,1173477.898319,7.4103
2026-09-16T17:15:01+00:00,76,LTC-USD,crypto,375580.80045599974,51.907
2026-09-16T17:15:01+00:00,77,XPL-USD,crypto,644282.2554389999,0.082005
2026-09-16T17:15:01+00:00,78,XMR-USD,crypto,1276309.1209090592,509.55
2026-09-16T17:15:01+00:00,79,LINK-USD,crypto,741075.3085160004,11.25
2026-09-16T17:15:01+00:00,80,VIRTUAL-USD,crypto,279182.6404619998,0.60279
2026-09-16T17:15:01+00:00,81,JUP-USD,crypto,1202694.2925120005,0.2261
2026-09-16T17:15:01+00:00,82,ETHFI-USD,crypto,836014.7697939995,0.59334
2026-09-16T17:15:01+00:00,83,PENDLE-USD,crypto,278857.944106,2.2816
2026-09-16T17:15:01+00:00,84,MORPHO-USD,crypto,751951.2073429992,2.1391
2026-09-16T17:15:01+00:00,85,CBRS-USD,,210.226383,188.45
2026-09-16T17:15:01+00:00,86,MRVL-USD,,30.029169,229.46
2026-09-16T17:15:01+00:00,87,EWY-USD,,20.036782,178.97
2026-09-16T17:15:01+00:00,88,NCLD-USD,,0,0
2026-09-16T17:15:01+00:00,89,SOXL-USD,,539.704515,108.07
2026-09-16T17:15:01+00:00,90,UNITREE-USD,,583.666519,70.481
2026-09-16T17:30:02+00:00,1,SP500-USD,index,4050666.996565005,7581.0
2026-09-16T17:30:02+00:00,2,GOLD-USD,commodity,3254509.0396730085,4297.2
2026-09-16T17:30:02+00:00,3,WTIOIL-USD,commodity,2532350.6094949953,101.38
2026-09-16T17:30:02+00:00,4,NAS100-USD,index,3417501.807809993,28967
2026-09-16T17:30:02+00:00,5,SILVER-USD,commodity,3718416.2666799948,63.438
2026-09-16T17:30:02+00:00,6,BTC-USD,crypto,6081824.174370014,76500
2026-09-16T17:30:02+00:00,7,ETH-USD,crypto,11076199.991010046,2423.3
2026-09-16T17:30:02+00:00,8,SOL-USD,crypto,1810462.4038939988,99.368
2026-09-16T17:30:02+00:00,9,SPCX-USD,equity,2395810.6812009984,143.75
2026-09-16T17:30:02+00:00,10,HYPE-USD,crypto,8561369.846184004,77.162
2026-09-16T17:30:02+00:00,11,MU-USD,equity,646274.1419450003,926.07
2026-09-16T17:30:02+00:00,13,SKHY-USD,equity,392605.01584999997,173.4
2026-09-16T17:30:02+00:00,14,SKHYNIX-USD,equity,1877424.761139997,1237.3
2026-09-16T17:30:02+00:00,15,AAPL-USD,equity,1072846.659842002,330.18
2026-09-16T17:30:02+00:00,16,MSFT-USD,equity,1556073.3812450008,498.93
2026-09-16T17:30:02+00:00,17,GOOG-USD,equity,1074840.4418269994,343.1
2026-09-16T17:30:02+00:00,18,AMZN-USD,equity,148167.24703400003,248.5
2026-09-16T17:30:02+00:00,19,NVDA-USD,equity,2327329.861192999,211.62
2026-09-16T17:30:02+00:00,20,META-USD,equity,3875484.4724509963,666.86
2026-09-16T17:30:02+00:00,21,TSLA-USD,equity,5354417.554008009,359.4
2026-09-16T17:30:02+00:00,22,AMD-USD,equity,1939616.9684859996,504.45
2026-09-16T17:30:02+00:00,23,INTC-USD,equity,1345988.6893741325,97.76
2026-09-16T17:30:02+00:00,24,AVGO-USD,equity,4695836.624769999,338.36
2026-09-16T17:30:02+00:00,25,QCOM-USD,equity,194175.13469800007,189.04
2026-09-16T17:30:02+00:00,26,ARM-USD,equity,1099778.6718909987,243.34
2026-09-16T17:30:02+00:00,27,TSM-USD,equity,9924.555037000002,415.05
2026-09-16T17:30:02+00:00,28,ASML-USD,equity,1198144.200789,1594.1
2026-09-16T17:30:02+00:00,29,SNDK-USD,equity,1718745.1874229978,1535.8
2026-09-16T17:30:02+00:00,30,DRAM-USD,index,1907918.5239080014,54.818
2026-09-16T17:30:02+00:00,31,PUMP-USD,crypto,1612142.9253249955,0.003526
2026-09-16T17:30:02+00:00,32,ZEC-USD,crypto,4242127.7532699965,1140
2026-09-16T17:30:02+00:00,33,XRP-USD,crypto,1333865.3220999993,1.4086
2026-09-16T17:30:02+00:00,34,LIT-USD,crypto,119485.86847600003,4.0954
2026-09-16T17:30:02+00:00,35,KPEPE-USD,crypto,111628.30910900005,0.003412
2026-09-16T17:30:02+00:00,36,HOOD-USD,equity,2716014.5640699966,111.05
2026-09-16T17:30:02+00:00,37,MSTR-USD,equity,1647602.38326446,133
2026-09-16T17:30:02+00:00,38,STRC-USD,equity,137008.16152700013,97.844
2026-09-16T17:30:02+00:00,39,CRCL-USD,equity,3411835.191568014,88.978
2026-09-16T17:30:02+00:00,40,COIN-USD,equity,2438675.427146004,178.1
2026-09-16T17:30:02+00:00,41,RKLB-USD,equity,233463.88963,63.793
2026-09-16T17:30:02+00:00,42,LITE-USD,equity,2168413.5588900032,840.09
2026-09-16T17:30:02+00:00,43,NBIS-USD,equity,963196.6399749977,209.01
2026-09-16T17:30:02+00:00,44,ORCL-USD,equity,5570751.838180003,143.1
2026-09-16T17:30:02+00:00,45,PLTR-USD,equity,2582515.877455001,175.83
2026-09-16T17:30:02+00:00,46,BRENTOIL-USD,commodity,1804857.5285180015,103.91
2026-09-16T17:30:02+00:00,47,BABA-USD,equity,404619.1421859998,110.17
2026-09-16T17:30:02+00:00,48,ZM-USD,equity,1072032.3984830019,94.11
2026-09-16T17:30:02+00:00,49,DELL-USD,equity,15205.721029999992,545.69
2026-09-16T17:30:02+00:00,50,CXMT-USD,equity,15592.642342,8.0474
2026-09-16T17:30:02+00:00,51,KIOXIA-USD,equity,21868.65464900001,328.79
2026-09-16T17:30:02+00:00,52,SAMSUNG-USD,equity,736823.484549,180.58
2026-09-16T17:30:02+00:00,53,CRWV-USD,equity,2464952.910182997,81.733
2026-09-16T17:30:02+00:00,54,AAVE-USD,crypto,973851.5203690005,125.74
2026-09-16T17:30:02+00:00,55,UNI-USD,crypto,1001445.3214440004,6.4186
2026-09-16T17:30:02+00:00,56,WLD-USD,crypto,33584.07136199997,0.37627
2026-09-16T17:30:02+00:00,57,NEAR-USD,crypto,4349348.914639006,2.3772
2026-09-16T17:30:02+00:00,58,KSHIB-USD,crypto,699779.8533539997,0.005091
2026-09-16T17:30:02+00:00,59,FARTCOIN-USD,crypto,1581357.923601001,0.14056
2026-09-16T17:30:02+00:00,60,DOGE-USD,crypto,1722402.369549999,0.082086
2026-09-16T17:30:02+00:00,61,ENA-USD,crypto,2093360.024487,0.14466
2026-09-16T17:30:02+00:00,62,ONDO-USD,crypto,510312.10593299987,0.34535
2026-09-16T17:30:02+00:00,63,SUI-USD,crypto,2332583.009087997,0.70381
2026-09-16T17:30:02+00:00,64,VVV-USD,crypto,3098720.825507007,22.398
2026-09-16T17:30:02+00:00,65,TAO-USD,crypto,1475134.6661059957,224.77
2026-09-16T17:30:02+00:00,66,ADA-USD,crypto,2488350.599135009,0.20148
2026-09-16T17:30:02+00:00,67,ZRO-USD,crypto,1763566.8191710005,0.9686
2026-09-16T17:30:02+00:00,68,BNB-USD,crypto,336934.75722,724.66
2026-09-16T17:30:02+00:00,69,PONS-USD,crypto,1466025.8835790001,0.67212
2026-09-16T17:30:02+00:00,70,CASHCAT-USD,crypto,2375008.9628200005,0.16222
2026-09-16T17:30:02+00:00,71,USELESS-USD,crypto,2190870.323762996,0.21139
2026-09-16T17:30:02+00:00,72,KAITO-USD,crypto,1186375.3168430016,0.29561
2026-09-16T17:30:02+00:00,73,ARB-USD,crypto,2892923.948494825,0.1494
2026-09-16T17:30:02+00:00,74,LDO-USD,crypto,784507.1798240006,0.35113
2026-09-16T17:30:02+00:00,75,AVAX-USD,crypto,1175272.5894299995,7.4282
2026-09-16T17:30:02+00:00,76,LTC-USD,crypto,375590.84856299974,51.907
2026-09-16T17:30:02+00:00,77,XPL-USD,crypto,647572.6363199997,0.082284
2026-09-16T17:30:02+00:00,78,XMR-USD,crypto,1275385.2780500595,511.71
2026-09-16T17:30:02+00:00,79,LINK-USD,crypto,741085.3156760004,11.25
2026-09-16T17:30:02+00:00,80,VIRTUAL-USD,crypto,284080.2992839999,0.60589
2026-09-16T17:30:02+00:00,81,JUP-USD,crypto,1205307.3347360005,0.2264
2026-09-16T17:30:02+00:00,82,ETHFI-USD,crypto,836492.7676439994,0.59574
2026-09-16T17:30:02+00:00,83,PENDLE-USD,crypto,283520.995392,2.2948
2026-09-16T17:30:02+00:00,84,MORPHO-USD,crypto,772380.8909909992,2.1415
2026-09-16T17:30:02+00:00,85,CBRS-USD,,6227.494583000001,188.45
2026-09-16T17:30:02+00:00,86,MRVL-USD,,30.029169,229.46
2026-09-16T17:30:02+00:00,87,EWY-USD,,20.036782,178.97
2026-09-16T17:30:02+00:00,88,NCLD-USD,,0,0
2026-09-16T17:30:02+00:00,89,SOXL-USD,,12726.054739999998,108.07
2026-09-16T17:30:02+00:00,90,UNITREE-USD,,1127.202673,70.481
2026-09-16T17:45:02+00:00,1,SP500-USD,index,3971050.927165005,7583.2
2026-09-16T17:45:02+00:00,2,GOLD-USD,commodity,3250568.706427009,4296.2
2026-09-16T17:45:02+00:00,3,WTIOIL-USD,commodity,2561421.864679998,101.32
2026-09-16T17:45:02+00:00,4,NAS100-USD,index,3417110.818409994,28983
2026-09-16T17:45:02+00:00,5,SILVER-USD,commodity,3725602.2935559945,63.753
2026-09-16T17:45:02+00:00,6,BTC-USD,crypto,5985432.118930007,76830
2026-09-16T17:45:02+00:00,7,ETH-USD,crypto,11101358.11596004,2429.2
2026-09-16T17:45:02+00:00,8,SOL-USD,crypto,1684060.465503998,100.29
2026-09-16T17:45:02+00:00,9,SPCX-USD,equity,2395516.373178999,143.8
2026-09-16T17:45:02+00:00,10,HYPE-USD,crypto,8573796.271505006,77.58
2026-09-16T17:45:02+00:00,11,MU-USD,equity,651287.608371,924.47
2026-09-16T17:45:02+00:00,13,SKHY-USD,equity,414627.328083,173.4
2026-09-16T17:45:02+00:00,14,SKHYNIX-USD,equity,1880441.6977799968,1237.3
2026-09-16T17:45:02+00:00,15,AAPL-USD,equity,1072555.676874002,330.1
2026-09-16T17:45:02+00:00,16,MSFT-USD,equity,1556168.650870001,498.93
2026-09-16T17:45:02+00:00,17,GOOG-USD,equity,1074840.4418269994,344.08
2026-09-16T17:45:02+00:00,18,AMZN-USD,equity,148167.24703400003,248.5
2026-09-16T17:45:02+00:00,19,NVDA-USD,equity,2327113.6201599985,211.96
2026-09-16T17:45:02+00:00,20,META-USD,equity,3875475.8133519962,668.85
2026-09-16T17:45:02+00:00,21,TSLA-USD,equity,5352477.017103009,357.63
2026-09-16T17:45:02+00:00,22,AMD-USD,equity,2021644.6558779997,503.95
2026-09-16T17:45:02+00:00,23,INTC-USD,equity,1345955.4947401325,97.66
2026-09-16T17:45:02+00:00,24,AVGO-USD,equity,4695845.780490998,338.52
2026-09-16T17:45:02+00:00,25,QCOM-USD,equity,194535.018069,189.61
2026-09-16T17:45:02+00:00,26,ARM-USD,equity,1099757.5147389986,243.67
2026-09-16T17:45:02+00:00,27,TSM-USD,equity,9924.555037000002,415.05
2026-09-16T17:45:02+00:00,28,ASML-USD,equity,1198144.263625,1592.6
2026-09-16T17:45:02+00:00,29,SNDK-USD,equity,1716031.1951609978,1530.6
2026-09-16T17:45:02+00:00,30,DRAM-USD,index,1904844.0544950007,54.757
2026-09-16T17:45:02+00:00,31,PUMP-USD,crypto,1566164.1478829957,0.00357
2026-09-16T17:45:02+00:00,32,ZEC-USD,crypto,4168099.730989997,1141.5
2026-09-16T17:45:02+00:00,33,XRP-USD,crypto,1340595.9813999992,1.405
2026-09-16T17:45:02+00:00,34,LIT-USD,crypto,114935.41934600001,4.1173
2026-09-16T17:45:02+00:00,35,KPEPE-USD,crypto,111162.31465900005,0.003442
2026-09-16T17:45:02+00:00,36,HOOD-USD,equity,2711307.834029997,110.62
2026-09-16T17:45:02+00:00,37,MSTR-USD,equity,1645032.7904844603,132.66
2026-09-16T17:45:02+00:00,38,STRC-USD,equity,144775.11941900014,97.739
2026-09-16T17:45:02+00:00,39,CRCL-USD,equity,3336565.7865270143,88.889
2026-09-16T17:45:02+00:00,40,COIN-USD,equity,2444163.735346004,178.1
2026-09-16T17:45:02+00:00,41,RKLB-USD,equity,233551.68419099995,63.59
2026-09-16T17:45:02+00:00,42,LITE-USD,equity,2185116.358857002,840.09
2026-09-16T17:45:02+00:00,43,NBIS-USD,equity,963185.6878509977,209.01
2026-09-16T17:45:02+00:00,44,ORCL-USD,equity,5570598.679340003,142.8
2026-09-16T17:45:02+00:00,45,PLTR-USD,equity,2581721.7862370014,175.65
2026-09-16T17:45:02+00:00,46,BRENTOIL-USD,commodity,1804187.3063280014,103.73
2026-09-16T17:45:02+00:00,47,BABA-USD,equity,403476.41233599983,110.01
2026-09-16T17:45:02+00:00,48,ZM-USD,equity,1070905.341679999,93.42
2026-09-16T17:45:02+00:00,49,DELL-USD,equity,15804.064765999989,545.69
2026-09-16T17:45:02+00:00,50,CXMT-USD,equity,15592.642342,8.0474
2026-09-16T17:45:02+00:00,51,KIOXIA-USD,equity,32411.964730000007,328.79
2026-09-16T17:45:02+00:00,52,SAMSUNG-USD,equity,737258.372497,180.58
2026-09-16T17:45:02+00:00,53,CRWV-USD,equity,2452017.389948997,81.675
2026-09-16T17:45:02+00:00,54,AAVE-USD,crypto,1319162.1094840006,127.1
2026-09-16T17:45:02+00:00,55,UNI-USD,crypto,996384.9229370006,6.4789
2026-09-16T17:45:02+00:00,56,WLD-USD,crypto,33345.452428999975,0.37337
2026-09-16T17:45:02+00:00,57,NEAR-USD,crypto,4390842.670834007,2.4164
2026-09-16T17:45:02+00:00,58,KSHIB-USD,crypto,702836.7936819996,0.005128
2026-09-16T17:45:02+00:00,59,FARTCOIN-USD,crypto,1693668.2279950022,0.14198
2026-09-16T17:45:02+00:00,60,DOGE-USD,crypto,1719179.765344998,0.082083
2026-09-16T17:45:02+00:00,61,ENA-USD,crypto,2108716.0285290014,0.14493
2026-09-16T17:45:02+00:00,62,ONDO-USD,crypto,509798.2095319999,0.34402
2026-09-16T17:45:02+00:00,63,SUI-USD,crypto,2280348.133796998,0.70723
2026-09-16T17:45:02+00:00,64,VVV-USD,crypto,3105846.8662500074,22.445
2026-09-16T17:45:02+00:00,65,TAO-USD,crypto,1464829.0450989956,225.46
2026-09-16T17:45:02+00:00,66,ADA-USD,crypto,2473175.794788006,0.20239
2026-09-16T17:45:02+00:00,67,ZRO-USD,crypto,1763852.9782070003,0.9767
2026-09-16T17:45:02+00:00,68,BNB-USD,crypto,336934.75722,724.66
2026-09-16T17:45:02+00:00,69,PONS-USD,crypto,1458705.1246139992,0.67787
2026-09-16T17:45:02+00:00,70,CASHCAT-USD,crypto,2309997.382930003,0.16335
2026-09-16T17:45:02+00:00,71,USELESS-USD,crypto,2194540.089331996,0.21297
2026-09-16T17:45:02+00:00,72,KAITO-USD,crypto,1192948.1393510015,0.29512
2026-09-16T17:45:02+00:00,73,ARB-USD,crypto,2875260.302493826,0.15003
2026-09-16T17:45:02+00:00,74,LDO-USD,crypto,782410.8101500006,0.35213
2026-09-16T17:45:02+00:00,75,AVAX-USD,crypto,1174784.83557,7.4857
2026-09-16T17:45:02+00:00,76,LTC-USD,crypto,375611.0153479998,52.078
2026-09-16T17:45:02+00:00,77,XPL-USD,crypto,649440.3930779997,0.082501
2026-09-16T17:45:02+00:00,78,XMR-USD,crypto,1273191.9463340591,508.04
2026-09-16T17:45:02+00:00,79,LINK-USD,crypto,741015.1781170004,11.315
2026-09-16T17:45:02+00:00,80,VIRTUAL-USD,crypto,259101.45942299993,0.6069
2026-09-16T17:45:02+00:00,81,JUP-USD,crypto,1203742.185005,0.2283
2026-09-16T17:45:02+00:00,82,ETHFI-USD,crypto,866424.5841319993,0.597
2026-09-16T17:45:02+00:00,83,PENDLE-USD,crypto,291073.585112,2.3032
2026-09-16T17:45:02+00:00,84,MORPHO-USD,crypto,778723.071669999,2.138
2026-09-16T17:45:02+00:00,85,CBRS-USD,,6237.501658000001,188.45
2026-09-16T17:45:02+00:00,86,MRVL-USD,,30.029169,229.46
2026-09-16T17:45:02+00:00,87,EWY-USD,,206.42344599999998,178.97
2026-09-16T17:45:02+00:00,88,NCLD-USD,,0,0
2026-09-16T17:45:02+00:00,89,SOXL-USD,,12726.054739999998,108.07
2026-09-16T17:45:02+00:00,90,UNITREE-USD,,1127.202673,70.481
2026-09-16T18:00:02+00:00,1,SP500-USD,index,3970889.0780870044,7589.7
2026-09-16T18:00:02+00:00,2,GOLD-USD,commodity,3329264.727017008,4295.7
2026-09-16T18:00:02+00:00,3,WTIOIL-USD,commodity,2591470.0450519966,101.17
2026-09-16T18:00:02+00:00,4,NAS100-USD,index,3423364.4354899935,28983
2026-09-16T18:00:02+00:00,5,SILVER-USD,commodity,3725602.2935559945,63.753
2026-09-16T18:00:02+00:00,6,BTC-USD,crypto,6150985.104020006,76839
2026-09-16T18:00:02+00:00,7,ETH-USD,crypto,11217184.398640037,2439
2026-09-16T18:00:02+00:00,8,SOL-USD,crypto,1713170.7867319984,100.25
2026-09-16T18:00:02+00:00,9,SPCX-USD,equity,2395475.814666999,144.16
2026-09-16T18:00:02+00:00,10,HYPE-USD,crypto,8623703.760814007,77.365
2026-09-16T18:00:02+00:00,11,MU-USD,equity,656668.0911740001,925.2
2026-09-16T18:00:02+00:00,13,SKHY-USD,equity,414641.600883,173.4
2026-09-16T18:00:02+00:00,14,SKHYNIX-USD,equity,1880441.6977799968,1237.3
2026-09-16T18:00:02+00:00,15,AAPL-USD,equity,1072655.097004002,330.1
2026-09-16T18:00:02+00:00,16,MSFT-USD,equity,1557086.235326001,498.29
2026-09-16T18:00:02+00:00,17,GOOG-USD,equity,1075211.4748079993,344.08
2026-09-16T18:00:02+00:00,18,AMZN-USD,equity,145167.35503400004,248.81
2026-09-16T18:00:02+00:00,19,NVDA-USD,equity,2326613.6065199985,211.78
2026-09-16T18:00:02+00:00,20,META-USD,equity,3898373.760523995,668.85
2026-09-16T18:00:02+00:00,21,TSLA-USD,equity,5352253.572119009,357.4
2026-09-16T18:00:02+00:00,22,AMD-USD,equity,2027165.010676,503.95
2026-09-16T18:00:02+00:00,23,INTC-USD,equity,1348654.8666641323,97.66
2026-09-16T18:00:02+00:00,24,AVGO-USD,equity,4695790.263210999,340.53
2026-09-16T18:00:02+00:00,25,QCOM-USD,equity,216532.98418800003,189.61
2026-09-16T18:00:02+00:00,26,ARM-USD,equity,1099757.5147389988,243.67
2026-09-16T18:00:02+00:00,27,TSM-USD,equity,9924.555037000002,415.05
2026-09-16T18:00:02+00:00,28,ASML-USD,equity,1197793.164813,1594.2
2026-09-16T18:00:02+00:00,29,SNDK-USD,equity,1716031.211444998,1523.6
2026-09-16T18:00:02+00:00,30,DRAM-USD,index,1904844.0544950007,54.757
2026-09-16T18:00:02+00:00,31,PUMP-USD,crypto,1554694.960006996,0.003553
2026-09-16T18:00:02+00:00,32,ZEC-USD,crypto,4183219.223599996,1132.7
2026-09-16T18:00:02+00:00,33,XRP-USD,crypto,1341171.0166999993,1.405
2026-09-16T18:00:02+00:00,34,LIT-USD,crypto,114935.41934600001,4.1173
2026-09-16T18:00:02+00:00,35,KPEPE-USD,crypto,111432.50019400002,0.003424
2026-09-16T18:00:02+00:00,36,HOOD-USD,equity,2709175.997409997,110.23
2026-09-16T18:00:02+00:00,37,MSTR-USD,equity,1694813.7178144602,132.38
2026-09-16T18:00:02+00:00,38,STRC-USD,equity,148699.05569900008,97.739
2026-09-16T18:00:02+00:00,39,CRCL-USD,equity,3341524.163906015,88.625
2026-09-16T18:00:02+00:00,40,COIN-USD,equity,2449227.8146980037,178.1
2026-09-16T18:00:02+00:00,41,RKLB-USD,equity,233511.30817999993,63.614
2026-09-16T18:00:02+00:00,42,LITE-USD,equity,2302000.485014003,833.36
2026-09-16T18:00:02+00:00,43,NBIS-USD,equity,1006783.5604069977,208.8
2026-09-16T18:00:02+00:00,44,ORCL-USD,equity,5570744.075702003,142.8
2026-09-16T18:00:02+00:00,45,PLTR-USD,equity,2520898.075814,173.82
2026-09-16T18:00:02+00:00,46,BRENTOIL-USD,commodity,1804187.3063280014,103.73
2026-09-16T18:00:02+00:00,47,BABA-USD,equity,403476.41233599983,110.01
2026-09-16T18:00:02+00:00,48,ZM-USD,equity,1070905.341679999,93.42
2026-09-16T18:00:02+00:00,49,DELL-USD,equity,18064.787006,545.69
2026-09-16T18:00:02+00:00,50,CXMT-USD,equity,15592.642342,8.0474
2026-09-16T18:00:02+00:00,51,KIOXIA-USD,equity,32110.64607200001,327.22
2026-09-16T18:00:02+00:00,52,SAMSUNG-USD,equity,737258.372497,180.58
2026-09-16T18:00:02+00:00,53,CRWV-USD,equity,2449113.935577997,81.672
2026-09-16T18:00:02+00:00,54,AAVE-USD,crypto,1319922.187655001,126.53
2026-09-16T18:00:02+00:00,55,UNI-USD,crypto,996512.7891320003,6.4801
2026-09-16T18:00:02+00:00,56,WLD-USD,crypto,35379.956702999974,0.37337
2026-09-16T18:00:02+00:00,57,NEAR-USD,crypto,4400043.835847005,2.4001
2026-09-16T18:00:02+00:00,58,KSHIB-USD,crypto,704770.7885059995,0.005097
2026-09-16T18:00:02+00:00,59,FARTCOIN-USD,crypto,1772017.1090190012,0.14198
2026-09-16T18:00:02+00:00,60,DOGE-USD,crypto,1746110.8245329978,0.081997
2026-09-16T18:00:02+00:00,61,ENA-USD,crypto,2182082.898023001,0.14474
2026-09-16T18:00:02+00:00,62,ONDO-USD,crypto,509902.1275059999,0.34417
2026-09-16T18:00:02+00:00,63,SUI-USD,crypto,2282988.5878629987,0.70924
2026-09-16T18:00:02+00:00,64,VVV-USD,crypto,3105473.707876008,22.363
2026-09-16T18:00:02+00:00,65,TAO-USD,crypto,1486783.519551996,225.17
2026-09-16T18:00:02+00:00,66,ADA-USD,crypto,2473227.4391370066,0.2027
2026-09-16T18:00:02+00:00,67,ZRO-USD,crypto,1759563.903579,0.9811
2026-09-16T18:00:02+00:00,68,BNB-USD,crypto,432583.006519,724.66
2026-09-16T18:00:02+00:00,69,PONS-USD,crypto,1414921.6872829988,0.69356
2026-09-16T18:00:02+00:00,70,CASHCAT-USD,crypto,2275164.3947310005,0.16439
2026-09-16T18:00:02+00:00,71,USELESS-USD,crypto,2192378.3124779956,0.21275
2026-09-16T18:00:02+00:00,72,KAITO-USD,crypto,1194320.3174000015,0.29523
2026-09-16T18:00:02+00:00,73,ARB-USD,crypto,2836470.3356248233,0.14978
2026-09-16T18:00:02+00:00,74,LDO-USD,crypto,782643.5681570006,0.35205
2026-09-16T18:00:02+00:00,75,AVAX-USD,crypto,1176294.6512329997,7.4918
2026-09-16T18:00:02+00:00,76,LTC-USD,crypto,375570.7896439997,51.707
2026-09-16T18:00:02+00:00,77,XPL-USD,crypto,650752.6630149997,0.082209
2026-09-16T18:00:02+00:00,78,XMR-USD,crypto,1267357.4067700591,505.83
2026-09-16T18:00:02+00:00,79,LINK-USD,crypto,741224.1896920005,11.274
2026-09-16T18:00:02+00:00,80,VIRTUAL-USD,crypto,259121.1403849999,0.60856
2026-09-16T18:00:02+00:00,81,JUP-USD,crypto,1203541.079081,0.22871
2026-09-16T18:00:02+00:00,82,ETHFI-USD,crypto,939887.3300229994,0.59342
2026-09-16T18:00:02+00:00,83,PENDLE-USD,crypto,293920.0200320001,2.2889
2026-09-16T18:00:02+00:00,84,MORPHO-USD,crypto,794803.4134599994,2.1305
2026-09-16T18:00:02+00:00,85,CBRS-USD,,7727.820298,188.45
2026-09-16T18:00:02+00:00,86,MRVL-USD,,40.038945,229.46
2026-09-16T18:00:02+00:00,87,EWY-USD,,357.06312,178.97
2026-09-16T18:00:02+00:00,88,NCLD-USD,,0,0
2026-09-16T18:00:02+00:00,89,SOXL-USD,,13080.693423999997,108.07
2026-09-16T18:00:02+00:00,90,UNITREE-USD,,1127.202673,70.481
2026-09-16T18:15:01+00:00,1,SP500-USD,index,4419230.330593006,7593.0
2026-09-16T18:15:01+00:00,2,GOLD-USD,commodity,3463312.914458007,4306.5
2026-09-16T18:15:01+00:00,3,WTIOIL-USD,commodity,2022522.4999260046,100.85
2026-09-16T18:15:01+00:00,4,NAS100-USD,index,4323579.00056,28993
2026-09-16T18:15:01+00:00,5,SILVER-USD,commodity,3726776.015261995,63.753
2026-09-16T18:15:01+00:00,6,BTC-USD,crypto,6481145.912510005,76860
2026-09-16T18:15:01+00:00,7,ETH-USD,crypto,11248770.93328001,2431
2026-09-16T18:15:01+00:00,8,SOL-USD,crypto,1756732.0204159992,99.369
2026-09-16T18:15:01+00:00,9,SPCX-USD,equity,2395610.3639599993,144.16
2026-09-16T18:15:01+00:00,10,HYPE-USD,crypto,8532296.217896005,77.553
2026-09-16T18:15:01+00:00,11,MU-USD,equity,731568.4468099998,924.46
2026-09-16T18:15:01+00:00,13,SKHY-USD,equity,442064.4635210002,173.4
2026-09-16T18:15:01+00:00,14,SKHYNIX-USD,equity,1978877.0063599972,1237.3
2026-09-16T18:15:01+00:00,15,AAPL-USD,equity,1072815.693714002,330.1
2026-09-16T18:15:01+00:00,16,MSFT-USD,equity,1565571.3049330008,498.47
2026-09-16T18:15:01+00:00,17,GOOG-USD,equity,1135796.8186159993,344.08
2026-09-16T18:15:01+00:00,18,AMZN-USD,equity,191597.73857999986,248.81
2026-09-16T18:15:01+00:00,19,NVDA-USD,equity,2354534.6853009984,211.78
2026-09-16T18:15:01+00:00,20,META-USD,equity,3898506.9635069952,669.63
2026-09-16T18:15:01+00:00,21,TSLA-USD,equity,5355106.082342008,357.58
2026-09-16T18:15:01+00:00,22,AMD-USD,equity,2027316.8493100002,503.95
2026-09-16T18:15:01+00:00,23,INTC-USD,equity,1388186.5255241308,97.26
2026-09-16T18:15:01+00:00,24,AVGO-USD,equity,4698520.434413998,340.53
2026-09-16T18:15:01+00:00,25,QCOM-USD,equity,226533.33486099998,189.61
2026-09-16T18:15:01+00:00,26,ARM-USD,equity,1099794.1087219988,243.61
2026-09-16T18:15:01+00:00,27,TSM-USD,equity,9924.555037000002,415.05
2026-09-16T18:15:01+00:00,28,ASML-USD,equity,1197837.0878600003,1595.8
2026-09-16T18:15:01+00:00,29,SNDK-USD,equity,1728331.6787309975,1516.8
2026-09-16T18:15:01+00:00,30,DRAM-USD,index,1904855.2484440007,54.757
2026-09-16T18:15:01+00:00,31,PUMP-USD,crypto,1557739.3947299963,0.003557
2026-09-16T18:15:01+00:00,32,ZEC-USD,crypto,4630587.089410004,1131.6
2026-09-16T18:15:01+00:00,33,XRP-USD,crypto,1395624.0920999995,1.3921
2026-09-16T18:15:01+00:00,34,LIT-USD,crypto,115382.94103900001,4.1173
2026-09-16T18:15:01+00:00,35,KPEPE-USD,crypto,113947.69462900009,0.003408
2026-09-16T18:15:01+00:00,36,HOOD-USD,equity,2715590.549529998,109.74
2026-09-16T18:15:01+00:00,37,MSTR-USD,equity,1759520.2499044577,131.82
2026-09-16T18:15:01+00:00,38,STRC-USD,equity,151941.38736700013,97.739
2026-09-16T18:15:01+00:00,39,CRCL-USD,equity,3349397.0934600146,88.33
2026-09-16T18:15:01+00:00,40,COIN-USD,equity,2583673.044263002,177.7
2026-09-16T18:15:01+00:00,41,RKLB-USD,equity,258038.88523099988,64.316
2026-09-16T18:15:01+00:00,42,LITE-USD,equity,2366921.328424998,833.36
2026-09-16T18:15:01+00:00,43,NBIS-USD,equity,1163190.189199999,208.8
2026-09-16T18:15:01+00:00,44,ORCL-USD,equity,5573453.134658001,142.35
2026-09-16T18:15:01+00:00,45,PLTR-USD,equity,2651699.991243002,174.71
2026-09-16T18:15:01+00:00,46,BRENTOIL-USD,commodity,1261240.7552980003,103.71
2026-09-16T18:15:01+00:00,47,BABA-USD,equity,403487.32217399986,110.01
2026-09-16T18:15:01+00:00,48,ZM-USD,equity,1144209.277469,93.42
2026-09-16T18:15:01+00:00,49,DELL-USD,equity,22049.278833000004,545.69
2026-09-16T18:15:01+00:00,50,CXMT-USD,equity,16134.169373,8.0474
2026-09-16T18:15:01+00:00,51,KIOXIA-USD,equity,32275.50607200001,327.22
2026-09-16T18:15:01+00:00,52,SAMSUNG-USD,equity,737258.372497,180.58
2026-09-16T18:15:01+00:00,53,CRWV-USD,equity,2449513.8831859967,81.536
2026-09-16T18:15:01+00:00,54,AAVE-USD,crypto,1344226.6823250009,125.97
2026-09-16T18:15:01+00:00,55,UNI-USD,crypto,993825.3557839995,6.4799
2026-09-16T18:15:01+00:00,56,WLD-USD,crypto,34633.767647999994,0.37195
2026-09-16T18:15:01+00:00,57,NEAR-USD,crypto,4319516.921848003,2.3918
2026-09-16T18:15:01+00:00,58,KSHIB-USD,crypto,872463.5379109995,0.005097
2026-09-16T18:15:01+00:00,59,FARTCOIN-USD,crypto,1765234.2573090005,0.14166
2026-09-16T18:15:01+00:00,60,DOGE-USD,crypto,1746311.8079879973,0.081829
2026-09-16T18:15:01+00:00,61,ENA-USD,crypto,2173095.942465002,0.14361
2026-09-16T18:15:01+00:00,62,ONDO-USD,crypto,539137.8250559999,0.34046
2026-09-16T18:15:01+00:00,63,SUI-USD,crypto,2278195.6886959993,0.70562
2026-09-16T18:15:01+00:00,64,VVV-USD,crypto,3030459.0561440033,22.067
2026-09-16T18:15:01+00:00,65,TAO-USD,crypto,1458819.308935996,224.98
2026-09-16T18:15:01+00:00,66,ADA-USD,crypto,2609788.6580760004,0.20174
2026-09-16T18:15:01+00:00,67,ZRO-USD,crypto,1739044.8366219997,0.9541
2026-09-16T18:15:01+00:00,68,BNB-USD,crypto,435549.792287,724.66
2026-09-16T18:15:01+00:00,69,PONS-USD,crypto,1393202.7018619988,0.68129
2026-09-16T18:15:01+00:00,70,CASHCAT-USD,crypto,2166197.1440709974,0.1686
2026-09-16T18:15:01+00:00,71,USELESS-USD,crypto,2188939.095500995,0.21286
2026-09-16T18:15:01+00:00,72,KAITO-USD,crypto,1279329.193943001,0.29362
2026-09-16T18:15:01+00:00,73,ARB-USD,crypto,2780660.4617208256,0.14705
2026-09-16T18:15:01+00:00,74,LDO-USD,crypto,803962.7612940002,0.34999
2026-09-16T18:15:01+00:00,75,AVAX-USD,crypto,1163670.990329001,7.4835
2026-09-16T18:15:01+00:00,76,LTC-USD,crypto,375751.5956209997,51.707
2026-09-16T18:15:01+00:00,77,XPL-USD,crypto,667057.9150239993,0.081885
2026-09-16T18:15:01+00:00,78,XMR-USD,crypto,1269969.7689470595,506.37
2026-09-16T18:15:01+00:00,79,LINK-USD,crypto,741440.3316210005,11.236
2026-09-16T18:15:01+00:00,80,VIRTUAL-USD,crypto,255419.0536069999,0.60566
2026-09-16T18:15:01+00:00,81,JUP-USD,crypto,1225864.6494679998,0.22831
2026-09-16T18:15:01+00:00,82,ETHFI-USD,crypto,1079453.322328,0.5973
2026-09-16T18:15:01+00:00,83,PENDLE-USD,crypto,298329.7072800002,2.2928
2026-09-16T18:15:01+00:00,84,MORPHO-USD,crypto,795378.8213269992,2.1268
2026-09-16T18:15:01+00:00,85,CBRS-USD,,14708.510019,188.45
2026-09-16T18:15:01+00:00,86,MRVL-USD,,8151.017669000001,229.46
2026-09-16T18:15:01+00:00,87,EWY-USD,,11522.244698000004,178.97
2026-09-16T18:15:01+00:00,88,NCLD-USD,,0,0
2026-09-16T18:15:01+00:00,89,SOXL-USD,,41795.767429,108.07
2026-09-16T18:15:01+00:00,90,UNITREE-USD,,2984.0778600000003,70.481
2026-09-16T18:30:02+00:00,1,SP500-USD,index,4508002.316183007,7586.3
2026-09-16T18:30:02+00:00,2,GOLD-USD,commodity,3466476.419669007,4303.6
2026-09-16T18:30:02+00:00,3,WTIOIL-USD,commodity,1874320.672199003,100.66
2026-09-16T18:30:02+00:00,4,NAS100-USD,index,4362091.527040004,28990
2026-09-16T18:30:02+00:00,5,SILVER-USD,commodity,3735458.3057609946,63.823
2026-09-16T18:30:02+00:00,6,BTC-USD,crypto,6606542.702730006,76800
2026-09-16T18:30:02+00:00,7,ETH-USD,crypto,11093112.772040008,2432
2026-09-16T18:30:02+00:00,8,SOL-USD,crypto,1776569.1172169975,99.827
2026-09-16T18:30:02+00:00,9,SPCX-USD,equity,2395640.177425999,144.64
2026-09-16T18:30:02+00:00,10,HYPE-USD,crypto,8639468.773041004,77.86
2026-09-16T18:30:02+00:00,11,MU-USD,equity,735687.360004,924.46
2026-09-16T18:30:02+00:00,13,SKHY-USD,equity,464253.9689049997,173.4
2026-09-16T18:30:02+00:00,14,SKHYNIX-USD,equity,1981333.0409299969,1237.3
2026-09-16T18:30:02+00:00,15,AAPL-USD,equity,1072825.779306002,330.1
2026-09-16T18:30:02+00:00,16,MSFT-USD,equity,1563339.5137160008,498.71
2026-09-16T18:30:02+00:00,17,GOOG-USD,equity,1148873.2276729993,344.08
2026-09-16T18:30:02+00:00,18,AMZN-USD,equity,191580.93730799985,248.51
2026-09-16T18:30:02+00:00,19,NVDA-USD,equity,2349296.3096119985,212.16
2026-09-16T18:30:02+00:00,20,META-USD,equity,3898330.7205489953,669.22
2026-09-16T18:30:02+00:00,21,TSLA-USD,equity,5355067.954702008,357.58
2026-09-16T18:30:02+00:00,22,AMD-USD,equity,2034135.057499,504.02
2026-09-16T18:30:02+00:00,23,INTC-USD,equity,1412256.3252571311,97.16
2026-09-16T18:30:02+00:00,24,AVGO-USD,equity,4698562.183627998,340.53
2026-09-16T18:30:02+00:00,25,QCOM-USD,equity,228009.03716999997,188.85
2026-09-16T18:30:02+00:00,26,ARM-USD,equity,1102019.090094999,242.33
2026-09-16T18:30:02+00:00,27,TSM-USD,equity,9934.558621000002,415.05
2026-09-16T18:30:02+00:00,28,ASML-USD,equity,1197807.5596560002,1596.7
2026-09-16T18:30:02+00:00,29,SNDK-USD,equity,1764968.9383259972,1516.8
2026-09-16T18:30:02+00:00,30,DRAM-USD,index,1904984.843166001,54.757
2026-09-16T18:30:02+00:00,31,PUMP-USD,crypto,1552496.9119549964,0.003585
2026-09-16T18:30:02+00:00,32,ZEC-USD,crypto,4708022.581090001,1135
2026-09-16T18:30:02+00:00,33,XRP-USD,crypto,1384948.4583999992,1.403
2026-09-16T18:30:02+00:00,34,LIT-USD,crypto,118166.05230300002,4.1374
2026-09-16T18:30:02+00:00,35,KPEPE-USD,crypto,113529.84312600012,0.003407
2026-09-16T18:30:02+00:00,36,HOOD-USD,equity,2740650.8919499977,110.39
2026-09-16T18:30:02+00:00,37,MSTR-USD,equity,1796464.8211244582,132.24
2026-09-16T18:30:02+00:00,38,STRC-USD,equity,154524.18842700013,97.739
2026-09-16T18:30:02+00:00,39,CRCL-USD,equity,3371631.899043016,88.171
2026-09-16T18:30:02+00:00,40,COIN-USD,equity,2635627.695750002,177.7
2026-09-16T18:30:02+00:00,41,RKLB-USD,equity,263902.92119599984,64.279
2026-09-16T18:30:02+00:00,42,LITE-USD,equity,2391348.5403649993,833.36
2026-09-16T18:30:02+00:00,43,NBIS-USD,equity,1213230.3916339981,209
2026-09-16T18:30:02+00:00,44,ORCL-USD,equity,5573449.056413001,141.3
2026-09-16T18:30:02+00:00,45,PLTR-USD,equity,2631705.1004970013,175.29
2026-09-16T18:30:02+00:00,46,BRENTOIL-USD,commodity,1030849.917478,103.5
2026-09-16T18:30:02+00:00,47,BABA-USD,equity,405055.87734199985,110.01
2026-09-16T18:30:02+00:00,48,ZM-USD,equity,1208870.7837800009,93.42
2026-09-16T18:30:02+00:00,49,DELL-USD,equity,34370.97536,545.69
2026-09-16T18:30:02+00:00,50,CXMT-USD,equity,16316.72379,8.0474
2026-09-16T18:30:02+00:00,51,KIOXIA-USD,equity,43591.53893500002,329.08
2026-09-16T18:30:02+00:00,52,SAMSUNG-USD,equity,737280.746002,180.58
2026-09-16T18:30:02+00:00,53,CRWV-USD,equity,2503580.8381029977,80.894
2026-09-16T18:30:02+00:00,54,AAVE-USD,crypto,1229070.7473860001,125.97
2026-09-16T18:30:02+00:00,55,UNI-USD,crypto,1010400.2140590003,6.4741
2026-09-16T18:30:02+00:00,56,WLD-USD,crypto,34718.731777999994,0.37214
2026-09-16T18:30:02+00:00,57,NEAR-USD,crypto,4325166.4450440025,2.3979
2026-09-16T18:30:02+00:00,58,KSHIB-USD,crypto,912832.0856219992,0.005104
2026-09-16T18:30:02+00:00,59,FARTCOIN-USD,crypto,1754605.341170001,0.14194
2026-09-16T18:30:02+00:00,60,DOGE-USD,crypto,1739268.2193609972,0.08228
2026-09-16T18:30:02+00:00,61,ENA-USD,crypto,2174267.2950630016,0.14363
2026-09-16T18:30:02+00:00,62,ONDO-USD,crypto,568837.6780799999,0.34525
2026-09-16T18:30:02+00:00,63,SUI-USD,crypto,2274083.6514789993,0.70993
2026-09-16T18:30:02+00:00,64,VVV-USD,crypto,3069417.649690002,22.17
2026-09-16T18:30:02+00:00,65,TAO-USD,crypto,1400336.135024997,225.3
2026-09-16T18:30:02+00:00,66,ADA-USD,crypto,3037057.3059590044,0.20188
2026-09-16T18:30:02+00:00,67,ZRO-USD,crypto,1715937.7256570004,0.958
2026-09-16T18:30:02+00:00,68,BNB-USD,crypto,354421.53166399983,724.66
2026-09-16T18:30:02+00:00,69,PONS-USD,crypto,1366290.6352709997,0.66614
2026-09-16T18:30:02+00:00,70,CASHCAT-USD,crypto,2128279.926628001,0.1665
2026-09-16T18:30:02+00:00,71,USELESS-USD,crypto,2214525.2041619965,0.21337
2026-09-16T18:30:02+00:00,72,KAITO-USD,crypto,1324686.6880490002,0.29402
2026-09-16T18:30:02+00:00,73,ARB-USD,crypto,2769153.461321825,0.14495
2026-09-16T18:30:02+00:00,74,LDO-USD,crypto,832267.8158770003,0.34984
2026-09-16T18:30:02+00:00,75,AVAX-USD,crypto,1158529.8299170022,7.4694
2026-09-16T18:30:02+00:00,76,LTC-USD,crypto,375991.7795039997,51.707
2026-09-16T18:30:02+00:00,77,XPL-USD,crypto,667172.9772749994,0.081566
2026-09-16T18:30:02+00:00,78,XMR-USD,crypto,1285945.78144406,506.02
2026-09-16T18:30:02+00:00,79,LINK-USD,crypto,741002.0625040004,11.236
2026-09-16T18:30:02+00:00,80,VIRTUAL-USD,crypto,277942.2462319998,0.6054
2026-09-16T18:30:02+00:00,81,JUP-USD,crypto,1228710.9434929993,0.22741
2026-09-16T18:30:02+00:00,82,ETHFI-USD,crypto,1174015.8160969997,0.59491
2026-09-16T18:30:02+00:00,83,PENDLE-USD,crypto,328709.35624400014,2.3043
2026-09-16T18:30:02+00:00,84,MORPHO-USD,crypto,798640.9972079992,2.1409
2026-09-16T18:30:02+00:00,85,CBRS-USD,,14738.538423,188.45
2026-09-16T18:30:02+00:00,86,MRVL-USD,,8161.036589000001,229.46
2026-09-16T18:30:02+00:00,87,EWY-USD,,11522.244698000004,178.97
2026-09-16T18:30:02+00:00,88,NCLD-USD,,0,0
2026-09-16T18:30:02+00:00,89,SOXL-USD,,41845.800962999994,108.07
2026-09-16T18:30:02+00:00,90,UNITREE-USD,,2984.0778600000003,70.481
2026-09-16T18:45:02+00:00,1,SP500-USD,index,4549087.231095007,7586.7
2026-09-16T18:45:02+00:00,2,GOLD-USD,commodity,3958713.65305301,4305.6
2026-09-16T18:45:02+00:00,3,WTIOIL-USD,commodity,1872495.092654003,100.63
2026-09-16T18:45:02+00:00,4,NAS100-USD,index,4616681.581299997,28962
2026-09-16T18:45:02+00:00,5,SILVER-USD,commodity,3813191.879753994,63.895
2026-09-16T18:45:02+00:00,6,BTC-USD,crypto,6649022.792019993,75836
2026-09-16T18:45:02+00:00,7,ETH-USD,crypto,10175651.431689968,2388.9
2026-09-16T18:45:02+00:00,8,SOL-USD,crypto,1757402.3592479972,97.826
2026-09-16T18:45:02+00:00,9,SPCX-USD,equity,2395807.760459999,143.73
2026-09-16T18:45:02+00:00,10,HYPE-USD,crypto,8347569.03171401,76.27
2026-09-16T18:45:02+00:00,11,MU-USD,equity,736121.9281590001,924.39
2026-09-16T18:45:02+00:00,13,SKHY-USD,equity,464265.23429499974,173.22
2026-09-16T18:45:02+00:00,14,SKHYNIX-USD,equity,1981036.1087799966,1233.1
2026-09-16T18:45:02+00:00,15,AAPL-USD,equity,1072861.2729750017,330.2
2026-09-16T18:45:02+00:00,16,MSFT-USD,equity,1559908.304699001,497.79
2026-09-16T18:45:02+00:00,17,GOOG-USD,equity,1150308.8066729992,344.08
2026-09-16T18:45:02+00:00,18,AMZN-USD,equity,191634.84956099984,248.51
2026-09-16T18:45:02+00:00,19,NVDA-USD,equity,2349758.4409069982,212.16
2026-09-16T18:45:02+00:00,20,META-USD,equity,3898353.6236739955,670.97
2026-09-16T18:45:02+00:00,21,TSLA-USD,equity,5356312.864931007,356.91
2026-09-16T18:45:02+00:00,22,AMD-USD,equity,2034212.285974,504.02
2026-09-16T18:45:02+00:00,23,INTC-USD,equity,1412256.3295731312,96.66
2026-09-16T18:45:02+00:00,24,AVGO-USD,equity,4698647.285981999,340.53
2026-09-16T18:45:02+00:00,25,QCOM-USD,equity,223008.73443699998,188.09
2026-09-16T18:45:02+00:00,26,ARM-USD,equity,1102148.065764999,242.33
2026-09-16T18:45:02+00:00,27,TSM-USD,equity,9934.558621000002,415.05
2026-09-16T18:45:02+00:00,28,ASML-USD,equity,1197891.7498210003,1594
2026-09-16T18:45:02+00:00,29,SNDK-USD,equity,1765012.3627979972,1516.7
2026-09-16T18:45:02+00:00,30,DRAM-USD,index,1905173.093129001,54.757
2026-09-16T18:45:02+00:00,31,PUMP-USD,crypto,1553088.9394359945,0.003496
2026-09-16T18:45:02+00:00,32,ZEC-USD,crypto,4859395.515640001,1110.6
2026-09-16T18:45:02+00:00,33,XRP-USD,crypto,1292651.850699999,1.333
2026-09-16T18:45:02+00:00,34,LIT-USD,crypto,151826.657984,4.1312
2026-09-16T18:45:02+00:00,35,KPEPE-USD,crypto,106533.64589900011,0.00335
2026-09-16T18:45:02+00:00,36,HOOD-USD,equity,2747342.107189997,107.54
2026-09-16T18:45:02+00:00,37,MSTR-USD,equity,1801156.5300944583,128.67
2026-09-16T18:45:02+00:00,38,STRC-USD,equity,154578.8234830002,97.699
2026-09-16T18:45:02+00:00,39,CRCL-USD,equity,3388158.354661017,85.848
2026-09-16T18:45:02+00:00,40,COIN-USD,equity,2656430.583462001,171.2
2026-09-16T18:45:02+00:00,41,RKLB-USD,equity,264151.8660549999,63.959
2026-09-16T18:45:02+00:00,42,LITE-USD,equity,2391510.3230409995,833.36
2026-09-16T18:45:02+00:00,43,NBIS-USD,equity,1218648.1063109976,209.35
2026-09-16T18:45:02+00:00,44,ORCL-USD,equity,5573537.832023003,141.22
2026-09-16T18:45:02+00:00,45,PLTR-USD,equity,2601013.1648819996,175.06
2026-09-16T18:45:02+00:00,46,BRENTOIL-USD,commodity,1035961.835198,103.38
2026-09-16T18:45:02+00:00,47,BABA-USD,equity,405055.6759419998,109.77
2026-09-16T18:45:02+00:00,48,ZM-USD,equity,1211608.7246550007,93.42
2026-09-16T18:45:02+00:00,49,DELL-USD,equity,34683.347636,545.69
2026-09-16T18:45:02+00:00,50,CXMT-USD,equity,16418.993276999998,8.0112
2026-09-16T18:45:02+00:00,51,KIOXIA-USD,equity,48985.90858200002,329.08
2026-09-16T18:45:02+00:00,52,SAMSUNG-USD,equity,737586.1367970001,180.58
2026-09-16T18:45:02+00:00,53,CRWV-USD,equity,2518120.2566869985,80.894
2026-09-16T18:45:02+00:00,54,AAVE-USD,crypto,1133625.04284,123.71
2026-09-16T18:45:02+00:00,55,UNI-USD,crypto,1000563.25505,6.3149
2026-09-16T18:45:02+00:00,56,WLD-USD,crypto,32588.505007000003,0.36034
2026-09-16T18:45:02+00:00,57,NEAR-USD,crypto,4338119.169899002,2.336
2026-09-16T18:45:02+00:00,58,KSHIB-USD,crypto,790801.6804199999,0.005023
2026-09-16T18:45:02+00:00,59,FARTCOIN-USD,crypto,1736478.233429001,0.1373
2026-09-16T18:45:02+00:00,60,DOGE-USD,crypto,1699247.5170259983,0.080393
2026-09-16T18:45:02+00:00,61,ENA-USD,crypto,2165755.8918850007,0.14008
2026-09-16T18:45:02+00:00,62,ONDO-USD,crypto,549377.7349890004,0.33199
2026-09-16T18:45:02+00:00,63,SUI-USD,crypto,2226808.590324002,0.69061
2026-09-16T18:45:02+00:00,64,VVV-USD,crypto,3069459.2105090017,21.763
2026-09-16T18:45:02+00:00,65,TAO-USD,crypto,1374251.0085229974,220.04
2026-09-16T18:45:02+00:00,66,ADA-USD,crypto,3029101.0820160056,0.19746
2026-09-16T18:45:02+00:00,67,ZRO-USD,crypto,1674885.02126,0.9463
2026-09-16T18:45:02+00:00,68,BNB-USD,crypto,313981.9815449998,710.09
2026-09-16T18:45:02+00:00,69,PONS-USD,crypto,1354275.1313839986,0.66087
2026-09-16T18:45:02+00:00,70,CASHCAT-USD,crypto,2132239.5538450056,0.15743
2026-09-16T18:45:02+00:00,71,USELESS-USD,crypto,2203693.3063859968,0.20703
2026-09-16T18:45:02+00:00,72,KAITO-USD,crypto,1299218.0370310016,0.28862
2026-09-16T18:45:02+00:00,73,ARB-USD,crypto,2742492.694292826,0.14219
2026-09-16T18:45:02+00:00,74,LDO-USD,crypto,707547.4027909994,0.34369
2026-09-16T18:45:02+00:00,75,AVAX-USD,crypto,1112391.9369760016,7.3507
2026-09-16T18:45:02+00:00,76,LTC-USD,crypto,370043.8481679996,51.177
2026-09-16T18:45:02+00:00,77,XPL-USD,crypto,637603.7430029991,0.07992
2026-09-16T18:45:02+00:00,78,XMR-USD,crypto,1274580.096094059,503.15
2026-09-16T18:45:02+00:00,79,LINK-USD,crypto,533656.5621100002,10.989
2026-09-16T18:45:02+00:00,80,VIRTUAL-USD,crypto,255736.08745499994,0.58837
2026-09-16T18:45:02+00:00,81,JUP-USD,crypto,1226139.776671999,0.22206
2026-09-16T18:45:02+00:00,82,ETHFI-USD,crypto,1167538.7811290002,0.58314
2026-09-16T18:45:02+00:00,83,PENDLE-USD,crypto,343059.2236230001,2.2422
2026-09-16T18:45:02+00:00,84,MORPHO-USD,crypto,756929.7503969995,2.0916
2026-09-16T18:45:02+00:00,85,CBRS-USD,,35488.898069999996,188.45
2026-09-16T18:45:02+00:00,86,MRVL-USD,,8727.068642000002,229.46
2026-09-16T18:45:02+00:00,87,EWY-USD,,11797.426574000005,178.97
2026-09-16T18:45:02+00:00,88,NCLD-USD,,0,0
2026-09-16T18:45:02+00:00,89,SOXL-USD,,53183.920234000005,108.07
2026-09-16T18:45:02+00:00,90,UNITREE-USD,,3233.3486590000007,70.481
2026-09-16T19:00:02+00:00,1,SP500-USD,index,4581261.158416004,7586.7
2026-09-16T19:00:02+00:00,2,GOLD-USD,commodity,4154230.4576570103,4305.6
2026-09-16T19:00:02+00:00,3,WTIOIL-USD,commodity,1870132.1924860026,100.4
2026-09-16T19:00:02+00:00,4,NAS100-USD,index,4640653.7395699965,28962
2026-09-16T19:00:02+00:00,5,SILVER-USD,commodity,3814560.312905994,63.895
2026-09-16T19:00:02+00:00,6,BTC-USD,crypto,6229486.995909974,75913
2026-09-16T19:00:02+00:00,7,ETH-USD,crypto,9012457.67555999,2398.7
2026-09-16T19:00:02+00:00,8,SOL-USD,crypto,1637430.8148049994,98.049
2026-09-16T19:00:02+00:00,9,SPCX-USD,equity,2395986.5009789984,144.25
2026-09-16T19:00:02+00:00,10,HYPE-USD,crypto,7845224.126635015,77.114
2026-09-16T19:00:02+00:00,11,MU-USD,equity,736626.9994260002,924.39
2026-09-16T19:00:02+00:00,13,SKHY-USD,equity,464331.16230099974,173.22
2026-09-16T19:00:02+00:00,14,SKHYNIX-USD,equity,1980890.5307999966,1235.7
2026-09-16T19:00:02+00:00,15,AAPL-USD,equity,1072437.834250002,329.97
2026-09-16T19:00:02+00:00,16,MSFT-USD,equity,1556606.023569001,497.46
2026-09-16T19:00:02+00:00,17,GOOG-USD,equity,1150920.972577999,344.08
2026-09-16T19:00:02+00:00,18,AMZN-USD,equity,194137.77432299985,248.38
2026-09-16T19:00:02+00:00,19,NVDA-USD,equity,2350650.2148539973,212.1
2026-09-16T19:00:02+00:00,20,META-USD,equity,3898467.2506409953,670.97
2026-09-16T19:00:02+00:00,21,TSLA-USD,equity,5360637.742882006,356.91
2026-09-16T19:00:02+00:00,22,AMD-USD,equity,2034321.5158570001,504.02
2026-09-16T19:00:02+00:00,23,INTC-USD,equity,1412410.193894131,96.66
2026-09-16T19:00:02+00:00,24,AVGO-USD,equity,4702350.929916,340.53
2026-09-16T19:00:02+00:00,25,QCOM-USD,equity,229568.82366499995,188.81
2026-09-16T19:00:02+00:00,26,ARM-USD,equity,1102286.5140609993,243.08
2026-09-16T19:00:02+00:00,27,TSM-USD,equity,9934.558621000002,415.05
2026-09-16T19:00:02+00:00,28,ASML-USD,equity,1197946.2764430002,1594
2026-09-16T19:00:02+00:00,29,SNDK-USD,equity,1765066.733657997,1520.2
2026-09-16T19:00:02+00:00,30,DRAM-USD,index,1895295.8985880013,54.87
2026-09-16T19:00:02+00:00,31,PUMP-USD,crypto,1362867.7348799964,0.003581
2026-09-16T19:00:02+00:00,32,ZEC-USD,crypto,4787163.605250001,1134.5
2026-09-16T19:00:02+00:00,33,XRP-USD,crypto,1261676.8995000003,1.3178
2026-09-16T19:00:02+00:00,34,LIT-USD,crypto,151372.30999399998,4.2275
2026-09-16T19:00:02+00:00,35,KPEPE-USD,crypto,96834.29125100012,0.003368
2026-09-16T19:00:02+00:00,36,HOOD-USD,equity,2735244.0914199958,110.5
2026-09-16T19:00:02+00:00,37,MSTR-USD,equity,1799670.6220244581,129.73
2026-09-16T19:00:02+00:00,38,STRC-USD,equity,68028.05362000004,97.578
2026-09-16T19:00:02+00:00,39,CRCL-USD,equity,3203412.9145450145,88.119
2026-09-16T19:00:02+00:00,40,COIN-USD,equity,2614234.344738001,173.92
2026-09-16T19:00:02+00:00,41,RKLB-USD,equity,264738.78216099995,63.785
2026-09-16T19:00:02+00:00,42,LITE-USD,equity,2391415.725807,839.59
2026-09-16T19:00:02+00:00,43,NBIS-USD,equity,1221198.0051719975,209.35
2026-09-16T19:00:02+00:00,44,ORCL-USD,equity,5564207.312213003,141.14
2026-09-16T19:00:02+00:00,45,PLTR-USD,equity,1728956.7990209975,174.75
2026-09-16T19:00:02+00:00,46,BRENTOIL-USD,commodity,1025981.9680580001,103.07
2026-09-16T19:00:02+00:00,47,BABA-USD,equity,405099.07159999985,109.77
2026-09-16T19:00:02+00:00,48,ZM-USD,equity,1212034.7258460007,93.42
2026-09-16T19:00:02+00:00,49,DELL-USD,equity,34683.347636,545.69
2026-09-16T19:00:02+00:00,50,CXMT-USD,equity,16572.233777,8.0383
2026-09-16T19:00:02+00:00,51,KIOXIA-USD,equity,57959.317315000015,328.20
2026-09-16T19:00:02+00:00,52,SAMSUNG-USD,equity,725003.8522630002,181.36
2026-09-16T19:00:02+00:00,53,CRWV-USD,equity,2541846.6676679994,81.054
2026-09-16T19:00:02+00:00,54,AAVE-USD,crypto,1044950.3056520002,125.26
2026-09-16T19:00:02+00:00,55,UNI-USD,crypto,947835.2610659997,6.3908
2026-09-16T19:00:02+00:00,56,WLD-USD,crypto,28421.541946999994,0.36819
2026-09-16T19:00:02+00:00,57,NEAR-USD,crypto,4241133.883365003,2.3636
2026-09-16T19:00:02+00:00,58,KSHIB-USD,crypto,669823.3410110002,0.005027
2026-09-16T19:00:02+00:00,59,FARTCOIN-USD,crypto,1673287.167311999,0.1357
2026-09-16T19:00:02+00:00,60,DOGE-USD,crypto,1682480.347088998,0.080642
2026-09-16T19:00:02+00:00,61,ENA-USD,crypto,2148274.0786510017,0.14187
2026-09-16T19:00:02+00:00,62,ONDO-USD,crypto,541719.7405910004,0.33632
2026-09-16T19:00:02+00:00,63,SUI-USD,crypto,2198229.334241003,0.69669
2026-09-16T19:00:02+00:00,64,VVV-USD,crypto,3116071.474183002,22.016
2026-09-16T19:00:02+00:00,65,TAO-USD,crypto,1339127.8843839979,222.13
2026-09-16T19:00:02+00:00,66,ADA-USD,crypto,3013497.0614800067,0.1983
2026-09-16T19:00:02+00:00,67,ZRO-USD,crypto,1647341.7426130003,0.9637
2026-09-16T19:00:02+00:00,68,BNB-USD,crypto,235350.16475799994,719.92
2026-09-16T19:00:02+00:00,69,PONS-USD,crypto,1346199.624619997,0.67173
2026-09-16T19:00:02+00:00,70,CASHCAT-USD,crypto,2034506.3531350037,0.16241
2026-09-16T19:00:02+00:00,71,USELESS-USD,crypto,2197085.7662869967,0.211
2026-09-16T19:00:02+00:00,72,KAITO-USD,crypto,1315796.1898060015,0.28836
2026-09-16T19:00:02+00:00,73,ARB-USD,crypto,2642157.330694827,0.14544
2026-09-16T19:00:02+00:00,74,LDO-USD,crypto,670865.8030669992,0.34518
2026-09-16T19:00:02+00:00,75,AVAX-USD,crypto,1004530.2671939998,7.3508
2026-09-16T19:00:02+00:00,76,LTC-USD,crypto,344978.69143999973,51.607
2026-09-16T19:00:02+00:00,77,XPL-USD,crypto,617863.1903669996,0.081104
2026-09-16T19:00:02+00:00,78,XMR-USD,crypto,1244184.0464190587,504.88
2026-09-16T19:00:02+00:00,79,LINK-USD,crypto,41601.075979,11.08
2026-09-16T19:00:02+00:00,80,VIRTUAL-USD,crypto,215291.26486700008,0.59419
2026-09-16T19:00:02+00:00,81,JUP-USD,crypto,1221033.616513999,0.21975
2026-09-16T19:00:02+00:00,82,ETHFI-USD,crypto,1181910.7750090002,0.59217
2026-09-16T19:00:02+00:00,83,PENDLE-USD,crypto,340784.8160340001,2.2804
2026-09-16T19:00:02+00:00,84,MORPHO-USD,crypto,735245.0024519993,2.1058
2026-09-16T19:00:02+00:00,85,CBRS-USD,,35845.87310700001,188.45
2026-09-16T19:00:02+00:00,86,MRVL-USD,,8727.068642000002,229.46
2026-09-16T19:00:02+00:00,87,EWY-USD,,12806.703786000005,178.97
2026-09-16T19:00:02+00:00,88,NCLD-USD,,0,0
2026-09-16T19:00:02+00:00,89,SOXL-USD,,63668.438401,108.07
2026-09-16T19:00:02+00:00,90,UNITREE-USD,,3233.3486590000007,70.481
2026-09-16T19:15:01+00:00,1,SP500-USD,index,4590897.722315005,7584.6
2026-09-16T19:15:01+00:00,2,GOLD-USD,commodity,4211380.543381011,4300.5
2026-09-16T19:15:01+00:00,3,WTIOIL-USD,commodity,1883280.5226400015,100.35
2026-09-16T19:15:01+00:00,4,NAS100-USD,index,4694806.353429994,28930
2026-09-16T19:15:01+00:00,5,SILVER-USD,commodity,3900079.4578459924,63.777
2026-09-16T19:15:01+00:00,6,BTC-USD,crypto,6273691.280689971,75939
2026-09-16T19:15:01+00:00,7,ETH-USD,crypto,8969493.858959982,2403.6
2026-09-16T19:15:01+00:00,8,SOL-USD,crypto,1610147.5727909992,97.976
2026-09-16T19:15:01+00:00,9,SPCX-USD,equity,2476844.2124869977,143.6
2026-09-16T19:15:01+00:00,10,HYPE-USD,crypto,8119157.609323012,77.131
2026-09-16T19:15:01+00:00,11,MU-USD,equity,736801.1939750003,925.63
2026-09-16T19:15:01+00:00,13,SKHY-USD,equity,458399.3884469999,174.36
2026-09-16T19:15:01+00:00,14,SKHYNIX-USD,equity,2034618.3130199967,1238.3
2026-09-16T19:15:01+00:00,15,AAPL-USD,equity,1080605.582321002,329.76
2026-09-16T19:15:01+00:00,16,MSFT-USD,equity,1556533.140547001,496.79
2026-09-16T19:15:01+00:00,17,GOOG-USD,equity,1155037.6849409991,344.77
2026-09-16T19:15:01+00:00,18,AMZN-USD,equity,194281.51087199987,248.01
2026-09-16T19:15:01+00:00,19,NVDA-USD,equity,2335536.045610997,212.22
2026-09-16T19:15:01+00:00,20,META-USD,equity,3897002.5889719944,672.36
2026-09-16T19:15:01+00:00,21,TSLA-USD,equity,5409814.674689007,356.04
2026-09-16T19:15:01+00:00,22,AMD-USD,equity,2034598.6299860002,504.57
2026-09-16T19:15:01+00:00,23,INTC-USD,equity,1412604.8038491309,97.15
2026-09-16T19:15:01+00:00,24,AVGO-USD,equity,4702382.098416999,339.74
2026-09-16T19:15:01+00:00,25,QCOM-USD,equity,264438.5317939999,188.13
2026-09-16T19:15:01+00:00,26,ARM-USD,equity,1102373.7943159994,243.59
2026-09-16T19:15:01+00:00,27,TSM-USD,equity,9932.667557000002,414.41
2026-09-16T19:15:01+00:00,28,ASML-USD,equity,1200120.7417240003,1594
2026-09-16T19:15:01+00:00,29,SNDK-USD,equity,1829592.2343239968,1518.8
2026-09-16T19:15:01+00:00,30,DRAM-USD,index,2037913.591419002,54.922
2026-09-16T19:15:01+00:00,31,PUMP-USD,crypto,1331237.7146049973,0.003574
2026-09-16T19:15:01+00:00,32,ZEC-USD,crypto,4728103.62924,1152
2026-09-16T19:15:01+00:00,33,XRP-USD,crypto,1272965.4107,1.3079
2026-09-16T19:15:01+00:00,34,LIT-USD,crypto,153981.536618,4.1789
2026-09-16T19:15:01+00:00,35,KPEPE-USD,crypto,96195.2987590001,0.003336
2026-09-16T19:15:01+00:00,36,HOOD-USD,equity,2771907.4270599945,110.64
2026-09-16T19:15:01+00:00,37,MSTR-USD,equity,1884397.3935044573,130.17
2026-09-16T19:15:01+00:00,38,STRC-USD,equity,68028.05362000004,97.578
2026-09-16T19:15:01+00:00,39,CRCL-USD,equity,3181813.8130280143,88.198
2026-09-16T19:15:01+00:00,40,COIN-USD,equity,2492441.6814049995,174.95
2026-09-16T19:15:01+00:00,41,RKLB-USD,equity,273533.46165140806,63.49
2026-09-16T19:15:01+00:00,42,LITE-USD,equity,2394012.4939650004,838.83
2026-09-16T19:15:01+00:00,43,NBIS-USD,equity,1221256.2047279975,208.73
2026-09-16T19:15:01+00:00,44,ORCL-USD,equity,5567788.363454002,141.15
2026-09-16T19:15:01+00:00,45,PLTR-USD,equity,1697824.6968819976,173.81
2026-09-16T19:15:01+00:00,46,BRENTOIL-USD,commodity,1028370.4305980001,103.23
2026-09-16T19:15:01+00:00,47,BABA-USD,equity,405379.0133799999,109.65
2026-09-16T19:15:01+00:00,48,ZM-USD,equity,1214640.982519001,93.45
2026-09-16T19:15:01+00:00,49,DELL-USD,equity,35285.70919,543.36
2026-09-16T19:15:01+00:00,50,CXMT-USD,equity,16546.990506,8.0694
2026-09-16T19:15:01+00:00,51,KIOXIA-USD,equity,82186.86405599999,328.72
2026-09-16T19:15:01+00:00,52,SAMSUNG-USD,equity,741375.1128520003,181.65
2026-09-16T19:15:01+00:00,53,CRWV-USD,equity,2626309.3985039988,81.143
2026-09-16T19:15:01+00:00,54,AAVE-USD,crypto,1049871.4476140004,124.06
2026-09-16T19:15:01+00:00,55,UNI-USD,crypto,991293.4288319994,6.338
2026-09-16T19:15:01+00:00,56,WLD-USD,crypto,26425.47738599999,0.36596
2026-09-16T19:15:01+00:00,57,NEAR-USD,crypto,4327328.394470998,2.3503
2026-09-16T19:15:01+00:00,58,KSHIB-USD,crypto,667323.8192200004,0.005006
2026-09-16T19:15:01+00:00,59,FARTCOIN-USD,crypto,1659733.6314669985,0.13623
2026-09-16T19:15:01+00:00,60,DOGE-USD,crypto,1672618.3544769988,0.080751
2026-09-16T19:15:01+00:00,61,ENA-USD,crypto,2129878.898784,0.14067
2026-09-16T19:15:01+00:00,62,ONDO-USD,crypto,540153.2105030004,0.33511
2026-09-16T19:15:01+00:00,63,SUI-USD,crypto,2196919.080007003,0.69218
2026-09-16T19:15:01+00:00,64,VVV-USD,crypto,3140767.7676230036,22.375
2026-09-16T19:15:01+00:00,65,TAO-USD,crypto,1337734.5629209979,222.05
2026-09-16T19:15:01+00:00,66,ADA-USD,crypto,2962548.4739190014,0.1977
2026-09-16T19:15:01+00:00,67,ZRO-USD,crypto,1642288.6750670006,0.9645
2026-09-16T19:15:01+00:00,68,BNB-USD,crypto,195066.00393900005,719.38
2026-09-16T19:15:01+00:00,69,PONS-USD,crypto,1356971.6574039976,0.66079
2026-09-16T19:15:01+00:00,70,CASHCAT-USD,crypto,1975108.113209005,0.15868
2026-09-16T19:15:01+00:00,71,USELESS-USD,crypto,2213043.0331669985,0.21238
2026-09-16T19:15:01+00:00,72,KAITO-USD,crypto,1309187.9003750014,0.28631
2026-09-16T19:15:01+00:00,73,ARB-USD,crypto,2645309.664734827,0.14504
2026-09-16T19:15:01+00:00,74,LDO-USD,crypto,664288.0133729989,0.34238
2026-09-16T19:15:01+00:00,75,AVAX-USD,crypto,993938.0736109997,7.334
2026-09-16T19:15:01+00:00,76,LTC-USD,crypto,345623.33267099987,51.527
2026-09-16T19:15:01+00:00,77,XPL-USD,crypto,614217.7573739993,0.080602
2026-09-16T19:15:01+00:00,78,XMR-USD,crypto,1247320.5954110587,504.99
2026-09-16T19:15:01+00:00,79,LINK-USD,crypto,41560.594532999996,11.08
2026-09-16T19:15:01+00:00,80,VIRTUAL-USD,crypto,212350.70716699996,0.59147
2026-09-16T19:15:01+00:00,81,JUP-USD,crypto,1217738.7484039993,0.21919
2026-09-16T19:15:01+00:00,82,ETHFI-USD,crypto,1181710.492155,0.58897
2026-09-16T19:15:01+00:00,83,PENDLE-USD,crypto,344662.547138,2.2818
2026-09-16T19:15:01+00:00,84,MORPHO-USD,crypto,754026.8641799996,2.1107
2026-09-16T19:15:01+00:00,85,CBRS-USD,,48351.44096,188.45
2026-09-16T19:15:01+00:00,86,MRVL-USD,,8727.068642000002,229.46
2026-09-16T19:15:01+00:00,87,EWY-USD,,12816.705130000008,178.97
2026-09-16T19:15:01+00:00,88,NCLD-USD,,0,0
2026-09-16T19:15:01+00:00,89,SOXL-USD,,69893.668503,108.07
2026-09-16T19:15:01+00:00,90,UNITREE-USD,,3924.044334000001,70.481
2026-09-16T19:30:03+00:00,1,SP500-USD,index,4669216.027995004,7584.6
2026-09-16T19:30:03+00:00,2,GOLD-USD,commodity,4237376.5496950075,4300.3
2026-09-16T19:30:03+00:00,3,WTIOIL-USD,commodity,1907968.9039200014,100.35
2026-09-16T19:30:03+00:00,4,NAS100-USD,index,4733995.057899994,28930
2026-09-16T19:30:03+00:00,5,SILVER-USD,commodity,3901267.4270939925,63.784
2026-09-16T19:30:03+00:00,6,BTC-USD,crypto,6426803.239979974,75864.0
2026-09-16T19:30:03+00:00,7,ETH-USD,crypto,9018541.957449986,2402.7
2026-09-16T19:30:03+00:00,8,SOL-USD,crypto,1552078.5291119996,97.734
2026-09-16T19:30:03+00:00,9,SPCX-USD,equity,2494945.8670549975,143.67
2026-09-16T19:30:03+00:00,10,HYPE-USD,crypto,8216158.088691005,76.486
2026-09-16T19:30:03+00:00,11,MU-USD,equity,752368.9778230003,925.63
2026-09-16T19:30:03+00:00,13,SKHY-USD,equity,458464.727709,174.36
2026-09-16T19:30:03+00:00,14,SKHYNIX-USD,equity,2097695.4542899965,1238.3
2026-09-16T19:30:03+00:00,15,AAPL-USD,equity,1080594.631616002,330.07
2026-09-16T19:30:03+00:00,16,MSFT-USD,equity,1555533.053184001,496.29
2026-09-16T19:30:03+00:00,17,GOOG-USD,equity,1155059.4550959992,344.77
2026-09-16T19:30:03+00:00,18,AMZN-USD,equity,198255.83073299986,247.76
2026-09-16T19:30:03+00:00,19,NVDA-USD,equity,2346848.635472996,212.22
2026-09-16T19:30:03+00:00,20,META-USD,equity,3897717.5963479946,670.15
2026-09-16T19:30:03+00:00,21,TSLA-USD,equity,5416072.5339270085,355.76
2026-09-16T19:30:03+00:00,22,AMD-USD,equity,2034609.4284470002,504.57
2026-09-16T19:30:03+00:00,23,INTC-USD,equity,1464354.3996531307,97.15
2026-09-16T19:30:03+00:00,24,AVGO-USD,equity,4702382.098416999,339.74
2026-09-16T19:30:03+00:00,25,QCOM-USD,equity,297679.11927200004,187.74
2026-09-16T19:30:03+00:00,26,ARM-USD,equity,1099956.8404039994,242.65
2026-09-16T19:30:03+00:00,27,TSM-USD,equity,9932.667557000002,414.41
2026-09-16T19:30:03+00:00,28,ASML-USD,equity,1200131.5918620003,1594
2026-09-16T19:30:03+00:00,29,SNDK-USD,equity,1840901.598231997,1526
2026-09-16T19:30:03+00:00,30,DRAM-USD,index,2065139.051426002,54.922
2026-09-16T19:30:03+00:00,31,PUMP-USD,crypto,1289346.9290499967,0.003528
2026-09-16T19:30:03+00:00,32,ZEC-USD,crypto,4824676.114430001,1137.5
2026-09-16T19:30:03+00:00,33,XRP-USD,crypto,1247057.4223999996,1.2967
2026-09-16T19:30:03+00:00,34,LIT-USD,crypto,169480.8548729999,4.1509
2026-09-16T19:30:03+00:00,35,KPEPE-USD,crypto,96963.1411690001,0.003336
2026-09-16T19:30:03+00:00,36,HOOD-USD,equity,2769945.4420499946,110.76
2026-09-16T19:30:03+00:00,37,MSTR-USD,equity,1817506.2884700145,130.45
2026-09-16T19:30:03+00:00,38,STRC-USD,equity,68038.95267600003,97.578
2026-09-16T19:30:03+00:00,39,CRCL-USD,equity,3147350.809574013,88.486
2026-09-16T19:30:03+00:00,40,COIN-USD,equity,2530981.8453819994,174.33
2026-09-16T19:30:03+00:00,41,RKLB-USD,equity,273676.314127408,63.779
2026-09-16T19:30:03+00:00,42,LITE-USD,equity,2393634.6119750002,839.14
2026-09-16T19:30:03+00:00,43,NBIS-USD,equity,1230926.649925997,208.1
2026-09-16T19:30:03+00:00,44,ORCL-USD,equity,5570972.378049005,140.4
2026-09-16T19:30:03+00:00,45,PLTR-USD,equity,1726381.6683409978,173.63
2026-09-16T19:30:03+00:00,46,BRENTOIL-USD,commodity,1028400.508368,103.23
2026-09-16T19:30:03+00:00,47,BABA-USD,equity,405418.22688799986,109.69
2026-09-16T19:30:03+00:00,48,ZM-USD,equity,1215747.560779001,93.18
2026-09-16T19:30:03+00:00,49,DELL-USD,equity,35318.43265,543.36
2026-09-16T19:30:03+00:00,50,CXMT-USD,equity,16536.98445,8.0669
2026-09-16T19:30:03+00:00,51,KIOXIA-USD,equity,92250.96290099995,328.72
2026-09-16T19:30:03+00:00,52,SAMSUNG-USD,equity,741407.5740520003,181.65
2026-09-16T19:30:03+00:00,53,CRWV-USD,equity,2678820.3511060006,80.912
2026-09-16T19:30:03+00:00,54,AAVE-USD,crypto,1051749.4375989998,123.56
2026-09-16T19:30:03+00:00,55,UNI-USD,crypto,992126.4959399995,6.3744
2026-09-16T19:30:03+00:00,56,WLD-USD,crypto,26411.475953,0.36516
2026-09-16T19:30:03+00:00,57,NEAR-USD,crypto,4323566.978163006,2.3287
2026-09-16T19:30:03+00:00,58,KSHIB-USD,crypto,673712.8869050002,0.004997
2026-09-16T19:30:03+00:00,59,FARTCOIN-USD,crypto,1660039.2778159983,0.13513
2026-09-16T19:30:03+00:00,60,DOGE-USD,crypto,1660885.033982999,0.080578
2026-09-16T19:30:03+00:00,61,ENA-USD,crypto,2218458.994529002,0.14075
2026-09-16T19:30:03+00:00,62,ONDO-USD,crypto,534126.5487210003,0.33466
2026-09-16T19:30:03+00:00,63,SUI-USD,crypto,2192881.1178460023,0.68872
2026-09-16T19:30:03+00:00,64,VVV-USD,crypto,3106906.2009870033,22.084
2026-09-16T19:30:03+00:00,65,TAO-USD,crypto,1344727.9806199975,220.24
2026-09-16T19:30:03+00:00,66,ADA-USD,crypto,2958452.188305003,0.19699
2026-09-16T19:30:03+00:00,67,ZRO-USD,crypto,1623764.7681960005,0.9612
2026-09-16T19:30:03+00:00,68,BNB-USD,crypto,195066.00393900005,719.38
2026-09-16T19:30:03+00:00,69,PONS-USD,crypto,1368550.512708998,0.6596
2026-09-16T19:30:03+00:00,70,CASHCAT-USD,crypto,1974342.2250940048,0.15958
2026-09-16T19:30:03+00:00,71,USELESS-USD,crypto,2215479.9785109973,0.21788
2026-09-16T19:30:03+00:00,72,KAITO-USD,crypto,1331991.9786359998,0.28486
2026-09-16T19:30:03+00:00,73,ARB-USD,crypto,2655307.8262318294,0.14813
2026-09-16T19:30:03+00:00,74,LDO-USD,crypto,663229.8120169991,0.34181
2026-09-16T19:30:03+00:00,75,AVAX-USD,crypto,977596.3815049995,7.3284
2026-09-16T19:30:03+00:00,76,LTC-USD,crypto,345603.5895769999,51.466
2026-09-16T19:30:03+00:00,77,XPL-USD,crypto,632356.3775119995,0.080385
2026-09-16T19:30:03+00:00,78,XMR-USD,crypto,1246707.8201080589,501.3
2026-09-16T19:30:03+00:00,79,LINK-USD,crypto,41583.16674499999,11.074
2026-09-16T19:30:03+00:00,80,VIRTUAL-USD,crypto,212067.89431999996,0.59038
2026-09-16T19:30:03+00:00,81,JUP-USD,crypto,1216964.9620399994,0.21879
2026-09-16T19:30:03+00:00,82,ETHFI-USD,crypto,1179966.8935769997,0.58921
2026-09-16T19:30:03+00:00,83,PENDLE-USD,crypto,379125.231054,2.2701
2026-09-16T19:30:03+00:00,84,MORPHO-USD,crypto,757312.3606809996,2.1124
2026-09-16T19:30:03+00:00,85,CBRS-USD,,50446.37130200001,188.45
2026-09-16T19:30:03+00:00,86,MRVL-USD,,8737.074240000002,229.46
2026-09-16T19:30:03+00:00,87,EWY-USD,,12816.705130000008,178.97
2026-09-16T19:30:03+00:00,88,NCLD-USD,,0,0
2026-09-16T19:30:03+00:00,89,SOXL-USD,,73388.942749,108.07
2026-09-16T19:30:03+00:00,90,UNITREE-USD,,8777.463144000001,70.481
2026-09-16T19:45:02+00:00,1,SP500-USD,index,4691413.198369005,7583.4
2026-09-16T19:45:02+00:00,2,GOLD-USD,commodity,4239930.369066007,4299.7
2026-09-16T19:45:02+00:00,3,WTIOIL-USD,commodity,1904739.854623001,100.82
2026-09-16T19:45:02+00:00,4,NAS100-USD,index,4733927.903109996,28939
2026-09-16T19:45:02+00:00,5,SILVER-USD,commodity,3901091.649173992,63.701
2026-09-16T19:45:02+00:00,6,BTC-USD,crypto,6491011.873379975,75841
2026-09-16T19:45:02+00:00,7,ETH-USD,crypto,8912824.10352999,2402.4
2026-09-16T19:45:02+00:00,8,SOL-USD,crypto,1458211.5724670002,97.585
2026-09-16T19:45:02+00:00,9,SPCX-USD,equity,2518440.918411998,143.84
2026-09-16T19:45:02+00:00,10,HYPE-USD,crypto,8000335.682450006,76.495
2026-09-16T19:45:02+00:00,11,MU-USD,equity,752081.7370140002,926.39
2026-09-16T19:45:02+00:00,13,SKHY-USD,equity,468534.818814,174.36
2026-09-16T19:45:02+00:00,14,SKHYNIX-USD,equity,2097762.3368999963,1238.3
2026-09-16T19:45:02+00:00,15,AAPL-USD,equity,1080616.726166002,330.07
2026-09-16T19:45:02+00:00,16,MSFT-USD,equity,1555522.0851750008,495.79
2026-09-16T19:45:02+00:00,17,GOOG-USD,equity,1159364.0523459993,344.77
2026-09-16T19:45:02+00:00,18,AMZN-USD,equity,198255.8307329999,247.76
2026-09-16T19:45:02+00:00,19,NVDA-USD,equity,2347104.391419996,212.22
2026-09-16T19:45:02+00:00,20,META-USD,equity,3897728.9571909946,671
2026-09-16T19:45:02+00:00,21,TSLA-USD,equity,5415822.210611009,354.83
2026-09-16T19:45:02+00:00,22,AMD-USD,equity,2034660.7064470001,504.57
2026-09-16T19:45:02+00:00,23,INTC-USD,equity,1464662.85875113,97.26
2026-09-16T19:45:02+00:00,24,AVGO-USD,equity,4702382.098416999,339.74
2026-09-16T19:45:02+00:00,25,QCOM-USD,equity,297700.69856600004,187.55
2026-09-16T19:45:02+00:00,26,ARM-USD,equity,1097617.6469809995,242.36
2026-09-16T19:45:02+00:00,27,TSM-USD,equity,9932.667557000002,414.41
2026-09-16T19:45:02+00:00,28,ASML-USD,equity,1200183.037378,1595.8
2026-09-16T19:45:02+00:00,29,SNDK-USD,equity,1838879.399735997,1533.8
2026-09-16T19:45:02+00:00,30,DRAM-USD,index,2071165.571832002,55.037
2026-09-16T19:45:02+00:00,31,PUMP-USD,crypto,1282988.414083997,0.003559
2026-09-16T19:45:02+00:00,32,ZEC-USD,crypto,4942960.851317039,1120.5
2026-09-16T19:45:02+00:00,33,XRP-USD,crypto,1234018.2219999996,1.2989
2026-09-16T19:45:02+00:00,34,LIT-USD,crypto,169315.48452099986,4.1576
2026-09-16T19:45:02+00:00,35,KPEPE-USD,crypto,97233.6880990001,0.003364
2026-09-16T19:45:02+00:00,36,HOOD-USD,equity,2770115.500529995,109.92
2026-09-16T19:45:02+00:00,37,MSTR-USD,equity,1886636.9896100143,129.49
2026-09-16T19:45:02+00:00,38,STRC-USD,equity,68017.10024400003,97.493
2026-09-16T19:45:02+00:00,39,CRCL-USD,equity,3104599.676012013,86.552
2026-09-16T19:45:02+00:00,40,COIN-USD,equity,2477886.240184998,172.09
2026-09-16T19:45:02+00:00,41,RKLB-USD,equity,273765.131143408,63.779
2026-09-16T19:45:02+00:00,42,LITE-USD,equity,2395102.085856,839.14
2026-09-16T19:45:02+00:00,43,NBIS-USD,equity,1269517.0245399955,208.52
2026-09-16T19:45:02+00:00,44,ORCL-USD,equity,5570983.636989004,140.4
2026-09-16T19:45:02+00:00,45,PLTR-USD,equity,1690510.8447679975,173
2026-09-16T19:45:02+00:00,46,BRENTOIL-USD,commodity,1050210.442448,103.33
2026-09-16T19:45:02+00:00,47,BABA-USD,equity,405418.22688799986,109.69
2026-09-16T19:45:02+00:00,48,ZM-USD,equity,1215747.560779001,93.18
2026-09-16T19:45:02+00:00,49,DELL-USD,equity,35340.492226,543.36
2026-09-16T19:45:02+00:00,50,CXMT-USD,equity,16703.343037999995,8.0681
2026-09-16T19:45:02+00:00,51,KIOXIA-USD,equity,101692.89656799995,328.27
2026-09-16T19:45:02+00:00,52,SAMSUNG-USD,equity,741429.3078520003,181.65
2026-09-16T19:45:02+00:00,53,CRWV-USD,equity,2671108.6592020006,81.294
2026-09-16T19:45:02+00:00,54,AAVE-USD,crypto,1014863.2536760004,123.31
2026-09-16T19:45:02+00:00,55,UNI-USD,crypto,982725.1517269991,6.3803
2026-09-16T19:45:02+00:00,56,WLD-USD,crypto,24225.519866,0.36203
2026-09-16T19:45:02+00:00,57,NEAR-USD,crypto,4261691.435850002,2.323
2026-09-16T19:45:02+00:00,58,KSHIB-USD,crypto,665803.3134030001,0.004993
2026-09-16T19:45:02+00:00,59,FARTCOIN-USD,crypto,1666076.7682899986,0.13685
2026-09-16T19:45:02+00:00,60,DOGE-USD,crypto,1706520.1954579994,0.080561
2026-09-16T19:45:02+00:00,61,ENA-USD,crypto,2211397.095201003,0.14015
2026-09-16T19:45:02+00:00,62,ONDO-USD,crypto,532379.8034350004,0.33371
2026-09-16T19:45:02+00:00,63,SUI-USD,crypto,2147017.0435070014,0.68759
2026-09-16T19:45:02+00:00,64,VVV-USD,crypto,3091816.766391005,21.906
2026-09-16T19:45:02+00:00,65,TAO-USD,crypto,1314738.3555799976,220.28
2026-09-16T19:45:02+00:00,66,ADA-USD,crypto,2891907.376955003,0.19703
2026-09-16T19:45:02+00:00,67,ZRO-USD,crypto,1612046.6209230004,0.9639
2026-09-16T19:45:02+00:00,68,BNB-USD,crypto,188118.08802300005,718.15
2026-09-16T19:45:02+00:00,69,PONS-USD,crypto,1354376.7913629978,0.65324
2026-09-16T19:45:02+00:00,70,CASHCAT-USD,crypto,1961393.2713870043,0.1596
2026-09-16T19:45:02+00:00,71,USELESS-USD,crypto,2219724.754617998,0.2154
2026-09-16T19:45:02+00:00,72,KAITO-USD,crypto,1345829.391079999,0.28679
2026-09-16T19:45:02+00:00,73,ARB-USD,crypto,2626811.690825826,0.14767
2026-09-16T19:45:02+00:00,74,LDO-USD,crypto,618057.6569629994,0.34123
2026-09-16T19:45:02+00:00,75,AVAX-USD,crypto,930876.3649289992,7.3186
2026-09-16T19:45:02+00:00,76,LTC-USD,crypto,347217.30727199983,51.462
2026-09-16T19:45:02+00:00,77,XPL-USD,crypto,631271.4956779996,0.080437
2026-09-16T19:45:02+00:00,78,XMR-USD,crypto,1250811.8513810588,500.66
2026-09-16T19:45:02+00:00,79,LINK-USD,crypto,41609.997964999995,11.059
2026-09-16T19:45:02+00:00,80,VIRTUAL-USD,crypto,212639.397161,0.59081
2026-09-16T19:45:02+00:00,81,JUP-USD,crypto,1209958.039491,0.21955
2026-09-16T19:45:02+00:00,82,ETHFI-USD,crypto,1179977.2359439991,0.59125
2026-09-16T19:45:02+00:00,83,PENDLE-USD,crypto,386268.4810050001,2.266
2026-09-16T19:45:02+00:00,84,MORPHO-USD,crypto,776611.165144,2.1007
2026-09-16T19:45:02+00:00,85,CBRS-USD,,50538.449486000005,188.45
2026-09-16T19:45:02+00:00,86,MRVL-USD,,8757.096904000002,229.46
2026-09-16T19:45:02+00:00,87,EWY-USD,,12827.165401000007,178.97
2026-09-16T19:45:02+00:00,88,NCLD-USD,,0,0
2026-09-16T19:45:02+00:00,89,SOXL-USD,,76295.05780399995,108.07
2026-09-16T19:45:02+00:00,90,UNITREE-USD,,8867.834139,70.481
2026-09-16T20:00:02+00:00,1,SP500-USD,index,4730301.097007004,7595.6
2026-09-16T20:00:02+00:00,2,GOLD-USD,commodity,4206085.111880009,4298.2
2026-09-16T20:00:02+00:00,3,WTIOIL-USD,commodity,1909867.063357001,100.82
2026-09-16T20:00:02+00:00,4,NAS100-USD,index,4745827.601839995,28979
2026-09-16T20:00:02+00:00,5,SILVER-USD,commodity,3897043.426838992,63.67
2026-09-16T20:00:02+00:00,6,BTC-USD,crypto,6492226.679679974,76172.0
2026-09-16T20:00:02+00:00,7,ETH-USD,crypto,8895657.03460998,2413.7
2026-09-16T20:00:02+00:00,8,SOL-USD,crypto,1471242.7520919999,97.801
2026-09-16T20:00:02+00:00,9,SPCX-USD,equity,2534424.208143998,143.48
2026-09-16T20:00:02+00:00,10,HYPE-USD,crypto,7950608.538913005,77.033
2026-09-16T20:00:02+00:00,11,MU-USD,equity,736881.6989050002,925.39
2026-09-16T20:00:02+00:00,13,SKHY-USD,equity,453286.57783599995,174.12
2026-09-16T20:00:02+00:00,14,SKHYNIX-USD,equity,2104517.6149099967,1239.4
2026-09-16T20:00:02+00:00,15,AAPL-USD,equity,1017845.3603390021,331.25
2026-09-16T20:00:02+00:00,16,MSFT-USD,equity,1552827.0847550004,496.83
2026-09-16T20:00:02+00:00,17,GOOG-USD,equity,1137344.648433999,344.63
2026-09-16T20:00:02+00:00,18,AMZN-USD,equity,365629.34135400015,248.31
2026-09-16T20:00:02+00:00,19,NVDA-USD,equity,2579446.711300997,212.25
2026-09-16T20:00:02+00:00,20,META-USD,equity,4066497.365512996,670.66
2026-09-16T20:00:02+00:00,21,TSLA-USD,equity,5636587.441078009,356.63
2026-09-16T20:00:02+00:00,22,AMD-USD,equity,2034273.6422090002,504
2026-09-16T20:00:02+00:00,23,INTC-USD,equity,1464970.8184561303,97.16
2026-09-16T20:00:02+00:00,24,AVGO-USD,equity,4702371.221744999,339.78
2026-09-16T20:00:02+00:00,25,QCOM-USD,equity,297835.86658200016,187.94
2026-09-16T20:00:02+00:00,26,ARM-USD,equity,1097145.0120189996,241.46
2026-09-16T20:00:02+00:00,27,TSM-USD,equity,9922.638835000002,414.15
2026-09-16T20:00:02+00:00,28,ASML-USD,equity,1204644.2909550003,1593.8
2026-09-16T20:00:02+00:00,29,SNDK-USD,equity,1838543.8740769967,1531
2026-09-16T20:00:02+00:00,30,DRAM-USD,index,2222062.305791001,54.907
2026-09-16T20:00:02+00:00,31,PUMP-USD,crypto,1279071.513186997,0.003561
2026-09-16T20:00:02+00:00,32,ZEC-USD,crypto,4947487.072027042,1126.5
2026-09-16T20:00:02+00:00,33,XRP-USD,crypto,1231563.5362999998,1.2965
2026-09-16T20:00:02+00:00,34,LIT-USD,crypto,169428.67933199988,4.139
2026-09-16T20:00:02+00:00,35,KPEPE-USD,crypto,97244.61677900009,0.003364
2026-09-16T20:00:02+00:00,36,HOOD-USD,equity,2750292.4268499925,110.42
2026-09-16T20:00:02+00:00,37,MSTR-USD,equity,1873397.7844500137,129.62
2026-09-16T20:00:02+00:00,38,STRC-USD,equity,56493.90725700002,97.024
2026-09-16T20:00:02+00:00,39,CRCL-USD,equity,3056668.54927601,86.231
2026-09-16T20:00:02+00:00,40,COIN-USD,equity,2391412.790297996,172.08
2026-09-16T20:00:02+00:00,41,RKLB-USD,equity,282022.22198640805,63.617
2026-09-16T20:00:02+00:00,42,LITE-USD,equity,2395952.4481009995,839.14
2026-09-16T20:00:02+00:00,43,NBIS-USD,equity,1459787.9754379948,207.57
2026-09-16T20:00:02+00:00,44,ORCL-USD,equity,5571025.665597004,140.4
2026-09-16T20:00:02+00:00,45,PLTR-USD,equity,1497407.408519996,172.73
2026-09-16T20:00:02+00:00,46,BRENTOIL-USD,commodity,1050201.198148,103.38
2026-09-16T20:00:02+00:00,47,BABA-USD,equity,405404.09881599987,109.47
2026-09-16T20:00:02+00:00,48,ZM-USD,equity,1217987.3497090011,93.18
2026-09-16T20:00:02+00:00,49,DELL-USD,equity,35352.655072,543.61
2026-09-16T20:00:02+00:00,50,CXMT-USD,equity,16854.655085999995,8.0962
2026-09-16T20:00:02+00:00,51,KIOXIA-USD,equity,109116.85358099996,328.27
2026-09-16T20:00:02+00:00,52,SAMSUNG-USD,equity,760280.035907,184.89
2026-09-16T20:00:02+00:00,53,CRWV-USD,equity,2789306.4505609996,81.17
2026-09-16T20:00:02+00:00,54,AAVE-USD,crypto,1014199.2681880004,123.86
2026-09-16T20:00:02+00:00,55,UNI-USD,crypto,985113.5594629991,6.3909
2026-09-16T20:00:02+00:00,56,WLD-USD,crypto,24225.519866,0.36203
2026-09-16T20:00:02+00:00,57,NEAR-USD,crypto,4342927.674833002,2.3351
2026-09-16T20:00:02+00:00,58,KSHIB-USD,crypto,664410.592477,0.004988
2026-09-16T20:00:02+00:00,59,FARTCOIN-USD,crypto,1725152.1713159974,0.13691
2026-09-16T20:00:02+00:00,60,DOGE-USD,crypto,1704878.2508549995,0.080752
2026-09-16T20:00:02+00:00,61,ENA-USD,crypto,2210847.1173990034,0.14061
2026-09-16T20:00:02+00:00,62,ONDO-USD,crypto,532414.9694540004,0.33312
2026-09-16T20:00:02+00:00,63,SUI-USD,crypto,2148625.3824310014,0.6866
2026-09-16T20:00:02+00:00,64,VVV-USD,crypto,3086227.9297010046,21.849
2026-09-16T20:00:02+00:00,65,TAO-USD,crypto,1314716.3275799977,221.2
2026-09-16T20:00:02+00:00,66,ADA-USD,crypto,2881000.8080420033,0.19778
2026-09-16T20:00:02+00:00,67,ZRO-USD,crypto,1589504.908695,0.9727
2026-09-16T20:00:02+00:00,68,BNB-USD,crypto,185768.81557100004,719.6
2026-09-16T20:00:02+00:00,69,PONS-USD,crypto,1352355.7188259983,0.65727
2026-09-16T20:00:02+00:00,70,CASHCAT-USD,crypto,1957215.0149770055,0.16041
2026-09-16T20:00:02+00:00,71,USELESS-USD,crypto,2232091.237190999,0.21852
2026-09-16T20:00:02+00:00,72,KAITO-USD,crypto,1340870.8744879987,0.28908
2026-09-16T20:00:02+00:00,73,ARB-USD,crypto,2671151.5157188266,0.14781
2026-09-16T20:00:02+00:00,74,LDO-USD,crypto,618143.8173589994,0.34329
2026-09-16T20:00:02+00:00,75,AVAX-USD,crypto,936863.5265659995,7.3482
2026-09-16T20:00:02+00:00,76,LTC-USD,crypto,468361.6981820001,51.47
2026-09-16T20:00:02+00:00,77,XPL-USD,crypto,631198.9396059995,0.080904
2026-09-16T20:00:02+00:00,78,XMR-USD,crypto,1255619.5794050586,499.69
2026-09-16T20:00:02+00:00,79,LINK-USD,crypto,41600.88786399999,11.032
2026-09-16T20:00:02+00:00,80,VIRTUAL-USD,crypto,211570.66239200006,0.59491
2026-09-16T20:00:02+00:00,81,JUP-USD,crypto,1210008.1568000002,0.21977
2026-09-16T20:00:02+00:00,82,ETHFI-USD,crypto,1179877.9937279993,0.59471
2026-09-16T20:00:02+00:00,83,PENDLE-USD,crypto,393410.20093900006,2.2724
2026-09-16T20:00:02+00:00,84,MORPHO-USD,crypto,783584.9228800002,2.1185
2026-09-16T20:00:02+00:00,85,CBRS-USD,,50578.50170100001,188.45
2026-09-16T20:00:02+00:00,86,MRVL-USD,,9317.1522,229.46
2026-09-16T20:00:02+00:00,87,EWY-USD,,12827.165401000007,178.97
2026-09-16T20:00:02+00:00,88,NCLD-USD,,0,0
2026-09-16T20:00:02+00:00,89,SOXL-USD,,77839.23650999996,108.07
2026-09-16T20:00:02+00:00,90,UNITREE-USD,,8867.834139,70.481
2026-09-16T20:15:02+00:00,1,SP500-USD,index,4731618.755789003,7595.6
2026-09-16T20:15:02+00:00,2,GOLD-USD,commodity,4226831.136307011,4296.2
2026-09-16T20:15:02+00:00,3,WTIOIL-USD,commodity,1923884.3163600005,100.74
2026-09-16T20:15:02+00:00,4,NAS100-USD,index,4752377.755139994,28979
2026-09-16T20:15:02+00:00,5,SILVER-USD,commodity,3902549.098726993,63.67
2026-09-16T20:15:02+00:00,6,BTC-USD,crypto,6497957.419139974,75958
2026-09-16T20:15:02+00:00,7,ETH-USD,crypto,8863553.988669978,2407.1
2026-09-16T20:15:02+00:00,8,SOL-USD,crypto,1489110.5384969998,97.43
2026-09-16T20:15:02+00:00,9,SPCX-USD,equity,2548043.531573998,143.72
2026-09-16T20:15:02+00:00,10,HYPE-USD,crypto,8009396.747148998,77.344
2026-09-16T20:15:02+00:00,11,MU-USD,equity,736904.6800730003,925.39
2026-09-16T20:15:02+00:00,13,SKHY-USD,equity,514269.103516,174.12
2026-09-16T20:15:02+00:00,14,SKHYNIX-USD,equity,2139226.228409997,1239.4
2026-09-16T20:15:02+00:00,15,AAPL-USD,equity,1017420.1678390022,331.39
2026-09-16T20:15:02+00:00,16,MSFT-USD,equity,1523249.042268001,497.31
2026-09-16T20:15:02+00:00,17,GOOG-USD,equity,1137705.041589999,344.63
2026-09-16T20:15:02+00:00,18,AMZN-USD,equity,523017.7780620003,248.31
2026-09-16T20:15:02+00:00,19,NVDA-USD,equity,2621157.867242996,212.48
2026-09-16T20:15:02+00:00,20,META-USD,equity,4012532.3073729966,670.7
2026-09-16T20:15:02+00:00,21,TSLA-USD,equity,5646244.76467001,356.88
2026-09-16T20:15:02+00:00,22,AMD-USD,equity,2034273.6422090002,504
2026-09-16T20:15:02+00:00,23,INTC-USD,equity,1478277.3620051304,97.16
2026-09-16T20:15:02+00:00,24,AVGO-USD,equity,4702371.221744999,339.78
2026-09-16T20:15:02+00:00,25,QCOM-USD,equity,304814.07080000016,188.45
2026-09-16T20:15:02+00:00,26,ARM-USD,equity,1097145.1359729997,241.33
2026-09-16T20:15:02+00:00,27,TSM-USD,equity,9922.638835000002,414.15
2026-09-16T20:15:02+00:00,28,ASML-USD,equity,1204666.1708600004,1593.8
2026-09-16T20:15:02+00:00,29,SNDK-USD,equity,1838543.8344289968,1528.9
2026-09-16T20:15:02+00:00,30,DRAM-USD,index,2395324.8987940014,55.021
2026-09-16T20:15:02+00:00,31,PUMP-USD,crypto,1283414.7637619968,0.003552
2026-09-16T20:15:02+00:00,32,ZEC-USD,crypto,4942701.414487041,1125
2026-09-16T20:15:02+00:00,33,XRP-USD,crypto,1234189.1193999995,1.28
2026-09-16T20:15:02+00:00,34,LIT-USD,crypto,169213.28778899988,4.0606
2026-09-16T20:15:02+00:00,35,KPEPE-USD,crypto,97807.9538090001,0.003316
2026-09-16T20:15:02+00:00,36,HOOD-USD,equity,2803227.241069993,109.93
2026-09-16T20:15:02+00:00,37,MSTR-USD,equity,1869399.8268700133,129.88
2026-09-16T20:15:02+00:00,38,STRC-USD,equity,60894.95417600002,97.27
2026-09-16T20:15:02+00:00,39,CRCL-USD,equity,3009224.6280680103,85.561
2026-09-16T20:15:02+00:00,40,COIN-USD,equity,2381651.3182409965,171.98
2026-09-16T20:15:02+00:00,41,RKLB-USD,equity,284503.69171640807,63.617
2026-09-16T20:15:02+00:00,42,LITE-USD,equity,2399287.8483909997,839.14
2026-09-16T20:15:02+00:00,43,NBIS-USD,equity,1484960.5727659946,207.39
2026-09-16T20:15:02+00:00,44,ORCL-USD,equity,5571237.724727004,140.4
2026-09-16T20:15:02+00:00,45,PLTR-USD,equity,1472768.8757619958,172.61
2026-09-16T20:15:02+00:00,46,BRENTOIL-USD,commodity,1056988.948838,103.36
2026-09-16T20:15:02+00:00,47,BABA-USD,equity,405414.90896099986,109.47
2026-09-16T20:15:02+00:00,48,ZM-USD,equity,1222687.6808830013,93.32
2026-09-16T20:15:02+00:00,49,DELL-USD,equity,35352.655072,543.61
2026-09-16T20:15:02+00:00,50,CXMT-USD,equity,17056.372754999993,8.0962
2026-09-16T20:15:02+00:00,51,KIOXIA-USD,equity,109539.56990699995,328.27
2026-09-16T20:15:02+00:00,52,SAMSUNG-USD,equity,782412.5580610003,184.89
2026-09-16T20:15:02+00:00,53,CRWV-USD,equity,2804208.352511999,81.102
2026-09-16T20:15:02+00:00,54,AAVE-USD,crypto,1023418.7036510004,122.91
2026-09-16T20:15:02+00:00,55,UNI-USD,crypto,985243.3326399989,6.3905
2026-09-16T20:15:02+00:00,56,WLD-USD,crypto,24227.437574,0.36203
2026-09-16T20:15:02+00:00,57,NEAR-USD,crypto,4486183.409506995,2.3196
2026-09-16T20:15:02+00:00,58,KSHIB-USD,crypto,670965.0231890002,0.004966
2026-09-16T20:15:02+00:00,59,FARTCOIN-USD,crypto,1728664.5140229973,0.13606
2026-09-16T20:15:02+00:00,60,DOGE-USD,crypto,1733594.721376999,0.080488
2026-09-16T20:15:02+00:00,61,ENA-USD,crypto,2225536.4535690024,0.13994
2026-09-16T20:15:02+00:00,62,ONDO-USD,crypto,531914.9896460003,0.33019
2026-09-16T20:15:02+00:00,63,SUI-USD,crypto,2151688.986163001,0.6866
2026-09-16T20:15:02+00:00,64,VVV-USD,crypto,3162416.4422060023,21.827
2026-09-16T20:15:02+00:00,65,TAO-USD,crypto,1321794.7219889977,220.23
2026-09-16T20:15:02+00:00,66,ADA-USD,crypto,2878387.021586004,0.19705
2026-09-16T20:15:02+00:00,67,ZRO-USD,crypto,1575539.201612,0.9631
2026-09-16T20:15:02+00:00,68,BNB-USD,crypto,175322.097837,716.46
2026-09-16T20:15:02+00:00,69,PONS-USD,crypto,1360683.1890609986,0.64603
2026-09-16T20:15:02+00:00,70,CASHCAT-USD,crypto,1966563.6405910058,0.15989
2026-09-16T20:15:02+00:00,71,USELESS-USD,crypto,2244519.900464999,0.2155
2026-09-16T20:15:02+00:00,72,KAITO-USD,crypto,1343347.8390479987,0.28725
2026-09-16T20:15:02+00:00,73,ARB-USD,crypto,2671939.3068738254,0.14678
2026-09-16T20:15:02+00:00,74,LDO-USD,crypto,617118.8900069996,0.34009
2026-09-16T20:15:02+00:00,75,AVAX-USD,crypto,936827.5456519994,7.3011
2026-09-16T20:15:02+00:00,76,LTC-USD,crypto,468401.772348,51.47
2026-09-16T20:15:02+00:00,77,XPL-USD,crypto,632424.2916649994,0.080541
2026-09-16T20:15:02+00:00,78,XMR-USD,crypto,1262673.408525059,497.47
2026-09-16T20:15:02+00:00,79,LINK-USD,crypto,41621.89371299999,11.032
2026-09-16T20:15:02+00:00,80,VIRTUAL-USD,crypto,207810.7774410001,0.59161
2026-09-16T20:15:02+00:00,81,JUP-USD,crypto,1206959.8960390002,0.21728
2026-09-16T20:15:02+00:00,82,ETHFI-USD,crypto,1179798.8934239992,0.58971
2026-09-16T20:15:02+00:00,83,PENDLE-USD,crypto,392594.7022170001,2.2573
2026-09-16T20:15:02+00:00,84,MORPHO-USD,crypto,817916.9401700001,2.0992
2026-09-16T20:15:02+00:00,85,CBRS-USD,,50638.579030000015,188.45
2026-09-16T20:15:02+00:00,86,MRVL-USD,,9317.1522,229.46
2026-09-16T20:15:02+00:00,87,EWY-USD,,12827.165401000007,178.97
2026-09-16T20:15:02+00:00,88,NCLD-USD,,0,0
2026-09-16T20:15:02+00:00,89,SOXL-USD,,77859.25029599997,108.07
2026-09-16T20:15:02+00:00,90,UNITREE-USD,,8867.834139,70.481
2026-09-16T20:30:02+00:00,1,SP500-USD,index,4731568.776741004,7595.4
2026-09-16T20:30:02+00:00,2,GOLD-USD,commodity,4228634.223379011,4296.2
2026-09-16T20:30:02+00:00,3,WTIOIL-USD,commodity,1922095.5679910004,100.3
2026-09-16T20:30:02+00:00,4,NAS100-USD,index,4757369.341019995,28979
2026-09-16T20:30:02+00:00,5,SILVER-USD,commodity,3902560.184086993,63.67
2026-09-16T20:30:02+00:00,6,BTC-USD,crypto,6561773.749739976,75698
2026-09-16T20:30:02+00:00,7,ETH-USD,crypto,8909241.416259972,2396.4
2026-09-16T20:30:02+00:00,8,SOL-USD,crypto,1531704.924857,96.744
2026-09-16T20:30:02+00:00,9,SPCX-USD,equity,2573711.0603419985,143.57
2026-09-16T20:30:02+00:00,10,HYPE-USD,crypto,8101204.680385004,76.692
2026-09-16T20:30:02+00:00,11,MU-USD,equity,736904.6800730003,925.39
2026-09-16T20:30:02+00:00,13,SKHY-USD,equity,514291.16632,174.12
2026-09-16T20:30:02+00:00,14,SKHYNIX-USD,equity,2151815.197749997,1238.2
2026-09-16T20:30:02+00:00,15,AAPL-USD,equity,1017420.1678390022,331.39
2026-09-16T20:30:02+00:00,16,MSFT-USD,equity,1540128.247008001,497.31
2026-09-16T20:30:02+00:00,17,GOOG-USD,equity,1177631.5268899992,344.63
2026-09-16T20:30:02+00:00,18,AMZN-USD,equity,523037.7611020003,248.31
2026-09-16T20:30:02+00:00,19,NVDA-USD,equity,2621157.867242996,212.48
2026-09-16T20:30:02+00:00,20,META-USD,equity,4013710.409086996,670.7
2026-09-16T20:30:02+00:00,21,TSLA-USD,equity,5651223.94861801,356.88
2026-09-16T20:30:02+00:00,22,AMD-USD,equity,2034273.6422090002,504
2026-09-16T20:30:02+00:00,23,INTC-USD,equity,1502676.3129741303,97.1
2026-09-16T20:30:02+00:00,24,AVGO-USD,equity,4702500.780188999,339.78
2026-09-16T20:30:02+00:00,25,QCOM-USD,equity,309317.84631400026,188.2
2026-09-16T20:30:02+00:00,26,ARM-USD,equity,1097166.512125,241.33
2026-09-16T20:30:02+00:00,27,TSM-USD,equity,9922.638835000002,414.15
2026-09-16T20:30:02+00:00,28,ASML-USD,equity,1204666.1708600004,1593.8
2026-09-16T20:30:02+00:00,29,SNDK-USD,equity,1838543.8344289968,1528.9
2026-09-16T20:30:02+00:00,30,DRAM-USD,index,2395324.8987940014,55.021
2026-09-16T20:30:02+00:00,31,PUMP-USD,crypto,1272617.8140619965,0.003514
2026-09-16T20:30:02+00:00,32,ZEC-USD,crypto,4950426.943057043,1116.5
2026-09-16T20:30:02+00:00,33,XRP-USD,crypto,1230441.0995999998,1.2712
2026-09-16T20:30:02+00:00,34,LIT-USD,crypto,169622.39344899988,4.0606
2026-09-16T20:30:02+00:00,35,KPEPE-USD,crypto,98256.9753690001,0.003315
2026-09-16T20:30:02+00:00,36,HOOD-USD,equity,2821406.6301299958,109.48
2026-09-16T20:30:02+00:00,37,MSTR-USD,equity,1871626.692750013,128.71
2026-09-16T20:30:02+00:00,38,STRC-USD,equity,49836.48492499999,97.326
2026-09-16T20:30:02+00:00,39,CRCL-USD,equity,3003553.140679011,85.226
2026-09-16T20:30:02+00:00,40,COIN-USD,equity,2428999.762033996,171.55
2026-09-16T20:30:02+00:00,41,RKLB-USD,equity,284389.585642408,63.393
2026-09-16T20:30:02+00:00,42,LITE-USD,equity,2399287.8483909997,839.14
2026-09-16T20:30:02+00:00,43,NBIS-USD,equity,1481667.9661699946,207.43
2026-09-16T20:30:02+00:00,44,ORCL-USD,equity,5571237.724727004,140.4
2026-09-16T20:30:02+00:00,45,PLTR-USD,equity,1470886.1176569955,172.17
2026-09-16T20:30:02+00:00,46,BRENTOIL-USD,commodity,1056221.946068,103.16
2026-09-16T20:30:02+00:00,47,BABA-USD,equity,564259.1361469999,109.47
2026-09-16T20:30:02+00:00,48,ZM-USD,equity,1222867.4937150013,93.21
2026-09-16T20:30:02+00:00,49,DELL-USD,equity,35352.655072,543.61
2026-09-16T20:30:02+00:00,50,CXMT-USD,equity,17129.146160999997,8.0925
2026-09-16T20:30:02+00:00,51,KIOXIA-USD,equity,109539.56990699995,328.27
2026-09-16T20:30:02+00:00,52,SAMSUNG-USD,equity,782412.5580610003,184.89
2026-09-16T20:30:02+00:00,53,CRWV-USD,equity,2804760.331873999,81.102
2026-09-16T20:30:02+00:00,54,AAVE-USD,crypto,1028567.0369420006,122.34
2026-09-16T20:30:02+00:00,55,UNI-USD,crypto,993665.822166999,6.3436
2026-09-16T20:30:02+00:00,56,WLD-USD,crypto,24284.688427999998,0.36203
2026-09-16T20:30:02+00:00,57,NEAR-USD,crypto,4685744.133720997,2.3086
2026-09-16T20:30:02+00:00,58,KSHIB-USD,crypto,674139.7095089998,0.004945
2026-09-16T20:30:02+00:00,59,FARTCOIN-USD,crypto,1734039.2567819967,0.13493
2026-09-16T20:30:02+00:00,60,DOGE-USD,crypto,1748947.4533739989,0.079911
2026-09-16T20:30:02+00:00,61,ENA-USD,crypto,2223983.4626720026,0.13782
2026-09-16T20:30:02+00:00,62,ONDO-USD,crypto,555890.3566770005,0.33019
2026-09-16T20:30:02+00:00,63,SUI-USD,crypto,2165194.707985001,0.68285
2026-09-16T20:30:02+00:00,64,VVV-USD,crypto,3192211.9278940037,21.734
2026-09-16T20:30:02+00:00,65,TAO-USD,crypto,1355523.3105599987,218.8
2026-09-16T20:30:02+00:00,66,ADA-USD,crypto,2855189.4276160025,0.19508
2026-09-16T20:30:02+00:00,67,ZRO-USD,crypto,1569346.840758,0.9597
2026-09-16T20:30:02+00:00,68,BNB-USD,crypto,175527.944674,716.46
2026-09-16T20:30:02+00:00,69,PONS-USD,crypto,1356954.9613709985,0.63084
2026-09-16T20:30:02+00:00,70,CASHCAT-USD,crypto,1958573.7058970055,0.15667
2026-09-16T20:30:02+00:00,71,USELESS-USD,crypto,2252631.8520379984,0.21304
2026-09-16T20:30:02+00:00,72,KAITO-USD,crypto,1357825.8344749988,0.28569
2026-09-16T20:30:02+00:00,73,ARB-USD,crypto,2679840.8742108247,0.146
2026-09-16T20:30:02+00:00,74,LDO-USD,crypto,617270.0946859996,0.33855
2026-09-16T20:30:02+00:00,75,AVAX-USD,crypto,919115.9204399994,7.2609
2026-09-16T20:30:02+00:00,76,LTC-USD,crypto,468412.3870290001,51.174
2026-09-16T20:30:02+00:00,77,XPL-USD,crypto,666908.8949639994,0.079851
2026-09-16T20:30:02+00:00,78,XMR-USD,crypto,1265262.277343059,497.69
2026-09-16T20:30:02+00:00,79,LINK-USD,crypto,41576.254467999985,10.944
2026-09-16T20:30:02+00:00,80,VIRTUAL-USD,crypto,213392.7636900001,0.58672
2026-09-16T20:30:02+00:00,81,JUP-USD,crypto,1230507.5705810003,0.21545
2026-09-16T20:30:02+00:00,82,ETHFI-USD,crypto,1179212.2580619995,0.58366
2026-09-16T20:30:02+00:00,83,PENDLE-USD,crypto,396882.490539,2.24
2026-09-16T20:30:02+00:00,84,MORPHO-USD,crypto,839523.3795640001,2.082
2026-09-16T20:30:02+00:00,85,CBRS-USD,,50648.58080500001,188.45
2026-09-16T20:30:02+00:00,86,MRVL-USD,,9317.1522,229.46
2026-09-16T20:30:02+00:00,87,EWY-USD,,12827.165401000007,178.97
2026-09-16T20:30:02+00:00,88,NCLD-USD,,0,0
2026-09-16T20:30:02+00:00,89,SOXL-USD,,77889.26984799997,108.07
2026-09-16T20:30:02+00:00,90,UNITREE-USD,,8867.834139,70.481
2026-09-16T20:45:01+00:00,1,SP500-USD,index,4731524.571804003,7595.3
2026-09-16T20:45:01+00:00,2,GOLD-USD,commodity,4288543.11405001,4293.6
2026-09-16T20:45:01+00:00,3,WTIOIL-USD,commodity,1914557.8587980012,100.48
2026-09-16T20:45:01+00:00,4,NAS100-USD,index,4757015.781619995,28989
2026-09-16T20:45:01+00:00,5,SILVER-USD,commodity,3902698.4086849927,63.737
2026-09-16T20:45:01+00:00,6,BTC-USD,crypto,6534877.419909977,75778
2026-09-16T20:45:01+00:00,7,ETH-USD,crypto,8859575.883129966,2402
2026-09-16T20:45:01+00:00,8,SOL-USD,crypto,1551516.6805750004,96.936
2026-09-16T20:45:01+00:00,9,SPCX-USD,equity,2565206.7286319984,143.59
2026-09-16T20:45:01+00:00,10,HYPE-USD,crypto,8212121.540475003,77.247
2026-09-16T20:45:01+00:00,11,MU-USD,equity,736904.6800730003,925.39
2026-09-16T20:45:01+00:00,13,SKHY-USD,equity,514291.16632,174.12
2026-09-16T20:45:01+00:00,14,SKHYNIX-USD,equity,2158787.353269997,1238.1
2026-09-16T20:45:01+00:00,15,AAPL-USD,equity,1017106.334575002,331.51
2026-09-16T20:45:01+00:00,16,MSFT-USD,equity,1536652.398225001,497.54
2026-09-16T20:45:01+00:00,17,GOOG-USD,equity,1173261.96312,344.50
2026-09-16T20:45:01+00:00,18,AMZN-USD,equity,523037.7611020003,248.31
2026-09-16T20:45:01+00:00,19,NVDA-USD,equity,2575753.2817009958,212.65
2026-09-16T20:45:01+00:00,20,META-USD,equity,4100333.8236029954,670.4
2026-09-16T20:45:01+00:00,21,TSLA-USD,equity,5651258.533253009,356.88
2026-09-16T20:45:01+00:00,22,AMD-USD,equity,2034273.6422090002,504
2026-09-16T20:45:01+00:00,23,INTC-USD,equity,1494727.0320721297,97.14
2026-09-16T20:45:01+00:00,24,AVGO-USD,equity,4702480.801124998,340.05
2026-09-16T20:45:01+00:00,25,QCOM-USD,equity,309317.84631400026,188.2
2026-09-16T20:45:01+00:00,26,ARM-USD,equity,1097166.512125,241.33
2026-09-16T20:45:01+00:00,27,TSM-USD,equity,9922.638835000002,414.15
2026-09-16T20:45:01+00:00,28,ASML-USD,equity,1204666.1708600004,1593.8
2026-09-16T20:45:01+00:00,29,SNDK-USD,equity,1850074.7973689968,1528.9
2026-09-16T20:45:01+00:00,30,DRAM-USD,index,2395324.8987940014,55.021
2026-09-16T20:45:01+00:00,31,PUMP-USD,crypto,1247401.910299997,0.003522
2026-09-16T20:45:01+00:00,32,ZEC-USD,crypto,4949784.402787039,1122.7
2026-09-16T20:45:01+00:00,33,XRP-USD,crypto,1203061.2346999992,1.284
2026-09-16T20:45:01+00:00,34,LIT-USD,crypto,171046.82714299991,4.0269
2026-09-16T20:45:01+00:00,35,KPEPE-USD,crypto,74504.62841900007,0.003349
2026-09-16T20:45:01+00:00,36,HOOD-USD,equity,2769039.4501999957,109.4
2026-09-16T20:45:01+00:00,37,MSTR-USD,equity,1855782.537720012,129.38
2026-09-16T20:45:01+00:00,38,STRC-USD,equity,49836.48492499999,97.326
2026-09-16T20:45:01+00:00,39,CRCL-USD,equity,2831047.9734000047,85.485
2026-09-16T20:45:01+00:00,40,COIN-USD,equity,2391332.7114679944,171.8
2026-09-16T20:45:01+00:00,41,RKLB-USD,equity,284389.585642408,63.393
2026-09-16T20:45:01+00:00,42,LITE-USD,equity,2413793.9393389993,839.14
2026-09-16T20:45:01+00:00,43,NBIS-USD,equity,1480334.1102879944,207.57
2026-09-16T20:45:01+00:00,44,ORCL-USD,equity,5571237.724727004,140.4
2026-09-16T20:45:01+00:00,45,PLTR-USD,equity,1475913.4533379956,172.29
2026-09-16T20:45:01+00:00,46,BRENTOIL-USD,commodity,1049485.554738,103.22
2026-09-16T20:45:01+00:00,47,BABA-USD,equity,564259.1361469999,109.47
2026-09-16T20:45:01+00:00,48,ZM-USD,equity,1224047.792250001,93.68
2026-09-16T20:45:01+00:00,49,DELL-USD,equity,35352.655072,543.61
2026-09-16T20:45:01+00:00,50,CXMT-USD,equity,17394.161565,8.0925
2026-09-16T20:45:01+00:00,51,KIOXIA-USD,equity,109980.79862199994,328.27
2026-09-16T20:45:01+00:00,52,SAMSUNG-USD,equity,782423.6017310004,184.89
2026-09-16T20:45:01+00:00,53,CRWV-USD,equity,2858026.3163959975,81.102
2026-09-16T20:45:01+00:00,54,AAVE-USD,crypto,1008467.3966780002,122.52
2026-09-16T20:45:01+00:00,55,UNI-USD,crypto,982379.5750209985,6.3129
2026-09-16T20:45:01+00:00,56,WLD-USD,crypto,24160.93294,0.36587
2026-09-16T20:45:01+00:00,57,NEAR-USD,crypto,4621951.132961996,2.3101
2026-09-16T20:45:01+00:00,58,KSHIB-USD,crypto,653935.6065470002,0.004951
2026-09-16T20:45:01+00:00,59,FARTCOIN-USD,crypto,1738091.7417299973,0.13623
2026-09-16T20:45:01+00:00,60,DOGE-USD,crypto,1766771.7747419989,0.080081
2026-09-16T20:45:01+00:00,61,ENA-USD,crypto,2188936.9104560013,0.13866
2026-09-16T20:45:01+00:00,62,ONDO-USD,crypto,580020.9842040004,0.33019
2026-09-16T20:45:01+00:00,63,SUI-USD,crypto,2162748.0920050014,0.68605
2026-09-16T20:45:01+00:00,64,VVV-USD,crypto,3251908.7049880014,21.757
2026-09-16T20:45:01+00:00,65,TAO-USD,crypto,1354714.8362889977,219.14
2026-09-16T20:45:01+00:00,66,ADA-USD,crypto,2836000.4823930017,0.19552
2026-09-16T20:45:01+00:00,67,ZRO-USD,crypto,1543032.3088890004,0.962
2026-09-16T20:45:01+00:00,68,BNB-USD,crypto,175527.944674,716.46
2026-09-16T20:45:01+00:00,69,PONS-USD,crypto,1355515.654815999,0.63046
2026-09-16T20:45:01+00:00,70,CASHCAT-USD,crypto,1949274.724468006,0.15834
2026-09-16T20:45:01+00:00,71,USELESS-USD,crypto,2275271.0207189964,0.21483
2026-09-16T20:45:01+00:00,72,KAITO-USD,crypto,1363128.134911999,0.28629
2026-09-16T20:45:01+00:00,73,ARB-USD,crypto,2680030.3261888246,0.14653
2026-09-16T20:45:01+00:00,74,LDO-USD,crypto,601124.4457359997,0.3381
2026-09-16T20:45:01+00:00,75,AVAX-USD,crypto,917849.0583659996,7.2716
2026-09-16T20:45:01+00:00,76,LTC-USD,crypto,468402.3563370001,51.332
2026-09-16T20:45:01+00:00,77,XPL-USD,crypto,667994.8417369995,0.079929
2026-09-16T20:45:01+00:00,78,XMR-USD,crypto,1275929.139203059,498.85
2026-09-16T20:45:01+00:00,79,LINK-USD,crypto,41463.528209999975,10.973
2026-09-16T20:45:01+00:00,80,VIRTUAL-USD,crypto,211624.4658040001,0.58724
2026-09-16T20:45:01+00:00,81,JUP-USD,crypto,1227991.198551,0.21668
2026-09-16T20:45:01+00:00,82,ETHFI-USD,crypto,1179113.0563439995,0.58442
2026-09-16T20:45:01+00:00,83,PENDLE-USD,crypto,404434.641622,2.2393
2026-09-16T20:45:01+00:00,84,MORPHO-USD,crypto,863514.1279650002,2.0869
2026-09-16T20:45:01+00:00,85,CBRS-USD,,50728.77725900002,188.45
2026-09-16T20:45:01+00:00,86,MRVL-USD,,9317.1522,229.46
2026-09-16T20:45:01+00:00,87,EWY-USD,,12827.165401000007,178.97
2026-09-16T20:45:01+00:00,88,NCLD-USD,,0,0
2026-09-16T20:45:01+00:00,89,SOXL-USD,,77989.26009399997,108.07
2026-09-16T20:45:01+00:00,90,UNITREE-USD,,8867.834139,70.481
2026-09-16T21:00:02+00:00,1,SP500-USD,index,4741783.015099004,7595.6
2026-09-16T21:00:02+00:00,2,GOLD-USD,commodity,4259842.327763008,4296.7
2026-09-16T21:00:02+00:00,3,WTIOIL-USD,commodity,1921520.764815002,100.43
2026-09-16T21:00:02+00:00,4,NAS100-USD,index,4757031.718969995,28989
2026-09-16T21:00:02+00:00,5,SILVER-USD,commodity,3903977.078007993,63.737
2026-09-16T21:00:02+00:00,6,BTC-USD,crypto,6570683.053049977,75891
2026-09-16T21:00:02+00:00,7,ETH-USD,crypto,8733874.160659961,2404.4
2026-09-16T21:00:02+00:00,8,SOL-USD,crypto,1515899.3291940016,97.311
2026-09-16T21:00:02+00:00,9,SPCX-USD,equity,2565122.979133998,143.39
2026-09-16T21:00:02+00:00,10,HYPE-USD,crypto,8264682.730349004,77.226
2026-09-16T21:00:02+00:00,11,MU-USD,equity,736915.7543320003,925.39
2026-09-16T21:00:02+00:00,13,SKHY-USD,equity,514291.16632,174.12
2026-09-16T21:00:02+00:00,14,SKHYNIX-USD,equity,2162202.7227899972,1238.1
2026-09-16T21:00:02+00:00,15,AAPL-USD,equity,1031493.452743002,331.59
2026-09-16T21:00:02+00:00,16,MSFT-USD,equity,1540380.188619001,497.54
2026-09-16T21:00:02+00:00,17,GOOG-USD,equity,1173261.96312,344.50
2026-09-16T21:00:02+00:00,18,AMZN-USD,equity,543269.5341100002,248.31
2026-09-16T21:00:02+00:00,19,NVDA-USD,equity,2579241.4922249974,212.35
2026-09-16T21:00:02+00:00,20,META-USD,equity,4100957.7337989956,669.47
2026-09-16T21:00:02+00:00,21,TSLA-USD,equity,5651472.247173009,356.88
2026-09-16T21:00:02+00:00,22,AMD-USD,equity,2034273.6422090002,504
2026-09-16T21:00:02+00:00,23,INTC-USD,equity,1494709.1593601299,97.06
2026-09-16T21:00:02+00:00,24,AVGO-USD,equity,4702441.763384999,340.15
2026-09-16T21:00:02+00:00,25,QCOM-USD,equity,298853.73118800024,188.12
2026-09-16T21:00:02+00:00,26,ARM-USD,equity,1097166.512125,241.33
2026-09-16T21:00:02+00:00,27,TSM-USD,equity,9922.638835000002,414.15
2026-09-16T21:00:02+00:00,28,ASML-USD,equity,1204666.1708600004,1593.8
2026-09-16T21:00:02+00:00,29,SNDK-USD,equity,1850074.7973689968,1528.9
2026-09-16T21:00:02+00:00,30,DRAM-USD,index,2395324.8987940014,55.021
2026-09-16T21:00:02+00:00,31,PUMP-USD,crypto,1242977.5615749971,0.003524
2026-09-16T21:00:02+00:00,32,ZEC-USD,crypto,4953036.539887037,1121.7
2026-09-16T21:00:02+00:00,33,XRP-USD,crypto,1197673.8020999995,1.2885
2026-09-16T21:00:02+00:00,34,LIT-USD,crypto,168251.66980499992,4.0914
2026-09-16T21:00:02+00:00,35,KPEPE-USD,crypto,74763.11450600009,0.003344
2026-09-16T21:00:02+00:00,36,HOOD-USD,equity,2804396.226669996,109.46
2026-09-16T21:00:02+00:00,37,MSTR-USD,equity,1909023.840190012,129.38
2026-09-16T21:00:02+00:00,38,STRC-USD,equity,49836.48492499999,97.326
2026-09-16T21:00:02+00:00,39,CRCL-USD,equity,2801188.957165004,85.422
2026-09-16T21:00:02+00:00,40,COIN-USD,equity,2275950.6519809957,171.66
2026-09-16T21:00:02+00:00,41,RKLB-USD,equity,284389.585642408,63.393
2026-09-16T21:00:02+00:00,42,LITE-USD,equity,2420676.2519049994,839.14
2026-09-16T21:00:02+00:00,43,NBIS-USD,equity,1480334.1102879944,207.57
2026-09-16T21:00:02+00:00,44,ORCL-USD,equity,5571551.847624004,140.4
2026-09-16T21:00:02+00:00,45,PLTR-USD,equity,1483398.4787629957,172.34
2026-09-16T21:00:02+00:00,46,BRENTOIL-USD,commodity,1063961.293458,103.21
2026-09-16T21:00:02+00:00,47,BABA-USD,equity,564269.935215,109.47
2026-09-16T21:00:02+00:00,48,ZM-USD,equity,1224596.8716380012,93.68
2026-09-16T21:00:02+00:00,49,DELL-USD,equity,35352.655072,543.61
2026-09-16T21:00:02+00:00,50,CXMT-USD,equity,18914.710645,8.0925
2026-09-16T21:00:02+00:00,51,KIOXIA-USD,equity,116001.83807799993,328.27
2026-09-16T21:00:02+00:00,52,SAMSUNG-USD,equity,782423.6017310004,184.89
2026-09-16T21:00:02+00:00,53,CRWV-USD,equity,2861237.1783489976,80.982
2026-09-16T21:00:02+00:00,54,AAVE-USD,crypto,1010558.9085550002,122.18
2026-09-16T21:00:02+00:00,55,UNI-USD,crypto,975820.8207739993,6.2876
2026-09-16T21:00:02+00:00,56,WLD-USD,crypto,26353.579631999997,0.36587
2026-09-16T21:00:02+00:00,57,NEAR-USD,crypto,4660113.521741996,2.332
2026-09-16T21:00:02+00:00,58,KSHIB-USD,crypto,653182.8636270001,0.004965
2026-09-16T21:00:02+00:00,59,FARTCOIN-USD,crypto,1746812.9820709978,0.13679
2026-09-16T21:00:02+00:00,60,DOGE-USD,crypto,1776359.7572109986,0.080358
2026-09-16T21:00:02+00:00,61,ENA-USD,crypto,2229338.4086490003,0.13909
2026-09-16T21:00:02+00:00,62,ONDO-USD,crypto,579966.4998540004,0.3291
2026-09-16T21:00:02+00:00,63,SUI-USD,crypto,2165170.5196220013,0.68638
2026-09-16T21:00:02+00:00,64,VVV-USD,crypto,3274400.5211040014,21.687
2026-09-16T21:00:02+00:00,65,TAO-USD,crypto,1349283.819639998,219.41
2026-09-16T21:00:02+00:00,66,ADA-USD,crypto,2875648.187110001,0.19645
2026-09-16T21:00:02+00:00,67,ZRO-USD,crypto,1517552.8764159998,0.9675
2026-09-16T21:00:02+00:00,68,BNB-USD,crypto,175515.47827,714.01
2026-09-16T21:00:02+00:00,69,PONS-USD,crypto,1355048.1056279985,0.6374
2026-09-16T21:00:02+00:00,70,CASHCAT-USD,crypto,1931238.0269530062,0.15768
2026-09-16T21:00:02+00:00,71,USELESS-USD,crypto,2280412.861922996,0.2177
2026-09-16T21:00:02+00:00,72,KAITO-USD,crypto,1381349.6319939992,0.28699
2026-09-16T21:00:02+00:00,73,ARB-USD,crypto,2683768.165827833,0.14604
2026-09-16T21:00:02+00:00,74,LDO-USD,crypto,601204.7153889996,0.33747
2026-09-16T21:00:02+00:00,75,AVAX-USD,crypto,919398.9078629994,7.2961
2026-09-16T21:00:02+00:00,76,LTC-USD,crypto,468382.319112,51.042
2026-09-16T21:00:02+00:00,77,XPL-USD,crypto,673422.4878809996,0.080331
2026-09-16T21:00:02+00:00,78,XMR-USD,crypto,1270548.4975990583,501.78
2026-09-16T21:00:02+00:00,79,LINK-USD,crypto,41383.32196099997,10.951
2026-09-16T21:00:02+00:00,80,VIRTUAL-USD,crypto,210626.26544000013,0.59028
2026-09-16T21:00:02+00:00,81,JUP-USD,crypto,1232237.7461189998,0.21687
2026-09-16T21:00:02+00:00,82,ETHFI-USD,crypto,1178766.435954999,0.58754
2026-09-16T21:00:02+00:00,83,PENDLE-USD,crypto,407061.67791100027,2.2362
2026-09-16T21:00:02+00:00,84,MORPHO-USD,crypto,889469.0751849998,2.0851
2026-09-16T21:00:02+00:00,85,CBRS-USD,,50728.777259,188.45
2026-09-16T21:00:02+00:00,86,MRVL-USD,,9317.1522,229.46
2026-09-16T21:00:02+00:00,87,EWY-USD,,12827.165401000007,178.97
2026-09-16T21:00:02+00:00,88,NCLD-USD,,0,0
2026-09-16T21:00:02+00:00,89,SOXL-USD,,78049.45930599995,108.07
2026-09-16T21:00:02+00:00,90,UNITREE-USD,,8867.834139,70.481
2026-09-16T21:15:01+00:00,1,SP500-USD,index,4741560.083483004,7594
2026-09-16T21:15:01+00:00,2,GOLD-USD,commodity,4266963.227048009,4295.7
2026-09-16T21:15:01+00:00,3,WTIOIL-USD,commodity,1917789.294195001,100.47
2026-09-16T21:15:01+00:00,4,NAS100-USD,index,4757056.9289599955,28989
2026-09-16T21:15:01+00:00,5,SILVER-USD,commodity,3904182.4767189925,63.737
2026-09-16T21:15:01+00:00,6,BTC-USD,crypto,6559589.317599978,75750
2026-09-16T21:15:01+00:00,7,ETH-USD,crypto,8517463.451269967,2398.5
2026-09-16T21:15:01+00:00,8,SOL-USD,crypto,1524318.6575490017,96.91
2026-09-16T21:15:01+00:00,9,SPCX-USD,equity,2565092.351029998,143.32
2026-09-16T21:15:01+00:00,10,HYPE-USD,crypto,8218945.127532009,77.037
2026-09-16T21:15:01+00:00,11,MU-USD,equity,736915.7543320003,925.39
2026-09-16T21:15:01+00:00,13,SKHY-USD,equity,514291.16632,174.12
2026-09-16T21:15:01+00:00,14,SKHYNIX-USD,equity,2162202.7227899972,1238.1
2026-09-16T21:15:01+00:00,15,AAPL-USD,equity,1025880.9604030016,331.48
2026-09-16T21:15:01+00:00,16,MSFT-USD,equity,1537558.265089001,497.3
2026-09-16T21:15:01+00:00,17,GOOG-USD,equity,1177291.281009999,344.41
2026-09-16T21:15:01+00:00,18,AMZN-USD,equity,548169.2456500002,248.31
2026-09-16T21:15:01+00:00,19,NVDA-USD,equity,2579241.4922249974,212.35
2026-09-16T21:15:01+00:00,20,META-USD,equity,4124240.530225994,669.47
2026-09-16T21:15:01+00:00,21,TSLA-USD,equity,5712939.829193011,356.34
2026-09-16T21:15:01+00:00,22,AMD-USD,equity,2034297.822878,504
2026-09-16T21:15:01+00:00,23,INTC-USD,equity,1494822.0956641298,97.06
2026-09-16T21:15:01+00:00,24,AVGO-USD,equity,4702441.763384999,340.15
2026-09-16T21:15:01+00:00,25,QCOM-USD,equity,298834.37364000024,188.29
2026-09-16T21:15:01+00:00,26,ARM-USD,equity,1092755.2494189998,241.24
2026-09-16T21:15:01+00:00,27,TSM-USD,equity,9922.638835000002,414.15
2026-09-16T21:15:01+00:00,28,ASML-USD,equity,1204666.1708600004,1593.8
2026-09-16T21:15:01+00:00,29,SNDK-USD,equity,1857573.5862889967,1528.9
2026-09-16T21:15:01+00:00,30,DRAM-USD,index,2395298.5437350012,54.907
2026-09-16T21:15:01+00:00,31,PUMP-USD,crypto,1238353.5401879973,0.003535
2026-09-16T21:15:01+00:00,32,ZEC-USD,crypto,4958780.413657035,1118.5
2026-09-16T21:15:01+00:00,33,XRP-USD,crypto,1197101.1470999995,1.2901
2026-09-16T21:15:01+00:00,34,LIT-USD,crypto,168019.6039389999,4.1196
2026-09-16T21:15:01+00:00,35,KPEPE-USD,crypto,74774.17520600007,0.00334
2026-09-16T21:15:01+00:00,36,HOOD-USD,equity,2816537.6663999967,109.34
2026-09-16T21:15:01+00:00,37,MSTR-USD,equity,1891511.343280012,129.16
2026-09-16T21:15:01+00:00,38,STRC-USD,equity,49847.36762899999,97.326
2026-09-16T21:15:01+00:00,39,CRCL-USD,equity,2785378.652451004,85.262
2026-09-16T21:15:01+00:00,40,COIN-USD,equity,2271339.6859519957,171.57
2026-09-16T21:15:01+00:00,41,RKLB-USD,equity,284903.951725408,63.393
2026-09-16T21:15:01+00:00,42,LITE-USD,equity,2423533.225977,839.14
2026-09-16T21:15:01+00:00,43,NBIS-USD,equity,1472780.1869459942,207.26
2026-09-16T21:15:01+00:00,44,ORCL-USD,equity,5571631.820359004,140.4
2026-09-16T21:15:01+00:00,45,PLTR-USD,equity,1493417.061944995,172.1
2026-09-16T21:15:01+00:00,46,BRENTOIL-USD,commodity,1065328.448308,103.21
2026-09-16T21:15:01+00:00,47,BABA-USD,equity,554081.606103,109.57
2026-09-16T21:15:01+00:00,48,ZM-USD,equity,1224689.031638001,93.68
2026-09-16T21:15:01+00:00,49,DELL-USD,equity,35352.655072,543.61
2026-09-16T21:15:01+00:00,50,CXMT-USD,equity,18924.747076,8.0925
2026-09-16T21:15:01+00:00,51,KIOXIA-USD,equity,116850.50022199992,328.27
2026-09-16T21:15:01+00:00,52,SAMSUNG-USD,equity,806539.1683590002,184.89
2026-09-16T21:15:01+00:00,53,CRWV-USD,equity,2861237.1783489976,80.982
2026-09-16T21:15:01+00:00,54,AAVE-USD,crypto,1003517.4164,122.12
2026-09-16T21:15:01+00:00,55,UNI-USD,crypto,972232.5220039992,6.2842
2026-09-16T21:15:01+00:00,56,WLD-USD,crypto,26858.035416,0.36587
2026-09-16T21:15:01+00:00,57,NEAR-USD,crypto,4659300.531120995,2.3279
2026-09-16T21:15:01+00:00,58,KSHIB-USD,crypto,651390.6100170002,0.004955
2026-09-16T21:15:01+00:00,59,FARTCOIN-USD,crypto,1758818.037097998,0.13689
2026-09-16T21:15:01+00:00,60,DOGE-USD,crypto,1772422.7470039984,0.080201
2026-09-16T21:15:01+00:00,61,ENA-USD,crypto,2208506.5555540007,0.13952
2026-09-16T21:15:01+00:00,62,ONDO-USD,crypto,580069.3898940004,0.3291
2026-09-16T21:15:01+00:00,63,SUI-USD,crypto,2151251.6563200024,0.68502
2026-09-16T21:15:01+00:00,64,VVV-USD,crypto,3273089.4007590013,21.691
2026-09-16T21:15:01+00:00,65,TAO-USD,crypto,1340077.9960209979,218.41
2026-09-16T21:15:01+00:00,66,ADA-USD,crypto,2881277.139793001,0.19599
2026-09-16T21:15:01+00:00,67,ZRO-USD,crypto,1517552.8764159998,0.9675
2026-09-16T21:15:01+00:00,68,BNB-USD,crypto,175515.47827,714.01
2026-09-16T21:15:01+00:00,69,PONS-USD,crypto,1339556.285089999,0.64139
2026-09-16T21:15:01+00:00,70,CASHCAT-USD,crypto,1912974.502810006,0.15921
2026-09-16T21:15:01+00:00,71,USELESS-USD,crypto,2282448.126141994,0.22073
2026-09-16T21:15:01+00:00,72,KAITO-USD,crypto,1407173.149574999,0.28789
2026-09-16T21:15:01+00:00,73,ARB-USD,crypto,2672428.881189834,0.14502
2026-09-16T21:15:01+00:00,74,LDO-USD,crypto,608975.5566349996,0.3374
2026-09-16T21:15:01+00:00,75,AVAX-USD,crypto,916264.4014009995,7.2988
2026-09-16T21:15:01+00:00,76,LTC-USD,crypto,468382.319112,51.042
2026-09-16T21:15:01+00:00,77,XPL-USD,crypto,664712.6116399994,0.08037
2026-09-16T21:15:01+00:00,78,XMR-USD,crypto,1269959.3025210584,498.56
2026-09-16T21:15:01+00:00,79,LINK-USD,crypto,41353.30252599997,10.946
2026-09-16T21:15:01+00:00,80,VIRTUAL-USD,crypto,210516.48188800013,0.58959
2026-09-16T21:15:01+00:00,81,JUP-USD,crypto,1227834.4049349998,0.21748
2026-09-16T21:15:01+00:00,82,ETHFI-USD,crypto,1047293.2874810011,0.59426
2026-09-16T21:15:01+00:00,83,PENDLE-USD,crypto,408070.83400800027,2.2548
2026-09-16T21:15:01+00:00,84,MORPHO-USD,crypto,910534.3565490001,2.0884
2026-09-16T21:15:01+00:00,85,CBRS-USD,,50728.777259,188.45
2026-09-16T21:15:01+00:00,86,MRVL-USD,,9317.1522,229.46
2026-09-16T21:15:01+00:00,87,EWY-USD,,12827.165401000007,178.97
2026-09-16T21:15:01+00:00,88,NCLD-USD,,0,0
2026-09-16T21:15:01+00:00,89,SOXL-USD,,78079.47544799995,108.07
2026-09-16T21:15:01+00:00,90,UNITREE-USD,,8867.834139,70.481
2026-09-16T21:30:02+00:00,1,SP500-USD,index,4740457.899176003,7595.2
2026-09-16T21:30:02+00:00,2,GOLD-USD,commodity,4281883.751892009,4295.4
2026-09-16T21:30:02+00:00,3,WTIOIL-USD,commodity,1923943.3474350004,100.4
2026-09-16T21:30:02+00:00,4,NAS100-USD,index,4756856.911159996,28967
2026-09-16T21:30:02+00:00,5,SILVER-USD,commodity,3902722.4842289924,63.718
2026-09-16T21:30:02+00:00,6,BTC-USD,crypto,6447239.630089987,75622
2026-09-16T21:30:02+00:00,7,ETH-USD,crypto,8566274.244939966,2395.4
2026-09-16T21:30:02+00:00,8,SOL-USD,crypto,1512834.8777660015,96.778
2026-09-16T21:30:02+00:00,9,SPCX-USD,equity,2560766.708622998,143.06
2026-09-16T21:30:02+00:00,10,HYPE-USD,crypto,7979808.439710014,76.728
2026-09-16T21:30:02+00:00,11,MU-USD,equity,736915.7543320003,925.39
2026-09-16T21:30:02+00:00,13,SKHY-USD,equity,514291.16632,174.12
2026-09-16T21:30:02+00:00,14,SKHYNIX-USD,equity,2162191.703699997,1239
2026-09-16T21:30:02+00:00,15,AAPL-USD,equity,1025880.9604030016,331.48
2026-09-16T21:30:02+00:00,16,MSFT-USD,equity,1551911.703464001,497.56
2026-09-16T21:30:02+00:00,17,GOOG-USD,equity,1177291.281009999,344.41
2026-09-16T21:30:02+00:00,18,AMZN-USD,equity,549600.6092430002,248.31
2026-09-16T21:30:02+00:00,19,NVDA-USD,equity,2579241.4922249974,212.35
2026-09-16T21:30:02+00:00,20,META-USD,equity,4065819.747093996,668.42
2026-09-16T21:30:02+00:00,21,TSLA-USD,equity,5712892.289128011,355.98
2026-09-16T21:30:02+00:00,22,AMD-USD,equity,2034317.799973,504
2026-09-16T21:30:02+00:00,23,INTC-USD,equity,1467790.1642641292,96.96
2026-09-16T21:30:02+00:00,24,AVGO-USD,equity,4702402.714164998,339.72
2026-09-16T21:30:02+00:00,25,QCOM-USD,equity,298814.9985990003,187.99
2026-09-16T21:30:02+00:00,26,ARM-USD,equity,1085840.1588570003,241.08
2026-09-16T21:30:02+00:00,27,TSM-USD,equity,9922.638835000002,414.15
2026-09-16T21:30:02+00:00,28,ASML-USD,equity,1204666.1708600004,1593.8
2026-09-16T21:30:02+00:00,29,SNDK-USD,equity,1881205.9582449966,1528.9
2026-09-16T21:30:02+00:00,30,DRAM-USD,index,2395272.2435620013,55.021
2026-09-16T21:30:02+00:00,31,PUMP-USD,crypto,1238230.145239997,0.003499
2026-09-16T21:30:02+00:00,32,ZEC-USD,crypto,4901873.813987034,1115.8
2026-09-16T21:30:02+00:00,33,XRP-USD,crypto,1174679.9967999996,1.283
2026-09-16T21:30:02+00:00,34,LIT-USD,crypto,167647.86833099992,4.0974
2026-09-16T21:30:02+00:00,35,KPEPE-USD,crypto,74887.88820200009,0.003336
2026-09-16T21:30:02+00:00,36,HOOD-USD,equity,2793799.7377599976,108.86
2026-09-16T21:30:02+00:00,37,MSTR-USD,equity,1865595.5062700124,128.6
2026-09-16T21:30:02+00:00,38,STRC-USD,equity,49847.36762899999,97.326
2026-09-16T21:30:02+00:00,39,CRCL-USD,equity,2740168.6341190045,84.82
2026-09-16T21:30:02+00:00,40,COIN-USD,equity,2271292.315474996,171.43
2026-09-16T21:30:02+00:00,41,RKLB-USD,equity,284892.66777140804,63.351
2026-09-16T21:30:02+00:00,42,LITE-USD,equity,2423533.225977,839.14
2026-09-16T21:30:02+00:00,43,NBIS-USD,equity,1472854.8859459942,207.26
2026-09-16T21:30:02+00:00,44,ORCL-USD,equity,5586065.189081003,140.28
2026-09-16T21:30:02+00:00,45,PLTR-USD,equity,1493151.322334995,172
2026-09-16T21:30:02+00:00,46,BRENTOIL-USD,commodity,1063567.946118,103.11
2026-09-16T21:30:02+00:00,47,BABA-USD,equity,554081.606103,109.57
2026-09-16T21:30:02+00:00,48,ZM-USD,equity,1224781.221638001,93.68
2026-09-16T21:30:02+00:00,49,DELL-USD,equity,35352.655072,543.61
2026-09-16T21:30:02+00:00,50,CXMT-USD,equity,19186.209104,8.0791
2026-09-16T21:30:02+00:00,51,KIOXIA-USD,equity,119254.88456199993,328.27
2026-09-16T21:30:02+00:00,52,SAMSUNG-USD,equity,807421.1819270003,184.89
2026-09-16T21:30:02+00:00,53,CRWV-USD,equity,2907981.8386889966,81.051
2026-09-16T21:30:02+00:00,54,AAVE-USD,crypto,981010.5249010002,121.58
2026-09-16T21:30:02+00:00,55,UNI-USD,crypto,981738.0667719992,6.2536
2026-09-16T21:30:02+00:00,56,WLD-USD,crypto,24832.379447000007,0.36345
2026-09-16T21:30:02+00:00,57,NEAR-USD,crypto,4634992.250145997,2.3277
2026-09-16T21:30:02+00:00,58,KSHIB-USD,crypto,650409.0408200003,0.004931
2026-09-16T21:30:02+00:00,59,FARTCOIN-USD,crypto,1746393.425011998,0.13588
2026-09-16T21:30:02+00:00,60,DOGE-USD,crypto,1764241.2742399988,0.079917
2026-09-16T21:30:02+00:00,61,ENA-USD,crypto,2180882.684684001,0.13853
2026-09-16T21:30:02+00:00,62,ONDO-USD,crypto,580069.3898940004,0.3291
2026-09-16T21:30:02+00:00,63,SUI-USD,crypto,2126126.901274002,0.68265
2026-09-16T21:30:02+00:00,64,VVV-USD,crypto,3291048.7748400006,21.519
2026-09-16T21:30:02+00:00,65,TAO-USD,crypto,1313124.4378379986,217.98
2026-09-16T21:30:02+00:00,66,ADA-USD,crypto,2821799.1257340033,0.19511
2026-09-16T21:30:02+00:00,67,ZRO-USD,crypto,1510454.675655,0.9624
2026-09-16T21:30:02+00:00,68,BNB-USD,crypto,166694.097702,711.76
2026-09-16T21:30:02+00:00,69,PONS-USD,crypto,1330265.4913499998,0.63652
2026-09-16T21:30:02+00:00,70,CASHCAT-USD,crypto,1900954.7159760061,0.15786
2026-09-16T21:30:02+00:00,71,USELESS-USD,crypto,2289994.163065996,0.21535
2026-09-16T21:30:02+00:00,72,KAITO-USD,crypto,1399139.1550819997,0.28596
2026-09-16T21:30:02+00:00,73,ARB-USD,crypto,2677461.2879628353,0.14449
2026-09-16T21:30:02+00:00,74,LDO-USD,crypto,594699.9758219994,0.33619
2026-09-16T21:30:02+00:00,75,AVAX-USD,crypto,885843.5227939995,7.2664
2026-09-16T21:30:02+00:00,76,LTC-USD,crypto,469268.0860440001,51.118
2026-09-16T21:30:02+00:00,77,XPL-USD,crypto,662680.2410309995,0.079556
2026-09-16T21:30:02+00:00,78,XMR-USD,crypto,1263787.8153340584,496.84
2026-09-16T21:30:02+00:00,79,LINK-USD,crypto,41282.43454999997,10.935
2026-09-16T21:30:02+00:00,80,VIRTUAL-USD,crypto,208574.20979600016,0.58672
2026-09-16T21:30:02+00:00,81,JUP-USD,crypto,1217604.3349949997,0.21608
2026-09-16T21:30:02+00:00,82,ETHFI-USD,crypto,1046688.928301001,0.59441
2026-09-16T21:30:02+00:00,83,PENDLE-USD,crypto,406058.97426200024,2.2569
2026-09-16T21:30:02+00:00,84,MORPHO-USD,crypto,907137.0443790001,2.075
2026-09-16T21:30:02+00:00,85,CBRS-USD,,50748.805761,188.45
2026-09-16T21:30:02+00:00,86,MRVL-USD,,9317.1522,229.46
2026-09-16T21:30:02+00:00,87,EWY-USD,,12827.165401000007,178.97
2026-09-16T21:30:02+00:00,88,NCLD-USD,,0,0
2026-09-16T21:30:02+00:00,89,SOXL-USD,,78099.48306499995,108.07
2026-09-16T21:30:02+00:00,90,UNITREE-USD,,8867.834139,70.481
2026-09-16T21:45:01+00:00,1,SP500-USD,index,4740349.972687004,7595.6
2026-09-16T21:45:01+00:00,2,GOLD-USD,commodity,4323781.05983801,4295.4
2026-09-16T21:45:01+00:00,3,WTIOIL-USD,commodity,1937179.9632750007,100.4
2026-09-16T21:45:01+00:00,4,NAS100-USD,index,4763743.858279995,28966
2026-09-16T21:45:01+00:00,5,SILVER-USD,commodity,3920569.427736992,63.718
2026-09-16T21:45:01+00:00,6,BTC-USD,crypto,6306827.260239982,75693
2026-09-16T21:45:01+00:00,7,ETH-USD,crypto,8389893.95635998,2399.4
2026-09-16T21:45:01+00:00,8,SOL-USD,crypto,1389591.5153750016,96.886
2026-09-16T21:45:01+00:00,9,SPCX-USD,equity,2560427.3273069984,142.75
2026-09-16T21:45:01+00:00,10,HYPE-USD,crypto,7877315.42275201,76.913
2026-09-16T21:45:01+00:00,11,MU-USD,equity,736937.9140360003,925.39
2026-09-16T21:45:01+00:00,13,SKHY-USD,equity,514280.21417200007,177.6
2026-09-16T21:45:01+00:00,14,SKHYNIX-USD,equity,2162180.676599997,1239.4
2026-09-16T21:45:01+00:00,15,AAPL-USD,equity,1025880.9604030016,331.48
2026-09-16T21:45:01+00:00,16,MSFT-USD,equity,1602957.481982001,497.56
2026-09-16T21:45:01+00:00,17,GOOG-USD,equity,1178210.4438440003,344.2
2026-09-16T21:45:01+00:00,18,AMZN-USD,equity,549600.6092430002,248.31
2026-09-16T21:45:01+00:00,19,NVDA-USD,equity,2630065.3705989975,212.35
2026-09-16T21:45:01+00:00,20,META-USD,equity,4065819.747093996,668.42
2026-09-16T21:45:01+00:00,21,TSLA-USD,equity,5712892.289128011,355.98
2026-09-16T21:45:01+00:00,22,AMD-USD,equity,2045941.262779,504
2026-09-16T21:45:01+00:00,23,INTC-USD,equity,2042011.0957991276,97.04
2026-09-16T21:45:01+00:00,24,AVGO-USD,equity,4716462.370396999,339.72
2026-09-16T21:45:01+00:00,25,QCOM-USD,equity,298781.9270190003,187.61
2026-09-16T21:45:01+00:00,26,ARM-USD,equity,1085840.1588570003,241.08
2026-09-16T21:45:01+00:00,27,TSM-USD,equity,9922.638835000002,414.15
2026-09-16T21:45:01+00:00,28,ASML-USD,equity,1204666.1708600004,1593.8
2026-09-16T21:45:01+00:00,29,SNDK-USD,equity,1881205.9582449966,1528.9
2026-09-16T21:45:01+00:00,30,DRAM-USD,index,2395272.2435620013,55.021
2026-09-16T21:45:01+00:00,31,PUMP-USD,crypto,1241786.885349997,0.003529
2026-09-16T21:45:01+00:00,32,ZEC-USD,crypto,4889104.278777034,1117.1
2026-09-16T21:45:01+00:00,33,XRP-USD,crypto,1169772.9842999992,1.2849
2026-09-16T21:45:01+00:00,34,LIT-USD,crypto,167524.20879899993,4.1005
2026-09-16T21:45:01+00:00,35,KPEPE-USD,crypto,74898.74926200008,0.003336
2026-09-16T21:45:01+00:00,36,HOOD-USD,equity,2796128.0250199977,108.93
2026-09-16T21:45:01+00:00,37,MSTR-USD,equity,1857292.509590012,128.69
2026-09-16T21:45:01+00:00,38,STRC-USD,equity,49847.36762899999,97.326
2026-09-16T21:45:01+00:00,39,CRCL-USD,equity,2724183.6531340033,84.926
2026-09-16T21:45:01+00:00,40,COIN-USD,equity,2271082.065461996,171.66
2026-09-16T21:45:01+00:00,41,RKLB-USD,equity,294551.07692540827,63.351
2026-09-16T21:45:01+00:00,42,LITE-USD,equity,2423533.2259769994,839.14
2026-09-16T21:45:01+00:00,43,NBIS-USD,equity,1511386.5492029942,207.26
2026-09-16T21:45:01+00:00,44,ORCL-USD,equity,5576407.527495004,140.87
2026-09-16T21:45:01+00:00,45,PLTR-USD,equity,1463799.6846939954,172.03
2026-09-16T21:45:01+00:00,46,BRENTOIL-USD,commodity,1091402.3246080005,103.11
2026-09-16T21:45:01+00:00,47,BABA-USD,equity,554081.606103,109.57
2026-09-16T21:45:01+00:00,48,ZM-USD,equity,1225249.0122340012,93.68
2026-09-16T21:45:01+00:00,49,DELL-USD,equity,35352.655072,543.61
2026-09-16T21:45:01+00:00,50,CXMT-USD,equity,19175.140737,8.0534
2026-09-16T21:45:01+00:00,51,KIOXIA-USD,equity,117862.89295399994,328.56
2026-09-16T21:45:01+00:00,52,SAMSUNG-USD,equity,807421.1819270003,184.89
2026-09-16T21:45:01+00:00,53,CRWV-USD,equity,2995921.7800659975,81.051
2026-09-16T21:45:01+00:00,54,AAVE-USD,crypto,941701.6426780003,120.76
2026-09-16T21:45:01+00:00,55,UNI-USD,crypto,978706.9770149994,6.2513
2026-09-16T21:45:01+00:00,56,WLD-USD,crypto,24796.034447000005,0.36345
2026-09-16T21:45:01+00:00,57,NEAR-USD,crypto,4650957.687073997,2.3201
2026-09-16T21:45:01+00:00,58,KSHIB-USD,crypto,648640.4075720003,0.00494
2026-09-16T21:45:01+00:00,59,FARTCOIN-USD,crypto,1737897.8092389982,0.1358
2026-09-16T21:45:01+00:00,60,DOGE-USD,crypto,1762260.4854819989,0.079849
2026-09-16T21:45:01+00:00,61,ENA-USD,crypto,2171747.6438380005,0.13922
2026-09-16T21:45:01+00:00,62,ONDO-USD,crypto,549875.8440960004,0.3277
2026-09-16T21:45:01+00:00,63,SUI-USD,crypto,2108160.5668460014,0.68239
2026-09-16T21:45:01+00:00,64,VVV-USD,crypto,3245960.807598001,21.728
2026-09-16T21:45:01+00:00,65,TAO-USD,crypto,1295268.7257639985,218.71
2026-09-16T21:45:01+00:00,66,ADA-USD,crypto,2794819.153614003,0.19567
2026-09-16T21:45:01+00:00,67,ZRO-USD,crypto,1465363.9730689998,0.9716
2026-09-16T21:45:01+00:00,68,BNB-USD,crypto,159570.00246999998,713.32
2026-09-16T21:45:01+00:00,69,PONS-USD,crypto,1327912.3465879993,0.6437
2026-09-16T21:45:01+00:00,70,CASHCAT-USD,crypto,1860433.4333650067,0.15789
2026-09-16T21:45:01+00:00,71,USELESS-USD,crypto,2285107.8106779945,0.21589
2026-09-16T21:45:01+00:00,72,KAITO-USD,crypto,1429944.820994,0.2847
2026-09-16T21:45:01+00:00,73,ARB-USD,crypto,2701814.417692838,0.1437
2026-09-16T21:45:01+00:00,74,LDO-USD,crypto,571513.7394810001,0.33382
2026-09-16T21:45:01+00:00,75,AVAX-USD,crypto,877951.2974649996,7.2738
2026-09-16T21:45:01+00:00,76,LTC-USD,crypto,468001.3434300001,51.214
2026-09-16T21:45:01+00:00,77,XPL-USD,crypto,658054.1148979996,0.080235
2026-09-16T21:45:01+00:00,78,XMR-USD,crypto,1252550.5989420572,499.82
2026-09-16T21:45:01+00:00,79,LINK-USD,crypto,41242.41424599997,10.901
2026-09-16T21:45:01+00:00,80,VIRTUAL-USD,crypto,208574.11796300017,0.58545
2026-09-16T21:45:01+00:00,81,JUP-USD,crypto,1217412.2974479995,0.21678
2026-09-16T21:45:01+00:00,82,ETHFI-USD,crypto,1046042.872812001,0.59835
2026-09-16T21:45:01+00:00,83,PENDLE-USD,crypto,406099.0181720003,2.2504
2026-09-16T21:45:01+00:00,84,MORPHO-USD,crypto,898177.6880179999,2.0822
2026-09-16T21:45:01+00:00,85,CBRS-USD,,51495.01468500002,188.45
2026-09-16T21:45:01+00:00,86,MRVL-USD,,9814.614783,229.46
2026-09-16T21:45:01+00:00,87,EWY-USD,,12827.165401000007,178.97
2026-09-16T21:45:01+00:00,88,NCLD-USD,,994.9487240000001,23.001
2026-09-16T21:45:01+00:00,89,SOXL-USD,,78159.64175899995,108.07
2026-09-16T21:45:01+00:00,90,UNITREE-USD,,9082.12946,70.481
2026-09-16T22:00:02+00:00,1,SP500-USD,index,4740373.992658004,7594.4
2026-09-16T22:00:02+00:00,2,GOLD-USD,commodity,4222203.516501009,4295.1
2026-09-16T22:00:02+00:00,3,WTIOIL-USD,commodity,1927964.669165,100.39
2026-09-16T22:00:02+00:00,4,NAS100-USD,index,4722446.875839993,28964
2026-09-16T22:00:02+00:00,5,SILVER-USD,commodity,3958144.493567991,63.718
2026-09-16T22:00:02+00:00,6,BTC-USD,crypto,6080207.35967999,75401
2026-09-16T22:00:02+00:00,7,ETH-USD,crypto,8091492.704429985,2388.4
2026-09-16T22:00:02+00:00,8,SOL-USD,crypto,1406895.487060002,96.456
2026-09-16T22:00:02+00:00,9,SPCX-USD,equity,2567870.9729899988,142.81
2026-09-16T22:00:02+00:00,10,HYPE-USD,crypto,7624193.908857009,76.514
2026-09-16T22:00:02+00:00,11,MU-USD,equity,736926.9018950003,926.85
2026-09-16T22:00:02+00:00,13,SKHY-USD,equity,514280.21417200007,177.6
2026-09-16T22:00:02+00:00,14,SKHYNIX-USD,equity,2162180.676599997,1239.4
2026-09-16T22:00:02+00:00,15,AAPL-USD,equity,1005414.9254450018,331.39
2026-09-16T22:00:02+00:00,16,MSFT-USD,equity,1710162.7678659994,497.84
2026-09-16T22:00:02+00:00,17,GOOG-USD,equity,1174086.4999839992,344.28
2026-09-16T22:00:02+00:00,18,AMZN-USD,equity,549600.6092430002,248.31
2026-09-16T22:00:02+00:00,19,NVDA-USD,equity,2613793.4907929976,212.53
2026-09-16T22:00:02+00:00,20,META-USD,equity,4071317.558154996,668.88
2026-09-16T22:00:02+00:00,21,TSLA-USD,equity,5714868.267753011,356.17
2026-09-16T22:00:02+00:00,22,AMD-USD,equity,2045941.262779,504
2026-09-16T22:00:02+00:00,23,INTC-USD,equity,2306265.286198128,97.04
2026-09-16T22:00:02+00:00,24,AVGO-USD,equity,4718645.234684999,339.72
2026-09-16T22:00:02+00:00,25,QCOM-USD,equity,298781.9270190003,187.72
2026-09-16T22:00:02+00:00,26,ARM-USD,equity,1085840.1588570003,241.08
2026-09-16T22:00:02+00:00,27,TSM-USD,equity,9922.638835000002,414.15
2026-09-16T22:00:02+00:00,28,ASML-USD,equity,1204666.1708600004,1593.8
2026-09-16T22:00:02+00:00,29,SNDK-USD,equity,1881205.9582449966,1528.9
2026-09-16T22:00:02+00:00,30,DRAM-USD,index,2395272.2435620013,55.021
2026-09-16T22:00:02+00:00,31,PUMP-USD,crypto,1235124.2144059967,0.003503
2026-09-16T22:00:02+00:00,32,ZEC-USD,crypto,4870352.541157029,1099.1
2026-09-16T22:00:02+00:00,33,XRP-USD,crypto,1149377.497299999,1.277
2026-09-16T22:00:02+00:00,34,LIT-USD,crypto,167400.7837489999,4.0817
2026-09-16T22:00:02+00:00,35,KPEPE-USD,crypto,74938.42141900006,0.003312
2026-09-16T22:00:02+00:00,36,HOOD-USD,equity,2776596.5890999963,108.91
2026-09-16T22:00:02+00:00,37,MSTR-USD,equity,1828002.8648300117,127.9
2026-09-16T22:00:02+00:00,38,STRC-USD,equity,49847.36762899999,97.326
2026-09-16T22:00:02+00:00,39,CRCL-USD,equity,2688633.629111003,84.712
2026-09-16T22:00:02+00:00,40,COIN-USD,equity,2189876.044866996,170.71
2026-09-16T22:00:02+00:00,41,RKLB-USD,equity,301648.72644640796,63.347
2026-09-16T22:00:02+00:00,42,LITE-USD,equity,2424053.712448,839.94
2026-09-16T22:00:02+00:00,43,NBIS-USD,equity,1599959.7118709947,207.24
2026-09-16T22:00:02+00:00,44,ORCL-USD,equity,5575282.417724002,140.26
2026-09-16T22:00:02+00:00,45,PLTR-USD,equity,1460066.893189995,172.03
2026-09-16T22:00:02+00:00,46,BRENTOIL-USD,commodity,1095285.4234479999,103.11
2026-09-16T22:00:02+00:00,47,BABA-USD,equity,554081.606103,109.57
2026-09-16T22:00:02+00:00,48,ZM-USD,equity,1227200.235901001,93.68
2026-09-16T22:00:02+00:00,49,DELL-USD,equity,35352.655072,543.61
2026-09-16T22:00:02+00:00,50,CXMT-USD,equity,19175.140737,8.0534
2026-09-16T22:00:02+00:00,51,KIOXIA-USD,equity,118670.94492899993,329.15
2026-09-16T22:00:02+00:00,52,SAMSUNG-USD,equity,807421.1819270003,184.89
2026-09-16T22:00:02+00:00,53,CRWV-USD,equity,2968153.1952949953,81.066
2026-09-16T22:00:02+00:00,54,AAVE-USD,crypto,941712.9065590003,120.76
2026-09-16T22:00:02+00:00,55,UNI-USD,crypto,974942.0618139993,6.2436
2026-09-16T22:00:02+00:00,56,WLD-USD,crypto,24971.269737000006,0.36188
2026-09-16T22:00:02+00:00,57,NEAR-USD,crypto,4662970.184987998,2.3122
2026-09-16T22:00:02+00:00,58,KSHIB-USD,crypto,656210.5423020007,0.004906
2026-09-16T22:00:02+00:00,59,FARTCOIN-USD,crypto,1742602.6083969977,0.1349
2026-09-16T22:00:02+00:00,60,DOGE-USD,crypto,1781223.382656999,0.079471
2026-09-16T22:00:02+00:00,61,ENA-USD,crypto,2156986.557376,0.13762
2026-09-16T22:00:02+00:00,62,ONDO-USD,crypto,549188.1647020003,0.32641
2026-09-16T22:00:02+00:00,63,SUI-USD,crypto,2098067.7388320006,0.6774
2026-09-16T22:00:02+00:00,64,VVV-USD,crypto,3220003.546643,21.725
2026-09-16T22:00:02+00:00,65,TAO-USD,crypto,1286451.826216,217.49
2026-09-16T22:00:02+00:00,66,ADA-USD,crypto,2788669.6677210038,0.19405
2026-09-16T22:00:02+00:00,67,ZRO-USD,crypto,1445382.972618,0.9644
2026-09-16T22:00:02+00:00,68,BNB-USD,crypto,157997.72658199997,711.03
2026-09-16T22:00:02+00:00,69,PONS-USD,crypto,1325196.6465589982,0.63569
2026-09-16T22:00:02+00:00,70,CASHCAT-USD,crypto,1865931.7611290067,0.15614
2026-09-16T22:00:02+00:00,71,USELESS-USD,crypto,2284793.8319409955,0.21599
2026-09-16T22:00:02+00:00,72,KAITO-USD,crypto,1461600.1872019996,0.28297
2026-09-16T22:00:02+00:00,73,ARB-USD,crypto,2714209.8676278377,0.14427
2026-09-16T22:00:02+00:00,74,LDO-USD,crypto,571482.8223490001,0.33342
2026-09-16T22:00:02+00:00,75,AVAX-USD,crypto,872312.4856789997,7.2247
2026-09-16T22:00:02+00:00,76,LTC-USD,crypto,428430.1647170003,50.886
2026-09-16T22:00:02+00:00,77,XPL-USD,crypto,657072.8499269995,0.079553
2026-09-16T22:00:02+00:00,78,XMR-USD,crypto,1243040.071953057,500.12
2026-09-16T22:00:02+00:00,79,LINK-USD,crypto,41195.93066799997,10.867
2026-09-16T22:00:02+00:00,80,VIRTUAL-USD,crypto,206891.8433470002,0.58226
2026-09-16T22:00:02+00:00,81,JUP-USD,crypto,1217470.7807319995,0.2151
2026-09-16T22:00:02+00:00,82,ETHFI-USD,crypto,1051145.6503840012,0.59258
2026-09-16T22:00:02+00:00,83,PENDLE-USD,crypto,406209.9745580002,2.2555
2026-09-16T22:00:02+00:00,84,MORPHO-USD,crypto,897100.9567289999,2.0651
2026-09-16T22:00:02+00:00,85,CBRS-USD,,51743.762925,188.45
2026-09-16T22:00:02+00:00,86,MRVL-USD,,11058.286634,229.46
2026-09-16T22:00:02+00:00,87,EWY-USD,,12827.165401000007,178.97
2026-09-16T22:00:02+00:00,88,NCLD-USD,,2140.930159,23.001
2026-09-16T22:00:02+00:00,89,SOXL-USD,,78159.64175899995,108.07
2026-09-16T22:00:02+00:00,90,UNITREE-USD,,9082.12946,70.481
2026-09-16T22:15:01+00:00,1,SP500-USD,index,4652140.882445993,7591.4
2026-09-16T22:15:01+00:00,2,GOLD-USD,commodity,3669775.81596,4292.7
2026-09-16T22:15:01+00:00,3,WTIOIL-USD,commodity,2004111.9401159994,100.42
2026-09-16T22:15:01+00:00,4,NAS100-USD,index,4723634.768609992,28990
2026-09-16T22:15:01+00:00,5,SILVER-USD,commodity,3726945.731064992,63.731
2026-09-16T22:15:01+00:00,6,BTC-USD,crypto,6002500.395359991,75323
2026-09-16T22:15:01+00:00,7,ETH-USD,crypto,8155966.743909979,2385.6
2026-09-16T22:15:01+00:00,8,SOL-USD,crypto,1479212.2737790016,96.572
2026-09-16T22:15:01+00:00,9,SPCX-USD,equity,2567411.354201998,142.99
2026-09-16T22:15:01+00:00,10,HYPE-USD,crypto,7348442.292755004,76.726
2026-09-16T22:15:01+00:00,11,MU-USD,equity,736949.0614800004,926.85
2026-09-16T22:15:01+00:00,13,SKHY-USD,equity,514280.21417200007,177.6
2026-09-16T22:15:01+00:00,14,SKHYNIX-USD,equity,2162180.676599997,1239.4
2026-09-16T22:15:01+00:00,15,AAPL-USD,equity,1005454.8697080018,331.62
2026-09-16T22:15:01+00:00,16,MSFT-USD,equity,1663027.330666999,498.05
2026-09-16T22:15:01+00:00,17,GOOG-USD,equity,1178456.3538640002,344.38
2026-09-16T22:15:01+00:00,18,AMZN-USD,equity,553593.3128960002,248.58
2026-09-16T22:15:01+00:00,19,NVDA-USD,equity,2606198.6699599973,212.61
2026-09-16T22:15:01+00:00,20,META-USD,equity,4313492.671753996,669.17
2026-09-16T22:15:01+00:00,21,TSLA-USD,equity,5714888.26479901,356.17
2026-09-16T22:15:01+00:00,22,AMD-USD,equity,2046021.1484869858,504
2026-09-16T22:15:01+00:00,23,INTC-USD,equity,2327048.30505813,97.04
2026-09-16T22:15:01+00:00,24,AVGO-USD,equity,4719109.802170035,340.35
2026-09-16T22:15:01+00:00,25,QCOM-USD,equity,297293.1982010003,188.01
2026-09-16T22:15:01+00:00,26,ARM-USD,equity,1085840.1588570003,241.08
2026-09-16T22:15:01+00:00,27,TSM-USD,equity,9922.638835000002,414.15
2026-09-16T22:15:01+00:00,28,ASML-USD,equity,1204666.1708600004,1593.8
2026-09-16T22:15:01+00:00,29,SNDK-USD,equity,1881227.5756089967,1528.9
2026-09-16T22:15:01+00:00,30,DRAM-USD,index,2395272.2435620013,55.021
2026-09-16T22:15:01+00:00,31,PUMP-USD,crypto,1246832.0876309967,0.00349
2026-09-16T22:15:01+00:00,32,ZEC-USD,crypto,4946569.102157027,1099.1
2026-09-16T22:15:01+00:00,33,XRP-USD,crypto,1156695.3105999986,1.2769
2026-09-16T22:15:01+00:00,34,LIT-USD,crypto,167120.90202399995,4.1002
2026-09-16T22:15:01+00:00,35,KPEPE-USD,crypto,75374.13218800008,0.003344
2026-09-16T22:15:01+00:00,36,HOOD-USD,equity,2797181.945729994,108.47
2026-09-16T22:15:01+00:00,37,MSTR-USD,equity,1848025.8828800102,127.56
2026-09-16T22:15:01+00:00,38,STRC-USD,equity,49847.36762899999,97.326
2026-09-16T22:15:01+00:00,39,CRCL-USD,equity,2706058.2619390045,84.653
2026-09-16T22:15:01+00:00,40,COIN-USD,equity,2205381.2726399945,170.38
2026-09-16T22:15:01+00:00,41,RKLB-USD,equity,284678.2050714083,63.265
2026-09-16T22:15:01+00:00,42,LITE-USD,equity,2432216.22563,839.94
2026-09-16T22:15:01+00:00,43,NBIS-USD,equity,1576899.3126499956,206.82
2026-09-16T22:15:01+00:00,44,ORCL-USD,equity,5575665.418706003,140.11
2026-09-16T22:15:01+00:00,45,PLTR-USD,equity,1447682.3264329953,171.92
2026-09-16T22:15:01+00:00,46,BRENTOIL-USD,commodity,1128734.7373980002,103.11
2026-09-16T22:15:01+00:00,47,BABA-USD,equity,592951.706503,109.57
2026-09-16T22:15:01+00:00,48,ZM-USD,equity,1140455.449319001,93.62
2026-09-16T22:15:01+00:00,49,DELL-USD,equity,35352.655072,543.61
2026-09-16T22:15:01+00:00,50,CXMT-USD,equity,19175.140737,8.0534
2026-09-16T22:15:01+00:00,51,KIOXIA-USD,equity,119487.65672499992,328.31
2026-09-16T22:15:01+00:00,52,SAMSUNG-USD,equity,807421.1819270003,184.89
2026-09-16T22:15:01+00:00,53,CRWV-USD,equity,2980487.480025995,81.11
2026-09-16T22:15:01+00:00,54,AAVE-USD,crypto,1398858.117741,120.62
2026-09-16T22:15:01+00:00,55,UNI-USD,crypto,977947.3300339995,6.2198
2026-09-16T22:15:01+00:00,56,WLD-USD,crypto,24953.899497000002,0.36131
2026-09-16T22:15:01+00:00,57,NEAR-USD,crypto,4722322.991003996,2.3155
2026-09-16T22:15:01+00:00,58,KSHIB-USD,crypto,698996.2387850006,0.004895
2026-09-16T22:15:01+00:00,59,FARTCOIN-USD,crypto,1787407.4144769972,0.13521
2026-09-16T22:15:01+00:00,60,DOGE-USD,crypto,1774218.5363269986,0.079521
2026-09-16T22:15:01+00:00,61,ENA-USD,crypto,2154771.2722700005,0.13688
2026-09-16T22:15:01+00:00,62,ONDO-USD,crypto,592759.8761570002,0.32641
2026-09-16T22:15:01+00:00,63,SUI-USD,crypto,2055189.0028420005,0.67985
2026-09-16T22:15:01+00:00,64,VVV-USD,crypto,3261070.698176001,21.456
2026-09-16T22:15:01+00:00,65,TAO-USD,crypto,1277871.825277999,216.21
2026-09-16T22:15:01+00:00,66,ADA-USD,crypto,2773942.9428330036,0.19414
2026-09-16T22:15:01+00:00,67,ZRO-USD,crypto,1433268.276898,0.9624
2026-09-16T22:15:01+00:00,68,BNB-USD,crypto,154413.316333,709.37
2026-09-16T22:15:01+00:00,69,PONS-USD,crypto,1344603.044155998,0.62675
2026-09-16T22:15:01+00:00,70,CASHCAT-USD,crypto,1857221.9137760065,0.15495
2026-09-16T22:15:01+00:00,71,USELESS-USD,crypto,2292177.6600219924,0.2154
2026-09-16T22:15:01+00:00,72,KAITO-USD,crypto,1484199.3090960002,0.2842
2026-09-16T22:15:01+00:00,73,ARB-USD,crypto,2713922.0434188372,0.14631
2026-09-16T22:15:01+00:00,74,LDO-USD,crypto,571472.8506209999,0.33351
2026-09-16T22:15:01+00:00,75,AVAX-USD,crypto,892148.4219080001,7.2304
2026-09-16T22:15:01+00:00,76,LTC-USD,crypto,428420.1393000004,50.864
2026-09-16T22:15:01+00:00,77,XPL-USD,crypto,656730.6857779995,0.07974
2026-09-16T22:15:01+00:00,78,XMR-USD,crypto,1257223.7691560579,500.79
2026-09-16T22:15:01+00:00,79,LINK-USD,crypto,41119.82894599997,10.813
2026-09-16T22:15:01+00:00,80,VIRTUAL-USD,crypto,206414.89072500018,0.58104
2026-09-16T22:15:01+00:00,81,JUP-USD,crypto,1221771.4237549996,0.21509
2026-09-16T22:15:01+00:00,82,ETHFI-USD,crypto,1051037.071137001,0.59137
2026-09-16T22:15:01+00:00,83,PENDLE-USD,crypto,409339.6984720002,2.2373
2026-09-16T22:15:01+00:00,84,MORPHO-USD,crypto,899474.594881,2.0696
2026-09-16T22:15:01+00:00,85,CBRS-USD,,52002.514137000006,188.45
2026-09-16T22:15:01+00:00,86,MRVL-USD,,11058.286634,229.46
2026-09-16T22:15:01+00:00,87,EWY-USD,,12827.165401000007,178.97
2026-09-16T22:15:01+00:00,88,NCLD-USD,,3312.73985,23.001
2026-09-16T22:15:01+00:00,89,SOXL-USD,,78159.64175899995,108.07
2026-09-16T22:15:01+00:00,90,UNITREE-USD,,9082.12946,70.481
2026-09-16T22:30:01+00:00,1,SP500-USD,index,4428429.3544129925,7591.4
2026-09-16T22:30:01+00:00,2,GOLD-USD,commodity,3682885.002458999,4297.2
2026-09-16T22:30:01+00:00,3,WTIOIL-USD,commodity,2101136.146588999,100.29
2026-09-16T22:30:01+00:00,4,NAS100-USD,index,4727873.619419992,28990
2026-09-16T22:30:01+00:00,5,SILVER-USD,commodity,3726973.120799992,63.769
2026-09-16T22:30:01+00:00,6,BTC-USD,crypto,5621085.839189992,75500
2026-09-16T22:30:01+00:00,7,ETH-USD,crypto,7880529.633389984,2394.2
2026-09-16T22:30:01+00:00,8,SOL-USD,crypto,1407438.1892280001,96.835
2026-09-16T22:30:01+00:00,9,SPCX-USD,equity,2571867.204229998,143.1
2026-09-16T22:30:01+00:00,10,HYPE-USD,crypto,7293413.647932007,76.733
2026-09-16T22:30:01+00:00,11,MU-USD,equity,737047.8607890003,926.85
2026-09-16T22:30:01+00:00,13,SKHY-USD,equity,514441.5782830001,177.6
2026-09-16T22:30:01+00:00,14,SKHYNIX-USD,equity,2162180.676599997,1239.4
2026-09-16T22:30:01+00:00,15,AAPL-USD,equity,1005512.6738880017,331.53
2026-09-16T22:30:01+00:00,16,MSFT-USD,equity,1632116.1540539998,498.53
2026-09-16T22:30:01+00:00,17,GOOG-USD,equity,1182792.9700470003,344.38
2026-09-16T22:30:01+00:00,18,AMZN-USD,equity,567273.352746,248.58
2026-09-16T22:30:01+00:00,19,NVDA-USD,equity,2606221.0049999966,212.61
2026-09-16T22:30:01+00:00,20,META-USD,equity,4377068.934917998,669.17
2026-09-16T22:30:01+00:00,21,TSLA-USD,equity,5714898.30111901,356.17
2026-09-16T22:30:01+00:00,22,AMD-USD,equity,2046373.2470929862,504
2026-09-16T22:30:01+00:00,23,INTC-USD,equity,2596516.6759711294,97.1
2026-09-16T22:30:01+00:00,24,AVGO-USD,equity,4719240.047091035,340.35
2026-09-16T22:30:01+00:00,25,QCOM-USD,equity,297303.20494100027,188.01
2026-09-16T22:30:01+00:00,26,ARM-USD,equity,1085875.2748200004,241.27
2026-09-16T22:30:01+00:00,27,TSM-USD,equity,9932.719865000001,414.15
2026-09-16T22:30:01+00:00,28,ASML-USD,equity,1227554.2096290004,1593.7
2026-09-16T22:30:01+00:00,29,SNDK-USD,equity,1881253.3464529966,1528.9
2026-09-16T22:30:01+00:00,30,DRAM-USD,index,2395353.5897560013,55.021
2026-09-16T22:30:01+00:00,31,PUMP-USD,crypto,1239550.0352739966,0.003498
2026-09-16T22:30:01+00:00,32,ZEC-USD,crypto,4931140.756777025,1115.9
2026-09-16T22:30:01+00:00,33,XRP-USD,crypto,1159657.8407999987,1.2892
2026-09-16T22:30:01+00:00,34,LIT-USD,crypto,167164.87486799996,4.1002
2026-09-16T22:30:01+00:00,35,KPEPE-USD,crypto,76345.72400300007,0.003344
2026-09-16T22:30:01+00:00,36,HOOD-USD,equity,2757225.0644199965,108.99
2026-09-16T22:30:01+00:00,37,MSTR-USD,equity,1814070.2484400098,128.15
2026-09-16T22:30:01+00:00,38,STRC-USD,equity,53226.456960999996,97.326
2026-09-16T22:30:01+00:00,39,CRCL-USD,equity,2720803.958534004,84.844
2026-09-16T22:30:01+00:00,40,COIN-USD,equity,2163498.5684499973,171.15
2026-09-16T22:30:01+00:00,41,RKLB-USD,equity,284726.4221034083,63.265
2026-09-16T22:30:01+00:00,42,LITE-USD,equity,2455412.8515110007,839.94
2026-09-16T22:30:01+00:00,43,NBIS-USD,equity,1574669.9798019954,206.83
2026-09-16T22:30:01+00:00,44,ORCL-USD,equity,5575951.083579004,140.11
2026-09-16T22:30:01+00:00,45,PLTR-USD,equity,1447723.5530999955,172.45
2026-09-16T22:30:01+00:00,46,BRENTOIL-USD,commodity,1893026.088578,103.17
2026-09-16T22:30:01+00:00,47,BABA-USD,equity,598179.8662030003,109.57
2026-09-16T22:30:01+00:00,48,ZM-USD,equity,1143939.3872710015,93.51
2026-09-16T22:30:01+00:00,49,DELL-USD,equity,35372.985712,543.61
2026-09-16T22:30:01+00:00,50,CXMT-USD,equity,19185.200415000003,8.0534
2026-09-16T22:30:01+00:00,51,KIOXIA-USD,equity,119815.9815989999,328.95
2026-09-16T22:30:01+00:00,52,SAMSUNG-USD,equity,807421.1819270003,184.89
2026-09-16T22:30:01+00:00,53,CRWV-USD,equity,3061472.4159109937,81.144
2026-09-16T22:30:01+00:00,54,AAVE-USD,crypto,1455049.1141080002,122.19
2026-09-16T22:30:01+00:00,55,UNI-USD,crypto,976320.1028059996,6.2808
2026-09-16T22:30:01+00:00,56,WLD-USD,crypto,27352.127137,0.36131
2026-09-16T22:30:01+00:00,57,NEAR-USD,crypto,4738227.856295994,2.3262
2026-09-16T22:30:01+00:00,58,KSHIB-USD,crypto,705233.5205160005,0.004954
2026-09-16T22:30:01+00:00,59,FARTCOIN-USD,crypto,1800779.877522998,0.13633
2026-09-16T22:30:01+00:00,60,DOGE-USD,crypto,1783296.7987759996,0.079921
2026-09-16T22:30:01+00:00,61,ENA-USD,crypto,2180118.4424509993,0.1384
2026-09-16T22:30:01+00:00,62,ONDO-USD,crypto,583762.3269660005,0.32774
2026-09-16T22:30:01+00:00,63,SUI-USD,crypto,2005859.0037050003,0.6818
2026-09-16T22:30:01+00:00,64,VVV-USD,crypto,3246033.1752590016,21.273
2026-09-16T22:30:01+00:00,65,TAO-USD,crypto,1291519.8743989982,217.28
2026-09-16T22:30:01+00:00,66,ADA-USD,crypto,2783080.4871340045,0.19452
2026-09-16T22:30:01+00:00,67,ZRO-USD,crypto,1431000.2492830001,0.9711
2026-09-16T22:30:01+00:00,68,BNB-USD,crypto,146886.08244499992,713.63
2026-09-16T22:30:01+00:00,69,PONS-USD,crypto,1347112.5043749972,0.63096
2026-09-16T22:30:01+00:00,70,CASHCAT-USD,crypto,1823750.9804670059,0.15537
2026-09-16T22:30:01+00:00,71,USELESS-USD,crypto,2302947.9907309925,0.21691
2026-09-16T22:30:01+00:00,72,KAITO-USD,crypto,1479242.2367069998,0.28522
2026-09-16T22:30:01+00:00,73,ARB-USD,crypto,2704429.7526418385,0.14943
2026-09-16T22:30:01+00:00,74,LDO-USD,crypto,571380.900395,0.3366
2026-09-16T22:30:01+00:00,75,AVAX-USD,crypto,920915.2980090004,7.2498
2026-09-16T22:30:01+00:00,76,LTC-USD,crypto,428748.76729800046,51.084
2026-09-16T22:30:01+00:00,77,XPL-USD,crypto,657243.4771389997,0.080079
2026-09-16T22:30:01+00:00,78,XMR-USD,crypto,1257262.3568600572,502.96
2026-09-16T22:30:01+00:00,79,LINK-USD,crypto,41254.49420099997,10.876
2026-09-16T22:30:01+00:00,80,VIRTUAL-USD,crypto,205544.14233900022,0.58525
2026-09-16T22:30:01+00:00,81,JUP-USD,crypto,1219699.4501659994,0.21618
2026-09-16T22:30:01+00:00,82,ETHFI-USD,crypto,1025074.0412770006,0.59145
2026-09-16T22:30:01+00:00,83,PENDLE-USD,crypto,419042.08346300037,2.2607
2026-09-16T22:30:01+00:00,84,MORPHO-USD,crypto,897438.5377869997,2.0869
2026-09-16T22:30:01+00:00,85,CBRS-USD,,53221.10759099999,188.45
2026-09-16T22:30:01+00:00,86,MRVL-USD,,12957.864450999996,229.46
2026-09-16T22:30:01+00:00,87,EWY-USD,,12827.165401000007,178.97
2026-09-16T22:30:01+00:00,88,NCLD-USD,,3943.235094,23.001
2026-09-16T22:30:01+00:00,89,SOXL-USD,,78169.65025399995,108.07
2026-09-16T22:30:01+00:00,90,UNITREE-USD,,9828.269825,70.481
2026-09-16T22:45:02+00:00,1,SP500-USD,index,4237184.759025002,7592.7
2026-09-16T22:45:02+00:00,2,GOLD-USD,commodity,3664400.8159659994,4296.2
2026-09-16T22:45:02+00:00,3,WTIOIL-USD,commodity,2099362.7876939997,100.29
2026-09-16T22:45:02+00:00,4,NAS100-USD,index,4731283.73466999,28990
2026-09-16T22:45:02+00:00,5,SILVER-USD,commodity,3728241.2076969915,63.769
2026-09-16T22:45:02+00:00,6,BTC-USD,crypto,5470394.92512,75564
2026-09-16T22:45:02+00:00,7,ETH-USD,crypto,7719938.42632999,2394.8
2026-09-16T22:45:02+00:00,8,SOL-USD,crypto,1400361.8670200007,96.858
2026-09-16T22:45:02+00:00,9,SPCX-USD,equity,2593022.600497998,142.9
2026-09-16T22:45:02+00:00,10,HYPE-USD,crypto,7275633.225403005,76.749
2026-09-16T22:45:02+00:00,11,MU-USD,equity,737047.8164450004,927.9
2026-09-16T22:45:02+00:00,13,SKHY-USD,equity,514441.5782830001,177.6
2026-09-16T22:45:02+00:00,14,SKHYNIX-USD,equity,2162180.676599997,1239.4
2026-09-16T22:45:02+00:00,15,AAPL-USD,equity,1005512.6738880017,331.53
2026-09-16T22:45:02+00:00,16,MSFT-USD,equity,1663155.8405259985,498.78
2026-09-16T22:45:02+00:00,17,GOOG-USD,equity,1182832.9233470003,344.38
2026-09-16T22:45:02+00:00,18,AMZN-USD,equity,572954.497056,248.58
2026-09-16T22:45:02+00:00,19,NVDA-USD,equity,2606221.0049999966,212.61
2026-09-16T22:45:02+00:00,20,META-USD,equity,4492757.570807998,668.75
2026-09-16T22:45:02+00:00,21,TSLA-USD,equity,5714898.30111901,356.17
2026-09-16T22:45:02+00:00,22,AMD-USD,equity,2046393.2044509863,504
2026-09-16T22:45:02+00:00,23,INTC-USD,equity,2602150.4097211296,97.1
2026-09-16T22:45:02+00:00,24,AVGO-USD,equity,4719379.9640170345,340.35
2026-09-16T22:45:02+00:00,25,QCOM-USD,equity,297283.21947800025,188
2026-09-16T22:45:02+00:00,26,ARM-USD,equity,1085886.1083120003,241.27
2026-09-16T22:45:02+00:00,27,TSM-USD,equity,9932.719865000001,414.15
2026-09-16T22:45:02+00:00,28,ASML-USD,equity,1229686.3959100004,1593.7
2026-09-16T22:45:02+00:00,29,SNDK-USD,equity,1881253.3464529966,1528.9
2026-09-16T22:45:02+00:00,30,DRAM-USD,index,2395456.4825560013,55.021
2026-09-16T22:45:02+00:00,31,PUMP-USD,crypto,1234605.4480319966,0.003499
2026-09-16T22:45:02+00:00,32,ZEC-USD,crypto,4930603.360627023,1125.1
2026-09-16T22:45:02+00:00,33,XRP-USD,crypto,1159657.8407999987,1.2892
2026-09-16T22:45:02+00:00,34,LIT-USD,crypto,167116.24649599995,4.0729
2026-09-16T22:45:02+00:00,35,KPEPE-USD,crypto,76334.95632300008,0.003376
2026-09-16T22:45:02+00:00,36,HOOD-USD,equity,2795079.3825399955,108.93
2026-09-16T22:45:02+00:00,37,MSTR-USD,equity,1794958.7001600096,128.59
2026-09-16T22:45:02+00:00,38,STRC-USD,equity,55797.41948699999,97.326
2026-09-16T22:45:02+00:00,39,CRCL-USD,equity,2710820.777143003,84.64
2026-09-16T22:45:02+00:00,40,COIN-USD,equity,2149739.0811339975,171.16
2026-09-16T22:45:02+00:00,41,RKLB-USD,equity,284715.1609334083,63.272
2026-09-16T22:45:02+00:00,42,LITE-USD,equity,2463953.5727910013,839.94
2026-09-16T22:45:02+00:00,43,NBIS-USD,equity,1591255.6406129957,207.97
2026-09-16T22:45:02+00:00,44,ORCL-USD,equity,5576051.056633004,140.11
2026-09-16T22:45:02+00:00,45,PLTR-USD,equity,1447881.9561079955,172.45
2026-09-16T22:45:02+00:00,46,BRENTOIL-USD,commodity,1893026.088578,103.17
2026-09-16T22:45:02+00:00,47,BABA-USD,equity,611535.1926500001,109.57
2026-09-16T22:45:02+00:00,48,ZM-USD,equity,1163241.0393530016,93.51
2026-09-16T22:45:02+00:00,49,DELL-USD,equity,35372.985712,543.61
2026-09-16T22:45:02+00:00,50,CXMT-USD,equity,19185.200415000003,8.0534
2026-09-16T22:45:02+00:00,51,KIOXIA-USD,equity,122887.85097799991,329.19
2026-09-16T22:45:02+00:00,52,SAMSUNG-USD,equity,807868.1817390003,184.89
2026-09-16T22:45:02+00:00,53,CRWV-USD,equity,3130243.3525529937,81.3
2026-09-16T22:45:02+00:00,54,AAVE-USD,crypto,1452564.0815110004,122.74
2026-09-16T22:45:02+00:00,55,UNI-USD,crypto,962440.4970719996,6.3504
2026-09-16T22:45:02+00:00,56,WLD-USD,crypto,26137.882365,0.36099
2026-09-16T22:45:02+00:00,57,NEAR-USD,crypto,4737689.872912993,2.3261
2026-09-16T22:45:02+00:00,58,KSHIB-USD,crypto,711709.1452160004,0.004954
2026-09-16T22:45:02+00:00,59,FARTCOIN-USD,crypto,1801471.3993389984,0.13716
2026-09-16T22:45:02+00:00,60,DOGE-USD,crypto,1766919.8942689996,0.079877
2026-09-16T22:45:02+00:00,61,ENA-USD,crypto,2145906.456595999,0.13928
2026-09-16T22:45:02+00:00,62,ONDO-USD,crypto,587659.6718430006,0.32804
2026-09-16T22:45:02+00:00,63,SUI-USD,crypto,1933829.635190001,0.68283
2026-09-16T22:45:02+00:00,64,VVV-USD,crypto,3290357.517416001,21.221
2026-09-16T22:45:02+00:00,65,TAO-USD,crypto,1289517.7301029984,219.50
2026-09-16T22:45:02+00:00,66,ADA-USD,crypto,2779435.120407004,0.1947
2026-09-16T22:45:02+00:00,67,ZRO-USD,crypto,1412842.7418690003,0.9763
2026-09-16T22:45:02+00:00,68,BNB-USD,crypto,146886.08244499992,713.63
2026-09-16T22:45:02+00:00,69,PONS-USD,crypto,1343596.5009689964,0.63106
2026-09-16T22:45:02+00:00,70,CASHCAT-USD,crypto,1816538.899307005,0.15792
2026-09-16T22:45:02+00:00,71,USELESS-USD,crypto,2298102.978076992,0.21514
2026-09-16T22:45:02+00:00,72,KAITO-USD,crypto,1478174.8222490002,0.2851
2026-09-16T22:45:02+00:00,73,ARB-USD,crypto,2696543.3090558383,0.15049
2026-09-16T22:45:02+00:00,74,LDO-USD,crypto,571370.880844,0.33691
2026-09-16T22:45:02+00:00,75,AVAX-USD,crypto,924135.2766830005,7.2578
2026-09-16T22:45:02+00:00,76,LTC-USD,crypto,428718.6946260004,51.322
2026-09-16T22:45:02+00:00,77,XPL-USD,crypto,655739.4430599996,0.08056
2026-09-16T22:45:02+00:00,78,XMR-USD,crypto,1256810.4339180572,503.72
2026-09-16T22:45:02+00:00,79,LINK-USD,crypto,41184.31813499997,10.934
2026-09-16T22:45:02+00:00,80,VIRTUAL-USD,crypto,205524.1287690002,0.58728
2026-09-16T22:45:02+00:00,81,JUP-USD,crypto,1219689.4454879994,0.21628
2026-09-16T22:45:02+00:00,82,ETHFI-USD,crypto,1030643.3266030005,0.59288
2026-09-16T22:45:02+00:00,83,PENDLE-USD,crypto,412978.4937050003,2.2541
2026-09-16T22:45:02+00:00,84,MORPHO-USD,crypto,913625.2318559998,2.0838
2026-09-16T22:45:02+00:00,85,CBRS-USD,,53778.88228099999,188.45
2026-09-16T22:45:02+00:00,86,MRVL-USD,,13459.760953999996,229.46
2026-09-16T22:45:02+00:00,87,EWY-USD,,12827.165401000007,178.97
2026-09-16T22:45:02+00:00,88,NCLD-USD,,4689.461317,23.001
2026-09-16T22:45:02+00:00,89,SOXL-USD,,78189.65779099995,108.07
2026-09-16T22:45:02+00:00,90,UNITREE-USD,,9828.269825,70.481
2026-09-16T23:00:02+00:00,1,SP500-USD,index,4248259.859469001,7592.2
2026-09-16T23:00:02+00:00,2,GOLD-USD,commodity,3594657.7597210007,4290.9
2026-09-16T23:00:02+00:00,3,WTIOIL-USD,commodity,2116722.4077989995,100.3
2026-09-16T23:00:02+00:00,4,NAS100-USD,index,4730928.83362999,28985
2026-09-16T23:00:02+00:00,5,SILVER-USD,commodity,3728279.764024991,63.769
2026-09-16T23:00:02+00:00,6,BTC-USD,crypto,5378954.780270001,75647
2026-09-16T23:00:02+00:00,7,ETH-USD,crypto,7748713.056509996,2395.7
2026-09-16T23:00:02+00:00,8,SOL-USD,crypto,1383673.2623180007,97.379
2026-09-16T23:00:02+00:00,9,SPCX-USD,equity,2593118.0417449977,142.9
2026-09-16T23:00:02+00:00,10,HYPE-USD,crypto,7304343.6892040055,76.783
2026-09-16T23:00:02+00:00,11,MU-USD,equity,737064.8072370003,927.9
2026-09-16T23:00:02+00:00,13,SKHY-USD,equity,514502.5327210001,177.6
2026-09-16T23:00:02+00:00,14,SKHYNIX-USD,equity,2162180.676599997,1239.4
2026-09-16T23:00:02+00:00,15,AAPL-USD,equity,1005551.4826950018,331.53
2026-09-16T23:00:02+00:00,16,MSFT-USD,equity,1664587.1810599987,498.5
2026-09-16T23:00:02+00:00,17,GOOG-USD,equity,1182869.7688470003,344.38
2026-09-16T23:00:02+00:00,18,AMZN-USD,equity,574867.6577440001,248.58
2026-09-16T23:00:02+00:00,19,NVDA-USD,equity,2596235.3511299966,212.47
2026-09-16T23:00:02+00:00,20,META-USD,equity,4492777.514282998,668.75
2026-09-16T23:00:02+00:00,21,TSLA-USD,equity,5738360.26504101,356.17
2026-09-16T23:00:02+00:00,22,AMD-USD,equity,2046549.2010189863,504
2026-09-16T23:00:02+00:00,23,INTC-USD,equity,2696928.8636571295,97.07
2026-09-16T23:00:02+00:00,24,AVGO-USD,equity,4719559.869652036,340.35
2026-09-16T23:00:02+00:00,25,QCOM-USD,equity,297293.22567800025,188
2026-09-16T23:00:02+00:00,26,ARM-USD,equity,1080921.7317030004,241.9
2026-09-16T23:00:02+00:00,27,TSM-USD,equity,9932.719865000001,414.15
2026-09-16T23:00:02+00:00,28,ASML-USD,equity,1229215.9142130008,1593.8
2026-09-16T23:00:02+00:00,29,SNDK-USD,equity,1881268.4974329965,1528.9
2026-09-16T23:00:02+00:00,30,DRAM-USD,index,2395526.2830050015,55.021
2026-09-16T23:00:02+00:00,31,PUMP-USD,crypto,1229924.6883519965,0.003517
2026-09-16T23:00:02+00:00,32,ZEC-USD,crypto,4931108.632607026,1125.1
2026-09-16T23:00:02+00:00,33,XRP-USD,crypto,1162646.4772999985,1.2892
2026-09-16T23:00:02+00:00,34,LIT-USD,crypto,167417.26756599997,4.061
2026-09-16T23:00:02+00:00,35,KPEPE-USD,crypto,76474.64781900008,0.003392
2026-09-16T23:00:02+00:00,36,HOOD-USD,equity,2795107.5543399956,108.93
2026-09-16T23:00:02+00:00,37,MSTR-USD,equity,1790682.6965700088,128.43
2026-09-16T23:00:02+00:00,38,STRC-USD,equity,56528.88432299999,97.326
2026-09-16T23:00:02+00:00,39,CRCL-USD,equity,2737665.4956820034,84.816
2026-09-16T23:00:02+00:00,40,COIN-USD,equity,2127221.1116139973,171.48
2026-09-16T23:00:02+00:00,41,RKLB-USD,equity,284591.3781394083,63.365
2026-09-16T23:00:02+00:00,42,LITE-USD,equity,2465501.033613002,839.94
2026-09-16T23:00:02+00:00,43,NBIS-USD,equity,1609130.538214996,207.97
2026-09-16T23:00:02+00:00,44,ORCL-USD,equity,5576130.100455004,140.11
2026-09-16T23:00:02+00:00,45,PLTR-USD,equity,1461355.1321899954,172.45
2026-09-16T23:00:02+00:00,46,BRENTOIL-USD,commodity,1893248.588738,103.17
2026-09-16T23:00:02+00:00,47,BABA-USD,equity,612330.272344,109.57
2026-09-16T23:00:02+00:00,48,ZM-USD,equity,1163343.9308450017,93.51
2026-09-16T23:00:02+00:00,49,DELL-USD,equity,35372.985712,543.61
2026-09-16T23:00:02+00:00,50,CXMT-USD,equity,19513.299708000002,8.0534
2026-09-16T23:00:02+00:00,51,KIOXIA-USD,equity,123540.13667399994,329.19
2026-09-16T23:00:02+00:00,52,SAMSUNG-USD,equity,807868.1817390003,184.89
2026-09-16T23:00:02+00:00,53,CRWV-USD,equity,3113937.7182379956,81.207
2026-09-16T23:00:02+00:00,54,AAVE-USD,crypto,1537515.655820001,122.74
2026-09-16T23:00:02+00:00,55,UNI-USD,crypto,962779.8368989995,6.3504
2026-09-16T23:00:02+00:00,56,WLD-USD,crypto,25386.812323000002,0.36183
2026-09-16T23:00:02+00:00,57,NEAR-USD,crypto,4756824.308614992,2.342
2026-09-16T23:00:02+00:00,58,KSHIB-USD,crypto,719723.4589250004,0.004972
2026-09-16T23:00:02+00:00,59,FARTCOIN-USD,crypto,1815029.9784469984,0.13787
2026-09-16T23:00:02+00:00,60,DOGE-USD,crypto,1764282.3071329996,0.080249
2026-09-16T23:00:02+00:00,61,ENA-USD,crypto,2156451.1829789984,0.13983
2026-09-16T23:00:02+00:00,62,ONDO-USD,crypto,587626.9771070004,0.33103
2026-09-16T23:00:02+00:00,63,SUI-USD,crypto,1924445.0328500008,0.68514
2026-09-16T23:00:02+00:00,64,VVV-USD,crypto,3277594.5170899993,21.344
2026-09-16T23:00:02+00:00,65,TAO-USD,crypto,1289638.8675319985,219.50
2026-09-16T23:00:02+00:00,66,ADA-USD,crypto,2784960.6665610033,0.19528
2026-09-16T23:00:02+00:00,67,ZRO-USD,crypto,1401906.6444980004,0.9906
2026-09-16T23:00:02+00:00,68,BNB-USD,crypto,147196.5480199999,713.63
2026-09-16T23:00:02+00:00,69,PONS-USD,crypto,1346792.498034997,0.63174
2026-09-16T23:00:02+00:00,70,CASHCAT-USD,crypto,1817999.922966005,0.15833
2026-09-16T23:00:02+00:00,71,USELESS-USD,crypto,2300771.172306992,0.21776
2026-09-16T23:00:02+00:00,72,KAITO-USD,crypto,1481123.7505630003,0.28691
2026-09-16T23:00:02+00:00,73,ARB-USD,crypto,2682901.617399841,0.15064
2026-09-16T23:00:02+00:00,74,LDO-USD,crypto,563347.368949,0.33622
2026-09-16T23:00:02+00:00,75,AVAX-USD,crypto,950486.4738000002,7.275
2026-09-16T23:00:02+00:00,76,LTC-USD,crypto,428796.39479500044,51.316
2026-09-16T23:00:02+00:00,77,XPL-USD,crypto,655802.6193439997,0.081403
2026-09-16T23:00:02+00:00,78,XMR-USD,crypto,1256921.9132740574,505.69
2026-09-16T23:00:02+00:00,79,LINK-USD,crypto,41253.90283399997,10.934
2026-09-16T23:00:02+00:00,80,VIRTUAL-USD,crypto,205474.08548900022,0.58768
2026-09-16T23:00:02+00:00,81,JUP-USD,crypto,1219247.1595019994,0.21689
2026-09-16T23:00:02+00:00,82,ETHFI-USD,crypto,1030466.5251740005,0.5964
2026-09-16T23:00:02+00:00,83,PENDLE-USD,crypto,412858.3839140003,2.256
2026-09-16T23:00:02+00:00,84,MORPHO-USD,crypto,912099.3459739997,2.0829
2026-09-16T23:00:02+00:00,85,CBRS-USD,,53778.88228099999,188.45
2026-09-16T23:00:02+00:00,86,MRVL-USD,,13459.760953999996,229.46
2026-09-16T23:00:02+00:00,87,EWY-USD,,13184.156486000007,178.97
2026-09-16T23:00:02+00:00,88,NCLD-USD,,5435.655014,23.001
2026-09-16T23:00:02+00:00,89,SOXL-USD,,78259.88090399995,108.07
2026-09-16T23:00:02+00:00,90,UNITREE-USD,,9828.269825,70.481
2026-09-16T23:15:02+00:00,1,SP500-USD,index,4245737.119991001,7590.3
2026-09-16T23:15:02+00:00,2,GOLD-USD,commodity,3563155.518070001,4286.8
2026-09-16T23:15:02+00:00,3,WTIOIL-USD,commodity,2116660.2217989992,100.39
2026-09-16T23:15:02+00:00,4,NAS100-USD,index,4731161.32617999,28985
2026-09-16T23:15:02+00:00,5,SILVER-USD,commodity,3728318.7326779915,63.769
2026-09-16T23:15:02+00:00,6,BTC-USD,crypto,5284394.64813,75878
2026-09-16T23:15:02+00:00,7,ETH-USD,crypto,7540504.783009995,2407.6
2026-09-16T23:15:02+00:00,8,SOL-USD,crypto,1383183.3543830004,97.447
2026-09-16T23:15:02+00:00,9,SPCX-USD,equity,2593269.4701649975,142.9
2026-09-16T23:15:02+00:00,10,HYPE-USD,crypto,7300450.772412006,77.163
2026-09-16T23:15:02+00:00,11,MU-USD,equity,737082.0751370003,927.9
2026-09-16T23:15:02+00:00,13,SKHY-USD,equity,514541.7844420001,177.6
2026-09-16T23:15:02+00:00,14,SKHYNIX-USD,equity,2162180.676599997,1239.4
2026-09-16T23:15:02+00:00,15,AAPL-USD,equity,1005590.9029630017,331.53
2026-09-16T23:15:02+00:00,16,MSFT-USD,equity,1653393.3420059988,498.6
2026-09-16T23:15:02+00:00,17,GOOG-USD,equity,1182936.9994400006,344.38
2026-09-16T23:15:02+00:00,18,AMZN-USD,equity,574922.579644,248.58
2026-09-16T23:15:02+00:00,19,NVDA-USD,equity,2592663.4122639974,212.52
2026-09-16T23:15:02+00:00,20,META-USD,equity,4494061.824732999,668.75
2026-09-16T23:15:02+00:00,21,TSLA-USD,equity,5738463.0259060105,356.17
2026-09-16T23:15:02+00:00,22,AMD-USD,equity,2046772.0141859865,504
2026-09-16T23:15:02+00:00,23,INTC-USD,equity,2823404.5843891287,97.1
2026-09-16T23:15:02+00:00,24,AVGO-USD,equity,4719759.681200036,340.35
2026-09-16T23:15:02+00:00,25,QCOM-USD,equity,297303.23781800026,188
2026-09-16T23:15:02+00:00,26,ARM-USD,equity,1080944.2780420005,241.9
2026-09-16T23:15:02+00:00,27,TSM-USD,equity,9745.944655000001,414.59
2026-09-16T23:15:02+00:00,28,ASML-USD,equity,1229215.9142130008,1593.8
2026-09-16T23:15:02+00:00,29,SNDK-USD,equity,1888780.0637039966,1528.9
2026-09-16T23:15:02+00:00,30,DRAM-USD,index,2395525.3490550015,54.974
2026-09-16T23:15:02+00:00,31,PUMP-USD,crypto,1224444.7527599959,0.003559
2026-09-16T23:15:02+00:00,32,ZEC-USD,crypto,4828560.235827027,1109.6
2026-09-16T23:15:02+00:00,33,XRP-USD,crypto,1156605.9969999986,1.2956
2026-09-16T23:15:02+00:00,34,LIT-USD,crypto,167485.77778799998,4.0506
2026-09-16T23:15:02+00:00,35,KPEPE-USD,crypto,76588.01444700008,0.003392
2026-09-16T23:15:02+00:00,36,HOOD-USD,equity,2795676.271569996,108.92
2026-09-16T23:15:02+00:00,37,MSTR-USD,equity,1785040.7476500089,128.87
2026-09-16T23:15:02+00:00,38,STRC-USD,equity,56528.88432299999,97.326
2026-09-16T23:15:02+00:00,39,CRCL-USD,equity,2738155.781857004,84.921
2026-09-16T23:15:02+00:00,40,COIN-USD,equity,2115531.9965919973,171.62
2026-09-16T23:15:02+00:00,41,RKLB-USD,equity,284611.1247844083,63.365
2026-09-16T23:15:02+00:00,42,LITE-USD,equity,2465501.033613002,839.94
2026-09-16T23:15:02+00:00,43,NBIS-USD,equity,1632703.4337059956,207.97
2026-09-16T23:15:02+00:00,44,ORCL-USD,equity,5576269.745928003,140.11
2026-09-16T23:15:02+00:00,45,PLTR-USD,equity,1461410.1224439952,172.45
2026-09-16T23:15:02+00:00,46,BRENTOIL-USD,commodity,1893361.674838,103.17
2026-09-16T23:15:02+00:00,47,BABA-USD,equity,612330.272344,109.57
2026-09-16T23:15:02+00:00,48,ZM-USD,equity,1532805.6975560011,93.26
2026-09-16T23:15:02+00:00,49,DELL-USD,equity,35372.985712,543.61
2026-09-16T23:15:02+00:00,50,CXMT-USD,equity,20106.442569,8.0534
2026-09-16T23:15:02+00:00,51,KIOXIA-USD,equity,124621.09613099997,328.32
2026-09-16T23:15:02+00:00,52,SAMSUNG-USD,equity,807868.1817390003,184.89
2026-09-16T23:15:02+00:00,53,CRWV-USD,equity,3109234.2948439955,81.173
2026-09-16T23:15:02+00:00,54,AAVE-USD,crypto,1540993.5246580006,123.29
2026-09-16T23:15:02+00:00,55,UNI-USD,crypto,958502.3545479997,6.4108
2026-09-16T23:15:02+00:00,56,WLD-USD,crypto,25420.022828,0.36183
2026-09-16T23:15:02+00:00,57,NEAR-USD,crypto,4761354.032441996,2.3412
2026-09-16T23:15:02+00:00,58,KSHIB-USD,crypto,719885.9288410004,0.004972
2026-09-16T23:15:02+00:00,59,FARTCOIN-USD,crypto,1832660.5281729978,0.13926
2026-09-16T23:15:02+00:00,60,DOGE-USD,crypto,1763685.1176109994,0.080529
2026-09-16T23:15:02+00:00,61,ENA-USD,crypto,2164888.486924999,0.14146
2026-09-16T23:15:02+00:00,62,ONDO-USD,crypto,587641.1638130005,0.3308
2026-09-16T23:15:02+00:00,63,SUI-USD,crypto,1922410.016426001,0.68912
2026-09-16T23:15:02+00:00,64,VVV-USD,crypto,3277683.0646589994,21.539
2026-09-16T23:15:02+00:00,65,TAO-USD,crypto,1291621.0384269983,219.85
2026-09-16T23:15:02+00:00,66,ADA-USD,crypto,2786265.1408060025,0.19657
2026-09-16T23:15:02+00:00,67,ZRO-USD,crypto,1387657.2105240002,0.9968
2026-09-16T23:15:02+00:00,68,BNB-USD,crypto,145498.60411599991,711.52
2026-09-16T23:15:02+00:00,69,PONS-USD,crypto,1375875.7068629982,0.63164
2026-09-16T23:15:02+00:00,70,CASHCAT-USD,crypto,1808662.4156490054,0.16018
2026-09-16T23:15:02+00:00,71,USELESS-USD,crypto,2306563.8470459925,0.22031
2026-09-16T23:15:02+00:00,72,KAITO-USD,crypto,1481874.6281660004,0.28791
2026-09-16T23:15:02+00:00,73,ARB-USD,crypto,2685133.144555842,0.15049
2026-09-16T23:15:02+00:00,74,LDO-USD,crypto,567679.0975529999,0.33762
2026-09-16T23:15:02+00:00,75,AVAX-USD,crypto,962028.7442430003,7.3051
2026-09-16T23:15:02+00:00,76,LTC-USD,crypto,428837.2489870004,51.386
2026-09-16T23:15:02+00:00,77,XPL-USD,crypto,654599.7486169995,0.082223
2026-09-16T23:15:02+00:00,78,XMR-USD,crypto,1267045.993089057,508.13
2026-09-16T23:15:02+00:00,79,LINK-USD,crypto,41287.02156399997,10.875
2026-09-16T23:15:02+00:00,80,VIRTUAL-USD,crypto,205525.1758260002,0.58907
2026-09-16T23:15:02+00:00,81,JUP-USD,crypto,1220604.6048319994,0.2176
2026-09-16T23:15:02+00:00,82,ETHFI-USD,crypto,1027707.1328100007,0.59705
2026-09-16T23:15:02+00:00,83,PENDLE-USD,crypto,411824.6181150005,2.2849
2026-09-16T23:15:02+00:00,84,MORPHO-USD,crypto,911243.9888499997,2.1053
2026-09-16T23:15:02+00:00,85,CBRS-USD,,54793.85792299999,188.45
2026-09-16T23:15:02+00:00,86,MRVL-USD,,13708.489453999997,229.46
2026-09-16T23:15:02+00:00,87,EWY-USD,,13184.156486000007,178.97
2026-09-16T23:15:02+00:00,88,NCLD-USD,,8669.307196,23.001
2026-09-16T23:15:02+00:00,89,SOXL-USD,,78259.88090399995,108.07
2026-09-16T23:15:02+00:00,90,UNITREE-USD,,9828.269825,70.481
2026-09-16T23:30:01+00:00,1,SP500-USD,index,4248203.941351001,7590.3
2026-09-16T23:30:01+00:00,2,GOLD-USD,commodity,3523034.9076670012,4286.7
2026-09-16T23:30:01+00:00,3,WTIOIL-USD,commodity,2116660.2217989992,100.39
2026-09-16T23:30:01+00:00,4,NAS100-USD,index,4731161.32617999,28985
2026-09-16T23:30:01+00:00,5,SILVER-USD,commodity,3728318.7326779915,63.769
2026-09-16T23:30:01+00:00,6,BTC-USD,crypto,5281614.956249998,75680
2026-09-16T23:30:01+00:00,7,ETH-USD,crypto,7272504.185899994,2404.2
2026-09-16T23:30:01+00:00,8,SOL-USD,crypto,1372778.9026680004,97.408
2026-09-16T23:30:01+00:00,9,SPCX-USD,equity,2593659.4992449973,142.9
2026-09-16T23:30:01+00:00,10,HYPE-USD,crypto,7303716.345591004,77.088
2026-09-16T23:30:01+00:00,11,MU-USD,equity,737082.0751370003,927.9
2026-09-16T23:30:01+00:00,13,SKHY-USD,equity,514541.7844420001,177.6
2026-09-16T23:30:01+00:00,14,SKHYNIX-USD,equity,2162180.676599997,1239.4
2026-09-16T23:30:01+00:00,15,AAPL-USD,equity,1008716.8523970017,331.53
2026-09-16T23:30:01+00:00,16,MSFT-USD,equity,1663441.5684759987,498.42
2026-09-16T23:30:01+00:00,17,GOOG-USD,equity,1182996.9531960005,344.38
2026-09-16T23:30:01+00:00,18,AMZN-USD,equity,574922.579644,248.58
2026-09-16T23:30:01+00:00,19,NVDA-USD,equity,2552619.654037999,212.53
2026-09-16T23:30:01+00:00,20,META-USD,equity,4501571.2914579995,668.75
2026-09-16T23:30:01+00:00,21,TSLA-USD,equity,5740637.54272601,356.17
2026-09-16T23:30:01+00:00,22,AMD-USD,equity,2046791.9710459865,504
2026-09-16T23:30:01+00:00,23,INTC-USD,equity,2843245.564952129,97.09
2026-09-16T23:30:01+00:00,24,AVGO-USD,equity,4719759.681200036,340.35
2026-09-16T23:30:01+00:00,25,QCOM-USD,equity,297303.23781800026,188
2026-09-16T23:30:01+00:00,26,ARM-USD,equity,1080944.2780420005,241.9
2026-09-16T23:30:01+00:00,27,TSM-USD,equity,9745.944655000001,414.59
2026-09-16T23:30:01+00:00,28,ASML-USD,equity,1229226.9405650008,1593.8
2026-09-16T23:30:01+00:00,29,SNDK-USD,equity,1874094.1579469964,1528.9
2026-09-16T23:30:01+00:00,30,DRAM-USD,index,2395525.3490550015,54.974
2026-09-16T23:30:01+00:00,31,PUMP-USD,crypto,1214105.5689489972,0.00353
2026-09-16T23:30:01+00:00,32,ZEC-USD,crypto,4829885.142967026,1109.6
2026-09-16T23:30:01+00:00,33,XRP-USD,crypto,1155056.9409999987,1.288
2026-09-16T23:30:01+00:00,34,LIT-USD,crypto,164710.61471100003,4.0363
2026-09-16T23:30:01+00:00,35,KPEPE-USD,crypto,77084.92489200008,0.003392
2026-09-16T23:30:01+00:00,36,HOOD-USD,equity,2810339.243609996,109.14
2026-09-16T23:30:01+00:00,37,MSTR-USD,equity,1779528.047600009,128.24
2026-09-16T23:30:01+00:00,38,STRC-USD,equity,56834.595581999994,97.326
2026-09-16T23:30:01+00:00,39,CRCL-USD,equity,2733789.7316330043,84.674
2026-09-16T23:30:01+00:00,40,COIN-USD,equity,2049079.3568679981,171.27
2026-09-16T23:30:01+00:00,41,RKLB-USD,equity,287491.56032340834,63.365
2026-09-16T23:30:01+00:00,42,LITE-USD,equity,2465670.351459002,839.94
2026-09-16T23:30:01+00:00,43,NBIS-USD,equity,1650014.482657995,207.97
2026-09-16T23:30:01+00:00,44,ORCL-USD,equity,5576289.735040003,140.11
2026-09-16T23:30:01+00:00,45,PLTR-USD,equity,1463411.0821839953,172.45
2026-09-16T23:30:01+00:00,46,BRENTOIL-USD,commodity,1893371.548338,103.17
2026-09-16T23:30:01+00:00,47,BABA-USD,equity,612330.272344,109.57
2026-09-16T23:30:01+00:00,48,ZM-USD,equity,1532805.6975560011,93.26
2026-09-16T23:30:01+00:00,49,DELL-USD,equity,35349.88228700001,543.52
2026-09-16T23:30:01+00:00,50,CXMT-USD,equity,20146.567048999997,8.0534
2026-09-16T23:30:01+00:00,51,KIOXIA-USD,equity,123587.39559099998,329.67
2026-09-16T23:30:01+00:00,52,SAMSUNG-USD,equity,817968.4333820003,184.89
2026-09-16T23:30:01+00:00,53,CRWV-USD,equity,3085561.678664996,80.989
2026-09-16T23:30:01+00:00,54,AAVE-USD,crypto,1547203.0707830004,122.64
2026-09-16T23:30:01+00:00,55,UNI-USD,crypto,956982.9178460002,6.4045
2026-09-16T23:30:01+00:00,56,WLD-USD,crypto,25488.108628,0.36183
2026-09-16T23:30:01+00:00,57,NEAR-USD,crypto,4896299.282047997,2.3427
2026-09-16T23:30:01+00:00,58,KSHIB-USD,crypto,719209.9143010004,0.004956
2026-09-16T23:30:01+00:00,59,FARTCOIN-USD,crypto,1863958.3862829972,0.13913
2026-09-16T23:30:01+00:00,60,DOGE-USD,crypto,1738081.2834659992,0.080369
2026-09-16T23:30:01+00:00,61,ENA-USD,crypto,2170829.3666879986,0.14119
2026-09-16T23:30:01+00:00,62,ONDO-USD,crypto,581019.9974790008,0.32981
2026-09-16T23:30:01+00:00,63,SUI-USD,crypto,1892560.9490150006,0.68866
2026-09-16T23:30:01+00:00,64,VVV-USD,crypto,3278656.526159999,21.452
2026-09-16T23:30:01+00:00,65,TAO-USD,crypto,1288782.8445079986,218.89
2026-09-16T23:30:01+00:00,66,ADA-USD,crypto,2782628.326322003,0.19623
2026-09-16T23:30:01+00:00,67,ZRO-USD,crypto,1368942.8651070006,0.9981
2026-09-16T23:30:01+00:00,68,BNB-USD,crypto,147531.13278599991,711.52
2026-09-16T23:30:01+00:00,69,PONS-USD,crypto,1380342.4829709984,0.63752
2026-09-16T23:30:01+00:00,70,CASHCAT-USD,crypto,1794516.685286005,0.15939
2026-09-16T23:30:01+00:00,71,USELESS-USD,crypto,2314779.3236999945,0.21624
2026-09-16T23:30:01+00:00,72,KAITO-USD,crypto,1486409.0546330004,0.28691
2026-09-16T23:30:01+00:00,73,ARB-USD,crypto,2713376.878442842,0.15173
2026-09-16T23:30:01+00:00,74,LDO-USD,crypto,567770.412422,0.33681
2026-09-16T23:30:01+00:00,75,AVAX-USD,crypto,990493.795174,7.2795
2026-09-16T23:30:01+00:00,76,LTC-USD,crypto,428827.2287170004,51.286
2026-09-16T23:30:01+00:00,77,XPL-USD,crypto,656269.7730379996,0.082002
2026-09-16T23:30:01+00:00,78,XMR-USD,crypto,1267371.0714770576,507.17
2026-09-16T23:30:01+00:00,79,LINK-USD,crypto,41287.02156399997,10.875
2026-09-16T23:30:01+00:00,80,VIRTUAL-USD,crypto,205695.81213500025,0.58506
2026-09-16T23:30:01+00:00,81,JUP-USD,crypto,1220606.9916049999,0.21645
2026-09-16T23:30:01+00:00,82,ETHFI-USD,crypto,1027603.6200770006,0.59585
2026-09-16T23:30:01+00:00,83,PENDLE-USD,crypto,416122.2947950004,2.2721
2026-09-16T23:30:01+00:00,84,MORPHO-USD,crypto,911046.1598819996,2.0869
2026-09-16T23:30:01+00:00,85,CBRS-USD,,56554.96191799999,188.45
2026-09-16T23:30:01+00:00,86,MRVL-USD,,14883.82052,229.46
2026-09-16T23:30:01+00:00,87,EWY-USD,,13184.156486000007,178.97
2026-09-16T23:30:01+00:00,88,NCLD-USD,,10520.073806999999,23.001
2026-09-16T23:30:01+00:00,89,SOXL-USD,,78269.88217599994,108.07
2026-09-16T23:30:01+00:00,90,UNITREE-USD,,9828.269825,70.481
2026-09-16T23:45:01+00:00,1,SP500-USD,index,4511473.484116011,7590.3
2026-09-16T23:45:01+00:00,2,GOLD-USD,commodity,3526610.51801,4283.9
2026-09-16T23:45:01+00:00,3,WTIOIL-USD,commodity,2497027.5059559983,100.39
2026-09-16T23:45:01+00:00,4,NAS100-USD,index,6894526.61020999,28985
2026-09-16T23:45:01+00:00,5,SILVER-USD,commodity,3829113.5986699914,63.699
2026-09-16T23:45:01+00:00,6,BTC-USD,crypto,5306993.669890004,75638
2026-09-16T23:45:01+00:00,7,ETH-USD,crypto,7325812.455089992,2399.6
2026-09-16T23:45:01+00:00,8,SOL-USD,crypto,1356512.1484380008,97.034
2026-09-16T23:45:01+00:00,9,SPCX-USD,equity,2600834.2015129975,142.9
2026-09-16T23:45:01+00:00,10,HYPE-USD,crypto,7348711.286629005,77.025
2026-09-16T23:45:01+00:00,11,MU-USD,equity,745950.6184750004,927.9
2026-09-16T23:45:01+00:00,13,SKHY-USD,equity,514541.7844420001,177.6
2026-09-16T23:45:01+00:00,14,SKHYNIX-USD,equity,2162457.589939997,1239.4
2026-09-16T23:45:01+00:00,15,AAPL-USD,equity,987931.7918890016,331.65
2026-09-16T23:45:01+00:00,16,MSFT-USD,equity,1669018.957423999,498.52
2026-09-16T23:45:01+00:00,17,GOOG-USD,equity,1183016.9263800005,344.38
2026-09-16T23:45:01+00:00,18,AMZN-USD,equity,585177.4170840001,248.58
2026-09-16T23:45:01+00:00,19,NVDA-USD,equity,2552659.619285999,212.53
2026-09-16T23:45:01+00:00,20,META-USD,equity,4944750.928180997,668.75
2026-09-16T23:45:01+00:00,21,TSLA-USD,equity,5742666.08378601,356.17
2026-09-16T23:45:01+00:00,22,AMD-USD,equity,2046791.9710459865,504
2026-09-16T23:45:01+00:00,23,INTC-USD,equity,2876421.8961661286,97.11
2026-09-16T23:45:01+00:00,24,AVGO-USD,equity,4719979.554280036,340.35
2026-09-16T23:45:01+00:00,25,QCOM-USD,equity,294303.55658800027,188.09
2026-09-16T23:45:01+00:00,26,ARM-USD,equity,1080944.2780420005,241.9
2026-09-16T23:45:01+00:00,27,TSM-USD,equity,9745.944655000001,414.59
2026-09-16T23:45:01+00:00,28,ASML-USD,equity,1229227.0928740005,1592.1
2026-09-16T23:45:01+00:00,29,SNDK-USD,equity,1923147.7783979962,1528.1
2026-09-16T23:45:01+00:00,30,DRAM-USD,index,2395536.5507650017,54.974
2026-09-16T23:45:01+00:00,31,PUMP-USD,crypto,1218543.3263459974,0.003539
2026-09-16T23:45:01+00:00,32,ZEC-USD,crypto,4862846.613437026,1109.6
2026-09-16T23:45:01+00:00,33,XRP-USD,crypto,1144510.6726999984,1.2817
2026-09-16T23:45:01+00:00,34,LIT-USD,crypto,165312.39417900005,4.0363
2026-09-16T23:45:01+00:00,35,KPEPE-USD,crypto,77831.5231690001,0.003392
2026-09-16T23:45:01+00:00,36,HOOD-USD,equity,2817294.7495899987,109.18
2026-09-16T23:45:01+00:00,37,MSTR-USD,equity,1772819.8177200097,128.43
2026-09-16T23:45:01+00:00,38,STRC-USD,equity,56834.595581999994,97.326
2026-09-16T23:45:01+00:00,39,CRCL-USD,equity,2757957.378970003,84.707
2026-09-16T23:45:01+00:00,40,COIN-USD,equity,2020691.3338449986,171.21
2026-09-16T23:45:01+00:00,41,RKLB-USD,equity,287502.98667740833,63.365
2026-09-16T23:45:01+00:00,42,LITE-USD,equity,2465632.7508810023,840.91
2026-09-16T23:45:01+00:00,43,NBIS-USD,equity,1666209.5935519952,207.97
2026-09-16T23:45:01+00:00,44,ORCL-USD,equity,5581161.553403003,139.96
2026-09-16T23:45:01+00:00,45,PLTR-USD,equity,1463411.0821839953,172.45
2026-09-16T23:45:01+00:00,46,BRENTOIL-USD,commodity,1926468.7565279999,103.17
2026-09-16T23:45:01+00:00,47,BABA-USD,equity,612330.272344,109.57
2026-09-16T23:45:01+00:00,48,ZM-USD,equity,1532805.6975560011,93.26
2026-09-16T23:45:01+00:00,49,DELL-USD,equity,35009.243773,545.35
2026-09-16T23:45:01+00:00,50,CXMT-USD,equity,21210.814199999993,8.0534
2026-09-16T23:45:01+00:00,51,KIOXIA-USD,equity,124864.46202899997,329.4
2026-09-16T23:45:01+00:00,52,SAMSUNG-USD,equity,817979.6065220003,184.89
2026-09-16T23:45:01+00:00,53,CRWV-USD,equity,3098098.618360996,81.012
2026-09-16T23:45:01+00:00,54,AAVE-USD,crypto,1554819.3782390002,122.28
2026-09-16T23:45:01+00:00,55,UNI-USD,crypto,967146.9951000001,6.392
2026-09-16T23:45:01+00:00,56,WLD-USD,crypto,25645.795486,0.36218
2026-09-16T23:45:01+00:00,57,NEAR-USD,crypto,5047831.669521999,2.3365
2026-09-16T23:45:01+00:00,58,KSHIB-USD,crypto,723738.5139080004,0.004946
2026-09-16T23:45:01+00:00,59,FARTCOIN-USD,crypto,1896270.9832309978,0.1385
2026-09-16T23:45:01+00:00,60,DOGE-USD,crypto,1741887.2934129988,0.080219
2026-09-16T23:45:01+00:00,61,ENA-USD,crypto,2228462.856475001,0.14025
2026-09-16T23:45:01+00:00,62,ONDO-USD,crypto,588581.5920910009,0.32924
2026-09-16T23:45:01+00:00,63,SUI-USD,crypto,1849123.1164240006,0.68785
2026-09-16T23:45:01+00:00,64,VVV-USD,crypto,3392995.5477179973,21.407
2026-09-16T23:45:01+00:00,65,TAO-USD,crypto,1302376.6253630014,218.72
2026-09-16T23:45:01+00:00,66,ADA-USD,crypto,2756145.2691570045,0.19569
2026-09-16T23:45:01+00:00,67,ZRO-USD,crypto,1365670.1485090004,0.9992
2026-09-16T23:45:01+00:00,68,BNB-USD,crypto,145681.18078599995,712.21
2026-09-16T23:45:01+00:00,69,PONS-USD,crypto,1391486.4662179982,0.63941
2026-09-16T23:45:01+00:00,70,CASHCAT-USD,crypto,1791532.6060600039,0.15873
2026-09-16T23:45:01+00:00,71,USELESS-USD,crypto,2315487.4820729946,0.2183
2026-09-16T23:45:01+00:00,72,KAITO-USD,crypto,1518088.6856830008,0.2869
2026-09-16T23:45:01+00:00,73,ARB-USD,crypto,2749753.557263843,0.15162
2026-09-16T23:45:01+00:00,74,LDO-USD,crypto,547734.0273560002,0.33591
2026-09-16T23:45:01+00:00,75,AVAX-USD,crypto,1025088.8000109995,7.2819
2026-09-16T23:45:01+00:00,76,LTC-USD,crypto,429525.79951000033,51.325
2026-09-16T23:45:01+00:00,77,XPL-USD,crypto,659065.9956839996,0.08188
2026-09-16T23:45:01+00:00,78,XMR-USD,crypto,1257962.9183050576,505.45
2026-09-16T23:45:01+00:00,79,LINK-USD,crypto,41328.28873499997,10.875
2026-09-16T23:45:01+00:00,80,VIRTUAL-USD,crypto,200109.81746200027,0.58543
2026-09-16T23:45:01+00:00,81,JUP-USD,crypto,1229909.0561219999,0.21629
2026-09-16T23:45:01+00:00,82,ETHFI-USD,crypto,1133137.0943830009,0.59645
2026-09-16T23:45:01+00:00,83,PENDLE-USD,crypto,424010.8534400005,2.263
2026-09-16T23:45:01+00:00,84,MORPHO-USD,crypto,925971.7048989994,2.0922
2026-09-16T23:45:01+00:00,85,CBRS-USD,,58364.09657899999,188.45
2026-09-16T23:45:01+00:00,86,MRVL-USD,,15267.288395,229.46
2026-09-16T23:45:01+00:00,87,EWY-USD,,13751.848835000008,178.97
2026-09-16T23:45:01+00:00,88,NCLD-USD,,13753.665087999996,23.001
2026-09-16T23:45:01+00:00,89,SOXL-USD,,78299.89301299994,108.07
2026-09-16T23:45:01+00:00,90,UNITREE-USD,,9828.269825,70.481
