timestamp_utc,strategy,market_id,question,end_date,horas_a_vencimiento,precio_yes_mercado,prob_yes_modelo,edge_bruto,edge_neto,edge_direccional,decision,razon,subtype,apuesta,features
2026-08-25T00:00:04+00:00,FAVORITO_CONFIRMADO_5MIN_BAJALATENCIA,3827440,,2026-08-25T00:05:00Z,0.0828,0.4300,0.3700,-0.0600,-0.0600,-0.0600,BUY_NO,favorito_confirmado bajalatencia fase0 (solo observación),DOGE#5min,1.05,"{""py_entrada"":0.43,""restante_min"":4.97,""hora_utc"":0,""lag_apertura_s"":2.02,""profundidad_ratio_no"":0.0,""fase0_solo_observacion"":true}"
2026-08-25T00:00:05+00:00,BALLENAS_TARDIAS,3827456,,2026-08-25T00:05:00Z,0.0820,0.5200,0.5215,0.0015,0.0015,0.0015,BUY_YES,ballenas_confirmado,SOL#5min,1.05,"{""concentracion_yes"":1.0,""n_ballenas"":3,""restante_s_al_confirmar"":295.08,""banda_lo"":0.5,""banda_hi"":0.55,""banda_fina_vetaria_fase1"":false,""banda_fina_motivo"":""banda_ok py=0.520 rest_lo=3.83 rest_hi=5.65"",""ballena_activa_n"":15,""gate_bucket_propio_veredicto"":""sin_concluir"",""gbm_direccion_coincide"":""SIN_SENAL_GBM""}"
2026-08-25T00:00:07+00:00,FAVORITO_CONFIRMADO_DEPTH_FASE0,3827459,,2026-08-25T00:05:00Z,0.0827,0.4500,0.3900,-0.0600,-0.0600,-0.0600,BUY_NO,favorito_confirmado depth fase0 (solo observación),BTC#5min,1.05,"{""py_entrada"":0.45,""restante_min"":4.96,""hora_utc"":0,""lag_apertura_s"":2.2,""profundidad_ratio"":0.0,""fase0_solo_observacion"":true}"
2026-08-25T00:00:07+00:00,FAVORITO_CONFIRMADO_DEPTH_FASE0,3827456,,2026-08-25T00:05:00Z,0.0827,0.5900,0.6500,0.0600,0.0600,0.0600,BUY_YES,favorito_confirmado depth fase0 (solo observación),SOL#5min,1.05,"{""py_entrada"":0.59,""restante_min"":4.96,""hora_utc"":0,""lag_apertura_s"":2.29,""profundidad_ratio"":501.8,""fase0_solo_observacion"":true}"
2026-08-25T00:00:07+00:00,FAVORITO_CONFIRMADO,3827457,,2026-08-25T00:05:00Z,0.0828,0.6400,0.7000,0.0600,0.0600,0.0600,BUY_YES,favorito_confirmado momentum-consenso (logger sondeo frecuente),XRP#5min,1.05,"{""py_entrada"":0.64,""n_total_lado"":1,""restante_min"":4.97,""hora_utc"":0,""banda_fina_vetaria_fase1"":false,""banda_fina_motivo"":""sin_banda_calibrada"",""gate_bucket_propio_veredicto"":""sin_concluir"",""logger_sondeo_frecuente"":true}"
2026-08-25T00:00:07+00:00,FAVORITO_CONFIRMADO,3827440,,2026-08-25T00:05:00Z,0.0828,0.4300,0.3700,-0.0600,-0.0600,-0.0600,BUY_NO,favorito_confirmado momentum-consenso (logger sondeo frecuente),DOGE#5min,1.05,"{""py_entrada"":0.43,""n_total_lado"":1,""restante_min"":4.97,""hora_utc"":0,""banda_fina_vetaria_fase1"":false,""banda_fina_motivo"":""fuera_de_bandas_significativas"",""gate_bucket_propio_veredicto"":""sin_concluir"",""logger_sondeo_frecuente"":true}"
2026-08-25T00:00:08+00:00,FAVORITO_CONFIRMADO_DEPTH_FASE0,3827442,,2026-08-25T00:15:00Z,0.2490,0.4500,0.3900,-0.0600,-0.0600,-0.0600,BUY_NO,favorito_confirmado depth fase0 (solo observación),BTC#15min,1.05,"{""py_entrada"":0.45,""restante_min"":14.94,""hora_utc"":0,""lag_apertura_s"":3.76,""profundidad_ratio"":933.5,""fase0_solo_observacion"":true}"
2026-08-25T00:00:08+00:00,FAVORITO_CONFIRMADO,3827456,,2026-08-25T00:05:00Z,0.0828,0.5900,0.6500,0.0600,0.0600,0.0600,BUY_YES,favorito_confirmado momentum-consenso (logger sondeo frecuente),SOL#5min,1.05,"{""py_entrada"":0.59,""n_total_lado"":8,""restante_min"":4.97,""hora_utc"":0,""banda_fina_vetaria_fase1"":false,""banda_fina_motivo"":""fuera_de_bandas_significativas"",""gate_bucket_propio_veredicto"":""sin_concluir"",""logger_sondeo_frecuente"":true}"
2026-08-25T00:00:08+00:00,FAVORITO_CONFIRMADO,3827450,,2026-08-25T00:05:00Z,0.0828,0.5800,0.6400,0.0600,0.0600,0.0600,BUY_YES,favorito_confirmado momentum-consenso (logger sondeo frecuente),BNB#5min,1.05,"{""py_entrada"":0.58,""n_total_lado"":0,""restante_min"":4.97,""hora_utc"":0,""banda_fina_vetaria_fase1"":false,""banda_fina_motivo"":""banda_ok py=0.580 rest_lo=2.88 rest_hi=5.18"",""gate_bucket_propio_veredicto"":""sin_concluir"",""logger_sondeo_frecuente"":true}"
2026-08-25T00:00:08+00:00,FAVORITO_CONFIRMADO,3827459,,2026-08-25T00:05:00Z,0.0827,0.4500,0.3900,-0.0600,-0.0600,-0.0600,BUY_NO,favorito_confirmado momentum-consenso (logger sondeo frecuente),BTC#5min,1.05,"{""py_entrada"":0.45,""n_total_lado"":17,""restante_min"":4.96,""hora_utc"":0,""banda_fina_vetaria_fase1"":false,""banda_fina_motivo"":""fuera_de_bandas_significativas"",""gate_bucket_propio_veredicto"":""sin_concluir"",""logger_sondeo_frecuente"":true}"
2026-08-25T00:00:08+00:00,FAVORITO_CONFIRMADO,3827451,,2026-08-25T00:05:00Z,0.0827,0.3500,0.2900,-0.0600,-0.0600,-0.0600,BUY_NO,favorito_confirmado momentum-consenso (logger sondeo frecuente),ETH#5min,1.05,"{""py_entrada"":0.35,""n_total_lado"":4,""restante_min"":4.96,""hora_utc"":0,""banda_fina_vetaria_fase1"":false,""banda_fina_motivo"":""fuera_de_bandas_significativas"",""gate_bucket_propio_veredicto"":""sin_concluir"",""logger_sondeo_frecuente"":true}"
2026-08-25T00:00:24+00:00,FAVORITO_CONFIRMADO_DEPTH_FASE0,3827459,,2026-08-25T00:05:00Z,0.0785,0.5800,0.6400,0.0600,0.0600,0.0600,BUY_YES,favorito_confirmado depth fase0 (solo observación),BTC#5min,1.05,"{""py_entrada"":0.58,""restante_min"":4.71,""hora_utc"":0,""lag_apertura_s"":17.5,""profundidad_ratio"":0.0,""fase0_solo_observacion"":true}"
2026-08-25T00:00:26+00:00,FAVORITO_CONFIRMADO_5MIN_ALTACONVICCION,3827457,,2026-08-25T00:05:00Z,0.0775,0.7500,0.8100,0.0600,0.0600,0.0600,BUY_YES,favorito_confirmado momentum-consenso (logger sondeo frecuente),XRP#5min,1.05,"{""py_entrada"":0.75,""n_total_lado"":1,""restante_min"":4.65,""hora_utc"":0,""banda_fina_vetaria_fase1"":false,""banda_fina_motivo"":""sin_banda_calibrada"",""gate_bucket_propio_veredicto"":""sin_concluir"",""logger_sondeo_frecuente"":true}"
2026-08-25T00:00:28+00:00,MOMENTUM_IBS_5M_BALLENA,3827450,,2026-08-25T00:05:00Z,0.0821,0.5000,0.6000,0.1000,0.1000,0.1000,BUY_YES,momentum_ibs_5m_ballena BNB drift7m=0.131% ibs=0.91 py=0.500 n_ballena=6 (alineado_arriba_extremo_ballena) (ejecutor baja latencia),BNB#5min,1.05,"{""drift_7min_pct"":0.1308,""ibs_7min"":0.9118,""py_entrada"":0.5,""hora_utc"":0,""es_ntm_5min"":1,""ballena_activa_n"":6,""libro_spread"":0.0,""libro_liquidez"":0.0,""ejecutor_baja_latencia"":true,""profundidad_ok"":true,""profundidad_ratio_vs_stake"":0.0,""profundidad_mejor_ask"":0.69,""gbm_direccion_coincide"":""SIN_SENAL_GBM""}"
2026-08-25T00:00:28+00:00,MOMENTUM_IBS_5M_BALLENA,3827451,,2026-08-25T00:05:00Z,0.0812,0.4100,0.6000,0.1900,0.1900,0.1900,BUY_YES,momentum_ibs_5m_ballena ETH drift7m=0.152% ibs=1.00 py=0.410 n_ballena=43 (alineado_arriba_extremo_ballena) (ejecutor baja latencia),ETH#5min,1.05,"{""drift_7min_pct"":0.1517,""ibs_7min"":1.0,""py_entrada"":0.41,""hora_utc"":0,""es_ntm_5min"":0,""ballena_activa_n"":43,""libro_spread"":0.0,""libro_liquidez"":0.0,""ejecutor_baja_latencia"":true,""profundidad_ok"":true,""profundidad_ratio_vs_stake"":0.0,""profundidad_mejor_ask"":0.62,""gbm_direccion_coincide"":""SIN_SENAL_GBM""}"
2026-08-25T00:00:29+00:00,MOMENTUM_IBS_15M_BALLENA,3827442,,2026-08-25T00:15:00Z,0.2487,0.4500,0.6000,0.1500,0.1500,0.1500,BUY_YES,momentum_ibs_15m_ballena BTC drift20m=0.074% ibs=1.00 py=0.450 n_ballena=62 (alineado_arriba_extremo_ballena) (ejecutor baja latencia),BTC#15min,1.05,"{""drift_20min_pct"":0.0739,""ibs_20min"":1.0,""py_entrada"":0.45,""hora_utc"":0,""ballena_activa_n"":62,""libro_spread"":0.0,""libro_liquidez"":0.0,""ejecutor_baja_latencia"":true,""profundidad_ok"":true,""profundidad_ratio_vs_stake"":0.0,""profundidad_mejor_ask"":0.54,""gbm_direccion_coincide"":""SIN_SENAL_GBM""}"
2026-08-25T00:00:29+00:00,MOMENTUM_IBS_15M_BALLENA,3827449,,2026-08-25T00:15:00Z,0.2477,0.4500,0.6000,0.1500,0.1500,0.1500,BUY_YES,momentum_ibs_15m_ballena DOGE drift20m=0.205% ibs=1.00 py=0.450 n_ballena=10 (alineado_arriba_extremo_ballena) (ejecutor baja latencia),DOGE#15min,1.05,"{""drift_20min_pct"":0.2046,""ibs_20min"":1.0,""py_entrada"":0.45,""hora_utc"":0,""ballena_activa_n"":10,""libro_spread"":0.0,""libro_liquidez"":0.0,""ejecutor_baja_latencia"":true,""profundidad_ok"":true,""profundidad_ratio_vs_stake"":0.0,""profundidad_mejor_ask"":0.59,""gbm_direccion_coincide"":""SIN_SENAL_GBM""}"
2026-08-25T00:00:29+00:00,MOMENTUM_IBS_5M_BALLENA,3827440,,2026-08-25T00:05:00Z,0.0823,0.4000,0.6000,0.2000,0.2000,0.2000,BUY_YES,momentum_ibs_5m_ballena DOGE drift7m=0.324% ibs=1.00 py=0.400 n_ballena=11 (alineado_arriba_extremo_ballena) (ejecutor baja latencia),DOGE#5min,1.05,"{""drift_7min_pct"":0.324,""ibs_7min"":1.0,""py_entrada"":0.4,""hora_utc"":0,""es_ntm_5min"":0,""ballena_activa_n"":11,""libro_spread"":0.0,""libro_liquidez"":0.0,""ejecutor_baja_latencia"":true,""profundidad_ok"":true,""profundidad_ratio_vs_stake"":0.0,""profundidad_mejor_ask"":0.6,""gbm_direccion_coincide"":""SIN_SENAL_GBM""}"
2026-08-25T00:00:30+00:00,MOMENTUM_IBS_5M_BALLENA,3827456,,2026-08-25T00:05:00Z,0.0821,0.5300,0.6000,0.0700,0.0700,0.0700,BUY_YES,momentum_ibs_5m_ballena SOL drift7m=0.467% ibs=1.00 py=0.530 n_ballena=37 (alineado_arriba_extremo_ballena) (ejecutor baja latencia),SOL#5min,1.05,"{""drift_7min_pct"":0.4674,""ibs_7min"":1.0,""py_entrada"":0.53,""hora_utc"":0,""es_ntm_5min"":1,""ballena_activa_n"":37,""libro_spread"":0.0,""libro_liquidez"":0.0,""ejecutor_baja_latencia"":true,""profundidad_ok"":true,""profundidad_ratio_vs_stake"":0.0,""profundidad_mejor_ask"":0.61,""gbm_direccion_coincide"":""SIN_SENAL_GBM""}"
2026-08-25T00:00:30+00:00,MOMENTUM_IBS_5M_BALLENA,3827457,,2026-08-25T00:05:00Z,0.0811,0.5800,0.6000,0.0200,0.0200,0.0200,BUY_YES,momentum_ibs_5m_ballena XRP drift7m=0.061% ibs=1.00 py=0.580 n_ballena=13 (alineado_arriba_extremo_ballena) (ejecutor baja latencia),XRP#5min,1.05,"{""drift_7min_pct"":0.0608,""ibs_7min"":1.0,""py_entrada"":0.58,""hora_utc"":0,""es_ntm_5min"":0,""ballena_activa_n"":13,""libro_spread"":0.0,""libro_liquidez"":0.0,""ejecutor_baja_latencia"":true,""profundidad_ok"":true,""profundidad_ratio_vs_stake"":0.0,""profundidad_mejor_ask"":0.82,""gbm_direccion_coincide"":""SIN_SENAL_GBM""}"
2026-08-25T00:00:30+00:00,MOMENTUM_IBS_15M_BALLENA,3827441,,2026-08-25T00:15:00Z,0.2477,0.5000,0.6000,0.1000,0.1000,0.1000,BUY_YES,momentum_ibs_15m_ballena SOL drift20m=0.315% ibs=1.00 py=0.500 n_ballena=26 (alineado_arriba_extremo_ballena) (ejecutor baja latencia),SOL#15min,1.05,"{""drift_20min_pct"":0.3145,""ibs_20min"":1.0,""py_entrada"":0.5,""hora_utc"":0,""ballena_activa_n"":26,""libro_spread"":0.0,""libro_liquidez"":0.0,""ejecutor_baja_latencia"":true,""profundidad_ok"":true,""profundidad_ratio_vs_stake"":220.5,""profundidad_mejor_ask"":0.43,""gbm_direccion_coincide"":""SIN_SENAL_GBM""}"
2026-08-25T00:00:31+00:00,MOMENTUM_IBS_5M_BALLENA,3827459,,2026-08-25T00:05:00Z,0.0820,0.4200,0.6000,0.1800,0.1800,0.1800,BUY_YES,momentum_ibs_5m_ballena BTC drift7m=0.121% ibs=1.00 py=0.420 n_ballena=224 (alineado_arriba_extremo_ballena) (ejecutor baja latencia),BTC#5min,1.05,"{""drift_7min_pct"":0.1208,""ibs_7min"":1.0,""py_entrada"":0.42,""hora_utc"":0,""es_ntm_5min"":0,""ballena_activa_n"":224,""libro_spread"":0.0,""libro_liquidez"":0.0,""ejecutor_baja_latencia"":true,""profundidad_ok"":true,""profundidad_ratio_vs_stake"":0.0,""profundidad_mejor_ask"":0.53,""gbm_direccion_coincide"":""SIN_SENAL_GBM""}"
2026-08-25T00:00:34+00:00,MOMENTUM_IBS_15M_BALLENA,3827446,,2026-08-25T00:15:00Z,0.2476,0.5600,0.6000,0.0400,0.0400,0.0400,BUY_YES,momentum_ibs_15m_ballena BNB drift20m=0.145% ibs=0.91 py=0.560 n_ballena=2 (alineado_arriba_extremo_ballena) (ejecutor baja latencia),BNB#15min,1.05,"{""drift_20min_pct"":0.145,""ibs_20min"":0.9118,""py_entrada"":0.56,""hora_utc"":0,""ballena_activa_n"":2,""libro_spread"":0.0,""libro_liquidez"":0.0,""ejecutor_baja_latencia"":true,""profundidad_ok"":true,""profundidad_ratio_vs_stake"":0.0,""profundidad_mejor_ask"":0.64,""gbm_direccion_coincide"":""SIN_SENAL_GBM""}"
2026-08-25T00:01:13+00:00,FAVORITO_CONFIRMADO_5MIN_ALTACONVICCION,3827450,,2026-08-25T00:05:00Z,0.0630,0.7000,0.7600,0.0600,0.0600,0.0600,BUY_YES,favorito_confirmado momentum-consenso (logger sondeo frecuente),BNB#5min,1.05,"{""py_entrada"":0.7,""n_total_lado"":0,""restante_min"":3.78,""hora_utc"":0,""banda_fina_vetaria_fase1"":false,""banda_fina_motivo"":""fuera_de_bandas_significativas"",""gate_bucket_propio_veredicto"":""sin_concluir"",""logger_sondeo_frecuente"":true}"
2026-08-25T00:01:19+00:00,MOMENTUM_IBS_15M_BALLENA,3827454,,2026-08-25T00:15:00Z,0.2285,0.6300,0.6000,-0.0300,-0.0300,-0.0300,BUY_NO,momentum_ibs_15m_ballena XRP drift20m=0.149% ibs=0.76 py=0.630 n_ballena=9 (alineado_arriba_extremo_ballena) (ejecutor baja latencia),XRP#15min,1.05,"{""drift_20min_pct"":0.1486,""ibs_20min"":0.7593,""py_entrada"":0.63,""hora_utc"":0,""ballena_activa_n"":9,""libro_spread"":0.0,""libro_liquidez"":0.0,""ejecutor_baja_latencia"":true,""profundidad_ok"":true,""profundidad_ratio_vs_stake"":0.0,""profundidad_mejor_ask"":0.4,""gbm_direccion_coincide"":""SIN_SENAL_GBM""}"
2026-08-25T00:01:18+00:00,PRICE_TARGET_GBM,3257332,"Will Bitcoin reach $100,000 in August?",2026-09-01T04:00:00,171.98,0.0135,0.0500,0.0365,0.0315,0.0315,SKIP,price_target_gbm BTC reach K=1e+05 spot=78981 (-21.0%vsK) sigma_h=0.0091 T=172.0h p_yes=0.049,BTC#reach,0.50,"{""pct_vs_K"":-21.0187,""sigma_h"":0.009122,""T_h"":171.9773,""log_ratio"":-0.235959,""moon_phase"":0.3954,""mercury_retrogrado"":0,""horas_hasta_fomc"":546.0,""smart_money_consensus"":0.0545,""smart_money_n_wallets"":8,""smart_money_consensus_ponderado"":0.1066,""smart_money_n_wallets_ponderado"":8}"
2026-08-25T00:01:18+00:00,PRICE_TARGET_GBM_FADE,3257332,"Will Bitcoin reach $100,000 in August?",2026-09-01T04:00:00,171.98,0.0135,0.9500,0.9365,0.9315,0.9315,SKIP,price_target_gbm_fade (invierte 0.050) price_target_gbm BTC reach K=1e+05 spot=78981 (-21.0%vsK) sigma_h=0.0091 T=172.0h p_yes=0.049,BTC#reach,0.50,"{""pct_vs_K"":-21.0187,""sigma_h"":0.009122,""T_h"":171.9773,""log_ratio"":-0.235959,""prob_yes_original"":0.05,""moon_phase"":0.3954,""mercury_retrogrado"":0,""horas_hasta_fomc"":546.0,""smart_money_consensus"":0.0545,""smart_money_n_wallets"":8,""smart_money_consensus_ponderado"":0.1066,""smart_money_n_wallets_ponderado"":8}"
2026-08-25T00:01:18+00:00,PRICE_TARGET_GBM,3257334,"Will Bitcoin reach $85,000 in August?",2026-09-01T04:00:00,171.98,0.2275,0.5393,0.3118,0.3068,0.3068,BUY_YES,price_target_gbm BTC reach K=85000 spot=78981 (-7.1%vsK) sigma_h=0.0091 T=172.0h p_yes=0.539,BTC#reach,0.50,"{""pct_vs_K"":-7.0808,""sigma_h"":0.009122,""T_h"":171.9773,""log_ratio"":-0.07344,""moon_phase"":0.3954,""mercury_retrogrado"":0,""horas_hasta_fomc"":546.0,""smart_money_consensus"":0.0545,""smart_money_n_wallets"":8,""smart_money_consensus_ponderado"":0.1066,""smart_money_n_wallets_ponderado"":8}"
2026-08-25T00:01:18+00:00,PRICE_TARGET_GBM_FADE,3257334,"Will Bitcoin reach $85,000 in August?",2026-09-01T04:00:00,171.98,0.2275,0.4607,0.2332,0.2282,0.2282,SKIP,price_target_gbm_fade (invierte 0.539) price_target_gbm BTC reach K=85000 spot=78981 (-7.1%vsK) sigma_h=0.0091 T=172.0h p_yes=0.539,BTC#reach,0.50,"{""pct_vs_K"":-7.0808,""sigma_h"":0.009122,""T_h"":171.9773,""log_ratio"":-0.07344,""prob_yes_original"":0.5393,""moon_phase"":0.3954,""mercury_retrogrado"":0,""horas_hasta_fomc"":546.0,""smart_money_consensus"":0.0545,""smart_money_n_wallets"":8,""smart_money_consensus_ponderado"":0.1066,""smart_money_n_wallets_ponderado"":8}"
2026-08-25T00:01:18+00:00,PRICE_TARGET_GBM,3257336,"Will Bitcoin reach $82,500 in August?",2026-09-01T04:00:00,171.98,0.4520,0.7156,0.2636,0.2586,0.2586,BUY_YES,price_target_gbm BTC reach K=82500 spot=78981 (-4.3%vsK) sigma_h=0.0091 T=172.0h p_yes=0.716,BTC#reach,0.50,"{""pct_vs_K"":-4.2651,""sigma_h"":0.009122,""T_h"":171.9773,""log_ratio"":-0.043587,""moon_phase"":0.3954,""mercury_retrogrado"":0,""horas_hasta_fomc"":546.0,""smart_money_consensus"":0.0545,""smart_money_n_wallets"":8,""smart_money_consensus_ponderado"":0.1066,""smart_money_n_wallets_ponderado"":8}"
2026-08-25T00:01:18+00:00,PRICE_TARGET_GBM_FADE,3257336,"Will Bitcoin reach $82,500 in August?",2026-09-01T04:00:00,171.98,0.4520,0.2844,-0.1676,-0.1626,0.1626,BUY_NO,price_target_gbm_fade (invierte 0.716) price_target_gbm BTC reach K=82500 spot=78981 (-4.3%vsK) sigma_h=0.0091 T=172.0h p_yes=0.716,BTC#reach,0.50,"{""pct_vs_K"":-4.2651,""sigma_h"":0.009122,""T_h"":171.9773,""log_ratio"":-0.043587,""prob_yes_original"":0.7156,""moon_phase"":0.3954,""mercury_retrogrado"":0,""horas_hasta_fomc"":546.0,""smart_money_consensus"":0.0545,""smart_money_n_wallets"":8,""smart_money_consensus_ponderado"":0.1066,""smart_money_n_wallets_ponderado"":8}"
2026-08-25T00:01:18+00:00,PRICE_TARGET_GBM,3257382,"Will Ethereum reach $3,000 in August?",2026-09-01T04:00:00,171.98,0.0595,0.1306,0.0711,0.0661,0.0661,SKIP,price_target_gbm ETH reach K=3000 spot=2482.1 (-17.3%vsK) sigma_h=0.0096 T=172.0h p_yes=0.131,ETH#reach,0.50,"{""pct_vs_K"":-17.265,""sigma_h"":0.00956,""T_h"":171.9773,""log_ratio"":-0.189527,""moon_phase"":0.3954,""mercury_retrogrado"":0,""horas_hasta_fomc"":546.0,""smart_money_consensus"":0.1401,""smart_money_n_wallets"":7,""smart_money_consensus_ponderado"":-0.0219,""smart_money_n_wallets_ponderado"":7}"
2026-08-25T00:01:18+00:00,PRICE_TARGET_GBM_FADE,3257382,"Will Ethereum reach $3,000 in August?",2026-09-01T04:00:00,171.98,0.0595,0.8694,0.8099,0.8049,0.8049,SKIP,price_target_gbm_fade (invierte 0.131) price_target_gbm ETH reach K=3000 spot=2482.1 (-17.3%vsK) sigma_h=0.0096 T=172.0h p_yes=0.131,ETH#reach,0.50,"{""pct_vs_K"":-17.265,""sigma_h"":0.00956,""T_h"":171.9773,""log_ratio"":-0.189527,""prob_yes_original"":0.1306,""moon_phase"":0.3954,""mercury_retrogrado"":0,""horas_hasta_fomc"":546.0,""smart_money_consensus"":0.1401,""smart_money_n_wallets"":7,""smart_money_consensus_ponderado"":-0.0219,""smart_money_n_wallets_ponderado"":7}"
2026-08-25T00:01:18+00:00,PRICE_TARGET_GBM,3257384,"Will Ethereum reach $2,700 in August?",2026-09-01T04:00:00,171.98,0.3415,0.5020,0.1605,0.1555,0.1555,BUY_YES,price_target_gbm ETH reach K=2700 spot=2482.1 (-8.1%vsK) sigma_h=0.0096 T=172.0h p_yes=0.502,ETH#reach,0.50,"{""pct_vs_K"":-8.0722,""sigma_h"":0.00956,""T_h"":171.9773,""log_ratio"":-0.084167,""moon_phase"":0.3954,""mercury_retrogrado"":0,""horas_hasta_fomc"":546.0,""smart_money_consensus"":0.1401,""smart_money_n_wallets"":7,""smart_money_consensus_ponderado"":-0.0219,""smart_money_n_wallets_ponderado"":7}"
2026-08-25T00:01:18+00:00,PRICE_TARGET_GBM_FADE,3257384,"Will Ethereum reach $2,700 in August?",2026-09-01T04:00:00,171.98,0.3415,0.4980,0.1565,0.1515,0.1515,SKIP,price_target_gbm_fade (invierte 0.502) price_target_gbm ETH reach K=2700 spot=2482.1 (-8.1%vsK) sigma_h=0.0096 T=172.0h p_yes=0.502,ETH#reach,0.50,"{""pct_vs_K"":-8.0722,""sigma_h"":0.00956,""T_h"":171.9773,""log_ratio"":-0.084167,""prob_yes_original"":0.502,""moon_phase"":0.3954,""mercury_retrogrado"":0,""horas_hasta_fomc"":546.0,""smart_money_consensus"":0.1401,""smart_money_n_wallets"":7,""smart_money_consensus_ponderado"":-0.0219,""smart_money_n_wallets_ponderado"":7}"
2026-08-25T00:01:18+00:00,PRICE_TARGET_GBM,3257386,"Will Ethereum reach $2,600 in August?",2026-09-01T04:00:00,171.98,0.6045,0.7111,0.1066,0.1016,0.1016,BUY_YES,price_target_gbm ETH reach K=2600 spot=2482.1 (-4.5%vsK) sigma_h=0.0096 T=172.0h p_yes=0.711,ETH#reach,0.50,"{""pct_vs_K"":-4.5365,""sigma_h"":0.00956,""T_h"":171.9773,""log_ratio"":-0.046427,""moon_phase"":0.3954,""mercury_retrogrado"":0,""horas_hasta_fomc"":546.0,""smart_money_consensus"":0.1401,""smart_money_n_wallets"":7,""smart_money_consensus_ponderado"":-0.0219,""smart_money_n_wallets_ponderado"":7}"
2026-08-25T00:01:18+00:00,PRICE_TARGET_GBM_FADE,3257386,"Will Ethereum reach $2,600 in August?",2026-09-01T04:00:00,171.98,0.6045,0.2889,-0.3156,-0.3106,0.3106,BUY_NO,price_target_gbm_fade (invierte 0.711) price_target_gbm ETH reach K=2600 spot=2482.1 (-4.5%vsK) sigma_h=0.0096 T=172.0h p_yes=0.711,ETH#reach,0.50,"{""pct_vs_K"":-4.5365,""sigma_h"":0.00956,""T_h"":171.9773,""log_ratio"":-0.046427,""prob_yes_original"":0.7111,""moon_phase"":0.3954,""mercury_retrogrado"":0,""horas_hasta_fomc"":546.0,""smart_money_consensus"":0.1401,""smart_money_n_wallets"":7,""smart_money_consensus_ponderado"":-0.0219,""smart_money_n_wallets_ponderado"":7}"
2026-08-25T00:01:18+00:00,PRICE_TARGET_GBM,3257431,Will Solana reach $150 in August?,2026-09-01T04:00:00,171.98,0.0155,0.0500,0.0345,0.0295,0.0295,SKIP,price_target_gbm SOL reach K=150 spot=98.8 (-34.1%vsK) sigma_h=0.0156 T=172.0h p_yes=0.041,SOL#reach,0.50,"{""pct_vs_K"":-34.1333,""sigma_h"":0.015606,""T_h"":171.9773,""log_ratio"":-0.417538,""moon_phase"":0.3954,""mercury_retrogrado"":0,""horas_hasta_fomc"":546.0,""smart_money_consensus"":0.129,""smart_money_n_wallets"":4,""smart_money_consensus_ponderado"":0.2386,""smart_money_n_wallets_ponderado"":4}"
2026-08-25T00:01:18+00:00,PRICE_TARGET_GBM_FADE,3257431,Will Solana reach $150 in August?,2026-09-01T04:00:00,171.98,0.0155,0.9500,0.9345,0.9295,0.9295,SKIP,price_target_gbm_fade (invierte 0.050) price_target_gbm SOL reach K=150 spot=98.8 (-34.1%vsK) sigma_h=0.0156 T=172.0h p_yes=0.041,SOL#reach,0.50,"{""pct_vs_K"":-34.1333,""sigma_h"":0.015606,""T_h"":171.9773,""log_ratio"":-0.417538,""prob_yes_original"":0.05,""moon_phase"":0.3954,""mercury_retrogrado"":0,""horas_hasta_fomc"":546.0,""smart_money_consensus"":0.129,""smart_money_n_wallets"":4,""smart_money_consensus_ponderado"":0.2386,""smart_money_n_wallets_ponderado"":4}"
2026-08-25T00:01:18+00:00,PRICE_TARGET_GBM,3257433,Will Solana reach $140 in August?,2026-09-01T04:00:00,171.98,0.0240,0.0885,0.0645,0.0595,0.0595,SKIP,price_target_gbm SOL reach K=140 spot=98.8 (-29.4%vsK) sigma_h=0.0156 T=172.0h p_yes=0.089,SOL#reach,0.50,"{""pct_vs_K"":-29.4286,""sigma_h"":0.015606,""T_h"":171.9773,""log_ratio"":-0.348545,""moon_phase"":0.3954,""mercury_retrogrado"":0,""horas_hasta_fomc"":546.0,""smart_money_consensus"":0.129,""smart_money_n_wallets"":4,""smart_money_consensus_ponderado"":0.2386,""smart_money_n_wallets_ponderado"":4}"
2026-08-25T00:01:18+00:00,PRICE_TARGET_GBM_FADE,3257433,Will Solana reach $140 in August?,2026-09-01T04:00:00,171.98,0.0240,0.9115,0.8875,0.8825,0.8825,SKIP,price_target_gbm_fade (invierte 0.089) price_target_gbm SOL reach K=140 spot=98.8 (-29.4%vsK) sigma_h=0.0156 T=172.0h p_yes=0.089,SOL#reach,0.50,"{""pct_vs_K"":-29.4286,""sigma_h"":0.015606,""T_h"":171.9773,""log_ratio"":-0.348545,""prob_yes_original"":0.0885,""moon_phase"":0.3954,""mercury_retrogrado"":0,""horas_hasta_fomc"":546.0,""smart_money_consensus"":0.129,""smart_money_n_wallets"":4,""smart_money_consensus_ponderado"":0.2386,""smart_money_n_wallets_ponderado"":4}"
2026-08-25T00:01:18+00:00,PRICE_TARGET_GBM,3257435,Will Solana reach $130 in August?,2026-09-01T04:00:00,171.98,0.0625,0.1799,0.1174,0.1124,0.1124,SKIP,price_target_gbm SOL reach K=130 spot=98.8 (-24.0%vsK) sigma_h=0.0156 T=172.0h p_yes=0.180,SOL#reach,0.50,"{""pct_vs_K"":-24.0,""sigma_h"":0.015606,""T_h"":171.9773,""log_ratio"":-0.274437,""moon_phase"":0.3954,""mercury_retrogrado"":0,""horas_hasta_fomc"":546.0,""smart_money_consensus"":0.129,""smart_money_n_wallets"":4,""smart_money_consensus_ponderado"":0.2386,""smart_money_n_wallets_ponderado"":4}"
2026-08-25T00:01:18+00:00,PRICE_TARGET_GBM_FADE,3257435,Will Solana reach $130 in August?,2026-09-01T04:00:00,171.98,0.0625,0.8201,0.7576,0.7526,0.7526,SKIP,price_target_gbm_fade (invierte 0.180) price_target_gbm SOL reach K=130 spot=98.8 (-24.0%vsK) sigma_h=0.0156 T=172.0h p_yes=0.180,SOL#reach,0.50,"{""pct_vs_K"":-24.0,""sigma_h"":0.015606,""T_h"":171.9773,""log_ratio"":-0.274437,""prob_yes_original"":0.1799,""moon_phase"":0.3954,""mercury_retrogrado"":0,""horas_hasta_fomc"":546.0,""smart_money_consensus"":0.129,""smart_money_n_wallets"":4,""smart_money_consensus_ponderado"":0.2386,""smart_money_n_wallets_ponderado"":4}"
2026-08-25T00:01:18+00:00,PRICE_TARGET_GBM,3257437,Will Solana reach $120 in August?,2026-09-01T04:00:00,171.98,0.1355,0.3422,0.2067,0.2017,0.2017,BUY_YES,price_target_gbm SOL reach K=120 spot=98.8 (-17.7%vsK) sigma_h=0.0156 T=172.0h p_yes=0.342,SOL#reach,0.50,"{""pct_vs_K"":-17.6667,""sigma_h"":0.015606,""T_h"":171.9773,""log_ratio"":-0.194394,""moon_phase"":0.3954,""mercury_retrogrado"":0,""horas_hasta_fomc"":546.0,""smart_money_consensus"":0.129,""smart_money_n_wallets"":4,""smart_money_consensus_ponderado"":0.2386,""smart_money_n_wallets_ponderado"":4}"
2026-08-25T00:01:18+00:00,PRICE_TARGET_GBM_FADE,3257437,Will Solana reach $120 in August?,2026-09-01T04:00:00,171.98,0.1355,0.6578,0.5223,0.5173,0.5173,SKIP,price_target_gbm_fade (invierte 0.342) price_target_gbm SOL reach K=120 spot=98.8 (-17.7%vsK) sigma_h=0.0156 T=172.0h p_yes=0.342,SOL#reach,0.50,"{""pct_vs_K"":-17.6667,""sigma_h"":0.015606,""T_h"":171.9773,""log_ratio"":-0.194394,""prob_yes_original"":0.3422,""moon_phase"":0.3954,""mercury_retrogrado"":0,""horas_hasta_fomc"":546.0,""smart_money_consensus"":0.129,""smart_money_n_wallets"":4,""smart_money_consensus_ponderado"":0.2386,""smart_money_n_wallets_ponderado"":4}"
2026-08-25T00:01:18+00:00,PRICE_TARGET_GBM,3257439,Will Solana reach $110 in August?,2026-09-01T04:00:00,171.98,0.3055,0.5998,0.2943,0.2893,0.2893,BUY_YES,price_target_gbm SOL reach K=110 spot=98.8 (-10.2%vsK) sigma_h=0.0156 T=172.0h p_yes=0.600,SOL#reach,0.50,"{""pct_vs_K"":-10.1818,""sigma_h"":0.015606,""T_h"":171.9773,""log_ratio"":-0.107383,""moon_phase"":0.3954,""mercury_retrogrado"":0,""horas_hasta_fomc"":546.0,""smart_money_consensus"":0.129,""smart_money_n_wallets"":4,""smart_money_consensus_ponderado"":0.2386,""smart_money_n_wallets_ponderado"":4}"
2026-08-25T00:01:18+00:00,PRICE_TARGET_GBM_FADE,3257439,Will Solana reach $110 in August?,2026-09-01T04:00:00,171.98,0.3055,0.4002,0.0947,0.0897,0.0897,SKIP,price_target_gbm_fade (invierte 0.600) price_target_gbm SOL reach K=110 spot=98.8 (-10.2%vsK) sigma_h=0.0156 T=172.0h p_yes=0.600,SOL#reach,0.50,"{""pct_vs_K"":-10.1818,""sigma_h"":0.015606,""T_h"":171.9773,""log_ratio"":-0.107383,""prob_yes_original"":0.5998,""moon_phase"":0.3954,""mercury_retrogrado"":0,""horas_hasta_fomc"":546.0,""smart_money_consensus"":0.129,""smart_money_n_wallets"":4,""smart_money_consensus_ponderado"":0.2386,""smart_money_n_wallets_ponderado"":4}"
2026-08-25T00:01:18+00:00,PRICE_TARGET_GBM,3701211,"Will the price of Ethereum be above $2,400 on August 25?",2026-08-25T16:00:00,15.98,0.9120,0.9272,0.0152,0.0102,0.0102,SKIP,price_target_gbm ETH atexpiry K=2400 spot=2482.1 (+3.4%vsK) sigma_h=0.0058 T=16.0h p_yes=0.927,ETH#atexpiry,0.50,"{""pct_vs_K"":3.4188,""sigma_h"":0.005779,""T_h"":15.9773,""log_ratio"":0.033616,""moon_phase"":0.3954,""mercury_retrogrado"":0,""horas_hasta_fomc"":546.0,""smart_money_consensus"":0.1401,""smart_money_n_wallets"":7,""smart_money_consensus_ponderado"":-0.0219,""smart_money_n_wallets_ponderado"":7}"
2026-08-25T00:01:18+00:00,PRICE_TARGET_GBM_FADE,3701211,"Will the price of Ethereum be above $2,400 on August 25?",2026-08-25T16:00:00,15.98,0.9120,0.0728,-0.8392,-0.8342,-0.8342,SKIP,price_target_gbm_fade (invierte 0.927) price_target_gbm ETH atexpiry K=2400 spot=2482.1 (+3.4%vsK) sigma_h=0.0058 T=16.0h p_yes=0.927,ETH#atexpiry,0.50,"{""pct_vs_K"":3.4188,""sigma_h"":0.005779,""T_h"":15.9773,""log_ratio"":0.033616,""prob_yes_original"":0.9272,""moon_phase"":0.3954,""mercury_retrogrado"":0,""horas_hasta_fomc"":546.0,""smart_money_consensus"":0.1401,""smart_money_n_wallets"":7,""smart_money_consensus_ponderado"":-0.0219,""smart_money_n_wallets_ponderado"":7}"
2026-08-25T00:01:18+00:00,PRICE_TARGET_GBM,3701257,Will the price of Solana be above $110 on August 25?,2026-08-25T16:00:00,15.98,0.0160,0.0500,0.0340,0.0290,0.0290,SKIP,price_target_gbm SOL atexpiry K=110 spot=98.8 (-10.2%vsK) sigma_h=0.0146 T=16.0h p_yes=0.033,SOL#atexpiry,0.50,"{""pct_vs_K"":-10.1818,""sigma_h"":0.014606,""T_h"":15.9773,""log_ratio"":-0.107383,""moon_phase"":0.3954,""mercury_retrogrado"":0,""horas_hasta_fomc"":546.0,""smart_money_consensus"":0.129,""smart_money_n_wallets"":4,""smart_money_consensus_ponderado"":0.2386,""smart_money_n_wallets_ponderado"":4}"
2026-08-25T00:01:18+00:00,PRICE_TARGET_GBM_FADE,3701257,Will the price of Solana be above $110 on August 25?,2026-08-25T16:00:00,15.98,0.0160,0.9500,0.9340,0.9290,0.9290,SKIP,price_target_gbm_fade (invierte 0.050) price_target_gbm SOL atexpiry K=110 spot=98.8 (-10.2%vsK) sigma_h=0.0146 T=16.0h p_yes=0.033,SOL#atexpiry,0.50,"{""pct_vs_K"":-10.1818,""sigma_h"":0.014606,""T_h"":15.9773,""log_ratio"":-0.107383,""prob_yes_original"":0.05,""moon_phase"":0.3954,""mercury_retrogrado"":0,""horas_hasta_fomc"":546.0,""smart_money_consensus"":0.129,""smart_money_n_wallets"":4,""smart_money_consensus_ponderado"":0.2386,""smart_money_n_wallets_ponderado"":4}"
2026-08-25T00:01:18+00:00,PRICE_TARGET_GBM,3724000,"Will the price of Ethereum be above $2,300 on August 26?",2026-08-26T16:00:00,39.98,0.9730,0.9500,-0.0230,-0.0180,-0.0180,SKIP,price_target_gbm ETH atexpiry K=2300 spot=2482.1 (+7.9%vsK) sigma_h=0.0049 T=40.0h p_yes=0.993,ETH#atexpiry,0.50,"{""pct_vs_K"":7.9152,""sigma_h"":0.004915,""T_h"":39.9773,""log_ratio"":0.076176,""moon_phase"":0.3954,""mercury_retrogrado"":0,""horas_hasta_fomc"":546.0,""smart_money_consensus"":0.1401,""smart_money_n_wallets"":7,""smart_money_consensus_ponderado"":-0.0219,""smart_money_n_wallets_ponderado"":7}"
2026-08-25T00:01:18+00:00,PRICE_TARGET_GBM_FADE,3724000,"Will the price of Ethereum be above $2,300 on August 26?",2026-08-26T16:00:00,39.98,0.9730,0.0500,-0.9230,-0.9180,-0.9180,SKIP,price_target_gbm_fade (invierte 0.950) price_target_gbm ETH atexpiry K=2300 spot=2482.1 (+7.9%vsK) sigma_h=0.0049 T=40.0h p_yes=0.993,ETH#atexpiry,0.50,"{""pct_vs_K"":7.9152,""sigma_h"":0.004915,""T_h"":39.9773,""log_ratio"":0.076176,""prob_yes_original"":0.95,""moon_phase"":0.3954,""mercury_retrogrado"":0,""horas_hasta_fomc"":546.0,""smart_money_consensus"":0.1401,""smart_money_n_wallets"":7,""smart_money_consensus_ponderado"":-0.0219,""smart_money_n_wallets_ponderado"":7}"
2026-08-25T00:01:18+00:00,PRICE_TARGET_GBM,3724002,"Will the price of Ethereum be above $2,400 on August 26?",2026-08-26T16:00:00,39.98,0.7975,0.8603,0.0628,0.0578,0.0578,SKIP,price_target_gbm ETH atexpiry K=2400 spot=2482.1 (+3.4%vsK) sigma_h=0.0049 T=40.0h p_yes=0.860,ETH#atexpiry,0.50,"{""pct_vs_K"":3.4188,""sigma_h"":0.004915,""T_h"":39.9773,""log_ratio"":0.033616,""moon_phase"":0.3954,""mercury_retrogrado"":0,""horas_hasta_fomc"":546.0,""smart_money_consensus"":0.1401,""smart_money_n_wallets"":7,""smart_money_consensus_ponderado"":-0.0219,""smart_money_n_wallets_ponderado"":7}"
2026-08-25T00:01:18+00:00,PRICE_TARGET_GBM_FADE,3724002,"Will the price of Ethereum be above $2,400 on August 26?",2026-08-26T16:00:00,39.98,0.7975,0.1397,-0.6578,-0.6528,-0.6528,SKIP,price_target_gbm_fade (invierte 0.860) price_target_gbm ETH atexpiry K=2400 spot=2482.1 (+3.4%vsK) sigma_h=0.0049 T=40.0h p_yes=0.860,ETH#atexpiry,0.50,"{""pct_vs_K"":3.4188,""sigma_h"":0.004915,""T_h"":39.9773,""log_ratio"":0.033616,""prob_yes_original"":0.8603,""moon_phase"":0.3954,""mercury_retrogrado"":0,""horas_hasta_fomc"":546.0,""smart_money_consensus"":0.1401,""smart_money_n_wallets"":7,""smart_money_consensus_ponderado"":-0.0219,""smart_money_n_wallets_ponderado"":7}"
2026-08-25T00:01:18+00:00,PRICE_TARGET_GBM,3724005,"Will the price of Ethereum be above $2,500 on August 26?",2026-08-26T16:00:00,39.98,0.4100,0.4083,-0.0017,0.0033,0.0033,SKIP,price_target_gbm ETH atexpiry K=2500 spot=2482.1 (-0.7%vsK) sigma_h=0.0049 T=40.0h p_yes=0.408,ETH#atexpiry,0.50,"{""pct_vs_K"":-0.718,""sigma_h"":0.004915,""T_h"":39.9773,""log_ratio"":-0.007206,""moon_phase"":0.3954,""mercury_retrogrado"":0,""horas_hasta_fomc"":546.0,""smart_money_consensus"":0.1401,""smart_money_n_wallets"":7,""smart_money_consensus_ponderado"":-0.0219,""smart_money_n_wallets_ponderado"":7}"
2026-08-25T00:01:18+00:00,PRICE_TARGET_GBM_FADE,3724005,"Will the price of Ethereum be above $2,500 on August 26?",2026-08-26T16:00:00,39.98,0.4100,0.5917,0.1817,0.1767,0.1767,BUY_YES,price_target_gbm_fade (invierte 0.408) price_target_gbm ETH atexpiry K=2500 spot=2482.1 (-0.7%vsK) sigma_h=0.0049 T=40.0h p_yes=0.408,ETH#atexpiry,1.33,"{""pct_vs_K"":-0.718,""sigma_h"":0.004915,""T_h"":39.9773,""log_ratio"":-0.007206,""prob_yes_original"":0.4083,""moon_phase"":0.3954,""mercury_retrogrado"":0,""horas_hasta_fomc"":546.0,""smart_money_consensus"":0.1401,""smart_money_n_wallets"":7,""smart_money_consensus_ponderado"":-0.0219,""smart_money_n_wallets_ponderado"":7}"
2026-08-25T00:01:18+00:00,PRICE_TARGET_GBM,3724007,"Will the price of Ethereum be above $2,600 on August 26?",2026-08-26T16:00:00,39.98,0.1310,0.0676,-0.0634,-0.0584,0.0584,BUY_NO,price_target_gbm ETH atexpiry K=2600 spot=2482.1 (-4.5%vsK) sigma_h=0.0049 T=40.0h p_yes=0.068,ETH#atexpiry,0.55,"{""pct_vs_K"":-4.5365,""sigma_h"":0.004915,""T_h"":39.9773,""log_ratio"":-0.046427,""moon_phase"":0.3954,""mercury_retrogrado"":0,""horas_hasta_fomc"":546.0,""smart_money_consensus"":0.1401,""smart_money_n_wallets"":7,""smart_money_consensus_ponderado"":-0.0219,""smart_money_n_wallets_ponderado"":7}"
2026-08-25T00:01:18+00:00,PRICE_TARGET_GBM_FADE,3724007,"Will the price of Ethereum be above $2,600 on August 26?",2026-08-26T16:00:00,39.98,0.1310,0.9324,0.8014,0.7964,0.7964,BUY_YES,price_target_gbm_fade (invierte 0.068) price_target_gbm ETH atexpiry K=2600 spot=2482.1 (-4.5%vsK) sigma_h=0.0049 T=40.0h p_yes=0.068,ETH#atexpiry,1.12,"{""pct_vs_K"":-4.5365,""sigma_h"":0.004915,""T_h"":39.9773,""log_ratio"":-0.046427,""prob_yes_original"":0.0676,""moon_phase"":0.3954,""mercury_retrogrado"":0,""horas_hasta_fomc"":546.0,""smart_money_consensus"":0.1401,""smart_money_n_wallets"":7,""smart_money_consensus_ponderado"":-0.0219,""smart_money_n_wallets_ponderado"":7}"
2026-08-25T00:01:18+00:00,PRICE_TARGET_GBM,3724025,"Will the price of Bitcoin be above $72,000 on August 26?",2026-08-26T16:00:00,39.98,0.9895,0.9500,-0.0395,-0.0345,-0.0345,SKIP,price_target_gbm BTC atexpiry K=72000 spot=78981 (+9.7%vsK) sigma_h=0.0043 T=40.0h p_yes=1.000,BTC#atexpiry,0.50,"{""pct_vs_K"":9.6962,""sigma_h"":0.004268,""T_h"":39.9773,""log_ratio"":0.092545,""moon_phase"":0.3954,""mercury_retrogrado"":0,""horas_hasta_fomc"":546.0,""smart_money_consensus"":0.0545,""smart_money_n_wallets"":8,""smart_money_consensus_ponderado"":0.1066,""smart_money_n_wallets_ponderado"":8}"
2026-08-25T00:01:18+00:00,PRICE_TARGET_GBM_FADE,3724025,"Will the price of Bitcoin be above $72,000 on August 26?",2026-08-26T16:00:00,39.98,0.9895,0.0500,-0.9395,-0.9345,-0.9345,SKIP,price_target_gbm_fade (invierte 0.950) price_target_gbm BTC atexpiry K=72000 spot=78981 (+9.7%vsK) sigma_h=0.0043 T=40.0h p_yes=1.000,BTC#atexpiry,0.50,"{""pct_vs_K"":9.6962,""sigma_h"":0.004268,""T_h"":39.9773,""log_ratio"":0.092545,""prob_yes_original"":0.95,""moon_phase"":0.3954,""mercury_retrogrado"":0,""horas_hasta_fomc"":546.0,""smart_money_consensus"":0.0545,""smart_money_n_wallets"":8,""smart_money_consensus_ponderado"":0.1066,""smart_money_n_wallets_ponderado"":8}"
2026-08-25T00:01:18+00:00,PRICE_TARGET_GBM,3724027,"Will the price of Bitcoin be above $74,000 on August 26?",2026-08-26T16:00:00,39.98,0.9800,0.9500,-0.0300,-0.0250,-0.0250,SKIP,price_target_gbm BTC atexpiry K=74000 spot=78981 (+6.7%vsK) sigma_h=0.0043 T=40.0h p_yes=0.992,BTC#atexpiry,0.50,"{""pct_vs_K"":6.7315,""sigma_h"":0.004268,""T_h"":39.9773,""log_ratio"":0.065146,""moon_phase"":0.3954,""mercury_retrogrado"":0,""horas_hasta_fomc"":546.0,""smart_money_consensus"":0.0545,""smart_money_n_wallets"":8,""smart_money_consensus_ponderado"":0.1066,""smart_money_n_wallets_ponderado"":8}"
2026-08-25T00:01:18+00:00,PRICE_TARGET_GBM_FADE,3724027,"Will the price of Bitcoin be above $74,000 on August 26?",2026-08-26T16:00:00,39.98,0.9800,0.0500,-0.9300,-0.9250,-0.9250,SKIP,price_target_gbm_fade (invierte 0.950) price_target_gbm BTC atexpiry K=74000 spot=78981 (+6.7%vsK) sigma_h=0.0043 T=40.0h p_yes=0.992,BTC#atexpiry,0.50,"{""pct_vs_K"":6.7315,""sigma_h"":0.004268,""T_h"":39.9773,""log_ratio"":0.065146,""prob_yes_original"":0.95,""moon_phase"":0.3954,""mercury_retrogrado"":0,""horas_hasta_fomc"":546.0,""smart_money_consensus"":0.0545,""smart_money_n_wallets"":8,""smart_money_consensus_ponderado"":0.1066,""smart_money_n_wallets_ponderado"":8}"
2026-08-25T00:01:18+00:00,PRICE_TARGET_GBM,3724029,"Will the price of Bitcoin be above $76,000 on August 26?",2026-08-26T16:00:00,39.98,0.9070,0.9231,0.0161,0.0111,0.0111,SKIP,price_target_gbm BTC atexpiry K=76000 spot=78981 (+3.9%vsK) sigma_h=0.0043 T=40.0h p_yes=0.923,BTC#atexpiry,0.50,"{""pct_vs_K"":3.9227,""sigma_h"":0.004268,""T_h"":39.9773,""log_ratio"":0.038478,""moon_phase"":0.3954,""mercury_retrogrado"":0,""horas_hasta_fomc"":546.0,""smart_money_consensus"":0.0545,""smart_money_n_wallets"":8,""smart_money_consensus_ponderado"":0.1066,""smart_money_n_wallets_ponderado"":8}"
2026-08-25T00:01:18+00:00,PRICE_TARGET_GBM_FADE,3724029,"Will the price of Bitcoin be above $76,000 on August 26?",2026-08-26T16:00:00,39.98,0.9070,0.0769,-0.8301,-0.8251,-0.8251,SKIP,price_target_gbm_fade (invierte 0.923) price_target_gbm BTC atexpiry K=76000 spot=78981 (+3.9%vsK) sigma_h=0.0043 T=40.0h p_yes=0.923,BTC#atexpiry,0.50,"{""pct_vs_K"":3.9227,""sigma_h"":0.004268,""T_h"":39.9773,""log_ratio"":0.038478,""prob_yes_original"":0.9231,""moon_phase"":0.3954,""mercury_retrogrado"":0,""horas_hasta_fomc"":546.0,""smart_money_consensus"":0.0545,""smart_money_n_wallets"":8,""smart_money_consensus_ponderado"":0.1066,""smart_money_n_wallets_ponderado"":8}"
2026-08-25T00:01:18+00:00,PRICE_TARGET_GBM,3724031,"Will the price of Bitcoin be above $78,000 on August 26?",2026-08-26T16:00:00,39.98,0.6550,0.6784,0.0234,0.0184,0.0184,SKIP,price_target_gbm BTC atexpiry K=78000 spot=78981 (+1.3%vsK) sigma_h=0.0043 T=40.0h p_yes=0.678,BTC#atexpiry,0.50,"{""pct_vs_K"":1.2581,""sigma_h"":0.004268,""T_h"":39.9773,""log_ratio"":0.012502,""moon_phase"":0.3954,""mercury_retrogrado"":0,""horas_hasta_fomc"":546.0,""smart_money_consensus"":0.0545,""smart_money_n_wallets"":8,""smart_money_consensus_ponderado"":0.1066,""smart_money_n_wallets_ponderado"":8}"
2026-08-25T00:01:18+00:00,PRICE_TARGET_GBM_FADE,3724031,"Will the price of Bitcoin be above $78,000 on August 26?",2026-08-26T16:00:00,39.98,0.6550,0.3216,-0.3334,-0.3284,-0.3284,SKIP,price_target_gbm_fade (invierte 0.678) price_target_gbm BTC atexpiry K=78000 spot=78981 (+1.3%vsK) sigma_h=0.0043 T=40.0h p_yes=0.678,BTC#atexpiry,0.50,"{""pct_vs_K"":1.2581,""sigma_h"":0.004268,""T_h"":39.9773,""log_ratio"":0.012502,""prob_yes_original"":0.6784,""moon_phase"":0.3954,""mercury_retrogrado"":0,""horas_hasta_fomc"":546.0,""smart_money_consensus"":0.0545,""smart_money_n_wallets"":8,""smart_money_consensus_ponderado"":0.1066,""smart_money_n_wallets_ponderado"":8}"
2026-08-25T00:01:18+00:00,PRICE_TARGET_GBM,3724040,Will the price of Solana be above $60 on August 26?,2026-08-26T16:00:00,39.98,0.9895,0.9500,-0.0395,-0.0345,-0.0345,SKIP,price_target_gbm SOL atexpiry K=60 spot=98.8 (+64.7%vsK) sigma_h=0.0136 T=40.0h p_yes=1.000,SOL#atexpiry,0.50,"{""pct_vs_K"":64.6667,""sigma_h"":0.013572,""T_h"":39.9773,""log_ratio"":0.498753,""moon_phase"":0.3954,""mercury_retrogrado"":0,""horas_hasta_fomc"":546.0,""smart_money_consensus"":0.129,""smart_money_n_wallets"":4,""smart_money_consensus_ponderado"":0.2386,""smart_money_n_wallets_ponderado"":4}"
2026-08-25T00:01:18+00:00,PRICE_TARGET_GBM_FADE,3724040,Will the price of Solana be above $60 on August 26?,2026-08-26T16:00:00,39.98,0.9895,0.0500,-0.9395,-0.9345,-0.9345,SKIP,price_target_gbm_fade (invierte 0.950) price_target_gbm SOL atexpiry K=60 spot=98.8 (+64.7%vsK) sigma_h=0.0136 T=40.0h p_yes=1.000,SOL#atexpiry,0.50,"{""pct_vs_K"":64.6667,""sigma_h"":0.013572,""T_h"":39.9773,""log_ratio"":0.498753,""prob_yes_original"":0.95,""moon_phase"":0.3954,""mercury_retrogrado"":0,""horas_hasta_fomc"":546.0,""smart_money_consensus"":0.129,""smart_money_n_wallets"":4,""smart_money_consensus_ponderado"":0.2386,""smart_money_n_wallets_ponderado"":4}"
2026-08-25T00:01:18+00:00,PRICE_TARGET_GBM,3724043,Will the price of Solana be above $70 on August 26?,2026-08-26T16:00:00,39.98,0.9830,0.9500,-0.0330,-0.0280,-0.0280,SKIP,price_target_gbm SOL atexpiry K=70 spot=98.8 (+41.1%vsK) sigma_h=0.0136 T=40.0h p_yes=1.000,SOL#atexpiry,0.50,"{""pct_vs_K"":41.1429,""sigma_h"":0.013572,""T_h"":39.9773,""log_ratio"":0.344602,""moon_phase"":0.3954,""mercury_retrogrado"":0,""horas_hasta_fomc"":546.0,""smart_money_consensus"":0.129,""smart_money_n_wallets"":4,""smart_money_consensus_ponderado"":0.2386,""smart_money_n_wallets_ponderado"":4}"
2026-08-25T00:01:18+00:00,PRICE_TARGET_GBM_FADE,3724043,Will the price of Solana be above $70 on August 26?,2026-08-26T16:00:00,39.98,0.9830,0.0500,-0.9330,-0.9280,-0.9280,SKIP,price_target_gbm_fade (invierte 0.950) price_target_gbm SOL atexpiry K=70 spot=98.8 (+41.1%vsK) sigma_h=0.0136 T=40.0h p_yes=1.000,SOL#atexpiry,0.50,"{""pct_vs_K"":41.1429,""sigma_h"":0.013572,""T_h"":39.9773,""log_ratio"":0.344602,""prob_yes_original"":0.95,""moon_phase"":0.3954,""mercury_retrogrado"":0,""horas_hasta_fomc"":546.0,""smart_money_consensus"":0.129,""smart_money_n_wallets"":4,""smart_money_consensus_ponderado"":0.2386,""smart_money_n_wallets_ponderado"":4}"
2026-08-25T00:01:18+00:00,PRICE_TARGET_GBM,3724046,Will the price of Solana be above $90 on August 26?,2026-08-26T16:00:00,39.98,0.9400,0.8615,-0.0785,-0.0735,-0.0735,SKIP,price_target_gbm SOL atexpiry K=90 spot=98.8 (+9.8%vsK) sigma_h=0.0136 T=40.0h p_yes=0.862,SOL#atexpiry,0.50,"{""pct_vs_K"":9.7778,""sigma_h"":0.013572,""T_h"":39.9773,""log_ratio"":0.093288,""moon_phase"":0.3954,""mercury_retrogrado"":0,""horas_hasta_fomc"":546.0,""smart_money_consensus"":0.129,""smart_money_n_wallets"":4,""smart_money_consensus_ponderado"":0.2386,""smart_money_n_wallets_ponderado"":4}"
2026-08-25T00:01:18+00:00,PRICE_TARGET_GBM_FADE,3724046,Will the price of Solana be above $90 on August 26?,2026-08-26T16:00:00,39.98,0.9400,0.1385,-0.8015,-0.7965,-0.7965,SKIP,price_target_gbm_fade (invierte 0.862) price_target_gbm SOL atexpiry K=90 spot=98.8 (+9.8%vsK) sigma_h=0.0136 T=40.0h p_yes=0.862,SOL#atexpiry,0.50,"{""pct_vs_K"":9.7778,""sigma_h"":0.013572,""T_h"":39.9773,""log_ratio"":0.093288,""prob_yes_original"":0.8615,""moon_phase"":0.3954,""mercury_retrogrado"":0,""horas_hasta_fomc"":546.0,""smart_money_consensus"":0.129,""smart_money_n_wallets"":4,""smart_money_consensus_ponderado"":0.2386,""smart_money_n_wallets_ponderado"":4}"
2026-08-25T00:01:18+00:00,PRICE_TARGET_GBM,3724051,Will the price of Solana be above $110 on August 26?,2026-08-26T16:00:00,39.98,0.0470,0.1054,0.0584,0.0534,0.0534,SKIP,price_target_gbm SOL atexpiry K=110 spot=98.8 (-10.2%vsK) sigma_h=0.0136 T=40.0h p_yes=0.105,SOL#atexpiry,0.50,"{""pct_vs_K"":-10.1818,""sigma_h"":0.013572,""T_h"":39.9773,""log_ratio"":-0.107383,""moon_phase"":0.3954,""mercury_retrogrado"":0,""horas_hasta_fomc"":546.0,""smart_money_consensus"":0.129,""smart_money_n_wallets"":4,""smart_money_consensus_ponderado"":0.2386,""smart_money_n_wallets_ponderado"":4}"
2026-08-25T00:01:18+00:00,PRICE_TARGET_GBM_FADE,3724051,Will the price of Solana be above $110 on August 26?,2026-08-26T16:00:00,39.98,0.0470,0.8946,0.8476,0.8426,0.8426,SKIP,price_target_gbm_fade (invierte 0.105) price_target_gbm SOL atexpiry K=110 spot=98.8 (-10.2%vsK) sigma_h=0.0136 T=40.0h p_yes=0.105,SOL#atexpiry,0.50,"{""pct_vs_K"":-10.1818,""sigma_h"":0.013572,""T_h"":39.9773,""log_ratio"":-0.107383,""prob_yes_original"":0.1054,""moon_phase"":0.3954,""mercury_retrogrado"":0,""horas_hasta_fomc"":546.0,""smart_money_consensus"":0.129,""smart_money_n_wallets"":4,""smart_money_consensus_ponderado"":0.2386,""smart_money_n_wallets_ponderado"":4}"
2026-08-25T00:01:18+00:00,PRICE_TARGET_GBM,3724053,Will the price of Solana be above $120 on August 26?,2026-08-26T16:00:00,39.98,0.0210,0.0500,0.0290,0.0240,0.0240,SKIP,price_target_gbm SOL atexpiry K=120 spot=98.8 (-17.7%vsK) sigma_h=0.0136 T=40.0h p_yes=0.012,SOL#atexpiry,0.50,"{""pct_vs_K"":-17.6667,""sigma_h"":0.013572,""T_h"":39.9773,""log_ratio"":-0.194394,""moon_phase"":0.3954,""mercury_retrogrado"":0,""horas_hasta_fomc"":546.0,""smart_money_consensus"":0.129,""smart_money_n_wallets"":4,""smart_money_consensus_ponderado"":0.2386,""smart_money_n_wallets_ponderado"":4}"
2026-08-25T00:01:18+00:00,PRICE_TARGET_GBM_FADE,3724053,Will the price of Solana be above $120 on August 26?,2026-08-26T16:00:00,39.98,0.0210,0.9500,0.9290,0.9240,0.9240,SKIP,price_target_gbm_fade (invierte 0.050) price_target_gbm SOL atexpiry K=120 spot=98.8 (-17.7%vsK) sigma_h=0.0136 T=40.0h p_yes=0.012,SOL#atexpiry,0.50,"{""pct_vs_K"":-17.6667,""sigma_h"":0.013572,""T_h"":39.9773,""log_ratio"":-0.194394,""prob_yes_original"":0.05,""moon_phase"":0.3954,""mercury_retrogrado"":0,""horas_hasta_fomc"":546.0,""smart_money_consensus"":0.129,""smart_money_n_wallets"":4,""smart_money_consensus_ponderado"":0.2386,""smart_money_n_wallets_ponderado"":4}"
2026-08-25T00:01:18+00:00,PRICE_TARGET_GBM,3724055,Will the price of Solana be above $130 on August 26?,2026-08-26T16:00:00,39.98,0.0180,0.0500,0.0320,0.0270,0.0270,SKIP,price_target_gbm SOL atexpiry K=130 spot=98.8 (-24.0%vsK) sigma_h=0.0136 T=40.0h p_yes=0.001,SOL#atexpiry,0.50,"{""pct_vs_K"":-24.0,""sigma_h"":0.013572,""T_h"":39.9773,""log_ratio"":-0.274437,""moon_phase"":0.3954,""mercury_retrogrado"":0,""horas_hasta_fomc"":546.0,""smart_money_consensus"":0.129,""smart_money_n_wallets"":4,""smart_money_consensus_ponderado"":0.2386,""smart_money_n_wallets_ponderado"":4}"
2026-08-25T00:01:18+00:00,PRICE_TARGET_GBM_FADE,3724055,Will the price of Solana be above $130 on August 26?,2026-08-26T16:00:00,39.98,0.0180,0.9500,0.9320,0.9270,0.9270,SKIP,price_target_gbm_fade (invierte 0.050) price_target_gbm SOL atexpiry K=130 spot=98.8 (-24.0%vsK) sigma_h=0.0136 T=40.0h p_yes=0.001,SOL#atexpiry,0.50,"{""pct_vs_K"":-24.0,""sigma_h"":0.013572,""T_h"":39.9773,""log_ratio"":-0.274437,""prob_yes_original"":0.05,""moon_phase"":0.3954,""mercury_retrogrado"":0,""horas_hasta_fomc"":546.0,""smart_money_consensus"":0.129,""smart_money_n_wallets"":4,""smart_money_consensus_ponderado"":0.2386,""smart_money_n_wallets_ponderado"":4}"
2026-08-25T00:01:18+00:00,PRICE_TARGET_GBM,3746401,"Will the price of Ethereum be above $2,000 on August 27?",2026-08-27T16:00:00,63.98,0.9885,0.9500,-0.0385,-0.0335,-0.0335,SKIP,price_target_gbm ETH atexpiry K=2000 spot=2482.1 (+24.1%vsK) sigma_h=0.0064 T=64.0h p_yes=1.000,ETH#atexpiry,0.50,"{""pct_vs_K"":24.1025,""sigma_h"":0.006393,""T_h"":63.9773,""log_ratio"":0.215938,""moon_phase"":0.3954,""mercury_retrogrado"":0,""horas_hasta_fomc"":546.0,""smart_money_consensus"":0.1401,""smart_money_n_wallets"":7,""smart_money_consensus_ponderado"":-0.0219,""smart_money_n_wallets_ponderado"":7}"
2026-08-25T00:01:18+00:00,PRICE_TARGET_GBM_FADE,3746401,"Will the price of Ethereum be above $2,000 on August 27?",2026-08-27T16:00:00,63.98,0.9885,0.0500,-0.9385,-0.9335,-0.9335,SKIP,price_target_gbm_fade (invierte 0.950) price_target_gbm ETH atexpiry K=2000 spot=2482.1 (+24.1%vsK) sigma_h=0.0064 T=64.0h p_yes=1.000,ETH#atexpiry,0.50,"{""pct_vs_K"":24.1025,""sigma_h"":0.006393,""T_h"":63.9773,""log_ratio"":0.215938,""prob_yes_original"":0.95,""moon_phase"":0.3954,""mercury_retrogrado"":0,""horas_hasta_fomc"":546.0,""smart_money_consensus"":0.1401,""smart_money_n_wallets"":7,""smart_money_consensus_ponderado"":-0.0219,""smart_money_n_wallets_ponderado"":7}"
2026-08-25T00:01:18+00:00,PRICE_TARGET_GBM,3746402,"Will the price of Ethereum be above $2,100 on August 27?",2026-08-27T16:00:00,63.98,0.9860,0.9500,-0.0360,-0.0310,-0.0310,SKIP,price_target_gbm ETH atexpiry K=2100 spot=2482.1 (+18.2%vsK) sigma_h=0.0064 T=64.0h p_yes=0.999,ETH#atexpiry,0.50,"{""pct_vs_K"":18.1929,""sigma_h"":0.006393,""T_h"":63.9773,""log_ratio"":0.167147,""moon_phase"":0.3954,""mercury_retrogrado"":0,""horas_hasta_fomc"":546.0,""smart_money_consensus"":0.1401,""smart_money_n_wallets"":7,""smart_money_consensus_ponderado"":-0.0219,""smart_money_n_wallets_ponderado"":7}"
2026-08-25T00:01:18+00:00,PRICE_TARGET_GBM_FADE,3746402,"Will the price of Ethereum be above $2,100 on August 27?",2026-08-27T16:00:00,63.98,0.9860,0.0500,-0.9360,-0.9310,-0.9310,SKIP,price_target_gbm_fade (invierte 0.950) price_target_gbm ETH atexpiry K=2100 spot=2482.1 (+18.2%vsK) sigma_h=0.0064 T=64.0h p_yes=0.999,ETH#atexpiry,0.50,"{""pct_vs_K"":18.1929,""sigma_h"":0.006393,""T_h"":63.9773,""log_ratio"":0.167147,""prob_yes_original"":0.95,""moon_phase"":0.3954,""mercury_retrogrado"":0,""horas_hasta_fomc"":546.0,""smart_money_consensus"":0.1401,""smart_money_n_wallets"":7,""smart_money_consensus_ponderado"":-0.0219,""smart_money_n_wallets_ponderado"":7}"
2026-08-25T00:01:18+00:00,PRICE_TARGET_GBM,3746404,"Will the price of Ethereum be above $2,200 on August 27?",2026-08-27T16:00:00,63.98,0.9805,0.9500,-0.0305,-0.0255,-0.0255,SKIP,price_target_gbm ETH atexpiry K=2200 spot=2482.1 (+12.8%vsK) sigma_h=0.0064 T=64.0h p_yes=0.991,ETH#atexpiry,0.50,"{""pct_vs_K"":12.8205,""sigma_h"":0.006393,""T_h"":63.9773,""log_ratio"":0.120627,""moon_phase"":0.3954,""mercury_retrogrado"":0,""horas_hasta_fomc"":546.0,""smart_money_consensus"":0.1401,""smart_money_n_wallets"":7,""smart_money_consensus_ponderado"":-0.0219,""smart_money_n_wallets_ponderado"":7}"
2026-08-25T00:01:18+00:00,PRICE_TARGET_GBM_FADE,3746404,"Will the price of Ethereum be above $2,200 on August 27?",2026-08-27T16:00:00,63.98,0.9805,0.0500,-0.9305,-0.9255,-0.9255,SKIP,price_target_gbm_fade (invierte 0.950) price_target_gbm ETH atexpiry K=2200 spot=2482.1 (+12.8%vsK) sigma_h=0.0064 T=64.0h p_yes=0.991,ETH#atexpiry,0.50,"{""pct_vs_K"":12.8205,""sigma_h"":0.006393,""T_h"":63.9773,""log_ratio"":0.120627,""prob_yes_original"":0.95,""moon_phase"":0.3954,""mercury_retrogrado"":0,""horas_hasta_fomc"":546.0,""smart_money_consensus"":0.1401,""smart_money_n_wallets"":7,""smart_money_consensus_ponderado"":-0.0219,""smart_money_n_wallets_ponderado"":7}"
2026-08-25T00:01:18+00:00,PRICE_TARGET_GBM,3746406,"Will the price of Ethereum be above $2,300 on August 27?",2026-08-27T16:00:00,63.98,0.9250,0.9318,0.0068,0.0018,0.0018,SKIP,price_target_gbm ETH atexpiry K=2300 spot=2482.1 (+7.9%vsK) sigma_h=0.0064 T=64.0h p_yes=0.932,ETH#atexpiry,0.50,"{""pct_vs_K"":7.9152,""sigma_h"":0.006393,""T_h"":63.9773,""log_ratio"":0.076176,""moon_phase"":0.3954,""mercury_retrogrado"":0,""horas_hasta_fomc"":546.0,""smart_money_consensus"":0.1401,""smart_money_n_wallets"":7,""smart_money_consensus_ponderado"":-0.0219,""smart_money_n_wallets_ponderado"":7}"
2026-08-25T00:01:18+00:00,PRICE_TARGET_GBM_FADE,3746406,"Will the price of Ethereum be above $2,300 on August 27?",2026-08-27T16:00:00,63.98,0.9250,0.0682,-0.8568,-0.8518,-0.8518,SKIP,price_target_gbm_fade (invierte 0.932) price_target_gbm ETH atexpiry K=2300 spot=2482.1 (+7.9%vsK) sigma_h=0.0064 T=64.0h p_yes=0.932,ETH#atexpiry,0.50,"{""pct_vs_K"":7.9152,""sigma_h"":0.006393,""T_h"":63.9773,""log_ratio"":0.076176,""prob_yes_original"":0.9318,""moon_phase"":0.3954,""mercury_retrogrado"":0,""horas_hasta_fomc"":546.0,""smart_money_consensus"":0.1401,""smart_money_n_wallets"":7,""smart_money_consensus_ponderado"":-0.0219,""smart_money_n_wallets_ponderado"":7}"
2026-08-25T00:01:18+00:00,PRICE_TARGET_GBM,3746408,"Will the price of Ethereum be above $2,400 on August 27?",2026-08-27T16:00:00,63.98,0.7300,0.7445,0.0145,0.0095,0.0095,SKIP,price_target_gbm ETH atexpiry K=2400 spot=2482.1 (+3.4%vsK) sigma_h=0.0064 T=64.0h p_yes=0.745,ETH#atexpiry,0.50,"{""pct_vs_K"":3.4188,""sigma_h"":0.006393,""T_h"":63.9773,""log_ratio"":0.033616,""moon_phase"":0.3954,""mercury_retrogrado"":0,""horas_hasta_fomc"":546.0,""smart_money_consensus"":0.1401,""smart_money_n_wallets"":7,""smart_money_consensus_ponderado"":-0.0219,""smart_money_n_wallets_ponderado"":7}"
2026-08-25T00:01:18+00:00,PRICE_TARGET_GBM_FADE,3746408,"Will the price of Ethereum be above $2,400 on August 27?",2026-08-27T16:00:00,63.98,0.7300,0.2555,-0.4745,-0.4695,-0.4695,SKIP,price_target_gbm_fade (invierte 0.745) price_target_gbm ETH atexpiry K=2400 spot=2482.1 (+3.4%vsK) sigma_h=0.0064 T=64.0h p_yes=0.745,ETH#atexpiry,0.50,"{""pct_vs_K"":3.4188,""sigma_h"":0.006393,""T_h"":63.9773,""log_ratio"":0.033616,""prob_yes_original"":0.7445,""moon_phase"":0.3954,""mercury_retrogrado"":0,""horas_hasta_fomc"":546.0,""smart_money_consensus"":0.1401,""smart_money_n_wallets"":7,""smart_money_consensus_ponderado"":-0.0219,""smart_money_n_wallets_ponderado"":7}"
2026-08-25T00:01:18+00:00,PRICE_TARGET_GBM,3746410,"Will the price of Ethereum be above $2,500 on August 27?",2026-08-27T16:00:00,63.98,0.4200,0.4440,0.0240,0.0190,0.0190,SKIP,price_target_gbm ETH atexpiry K=2500 spot=2482.1 (-0.7%vsK) sigma_h=0.0064 T=64.0h p_yes=0.444,ETH#atexpiry,0.50,"{""pct_vs_K"":-0.718,""sigma_h"":0.006393,""T_h"":63.9773,""log_ratio"":-0.007206,""moon_phase"":0.3954,""mercury_retrogrado"":0,""horas_hasta_fomc"":546.0,""smart_money_consensus"":0.1401,""smart_money_n_wallets"":7,""smart_money_consensus_ponderado"":-0.0219,""smart_money_n_wallets_ponderado"":7}"
2026-08-25T00:01:18+00:00,PRICE_TARGET_GBM_FADE,3746410,"Will the price of Ethereum be above $2,500 on August 27?",2026-08-27T16:00:00,63.98,0.4200,0.5560,0.1360,0.1310,0.1310,BUY_YES,price_target_gbm_fade (invierte 0.444) price_target_gbm ETH atexpiry K=2500 spot=2482.1 (-0.7%vsK) sigma_h=0.0064 T=64.0h p_yes=0.444,ETH#atexpiry,1.33,"{""pct_vs_K"":-0.718,""sigma_h"":0.006393,""T_h"":63.9773,""log_ratio"":-0.007206,""prob_yes_original"":0.444,""moon_phase"":0.3954,""mercury_retrogrado"":0,""horas_hasta_fomc"":546.0,""smart_money_consensus"":0.1401,""smart_money_n_wallets"":7,""smart_money_consensus_ponderado"":-0.0219,""smart_money_n_wallets_ponderado"":7}"
2026-08-25T00:01:18+00:00,PRICE_TARGET_GBM,3746413,"Will the price of Ethereum be above $2,600 on August 27?",2026-08-27T16:00:00,63.98,0.1700,0.1820,0.0120,0.0070,0.0070,SKIP,price_target_gbm ETH atexpiry K=2600 spot=2482.1 (-4.5%vsK) sigma_h=0.0064 T=64.0h p_yes=0.182,ETH#atexpiry,0.50,"{""pct_vs_K"":-4.5365,""sigma_h"":0.006393,""T_h"":63.9773,""log_ratio"":-0.046427,""moon_phase"":0.3954,""mercury_retrogrado"":0,""horas_hasta_fomc"":546.0,""smart_money_consensus"":0.1401,""smart_money_n_wallets"":7,""smart_money_consensus_ponderado"":-0.0219,""smart_money_n_wallets_ponderado"":7}"
2026-08-25T00:01:18+00:00,PRICE_TARGET_GBM_FADE,3746413,"Will the price of Ethereum be above $2,600 on August 27?",2026-08-27T16:00:00,63.98,0.1700,0.8180,0.6480,0.6430,0.6430,BUY_YES,price_target_gbm_fade (invierte 0.182) price_target_gbm ETH atexpiry K=2600 spot=2482.1 (-4.5%vsK) sigma_h=0.0064 T=64.0h p_yes=0.182,ETH#atexpiry,1.12,"{""pct_vs_K"":-4.5365,""sigma_h"":0.006393,""T_h"":63.9773,""log_ratio"":-0.046427,""prob_yes_original"":0.182,""moon_phase"":0.3954,""mercury_retrogrado"":0,""horas_hasta_fomc"":546.0,""smart_money_consensus"":0.1401,""smart_money_n_wallets"":7,""smart_money_consensus_ponderado"":-0.0219,""smart_money_n_wallets_ponderado"":7}"
2026-08-25T00:01:18+00:00,PRICE_TARGET_GBM,3746415,"Will the price of Ethereum be above $2,700 on August 27?",2026-08-27T16:00:00,63.98,0.0670,0.0500,-0.0170,-0.0120,-0.0120,SKIP,price_target_gbm ETH atexpiry K=2700 spot=2482.1 (-8.1%vsK) sigma_h=0.0064 T=64.0h p_yes=0.050,ETH#atexpiry,0.50,"{""pct_vs_K"":-8.0722,""sigma_h"":0.006393,""T_h"":63.9773,""log_ratio"":-0.084167,""moon_phase"":0.3954,""mercury_retrogrado"":0,""horas_hasta_fomc"":546.0,""smart_money_consensus"":0.1401,""smart_money_n_wallets"":7,""smart_money_consensus_ponderado"":-0.0219,""smart_money_n_wallets_ponderado"":7}"
2026-08-25T00:01:18+00:00,PRICE_TARGET_GBM_FADE,3746415,"Will the price of Ethereum be above $2,700 on August 27?",2026-08-27T16:00:00,63.98,0.0670,0.9500,0.8830,0.8780,0.8780,SKIP,price_target_gbm_fade (invierte 0.050) price_target_gbm ETH atexpiry K=2700 spot=2482.1 (-8.1%vsK) sigma_h=0.0064 T=64.0h p_yes=0.050,ETH#atexpiry,0.50,"{""pct_vs_K"":-8.0722,""sigma_h"":0.006393,""T_h"":63.9773,""log_ratio"":-0.084167,""prob_yes_original"":0.05,""moon_phase"":0.3954,""mercury_retrogrado"":0,""horas_hasta_fomc"":546.0,""smart_money_consensus"":0.1401,""smart_money_n_wallets"":7,""smart_money_consensus_ponderado"":-0.0219,""smart_money_n_wallets_ponderado"":7}"
2026-08-25T00:01:18+00:00,PRICE_TARGET_GBM,3746417,"Will the price of Ethereum be above $2,800 on August 27?",2026-08-27T16:00:00,63.98,0.0245,0.0500,0.0255,0.0205,0.0205,SKIP,price_target_gbm ETH atexpiry K=2800 spot=2482.1 (-11.4%vsK) sigma_h=0.0064 T=64.0h p_yes=0.009,ETH#atexpiry,0.50,"{""pct_vs_K"":-11.3554,""sigma_h"":0.006393,""T_h"":63.9773,""log_ratio"":-0.120535,""moon_phase"":0.3954,""mercury_retrogrado"":0,""horas_hasta_fomc"":546.0,""smart_money_consensus"":0.1401,""smart_money_n_wallets"":7,""smart_money_consensus_ponderado"":-0.0219,""smart_money_n_wallets_ponderado"":7}"
2026-08-25T00:01:18+00:00,PRICE_TARGET_GBM_FADE,3746417,"Will the price of Ethereum be above $2,800 on August 27?",2026-08-27T16:00:00,63.98,0.0245,0.9500,0.9255,0.9205,0.9205,SKIP,price_target_gbm_fade (invierte 0.050) price_target_gbm ETH atexpiry K=2800 spot=2482.1 (-11.4%vsK) sigma_h=0.0064 T=64.0h p_yes=0.009,ETH#atexpiry,0.50,"{""pct_vs_K"":-11.3554,""sigma_h"":0.006393,""T_h"":63.9773,""log_ratio"":-0.120535,""prob_yes_original"":0.05,""moon_phase"":0.3954,""mercury_retrogrado"":0,""horas_hasta_fomc"":546.0,""smart_money_consensus"":0.1401,""smart_money_n_wallets"":7,""smart_money_consensus_ponderado"":-0.0219,""smart_money_n_wallets_ponderado"":7}"
2026-08-25T00:01:18+00:00,PRICE_TARGET_GBM,3746424,"Will the price of Bitcoin be above $68,000 on August 27?",2026-08-27T16:00:00,63.98,0.9865,0.9500,-0.0365,-0.0315,-0.0315,SKIP,price_target_gbm BTC atexpiry K=68000 spot=78981 (+16.1%vsK) sigma_h=0.0057 T=64.0h p_yes=1.000,BTC#atexpiry,0.50,"{""pct_vs_K"":16.149,""sigma_h"":0.005651,""T_h"":63.9773,""log_ratio"":0.149703,""moon_phase"":0.3954,""mercury_retrogrado"":0,""horas_hasta_fomc"":546.0,""smart_money_consensus"":0.0545,""smart_money_n_wallets"":8,""smart_money_consensus_ponderado"":0.1066,""smart_money_n_wallets_ponderado"":8}"
2026-08-25T00:01:18+00:00,PRICE_TARGET_GBM_FADE,3746424,"Will the price of Bitcoin be above $68,000 on August 27?",2026-08-27T16:00:00,63.98,0.9865,0.0500,-0.9365,-0.9315,-0.9315,SKIP,price_target_gbm_fade (invierte 0.950) price_target_gbm BTC atexpiry K=68000 spot=78981 (+16.1%vsK) sigma_h=0.0057 T=64.0h p_yes=1.000,BTC#atexpiry,0.50,"{""pct_vs_K"":16.149,""sigma_h"":0.005651,""T_h"":63.9773,""log_ratio"":0.149703,""prob_yes_original"":0.95,""moon_phase"":0.3954,""mercury_retrogrado"":0,""horas_hasta_fomc"":546.0,""smart_money_consensus"":0.0545,""smart_money_n_wallets"":8,""smart_money_consensus_ponderado"":0.1066,""smart_money_n_wallets_ponderado"":8}"
2026-08-25T00:01:18+00:00,PRICE_TARGET_GBM,3746427,"Will the price of Bitcoin be above $70,000 on August 27?",2026-08-27T16:00:00,63.98,0.9875,0.9500,-0.0375,-0.0325,-0.0325,SKIP,price_target_gbm BTC atexpiry K=70000 spot=78981 (+12.8%vsK) sigma_h=0.0057 T=64.0h p_yes=0.996,BTC#atexpiry,0.50,"{""pct_vs_K"":12.8304,""sigma_h"":0.005651,""T_h"":63.9773,""log_ratio"":0.120716,""moon_phase"":0.3954,""mercury_retrogrado"":0,""horas_hasta_fomc"":546.0,""smart_money_consensus"":0.0545,""smart_money_n_wallets"":8,""smart_money_consensus_ponderado"":0.1066,""smart_money_n_wallets_ponderado"":8}"
2026-08-25T00:01:18+00:00,PRICE_TARGET_GBM_FADE,3746427,"Will the price of Bitcoin be above $70,000 on August 27?",2026-08-27T16:00:00,63.98,0.9875,0.0500,-0.9375,-0.9325,-0.9325,SKIP,price_target_gbm_fade (invierte 0.950) price_target_gbm BTC atexpiry K=70000 spot=78981 (+12.8%vsK) sigma_h=0.0057 T=64.0h p_yes=0.996,BTC#atexpiry,0.50,"{""pct_vs_K"":12.8304,""sigma_h"":0.005651,""T_h"":63.9773,""log_ratio"":0.120716,""prob_yes_original"":0.95,""moon_phase"":0.3954,""mercury_retrogrado"":0,""horas_hasta_fomc"":546.0,""smart_money_consensus"":0.0545,""smart_money_n_wallets"":8,""smart_money_consensus_ponderado"":0.1066,""smart_money_n_wallets_ponderado"":8}"
2026-08-25T00:01:18+00:00,PRICE_TARGET_GBM,3746429,"Will the price of Bitcoin be above $72,000 on August 27?",2026-08-27T16:00:00,63.98,0.9850,0.9500,-0.0350,-0.0300,-0.0300,SKIP,price_target_gbm BTC atexpiry K=72000 spot=78981 (+9.7%vsK) sigma_h=0.0057 T=64.0h p_yes=0.980,BTC#atexpiry,0.50,"{""pct_vs_K"":9.6962,""sigma_h"":0.005651,""T_h"":63.9773,""log_ratio"":0.092545,""moon_phase"":0.3954,""mercury_retrogrado"":0,""horas_hasta_fomc"":546.0,""smart_money_consensus"":0.0545,""smart_money_n_wallets"":8,""smart_money_consensus_ponderado"":0.1066,""smart_money_n_wallets_ponderado"":8}"
2026-08-25T00:01:18+00:00,PRICE_TARGET_GBM_FADE,3746429,"Will the price of Bitcoin be above $72,000 on August 27?",2026-08-27T16:00:00,63.98,0.9850,0.0500,-0.9350,-0.9300,-0.9300,SKIP,price_target_gbm_fade (invierte 0.950) price_target_gbm BTC atexpiry K=72000 spot=78981 (+9.7%vsK) sigma_h=0.0057 T=64.0h p_yes=0.980,BTC#atexpiry,0.50,"{""pct_vs_K"":9.6962,""sigma_h"":0.005651,""T_h"":63.9773,""log_ratio"":0.092545,""prob_yes_original"":0.95,""moon_phase"":0.3954,""mercury_retrogrado"":0,""horas_hasta_fomc"":546.0,""smart_money_consensus"":0.0545,""smart_money_n_wallets"":8,""smart_money_consensus_ponderado"":0.1066,""smart_money_n_wallets_ponderado"":8}"
2026-08-25T00:01:18+00:00,PRICE_TARGET_GBM,3746431,"Will the price of Bitcoin be above $74,000 on August 27?",2026-08-27T16:00:00,63.98,0.9450,0.9253,-0.0197,-0.0147,-0.0147,SKIP,price_target_gbm BTC atexpiry K=74000 spot=78981 (+6.7%vsK) sigma_h=0.0057 T=64.0h p_yes=0.925,BTC#atexpiry,0.50,"{""pct_vs_K"":6.7315,""sigma_h"":0.005651,""T_h"":63.9773,""log_ratio"":0.065146,""moon_phase"":0.3954,""mercury_retrogrado"":0,""horas_hasta_fomc"":546.0,""smart_money_consensus"":0.0545,""smart_money_n_wallets"":8,""smart_money_consensus_ponderado"":0.1066,""smart_money_n_wallets_ponderado"":8}"
2026-08-25T00:01:18+00:00,PRICE_TARGET_GBM_FADE,3746431,"Will the price of Bitcoin be above $74,000 on August 27?",2026-08-27T16:00:00,63.98,0.9450,0.0747,-0.8703,-0.8653,-0.8653,SKIP,price_target_gbm_fade (invierte 0.925) price_target_gbm BTC atexpiry K=74000 spot=78981 (+6.7%vsK) sigma_h=0.0057 T=64.0h p_yes=0.925,BTC#atexpiry,0.50,"{""pct_vs_K"":6.7315,""sigma_h"":0.005651,""T_h"":63.9773,""log_ratio"":0.065146,""prob_yes_original"":0.9253,""moon_phase"":0.3954,""mercury_retrogrado"":0,""horas_hasta_fomc"":546.0,""smart_money_consensus"":0.0545,""smart_money_n_wallets"":8,""smart_money_consensus_ponderado"":0.1066,""smart_money_n_wallets_ponderado"":8}"
2026-08-25T00:01:18+00:00,PRICE_TARGET_GBM,3746433,"Will the price of Bitcoin be above $76,000 on August 27?",2026-08-27T16:00:00,63.98,0.8550,0.8027,-0.0523,-0.0473,0.0473,BUY_NO,price_target_gbm BTC atexpiry K=76000 spot=78981 (+3.9%vsK) sigma_h=0.0057 T=64.0h p_yes=0.803,BTC#atexpiry,0.50,"{""pct_vs_K"":3.9227,""sigma_h"":0.005651,""T_h"":63.9773,""log_ratio"":0.038478,""moon_phase"":0.3954,""mercury_retrogrado"":0,""horas_hasta_fomc"":546.0,""smart_money_consensus"":0.0545,""smart_money_n_wallets"":8,""smart_money_consensus_ponderado"":0.1066,""smart_money_n_wallets_ponderado"":8}"
2026-08-25T00:01:18+00:00,PRICE_TARGET_GBM_FADE,3746433,"Will the price of Bitcoin be above $76,000 on August 27?",2026-08-27T16:00:00,63.98,0.8550,0.1973,-0.6577,-0.6527,-0.6527,SKIP,price_target_gbm_fade (invierte 0.803) price_target_gbm BTC atexpiry K=76000 spot=78981 (+3.9%vsK) sigma_h=0.0057 T=64.0h p_yes=0.803,BTC#atexpiry,0.50,"{""pct_vs_K"":3.9227,""sigma_h"":0.005651,""T_h"":63.9773,""log_ratio"":0.038478,""prob_yes_original"":0.8027,""moon_phase"":0.3954,""mercury_retrogrado"":0,""horas_hasta_fomc"":546.0,""smart_money_consensus"":0.0545,""smart_money_n_wallets"":8,""smart_money_consensus_ponderado"":0.1066,""smart_money_n_wallets_ponderado"":8}"
2026-08-25T00:01:18+00:00,PRICE_TARGET_GBM,3746435,"Will the price of Bitcoin be above $78,000 on August 27?",2026-08-27T16:00:00,63.98,0.6100,0.6090,-0.0010,0.0040,0.0040,SKIP,price_target_gbm BTC atexpiry K=78000 spot=78981 (+1.3%vsK) sigma_h=0.0057 T=64.0h p_yes=0.609,BTC#atexpiry,0.50,"{""pct_vs_K"":1.2581,""sigma_h"":0.005651,""T_h"":63.9773,""log_ratio"":0.012502,""moon_phase"":0.3954,""mercury_retrogrado"":0,""horas_hasta_fomc"":546.0,""smart_money_consensus"":0.0545,""smart_money_n_wallets"":8,""smart_money_consensus_ponderado"":0.1066,""smart_money_n_wallets_ponderado"":8}"
2026-08-25T00:01:18+00:00,PRICE_TARGET_GBM_FADE,3746435,"Will the price of Bitcoin be above $78,000 on August 27?",2026-08-27T16:00:00,63.98,0.6100,0.3910,-0.2190,-0.2140,-0.2140,SKIP,price_target_gbm_fade (invierte 0.609) price_target_gbm BTC atexpiry K=78000 spot=78981 (+1.3%vsK) sigma_h=0.0057 T=64.0h p_yes=0.609,BTC#atexpiry,0.50,"{""pct_vs_K"":1.2581,""sigma_h"":0.005651,""T_h"":63.9773,""log_ratio"":0.012502,""prob_yes_original"":0.609,""moon_phase"":0.3954,""mercury_retrogrado"":0,""horas_hasta_fomc"":546.0,""smart_money_consensus"":0.0545,""smart_money_n_wallets"":8,""smart_money_consensus_ponderado"":0.1066,""smart_money_n_wallets_ponderado"":8}"
2026-08-25T00:01:18+00:00,PRICE_TARGET_GBM,3746437,"Will the price of Bitcoin be above $80,000 on August 27?",2026-08-27T16:00:00,63.98,0.3235,0.3884,0.0649,0.0599,0.0599,SKIP,price_target_gbm BTC atexpiry K=80000 spot=78981 (-1.3%vsK) sigma_h=0.0057 T=64.0h p_yes=0.388,BTC#atexpiry,0.50,"{""pct_vs_K"":-1.2734,""sigma_h"":0.005651,""T_h"":63.9773,""log_ratio"":-0.012816,""moon_phase"":0.3954,""mercury_retrogrado"":0,""horas_hasta_fomc"":546.0,""smart_money_consensus"":0.0545,""smart_money_n_wallets"":8,""smart_money_consensus_ponderado"":0.1066,""smart_money_n_wallets_ponderado"":8}"
2026-08-25T00:01:18+00:00,PRICE_TARGET_GBM_FADE,3746437,"Will the price of Bitcoin be above $80,000 on August 27?",2026-08-27T16:00:00,63.98,0.3235,0.6116,0.2881,0.2831,0.2831,BUY_YES,price_target_gbm_fade (invierte 0.388) price_target_gbm BTC atexpiry K=80000 spot=78981 (-1.3%vsK) sigma_h=0.0057 T=64.0h p_yes=0.388,BTC#atexpiry,2.00,"{""pct_vs_K"":-1.2734,""sigma_h"":0.005651,""T_h"":63.9773,""log_ratio"":-0.012816,""prob_yes_original"":0.3884,""moon_phase"":0.3954,""mercury_retrogrado"":0,""horas_hasta_fomc"":546.0,""smart_money_consensus"":0.0545,""smart_money_n_wallets"":8,""smart_money_consensus_ponderado"":0.1066,""smart_money_n_wallets_ponderado"":8}"
2026-08-25T00:01:18+00:00,PRICE_TARGET_GBM,3746439,"Will the price of Bitcoin be above $82,000 on August 27?",2026-08-27T16:00:00,63.98,0.1490,0.2033,0.0543,0.0493,0.0493,SKIP,price_target_gbm BTC atexpiry K=82000 spot=78981 (-3.7%vsK) sigma_h=0.0057 T=64.0h p_yes=0.203,BTC#atexpiry,0.50,"{""pct_vs_K"":-3.6814,""sigma_h"":0.005651,""T_h"":63.9773,""log_ratio"":-0.037508,""moon_phase"":0.3954,""mercury_retrogrado"":0,""horas_hasta_fomc"":546.0,""smart_money_consensus"":0.0545,""smart_money_n_wallets"":8,""smart_money_consensus_ponderado"":0.1066,""smart_money_n_wallets_ponderado"":8}"
2026-08-25T00:01:18+00:00,PRICE_TARGET_GBM_FADE,3746439,"Will the price of Bitcoin be above $82,000 on August 27?",2026-08-27T16:00:00,63.98,0.1490,0.7967,0.6477,0.6427,0.6427,BUY_YES,price_target_gbm_fade (invierte 0.203) price_target_gbm BTC atexpiry K=82000 spot=78981 (-3.7%vsK) sigma_h=0.0057 T=64.0h p_yes=0.203,BTC#atexpiry,1.94,"{""pct_vs_K"":-3.6814,""sigma_h"":0.005651,""T_h"":63.9773,""log_ratio"":-0.037508,""prob_yes_original"":0.2033,""moon_phase"":0.3954,""mercury_retrogrado"":0,""horas_hasta_fomc"":546.0,""smart_money_consensus"":0.0545,""smart_money_n_wallets"":8,""smart_money_consensus_ponderado"":0.1066,""smart_money_n_wallets_ponderado"":8}"
2026-08-25T00:01:18+00:00,PRICE_TARGET_GBM,3746448,Will the price of Solana be above $60 on August 27?,2026-08-27T16:00:00,63.98,0.9895,0.9500,-0.0395,-0.0345,-0.0345,SKIP,price_target_gbm SOL atexpiry K=60 spot=98.8 (+64.7%vsK) sigma_h=0.0132 T=64.0h p_yes=1.000,SOL#atexpiry,0.50,"{""pct_vs_K"":64.6667,""sigma_h"":0.013164,""T_h"":63.9773,""log_ratio"":0.498753,""moon_phase"":0.3954,""mercury_retrogrado"":0,""horas_hasta_fomc"":546.0,""smart_money_consensus"":0.129,""smart_money_n_wallets"":4,""smart_money_consensus_ponderado"":0.2386,""smart_money_n_wallets_ponderado"":4}"
2026-08-25T00:01:18+00:00,PRICE_TARGET_GBM_FADE,3746448,Will the price of Solana be above $60 on August 27?,2026-08-27T16:00:00,63.98,0.9895,0.0500,-0.9395,-0.9345,-0.9345,SKIP,price_target_gbm_fade (invierte 0.950) price_target_gbm SOL atexpiry K=60 spot=98.8 (+64.7%vsK) sigma_h=0.0132 T=64.0h p_yes=1.000,SOL#atexpiry,0.50,"{""pct_vs_K"":64.6667,""sigma_h"":0.013164,""T_h"":63.9773,""log_ratio"":0.498753,""prob_yes_original"":0.95,""moon_phase"":0.3954,""mercury_retrogrado"":0,""horas_hasta_fomc"":546.0,""smart_money_consensus"":0.129,""smart_money_n_wallets"":4,""smart_money_consensus_ponderado"":0.2386,""smart_money_n_wallets_ponderado"":4}"
2026-08-25T00:01:18+00:00,PRICE_TARGET_GBM,3746450,Will the price of Solana be above $70 on August 27?,2026-08-27T16:00:00,63.98,0.9825,0.9500,-0.0325,-0.0275,-0.0275,SKIP,price_target_gbm SOL atexpiry K=70 spot=98.8 (+41.1%vsK) sigma_h=0.0132 T=64.0h p_yes=0.999,SOL#atexpiry,0.50,"{""pct_vs_K"":41.1429,""sigma_h"":0.013164,""T_h"":63.9773,""log_ratio"":0.344602,""moon_phase"":0.3954,""mercury_retrogrado"":0,""horas_hasta_fomc"":546.0,""smart_money_consensus"":0.129,""smart_money_n_wallets"":4,""smart_money_consensus_ponderado"":0.2386,""smart_money_n_wallets_ponderado"":4}"
2026-08-25T00:01:18+00:00,PRICE_TARGET_GBM_FADE,3746450,Will the price of Solana be above $70 on August 27?,2026-08-27T16:00:00,63.98,0.9825,0.0500,-0.9325,-0.9275,-0.9275,SKIP,price_target_gbm_fade (invierte 0.950) price_target_gbm SOL atexpiry K=70 spot=98.8 (+41.1%vsK) sigma_h=0.0132 T=64.0h p_yes=0.999,SOL#atexpiry,0.50,"{""pct_vs_K"":41.1429,""sigma_h"":0.013164,""T_h"":63.9773,""log_ratio"":0.344602,""prob_yes_original"":0.95,""moon_phase"":0.3954,""mercury_retrogrado"":0,""horas_hasta_fomc"":546.0,""smart_money_consensus"":0.129,""smart_money_n_wallets"":4,""smart_money_consensus_ponderado"":0.2386,""smart_money_n_wallets_ponderado"":4}"
2026-08-25T00:01:18+00:00,PRICE_TARGET_GBM,3746452,Will the price of Solana be above $80 on August 27?,2026-08-27T16:00:00,63.98,0.9745,0.9500,-0.0245,-0.0195,-0.0195,SKIP,price_target_gbm SOL atexpiry K=80 spot=98.8 (+23.5%vsK) sigma_h=0.0132 T=64.0h p_yes=0.977,SOL#atexpiry,0.50,"{""pct_vs_K"":23.5,""sigma_h"":0.013164,""T_h"":63.9773,""log_ratio"":0.211071,""moon_phase"":0.3954,""mercury_retrogrado"":0,""horas_hasta_fomc"":546.0,""smart_money_consensus"":0.129,""smart_money_n_wallets"":4,""smart_money_consensus_ponderado"":0.2386,""smart_money_n_wallets_ponderado"":4}"
2026-08-25T00:01:18+00:00,PRICE_TARGET_GBM_FADE,3746452,Will the price of Solana be above $80 on August 27?,2026-08-27T16:00:00,63.98,0.9745,0.0500,-0.9245,-0.9195,-0.9195,SKIP,price_target_gbm_fade (invierte 0.950) price_target_gbm SOL atexpiry K=80 spot=98.8 (+23.5%vsK) sigma_h=0.0132 T=64.0h p_yes=0.977,SOL#atexpiry,0.50,"{""pct_vs_K"":23.5,""sigma_h"":0.013164,""T_h"":63.9773,""log_ratio"":0.211071,""prob_yes_original"":0.95,""moon_phase"":0.3954,""mercury_retrogrado"":0,""horas_hasta_fomc"":546.0,""smart_money_consensus"":0.129,""smart_money_n_wallets"":4,""smart_money_consensus_ponderado"":0.2386,""smart_money_n_wallets_ponderado"":4}"
2026-08-25T00:01:18+00:00,PRICE_TARGET_GBM,3746453,Will the price of Solana be above $90 on August 27?,2026-08-27T16:00:00,63.98,0.9000,0.8122,-0.0878,-0.0828,-0.0828,SKIP,price_target_gbm SOL atexpiry K=90 spot=98.8 (+9.8%vsK) sigma_h=0.0132 T=64.0h p_yes=0.812,SOL#atexpiry,0.50,"{""pct_vs_K"":9.7778,""sigma_h"":0.013164,""T_h"":63.9773,""log_ratio"":0.093288,""moon_phase"":0.3954,""mercury_retrogrado"":0,""horas_hasta_fomc"":546.0,""smart_money_consensus"":0.129,""smart_money_n_wallets"":4,""smart_money_consensus_ponderado"":0.2386,""smart_money_n_wallets_ponderado"":4}"
2026-08-25T00:01:18+00:00,PRICE_TARGET_GBM_FADE,3746453,Will the price of Solana be above $90 on August 27?,2026-08-27T16:00:00,63.98,0.9000,0.1878,-0.7122,-0.7072,-0.7072,SKIP,price_target_gbm_fade (invierte 0.812) price_target_gbm SOL atexpiry K=90 spot=98.8 (+9.8%vsK) sigma_h=0.0132 T=64.0h p_yes=0.812,SOL#atexpiry,0.50,"{""pct_vs_K"":9.7778,""sigma_h"":0.013164,""T_h"":63.9773,""log_ratio"":0.093288,""prob_yes_original"":0.8122,""moon_phase"":0.3954,""mercury_retrogrado"":0,""horas_hasta_fomc"":546.0,""smart_money_consensus"":0.129,""smart_money_n_wallets"":4,""smart_money_consensus_ponderado"":0.2386,""smart_money_n_wallets_ponderado"":4}"
2026-08-25T00:01:18+00:00,PRICE_TARGET_GBM,3746456,Will the price of Solana be above $100 on August 27?,2026-08-27T16:00:00,63.98,0.3900,0.4544,0.0644,0.0594,0.0594,SKIP,price_target_gbm SOL atexpiry K=100 spot=98.8 (-1.2%vsK) sigma_h=0.0132 T=64.0h p_yes=0.454,SOL#atexpiry,0.50,"{""pct_vs_K"":-1.2,""sigma_h"":0.013164,""T_h"":63.9773,""log_ratio"":-0.012073,""moon_phase"":0.3954,""mercury_retrogrado"":0,""horas_hasta_fomc"":546.0,""smart_money_consensus"":0.129,""smart_money_n_wallets"":4,""smart_money_consensus_ponderado"":0.2386,""smart_money_n_wallets_ponderado"":4}"
2026-08-25T00:01:18+00:00,PRICE_TARGET_GBM_FADE,3746456,Will the price of Solana be above $100 on August 27?,2026-08-27T16:00:00,63.98,0.3900,0.5456,0.1556,0.1506,0.1506,BUY_YES,price_target_gbm_fade (invierte 0.454) price_target_gbm SOL atexpiry K=100 spot=98.8 (-1.2%vsK) sigma_h=0.0132 T=64.0h p_yes=0.454,SOL#atexpiry,1.33,"{""pct_vs_K"":-1.2,""sigma_h"":0.013164,""T_h"":63.9773,""log_ratio"":-0.012073,""prob_yes_original"":0.4544,""moon_phase"":0.3954,""mercury_retrogrado"":0,""horas_hasta_fomc"":546.0,""smart_money_consensus"":0.129,""smart_money_n_wallets"":4,""smart_money_consensus_ponderado"":0.2386,""smart_money_n_wallets_ponderado"":4}"
2026-08-25T00:01:18+00:00,PRICE_TARGET_GBM,3746457,Will the price of Solana be above $110 on August 27?,2026-08-27T16:00:00,63.98,0.0840,0.1539,0.0699,0.0649,0.0649,SKIP,price_target_gbm SOL atexpiry K=110 spot=98.8 (-10.2%vsK) sigma_h=0.0132 T=64.0h p_yes=0.154,SOL#atexpiry,0.50,"{""pct_vs_K"":-10.1818,""sigma_h"":0.013164,""T_h"":63.9773,""log_ratio"":-0.107383,""moon_phase"":0.3954,""mercury_retrogrado"":0,""horas_hasta_fomc"":546.0,""smart_money_consensus"":0.129,""smart_money_n_wallets"":4,""smart_money_consensus_ponderado"":0.2386,""smart_money_n_wallets_ponderado"":4}"
2026-08-25T00:01:18+00:00,PRICE_TARGET_GBM_FADE,3746457,Will the price of Solana be above $110 on August 27?,2026-08-27T16:00:00,63.98,0.0840,0.8461,0.7621,0.7571,0.7571,SKIP,price_target_gbm_fade (invierte 0.154) price_target_gbm SOL atexpiry K=110 spot=98.8 (-10.2%vsK) sigma_h=0.0132 T=64.0h p_yes=0.154,SOL#atexpiry,0.50,"{""pct_vs_K"":-10.1818,""sigma_h"":0.013164,""T_h"":63.9773,""log_ratio"":-0.107383,""prob_yes_original"":0.1539,""moon_phase"":0.3954,""mercury_retrogrado"":0,""horas_hasta_fomc"":546.0,""smart_money_consensus"":0.129,""smart_money_n_wallets"":4,""smart_money_consensus_ponderado"":0.2386,""smart_money_n_wallets_ponderado"":4}"
2026-08-25T00:01:18+00:00,PRICE_TARGET_GBM,3746459,Will the price of Solana be above $120 on August 27?,2026-08-27T16:00:00,63.98,0.0315,0.0500,0.0185,0.0135,0.0135,SKIP,price_target_gbm SOL atexpiry K=120 spot=98.8 (-17.7%vsK) sigma_h=0.0132 T=64.0h p_yes=0.032,SOL#atexpiry,0.50,"{""pct_vs_K"":-17.6667,""sigma_h"":0.013164,""T_h"":63.9773,""log_ratio"":-0.194394,""moon_phase"":0.3954,""mercury_retrogrado"":0,""horas_hasta_fomc"":546.0,""smart_money_consensus"":0.129,""smart_money_n_wallets"":4,""smart_money_consensus_ponderado"":0.2386,""smart_money_n_wallets_ponderado"":4}"
2026-08-25T00:01:18+00:00,PRICE_TARGET_GBM_FADE,3746459,Will the price of Solana be above $120 on August 27?,2026-08-27T16:00:00,63.98,0.0315,0.9500,0.9185,0.9135,0.9135,SKIP,price_target_gbm_fade (invierte 0.050) price_target_gbm SOL atexpiry K=120 spot=98.8 (-17.7%vsK) sigma_h=0.0132 T=64.0h p_yes=0.032,SOL#atexpiry,0.50,"{""pct_vs_K"":-17.6667,""sigma_h"":0.013164,""T_h"":63.9773,""log_ratio"":-0.194394,""prob_yes_original"":0.05,""moon_phase"":0.3954,""mercury_retrogrado"":0,""horas_hasta_fomc"":546.0,""smart_money_consensus"":0.129,""smart_money_n_wallets"":4,""smart_money_consensus_ponderado"":0.2386,""smart_money_n_wallets_ponderado"":4}"
2026-08-25T00:01:18+00:00,PRICE_TARGET_GBM,3746465,Will the price of Solana be above $140 on August 27?,2026-08-27T16:00:00,63.98,0.0245,0.0500,0.0255,0.0205,0.0205,SKIP,price_target_gbm SOL atexpiry K=140 spot=98.8 (-29.4%vsK) sigma_h=0.0132 T=64.0h p_yes=0.000,SOL#atexpiry,0.50,"{""pct_vs_K"":-29.4286,""sigma_h"":0.013164,""T_h"":63.9773,""log_ratio"":-0.348545,""moon_phase"":0.3954,""mercury_retrogrado"":0,""horas_hasta_fomc"":546.0,""smart_money_consensus"":0.129,""smart_money_n_wallets"":4,""smart_money_consensus_ponderado"":0.2386,""smart_money_n_wallets_ponderado"":4}"
2026-08-25T00:01:18+00:00,PRICE_TARGET_GBM_FADE,3746465,Will the price of Solana be above $140 on August 27?,2026-08-27T16:00:00,63.98,0.0245,0.9500,0.9255,0.9205,0.9205,SKIP,price_target_gbm_fade (invierte 0.050) price_target_gbm SOL atexpiry K=140 spot=98.8 (-29.4%vsK) sigma_h=0.0132 T=64.0h p_yes=0.000,SOL#atexpiry,0.50,"{""pct_vs_K"":-29.4286,""sigma_h"":0.013164,""T_h"":63.9773,""log_ratio"":-0.348545,""prob_yes_original"":0.05,""moon_phase"":0.3954,""mercury_retrogrado"":0,""horas_hasta_fomc"":546.0,""smart_money_consensus"":0.129,""smart_money_n_wallets"":4,""smart_money_consensus_ponderado"":0.2386,""smart_money_n_wallets_ponderado"":4}"
2026-08-25T00:01:18+00:00,PRICE_TARGET_GBM,3746578,"Will Ethereum reach $2,800 in August?",2026-09-01T04:00:00,171.98,0.1785,0.3363,0.1578,0.1528,0.1528,BUY_YES,price_target_gbm ETH reach K=2800 spot=2482.1 (-11.4%vsK) sigma_h=0.0096 T=172.0h p_yes=0.336,ETH#reach,0.50,"{""pct_vs_K"":-11.3554,""sigma_h"":0.00956,""T_h"":171.9773,""log_ratio"":-0.120535,""moon_phase"":0.3954,""mercury_retrogrado"":0,""horas_hasta_fomc"":546.0,""smart_money_consensus"":0.1401,""smart_money_n_wallets"":7,""smart_money_consensus_ponderado"":-0.0219,""smart_money_n_wallets_ponderado"":7}"
2026-08-25T00:01:18+00:00,PRICE_TARGET_GBM_FADE,3746578,"Will Ethereum reach $2,800 in August?",2026-09-01T04:00:00,171.98,0.1785,0.6637,0.4852,0.4802,0.4802,SKIP,price_target_gbm_fade (invierte 0.336) price_target_gbm ETH reach K=2800 spot=2482.1 (-11.4%vsK) sigma_h=0.0096 T=172.0h p_yes=0.336,ETH#reach,0.50,"{""pct_vs_K"":-11.3554,""sigma_h"":0.00956,""T_h"":171.9773,""log_ratio"":-0.120535,""prob_yes_original"":0.3363,""moon_phase"":0.3954,""mercury_retrogrado"":0,""horas_hasta_fomc"":546.0,""smart_money_consensus"":0.1401,""smart_money_n_wallets"":7,""smart_money_consensus_ponderado"":-0.0219,""smart_money_n_wallets_ponderado"":7}"
2026-08-25T00:01:18+00:00,PRICE_TARGET_GBM,3746579,"Will Ethereum reach $2,900 in August?",2026-09-01T04:00:00,171.98,0.0970,0.2145,0.1175,0.1125,0.1125,SKIP,price_target_gbm ETH reach K=2900 spot=2482.1 (-14.4%vsK) sigma_h=0.0096 T=172.0h p_yes=0.214,ETH#reach,0.50,"{""pct_vs_K"":-14.4121,""sigma_h"":0.00956,""T_h"":171.9773,""log_ratio"":-0.155626,""moon_phase"":0.3954,""mercury_retrogrado"":0,""horas_hasta_fomc"":546.0,""smart_money_consensus"":0.1401,""smart_money_n_wallets"":7,""smart_money_consensus_ponderado"":-0.0219,""smart_money_n_wallets_ponderado"":7}"
2026-08-25T00:01:18+00:00,PRICE_TARGET_GBM_FADE,3746579,"Will Ethereum reach $2,900 in August?",2026-09-01T04:00:00,171.98,0.0970,0.7855,0.6885,0.6835,0.6835,SKIP,price_target_gbm_fade (invierte 0.214) price_target_gbm ETH reach K=2900 spot=2482.1 (-14.4%vsK) sigma_h=0.0096 T=172.0h p_yes=0.214,ETH#reach,0.50,"{""pct_vs_K"":-14.4121,""sigma_h"":0.00956,""T_h"":171.9773,""log_ratio"":-0.155626,""prob_yes_original"":0.2145,""moon_phase"":0.3954,""mercury_retrogrado"":0,""horas_hasta_fomc"":546.0,""smart_money_consensus"":0.1401,""smart_money_n_wallets"":7,""smart_money_consensus_ponderado"":-0.0219,""smart_money_n_wallets_ponderado"":7}"
2026-08-25T00:01:18+00:00,PRICE_TARGET_GBM,3763285,"Will the price of Ethereum be above $1,900 on August 28?",2026-08-28T16:00:00,87.98,0.9885,0.9500,-0.0385,-0.0335,-0.0335,SKIP,price_target_gbm ETH atexpiry K=1900 spot=2482.1 (+30.6%vsK) sigma_h=0.0080 T=88.0h p_yes=1.000,ETH#atexpiry,0.50,"{""pct_vs_K"":30.6342,""sigma_h"":0.008008,""T_h"":87.9773,""log_ratio"":0.267231,""moon_phase"":0.3954,""mercury_retrogrado"":0,""horas_hasta_fomc"":546.0,""smart_money_consensus"":0.1401,""smart_money_n_wallets"":7,""smart_money_consensus_ponderado"":-0.0219,""smart_money_n_wallets_ponderado"":7}"
2026-08-25T00:01:18+00:00,PRICE_TARGET_GBM_FADE,3763285,"Will the price of Ethereum be above $1,900 on August 28?",2026-08-28T16:00:00,87.98,0.9885,0.0500,-0.9385,-0.9335,-0.9335,SKIP,price_target_gbm_fade (invierte 0.950) price_target_gbm ETH atexpiry K=1900 spot=2482.1 (+30.6%vsK) sigma_h=0.0080 T=88.0h p_yes=1.000,ETH#atexpiry,0.50,"{""pct_vs_K"":30.6342,""sigma_h"":0.008008,""T_h"":87.9773,""log_ratio"":0.267231,""prob_yes_original"":0.95,""moon_phase"":0.3954,""mercury_retrogrado"":0,""horas_hasta_fomc"":546.0,""smart_money_consensus"":0.1401,""smart_money_n_wallets"":7,""smart_money_consensus_ponderado"":-0.0219,""smart_money_n_wallets_ponderado"":7}"
2026-08-25T00:01:18+00:00,PRICE_TARGET_GBM,3763287,"Will the price of Ethereum be above $2,000 on August 28?",2026-08-28T16:00:00,87.98,0.9865,0.9500,-0.0365,-0.0315,-0.0315,SKIP,price_target_gbm ETH atexpiry K=2000 spot=2482.1 (+24.1%vsK) sigma_h=0.0080 T=88.0h p_yes=0.998,ETH#atexpiry,0.50,"{""pct_vs_K"":24.1025,""sigma_h"":0.008008,""T_h"":87.9773,""log_ratio"":0.215938,""moon_phase"":0.3954,""mercury_retrogrado"":0,""horas_hasta_fomc"":546.0,""smart_money_consensus"":0.1401,""smart_money_n_wallets"":7,""smart_money_consensus_ponderado"":-0.0219,""smart_money_n_wallets_ponderado"":7}"
2026-08-25T00:01:18+00:00,PRICE_TARGET_GBM_FADE,3763287,"Will the price of Ethereum be above $2,000 on August 28?",2026-08-28T16:00:00,87.98,0.9865,0.0500,-0.9365,-0.9315,-0.9315,SKIP,price_target_gbm_fade (invierte 0.950) price_target_gbm ETH atexpiry K=2000 spot=2482.1 (+24.1%vsK) sigma_h=0.0080 T=88.0h p_yes=0.998,ETH#atexpiry,0.50,"{""pct_vs_K"":24.1025,""sigma_h"":0.008008,""T_h"":87.9773,""log_ratio"":0.215938,""prob_yes_original"":0.95,""moon_phase"":0.3954,""mercury_retrogrado"":0,""horas_hasta_fomc"":546.0,""smart_money_consensus"":0.1401,""smart_money_n_wallets"":7,""smart_money_consensus_ponderado"":-0.0219,""smart_money_n_wallets_ponderado"":7}"
2026-08-25T00:01:18+00:00,PRICE_TARGET_GBM,3763289,"Will the price of Ethereum be above $2,100 on August 28?",2026-08-28T16:00:00,87.98,0.9835,0.9500,-0.0335,-0.0285,-0.0285,SKIP,price_target_gbm ETH atexpiry K=2100 spot=2482.1 (+18.2%vsK) sigma_h=0.0080 T=88.0h p_yes=0.987,ETH#atexpiry,0.50,"{""pct_vs_K"":18.1929,""sigma_h"":0.008008,""T_h"":87.9773,""log_ratio"":0.167147,""moon_phase"":0.3954,""mercury_retrogrado"":0,""horas_hasta_fomc"":546.0,""smart_money_consensus"":0.1401,""smart_money_n_wallets"":7,""smart_money_consensus_ponderado"":-0.0219,""smart_money_n_wallets_ponderado"":7}"
2026-08-25T00:01:18+00:00,PRICE_TARGET_GBM_FADE,3763289,"Will the price of Ethereum be above $2,100 on August 28?",2026-08-28T16:00:00,87.98,0.9835,0.0500,-0.9335,-0.9285,-0.9285,SKIP,price_target_gbm_fade (invierte 0.950) price_target_gbm ETH atexpiry K=2100 spot=2482.1 (+18.2%vsK) sigma_h=0.0080 T=88.0h p_yes=0.987,ETH#atexpiry,0.50,"{""pct_vs_K"":18.1929,""sigma_h"":0.008008,""T_h"":87.9773,""log_ratio"":0.167147,""prob_yes_original"":0.95,""moon_phase"":0.3954,""mercury_retrogrado"":0,""horas_hasta_fomc"":546.0,""smart_money_consensus"":0.1401,""smart_money_n_wallets"":7,""smart_money_consensus_ponderado"":-0.0219,""smart_money_n_wallets_ponderado"":7}"
2026-08-25T00:01:18+00:00,PRICE_TARGET_GBM,3763291,"Will the price of Ethereum be above $2,200 on August 28?",2026-08-28T16:00:00,87.98,0.9690,0.9459,-0.0231,-0.0181,-0.0181,SKIP,price_target_gbm ETH atexpiry K=2200 spot=2482.1 (+12.8%vsK) sigma_h=0.0080 T=88.0h p_yes=0.946,ETH#atexpiry,0.50,"{""pct_vs_K"":12.8205,""sigma_h"":0.008008,""T_h"":87.9773,""log_ratio"":0.120627,""moon_phase"":0.3954,""mercury_retrogrado"":0,""horas_hasta_fomc"":546.0,""smart_money_consensus"":0.1401,""smart_money_n_wallets"":7,""smart_money_consensus_ponderado"":-0.0219,""smart_money_n_wallets_ponderado"":7}"
2026-08-25T00:01:18+00:00,PRICE_TARGET_GBM_FADE,3763291,"Will the price of Ethereum be above $2,200 on August 28?",2026-08-28T16:00:00,87.98,0.9690,0.0541,-0.9149,-0.9099,-0.9099,SKIP,price_target_gbm_fade (invierte 0.946) price_target_gbm ETH atexpiry K=2200 spot=2482.1 (+12.8%vsK) sigma_h=0.0080 T=88.0h p_yes=0.946,ETH#atexpiry,0.50,"{""pct_vs_K"":12.8205,""sigma_h"":0.008008,""T_h"":87.9773,""log_ratio"":0.120627,""prob_yes_original"":0.9459,""moon_phase"":0.3954,""mercury_retrogrado"":0,""horas_hasta_fomc"":546.0,""smart_money_consensus"":0.1401,""smart_money_n_wallets"":7,""smart_money_consensus_ponderado"":-0.0219,""smart_money_n_wallets_ponderado"":7}"
2026-08-25T00:01:18+00:00,PRICE_TARGET_GBM,3763293,"Will the price of Ethereum be above $2,300 on August 28?",2026-08-28T16:00:00,87.98,0.8900,0.8448,-0.0452,-0.0402,-0.0402,SKIP,price_target_gbm ETH atexpiry K=2300 spot=2482.1 (+7.9%vsK) sigma_h=0.0080 T=88.0h p_yes=0.845,ETH#atexpiry,0.50,"{""pct_vs_K"":7.9152,""sigma_h"":0.008008,""T_h"":87.9773,""log_ratio"":0.076176,""moon_phase"":0.3954,""mercury_retrogrado"":0,""horas_hasta_fomc"":546.0,""smart_money_consensus"":0.1401,""smart_money_n_wallets"":7,""smart_money_consensus_ponderado"":-0.0219,""smart_money_n_wallets_ponderado"":7}"
2026-08-25T00:01:18+00:00,PRICE_TARGET_GBM_FADE,3763293,"Will the price of Ethereum be above $2,300 on August 28?",2026-08-28T16:00:00,87.98,0.8900,0.1552,-0.7348,-0.7298,-0.7298,SKIP,price_target_gbm_fade (invierte 0.845) price_target_gbm ETH atexpiry K=2300 spot=2482.1 (+7.9%vsK) sigma_h=0.0080 T=88.0h p_yes=0.845,ETH#atexpiry,0.50,"{""pct_vs_K"":7.9152,""sigma_h"":0.008008,""T_h"":87.9773,""log_ratio"":0.076176,""prob_yes_original"":0.8448,""moon_phase"":0.3954,""mercury_retrogrado"":0,""horas_hasta_fomc"":546.0,""smart_money_consensus"":0.1401,""smart_money_n_wallets"":7,""smart_money_consensus_ponderado"":-0.0219,""smart_money_n_wallets_ponderado"":7}"
2026-08-25T00:01:18+00:00,PRICE_TARGET_GBM,3763295,"Will the price of Ethereum be above $2,400 on August 28?",2026-08-28T16:00:00,87.98,0.6950,0.6728,-0.0222,-0.0172,-0.0172,SKIP,price_target_gbm ETH atexpiry K=2400 spot=2482.1 (+3.4%vsK) sigma_h=0.0080 T=88.0h p_yes=0.673,ETH#atexpiry,0.50,"{""pct_vs_K"":3.4188,""sigma_h"":0.008008,""T_h"":87.9773,""log_ratio"":0.033616,""moon_phase"":0.3954,""mercury_retrogrado"":0,""horas_hasta_fomc"":546.0,""smart_money_consensus"":0.1401,""smart_money_n_wallets"":7,""smart_money_consensus_ponderado"":-0.0219,""smart_money_n_wallets_ponderado"":7}"
2026-08-25T00:01:18+00:00,PRICE_TARGET_GBM_FADE,3763295,"Will the price of Ethereum be above $2,400 on August 28?",2026-08-28T16:00:00,87.98,0.6950,0.3272,-0.3678,-0.3628,-0.3628,SKIP,price_target_gbm_fade (invierte 0.673) price_target_gbm ETH atexpiry K=2400 spot=2482.1 (+3.4%vsK) sigma_h=0.0080 T=88.0h p_yes=0.673,ETH#atexpiry,0.50,"{""pct_vs_K"":3.4188,""sigma_h"":0.008008,""T_h"":87.9773,""log_ratio"":0.033616,""prob_yes_original"":0.6728,""moon_phase"":0.3954,""mercury_retrogrado"":0,""horas_hasta_fomc"":546.0,""smart_money_consensus"":0.1401,""smart_money_n_wallets"":7,""smart_money_consensus_ponderado"":-0.0219,""smart_money_n_wallets_ponderado"":7}"
2026-08-25T00:01:18+00:00,PRICE_TARGET_GBM,3763297,"Will the price of Ethereum be above $2,500 on August 28?",2026-08-28T16:00:00,87.98,0.4300,0.4618,0.0318,0.0268,0.0268,SKIP,price_target_gbm ETH atexpiry K=2500 spot=2482.1 (-0.7%vsK) sigma_h=0.0080 T=88.0h p_yes=0.462,ETH#atexpiry,0.50,"{""pct_vs_K"":-0.718,""sigma_h"":0.008008,""T_h"":87.9773,""log_ratio"":-0.007206,""moon_phase"":0.3954,""mercury_retrogrado"":0,""horas_hasta_fomc"":546.0,""smart_money_consensus"":0.1401,""smart_money_n_wallets"":7,""smart_money_consensus_ponderado"":-0.0219,""smart_money_n_wallets_ponderado"":7}"
2026-08-25T00:01:18+00:00,PRICE_TARGET_GBM_FADE,3763297,"Will the price of Ethereum be above $2,500 on August 28?",2026-08-28T16:00:00,87.98,0.4300,0.5382,0.1082,0.1032,0.1032,BUY_YES,price_target_gbm_fade (invierte 0.462) price_target_gbm ETH atexpiry K=2500 spot=2482.1 (-0.7%vsK) sigma_h=0.0080 T=88.0h p_yes=0.462,ETH#atexpiry,1.33,"{""pct_vs_K"":-0.718,""sigma_h"":0.008008,""T_h"":87.9773,""log_ratio"":-0.007206,""prob_yes_original"":0.4618,""moon_phase"":0.3954,""mercury_retrogrado"":0,""horas_hasta_fomc"":546.0,""smart_money_consensus"":0.1401,""smart_money_n_wallets"":7,""smart_money_consensus_ponderado"":-0.0219,""smart_money_n_wallets_ponderado"":7}"
2026-08-25T00:01:18+00:00,PRICE_TARGET_GBM,3763300,"Will the price of Ethereum be above $2,600 on August 28?",2026-08-28T16:00:00,87.98,0.2200,0.2682,0.0482,0.0432,0.0432,SKIP,price_target_gbm ETH atexpiry K=2600 spot=2482.1 (-4.5%vsK) sigma_h=0.0080 T=88.0h p_yes=0.268,ETH#atexpiry,0.50,"{""pct_vs_K"":-4.5365,""sigma_h"":0.008008,""T_h"":87.9773,""log_ratio"":-0.046427,""moon_phase"":0.3954,""mercury_retrogrado"":0,""horas_hasta_fomc"":546.0,""smart_money_consensus"":0.1401,""smart_money_n_wallets"":7,""smart_money_consensus_ponderado"":-0.0219,""smart_money_n_wallets_ponderado"":7}"
2026-08-25T00:01:18+00:00,PRICE_TARGET_GBM_FADE,3763300,"Will the price of Ethereum be above $2,600 on August 28?",2026-08-28T16:00:00,87.98,0.2200,0.7318,0.5118,0.5068,0.5068,BUY_YES,price_target_gbm_fade (invierte 0.268) price_target_gbm ETH atexpiry K=2600 spot=2482.1 (-4.5%vsK) sigma_h=0.0080 T=88.0h p_yes=0.268,ETH#atexpiry,1.12,"{""pct_vs_K"":-4.5365,""sigma_h"":0.008008,""T_h"":87.9773,""log_ratio"":-0.046427,""prob_yes_original"":0.2682,""moon_phase"":0.3954,""mercury_retrogrado"":0,""horas_hasta_fomc"":546.0,""smart_money_consensus"":0.1401,""smart_money_n_wallets"":7,""smart_money_consensus_ponderado"":-0.0219,""smart_money_n_wallets_ponderado"":7}"
2026-08-25T00:01:18+00:00,PRICE_TARGET_GBM,3763302,"Will the price of Ethereum be above $2,700 on August 28?",2026-08-28T16:00:00,87.98,0.1050,0.1312,0.0262,0.0212,0.0212,SKIP,price_target_gbm ETH atexpiry K=2700 spot=2482.1 (-8.1%vsK) sigma_h=0.0080 T=88.0h p_yes=0.131,ETH#atexpiry,0.50,"{""pct_vs_K"":-8.0722,""sigma_h"":0.008008,""T_h"":87.9773,""log_ratio"":-0.084167,""moon_phase"":0.3954,""mercury_retrogrado"":0,""horas_hasta_fomc"":546.0,""smart_money_consensus"":0.1401,""smart_money_n_wallets"":7,""smart_money_consensus_ponderado"":-0.0219,""smart_money_n_wallets_ponderado"":7}"
2026-08-25T00:01:18+00:00,PRICE_TARGET_GBM_FADE,3763302,"Will the price of Ethereum be above $2,700 on August 28?",2026-08-28T16:00:00,87.98,0.1050,0.8688,0.7638,0.7588,0.7588,BUY_YES,price_target_gbm_fade (invierte 0.131) price_target_gbm ETH atexpiry K=2700 spot=2482.1 (-8.1%vsK) sigma_h=0.0080 T=88.0h p_yes=0.131,ETH#atexpiry,1.12,"{""pct_vs_K"":-8.0722,""sigma_h"":0.008008,""T_h"":87.9773,""log_ratio"":-0.084167,""prob_yes_original"":0.1312,""moon_phase"":0.3954,""mercury_retrogrado"":0,""horas_hasta_fomc"":546.0,""smart_money_consensus"":0.1401,""smart_money_n_wallets"":7,""smart_money_consensus_ponderado"":-0.0219,""smart_money_n_wallets_ponderado"":7}"
2026-08-25T00:01:18+00:00,PRICE_TARGET_GBM,3763304,"Will the price of Ethereum be above $2,800 on August 28?",2026-08-28T16:00:00,87.98,0.0490,0.0543,0.0053,0.0003,0.0003,SKIP,price_target_gbm ETH atexpiry K=2800 spot=2482.1 (-11.4%vsK) sigma_h=0.0080 T=88.0h p_yes=0.054,ETH#atexpiry,0.50,"{""pct_vs_K"":-11.3554,""sigma_h"":0.008008,""T_h"":87.9773,""log_ratio"":-0.120535,""moon_phase"":0.3954,""mercury_retrogrado"":0,""horas_hasta_fomc"":546.0,""smart_money_consensus"":0.1401,""smart_money_n_wallets"":7,""smart_money_consensus_ponderado"":-0.0219,""smart_money_n_wallets_ponderado"":7}"
2026-08-25T00:01:18+00:00,PRICE_TARGET_GBM_FADE,3763304,"Will the price of Ethereum be above $2,800 on August 28?",2026-08-28T16:00:00,87.98,0.0490,0.9457,0.8967,0.8917,0.8917,SKIP,price_target_gbm_fade (invierte 0.054) price_target_gbm ETH atexpiry K=2800 spot=2482.1 (-11.4%vsK) sigma_h=0.0080 T=88.0h p_yes=0.054,ETH#atexpiry,0.50,"{""pct_vs_K"":-11.3554,""sigma_h"":0.008008,""T_h"":87.9773,""log_ratio"":-0.120535,""prob_yes_original"":0.0543,""moon_phase"":0.3954,""mercury_retrogrado"":0,""horas_hasta_fomc"":546.0,""smart_money_consensus"":0.1401,""smart_money_n_wallets"":7,""smart_money_consensus_ponderado"":-0.0219,""smart_money_n_wallets_ponderado"":7}"
2026-08-25T00:01:18+00:00,PRICE_TARGET_GBM,3763306,"Will the price of Ethereum be above $2,900 on August 28?",2026-08-28T16:00:00,87.98,0.0260,0.0500,0.0240,0.0190,0.0190,SKIP,price_target_gbm ETH atexpiry K=2900 spot=2482.1 (-14.4%vsK) sigma_h=0.0080 T=88.0h p_yes=0.019,ETH#atexpiry,0.50,"{""pct_vs_K"":-14.4121,""sigma_h"":0.008008,""T_h"":87.9773,""log_ratio"":-0.155626,""moon_phase"":0.3954,""mercury_retrogrado"":0,""horas_hasta_fomc"":546.0,""smart_money_consensus"":0.1401,""smart_money_n_wallets"":7,""smart_money_consensus_ponderado"":-0.0219,""smart_money_n_wallets_ponderado"":7}"
2026-08-25T00:01:18+00:00,PRICE_TARGET_GBM_FADE,3763306,"Will the price of Ethereum be above $2,900 on August 28?",2026-08-28T16:00:00,87.98,0.0260,0.9500,0.9240,0.9190,0.9190,SKIP,price_target_gbm_fade (invierte 0.050) price_target_gbm ETH atexpiry K=2900 spot=2482.1 (-14.4%vsK) sigma_h=0.0080 T=88.0h p_yes=0.019,ETH#atexpiry,0.50,"{""pct_vs_K"":-14.4121,""sigma_h"":0.008008,""T_h"":87.9773,""log_ratio"":-0.155626,""prob_yes_original"":0.05,""moon_phase"":0.3954,""mercury_retrogrado"":0,""horas_hasta_fomc"":546.0,""smart_money_consensus"":0.1401,""smart_money_n_wallets"":7,""smart_money_consensus_ponderado"":-0.0219,""smart_money_n_wallets_ponderado"":7}"
2026-08-25T00:01:18+00:00,PRICE_TARGET_GBM,3763311,"Will the price of Bitcoin be above $70,000 on August 28?",2026-08-28T16:00:00,87.98,0.9850,0.9500,-0.0350,-0.0300,-0.0300,SKIP,price_target_gbm BTC atexpiry K=70000 spot=78981 (+12.8%vsK) sigma_h=0.0070 T=88.0h p_yes=0.966,BTC#atexpiry,0.50,"{""pct_vs_K"":12.8304,""sigma_h"":0.007046,""T_h"":87.9773,""log_ratio"":0.120716,""moon_phase"":0.3954,""mercury_retrogrado"":0,""horas_hasta_fomc"":546.0,""smart_money_consensus"":0.0545,""smart_money_n_wallets"":8,""smart_money_consensus_ponderado"":0.1066,""smart_money_n_wallets_ponderado"":8}"
2026-08-25T00:01:18+00:00,PRICE_TARGET_GBM_FADE,3763311,"Will the price of Bitcoin be above $70,000 on August 28?",2026-08-28T16:00:00,87.98,0.9850,0.0500,-0.9350,-0.9300,-0.9300,SKIP,price_target_gbm_fade (invierte 0.950) price_target_gbm BTC atexpiry K=70000 spot=78981 (+12.8%vsK) sigma_h=0.0070 T=88.0h p_yes=0.966,BTC#atexpiry,0.50,"{""pct_vs_K"":12.8304,""sigma_h"":0.007046,""T_h"":87.9773,""log_ratio"":0.120716,""prob_yes_original"":0.95,""moon_phase"":0.3954,""mercury_retrogrado"":0,""horas_hasta_fomc"":546.0,""smart_money_consensus"":0.0545,""smart_money_n_wallets"":8,""smart_money_consensus_ponderado"":0.1066,""smart_money_n_wallets_ponderado"":8}"
2026-08-25T00:01:18+00:00,PRICE_TARGET_GBM,3763312,"Will the price of Bitcoin be above $72,000 on August 28?",2026-08-28T16:00:00,87.98,0.9710,0.9193,-0.0517,-0.0467,-0.0467,SKIP,price_target_gbm BTC atexpiry K=72000 spot=78981 (+9.7%vsK) sigma_h=0.0070 T=88.0h p_yes=0.919,BTC#atexpiry,0.50,"{""pct_vs_K"":9.6962,""sigma_h"":0.007046,""T_h"":87.9773,""log_ratio"":0.092545,""moon_phase"":0.3954,""mercury_retrogrado"":0,""horas_hasta_fomc"":546.0,""smart_money_consensus"":0.0545,""smart_money_n_wallets"":8,""smart_money_consensus_ponderado"":0.1066,""smart_money_n_wallets_ponderado"":8}"
2026-08-25T00:01:18+00:00,PRICE_TARGET_GBM_FADE,3763312,"Will the price of Bitcoin be above $72,000 on August 28?",2026-08-28T16:00:00,87.98,0.9710,0.0807,-0.8903,-0.8853,-0.8853,SKIP,price_target_gbm_fade (invierte 0.919) price_target_gbm BTC atexpiry K=72000 spot=78981 (+9.7%vsK) sigma_h=0.0070 T=88.0h p_yes=0.919,BTC#atexpiry,0.50,"{""pct_vs_K"":9.6962,""sigma_h"":0.007046,""T_h"":87.9773,""log_ratio"":0.092545,""prob_yes_original"":0.9193,""moon_phase"":0.3954,""mercury_retrogrado"":0,""horas_hasta_fomc"":546.0,""smart_money_consensus"":0.0545,""smart_money_n_wallets"":8,""smart_money_consensus_ponderado"":0.1066,""smart_money_n_wallets_ponderado"":8}"
2026-08-25T00:01:18+00:00,PRICE_TARGET_GBM,3763315,"Will the price of Bitcoin be above $74,000 on August 28?",2026-08-28T16:00:00,87.98,0.9250,0.8379,-0.0871,-0.0821,-0.0821,SKIP,price_target_gbm BTC atexpiry K=74000 spot=78981 (+6.7%vsK) sigma_h=0.0070 T=88.0h p_yes=0.838,BTC#atexpiry,0.50,"{""pct_vs_K"":6.7315,""sigma_h"":0.007046,""T_h"":87.9773,""log_ratio"":0.065146,""moon_phase"":0.3954,""mercury_retrogrado"":0,""horas_hasta_fomc"":546.0,""smart_money_consensus"":0.0545,""smart_money_n_wallets"":8,""smart_money_consensus_ponderado"":0.1066,""smart_money_n_wallets_ponderado"":8}"
2026-08-25T00:01:18+00:00,PRICE_TARGET_GBM_FADE,3763315,"Will the price of Bitcoin be above $74,000 on August 28?",2026-08-28T16:00:00,87.98,0.9250,0.1621,-0.7629,-0.7579,-0.7579,SKIP,price_target_gbm_fade (invierte 0.838) price_target_gbm BTC atexpiry K=74000 spot=78981 (+6.7%vsK) sigma_h=0.0070 T=88.0h p_yes=0.838,BTC#atexpiry,0.50,"{""pct_vs_K"":6.7315,""sigma_h"":0.007046,""T_h"":87.9773,""log_ratio"":0.065146,""prob_yes_original"":0.8379,""moon_phase"":0.3954,""mercury_retrogrado"":0,""horas_hasta_fomc"":546.0,""smart_money_consensus"":0.0545,""smart_money_n_wallets"":8,""smart_money_consensus_ponderado"":0.1066,""smart_money_n_wallets_ponderado"":8}"
2026-08-25T00:01:18+00:00,PRICE_TARGET_GBM,3763317,"Will the price of Bitcoin be above $76,000 on August 28?",2026-08-28T16:00:00,87.98,0.8050,0.7198,-0.0852,-0.0802,0.0802,BUY_NO,price_target_gbm BTC atexpiry K=76000 spot=78981 (+3.9%vsK) sigma_h=0.0070 T=88.0h p_yes=0.720,BTC#atexpiry,0.50,"{""pct_vs_K"":3.9227,""sigma_h"":0.007046,""T_h"":87.9773,""log_ratio"":0.038478,""moon_phase"":0.3954,""mercury_retrogrado"":0,""horas_hasta_fomc"":546.0,""smart_money_consensus"":0.0545,""smart_money_n_wallets"":8,""smart_money_consensus_ponderado"":0.1066,""smart_money_n_wallets_ponderado"":8}"
2026-08-25T00:01:18+00:00,PRICE_TARGET_GBM_FADE,3763317,"Will the price of Bitcoin be above $76,000 on August 28?",2026-08-28T16:00:00,87.98,0.8050,0.2802,-0.5248,-0.5198,-0.5198,SKIP,price_target_gbm_fade (invierte 0.720) price_target_gbm BTC atexpiry K=76000 spot=78981 (+3.9%vsK) sigma_h=0.0070 T=88.0h p_yes=0.720,BTC#atexpiry,0.50,"{""pct_vs_K"":3.9227,""sigma_h"":0.007046,""T_h"":87.9773,""log_ratio"":0.038478,""prob_yes_original"":0.7198,""moon_phase"":0.3954,""mercury_retrogrado"":0,""horas_hasta_fomc"":546.0,""smart_money_consensus"":0.0545,""smart_money_n_wallets"":8,""smart_money_consensus_ponderado"":0.1066,""smart_money_n_wallets_ponderado"":8}"
2026-08-25T00:01:18+00:00,PRICE_TARGET_GBM,3763319,"Will the price of Bitcoin be above $78,000 on August 28?",2026-08-28T16:00:00,87.98,0.5950,0.5750,-0.0200,-0.0150,-0.0150,SKIP,price_target_gbm BTC atexpiry K=78000 spot=78981 (+1.3%vsK) sigma_h=0.0070 T=88.0h p_yes=0.575,BTC#atexpiry,0.50,"{""pct_vs_K"":1.2581,""sigma_h"":0.007046,""T_h"":87.9773,""log_ratio"":0.012502,""moon_phase"":0.3954,""mercury_retrogrado"":0,""horas_hasta_fomc"":546.0,""smart_money_consensus"":0.0545,""smart_money_n_wallets"":8,""smart_money_consensus_ponderado"":0.1066,""smart_money_n_wallets_ponderado"":8}"
2026-08-25T00:01:18+00:00,PRICE_TARGET_GBM_FADE,3763319,"Will the price of Bitcoin be above $78,000 on August 28?",2026-08-28T16:00:00,87.98,0.5950,0.4250,-0.1700,-0.1650,-0.1650,SKIP,price_target_gbm_fade (invierte 0.575) price_target_gbm BTC atexpiry K=78000 spot=78981 (+1.3%vsK) sigma_h=0.0070 T=88.0h p_yes=0.575,BTC#atexpiry,0.50,"{""pct_vs_K"":1.2581,""sigma_h"":0.007046,""T_h"":87.9773,""log_ratio"":0.012502,""prob_yes_original"":0.575,""moon_phase"":0.3954,""mercury_retrogrado"":0,""horas_hasta_fomc"":546.0,""smart_money_consensus"":0.0545,""smart_money_n_wallets"":8,""smart_money_consensus_ponderado"":0.1066,""smart_money_n_wallets_ponderado"":8}"
2026-08-25T00:01:18+00:00,PRICE_TARGET_GBM,3763321,"Will the price of Bitcoin be above $80,000 on August 28?",2026-08-28T16:00:00,87.98,0.3600,0.4231,0.0631,0.0581,0.0581,SKIP,price_target_gbm BTC atexpiry K=80000 spot=78981 (-1.3%vsK) sigma_h=0.0070 T=88.0h p_yes=0.423,BTC#atexpiry,0.50,"{""pct_vs_K"":-1.2734,""sigma_h"":0.007046,""T_h"":87.9773,""log_ratio"":-0.012816,""moon_phase"":0.3954,""mercury_retrogrado"":0,""horas_hasta_fomc"":546.0,""smart_money_consensus"":0.0545,""smart_money_n_wallets"":8,""smart_money_consensus_ponderado"":0.1066,""smart_money_n_wallets_ponderado"":8}"
2026-08-25T00:01:18+00:00,PRICE_TARGET_GBM_FADE,3763321,"Will the price of Bitcoin be above $80,000 on August 28?",2026-08-28T16:00:00,87.98,0.3600,0.5769,0.2169,0.2119,0.2119,BUY_YES,price_target_gbm_fade (invierte 0.423) price_target_gbm BTC atexpiry K=80000 spot=78981 (-1.3%vsK) sigma_h=0.0070 T=88.0h p_yes=0.423,BTC#atexpiry,2.00,"{""pct_vs_K"":-1.2734,""sigma_h"":0.007046,""T_h"":87.9773,""log_ratio"":-0.012816,""prob_yes_original"":0.4231,""moon_phase"":0.3954,""mercury_retrogrado"":0,""horas_hasta_fomc"":546.0,""smart_money_consensus"":0.0545,""smart_money_n_wallets"":8,""smart_money_consensus_ponderado"":0.1066,""smart_money_n_wallets_ponderado"":8}"
2026-08-25T00:01:18+00:00,PRICE_TARGET_GBM,3763323,"Will the price of Bitcoin be above $82,000 on August 28?",2026-08-28T16:00:00,87.98,0.1900,0.2852,0.0952,0.0902,0.0902,SKIP,price_target_gbm BTC atexpiry K=82000 spot=78981 (-3.7%vsK) sigma_h=0.0070 T=88.0h p_yes=0.285,BTC#atexpiry,0.50,"{""pct_vs_K"":-3.6814,""sigma_h"":0.007046,""T_h"":87.9773,""log_ratio"":-0.037508,""moon_phase"":0.3954,""mercury_retrogrado"":0,""horas_hasta_fomc"":546.0,""smart_money_consensus"":0.0545,""smart_money_n_wallets"":8,""smart_money_consensus_ponderado"":0.1066,""smart_money_n_wallets_ponderado"":8}"
2026-08-25T00:01:18+00:00,PRICE_TARGET_GBM_FADE,3763323,"Will the price of Bitcoin be above $82,000 on August 28?",2026-08-28T16:00:00,87.98,0.1900,0.7148,0.5248,0.5198,0.5198,BUY_YES,price_target_gbm_fade (invierte 0.285) price_target_gbm BTC atexpiry K=82000 spot=78981 (-3.7%vsK) sigma_h=0.0070 T=88.0h p_yes=0.285,BTC#atexpiry,1.94,"{""pct_vs_K"":-3.6814,""sigma_h"":0.007046,""T_h"":87.9773,""log_ratio"":-0.037508,""prob_yes_original"":0.2852,""moon_phase"":0.3954,""mercury_retrogrado"":0,""horas_hasta_fomc"":546.0,""smart_money_consensus"":0.0545,""smart_money_n_wallets"":8,""smart_money_consensus_ponderado"":0.1066,""smart_money_n_wallets_ponderado"":8}"
2026-08-25T00:01:18+00:00,PRICE_TARGET_GBM,3763324,"Will the price of Bitcoin be above $84,000 on August 28?",2026-08-28T16:00:00,87.98,0.0900,0.1756,0.0856,0.0806,0.0806,SKIP,price_target_gbm BTC atexpiry K=84000 spot=78981 (-6.0%vsK) sigma_h=0.0070 T=88.0h p_yes=0.176,BTC#atexpiry,0.50,"{""pct_vs_K"":-5.9747,""sigma_h"":0.007046,""T_h"":87.9773,""log_ratio"":-0.061606,""moon_phase"":0.3954,""mercury_retrogrado"":0,""horas_hasta_fomc"":546.0,""smart_money_consensus"":0.0545,""smart_money_n_wallets"":8,""smart_money_consensus_ponderado"":0.1066,""smart_money_n_wallets_ponderado"":8}"
2026-08-25T00:01:18+00:00,PRICE_TARGET_GBM_FADE,3763324,"Will the price of Bitcoin be above $84,000 on August 28?",2026-08-28T16:00:00,87.98,0.0900,0.8244,0.7344,0.7294,0.7294,SKIP,price_target_gbm_fade (invierte 0.176) price_target_gbm BTC atexpiry K=84000 spot=78981 (-6.0%vsK) sigma_h=0.0070 T=88.0h p_yes=0.176,BTC#atexpiry,0.50,"{""pct_vs_K"":-5.9747,""sigma_h"":0.007046,""T_h"":87.9773,""log_ratio"":-0.061606,""prob_yes_original"":0.1756,""moon_phase"":0.3954,""mercury_retrogrado"":0,""horas_hasta_fomc"":546.0,""smart_money_consensus"":0.0545,""smart_money_n_wallets"":8,""smart_money_consensus_ponderado"":0.1066,""smart_money_n_wallets_ponderado"":8}"
2026-08-25T00:01:18+00:00,PRICE_TARGET_GBM,3763327,"Will the price of Bitcoin be above $86,000 on August 28?",2026-08-28T16:00:00,87.98,0.0455,0.0988,0.0533,0.0483,0.0483,SKIP,price_target_gbm BTC atexpiry K=86000 spot=78981 (-8.2%vsK) sigma_h=0.0070 T=88.0h p_yes=0.099,BTC#atexpiry,0.50,"{""pct_vs_K"":-8.1613,""sigma_h"":0.007046,""T_h"":87.9773,""log_ratio"":-0.085136,""moon_phase"":0.3954,""mercury_retrogrado"":0,""horas_hasta_fomc"":546.0,""smart_money_consensus"":0.0545,""smart_money_n_wallets"":8,""smart_money_consensus_ponderado"":0.1066,""smart_money_n_wallets_ponderado"":8}"
2026-08-25T00:01:18+00:00,PRICE_TARGET_GBM_FADE,3763327,"Will the price of Bitcoin be above $86,000 on August 28?",2026-08-28T16:00:00,87.98,0.0455,0.9012,0.8557,0.8507,0.8507,SKIP,price_target_gbm_fade (invierte 0.099) price_target_gbm BTC atexpiry K=86000 spot=78981 (-8.2%vsK) sigma_h=0.0070 T=88.0h p_yes=0.099,BTC#atexpiry,0.50,"{""pct_vs_K"":-8.1613,""sigma_h"":0.007046,""T_h"":87.9773,""log_ratio"":-0.085136,""prob_yes_original"":0.0988,""moon_phase"":0.3954,""mercury_retrogrado"":0,""horas_hasta_fomc"":546.0,""smart_money_consensus"":0.0545,""smart_money_n_wallets"":8,""smart_money_consensus_ponderado"":0.1066,""smart_money_n_wallets_ponderado"":8}"
2026-08-25T00:01:18+00:00,PRICE_TARGET_GBM,3763328,"Will the price of Bitcoin be above $88,000 on August 28?",2026-08-28T16:00:00,87.98,0.0250,0.0509,0.0259,0.0209,0.0209,SKIP,price_target_gbm BTC atexpiry K=88000 spot=78981 (-10.2%vsK) sigma_h=0.0070 T=88.0h p_yes=0.051,BTC#atexpiry,0.50,"{""pct_vs_K"":-10.2485,""sigma_h"":0.007046,""T_h"":87.9773,""log_ratio"":-0.108126,""moon_phase"":0.3954,""mercury_retrogrado"":0,""horas_hasta_fomc"":546.0,""smart_money_consensus"":0.0545,""smart_money_n_wallets"":8,""smart_money_consensus_ponderado"":0.1066,""smart_money_n_wallets_ponderado"":8}"
2026-08-25T00:01:18+00:00,PRICE_TARGET_GBM_FADE,3763328,"Will the price of Bitcoin be above $88,000 on August 28?",2026-08-28T16:00:00,87.98,0.0250,0.9491,0.9241,0.9191,0.9191,SKIP,price_target_gbm_fade (invierte 0.051) price_target_gbm BTC atexpiry K=88000 spot=78981 (-10.2%vsK) sigma_h=0.0070 T=88.0h p_yes=0.051,BTC#atexpiry,0.50,"{""pct_vs_K"":-10.2485,""sigma_h"":0.007046,""T_h"":87.9773,""log_ratio"":-0.108126,""prob_yes_original"":0.0509,""moon_phase"":0.3954,""mercury_retrogrado"":0,""horas_hasta_fomc"":546.0,""smart_money_consensus"":0.0545,""smart_money_n_wallets"":8,""smart_money_consensus_ponderado"":0.1066,""smart_money_n_wallets_ponderado"":8}"
2026-08-25T00:01:18+00:00,PRICE_TARGET_GBM,3763337,Will the price of Solana be above $60 on August 28?,2026-08-28T16:00:00,87.98,0.9830,0.9500,-0.0330,-0.0280,-0.0280,SKIP,price_target_gbm SOL atexpiry K=60 spot=98.8 (+64.7%vsK) sigma_h=0.0147 T=88.0h p_yes=1.000,SOL#atexpiry,0.50,"{""pct_vs_K"":64.6667,""sigma_h"":0.014682,""T_h"":87.9773,""log_ratio"":0.498753,""moon_phase"":0.3954,""mercury_retrogrado"":0,""horas_hasta_fomc"":546.0,""smart_money_consensus"":0.129,""smart_money_n_wallets"":4,""smart_money_consensus_ponderado"":0.2386,""smart_money_n_wallets_ponderado"":4}"
2026-08-25T00:01:18+00:00,PRICE_TARGET_GBM_FADE,3763337,Will the price of Solana be above $60 on August 28?,2026-08-28T16:00:00,87.98,0.9830,0.0500,-0.9330,-0.9280,-0.9280,SKIP,price_target_gbm_fade (invierte 0.950) price_target_gbm SOL atexpiry K=60 spot=98.8 (+64.7%vsK) sigma_h=0.0147 T=88.0h p_yes=1.000,SOL#atexpiry,0.50,"{""pct_vs_K"":64.6667,""sigma_h"":0.014682,""T_h"":87.9773,""log_ratio"":0.498753,""prob_yes_original"":0.95,""moon_phase"":0.3954,""mercury_retrogrado"":0,""horas_hasta_fomc"":546.0,""smart_money_consensus"":0.129,""smart_money_n_wallets"":4,""smart_money_consensus_ponderado"":0.2386,""smart_money_n_wallets_ponderado"":4}"
2026-08-25T00:01:18+00:00,PRICE_TARGET_GBM,3763339,Will the price of Solana be above $70 on August 28?,2026-08-28T16:00:00,87.98,0.9815,0.9500,-0.0315,-0.0265,-0.0265,SKIP,price_target_gbm SOL atexpiry K=70 spot=98.8 (+41.1%vsK) sigma_h=0.0147 T=88.0h p_yes=0.994,SOL#atexpiry,0.50,"{""pct_vs_K"":41.1429,""sigma_h"":0.014682,""T_h"":87.9773,""log_ratio"":0.344602,""moon_phase"":0.3954,""mercury_retrogrado"":0,""horas_hasta_fomc"":546.0,""smart_money_consensus"":0.129,""smart_money_n_wallets"":4,""smart_money_consensus_ponderado"":0.2386,""smart_money_n_wallets_ponderado"":4}"
2026-08-25T00:01:18+00:00,PRICE_TARGET_GBM_FADE,3763339,Will the price of Solana be above $70 on August 28?,2026-08-28T16:00:00,87.98,0.9815,0.0500,-0.9315,-0.9265,-0.9265,SKIP,price_target_gbm_fade (invierte 0.950) price_target_gbm SOL atexpiry K=70 spot=98.8 (+41.1%vsK) sigma_h=0.0147 T=88.0h p_yes=0.994,SOL#atexpiry,0.50,"{""pct_vs_K"":41.1429,""sigma_h"":0.014682,""T_h"":87.9773,""log_ratio"":0.344602,""prob_yes_original"":0.95,""moon_phase"":0.3954,""mercury_retrogrado"":0,""horas_hasta_fomc"":546.0,""smart_money_consensus"":0.129,""smart_money_n_wallets"":4,""smart_money_consensus_ponderado"":0.2386,""smart_money_n_wallets_ponderado"":4}"
2026-08-25T00:01:18+00:00,PRICE_TARGET_GBM,3763341,Will the price of Solana be above $80 on August 28?,2026-08-28T16:00:00,87.98,0.9730,0.9373,-0.0357,-0.0307,-0.0307,SKIP,price_target_gbm SOL atexpiry K=80 spot=98.8 (+23.5%vsK) sigma_h=0.0147 T=88.0h p_yes=0.937,SOL#atexpiry,0.50,"{""pct_vs_K"":23.5,""sigma_h"":0.014682,""T_h"":87.9773,""log_ratio"":0.211071,""moon_phase"":0.3954,""mercury_retrogrado"":0,""horas_hasta_fomc"":546.0,""smart_money_consensus"":0.129,""smart_money_n_wallets"":4,""smart_money_consensus_ponderado"":0.2386,""smart_money_n_wallets_ponderado"":4}"
2026-08-25T00:01:18+00:00,PRICE_TARGET_GBM_FADE,3763341,Will the price of Solana be above $80 on August 28?,2026-08-28T16:00:00,87.98,0.9730,0.0627,-0.9103,-0.9053,-0.9053,SKIP,price_target_gbm_fade (invierte 0.937) price_target_gbm SOL atexpiry K=80 spot=98.8 (+23.5%vsK) sigma_h=0.0147 T=88.0h p_yes=0.937,SOL#atexpiry,0.50,"{""pct_vs_K"":23.5,""sigma_h"":0.014682,""T_h"":87.9773,""log_ratio"":0.211071,""prob_yes_original"":0.9373,""moon_phase"":0.3954,""mercury_retrogrado"":0,""horas_hasta_fomc"":546.0,""smart_money_consensus"":0.129,""smart_money_n_wallets"":4,""smart_money_consensus_ponderado"":0.2386,""smart_money_n_wallets_ponderado"":4}"
2026-08-25T00:01:18+00:00,PRICE_TARGET_GBM,3763347,Will the price of Solana be above $110 on August 28?,2026-08-28T16:00:00,87.98,0.0740,0.2178,0.1438,0.1388,0.1388,SKIP,price_target_gbm SOL atexpiry K=110 spot=98.8 (-10.2%vsK) sigma_h=0.0147 T=88.0h p_yes=0.218,SOL#atexpiry,0.50,"{""pct_vs_K"":-10.1818,""sigma_h"":0.014682,""T_h"":87.9773,""log_ratio"":-0.107383,""moon_phase"":0.3954,""mercury_retrogrado"":0,""horas_hasta_fomc"":546.0,""smart_money_consensus"":0.129,""smart_money_n_wallets"":4,""smart_money_consensus_ponderado"":0.2386,""smart_money_n_wallets_ponderado"":4}"
2026-08-25T00:01:18+00:00,PRICE_TARGET_GBM_FADE,3763347,Will the price of Solana be above $110 on August 28?,2026-08-28T16:00:00,87.98,0.0740,0.7822,0.7082,0.7032,0.7032,SKIP,price_target_gbm_fade (invierte 0.218) price_target_gbm SOL atexpiry K=110 spot=98.8 (-10.2%vsK) sigma_h=0.0147 T=88.0h p_yes=0.218,SOL#atexpiry,0.50,"{""pct_vs_K"":-10.1818,""sigma_h"":0.014682,""T_h"":87.9773,""log_ratio"":-0.107383,""prob_yes_original"":0.2178,""moon_phase"":0.3954,""mercury_retrogrado"":0,""horas_hasta_fomc"":546.0,""smart_money_consensus"":0.129,""smart_money_n_wallets"":4,""smart_money_consensus_ponderado"":0.2386,""smart_money_n_wallets_ponderado"":4}"
2026-08-25T00:01:18+00:00,PRICE_TARGET_GBM,3763350,Will the price of Solana be above $120 on August 28?,2026-08-28T16:00:00,87.98,0.0310,0.0790,0.0480,0.0430,0.0430,SKIP,price_target_gbm SOL atexpiry K=120 spot=98.8 (-17.7%vsK) sigma_h=0.0147 T=88.0h p_yes=0.079,SOL#atexpiry,0.50,"{""pct_vs_K"":-17.6667,""sigma_h"":0.014682,""T_h"":87.9773,""log_ratio"":-0.194394,""moon_phase"":0.3954,""mercury_retrogrado"":0,""horas_hasta_fomc"":546.0,""smart_money_consensus"":0.129,""smart_money_n_wallets"":4,""smart_money_consensus_ponderado"":0.2386,""smart_money_n_wallets_ponderado"":4}"
2026-08-25T00:01:18+00:00,PRICE_TARGET_GBM_FADE,3763350,Will the price of Solana be above $120 on August 28?,2026-08-28T16:00:00,87.98,0.0310,0.9210,0.8900,0.8850,0.8850,SKIP,price_target_gbm_fade (invierte 0.079) price_target_gbm SOL atexpiry K=120 spot=98.8 (-17.7%vsK) sigma_h=0.0147 T=88.0h p_yes=0.079,SOL#atexpiry,0.50,"{""pct_vs_K"":-17.6667,""sigma_h"":0.014682,""T_h"":87.9773,""log_ratio"":-0.194394,""prob_yes_original"":0.079,""moon_phase"":0.3954,""mercury_retrogrado"":0,""horas_hasta_fomc"":546.0,""smart_money_consensus"":0.129,""smart_money_n_wallets"":4,""smart_money_consensus_ponderado"":0.2386,""smart_money_n_wallets_ponderado"":4}"
2026-08-25T00:01:18+00:00,PRICE_TARGET_GBM,3763352,Will the price of Solana be above $130 on August 28?,2026-08-28T16:00:00,87.98,0.0245,0.0500,0.0255,0.0205,0.0205,SKIP,price_target_gbm SOL atexpiry K=130 spot=98.8 (-24.0%vsK) sigma_h=0.0147 T=88.0h p_yes=0.023,SOL#atexpiry,0.50,"{""pct_vs_K"":-24.0,""sigma_h"":0.014682,""T_h"":87.9773,""log_ratio"":-0.274437,""moon_phase"":0.3954,""mercury_retrogrado"":0,""horas_hasta_fomc"":546.0,""smart_money_consensus"":0.129,""smart_money_n_wallets"":4,""smart_money_consensus_ponderado"":0.2386,""smart_money_n_wallets_ponderado"":4}"
2026-08-25T00:01:18+00:00,PRICE_TARGET_GBM_FADE,3763352,Will the price of Solana be above $130 on August 28?,2026-08-28T16:00:00,87.98,0.0245,0.9500,0.9255,0.9205,0.9205,SKIP,price_target_gbm_fade (invierte 0.050) price_target_gbm SOL atexpiry K=130 spot=98.8 (-24.0%vsK) sigma_h=0.0147 T=88.0h p_yes=0.023,SOL#atexpiry,0.50,"{""pct_vs_K"":-24.0,""sigma_h"":0.014682,""T_h"":87.9773,""log_ratio"":-0.274437,""prob_yes_original"":0.05,""moon_phase"":0.3954,""mercury_retrogrado"":0,""horas_hasta_fomc"":546.0,""smart_money_consensus"":0.129,""smart_money_n_wallets"":4,""smart_money_consensus_ponderado"":0.2386,""smart_money_n_wallets_ponderado"":4}"
2026-08-25T00:01:18+00:00,PRICE_TARGET_GBM,3763354,Will the price of Solana be above $140 on August 28?,2026-08-28T16:00:00,87.98,0.0210,0.0500,0.0290,0.0240,0.0240,SKIP,price_target_gbm SOL atexpiry K=140 spot=98.8 (-29.4%vsK) sigma_h=0.0147 T=88.0h p_yes=0.006,SOL#atexpiry,0.50,"{""pct_vs_K"":-29.4286,""sigma_h"":0.014682,""T_h"":87.9773,""log_ratio"":-0.348545,""moon_phase"":0.3954,""mercury_retrogrado"":0,""horas_hasta_fomc"":546.0,""smart_money_consensus"":0.129,""smart_money_n_wallets"":4,""smart_money_consensus_ponderado"":0.2386,""smart_money_n_wallets_ponderado"":4}"
2026-08-25T00:01:18+00:00,PRICE_TARGET_GBM_FADE,3763354,Will the price of Solana be above $140 on August 28?,2026-08-28T16:00:00,87.98,0.0210,0.9500,0.9290,0.9240,0.9240,SKIP,price_target_gbm_fade (invierte 0.050) price_target_gbm SOL atexpiry K=140 spot=98.8 (-29.4%vsK) sigma_h=0.0147 T=88.0h p_yes=0.006,SOL#atexpiry,0.50,"{""pct_vs_K"":-29.4286,""sigma_h"":0.014682,""T_h"":87.9773,""log_ratio"":-0.348545,""prob_yes_original"":0.05,""moon_phase"":0.3954,""mercury_retrogrado"":0,""horas_hasta_fomc"":546.0,""smart_money_consensus"":0.129,""smart_money_n_wallets"":4,""smart_money_consensus_ponderado"":0.2386,""smart_money_n_wallets_ponderado"":4}"
2026-08-25T00:01:18+00:00,PRICE_TARGET_GBM,3763514,"Will Bitcoin reach $87,500 in August?",2026-09-01T04:00:00,171.98,0.1150,0.3919,0.2769,0.2719,0.2719,BUY_YES,price_target_gbm BTC reach K=87500 spot=78981 (-9.7%vsK) sigma_h=0.0091 T=172.0h p_yes=0.392,BTC#reach,0.50,"{""pct_vs_K"":-9.7357,""sigma_h"":0.009122,""T_h"":171.9773,""log_ratio"":-0.102428,""moon_phase"":0.3954,""mercury_retrogrado"":0,""horas_hasta_fomc"":546.0,""smart_money_consensus"":0.0545,""smart_money_n_wallets"":8,""smart_money_consensus_ponderado"":0.1066,""smart_money_n_wallets_ponderado"":8}"
2026-08-25T00:01:18+00:00,PRICE_TARGET_GBM_FADE,3763514,"Will Bitcoin reach $87,500 in August?",2026-09-01T04:00:00,171.98,0.1150,0.6081,0.4931,0.4881,0.4881,SKIP,price_target_gbm_fade (invierte 0.392) price_target_gbm BTC reach K=87500 spot=78981 (-9.7%vsK) sigma_h=0.0091 T=172.0h p_yes=0.392,BTC#reach,0.50,"{""pct_vs_K"":-9.7357,""sigma_h"":0.009122,""T_h"":171.9773,""log_ratio"":-0.102428,""prob_yes_original"":0.3919,""moon_phase"":0.3954,""mercury_retrogrado"":0,""horas_hasta_fomc"":546.0,""smart_money_consensus"":0.0545,""smart_money_n_wallets"":8,""smart_money_consensus_ponderado"":0.1066,""smart_money_n_wallets_ponderado"":8}"
2026-08-25T00:01:18+00:00,PRICE_TARGET_GBM,3763515,"Will Bitcoin reach $90,000 in August?",2026-09-01T04:00:00,171.98,0.0565,0.2749,0.2184,0.2134,0.2134,SKIP,price_target_gbm BTC reach K=90000 spot=78981 (-12.2%vsK) sigma_h=0.0091 T=172.0h p_yes=0.275,BTC#reach,0.50,"{""pct_vs_K"":-12.243,""sigma_h"":0.009122,""T_h"":171.9773,""log_ratio"":-0.130599,""moon_phase"":0.3954,""mercury_retrogrado"":0,""horas_hasta_fomc"":546.0,""smart_money_consensus"":0.0545,""smart_money_n_wallets"":8,""smart_money_consensus_ponderado"":0.1066,""smart_money_n_wallets_ponderado"":8}"
2026-08-25T00:01:18+00:00,PRICE_TARGET_GBM_FADE,3763515,"Will Bitcoin reach $90,000 in August?",2026-09-01T04:00:00,171.98,0.0565,0.7251,0.6686,0.6636,0.6636,SKIP,price_target_gbm_fade (invierte 0.275) price_target_gbm BTC reach K=90000 spot=78981 (-12.2%vsK) sigma_h=0.0091 T=172.0h p_yes=0.275,BTC#reach,0.50,"{""pct_vs_K"":-12.243,""sigma_h"":0.009122,""T_h"":171.9773,""log_ratio"":-0.130599,""prob_yes_original"":0.2749,""moon_phase"":0.3954,""mercury_retrogrado"":0,""horas_hasta_fomc"":546.0,""smart_money_consensus"":0.0545,""smart_money_n_wallets"":8,""smart_money_consensus_ponderado"":0.1066,""smart_money_n_wallets_ponderado"":8}"
2026-08-25T00:01:18+00:00,PRICE_TARGET_GBM,3779792,"Will the price of Ethereum be above $1,900 on August 29?",2026-08-29T16:00:00,111.98,0.9870,0.9500,-0.0370,-0.0320,-0.0320,SKIP,price_target_gbm ETH atexpiry K=1900 spot=2482.1 (+30.6%vsK) sigma_h=0.0088 T=112.0h p_yes=0.998,ETH#atexpiry,0.50,"{""pct_vs_K"":30.6342,""sigma_h"":0.008768,""T_h"":111.9773,""log_ratio"":0.267231,""moon_phase"":0.3954,""mercury_retrogrado"":0,""horas_hasta_fomc"":546.0,""smart_money_consensus"":0.1401,""smart_money_n_wallets"":7,""smart_money_consensus_ponderado"":-0.0219,""smart_money_n_wallets_ponderado"":7}"
2026-08-25T00:01:18+00:00,PRICE_TARGET_GBM_FADE,3779792,"Will the price of Ethereum be above $1,900 on August 29?",2026-08-29T16:00:00,111.98,0.9870,0.0500,-0.9370,-0.9320,-0.9320,SKIP,price_target_gbm_fade (invierte 0.950) price_target_gbm ETH atexpiry K=1900 spot=2482.1 (+30.6%vsK) sigma_h=0.0088 T=112.0h p_yes=0.998,ETH#atexpiry,0.50,"{""pct_vs_K"":30.6342,""sigma_h"":0.008768,""T_h"":111.9773,""log_ratio"":0.267231,""prob_yes_original"":0.95,""moon_phase"":0.3954,""mercury_retrogrado"":0,""horas_hasta_fomc"":546.0,""smart_money_consensus"":0.1401,""smart_money_n_wallets"":7,""smart_money_consensus_ponderado"":-0.0219,""smart_money_n_wallets_ponderado"":7}"
2026-08-25T00:01:18+00:00,PRICE_TARGET_GBM,3779795,"Will the price of Ethereum be above $2,000 on August 29?",2026-08-29T16:00:00,111.98,0.9855,0.9500,-0.0355,-0.0305,-0.0305,SKIP,price_target_gbm ETH atexpiry K=2000 spot=2482.1 (+24.1%vsK) sigma_h=0.0088 T=112.0h p_yes=0.990,ETH#atexpiry,0.50,"{""pct_vs_K"":24.1025,""sigma_h"":0.008768,""T_h"":111.9773,""log_ratio"":0.215938,""moon_phase"":0.3954,""mercury_retrogrado"":0,""horas_hasta_fomc"":546.0,""smart_money_consensus"":0.1401,""smart_money_n_wallets"":7,""smart_money_consensus_ponderado"":-0.0219,""smart_money_n_wallets_ponderado"":7}"
2026-08-25T00:01:18+00:00,PRICE_TARGET_GBM_FADE,3779795,"Will the price of Ethereum be above $2,000 on August 29?",2026-08-29T16:00:00,111.98,0.9855,0.0500,-0.9355,-0.9305,-0.9305,SKIP,price_target_gbm_fade (invierte 0.950) price_target_gbm ETH atexpiry K=2000 spot=2482.1 (+24.1%vsK) sigma_h=0.0088 T=112.0h p_yes=0.990,ETH#atexpiry,0.50,"{""pct_vs_K"":24.1025,""sigma_h"":0.008768,""T_h"":111.9773,""log_ratio"":0.215938,""prob_yes_original"":0.95,""moon_phase"":0.3954,""mercury_retrogrado"":0,""horas_hasta_fomc"":546.0,""smart_money_consensus"":0.1401,""smart_money_n_wallets"":7,""smart_money_consensus_ponderado"":-0.0219,""smart_money_n_wallets_ponderado"":7}"
2026-08-25T00:01:18+00:00,PRICE_TARGET_GBM,3779798,"Will the price of Ethereum be above $2,100 on August 29?",2026-08-29T16:00:00,111.98,0.9795,0.9500,-0.0295,-0.0245,-0.0245,SKIP,price_target_gbm ETH atexpiry K=2100 spot=2482.1 (+18.2%vsK) sigma_h=0.0088 T=112.0h p_yes=0.964,ETH#atexpiry,0.50,"{""pct_vs_K"":18.1929,""sigma_h"":0.008768,""T_h"":111.9773,""log_ratio"":0.167147,""moon_phase"":0.3954,""mercury_retrogrado"":0,""horas_hasta_fomc"":546.0,""smart_money_consensus"":0.1401,""smart_money_n_wallets"":7,""smart_money_consensus_ponderado"":-0.0219,""smart_money_n_wallets_ponderado"":7}"
2026-08-25T00:01:18+00:00,PRICE_TARGET_GBM_FADE,3779798,"Will the price of Ethereum be above $2,100 on August 29?",2026-08-29T16:00:00,111.98,0.9795,0.0500,-0.9295,-0.9245,-0.9245,SKIP,price_target_gbm_fade (invierte 0.950) price_target_gbm ETH atexpiry K=2100 spot=2482.1 (+18.2%vsK) sigma_h=0.0088 T=112.0h p_yes=0.964,ETH#atexpiry,0.50,"{""pct_vs_K"":18.1929,""sigma_h"":0.008768,""T_h"":111.9773,""log_ratio"":0.167147,""prob_yes_original"":0.95,""moon_phase"":0.3954,""mercury_retrogrado"":0,""horas_hasta_fomc"":546.0,""smart_money_consensus"":0.1401,""smart_money_n_wallets"":7,""smart_money_consensus_ponderado"":-0.0219,""smart_money_n_wallets_ponderado"":7}"
2026-08-25T00:01:18+00:00,PRICE_TARGET_GBM,3779801,"Will the price of Ethereum be above $2,200 on August 29?",2026-08-29T16:00:00,111.98,0.9640,0.9032,-0.0608,-0.0558,-0.0558,SKIP,price_target_gbm ETH atexpiry K=2200 spot=2482.1 (+12.8%vsK) sigma_h=0.0088 T=112.0h p_yes=0.903,ETH#atexpiry,0.50,"{""pct_vs_K"":12.8205,""sigma_h"":0.008768,""T_h"":111.9773,""log_ratio"":0.120627,""moon_phase"":0.3954,""mercury_retrogrado"":0,""horas_hasta_fomc"":546.0,""smart_money_consensus"":0.1401,""smart_money_n_wallets"":7,""smart_money_consensus_ponderado"":-0.0219,""smart_money_n_wallets_ponderado"":7}"
2026-08-25T00:01:18+00:00,PRICE_TARGET_GBM_FADE,3779801,"Will the price of Ethereum be above $2,200 on August 29?",2026-08-29T16:00:00,111.98,0.9640,0.0968,-0.8672,-0.8622,-0.8622,SKIP,price_target_gbm_fade (invierte 0.903) price_target_gbm ETH atexpiry K=2200 spot=2482.1 (+12.8%vsK) sigma_h=0.0088 T=112.0h p_yes=0.903,ETH#atexpiry,0.50,"{""pct_vs_K"":12.8205,""sigma_h"":0.008768,""T_h"":111.9773,""log_ratio"":0.120627,""prob_yes_original"":0.9032,""moon_phase"":0.3954,""mercury_retrogrado"":0,""horas_hasta_fomc"":546.0,""smart_money_consensus"":0.1401,""smart_money_n_wallets"":7,""smart_money_consensus_ponderado"":-0.0219,""smart_money_n_wallets_ponderado"":7}"
2026-08-25T00:01:18+00:00,PRICE_TARGET_GBM,3779804,"Will the price of Ethereum be above $2,300 on August 29?",2026-08-29T16:00:00,111.98,0.8700,0.7942,-0.0758,-0.0708,-0.0708,SKIP,price_target_gbm ETH atexpiry K=2300 spot=2482.1 (+7.9%vsK) sigma_h=0.0088 T=112.0h p_yes=0.794,ETH#atexpiry,0.50,"{""pct_vs_K"":7.9152,""sigma_h"":0.008768,""T_h"":111.9773,""log_ratio"":0.076176,""moon_phase"":0.3954,""mercury_retrogrado"":0,""horas_hasta_fomc"":546.0,""smart_money_consensus"":0.1401,""smart_money_n_wallets"":7,""smart_money_consensus_ponderado"":-0.0219,""smart_money_n_wallets_ponderado"":7}"
2026-08-25T00:01:18+00:00,PRICE_TARGET_GBM_FADE,3779804,"Will the price of Ethereum be above $2,300 on August 29?",2026-08-29T16:00:00,111.98,0.8700,0.2058,-0.6642,-0.6592,0.6592,BUY_NO,price_target_gbm_fade (invierte 0.794) price_target_gbm ETH atexpiry K=2300 spot=2482.1 (+7.9%vsK) sigma_h=0.0088 T=112.0h p_yes=0.794,ETH#atexpiry,0.50,"{""pct_vs_K"":7.9152,""sigma_h"":0.008768,""T_h"":111.9773,""log_ratio"":0.076176,""prob_yes_original"":0.7942,""moon_phase"":0.3954,""mercury_retrogrado"":0,""horas_hasta_fomc"":546.0,""smart_money_consensus"":0.1401,""smart_money_n_wallets"":7,""smart_money_consensus_ponderado"":-0.0219,""smart_money_n_wallets_ponderado"":7}"
2026-08-25T00:01:18+00:00,PRICE_TARGET_GBM,3779808,"Will the price of Ethereum be above $2,400 on August 29?",2026-08-29T16:00:00,111.98,0.6800,0.6414,-0.0386,-0.0336,-0.0336,SKIP,price_target_gbm ETH atexpiry K=2400 spot=2482.1 (+3.4%vsK) sigma_h=0.0088 T=112.0h p_yes=0.641,ETH#atexpiry,0.50,"{""pct_vs_K"":3.4188,""sigma_h"":0.008768,""T_h"":111.9773,""log_ratio"":0.033616,""moon_phase"":0.3954,""mercury_retrogrado"":0,""horas_hasta_fomc"":546.0,""smart_money_consensus"":0.1401,""smart_money_n_wallets"":7,""smart_money_consensus_ponderado"":-0.0219,""smart_money_n_wallets_ponderado"":7}"
2026-08-25T00:01:18+00:00,PRICE_TARGET_GBM_FADE,3779808,"Will the price of Ethereum be above $2,400 on August 29?",2026-08-29T16:00:00,111.98,0.6800,0.3586,-0.3214,-0.3164,0.3164,BUY_NO,price_target_gbm_fade (invierte 0.641) price_target_gbm ETH atexpiry K=2400 spot=2482.1 (+3.4%vsK) sigma_h=0.0088 T=112.0h p_yes=0.641,ETH#atexpiry,0.50,"{""pct_vs_K"":3.4188,""sigma_h"":0.008768,""T_h"":111.9773,""log_ratio"":0.033616,""prob_yes_original"":0.6414,""moon_phase"":0.3954,""mercury_retrogrado"":0,""horas_hasta_fomc"":546.0,""smart_money_consensus"":0.1401,""smart_money_n_wallets"":7,""smart_money_consensus_ponderado"":-0.0219,""smart_money_n_wallets_ponderado"":7}"
2026-08-25T00:01:18+00:00,PRICE_TARGET_GBM,3779812,"Will the price of Ethereum be above $2,500 on August 29?",2026-08-29T16:00:00,111.98,0.4300,0.4690,0.0390,0.0340,0.0340,SKIP,price_target_gbm ETH atexpiry K=2500 spot=2482.1 (-0.7%vsK) sigma_h=0.0088 T=112.0h p_yes=0.469,ETH#atexpiry,0.50,"{""pct_vs_K"":-0.718,""sigma_h"":0.008768,""T_h"":111.9773,""log_ratio"":-0.007206,""moon_phase"":0.3954,""mercury_retrogrado"":0,""horas_hasta_fomc"":546.0,""smart_money_consensus"":0.1401,""smart_money_n_wallets"":7,""smart_money_consensus_ponderado"":-0.0219,""smart_money_n_wallets_ponderado"":7}"
2026-08-25T00:01:18+00:00,PRICE_TARGET_GBM_FADE,3779812,"Will the price of Ethereum be above $2,500 on August 29?",2026-08-29T16:00:00,111.98,0.4300,0.5310,0.1010,0.0960,0.0960,SKIP,price_target_gbm_fade (invierte 0.469) price_target_gbm ETH atexpiry K=2500 spot=2482.1 (-0.7%vsK) sigma_h=0.0088 T=112.0h p_yes=0.469,ETH#atexpiry,0.50,"{""pct_vs_K"":-0.718,""sigma_h"":0.008768,""T_h"":111.9773,""log_ratio"":-0.007206,""prob_yes_original"":0.469,""moon_phase"":0.3954,""mercury_retrogrado"":0,""horas_hasta_fomc"":546.0,""smart_money_consensus"":0.1401,""smart_money_n_wallets"":7,""smart_money_consensus_ponderado"":-0.0219,""smart_money_n_wallets_ponderado"":7}"
2026-08-25T00:01:18+00:00,PRICE_TARGET_GBM,3779816,"Will the price of Ethereum be above $2,600 on August 29?",2026-08-29T16:00:00,111.98,0.2250,0.3084,0.0834,0.0784,0.0784,SKIP,price_target_gbm ETH atexpiry K=2600 spot=2482.1 (-4.5%vsK) sigma_h=0.0088 T=112.0h p_yes=0.308,ETH#atexpiry,0.50,"{""pct_vs_K"":-4.5365,""sigma_h"":0.008768,""T_h"":111.9773,""log_ratio"":-0.046427,""moon_phase"":0.3954,""mercury_retrogrado"":0,""horas_hasta_fomc"":546.0,""smart_money_consensus"":0.1401,""smart_money_n_wallets"":7,""smart_money_consensus_ponderado"":-0.0219,""smart_money_n_wallets_ponderado"":7}"
2026-08-25T00:01:18+00:00,PRICE_TARGET_GBM_FADE,3779816,"Will the price of Ethereum be above $2,600 on August 29?",2026-08-29T16:00:00,111.98,0.2250,0.6916,0.4666,0.4616,0.4616,SKIP,price_target_gbm_fade (invierte 0.308) price_target_gbm ETH atexpiry K=2600 spot=2482.1 (-4.5%vsK) sigma_h=0.0088 T=112.0h p_yes=0.308,ETH#atexpiry,0.50,"{""pct_vs_K"":-4.5365,""sigma_h"":0.008768,""T_h"":111.9773,""log_ratio"":-0.046427,""prob_yes_original"":0.3084,""moon_phase"":0.3954,""mercury_retrogrado"":0,""horas_hasta_fomc"":546.0,""smart_money_consensus"":0.1401,""smart_money_n_wallets"":7,""smart_money_consensus_ponderado"":-0.0219,""smart_money_n_wallets_ponderado"":7}"
2026-08-25T00:01:18+00:00,PRICE_TARGET_GBM,3779820,"Will the price of Ethereum be above $2,700 on August 29?",2026-08-29T16:00:00,111.98,0.1100,0.1822,0.0722,0.0672,0.0672,SKIP,price_target_gbm ETH atexpiry K=2700 spot=2482.1 (-8.1%vsK) sigma_h=0.0088 T=112.0h p_yes=0.182,ETH#atexpiry,0.50,"{""pct_vs_K"":-8.0722,""sigma_h"":0.008768,""T_h"":111.9773,""log_ratio"":-0.084167,""moon_phase"":0.3954,""mercury_retrogrado"":0,""horas_hasta_fomc"":546.0,""smart_money_consensus"":0.1401,""smart_money_n_wallets"":7,""smart_money_consensus_ponderado"":-0.0219,""smart_money_n_wallets_ponderado"":7}"
2026-08-25T00:01:18+00:00,PRICE_TARGET_GBM_FADE,3779820,"Will the price of Ethereum be above $2,700 on August 29?",2026-08-29T16:00:00,111.98,0.1100,0.8178,0.7078,0.7028,0.7028,SKIP,price_target_gbm_fade (invierte 0.182) price_target_gbm ETH atexpiry K=2700 spot=2482.1 (-8.1%vsK) sigma_h=0.0088 T=112.0h p_yes=0.182,ETH#atexpiry,0.50,"{""pct_vs_K"":-8.0722,""sigma_h"":0.008768,""T_h"":111.9773,""log_ratio"":-0.084167,""prob_yes_original"":0.1822,""moon_phase"":0.3954,""mercury_retrogrado"":0,""horas_hasta_fomc"":546.0,""smart_money_consensus"":0.1401,""smart_money_n_wallets"":7,""smart_money_consensus_ponderado"":-0.0219,""smart_money_n_wallets_ponderado"":7}"
2026-08-25T00:01:18+00:00,PRICE_TARGET_GBM,3779823,"Will the price of Ethereum be above $2,800 on August 29?",2026-08-29T16:00:00,111.98,0.0520,0.0970,0.0450,0.0400,0.0400,SKIP,price_target_gbm ETH atexpiry K=2800 spot=2482.1 (-11.4%vsK) sigma_h=0.0088 T=112.0h p_yes=0.097,ETH#atexpiry,0.50,"{""pct_vs_K"":-11.3554,""sigma_h"":0.008768,""T_h"":111.9773,""log_ratio"":-0.120535,""moon_phase"":0.3954,""mercury_retrogrado"":0,""horas_hasta_fomc"":546.0,""smart_money_consensus"":0.1401,""smart_money_n_wallets"":7,""smart_money_consensus_ponderado"":-0.0219,""smart_money_n_wallets_ponderado"":7}"
2026-08-25T00:01:18+00:00,PRICE_TARGET_GBM_FADE,3779823,"Will the price of Ethereum be above $2,800 on August 29?",2026-08-29T16:00:00,111.98,0.0520,0.9030,0.8510,0.8460,0.8460,SKIP,price_target_gbm_fade (invierte 0.097) price_target_gbm ETH atexpiry K=2800 spot=2482.1 (-11.4%vsK) sigma_h=0.0088 T=112.0h p_yes=0.097,ETH#atexpiry,0.50,"{""pct_vs_K"":-11.3554,""sigma_h"":0.008768,""T_h"":111.9773,""log_ratio"":-0.120535,""prob_yes_original"":0.097,""moon_phase"":0.3954,""mercury_retrogrado"":0,""horas_hasta_fomc"":546.0,""smart_money_consensus"":0.1401,""smart_money_n_wallets"":7,""smart_money_consensus_ponderado"":-0.0219,""smart_money_n_wallets_ponderado"":7}"
2026-08-25T00:01:18+00:00,PRICE_TARGET_GBM,3779825,"Will the price of Ethereum be above $2,900 on August 29?",2026-08-29T16:00:00,111.98,0.0195,0.0500,0.0305,0.0255,0.0255,SKIP,price_target_gbm ETH atexpiry K=2900 spot=2482.1 (-14.4%vsK) sigma_h=0.0088 T=112.0h p_yes=0.047,ETH#atexpiry,0.50,"{""pct_vs_K"":-14.4121,""sigma_h"":0.008768,""T_h"":111.9773,""log_ratio"":-0.155626,""moon_phase"":0.3954,""mercury_retrogrado"":0,""horas_hasta_fomc"":546.0,""smart_money_consensus"":0.1401,""smart_money_n_wallets"":7,""smart_money_consensus_ponderado"":-0.0219,""smart_money_n_wallets_ponderado"":7}"
2026-08-25T00:01:18+00:00,PRICE_TARGET_GBM_FADE,3779825,"Will the price of Ethereum be above $2,900 on August 29?",2026-08-29T16:00:00,111.98,0.0195,0.9500,0.9305,0.9255,0.9255,SKIP,price_target_gbm_fade (invierte 0.050) price_target_gbm ETH atexpiry K=2900 spot=2482.1 (-14.4%vsK) sigma_h=0.0088 T=112.0h p_yes=0.047,ETH#atexpiry,0.50,"{""pct_vs_K"":-14.4121,""sigma_h"":0.008768,""T_h"":111.9773,""log_ratio"":-0.155626,""prob_yes_original"":0.05,""moon_phase"":0.3954,""mercury_retrogrado"":0,""horas_hasta_fomc"":546.0,""smart_money_consensus"":0.1401,""smart_money_n_wallets"":7,""smart_money_consensus_ponderado"":-0.0219,""smart_money_n_wallets_ponderado"":7}"
2026-08-25T00:01:18+00:00,PRICE_TARGET_GBM,3779840,"Will the price of Bitcoin be above $66,000 on August 29?",2026-08-29T16:00:00,111.98,0.9870,0.9500,-0.0370,-0.0320,-0.0320,SKIP,price_target_gbm BTC atexpiry K=66000 spot=78981 (+19.7%vsK) sigma_h=0.0078 T=112.0h p_yes=0.985,BTC#atexpiry,0.50,"{""pct_vs_K"":19.6686,""sigma_h"":0.007801,""T_h"":111.9773,""log_ratio"":0.179556,""moon_phase"":0.3954,""mercury_retrogrado"":0,""horas_hasta_fomc"":546.0,""smart_money_consensus"":0.0545,""smart_money_n_wallets"":8,""smart_money_consensus_ponderado"":0.1066,""smart_money_n_wallets_ponderado"":8}"
2026-08-25T00:01:18+00:00,PRICE_TARGET_GBM_FADE,3779840,"Will the price of Bitcoin be above $66,000 on August 29?",2026-08-29T16:00:00,111.98,0.9870,0.0500,-0.9370,-0.9320,-0.9320,SKIP,price_target_gbm_fade (invierte 0.950) price_target_gbm BTC atexpiry K=66000 spot=78981 (+19.7%vsK) sigma_h=0.0078 T=112.0h p_yes=0.985,BTC#atexpiry,0.50,"{""pct_vs_K"":19.6686,""sigma_h"":0.007801,""T_h"":111.9773,""log_ratio"":0.179556,""prob_yes_original"":0.95,""moon_phase"":0.3954,""mercury_retrogrado"":0,""horas_hasta_fomc"":546.0,""smart_money_consensus"":0.0545,""smart_money_n_wallets"":8,""smart_money_consensus_ponderado"":0.1066,""smart_money_n_wallets_ponderado"":8}"
2026-08-25T00:01:18+00:00,PRICE_TARGET_GBM,3779843,"Will the price of Bitcoin be above $68,000 on August 29?",2026-08-29T16:00:00,111.98,0.9870,0.9500,-0.0370,-0.0320,-0.0320,SKIP,price_target_gbm BTC atexpiry K=68000 spot=78981 (+16.1%vsK) sigma_h=0.0078 T=112.0h p_yes=0.965,BTC#atexpiry,0.50,"{""pct_vs_K"":16.149,""sigma_h"":0.007801,""T_h"":111.9773,""log_ratio"":0.149703,""moon_phase"":0.3954,""mercury_retrogrado"":0,""horas_hasta_fomc"":546.0,""smart_money_consensus"":0.0545,""smart_money_n_wallets"":8,""smart_money_consensus_ponderado"":0.1066,""smart_money_n_wallets_ponderado"":8}"
2026-08-25T00:01:18+00:00,PRICE_TARGET_GBM_FADE,3779843,"Will the price of Bitcoin be above $68,000 on August 29?",2026-08-29T16:00:00,111.98,0.9870,0.0500,-0.9370,-0.9320,-0.9320,SKIP,price_target_gbm_fade (invierte 0.950) price_target_gbm BTC atexpiry K=68000 spot=78981 (+16.1%vsK) sigma_h=0.0078 T=112.0h p_yes=0.965,BTC#atexpiry,0.50,"{""pct_vs_K"":16.149,""sigma_h"":0.007801,""T_h"":111.9773,""log_ratio"":0.149703,""prob_yes_original"":0.95,""moon_phase"":0.3954,""mercury_retrogrado"":0,""horas_hasta_fomc"":546.0,""smart_money_consensus"":0.0545,""smart_money_n_wallets"":8,""smart_money_consensus_ponderado"":0.1066,""smart_money_n_wallets_ponderado"":8}"
2026-08-25T00:01:18+00:00,PRICE_TARGET_GBM,3779846,"Will the price of Bitcoin be above $70,000 on August 29?",2026-08-29T16:00:00,111.98,0.9770,0.9282,-0.0488,-0.0438,-0.0438,SKIP,price_target_gbm BTC atexpiry K=70000 spot=78981 (+12.8%vsK) sigma_h=0.0078 T=112.0h p_yes=0.928,BTC#atexpiry,0.50,"{""pct_vs_K"":12.8304,""sigma_h"":0.007801,""T_h"":111.9773,""log_ratio"":0.120716,""moon_phase"":0.3954,""mercury_retrogrado"":0,""horas_hasta_fomc"":546.0,""smart_money_consensus"":0.0545,""smart_money_n_wallets"":8,""smart_money_consensus_ponderado"":0.1066,""smart_money_n_wallets_ponderado"":8}"
2026-08-25T00:01:18+00:00,PRICE_TARGET_GBM_FADE,3779846,"Will the price of Bitcoin be above $70,000 on August 29?",2026-08-29T16:00:00,111.98,0.9770,0.0718,-0.9052,-0.9002,-0.9002,SKIP,price_target_gbm_fade (invierte 0.928) price_target_gbm BTC atexpiry K=70000 spot=78981 (+12.8%vsK) sigma_h=0.0078 T=112.0h p_yes=0.928,BTC#atexpiry,0.50,"{""pct_vs_K"":12.8304,""sigma_h"":0.007801,""T_h"":111.9773,""log_ratio"":0.120716,""prob_yes_original"":0.9282,""moon_phase"":0.3954,""mercury_retrogrado"":0,""horas_hasta_fomc"":546.0,""smart_money_consensus"":0.0545,""smart_money_n_wallets"":8,""smart_money_consensus_ponderado"":0.1066,""smart_money_n_wallets_ponderado"":8}"
2026-08-25T00:01:18+00:00,PRICE_TARGET_GBM,3779849,"Will the price of Bitcoin be above $72,000 on August 29?",2026-08-29T16:00:00,111.98,0.9710,0.8689,-0.1021,-0.0971,-0.0971,SKIP,price_target_gbm BTC atexpiry K=72000 spot=78981 (+9.7%vsK) sigma_h=0.0078 T=112.0h p_yes=0.869,BTC#atexpiry,0.50,"{""pct_vs_K"":9.6962,""sigma_h"":0.007801,""T_h"":111.9773,""log_ratio"":0.092545,""moon_phase"":0.3954,""mercury_retrogrado"":0,""horas_hasta_fomc"":546.0,""smart_money_consensus"":0.0545,""smart_money_n_wallets"":8,""smart_money_consensus_ponderado"":0.1066,""smart_money_n_wallets_ponderado"":8}"
2026-08-25T00:01:18+00:00,PRICE_TARGET_GBM_FADE,3779849,"Will the price of Bitcoin be above $72,000 on August 29?",2026-08-29T16:00:00,111.98,0.9710,0.1311,-0.8399,-0.8349,-0.8349,SKIP,price_target_gbm_fade (invierte 0.869) price_target_gbm BTC atexpiry K=72000 spot=78981 (+9.7%vsK) sigma_h=0.0078 T=112.0h p_yes=0.869,BTC#atexpiry,0.50,"{""pct_vs_K"":9.6962,""sigma_h"":0.007801,""T_h"":111.9773,""log_ratio"":0.092545,""prob_yes_original"":0.8689,""moon_phase"":0.3954,""mercury_retrogrado"":0,""horas_hasta_fomc"":546.0,""smart_money_consensus"":0.0545,""smart_money_n_wallets"":8,""smart_money_consensus_ponderado"":0.1066,""smart_money_n_wallets_ponderado"":8}"
2026-08-25T00:01:18+00:00,PRICE_TARGET_GBM,3779853,"Will the price of Bitcoin be above $74,000 on August 29?",2026-08-29T16:00:00,111.98,0.9150,0.7850,-0.1300,-0.1250,-0.1250,SKIP,price_target_gbm BTC atexpiry K=74000 spot=78981 (+6.7%vsK) sigma_h=0.0078 T=112.0h p_yes=0.785,BTC#atexpiry,0.50,"{""pct_vs_K"":6.7315,""sigma_h"":0.007801,""T_h"":111.9773,""log_ratio"":0.065146,""moon_phase"":0.3954,""mercury_retrogrado"":0,""horas_hasta_fomc"":546.0,""smart_money_consensus"":0.0545,""smart_money_n_wallets"":8,""smart_money_consensus_ponderado"":0.1066,""smart_money_n_wallets_ponderado"":8}"
2026-08-25T00:01:18+00:00,PRICE_TARGET_GBM_FADE,3779853,"Will the price of Bitcoin be above $74,000 on August 29?",2026-08-29T16:00:00,111.98,0.9150,0.2150,-0.7000,-0.6950,-0.6950,SKIP,price_target_gbm_fade (invierte 0.785) price_target_gbm BTC atexpiry K=74000 spot=78981 (+6.7%vsK) sigma_h=0.0078 T=112.0h p_yes=0.785,BTC#atexpiry,0.50,"{""pct_vs_K"":6.7315,""sigma_h"":0.007801,""T_h"":111.9773,""log_ratio"":0.065146,""prob_yes_original"":0.785,""moon_phase"":0.3954,""mercury_retrogrado"":0,""horas_hasta_fomc"":546.0,""smart_money_consensus"":0.0545,""smart_money_n_wallets"":8,""smart_money_consensus_ponderado"":0.1066,""smart_money_n_wallets_ponderado"":8}"
2026-08-25T00:01:18+00:00,PRICE_TARGET_GBM,3779856,"Will the price of Bitcoin be above $76,000 on August 29?",2026-08-29T16:00:00,111.98,0.7800,0.6794,-0.1006,-0.0956,0.0956,BUY_NO,price_target_gbm BTC atexpiry K=76000 spot=78981 (+3.9%vsK) sigma_h=0.0078 T=112.0h p_yes=0.679,BTC#atexpiry,0.50,"{""pct_vs_K"":3.9227,""sigma_h"":0.007801,""T_h"":111.9773,""log_ratio"":0.038478,""moon_phase"":0.3954,""mercury_retrogrado"":0,""horas_hasta_fomc"":546.0,""smart_money_consensus"":0.0545,""smart_money_n_wallets"":8,""smart_money_consensus_ponderado"":0.1066,""smart_money_n_wallets_ponderado"":8}"
2026-08-25T00:01:18+00:00,PRICE_TARGET_GBM_FADE,3779856,"Will the price of Bitcoin be above $76,000 on August 29?",2026-08-29T16:00:00,111.98,0.7800,0.3206,-0.4594,-0.4544,0.4544,BUY_NO,price_target_gbm_fade (invierte 0.679) price_target_gbm BTC atexpiry K=76000 spot=78981 (+3.9%vsK) sigma_h=0.0078 T=112.0h p_yes=0.679,BTC#atexpiry,0.50,"{""pct_vs_K"":3.9227,""sigma_h"":0.007801,""T_h"":111.9773,""log_ratio"":0.038478,""prob_yes_original"":0.6794,""moon_phase"":0.3954,""mercury_retrogrado"":0,""horas_hasta_fomc"":546.0,""smart_money_consensus"":0.0545,""smart_money_n_wallets"":8,""smart_money_consensus_ponderado"":0.1066,""smart_money_n_wallets_ponderado"":8}"
2026-08-25T00:01:18+00:00,PRICE_TARGET_GBM,3779859,"Will the price of Bitcoin be above $78,000 on August 29?",2026-08-29T16:00:00,111.98,0.5850,0.5602,-0.0248,-0.0198,-0.0198,SKIP,price_target_gbm BTC atexpiry K=78000 spot=78981 (+1.3%vsK) sigma_h=0.0078 T=112.0h p_yes=0.560,BTC#atexpiry,0.50,"{""pct_vs_K"":1.2581,""sigma_h"":0.007801,""T_h"":111.9773,""log_ratio"":0.012502,""moon_phase"":0.3954,""mercury_retrogrado"":0,""horas_hasta_fomc"":546.0,""smart_money_consensus"":0.0545,""smart_money_n_wallets"":8,""smart_money_consensus_ponderado"":0.1066,""smart_money_n_wallets_ponderado"":8}"
2026-08-25T00:01:18+00:00,PRICE_TARGET_GBM_FADE,3779859,"Will the price of Bitcoin be above $78,000 on August 29?",2026-08-29T16:00:00,111.98,0.5850,0.4398,-0.1452,-0.1402,0.1402,BUY_NO,price_target_gbm_fade (invierte 0.560) price_target_gbm BTC atexpiry K=78000 spot=78981 (+1.3%vsK) sigma_h=0.0078 T=112.0h p_yes=0.560,BTC#atexpiry,0.50,"{""pct_vs_K"":1.2581,""sigma_h"":0.007801,""T_h"":111.9773,""log_ratio"":0.012502,""prob_yes_original"":0.5602,""moon_phase"":0.3954,""mercury_retrogrado"":0,""horas_hasta_fomc"":546.0,""smart_money_consensus"":0.0545,""smart_money_n_wallets"":8,""smart_money_consensus_ponderado"":0.1066,""smart_money_n_wallets_ponderado"":8}"
2026-08-25T00:01:18+00:00,PRICE_TARGET_GBM,3779862,"Will the price of Bitcoin be above $80,000 on August 29?",2026-08-29T16:00:00,111.98,0.3650,0.4383,0.0733,0.0683,0.0683,SKIP,price_target_gbm BTC atexpiry K=80000 spot=78981 (-1.3%vsK) sigma_h=0.0078 T=112.0h p_yes=0.438,BTC#atexpiry,0.50,"{""pct_vs_K"":-1.2734,""sigma_h"":0.007801,""T_h"":111.9773,""log_ratio"":-0.012816,""moon_phase"":0.3954,""mercury_retrogrado"":0,""horas_hasta_fomc"":546.0,""smart_money_consensus"":0.0545,""smart_money_n_wallets"":8,""smart_money_consensus_ponderado"":0.1066,""smart_money_n_wallets_ponderado"":8}"
2026-08-25T00:01:18+00:00,PRICE_TARGET_GBM_FADE,3779862,"Will the price of Bitcoin be above $80,000 on August 29?",2026-08-29T16:00:00,111.98,0.3650,0.5617,0.1967,0.1917,0.1917,BUY_YES,price_target_gbm_fade (invierte 0.438) price_target_gbm BTC atexpiry K=80000 spot=78981 (-1.3%vsK) sigma_h=0.0078 T=112.0h p_yes=0.438,BTC#atexpiry,2.00,"{""pct_vs_K"":-1.2734,""sigma_h"":0.007801,""T_h"":111.9773,""log_ratio"":-0.012816,""prob_yes_original"":0.4383,""moon_phase"":0.3954,""mercury_retrogrado"":0,""horas_hasta_fomc"":546.0,""smart_money_consensus"":0.0545,""smart_money_n_wallets"":8,""smart_money_consensus_ponderado"":0.1066,""smart_money_n_wallets_ponderado"":8}"
2026-08-25T00:01:18+00:00,PRICE_TARGET_GBM,3779865,"Will the price of Bitcoin be above $82,000 on August 29?",2026-08-29T16:00:00,111.98,0.2000,0.3248,0.1248,0.1198,0.1198,SKIP,price_target_gbm BTC atexpiry K=82000 spot=78981 (-3.7%vsK) sigma_h=0.0078 T=112.0h p_yes=0.325,BTC#atexpiry,0.50,"{""pct_vs_K"":-3.6814,""sigma_h"":0.007801,""T_h"":111.9773,""log_ratio"":-0.037508,""moon_phase"":0.3954,""mercury_retrogrado"":0,""horas_hasta_fomc"":546.0,""smart_money_consensus"":0.0545,""smart_money_n_wallets"":8,""smart_money_consensus_ponderado"":0.1066,""smart_money_n_wallets_ponderado"":8}"
2026-08-25T00:01:18+00:00,PRICE_TARGET_GBM_FADE,3779865,"Will the price of Bitcoin be above $82,000 on August 29?",2026-08-29T16:00:00,111.98,0.2000,0.6752,0.4752,0.4702,0.4702,BUY_YES,price_target_gbm_fade (invierte 0.325) price_target_gbm BTC atexpiry K=82000 spot=78981 (-3.7%vsK) sigma_h=0.0078 T=112.0h p_yes=0.325,BTC#atexpiry,1.94,"{""pct_vs_K"":-3.6814,""sigma_h"":0.007801,""T_h"":111.9773,""log_ratio"":-0.037508,""prob_yes_original"":0.3248,""moon_phase"":0.3954,""mercury_retrogrado"":0,""horas_hasta_fomc"":546.0,""smart_money_consensus"":0.0545,""smart_money_n_wallets"":8,""smart_money_consensus_ponderado"":0.1066,""smart_money_n_wallets_ponderado"":8}"
2026-08-25T00:01:18+00:00,PRICE_TARGET_GBM,3779868,"Will the price of Bitcoin be above $84,000 on August 29?",2026-08-29T16:00:00,111.98,0.1000,0.2277,0.1277,0.1227,0.1227,SKIP,price_target_gbm BTC atexpiry K=84000 spot=78981 (-6.0%vsK) sigma_h=0.0078 T=112.0h p_yes=0.228,BTC#atexpiry,0.50,"{""pct_vs_K"":-5.9747,""sigma_h"":0.007801,""T_h"":111.9773,""log_ratio"":-0.061606,""moon_phase"":0.3954,""mercury_retrogrado"":0,""horas_hasta_fomc"":546.0,""smart_money_consensus"":0.0545,""smart_money_n_wallets"":8,""smart_money_consensus_ponderado"":0.1066,""smart_money_n_wallets_ponderado"":8}"
2026-08-25T00:01:18+00:00,PRICE_TARGET_GBM_FADE,3779868,"Will the price of Bitcoin be above $84,000 on August 29?",2026-08-29T16:00:00,111.98,0.1000,0.7723,0.6723,0.6673,0.6673,BUY_YES,price_target_gbm_fade (invierte 0.228) price_target_gbm BTC atexpiry K=84000 spot=78981 (-6.0%vsK) sigma_h=0.0078 T=112.0h p_yes=0.228,BTC#atexpiry,1.94,"{""pct_vs_K"":-5.9747,""sigma_h"":0.007801,""T_h"":111.9773,""log_ratio"":-0.061606,""prob_yes_original"":0.2277,""moon_phase"":0.3954,""mercury_retrogrado"":0,""horas_hasta_fomc"":546.0,""smart_money_consensus"":0.0545,""smart_money_n_wallets"":8,""smart_money_consensus_ponderado"":0.1066,""smart_money_n_wallets_ponderado"":8}"
2026-08-25T00:01:18+00:00,PRICE_TARGET_GBM,3779871,"Will the price of Bitcoin be above $86,000 on August 29?",2026-08-29T16:00:00,111.98,0.0515,0.1512,0.0997,0.0947,0.0947,SKIP,price_target_gbm BTC atexpiry K=86000 spot=78981 (-8.2%vsK) sigma_h=0.0078 T=112.0h p_yes=0.151,BTC#atexpiry,0.50,"{""pct_vs_K"":-8.1613,""sigma_h"":0.007801,""T_h"":111.9773,""log_ratio"":-0.085136,""moon_phase"":0.3954,""mercury_retrogrado"":0,""horas_hasta_fomc"":546.0,""smart_money_consensus"":0.0545,""smart_money_n_wallets"":8,""smart_money_consensus_ponderado"":0.1066,""smart_money_n_wallets_ponderado"":8}"
2026-08-25T00:01:18+00:00,PRICE_TARGET_GBM_FADE,3779871,"Will the price of Bitcoin be above $86,000 on August 29?",2026-08-29T16:00:00,111.98,0.0515,0.8488,0.7973,0.7923,0.7923,SKIP,price_target_gbm_fade (invierte 0.151) price_target_gbm BTC atexpiry K=86000 spot=78981 (-8.2%vsK) sigma_h=0.0078 T=112.0h p_yes=0.151,BTC#atexpiry,0.50,"{""pct_vs_K"":-8.1613,""sigma_h"":0.007801,""T_h"":111.9773,""log_ratio"":-0.085136,""prob_yes_original"":0.1512,""moon_phase"":0.3954,""mercury_retrogrado"":0,""horas_hasta_fomc"":546.0,""smart_money_consensus"":0.0545,""smart_money_n_wallets"":8,""smart_money_consensus_ponderado"":0.1066,""smart_money_n_wallets_ponderado"":8}"
2026-08-25T00:01:18+00:00,PRICE_TARGET_GBM,3779886,Will the price of Solana be above $40 on August 29?,2026-08-29T16:00:00,111.98,0.9835,0.9500,-0.0335,-0.0285,-0.0285,SKIP,price_target_gbm SOL atexpiry K=40 spot=98.8 (+147.0%vsK) sigma_h=0.0151 T=112.0h p_yes=1.000,SOL#atexpiry,0.50,"{""pct_vs_K"":147.0,""sigma_h"":0.015071,""T_h"":111.9773,""log_ratio"":0.904218,""moon_phase"":0.3954,""mercury_retrogrado"":0,""horas_hasta_fomc"":546.0,""smart_money_consensus"":0.129,""smart_money_n_wallets"":4,""smart_money_consensus_ponderado"":0.2386,""smart_money_n_wallets_ponderado"":4}"
2026-08-25T00:01:18+00:00,PRICE_TARGET_GBM_FADE,3779886,Will the price of Solana be above $40 on August 29?,2026-08-29T16:00:00,111.98,0.9835,0.0500,-0.9335,-0.9285,-0.9285,SKIP,price_target_gbm_fade (invierte 0.950) price_target_gbm SOL atexpiry K=40 spot=98.8 (+147.0%vsK) sigma_h=0.0151 T=112.0h p_yes=1.000,SOL#atexpiry,0.50,"{""pct_vs_K"":147.0,""sigma_h"":0.015071,""T_h"":111.9773,""log_ratio"":0.904218,""prob_yes_original"":0.95,""moon_phase"":0.3954,""mercury_retrogrado"":0,""horas_hasta_fomc"":546.0,""smart_money_consensus"":0.129,""smart_money_n_wallets"":4,""smart_money_consensus_ponderado"":0.2386,""smart_money_n_wallets_ponderado"":4}"
2026-08-25T00:01:18+00:00,PRICE_TARGET_GBM,3779889,Will the price of Solana be above $50 on August 29?,2026-08-29T16:00:00,111.98,0.9840,0.9500,-0.0340,-0.0290,-0.0290,SKIP,price_target_gbm SOL atexpiry K=50 spot=98.8 (+97.6%vsK) sigma_h=0.0151 T=112.0h p_yes=1.000,SOL#atexpiry,0.50,"{""pct_vs_K"":97.6,""sigma_h"":0.015071,""T_h"":111.9773,""log_ratio"":0.681075,""moon_phase"":0.3954,""mercury_retrogrado"":0,""horas_hasta_fomc"":546.0,""smart_money_consensus"":0.129,""smart_money_n_wallets"":4,""smart_money_consensus_ponderado"":0.2386,""smart_money_n_wallets_ponderado"":4}"
2026-08-25T00:01:18+00:00,PRICE_TARGET_GBM_FADE,3779889,Will the price of Solana be above $50 on August 29?,2026-08-29T16:00:00,111.98,0.9840,0.0500,-0.9340,-0.9290,-0.9290,SKIP,price_target_gbm_fade (invierte 0.950) price_target_gbm SOL atexpiry K=50 spot=98.8 (+97.6%vsK) sigma_h=0.0151 T=112.0h p_yes=1.000,SOL#atexpiry,0.50,"{""pct_vs_K"":97.6,""sigma_h"":0.015071,""T_h"":111.9773,""log_ratio"":0.681075,""prob_yes_original"":0.95,""moon_phase"":0.3954,""mercury_retrogrado"":0,""horas_hasta_fomc"":546.0,""smart_money_consensus"":0.129,""smart_money_n_wallets"":4,""smart_money_consensus_ponderado"":0.2386,""smart_money_n_wallets_ponderado"":4}"
2026-08-25T00:01:18+00:00,PRICE_TARGET_GBM,3779892,Will the price of Solana be above $60 on August 29?,2026-08-29T16:00:00,111.98,0.9830,0.9500,-0.0330,-0.0280,-0.0280,SKIP,price_target_gbm SOL atexpiry K=60 spot=98.8 (+64.7%vsK) sigma_h=0.0151 T=112.0h p_yes=0.999,SOL#atexpiry,0.50,"{""pct_vs_K"":64.6667,""sigma_h"":0.015071,""T_h"":111.9773,""log_ratio"":0.498753,""moon_phase"":0.3954,""mercury_retrogrado"":0,""horas_hasta_fomc"":546.0,""smart_money_consensus"":0.129,""smart_money_n_wallets"":4,""smart_money_consensus_ponderado"":0.2386,""smart_money_n_wallets_ponderado"":4}"
2026-08-25T00:01:18+00:00,PRICE_TARGET_GBM_FADE,3779892,Will the price of Solana be above $60 on August 29?,2026-08-29T16:00:00,111.98,0.9830,0.0500,-0.9330,-0.9280,-0.9280,SKIP,price_target_gbm_fade (invierte 0.950) price_target_gbm SOL atexpiry K=60 spot=98.8 (+64.7%vsK) sigma_h=0.0151 T=112.0h p_yes=0.999,SOL#atexpiry,0.50,"{""pct_vs_K"":64.6667,""sigma_h"":0.015071,""T_h"":111.9773,""log_ratio"":0.498753,""prob_yes_original"":0.95,""moon_phase"":0.3954,""mercury_retrogrado"":0,""horas_hasta_fomc"":546.0,""smart_money_consensus"":0.129,""smart_money_n_wallets"":4,""smart_money_consensus_ponderado"":0.2386,""smart_money_n_wallets_ponderado"":4}"
2026-08-25T00:01:18+00:00,PRICE_TARGET_GBM,3779895,Will the price of Solana be above $70 on August 29?,2026-08-29T16:00:00,111.98,0.9815,0.9500,-0.0315,-0.0265,-0.0265,SKIP,price_target_gbm SOL atexpiry K=70 spot=98.8 (+41.1%vsK) sigma_h=0.0151 T=112.0h p_yes=0.985,SOL#atexpiry,0.50,"{""pct_vs_K"":41.1429,""sigma_h"":0.015071,""T_h"":111.9773,""log_ratio"":0.344602,""moon_phase"":0.3954,""mercury_retrogrado"":0,""horas_hasta_fomc"":546.0,""smart_money_consensus"":0.129,""smart_money_n_wallets"":4,""smart_money_consensus_ponderado"":0.2386,""smart_money_n_wallets_ponderado"":4}"
2026-08-25T00:01:18+00:00,PRICE_TARGET_GBM_FADE,3779895,Will the price of Solana be above $70 on August 29?,2026-08-29T16:00:00,111.98,0.9815,0.0500,-0.9315,-0.9265,-0.9265,SKIP,price_target_gbm_fade (invierte 0.950) price_target_gbm SOL atexpiry K=70 spot=98.8 (+41.1%vsK) sigma_h=0.0151 T=112.0h p_yes=0.985,SOL#atexpiry,0.50,"{""pct_vs_K"":41.1429,""sigma_h"":0.015071,""T_h"":111.9773,""log_ratio"":0.344602,""prob_yes_original"":0.95,""moon_phase"":0.3954,""mercury_retrogrado"":0,""horas_hasta_fomc"":546.0,""smart_money_consensus"":0.129,""smart_money_n_wallets"":4,""smart_money_consensus_ponderado"":0.2386,""smart_money_n_wallets_ponderado"":4}"
2026-08-25T00:01:18+00:00,PRICE_TARGET_GBM,3779898,Will the price of Solana be above $80 on August 29?,2026-08-29T16:00:00,111.98,0.9730,0.9072,-0.0658,-0.0608,-0.0608,SKIP,price_target_gbm SOL atexpiry K=80 spot=98.8 (+23.5%vsK) sigma_h=0.0151 T=112.0h p_yes=0.907,SOL#atexpiry,0.50,"{""pct_vs_K"":23.5,""sigma_h"":0.015071,""T_h"":111.9773,""log_ratio"":0.211071,""moon_phase"":0.3954,""mercury_retrogrado"":0,""horas_hasta_fomc"":546.0,""smart_money_consensus"":0.129,""smart_money_n_wallets"":4,""smart_money_consensus_ponderado"":0.2386,""smart_money_n_wallets_ponderado"":4}"
2026-08-25T00:01:18+00:00,PRICE_TARGET_GBM_FADE,3779898,Will the price of Solana be above $80 on August 29?,2026-08-29T16:00:00,111.98,0.9730,0.0928,-0.8802,-0.8752,-0.8752,SKIP,price_target_gbm_fade (invierte 0.907) price_target_gbm SOL atexpiry K=80 spot=98.8 (+23.5%vsK) sigma_h=0.0151 T=112.0h p_yes=0.907,SOL#atexpiry,0.50,"{""pct_vs_K"":23.5,""sigma_h"":0.015071,""T_h"":111.9773,""log_ratio"":0.211071,""prob_yes_original"":0.9072,""moon_phase"":0.3954,""mercury_retrogrado"":0,""horas_hasta_fomc"":546.0,""smart_money_consensus"":0.129,""smart_money_n_wallets"":4,""smart_money_consensus_ponderado"":0.2386,""smart_money_n_wallets_ponderado"":4}"
2026-08-25T00:01:18+00:00,PRICE_TARGET_GBM,3779911,Will the price of Solana be above $120 on August 29?,2026-08-29T16:00:00,111.98,0.0480,0.1114,0.0634,0.0584,0.0584,SKIP,price_target_gbm SOL atexpiry K=120 spot=98.8 (-17.7%vsK) sigma_h=0.0151 T=112.0h p_yes=0.111,SOL#atexpiry,0.50,"{""pct_vs_K"":-17.6667,""sigma_h"":0.015071,""T_h"":111.9773,""log_ratio"":-0.194394,""moon_phase"":0.3954,""mercury_retrogrado"":0,""horas_hasta_fomc"":546.0,""smart_money_consensus"":0.129,""smart_money_n_wallets"":4,""smart_money_consensus_ponderado"":0.2386,""smart_money_n_wallets_ponderado"":4}"
2026-08-25T00:01:18+00:00,PRICE_TARGET_GBM_FADE,3779911,Will the price of Solana be above $120 on August 29?,2026-08-29T16:00:00,111.98,0.0480,0.8886,0.8406,0.8356,0.8356,SKIP,price_target_gbm_fade (invierte 0.111) price_target_gbm SOL atexpiry K=120 spot=98.8 (-17.7%vsK) sigma_h=0.0151 T=112.0h p_yes=0.111,SOL#atexpiry,0.50,"{""pct_vs_K"":-17.6667,""sigma_h"":0.015071,""T_h"":111.9773,""log_ratio"":-0.194394,""prob_yes_original"":0.1114,""moon_phase"":0.3954,""mercury_retrogrado"":0,""horas_hasta_fomc"":546.0,""smart_money_consensus"":0.129,""smart_money_n_wallets"":4,""smart_money_consensus_ponderado"":0.2386,""smart_money_n_wallets_ponderado"":4}"
2026-08-25T00:01:18+00:00,PRICE_TARGET_GBM,3779913,Will the price of Solana be above $130 on August 29?,2026-08-29T16:00:00,111.98,0.0270,0.0500,0.0230,0.0180,0.0180,SKIP,price_target_gbm SOL atexpiry K=130 spot=98.8 (-24.0%vsK) sigma_h=0.0151 T=112.0h p_yes=0.043,SOL#atexpiry,0.50,"{""pct_vs_K"":-24.0,""sigma_h"":0.015071,""T_h"":111.9773,""log_ratio"":-0.274437,""moon_phase"":0.3954,""mercury_retrogrado"":0,""horas_hasta_fomc"":546.0,""smart_money_consensus"":0.129,""smart_money_n_wallets"":4,""smart_money_consensus_ponderado"":0.2386,""smart_money_n_wallets_ponderado"":4}"
2026-08-25T00:01:18+00:00,PRICE_TARGET_GBM_FADE,3779913,Will the price of Solana be above $130 on August 29?,2026-08-29T16:00:00,111.98,0.0270,0.9500,0.9230,0.9180,0.9180,SKIP,price_target_gbm_fade (invierte 0.050) price_target_gbm SOL atexpiry K=130 spot=98.8 (-24.0%vsK) sigma_h=0.0151 T=112.0h p_yes=0.043,SOL#atexpiry,0.50,"{""pct_vs_K"":-24.0,""sigma_h"":0.015071,""T_h"":111.9773,""log_ratio"":-0.274437,""prob_yes_original"":0.05,""moon_phase"":0.3954,""mercury_retrogrado"":0,""horas_hasta_fomc"":546.0,""smart_money_consensus"":0.129,""smart_money_n_wallets"":4,""smart_money_consensus_ponderado"":0.2386,""smart_money_n_wallets_ponderado"":4}"
2026-08-25T00:01:18+00:00,PRICE_TARGET_GBM,3779915,Will the price of Solana be above $140 on August 29?,2026-08-29T16:00:00,111.98,0.0155,0.0500,0.0345,0.0295,0.0295,SKIP,price_target_gbm SOL atexpiry K=140 spot=98.8 (-29.4%vsK) sigma_h=0.0151 T=112.0h p_yes=0.014,SOL#atexpiry,0.50,"{""pct_vs_K"":-29.4286,""sigma_h"":0.015071,""T_h"":111.9773,""log_ratio"":-0.348545,""moon_phase"":0.3954,""mercury_retrogrado"":0,""horas_hasta_fomc"":546.0,""smart_money_consensus"":0.129,""smart_money_n_wallets"":4,""smart_money_consensus_ponderado"":0.2386,""smart_money_n_wallets_ponderado"":4}"
2026-08-25T00:01:18+00:00,PRICE_TARGET_GBM_FADE,3779915,Will the price of Solana be above $140 on August 29?,2026-08-29T16:00:00,111.98,0.0155,0.9500,0.9345,0.9295,0.9295,SKIP,price_target_gbm_fade (invierte 0.050) price_target_gbm SOL atexpiry K=140 spot=98.8 (-29.4%vsK) sigma_h=0.0151 T=112.0h p_yes=0.014,SOL#atexpiry,0.50,"{""pct_vs_K"":-29.4286,""sigma_h"":0.015071,""T_h"":111.9773,""log_ratio"":-0.348545,""prob_yes_original"":0.05,""moon_phase"":0.3954,""mercury_retrogrado"":0,""horas_hasta_fomc"":546.0,""smart_money_consensus"":0.129,""smart_money_n_wallets"":4,""smart_money_consensus_ponderado"":0.2386,""smart_money_n_wallets_ponderado"":4}"
2026-08-25T00:01:18+00:00,PRICE_TARGET_GBM,3780327,Will Solana reach $100 in August?,2026-09-01T04:00:00,171.98,0.8550,0.9500,0.0950,0.0900,0.0900,BUY_YES,price_target_gbm SOL reach K=100 spot=98.8 (-1.2%vsK) sigma_h=0.0156 T=172.0h p_yes=0.953,SOL#reach,0.50,"{""pct_vs_K"":-1.2,""sigma_h"":0.015606,""T_h"":171.9773,""log_ratio"":-0.012073,""moon_phase"":0.3954,""mercury_retrogrado"":0,""horas_hasta_fomc"":546.0,""smart_money_consensus"":0.129,""smart_money_n_wallets"":4,""smart_money_consensus_ponderado"":0.2386,""smart_money_n_wallets_ponderado"":4}"
2026-08-25T00:01:18+00:00,PRICE_TARGET_GBM_FADE,3780327,Will Solana reach $100 in August?,2026-09-01T04:00:00,171.98,0.8550,0.0500,-0.8050,-0.8000,0.8000,BUY_NO,price_target_gbm_fade (invierte 0.950) price_target_gbm SOL reach K=100 spot=98.8 (-1.2%vsK) sigma_h=0.0156 T=172.0h p_yes=0.953,SOL#reach,0.50,"{""pct_vs_K"":-1.2,""sigma_h"":0.015606,""T_h"":171.9773,""log_ratio"":-0.012073,""prob_yes_original"":0.95,""moon_phase"":0.3954,""mercury_retrogrado"":0,""horas_hasta_fomc"":546.0,""smart_money_consensus"":0.129,""smart_money_n_wallets"":4,""smart_money_consensus_ponderado"":0.2386,""smart_money_n_wallets_ponderado"":4}"
2026-08-25T00:01:18+00:00,UPDOWN_GBM,3790516,"Bitcoin Up or Down - August 24, 8PM ET",2026-08-25T01:00:00,0.98,0.4950,0.5212,0.0262,0.0212,0.0212,BUY_YES,updown_gbm BTC 60min ref=7.897e+04 spot=7.898e+04 (+0.01%) sigma_h=0.0046 T=0.98h p_up=0.521 mu_h=+0.0002,BTC#60min,0.50,"{""pct_spot_vs_ref"":0.0088,""spot_es_twap"":0,""sigma_h"":0.004621,""T_h"":0.9773,""hora_utc"":0,""sigma_ewma_delta_pct"":13.514,""drift_15min"":0.1647,""drift_60min"":0.3159,""kalman_mu_h"":9.7e-05,""delta_ratio_macro"":0.1814,""cross_window_spread"":-0.0075,""ibs_15"":0.8744,""dist_vwap_pct"":0.0129,""poly_drift_5obs"":-1.0,""funding_rate_8h"":0.00587,""retest_pct"":null,""logit_edge"":0.1048,""sigma_b"":0.0094,""libro_spread"":0.01,""libro_liquidez"":15430.5275,""banda_fina_vetaria_fase1"":false,""banda_fina_motivo"":""fuera_de_bandas_significativas"",""gate_bucket_propio_veredicto"":""sin_concluir"",""moon_phase"":0.3954,""mercury_retrogrado"":0,""horas_hasta_fomc"":546.0,""smart_money_consensus"":0.0545,""smart_money_n_wallets"":8,""smart_money_consensus_ponderado"":0.1066,""smart_money_n_wallets_ponderado"":8,""ballenas_significativo"":true,""ballenas_banda_lo"":0.3,""ballenas_banda_hi"":0.5,""ballenas_rest_lo_min"":27.53,""ballenas_rest_hi_min"":55.7,""ballenas_dentro_banda"":true}"
2026-08-25T00:01:18+00:00,UPDOWN_GBM,3790517,"Ethereum Up or Down - August 24, 8PM ET",2026-08-25T01:00:00,0.98,0.4950,0.5188,0.0238,0.0188,0.0188,SKIP,updown_gbm ETH 60min ref=2482 spot=2482 (+0.01%) sigma_h=0.0054 T=0.98h p_up=0.519 mu_h=+0.0001,ETH#60min,0.50,"{""pct_spot_vs_ref"":0.0105,""spot_es_twap"":0,""sigma_h"":0.005367,""T_h"":0.9773,""hora_utc"":0,""sigma_ewma_delta_pct"":2.685,""drift_15min"":-0.112,""drift_60min"":0.2989,""kalman_mu_h"":0.000113,""delta_ratio_macro"":-0.014,""cross_window_spread"":-0.0071,""ibs_15"":0.7507,""dist_vwap_pct"":0.008,""poly_drift_5obs"":-4.8077,""funding_rate_8h"":0.00938,""retest_pct"":null,""logit_edge"":0.0954,""sigma_b"":0.034,""libro_spread"":0.01,""libro_liquidez"":12998.62,""banda_fina_vetaria_fase1"":false,""banda_fina_motivo"":""fuera_de_bandas_significativas"",""gate_bucket_propio_veredicto"":""sin_concluir"",""moon_phase"":0.3954,""mercury_retrogrado"":0,""horas_hasta_fomc"":546.0,""smart_money_consensus"":0.1401,""smart_money_n_wallets"":7,""smart_money_consensus_ponderado"":-0.0219,""smart_money_n_wallets_ponderado"":7,""ballenas_significativo"":true,""ballenas_banda_lo"":0.05,""ballenas_banda_hi"":0.3,""ballenas_rest_lo_min"":8.43,""ballenas_rest_hi_min"":40.13,""ballenas_dentro_banda"":false}"
2026-08-25T00:01:18+00:00,UPDOWN_GBM,3790518,"Solana Up or Down - August 24, 8PM ET",2026-08-25T01:00:00,0.98,0.4750,0.4991,0.0241,0.0191,0.0191,SKIP,updown_gbm SOL 60min ref=98.87 spot=98.8 (-0.07%) sigma_h=0.0159 T=0.98h p_up=0.499 mu_h=+0.0007,SOL#60min,0.50,"{""pct_spot_vs_ref"":-0.0708,""spot_es_twap"":0,""sigma_h"":0.015859,""T_h"":0.9773,""hora_utc"":0,""sigma_ewma_delta_pct"":-15.412,""drift_15min"":1.259,""drift_60min"":1.3749,""kalman_mu_h"":0.000123,""delta_ratio_macro"":0.1152,""cross_window_spread"":-0.03,""gap_sigma_implicita"":-0.015272,""ibs_15"":0.75,""dist_vwap_pct"":0.0304,""poly_drift_5obs"":0.0,""funding_rate_8h"":0.01,""retest_pct"":null,""logit_edge"":0.0964,""sigma_b"":0.0267,""libro_spread"":0.01,""libro_liquidez"":3544.9993,""banda_fina_vetaria_fase1"":false,""banda_fina_motivo"":""sin_banda_calibrada"",""gate_bucket_propio_veredicto"":""sin_concluir"",""moon_phase"":0.3954,""mercury_retrogrado"":0,""horas_hasta_fomc"":546.0,""smart_money_consensus"":0.129,""smart_money_n_wallets"":4,""smart_money_consensus_ponderado"":0.2386,""smart_money_n_wallets_ponderado"":4,""ballenas_significativo"":false}"
2026-08-25T00:01:18+00:00,PRICE_TARGET_GBM,3808941,"Will the price of Ethereum be above $1,900 on August 30?",2026-08-30T16:00:00,135.98,0.9870,0.9500,-0.0370,-0.0320,-0.0320,SKIP,price_target_gbm ETH atexpiry K=1900 spot=2482.1 (+30.6%vsK) sigma_h=0.0096 T=136.0h p_yes=0.992,ETH#atexpiry,0.50,"{""pct_vs_K"":30.6342,""sigma_h"":0.00959,""T_h"":135.9773,""log_ratio"":0.267231,""moon_phase"":0.3954,""mercury_retrogrado"":0,""horas_hasta_fomc"":546.0,""smart_money_consensus"":0.1401,""smart_money_n_wallets"":7,""smart_money_consensus_ponderado"":-0.0219,""smart_money_n_wallets_ponderado"":7}"
2026-08-25T00:01:18+00:00,PRICE_TARGET_GBM_FADE,3808941,"Will the price of Ethereum be above $1,900 on August 30?",2026-08-30T16:00:00,135.98,0.9870,0.0500,-0.9370,-0.9320,-0.9320,SKIP,price_target_gbm_fade (invierte 0.950) price_target_gbm ETH atexpiry K=1900 spot=2482.1 (+30.6%vsK) sigma_h=0.0096 T=136.0h p_yes=0.992,ETH#atexpiry,0.50,"{""pct_vs_K"":30.6342,""sigma_h"":0.00959,""T_h"":135.9773,""log_ratio"":0.267231,""prob_yes_original"":0.95,""moon_phase"":0.3954,""mercury_retrogrado"":0,""horas_hasta_fomc"":546.0,""smart_money_consensus"":0.1401,""smart_money_n_wallets"":7,""smart_money_consensus_ponderado"":-0.0219,""smart_money_n_wallets_ponderado"":7}"
2026-08-25T00:01:18+00:00,PRICE_TARGET_GBM,3808943,"Will the price of Ethereum be above $2,000 on August 30?",2026-08-30T16:00:00,135.98,0.9850,0.9500,-0.0350,-0.0300,-0.0300,SKIP,price_target_gbm ETH atexpiry K=2000 spot=2482.1 (+24.1%vsK) sigma_h=0.0096 T=136.0h p_yes=0.973,ETH#atexpiry,0.50,"{""pct_vs_K"":24.1025,""sigma_h"":0.00959,""T_h"":135.9773,""log_ratio"":0.215938,""moon_phase"":0.3954,""mercury_retrogrado"":0,""horas_hasta_fomc"":546.0,""smart_money_consensus"":0.1401,""smart_money_n_wallets"":7,""smart_money_consensus_ponderado"":-0.0219,""smart_money_n_wallets_ponderado"":7}"
2026-08-25T00:01:18+00:00,PRICE_TARGET_GBM_FADE,3808943,"Will the price of Ethereum be above $2,000 on August 30?",2026-08-30T16:00:00,135.98,0.9850,0.0500,-0.9350,-0.9300,-0.9300,SKIP,price_target_gbm_fade (invierte 0.950) price_target_gbm ETH atexpiry K=2000 spot=2482.1 (+24.1%vsK) sigma_h=0.0096 T=136.0h p_yes=0.973,ETH#atexpiry,0.50,"{""pct_vs_K"":24.1025,""sigma_h"":0.00959,""T_h"":135.9773,""log_ratio"":0.215938,""prob_yes_original"":0.95,""moon_phase"":0.3954,""mercury_retrogrado"":0,""horas_hasta_fomc"":546.0,""smart_money_consensus"":0.1401,""smart_money_n_wallets"":7,""smart_money_consensus_ponderado"":-0.0219,""smart_money_n_wallets_ponderado"":7}"
2026-08-25T00:01:18+00:00,PRICE_TARGET_GBM,3808945,"Will the price of Ethereum be above $2,100 on August 30?",2026-08-30T16:00:00,135.98,0.9750,0.9325,-0.0425,-0.0375,-0.0375,SKIP,price_target_gbm ETH atexpiry K=2100 spot=2482.1 (+18.2%vsK) sigma_h=0.0096 T=136.0h p_yes=0.932,ETH#atexpiry,0.50,"{""pct_vs_K"":18.1929,""sigma_h"":0.00959,""T_h"":135.9773,""log_ratio"":0.167147,""moon_phase"":0.3954,""mercury_retrogrado"":0,""horas_hasta_fomc"":546.0,""smart_money_consensus"":0.1401,""smart_money_n_wallets"":7,""smart_money_consensus_ponderado"":-0.0219,""smart_money_n_wallets_ponderado"":7}"
2026-08-25T00:01:18+00:00,PRICE_TARGET_GBM_FADE,3808945,"Will the price of Ethereum be above $2,100 on August 30?",2026-08-30T16:00:00,135.98,0.9750,0.0675,-0.9075,-0.9025,-0.9025,SKIP,price_target_gbm_fade (invierte 0.932) price_target_gbm ETH atexpiry K=2100 spot=2482.1 (+18.2%vsK) sigma_h=0.0096 T=136.0h p_yes=0.932,ETH#atexpiry,0.50,"{""pct_vs_K"":18.1929,""sigma_h"":0.00959,""T_h"":135.9773,""log_ratio"":0.167147,""prob_yes_original"":0.9325,""moon_phase"":0.3954,""mercury_retrogrado"":0,""horas_hasta_fomc"":546.0,""smart_money_consensus"":0.1401,""smart_money_n_wallets"":7,""smart_money_consensus_ponderado"":-0.0219,""smart_money_n_wallets_ponderado"":7}"
2026-08-25T00:01:18+00:00,PRICE_TARGET_GBM,3808949,"Will the price of Ethereum be above $2,200 on August 30?",2026-08-30T16:00:00,135.98,0.9500,0.8596,-0.0904,-0.0854,-0.0854,SKIP,price_target_gbm ETH atexpiry K=2200 spot=2482.1 (+12.8%vsK) sigma_h=0.0096 T=136.0h p_yes=0.860,ETH#atexpiry,0.50,"{""pct_vs_K"":12.8205,""sigma_h"":0.00959,""T_h"":135.9773,""log_ratio"":0.120627,""moon_phase"":0.3954,""mercury_retrogrado"":0,""horas_hasta_fomc"":546.0,""smart_money_consensus"":0.1401,""smart_money_n_wallets"":7,""smart_money_consensus_ponderado"":-0.0219,""smart_money_n_wallets_ponderado"":7}"
2026-08-25T00:01:18+00:00,PRICE_TARGET_GBM_FADE,3808949,"Will the price of Ethereum be above $2,200 on August 30?",2026-08-30T16:00:00,135.98,0.9500,0.1404,-0.8096,-0.8046,-0.8046,SKIP,price_target_gbm_fade (invierte 0.860) price_target_gbm ETH atexpiry K=2200 spot=2482.1 (+12.8%vsK) sigma_h=0.0096 T=136.0h p_yes=0.860,ETH#atexpiry,0.50,"{""pct_vs_K"":12.8205,""sigma_h"":0.00959,""T_h"":135.9773,""log_ratio"":0.120627,""prob_yes_original"":0.8596,""moon_phase"":0.3954,""mercury_retrogrado"":0,""horas_hasta_fomc"":546.0,""smart_money_consensus"":0.1401,""smart_money_n_wallets"":7,""smart_money_consensus_ponderado"":-0.0219,""smart_money_n_wallets_ponderado"":7}"
2026-08-25T00:01:18+00:00,PRICE_TARGET_GBM,3808953,"Will the price of Ethereum be above $2,300 on August 30?",2026-08-30T16:00:00,135.98,0.8500,0.7521,-0.0979,-0.0929,-0.0929,SKIP,price_target_gbm ETH atexpiry K=2300 spot=2482.1 (+7.9%vsK) sigma_h=0.0096 T=136.0h p_yes=0.752,ETH#atexpiry,0.50,"{""pct_vs_K"":7.9152,""sigma_h"":0.00959,""T_h"":135.9773,""log_ratio"":0.076176,""moon_phase"":0.3954,""mercury_retrogrado"":0,""horas_hasta_fomc"":546.0,""smart_money_consensus"":0.1401,""smart_money_n_wallets"":7,""smart_money_consensus_ponderado"":-0.0219,""smart_money_n_wallets_ponderado"":7}"
2026-08-25T00:01:18+00:00,PRICE_TARGET_GBM_FADE,3808953,"Will the price of Ethereum be above $2,300 on August 30?",2026-08-30T16:00:00,135.98,0.8500,0.2479,-0.6021,-0.5971,0.5971,BUY_NO,price_target_gbm_fade (invierte 0.752) price_target_gbm ETH atexpiry K=2300 spot=2482.1 (+7.9%vsK) sigma_h=0.0096 T=136.0h p_yes=0.752,ETH#atexpiry,0.50,"{""pct_vs_K"":7.9152,""sigma_h"":0.00959,""T_h"":135.9773,""log_ratio"":0.076176,""prob_yes_original"":0.7521,""moon_phase"":0.3954,""mercury_retrogrado"":0,""horas_hasta_fomc"":546.0,""smart_money_consensus"":0.1401,""smart_money_n_wallets"":7,""smart_money_consensus_ponderado"":-0.0219,""smart_money_n_wallets_ponderado"":7}"
2026-08-25T00:01:18+00:00,PRICE_TARGET_GBM,3808957,"Will the price of Ethereum be above $2,400 on August 30?",2026-08-30T16:00:00,135.98,0.6650,0.6181,-0.0469,-0.0419,-0.0419,SKIP,price_target_gbm ETH atexpiry K=2400 spot=2482.1 (+3.4%vsK) sigma_h=0.0096 T=136.0h p_yes=0.618,ETH#atexpiry,0.50,"{""pct_vs_K"":3.4188,""sigma_h"":0.00959,""T_h"":135.9773,""log_ratio"":0.033616,""moon_phase"":0.3954,""mercury_retrogrado"":0,""horas_hasta_fomc"":546.0,""smart_money_consensus"":0.1401,""smart_money_n_wallets"":7,""smart_money_consensus_ponderado"":-0.0219,""smart_money_n_wallets_ponderado"":7}"
2026-08-25T00:01:18+00:00,PRICE_TARGET_GBM_FADE,3808957,"Will the price of Ethereum be above $2,400 on August 30?",2026-08-30T16:00:00,135.98,0.6650,0.3819,-0.2831,-0.2781,0.2781,BUY_NO,price_target_gbm_fade (invierte 0.618) price_target_gbm ETH atexpiry K=2400 spot=2482.1 (+3.4%vsK) sigma_h=0.0096 T=136.0h p_yes=0.618,ETH#atexpiry,0.50,"{""pct_vs_K"":3.4188,""sigma_h"":0.00959,""T_h"":135.9773,""log_ratio"":0.033616,""prob_yes_original"":0.6181,""moon_phase"":0.3954,""mercury_retrogrado"":0,""horas_hasta_fomc"":546.0,""smart_money_consensus"":0.1401,""smart_money_n_wallets"":7,""smart_money_consensus_ponderado"":-0.0219,""smart_money_n_wallets_ponderado"":7}"
2026-08-25T00:01:18+00:00,PRICE_TARGET_GBM,3808960,"Will the price of Ethereum be above $2,500 on August 30?",2026-08-30T16:00:00,135.98,0.4350,0.4743,0.0393,0.0343,0.0343,SKIP,price_target_gbm ETH atexpiry K=2500 spot=2482.1 (-0.7%vsK) sigma_h=0.0096 T=136.0h p_yes=0.474,ETH#atexpiry,0.50,"{""pct_vs_K"":-0.718,""sigma_h"":0.00959,""T_h"":135.9773,""log_ratio"":-0.007206,""moon_phase"":0.3954,""mercury_retrogrado"":0,""horas_hasta_fomc"":546.0,""smart_money_consensus"":0.1401,""smart_money_n_wallets"":7,""smart_money_consensus_ponderado"":-0.0219,""smart_money_n_wallets_ponderado"":7}"
2026-08-25T00:01:18+00:00,PRICE_TARGET_GBM_FADE,3808960,"Will the price of Ethereum be above $2,500 on August 30?",2026-08-30T16:00:00,135.98,0.4350,0.5257,0.0907,0.0857,0.0857,SKIP,price_target_gbm_fade (invierte 0.474) price_target_gbm ETH atexpiry K=2500 spot=2482.1 (-0.7%vsK) sigma_h=0.0096 T=136.0h p_yes=0.474,ETH#atexpiry,0.50,"{""pct_vs_K"":-0.718,""sigma_h"":0.00959,""T_h"":135.9773,""log_ratio"":-0.007206,""prob_yes_original"":0.4743,""moon_phase"":0.3954,""mercury_retrogrado"":0,""horas_hasta_fomc"":546.0,""smart_money_consensus"":0.1401,""smart_money_n_wallets"":7,""smart_money_consensus_ponderado"":-0.0219,""smart_money_n_wallets_ponderado"":7}"
2026-08-25T00:01:18+00:00,PRICE_TARGET_GBM,3808964,"Will the price of Ethereum be above $2,600 on August 30?",2026-08-30T16:00:00,135.98,0.2400,0.3390,0.0990,0.0940,0.0940,SKIP,price_target_gbm ETH atexpiry K=2600 spot=2482.1 (-4.5%vsK) sigma_h=0.0096 T=136.0h p_yes=0.339,ETH#atexpiry,0.50,"{""pct_vs_K"":-4.5365,""sigma_h"":0.00959,""T_h"":135.9773,""log_ratio"":-0.046427,""moon_phase"":0.3954,""mercury_retrogrado"":0,""horas_hasta_fomc"":546.0,""smart_money_consensus"":0.1401,""smart_money_n_wallets"":7,""smart_money_consensus_ponderado"":-0.0219,""smart_money_n_wallets_ponderado"":7}"
2026-08-25T00:01:18+00:00,PRICE_TARGET_GBM_FADE,3808964,"Will the price of Ethereum be above $2,600 on August 30?",2026-08-30T16:00:00,135.98,0.2400,0.6610,0.4210,0.4160,0.4160,SKIP,price_target_gbm_fade (invierte 0.339) price_target_gbm ETH atexpiry K=2600 spot=2482.1 (-4.5%vsK) sigma_h=0.0096 T=136.0h p_yes=0.339,ETH#atexpiry,0.50,"{""pct_vs_K"":-4.5365,""sigma_h"":0.00959,""T_h"":135.9773,""log_ratio"":-0.046427,""prob_yes_original"":0.339,""moon_phase"":0.3954,""mercury_retrogrado"":0,""horas_hasta_fomc"":546.0,""smart_money_consensus"":0.1401,""smart_money_n_wallets"":7,""smart_money_consensus_ponderado"":-0.0219,""smart_money_n_wallets_ponderado"":7}"
2026-08-25T00:01:18+00:00,PRICE_TARGET_GBM,3808967,"Will the price of Ethereum be above $2,700 on August 30?",2026-08-30T16:00:00,135.98,0.1250,0.2258,0.1008,0.0958,0.0958,SKIP,price_target_gbm ETH atexpiry K=2700 spot=2482.1 (-8.1%vsK) sigma_h=0.0096 T=136.0h p_yes=0.226,ETH#atexpiry,0.50,"{""pct_vs_K"":-8.0722,""sigma_h"":0.00959,""T_h"":135.9773,""log_ratio"":-0.084167,""moon_phase"":0.3954,""mercury_retrogrado"":0,""horas_hasta_fomc"":546.0,""smart_money_consensus"":0.1401,""smart_money_n_wallets"":7,""smart_money_consensus_ponderado"":-0.0219,""smart_money_n_wallets_ponderado"":7}"
2026-08-25T00:01:18+00:00,PRICE_TARGET_GBM_FADE,3808967,"Will the price of Ethereum be above $2,700 on August 30?",2026-08-30T16:00:00,135.98,0.1250,0.7742,0.6492,0.6442,0.6442,SKIP,price_target_gbm_fade (invierte 0.226) price_target_gbm ETH atexpiry K=2700 spot=2482.1 (-8.1%vsK) sigma_h=0.0096 T=136.0h p_yes=0.226,ETH#atexpiry,0.50,"{""pct_vs_K"":-8.0722,""sigma_h"":0.00959,""T_h"":135.9773,""log_ratio"":-0.084167,""prob_yes_original"":0.2258,""moon_phase"":0.3954,""mercury_retrogrado"":0,""horas_hasta_fomc"":546.0,""smart_money_consensus"":0.1401,""smart_money_n_wallets"":7,""smart_money_consensus_ponderado"":-0.0219,""smart_money_n_wallets_ponderado"":7}"
2026-08-25T00:01:18+00:00,PRICE_TARGET_GBM,3808970,"Will the price of Ethereum be above $2,800 on August 30?",2026-08-30T16:00:00,135.98,0.0600,0.1406,0.0806,0.0756,0.0756,SKIP,price_target_gbm ETH atexpiry K=2800 spot=2482.1 (-11.4%vsK) sigma_h=0.0096 T=136.0h p_yes=0.141,ETH#atexpiry,0.50,"{""pct_vs_K"":-11.3554,""sigma_h"":0.00959,""T_h"":135.9773,""log_ratio"":-0.120535,""moon_phase"":0.3954,""mercury_retrogrado"":0,""horas_hasta_fomc"":546.0,""smart_money_consensus"":0.1401,""smart_money_n_wallets"":7,""smart_money_consensus_ponderado"":-0.0219,""smart_money_n_wallets_ponderado"":7}"
2026-08-25T00:01:18+00:00,PRICE_TARGET_GBM_FADE,3808970,"Will the price of Ethereum be above $2,800 on August 30?",2026-08-30T16:00:00,135.98,0.0600,0.8594,0.7994,0.7944,0.7944,SKIP,price_target_gbm_fade (invierte 0.141) price_target_gbm ETH atexpiry K=2800 spot=2482.1 (-11.4%vsK) sigma_h=0.0096 T=136.0h p_yes=0.141,ETH#atexpiry,0.50,"{""pct_vs_K"":-11.3554,""sigma_h"":0.00959,""T_h"":135.9773,""log_ratio"":-0.120535,""prob_yes_original"":0.1406,""moon_phase"":0.3954,""mercury_retrogrado"":0,""horas_hasta_fomc"":546.0,""smart_money_consensus"":0.1401,""smart_money_n_wallets"":7,""smart_money_consensus_ponderado"":-0.0219,""smart_money_n_wallets_ponderado"":7}"
2026-08-25T00:01:18+00:00,PRICE_TARGET_GBM,3808973,"Will the price of Ethereum be above $2,900 on August 30?",2026-08-30T16:00:00,135.98,0.0310,0.0820,0.0510,0.0460,0.0460,SKIP,price_target_gbm ETH atexpiry K=2900 spot=2482.1 (-14.4%vsK) sigma_h=0.0096 T=136.0h p_yes=0.082,ETH#atexpiry,0.50,"{""pct_vs_K"":-14.4121,""sigma_h"":0.00959,""T_h"":135.9773,""log_ratio"":-0.155626,""moon_phase"":0.3954,""mercury_retrogrado"":0,""horas_hasta_fomc"":546.0,""smart_money_consensus"":0.1401,""smart_money_n_wallets"":7,""smart_money_consensus_ponderado"":-0.0219,""smart_money_n_wallets_ponderado"":7}"
2026-08-25T00:01:18+00:00,PRICE_TARGET_GBM_FADE,3808973,"Will the price of Ethereum be above $2,900 on August 30?",2026-08-30T16:00:00,135.98,0.0310,0.9180,0.8870,0.8820,0.8820,SKIP,price_target_gbm_fade (invierte 0.082) price_target_gbm ETH atexpiry K=2900 spot=2482.1 (-14.4%vsK) sigma_h=0.0096 T=136.0h p_yes=0.082,ETH#atexpiry,0.50,"{""pct_vs_K"":-14.4121,""sigma_h"":0.00959,""T_h"":135.9773,""log_ratio"":-0.155626,""prob_yes_original"":0.082,""moon_phase"":0.3954,""mercury_retrogrado"":0,""horas_hasta_fomc"":546.0,""smart_money_consensus"":0.1401,""smart_money_n_wallets"":7,""smart_money_consensus_ponderado"":-0.0219,""smart_money_n_wallets_ponderado"":7}"
2026-08-25T00:01:18+00:00,PRICE_TARGET_GBM,3808994,"Will the price of Bitcoin be above $68,000 on August 30?",2026-08-30T16:00:00,135.98,0.9815,0.9208,-0.0607,-0.0557,-0.0557,SKIP,price_target_gbm BTC atexpiry K=68000 spot=78981 (+16.1%vsK) sigma_h=0.0091 T=136.0h p_yes=0.921,BTC#atexpiry,0.50,"{""pct_vs_K"":16.149,""sigma_h"":0.009102,""T_h"":135.9773,""log_ratio"":0.149703,""moon_phase"":0.3954,""mercury_retrogrado"":0,""horas_hasta_fomc"":546.0,""smart_money_consensus"":0.0545,""smart_money_n_wallets"":8,""smart_money_consensus_ponderado"":0.1066,""smart_money_n_wallets_ponderado"":8}"
2026-08-25T00:01:18+00:00,PRICE_TARGET_GBM_FADE,3808994,"Will the price of Bitcoin be above $68,000 on August 30?",2026-08-30T16:00:00,135.98,0.9815,0.0792,-0.9023,-0.8973,-0.8973,SKIP,price_target_gbm_fade (invierte 0.921) price_target_gbm BTC atexpiry K=68000 spot=78981 (+16.1%vsK) sigma_h=0.0091 T=136.0h p_yes=0.921,BTC#atexpiry,0.50,"{""pct_vs_K"":16.149,""sigma_h"":0.009102,""T_h"":135.9773,""log_ratio"":0.149703,""prob_yes_original"":0.9208,""moon_phase"":0.3954,""mercury_retrogrado"":0,""horas_hasta_fomc"":546.0,""smart_money_consensus"":0.0545,""smart_money_n_wallets"":8,""smart_money_consensus_ponderado"":0.1066,""smart_money_n_wallets_ponderado"":8}"
2026-08-25T00:01:18+00:00,PRICE_TARGET_GBM,3808998,"Will the price of Bitcoin be above $70,000 on August 30?",2026-08-30T16:00:00,135.98,0.9795,0.8723,-0.1072,-0.1022,-0.1022,SKIP,price_target_gbm BTC atexpiry K=70000 spot=78981 (+12.8%vsK) sigma_h=0.0091 T=136.0h p_yes=0.872,BTC#atexpiry,0.50,"{""pct_vs_K"":12.8304,""sigma_h"":0.009102,""T_h"":135.9773,""log_ratio"":0.120716,""moon_phase"":0.3954,""mercury_retrogrado"":0,""horas_hasta_fomc"":546.0,""smart_money_consensus"":0.0545,""smart_money_n_wallets"":8,""smart_money_consensus_ponderado"":0.1066,""smart_money_n_wallets_ponderado"":8}"
2026-08-25T00:01:18+00:00,PRICE_TARGET_GBM_FADE,3808998,"Will the price of Bitcoin be above $70,000 on August 30?",2026-08-30T16:00:00,135.98,0.9795,0.1277,-0.8518,-0.8468,-0.8468,SKIP,price_target_gbm_fade (invierte 0.872) price_target_gbm BTC atexpiry K=70000 spot=78981 (+12.8%vsK) sigma_h=0.0091 T=136.0h p_yes=0.872,BTC#atexpiry,0.50,"{""pct_vs_K"":12.8304,""sigma_h"":0.009102,""T_h"":135.9773,""log_ratio"":0.120716,""prob_yes_original"":0.8723,""moon_phase"":0.3954,""mercury_retrogrado"":0,""horas_hasta_fomc"":546.0,""smart_money_consensus"":0.0545,""smart_money_n_wallets"":8,""smart_money_consensus_ponderado"":0.1066,""smart_money_n_wallets_ponderado"":8}"
2026-08-25T00:01:18+00:00,PRICE_TARGET_GBM,3809001,"Will the price of Bitcoin be above $72,000 on August 30?",2026-08-30T16:00:00,135.98,0.9550,0.8084,-0.1466,-0.1416,-0.1416,SKIP,price_target_gbm BTC atexpiry K=72000 spot=78981 (+9.7%vsK) sigma_h=0.0091 T=136.0h p_yes=0.808,BTC#atexpiry,0.50,"{""pct_vs_K"":9.6962,""sigma_h"":0.009102,""T_h"":135.9773,""log_ratio"":0.092545,""moon_phase"":0.3954,""mercury_retrogrado"":0,""horas_hasta_fomc"":546.0,""smart_money_consensus"":0.0545,""smart_money_n_wallets"":8,""smart_money_consensus_ponderado"":0.1066,""smart_money_n_wallets_ponderado"":8}"
2026-08-25T00:01:18+00:00,PRICE_TARGET_GBM_FADE,3809001,"Will the price of Bitcoin be above $72,000 on August 30?",2026-08-30T16:00:00,135.98,0.9550,0.1916,-0.7634,-0.7584,-0.7584,SKIP,price_target_gbm_fade (invierte 0.808) price_target_gbm BTC atexpiry K=72000 spot=78981 (+9.7%vsK) sigma_h=0.0091 T=136.0h p_yes=0.808,BTC#atexpiry,0.50,"{""pct_vs_K"":9.6962,""sigma_h"":0.009102,""T_h"":135.9773,""log_ratio"":0.092545,""prob_yes_original"":0.8084,""moon_phase"":0.3954,""mercury_retrogrado"":0,""horas_hasta_fomc"":546.0,""smart_money_consensus"":0.0545,""smart_money_n_wallets"":8,""smart_money_consensus_ponderado"":0.1066,""smart_money_n_wallets_ponderado"":8}"
2026-08-25T00:01:18+00:00,PRICE_TARGET_GBM,3809005,"Will the price of Bitcoin be above $74,000 on August 30?",2026-08-30T16:00:00,135.98,0.8950,0.7303,-0.1647,-0.1597,-0.1597,SKIP,price_target_gbm BTC atexpiry K=74000 spot=78981 (+6.7%vsK) sigma_h=0.0091 T=136.0h p_yes=0.730,BTC#atexpiry,0.50,"{""pct_vs_K"":6.7315,""sigma_h"":0.009102,""T_h"":135.9773,""log_ratio"":0.065146,""moon_phase"":0.3954,""mercury_retrogrado"":0,""horas_hasta_fomc"":546.0,""smart_money_consensus"":0.0545,""smart_money_n_wallets"":8,""smart_money_consensus_ponderado"":0.1066,""smart_money_n_wallets_ponderado"":8}"
2026-08-25T00:01:18+00:00,PRICE_TARGET_GBM_FADE,3809005,"Will the price of Bitcoin be above $74,000 on August 30?",2026-08-30T16:00:00,135.98,0.8950,0.2697,-0.6253,-0.6203,0.6203,BUY_NO,price_target_gbm_fade (invierte 0.730) price_target_gbm BTC atexpiry K=74000 spot=78981 (+6.7%vsK) sigma_h=0.0091 T=136.0h p_yes=0.730,BTC#atexpiry,0.50,"{""pct_vs_K"":6.7315,""sigma_h"":0.009102,""T_h"":135.9773,""log_ratio"":0.065146,""prob_yes_original"":0.7303,""moon_phase"":0.3954,""mercury_retrogrado"":0,""horas_hasta_fomc"":546.0,""smart_money_consensus"":0.0545,""smart_money_n_wallets"":8,""smart_money_consensus_ponderado"":0.1066,""smart_money_n_wallets_ponderado"":8}"
2026-08-25T00:01:18+00:00,PRICE_TARGET_GBM,3809009,"Will the price of Bitcoin be above $76,000 on August 30?",2026-08-30T16:00:00,135.98,0.7600,0.6415,-0.1185,-0.1135,-0.1135,SKIP,price_target_gbm BTC atexpiry K=76000 spot=78981 (+3.9%vsK) sigma_h=0.0091 T=136.0h p_yes=0.642,BTC#atexpiry,0.50,"{""pct_vs_K"":3.9227,""sigma_h"":0.009102,""T_h"":135.9773,""log_ratio"":0.038478,""moon_phase"":0.3954,""mercury_retrogrado"":0,""horas_hasta_fomc"":546.0,""smart_money_consensus"":0.0545,""smart_money_n_wallets"":8,""smart_money_consensus_ponderado"":0.1066,""smart_money_n_wallets_ponderado"":8}"
2026-08-25T00:01:18+00:00,PRICE_TARGET_GBM_FADE,3809009,"Will the price of Bitcoin be above $76,000 on August 30?",2026-08-30T16:00:00,135.98,0.7600,0.3585,-0.4015,-0.3965,0.3965,BUY_NO,price_target_gbm_fade (invierte 0.642) price_target_gbm BTC atexpiry K=76000 spot=78981 (+3.9%vsK) sigma_h=0.0091 T=136.0h p_yes=0.642,BTC#atexpiry,0.50,"{""pct_vs_K"":3.9227,""sigma_h"":0.009102,""T_h"":135.9773,""log_ratio"":0.038478,""prob_yes_original"":0.6415,""moon_phase"":0.3954,""mercury_retrogrado"":0,""horas_hasta_fomc"":546.0,""smart_money_consensus"":0.0545,""smart_money_n_wallets"":8,""smart_money_consensus_ponderado"":0.1066,""smart_money_n_wallets_ponderado"":8}"
2026-08-25T00:01:18+00:00,PRICE_TARGET_GBM,3809013,"Will the price of Bitcoin be above $78,000 on August 30?",2026-08-30T16:00:00,135.98,0.5750,0.5469,-0.0281,-0.0231,-0.0231,SKIP,price_target_gbm BTC atexpiry K=78000 spot=78981 (+1.3%vsK) sigma_h=0.0091 T=136.0h p_yes=0.547,BTC#atexpiry,0.50,"{""pct_vs_K"":1.2581,""sigma_h"":0.009102,""T_h"":135.9773,""log_ratio"":0.012502,""moon_phase"":0.3954,""mercury_retrogrado"":0,""horas_hasta_fomc"":546.0,""smart_money_consensus"":0.0545,""smart_money_n_wallets"":8,""smart_money_consensus_ponderado"":0.1066,""smart_money_n_wallets_ponderado"":8}"
2026-08-25T00:01:18+00:00,PRICE_TARGET_GBM_FADE,3809013,"Will the price of Bitcoin be above $78,000 on August 30?",2026-08-30T16:00:00,135.98,0.5750,0.4531,-0.1219,-0.1169,0.1169,BUY_NO,price_target_gbm_fade (invierte 0.547) price_target_gbm BTC atexpiry K=78000 spot=78981 (+1.3%vsK) sigma_h=0.0091 T=136.0h p_yes=0.547,BTC#atexpiry,0.50,"{""pct_vs_K"":1.2581,""sigma_h"":0.009102,""T_h"":135.9773,""log_ratio"":0.012502,""prob_yes_original"":0.5469,""moon_phase"":0.3954,""mercury_retrogrado"":0,""horas_hasta_fomc"":546.0,""smart_money_consensus"":0.0545,""smart_money_n_wallets"":8,""smart_money_consensus_ponderado"":0.1066,""smart_money_n_wallets_ponderado"":8}"
2026-08-25T00:01:18+00:00,PRICE_TARGET_GBM,3809016,"Will the price of Bitcoin be above $80,000 on August 30?",2026-08-30T16:00:00,135.98,0.3750,0.4519,0.0769,0.0719,0.0719,SKIP,price_target_gbm BTC atexpiry K=80000 spot=78981 (-1.3%vsK) sigma_h=0.0091 T=136.0h p_yes=0.452,BTC#atexpiry,0.50,"{""pct_vs_K"":-1.2734,""sigma_h"":0.009102,""T_h"":135.9773,""log_ratio"":-0.012816,""moon_phase"":0.3954,""mercury_retrogrado"":0,""horas_hasta_fomc"":546.0,""smart_money_consensus"":0.0545,""smart_money_n_wallets"":8,""smart_money_consensus_ponderado"":0.1066,""smart_money_n_wallets_ponderado"":8}"
2026-08-25T00:01:18+00:00,PRICE_TARGET_GBM_FADE,3809016,"Will the price of Bitcoin be above $80,000 on August 30?",2026-08-30T16:00:00,135.98,0.3750,0.5481,0.1731,0.1681,0.1681,BUY_YES,price_target_gbm_fade (invierte 0.452) price_target_gbm BTC atexpiry K=80000 spot=78981 (-1.3%vsK) sigma_h=0.0091 T=136.0h p_yes=0.452,BTC#atexpiry,2.00,"{""pct_vs_K"":-1.2734,""sigma_h"":0.009102,""T_h"":135.9773,""log_ratio"":-0.012816,""prob_yes_original"":0.4519,""moon_phase"":0.3954,""mercury_retrogrado"":0,""horas_hasta_fomc"":546.0,""smart_money_consensus"":0.0545,""smart_money_n_wallets"":8,""smart_money_consensus_ponderado"":0.1066,""smart_money_n_wallets_ponderado"":8}"
2026-08-25T00:01:18+00:00,PRICE_TARGET_GBM,3809020,"Will the price of Bitcoin be above $82,000 on August 30?",2026-08-30T16:00:00,135.98,0.2150,0.3619,0.1469,0.1419,0.1419,SKIP,price_target_gbm BTC atexpiry K=82000 spot=78981 (-3.7%vsK) sigma_h=0.0091 T=136.0h p_yes=0.362,BTC#atexpiry,0.50,"{""pct_vs_K"":-3.6814,""sigma_h"":0.009102,""T_h"":135.9773,""log_ratio"":-0.037508,""moon_phase"":0.3954,""mercury_retrogrado"":0,""horas_hasta_fomc"":546.0,""smart_money_consensus"":0.0545,""smart_money_n_wallets"":8,""smart_money_consensus_ponderado"":0.1066,""smart_money_n_wallets_ponderado"":8}"
2026-08-25T00:01:18+00:00,PRICE_TARGET_GBM_FADE,3809020,"Will the price of Bitcoin be above $82,000 on August 30?",2026-08-30T16:00:00,135.98,0.2150,0.6381,0.4231,0.4181,0.4181,BUY_YES,price_target_gbm_fade (invierte 0.362) price_target_gbm BTC atexpiry K=82000 spot=78981 (-3.7%vsK) sigma_h=0.0091 T=136.0h p_yes=0.362,BTC#atexpiry,1.94,"{""pct_vs_K"":-3.6814,""sigma_h"":0.009102,""T_h"":135.9773,""log_ratio"":-0.037508,""prob_yes_original"":0.3619,""moon_phase"":0.3954,""mercury_retrogrado"":0,""horas_hasta_fomc"":546.0,""smart_money_consensus"":0.0545,""smart_money_n_wallets"":8,""smart_money_consensus_ponderado"":0.1066,""smart_money_n_wallets_ponderado"":8}"
2026-08-25T00:01:18+00:00,PRICE_TARGET_GBM,3809028,"Will the price of Bitcoin be above $84,000 on August 30?",2026-08-30T16:00:00,135.98,0.1150,0.2808,0.1658,0.1608,0.1608,SKIP,price_target_gbm BTC atexpiry K=84000 spot=78981 (-6.0%vsK) sigma_h=0.0091 T=136.0h p_yes=0.281,BTC#atexpiry,0.50,"{""pct_vs_K"":-5.9747,""sigma_h"":0.009102,""T_h"":135.9773,""log_ratio"":-0.061606,""moon_phase"":0.3954,""mercury_retrogrado"":0,""horas_hasta_fomc"":546.0,""smart_money_consensus"":0.0545,""smart_money_n_wallets"":8,""smart_money_consensus_ponderado"":0.1066,""smart_money_n_wallets_ponderado"":8}"
2026-08-25T00:01:18+00:00,PRICE_TARGET_GBM_FADE,3809028,"Will the price of Bitcoin be above $84,000 on August 30?",2026-08-30T16:00:00,135.98,0.1150,0.7192,0.6042,0.5992,0.5992,BUY_YES,price_target_gbm_fade (invierte 0.281) price_target_gbm BTC atexpiry K=84000 spot=78981 (-6.0%vsK) sigma_h=0.0091 T=136.0h p_yes=0.281,BTC#atexpiry,1.94,"{""pct_vs_K"":-5.9747,""sigma_h"":0.009102,""T_h"":135.9773,""log_ratio"":-0.061606,""prob_yes_original"":0.2808,""moon_phase"":0.3954,""mercury_retrogrado"":0,""horas_hasta_fomc"":546.0,""smart_money_consensus"":0.0545,""smart_money_n_wallets"":8,""smart_money_consensus_ponderado"":0.1066,""smart_money_n_wallets_ponderado"":8}"
2026-08-25T00:01:18+00:00,PRICE_TARGET_GBM,3809033,"Will the price of Bitcoin be above $86,000 on August 30?",2026-08-30T16:00:00,135.98,0.0620,0.2112,0.1492,0.1442,0.1442,SKIP,price_target_gbm BTC atexpiry K=86000 spot=78981 (-8.2%vsK) sigma_h=0.0091 T=136.0h p_yes=0.211,BTC#atexpiry,0.50,"{""pct_vs_K"":-8.1613,""sigma_h"":0.009102,""T_h"":135.9773,""log_ratio"":-0.085136,""moon_phase"":0.3954,""mercury_retrogrado"":0,""horas_hasta_fomc"":546.0,""smart_money_consensus"":0.0545,""smart_money_n_wallets"":8,""smart_money_consensus_ponderado"":0.1066,""smart_money_n_wallets_ponderado"":8}"
2026-08-25T00:01:18+00:00,PRICE_TARGET_GBM_FADE,3809033,"Will the price of Bitcoin be above $86,000 on August 30?",2026-08-30T16:00:00,135.98,0.0620,0.7888,0.7268,0.7218,0.7218,SKIP,price_target_gbm_fade (invierte 0.211) price_target_gbm BTC atexpiry K=86000 spot=78981 (-8.2%vsK) sigma_h=0.0091 T=136.0h p_yes=0.211,BTC#atexpiry,0.50,"{""pct_vs_K"":-8.1613,""sigma_h"":0.009102,""T_h"":135.9773,""log_ratio"":-0.085136,""prob_yes_original"":0.2112,""moon_phase"":0.3954,""mercury_retrogrado"":0,""horas_hasta_fomc"":546.0,""smart_money_consensus"":0.0545,""smart_money_n_wallets"":8,""smart_money_consensus_ponderado"":0.1066,""smart_money_n_wallets_ponderado"":8}"
2026-08-25T00:01:18+00:00,PRICE_TARGET_GBM,3809042,"Will the price of Bitcoin be above $88,000 on August 30?",2026-08-30T16:00:00,135.98,0.0370,0.1542,0.1172,0.1122,0.1122,SKIP,price_target_gbm BTC atexpiry K=88000 spot=78981 (-10.2%vsK) sigma_h=0.0091 T=136.0h p_yes=0.154,BTC#atexpiry,0.50,"{""pct_vs_K"":-10.2485,""sigma_h"":0.009102,""T_h"":135.9773,""log_ratio"":-0.108126,""moon_phase"":0.3954,""mercury_retrogrado"":0,""horas_hasta_fomc"":546.0,""smart_money_consensus"":0.0545,""smart_money_n_wallets"":8,""smart_money_consensus_ponderado"":0.1066,""smart_money_n_wallets_ponderado"":8}"
2026-08-25T00:01:18+00:00,PRICE_TARGET_GBM_FADE,3809042,"Will the price of Bitcoin be above $88,000 on August 30?",2026-08-30T16:00:00,135.98,0.0370,0.8458,0.8088,0.8038,0.8038,SKIP,price_target_gbm_fade (invierte 0.154) price_target_gbm BTC atexpiry K=88000 spot=78981 (-10.2%vsK) sigma_h=0.0091 T=136.0h p_yes=0.154,BTC#atexpiry,0.50,"{""pct_vs_K"":-10.2485,""sigma_h"":0.009102,""T_h"":135.9773,""log_ratio"":-0.108126,""prob_yes_original"":0.1542,""moon_phase"":0.3954,""mercury_retrogrado"":0,""horas_hasta_fomc"":546.0,""smart_money_consensus"":0.0545,""smart_money_n_wallets"":8,""smart_money_consensus_ponderado"":0.1066,""smart_money_n_wallets_ponderado"":8}"
2026-08-25T00:01:18+00:00,PRICE_TARGET_GBM,3809062,Will the price of Solana be above $50 on August 30?,2026-08-30T16:00:00,135.98,0.9825,0.9500,-0.0325,-0.0275,-0.0275,SKIP,price_target_gbm SOL atexpiry K=50 spot=98.8 (+97.6%vsK) sigma_h=0.0157 T=136.0h p_yes=1.000,SOL#atexpiry,0.50,"{""pct_vs_K"":97.6,""sigma_h"":0.01574,""T_h"":135.9773,""log_ratio"":0.681075,""moon_phase"":0.3954,""mercury_retrogrado"":0,""horas_hasta_fomc"":546.0,""smart_money_consensus"":0.129,""smart_money_n_wallets"":4,""smart_money_consensus_ponderado"":0.2386,""smart_money_n_wallets_ponderado"":4}"
2026-08-25T00:01:18+00:00,PRICE_TARGET_GBM_FADE,3809062,Will the price of Solana be above $50 on August 30?,2026-08-30T16:00:00,135.98,0.9825,0.0500,-0.9325,-0.9275,-0.9275,SKIP,price_target_gbm_fade (invierte 0.950) price_target_gbm SOL atexpiry K=50 spot=98.8 (+97.6%vsK) sigma_h=0.0157 T=136.0h p_yes=1.000,SOL#atexpiry,0.50,"{""pct_vs_K"":97.6,""sigma_h"":0.01574,""T_h"":135.9773,""log_ratio"":0.681075,""prob_yes_original"":0.95,""moon_phase"":0.3954,""mercury_retrogrado"":0,""horas_hasta_fomc"":546.0,""smart_money_consensus"":0.129,""smart_money_n_wallets"":4,""smart_money_consensus_ponderado"":0.2386,""smart_money_n_wallets_ponderado"":4}"
2026-08-25T00:01:18+00:00,PRICE_TARGET_GBM,3809065,Will the price of Solana be above $60 on August 30?,2026-08-30T16:00:00,135.98,0.9825,0.9500,-0.0325,-0.0275,-0.0275,SKIP,price_target_gbm SOL atexpiry K=60 spot=98.8 (+64.7%vsK) sigma_h=0.0157 T=136.0h p_yes=0.997,SOL#atexpiry,0.50,"{""pct_vs_K"":64.6667,""sigma_h"":0.01574,""T_h"":135.9773,""log_ratio"":0.498753,""moon_phase"":0.3954,""mercury_retrogrado"":0,""horas_hasta_fomc"":546.0,""smart_money_consensus"":0.129,""smart_money_n_wallets"":4,""smart_money_consensus_ponderado"":0.2386,""smart_money_n_wallets_ponderado"":4}"
2026-08-25T00:01:18+00:00,PRICE_TARGET_GBM_FADE,3809065,Will the price of Solana be above $60 on August 30?,2026-08-30T16:00:00,135.98,0.9825,0.0500,-0.9325,-0.9275,-0.9275,SKIP,price_target_gbm_fade (invierte 0.950) price_target_gbm SOL atexpiry K=60 spot=98.8 (+64.7%vsK) sigma_h=0.0157 T=136.0h p_yes=0.997,SOL#atexpiry,0.50,"{""pct_vs_K"":64.6667,""sigma_h"":0.01574,""T_h"":135.9773,""log_ratio"":0.498753,""prob_yes_original"":0.95,""moon_phase"":0.3954,""mercury_retrogrado"":0,""horas_hasta_fomc"":546.0,""smart_money_consensus"":0.129,""smart_money_n_wallets"":4,""smart_money_consensus_ponderado"":0.2386,""smart_money_n_wallets_ponderado"":4}"
2026-08-25T00:01:18+00:00,PRICE_TARGET_GBM,3809069,Will the price of Solana be above $70 on August 30?,2026-08-30T16:00:00,135.98,0.9815,0.9500,-0.0315,-0.0265,-0.0265,SKIP,price_target_gbm SOL atexpiry K=70 spot=98.8 (+41.1%vsK) sigma_h=0.0157 T=136.0h p_yes=0.970,SOL#atexpiry,0.50,"{""pct_vs_K"":41.1429,""sigma_h"":0.01574,""T_h"":135.9773,""log_ratio"":0.344602,""moon_phase"":0.3954,""mercury_retrogrado"":0,""horas_hasta_fomc"":546.0,""smart_money_consensus"":0.129,""smart_money_n_wallets"":4,""smart_money_consensus_ponderado"":0.2386,""smart_money_n_wallets_ponderado"":4}"
2026-08-25T00:01:18+00:00,PRICE_TARGET_GBM_FADE,3809069,Will the price of Solana be above $70 on August 30?,2026-08-30T16:00:00,135.98,0.9815,0.0500,-0.9315,-0.9265,-0.9265,SKIP,price_target_gbm_fade (invierte 0.950) price_target_gbm SOL atexpiry K=70 spot=98.8 (+41.1%vsK) sigma_h=0.0157 T=136.0h p_yes=0.970,SOL#atexpiry,0.50,"{""pct_vs_K"":41.1429,""sigma_h"":0.01574,""T_h"":135.9773,""log_ratio"":0.344602,""prob_yes_original"":0.95,""moon_phase"":0.3954,""mercury_retrogrado"":0,""horas_hasta_fomc"":546.0,""smart_money_consensus"":0.129,""smart_money_n_wallets"":4,""smart_money_consensus_ponderado"":0.2386,""smart_money_n_wallets_ponderado"":4}"
2026-08-25T00:01:18+00:00,PRICE_TARGET_GBM,3809074,Will the price of Solana be above $80 on August 30?,2026-08-30T16:00:00,135.98,0.9750,0.8749,-0.1001,-0.0951,-0.0951,SKIP,price_target_gbm SOL atexpiry K=80 spot=98.8 (+23.5%vsK) sigma_h=0.0157 T=136.0h p_yes=0.875,SOL#atexpiry,0.50,"{""pct_vs_K"":23.5,""sigma_h"":0.01574,""T_h"":135.9773,""log_ratio"":0.211071,""moon_phase"":0.3954,""mercury_retrogrado"":0,""horas_hasta_fomc"":546.0,""smart_money_consensus"":0.129,""smart_money_n_wallets"":4,""smart_money_consensus_ponderado"":0.2386,""smart_money_n_wallets_ponderado"":4}"
2026-08-25T00:01:18+00:00,PRICE_TARGET_GBM_FADE,3809074,Will the price of Solana be above $80 on August 30?,2026-08-30T16:00:00,135.98,0.9750,0.1251,-0.8499,-0.8449,-0.8449,SKIP,price_target_gbm_fade (invierte 0.875) price_target_gbm SOL atexpiry K=80 spot=98.8 (+23.5%vsK) sigma_h=0.0157 T=136.0h p_yes=0.875,SOL#atexpiry,0.50,"{""pct_vs_K"":23.5,""sigma_h"":0.01574,""T_h"":135.9773,""log_ratio"":0.211071,""prob_yes_original"":0.8749,""moon_phase"":0.3954,""mercury_retrogrado"":0,""horas_hasta_fomc"":546.0,""smart_money_consensus"":0.129,""smart_money_n_wallets"":4,""smart_money_consensus_ponderado"":0.2386,""smart_money_n_wallets_ponderado"":4}"
2026-08-25T00:01:18+00:00,PRICE_TARGET_GBM,3809091,Will the price of Solana be above $120 on August 30?,2026-08-30T16:00:00,135.98,0.0535,0.1448,0.0913,0.0863,0.0863,SKIP,price_target_gbm SOL atexpiry K=120 spot=98.8 (-17.7%vsK) sigma_h=0.0157 T=136.0h p_yes=0.145,SOL#atexpiry,0.50,"{""pct_vs_K"":-17.6667,""sigma_h"":0.01574,""T_h"":135.9773,""log_ratio"":-0.194394,""moon_phase"":0.3954,""mercury_retrogrado"":0,""horas_hasta_fomc"":546.0,""smart_money_consensus"":0.129,""smart_money_n_wallets"":4,""smart_money_consensus_ponderado"":0.2386,""smart_money_n_wallets_ponderado"":4}"
2026-08-25T00:01:18+00:00,PRICE_TARGET_GBM_FADE,3809091,Will the price of Solana be above $120 on August 30?,2026-08-30T16:00:00,135.98,0.0535,0.8552,0.8017,0.7967,0.7967,SKIP,price_target_gbm_fade (invierte 0.145) price_target_gbm SOL atexpiry K=120 spot=98.8 (-17.7%vsK) sigma_h=0.0157 T=136.0h p_yes=0.145,SOL#atexpiry,0.50,"{""pct_vs_K"":-17.6667,""sigma_h"":0.01574,""T_h"":135.9773,""log_ratio"":-0.194394,""prob_yes_original"":0.1448,""moon_phase"":0.3954,""mercury_retrogrado"":0,""horas_hasta_fomc"":546.0,""smart_money_consensus"":0.129,""smart_money_n_wallets"":4,""smart_money_consensus_ponderado"":0.2386,""smart_money_n_wallets_ponderado"":4}"
2026-08-25T00:01:18+00:00,PRICE_TARGET_GBM,3809094,Will the price of Solana be above $130 on August 30?,2026-08-30T16:00:00,135.98,0.0270,0.0674,0.0404,0.0354,0.0354,SKIP,price_target_gbm SOL atexpiry K=130 spot=98.8 (-24.0%vsK) sigma_h=0.0157 T=136.0h p_yes=0.067,SOL#atexpiry,0.50,"{""pct_vs_K"":-24.0,""sigma_h"":0.01574,""T_h"":135.9773,""log_ratio"":-0.274437,""moon_phase"":0.3954,""mercury_retrogrado"":0,""horas_hasta_fomc"":546.0,""smart_money_consensus"":0.129,""smart_money_n_wallets"":4,""smart_money_consensus_ponderado"":0.2386,""smart_money_n_wallets_ponderado"":4}"
2026-08-25T00:01:18+00:00,PRICE_TARGET_GBM_FADE,3809094,Will the price of Solana be above $130 on August 30?,2026-08-30T16:00:00,135.98,0.0270,0.9326,0.9056,0.9006,0.9006,SKIP,price_target_gbm_fade (invierte 0.067) price_target_gbm SOL atexpiry K=130 spot=98.8 (-24.0%vsK) sigma_h=0.0157 T=136.0h p_yes=0.067,SOL#atexpiry,0.50,"{""pct_vs_K"":-24.0,""sigma_h"":0.01574,""T_h"":135.9773,""log_ratio"":-0.274437,""prob_yes_original"":0.0674,""moon_phase"":0.3954,""mercury_retrogrado"":0,""horas_hasta_fomc"":546.0,""smart_money_consensus"":0.129,""smart_money_n_wallets"":4,""smart_money_consensus_ponderado"":0.2386,""smart_money_n_wallets_ponderado"":4}"
2026-08-25T00:01:18+00:00,PRICE_TARGET_GBM,3809100,Will the price of Solana be above $140 on August 30?,2026-08-30T16:00:00,135.98,0.0230,0.0500,0.0270,0.0220,0.0220,SKIP,price_target_gbm SOL atexpiry K=140 spot=98.8 (-29.4%vsK) sigma_h=0.0157 T=136.0h p_yes=0.029,SOL#atexpiry,0.50,"{""pct_vs_K"":-29.4286,""sigma_h"":0.01574,""T_h"":135.9773,""log_ratio"":-0.348545,""moon_phase"":0.3954,""mercury_retrogrado"":0,""horas_hasta_fomc"":546.0,""smart_money_consensus"":0.129,""smart_money_n_wallets"":4,""smart_money_consensus_ponderado"":0.2386,""smart_money_n_wallets_ponderado"":4}"
2026-08-25T00:01:18+00:00,PRICE_TARGET_GBM_FADE,3809100,Will the price of Solana be above $140 on August 30?,2026-08-30T16:00:00,135.98,0.0230,0.9500,0.9270,0.9220,0.9220,SKIP,price_target_gbm_fade (invierte 0.050) price_target_gbm SOL atexpiry K=140 spot=98.8 (-29.4%vsK) sigma_h=0.0157 T=136.0h p_yes=0.029,SOL#atexpiry,0.50,"{""pct_vs_K"":-29.4286,""sigma_h"":0.01574,""T_h"":135.9773,""log_ratio"":-0.348545,""prob_yes_original"":0.05,""moon_phase"":0.3954,""mercury_retrogrado"":0,""horas_hasta_fomc"":546.0,""smart_money_consensus"":0.129,""smart_money_n_wallets"":4,""smart_money_consensus_ponderado"":0.2386,""smart_money_n_wallets_ponderado"":4}"
2026-08-25T00:01:18+00:00,PRICE_TARGET_GBM,3809104,Will the price of Solana be above $150 on August 30?,2026-08-30T16:00:00,135.98,0.0205,0.0500,0.0295,0.0245,0.0245,SKIP,price_target_gbm SOL atexpiry K=150 spot=98.8 (-34.1%vsK) sigma_h=0.0157 T=136.0h p_yes=0.011,SOL#atexpiry,0.50,"{""pct_vs_K"":-34.1333,""sigma_h"":0.01574,""T_h"":135.9773,""log_ratio"":-0.417538,""moon_phase"":0.3954,""mercury_retrogrado"":0,""horas_hasta_fomc"":546.0,""smart_money_consensus"":0.129,""smart_money_n_wallets"":4,""smart_money_consensus_ponderado"":0.2386,""smart_money_n_wallets_ponderado"":4}"
2026-08-25T00:01:18+00:00,PRICE_TARGET_GBM_FADE,3809104,Will the price of Solana be above $150 on August 30?,2026-08-30T16:00:00,135.98,0.0205,0.9500,0.9295,0.9245,0.9245,SKIP,price_target_gbm_fade (invierte 0.050) price_target_gbm SOL atexpiry K=150 spot=98.8 (-34.1%vsK) sigma_h=0.0157 T=136.0h p_yes=0.011,SOL#atexpiry,0.50,"{""pct_vs_K"":-34.1333,""sigma_h"":0.01574,""T_h"":135.9773,""log_ratio"":-0.417538,""prob_yes_original"":0.05,""moon_phase"":0.3954,""mercury_retrogrado"":0,""horas_hasta_fomc"":546.0,""smart_money_consensus"":0.129,""smart_money_n_wallets"":4,""smart_money_consensus_ponderado"":0.2386,""smart_money_n_wallets_ponderado"":4}"
2026-08-25T00:01:18+00:00,UPDOWN_GBM,3827441,"Solana Up or Down - August 24, 8:00PM-8:15PM ET",2026-08-25T00:15:00,0.23,0.5050,0.4725,-0.0325,-0.0275,0.0275,BUY_NO,updown_gbm SOL 15min ref=98.87 spot=98.76 (-0.11%) sigma_h=0.0144 T=0.23h p_up=0.472 mu_h=+0.0027,SOL#15min,0.50,"{""pct_spot_vs_ref"":-0.1099,""spot_es_twap"":1,""sigma_h"":0.014423,""T_h"":0.2273,""hora_utc"":0,""sigma_ewma_delta_pct"":-5.129,""drift_15min"":1.259,""drift_60min"":1.3749,""kalman_mu_h"":0.000756,""delta_ratio_macro"":0.1152,""cross_window_spread"":0.0015,""ibs_15"":0.75,""dist_vwap_pct"":-0.0088,""poly_drift_5obs"":0.0,""funding_rate_8h"":0.01,""retest_pct"":null,""logit_edge"":-0.1303,""sigma_b"":0.0,""libro_spread"":0.01,""libro_liquidez"":3253.2775,""banda_fina_vetaria_fase1"":false,""banda_fina_motivo"":""fuera_de_bandas_significativas"",""gate_bucket_propio_veredicto"":""sin_concluir"",""moon_phase"":0.3954,""mercury_retrogrado"":0,""horas_hasta_fomc"":546.0,""smart_money_consensus"":0.129,""smart_money_n_wallets"":4,""smart_money_consensus_ponderado"":0.2386,""smart_money_n_wallets_ponderado"":4,""ballenas_significativo"":true,""ballenas_banda_lo"":0.05,""ballenas_banda_hi"":0.3,""ballenas_rest_lo_min"":6.13,""ballenas_rest_hi_min"":11.88,""ballenas_dentro_banda"":false,""ballena_activa_n"":53}"
2026-08-25T00:01:18+00:00,MOMENTUM_IBS_15M,3827441,"Solana Up or Down - August 24, 8:00PM-8:15PM ET",2026-08-25T00:15:00,0.23,0.5050,0.6000,0.0348,0.0298,0.0298,BUY_YES,momentum_ibs_15m SOL drift20m=0.172% ibs=0.88 py=0.505 (alineado_arriba_extremo),SOL#15min,0.50,"{""drift_20min_pct"":0.1724,""ibs_20min"":0.8793,""py_entrada"":0.505,""hora_utc"":0,""ballena_activa_n"":53,""libro_spread"":0.01,""libro_liquidez"":3253.2775,""moon_phase"":0.3954,""mercury_retrogrado"":0,""horas_hasta_fomc"":546.0,""smart_money_consensus"":0.129,""smart_money_n_wallets"":4,""smart_money_consensus_ponderado"":0.2386,""smart_money_n_wallets_ponderado"":4,""ballenas_significativo"":true,""ballenas_banda_lo"":0.05,""ballenas_banda_hi"":0.3,""ballenas_rest_lo_min"":6.13,""ballenas_rest_hi_min"":11.88,""ballenas_dentro_banda"":false}"
2026-08-25T00:01:18+00:00,MOMENTUM_IBS_15M_FADE,3827441,"Solana Up or Down - August 24, 8:00PM-8:15PM ET",2026-08-25T00:15:00,0.23,0.5050,0.4000,-0.0050,-0.0000,-0.0000,SKIP,momentum_ibs_15m_fade SOL drift20m=0.172% ibs=0.88 py=0.505 (fade_alineado_arriba_extremo),SOL#15min,0.50,"{""drift_20min_pct"":0.1724,""ibs_20min"":0.8793,""py_entrada"":0.505,""hora_utc"":0,""ballena_activa_n"":53,""libro_spread"":0.01,""libro_liquidez"":3253.2775,""moon_phase"":0.3954,""mercury_retrogrado"":0,""horas_hasta_fomc"":546.0,""smart_money_consensus"":0.129,""smart_money_n_wallets"":4,""smart_money_consensus_ponderado"":0.2386,""smart_money_n_wallets_ponderado"":4,""ballenas_significativo"":true,""ballenas_banda_lo"":0.05,""ballenas_banda_hi"":0.3,""ballenas_rest_lo_min"":6.13,""ballenas_rest_hi_min"":11.88,""ballenas_dentro_banda"":false}"
2026-08-25T00:01:18+00:00,STRUCT_NO_15M,3827442,"Bitcoin Up or Down - August 24, 8:00PM-8:15PM ET",2026-08-25T00:15:00,0.23,0.4950,0.4300,-0.0650,-0.0600,0.0600,BUY_NO,"struct_no_15m BTC py=0.495 (favorito-NO leve, model-free)",BTC#15min,0.50,"{""py_entrada"":0.495,""restante_min"":13.38,""hora_utc"":0,""libro_spread"":0.01,""libro_liquidez"":16523.9851,""moon_phase"":0.3954,""mercury_retrogrado"":0,""horas_hasta_fomc"":546.0,""smart_money_consensus"":0.0545,""smart_money_n_wallets"":8,""smart_money_consensus_ponderado"":0.1066,""smart_money_n_wallets_ponderado"":8,""ballenas_significativo"":true,""ballenas_banda_lo"":0.3,""ballenas_banda_hi"":0.5,""ballenas_rest_lo_min"":6.95,""ballenas_rest_hi_min"":13.95,""ballenas_dentro_banda"":true,""ballena_activa_n"":252}"
2026-08-25T00:01:18+00:00,MOMENTUM_IBS_15M,3827442,"Bitcoin Up or Down - August 24, 8:00PM-8:15PM ET",2026-08-25T00:15:00,0.23,0.4950,0.6000,0.0101,0.0051,0.0051,SKIP,momentum_ibs_15m BTC drift20m=0.064% ibs=1.00 py=0.495 (alineado_arriba_extremo),BTC#15min,0.50,"{""drift_20min_pct"":0.0638,""ibs_20min"":1.0,""py_entrada"":0.495,""hora_utc"":0,""ballena_activa_n"":252,""libro_spread"":0.01,""libro_liquidez"":16523.9851,""moon_phase"":0.3954,""mercury_retrogrado"":0,""horas_hasta_fomc"":546.0,""smart_money_consensus"":0.0545,""smart_money_n_wallets"":8,""smart_money_consensus_ponderado"":0.1066,""smart_money_n_wallets_ponderado"":8,""ballenas_significativo"":true,""ballenas_banda_lo"":0.3,""ballenas_banda_hi"":0.5,""ballenas_rest_lo_min"":6.95,""ballenas_rest_hi_min"":13.95,""ballenas_dentro_banda"":true}"
2026-08-25T00:01:18+00:00,MOMENTUM_IBS_15M_FADE,3827442,"Bitcoin Up or Down - August 24, 8:00PM-8:15PM ET",2026-08-25T00:15:00,0.23,0.4950,0.4000,0.0050,-0.0000,-0.0000,SKIP,momentum_ibs_15m_fade BTC drift20m=0.064% ibs=1.00 py=0.495 (fade_alineado_arriba_extremo),BTC#15min,0.50,"{""drift_20min_pct"":0.0638,""ibs_20min"":1.0,""py_entrada"":0.495,""hora_utc"":0,""ballena_activa_n"":252,""libro_spread"":0.01,""libro_liquidez"":16523.9851,""moon_phase"":0.3954,""mercury_retrogrado"":0,""horas_hasta_fomc"":546.0,""smart_money_consensus"":0.0545,""smart_money_n_wallets"":8,""smart_money_consensus_ponderado"":0.1066,""smart_money_n_wallets_ponderado"":8,""ballenas_significativo"":true,""ballenas_banda_lo"":0.3,""ballenas_banda_hi"":0.5,""ballenas_rest_lo_min"":6.95,""ballenas_rest_hi_min"":13.95,""ballenas_dentro_banda"":true}"
2026-08-25T00:01:18+00:00,UPDOWN_GBM,3827443,"Ethereum Up or Down - August 24, 8:00PM-12:00AM ET",2026-08-25T04:00:00,3.98,0.4900,0.5430,0.0530,0.0480,0.0480,BUY_YES,updown_gbm ETH 240min ref=2482 spot=2482 (+0.01%) sigma_h=0.0058 T=3.98h p_up=0.543 mu_h=+0.0003,ETH#240min,1.12,"{""pct_spot_vs_ref"":0.0105,""spot_es_twap"":0,""sigma_h"":0.005751,""T_h"":3.9773,""hora_utc"":0,""sigma_ewma_delta_pct"":-2.082,""drift_15min"":-0.112,""drift_60min"":0.2853,""kalman_mu_h"":0.0,""delta_ratio_macro"":-0.014,""ibs_15"":0.7507,""dist_vwap_pct"":0.008,""poly_drift_5obs"":0.0,""funding_rate_8h"":0.00938,""retest_pct"":null,""logit_edge"":0.2125,""sigma_b"":0.0,""libro_spread"":0.02,""libro_liquidez"":11122.2394,""banda_fina_vetaria_fase1"":false,""banda_fina_motivo"":""fuera_de_bandas_significativas"",""gate_bucket_propio_veredicto"":""sin_concluir"",""moon_phase"":0.3954,""mercury_retrogrado"":0,""horas_hasta_fomc"":546.0,""smart_money_consensus"":0.1401,""smart_money_n_wallets"":7,""smart_money_consensus_ponderado"":-0.0219,""smart_money_n_wallets_ponderado"":7,""ballenas_significativo"":true,""ballenas_banda_lo"":0.7,""ballenas_banda_hi"":0.9,""ballenas_rest_lo_min"":50.5,""ballenas_rest_hi_min"":163.38,""ballenas_dentro_banda"":false}"
2026-08-25T00:01:18+00:00,UPDOWN_GBM,3827444,"Bitcoin Up or Down - August 24, 8:00PM-12:00AM ET",2026-08-25T04:00:00,3.98,0.4750,0.5519,0.0769,0.0719,0.0719,BUY_YES,updown_gbm BTC 240min ref=7.897e+04 spot=7.898e+04 (+0.01%) sigma_h=0.0050 T=3.98h p_up=0.552 mu_h=+0.0003,BTC#240min,1.15,"{""pct_spot_vs_ref"":0.0088,""spot_es_twap"":0,""sigma_h"":0.005028,""T_h"":3.9773,""hora_utc"":0,""sigma_ewma_delta_pct"":6.874,""drift_15min"":0.1647,""drift_60min"":0.3065,""kalman_mu_h"":0.000143,""delta_ratio_macro"":0.1814,""ibs_15"":0.8744,""dist_vwap_pct"":0.0129,""poly_drift_5obs"":0.0,""funding_rate_8h"":0.00587,""retest_pct"":null,""logit_edge"":0.3083,""sigma_b"":0.0094,""libro_spread"":0.03,""libro_liquidez"":12748.1715,""banda_fina_vetaria_fase1"":true,""banda_fina_motivo"":""banda_prematura py=0.475 restante=238.64>224.85"",""gate_bucket_propio_veredicto"":""sin_concluir"",""moon_phase"":0.3954,""mercury_retrogrado"":0,""horas_hasta_fomc"":546.0,""smart_money_consensus"":0.0545,""smart_money_n_wallets"":8,""smart_money_consensus_ponderado"":0.1066,""smart_money_n_wallets_ponderado"":8,""ballenas_significativo"":true,""ballenas_banda_lo"":0.7,""ballenas_banda_hi"":0.9,""ballenas_rest_lo_min"":58.85,""ballenas_rest_hi_min"":168.35,""ballenas_dentro_banda"":false}"
2026-08-25T00:01:18+00:00,UPDOWN_GBM,3827445,"Solana Up or Down - August 24, 8:00PM-12:00AM ET",2026-08-25T04:00:00,3.98,0.5050,0.5657,0.0607,0.0557,0.0557,BUY_YES,updown_gbm SOL 240min ref=98.87 spot=98.8 (-0.07%) sigma_h=0.0144 T=3.98h p_up=0.566 mu_h=+0.0014,SOL#240min,0.50,"{""pct_spot_vs_ref"":-0.0708,""spot_es_twap"":0,""sigma_h"":0.014423,""T_h"":3.9773,""hora_utc"":0,""sigma_ewma_delta_pct"":-5.129,""drift_15min"":1.259,""drift_60min"":1.3749,""kalman_mu_h"":0.000204,""delta_ratio_macro"":0.1152,""gap_sigma_implicita"":0.176018,""ibs_15"":0.75,""dist_vwap_pct"":0.0304,""poly_drift_5obs"":0.0,""funding_rate_8h"":0.01,""retest_pct"":null,""logit_edge"":0.2444,""sigma_b"":0.0,""libro_spread"":0.01,""libro_liquidez"":3386.7068,""banda_fina_vetaria_fase1"":false,""banda_fina_motivo"":""sin_banda_calibrada"",""gate_bucket_propio_veredicto"":""sin_concluir"",""moon_phase"":0.3954,""mercury_retrogrado"":0,""horas_hasta_fomc"":546.0,""smart_money_consensus"":0.129,""smart_money_n_wallets"":4,""smart_money_consensus_ponderado"":0.2386,""smart_money_n_wallets_ponderado"":4,""ballenas_significativo"":false}"
2026-08-25T00:01:18+00:00,UPDOWN_GBM,3827451,"Ethereum Up or Down - August 24, 8:00PM-8:05PM ET",2026-08-25T00:05:00,0.06,0.5050,0.4861,-0.0189,-0.0139,-0.0139,SKIP,updown_gbm ETH 5min ref=2482 spot=2482 (-0.01%) sigma_h=0.0057 T=0.06h p_up=0.486 mu_h=+0.0009,ETH#5min,0.50,"{""pct_spot_vs_ref"":-0.0101,""spot_es_twap"":1,""sigma_h"":0.005747,""T_h"":0.0606,""hora_utc"":0,""sigma_ewma_delta_pct"":-2.179,""drift_15min"":-0.112,""drift_60min"":0.2853,""kalman_mu_h"":0.002028,""delta_ratio_macro"":-0.014,""ibs_15"":0.7507,""dist_vwap_pct"":-0.0126,""poly_drift_5obs"":0.0,""funding_rate_8h"":0.00938,""retest_pct"":null,""logit_edge"":-0.0755,""sigma_b"":0.0,""libro_spread"":0.01,""libro_liquidez"":9730.1428,""banda_fina_vetaria_fase1"":false,""banda_fina_motivo"":""banda_ok py=0.505 rest_lo=2.85 rest_hi=5.30"",""gate_bucket_propio_veredicto"":""sin_concluir"",""moon_phase"":0.3954,""mercury_retrogrado"":0,""horas_hasta_fomc"":546.0,""smart_money_consensus"":0.1401,""smart_money_n_wallets"":7,""smart_money_consensus_ponderado"":-0.0219,""smart_money_n_wallets_ponderado"":7,""ballenas_significativo"":true,""ballenas_banda_lo"":0.5,""ballenas_banda_hi"":0.7,""ballenas_rest_lo_min"":2.33,""ballenas_rest_hi_min"":4.83,""ballenas_dentro_banda"":true,""ballena_activa_n"":211}"
2026-08-25T00:01:18+00:00,LIQUIDACIONES_5M,3827451,"Ethereum Up or Down - August 24, 8:00PM-8:05PM ET",2026-08-25T00:05:00,0.06,0.5050,0.1000,0.0348,0.0298,0.0298,SKIP,liquidaciones_5m ETH imbalance=-1.000 n=1 usd_long=2490 usd_short=0 py_mkt=0.505,ETH#5min,0.50,"{""liq_imbalance"":-1.0,""liq_n"":1,""liq_usd_long"":2490.22,""liq_usd_short"":0.0,""liq_usd_total"":2490.22,""liq_imbalance_2min"":-1.0,""liq_imbalance_15min"":-1.0,""liq_imbalance_60min"":-0.9323,""py_entrada"":0.505,""hora_utc"":0,""libro_spread"":0.01,""libro_liquidez"":9730.1428,""moon_phase"":0.3954,""mercury_retrogrado"":0,""horas_hasta_fomc"":546.0,""smart_money_consensus"":0.1401,""smart_money_n_wallets"":7,""smart_money_consensus_ponderado"":-0.0219,""smart_money_n_wallets_ponderado"":7,""ballenas_significativo"":true,""ballenas_banda_lo"":0.5,""ballenas_banda_hi"":0.7,""ballenas_rest_lo_min"":2.33,""ballenas_rest_hi_min"":4.83,""ballenas_dentro_banda"":true,""ballena_activa_n"":211}"
2026-08-25T00:01:18+00:00,MOMENTUM_IBS_5M,3827451,"Ethereum Up or Down - August 24, 8:00PM-8:05PM ET",2026-08-25T00:05:00,0.06,0.5050,0.6000,0.0950,0.0900,0.0900,BUY_YES,momentum_ibs_5m ETH drift7m=0.172% ibs=1.00 py=0.505 (alineado_arriba_extremo),ETH#5min,0.50,"{""drift_7min_pct"":0.1719,""ibs_7min"":1.0,""py_entrada"":0.505,""hora_utc"":0,""es_ntm_5min"":1,""ballena_activa_n"":211,""libro_spread"":0.01,""libro_liquidez"":9730.1428,""moon_phase"":0.3954,""mercury_retrogrado"":0,""horas_hasta_fomc"":546.0,""smart_money_consensus"":0.1401,""smart_money_n_wallets"":7,""smart_money_consensus_ponderado"":-0.0219,""smart_money_n_wallets_ponderado"":7,""ballenas_significativo"":true,""ballenas_banda_lo"":0.5,""ballenas_banda_hi"":0.7,""ballenas_rest_lo_min"":2.33,""ballenas_rest_hi_min"":4.83,""ballenas_dentro_banda"":true}"
2026-08-25T00:01:18+00:00,MOMENTUM_IBS_5M_FADE,3827451,"Ethereum Up or Down - August 24, 8:00PM-8:05PM ET",2026-08-25T00:05:00,0.06,0.5050,0.4000,0.0149,0.0099,0.0099,SKIP,momentum_ibs_5m_fade ETH drift7m=0.172% ibs=1.00 py=0.505 (fade_alineado_arriba_extremo),ETH#5min,0.50,"{""drift_7min_pct"":0.1719,""ibs_7min"":1.0,""py_entrada"":0.505,""hora_utc"":0,""es_ntm_5min"":1,""ballena_activa_n"":211,""libro_spread"":0.01,""libro_liquidez"":9730.1428,""moon_phase"":0.3954,""mercury_retrogrado"":0,""horas_hasta_fomc"":546.0,""smart_money_consensus"":0.1401,""smart_money_n_wallets"":7,""smart_money_consensus_ponderado"":-0.0219,""smart_money_n_wallets_ponderado"":7,""ballenas_significativo"":true,""ballenas_banda_lo"":0.5,""ballenas_banda_hi"":0.7,""ballenas_rest_lo_min"":2.33,""ballenas_rest_hi_min"":4.83,""ballenas_dentro_banda"":true}"
2026-08-25T00:01:18+00:00,LIQUIDACIONES_5M,3827456,"Solana Up or Down - August 24, 8:00PM-8:05PM ET",2026-08-25T00:05:00,0.06,0.5050,0.1000,0.0348,0.0298,0.0298,SKIP,liquidaciones_5m SOL imbalance=-1.000 n=1 usd_long=358 usd_short=0 py_mkt=0.505,SOL#5min,0.50,"{""liq_imbalance"":-1.0,""liq_n"":1,""liq_usd_long"":358.06,""liq_usd_short"":0.0,""liq_usd_total"":358.06,""liq_imbalance_2min"":-1.0,""liq_imbalance_15min"":-0.9872,""liq_imbalance_60min"":-0.9856,""py_entrada"":0.505,""hora_utc"":0,""libro_spread"":0.01,""libro_liquidez"":4499.3711,""moon_phase"":0.3954,""mercury_retrogrado"":0,""horas_hasta_fomc"":546.0,""smart_money_consensus"":0.129,""smart_money_n_wallets"":4,""smart_money_consensus_ponderado"":0.2386,""smart_money_n_wallets_ponderado"":4,""ballenas_significativo"":true,""ballenas_banda_lo"":0.3,""ballenas_banda_hi"":0.5,""ballenas_rest_lo_min"":1.98,""ballenas_rest_hi_min"":4.58,""ballenas_dentro_banda"":false,""ballena_activa_n"":132}"
2026-08-25T00:01:18+00:00,MOMENTUM_IBS_5M,3827456,"Solana Up or Down - August 24, 8:00PM-8:05PM ET",2026-08-25T00:05:00,0.06,0.5050,0.6000,0.0950,0.0900,0.0900,BUY_YES,momentum_ibs_5m SOL drift7m=0.519% ibs=0.88 py=0.505 (alineado_arriba_extremo),SOL#5min,0.50,"{""drift_7min_pct"":0.5189,""ibs_7min"":0.8793,""py_entrada"":0.505,""hora_utc"":0,""es_ntm_5min"":1,""ballena_activa_n"":132,""libro_spread"":0.01,""libro_liquidez"":4499.3711,""moon_phase"":0.3954,""mercury_retrogrado"":0,""horas_hasta_fomc"":546.0,""smart_money_consensus"":0.129,""smart_money_n_wallets"":4,""smart_money_consensus_ponderado"":0.2386,""smart_money_n_wallets_ponderado"":4,""ballenas_significativo"":true,""ballenas_banda_lo"":0.3,""ballenas_banda_hi"":0.5,""ballenas_rest_lo_min"":1.98,""ballenas_rest_hi_min"":4.58,""ballenas_dentro_banda"":false}"
2026-08-25T00:01:18+00:00,MOMENTUM_IBS_5M_FADE,3827456,"Solana Up or Down - August 24, 8:00PM-8:05PM ET",2026-08-25T00:05:00,0.06,0.5050,0.4000,0.0149,0.0099,0.0099,SKIP,momentum_ibs_5m_fade SOL drift7m=0.519% ibs=0.88 py=0.505 (fade_alineado_arriba_extremo),SOL#5min,0.50,"{""drift_7min_pct"":0.5189,""ibs_7min"":0.8793,""py_entrada"":0.505,""hora_utc"":0,""es_ntm_5min"":1,""ballena_activa_n"":132,""libro_spread"":0.01,""libro_liquidez"":4499.3711,""moon_phase"":0.3954,""mercury_retrogrado"":0,""horas_hasta_fomc"":546.0,""smart_money_consensus"":0.129,""smart_money_n_wallets"":4,""smart_money_consensus_ponderado"":0.2386,""smart_money_n_wallets_ponderado"":4,""ballenas_significativo"":true,""ballenas_banda_lo"":0.3,""ballenas_banda_hi"":0.5,""ballenas_rest_lo_min"":1.98,""ballenas_rest_hi_min"":4.58,""ballenas_dentro_banda"":false}"
2026-08-25T00:01:18+00:00,UPDOWN_GBM,3827459,"Bitcoin Up or Down - August 24, 8:00PM-8:05PM ET",2026-08-25T00:05:00,0.06,0.5050,0.4506,-0.0544,-0.0494,0.0494,BUY_NO,updown_gbm BTC 5min ref=7.897e+04 spot=7.896e+04 (-0.02%) sigma_h=0.0050 T=0.06h p_up=0.451 mu_h=+0.0009,BTC#5min,0.50,"{""pct_spot_vs_ref"":-0.0209,""spot_es_twap"":1,""sigma_h"":0.00503,""T_h"":0.0606,""hora_utc"":0,""sigma_ewma_delta_pct"":12.631,""drift_15min"":0.1647,""drift_60min"":0.3065,""kalman_mu_h"":0.002363,""delta_ratio_macro"":0.1814,""ibs_15"":0.8744,""dist_vwap_pct"":-0.0169,""poly_drift_5obs"":0.0,""funding_rate_8h"":0.00587,""retest_pct"":null,""logit_edge"":-0.2182,""sigma_b"":0.0,""libro_spread"":0.01,""libro_liquidez"":11672.3953,""banda_fina_vetaria_fase1"":false,""banda_fina_motivo"":""banda_ok py=0.505 rest_lo=2.70 rest_hi=4.93"",""gate_bucket_propio_veredicto"":""sin_concluir"",""moon_phase"":0.3954,""mercury_retrogrado"":0,""horas_hasta_fomc"":546.0,""smart_money_consensus"":0.0545,""smart_money_n_wallets"":8,""smart_money_consensus_ponderado"":0.1066,""smart_money_n_wallets_ponderado"":8,""ballenas_significativo"":true,""ballenas_banda_lo"":0.5,""ballenas_banda_hi"":0.7,""ballenas_rest_lo_min"":2.15,""ballenas_rest_hi_min"":4.5,""ballenas_dentro_banda"":true,""ballena_activa_n"":923}"
2026-08-25T00:01:18+00:00,MOMENTUM_IBS_5M,3827459,"Bitcoin Up or Down - August 24, 8:00PM-8:05PM ET",2026-08-25T00:05:00,0.06,0.5050,0.6000,0.0001,-0.0049,-0.0049,SKIP,momentum_ibs_5m BTC drift7m=0.121% ibs=1.00 py=0.505 (alineado_arriba_extremo),BTC#5min,0.50,"{""drift_7min_pct"":0.1208,""ibs_7min"":1.0,""py_entrada"":0.505,""hora_utc"":0,""es_ntm_5min"":1,""ballena_activa_n"":923,""libro_spread"":0.01,""libro_liquidez"":11672.3953,""moon_phase"":0.3954,""mercury_retrogrado"":0,""horas_hasta_fomc"":546.0,""smart_money_consensus"":0.0545,""smart_money_n_wallets"":8,""smart_money_consensus_ponderado"":0.1066,""smart_money_n_wallets_ponderado"":8,""ballenas_significativo"":true,""ballenas_banda_lo"":0.5,""ballenas_banda_hi"":0.7,""ballenas_rest_lo_min"":2.15,""ballenas_rest_hi_min"":4.5,""ballenas_dentro_banda"":true}"
2026-08-25T00:01:18+00:00,MOMENTUM_IBS_5M_FADE,3827459,"Bitcoin Up or Down - August 24, 8:00PM-8:05PM ET",2026-08-25T00:05:00,0.06,0.5050,0.4000,0.0149,0.0099,0.0099,SKIP,momentum_ibs_5m_fade BTC drift7m=0.121% ibs=1.00 py=0.505 (fade_alineado_arriba_extremo),BTC#5min,0.50,"{""drift_7min_pct"":0.1208,""ibs_7min"":1.0,""py_entrada"":0.505,""hora_utc"":0,""es_ntm_5min"":1,""ballena_activa_n"":923,""libro_spread"":0.01,""libro_liquidez"":11672.3953,""moon_phase"":0.3954,""mercury_retrogrado"":0,""horas_hasta_fomc"":546.0,""smart_money_consensus"":0.0545,""smart_money_n_wallets"":8,""smart_money_consensus_ponderado"":0.1066,""smart_money_n_wallets_ponderado"":8,""ballenas_significativo"":true,""ballenas_banda_lo"":0.5,""ballenas_banda_hi"":0.7,""ballenas_rest_lo_min"":2.15,""ballenas_rest_hi_min"":4.5,""ballenas_dentro_banda"":true}"
2026-08-25T00:01:18+00:00,STRUCT_NO_15M,3827462,"Ethereum Up or Down - August 24, 8:00PM-8:15PM ET",2026-08-25T00:15:00,0.23,0.4950,0.4300,-0.0650,-0.0600,0.0600,BUY_NO,"struct_no_15m ETH py=0.495 (favorito-NO leve, model-free)",ETH#15min,0.50,"{""py_entrada"":0.495,""restante_min"":13.38,""hora_utc"":0,""libro_spread"":0.01,""libro_liquidez"":12649.1782,""moon_phase"":0.3954,""mercury_retrogrado"":0,""horas_hasta_fomc"":546.0,""smart_money_consensus"":0.1401,""smart_money_n_wallets"":7,""smart_money_consensus_ponderado"":-0.0219,""smart_money_n_wallets_ponderado"":7,""ballenas_significativo"":true,""ballenas_banda_lo"":0.7,""ballenas_banda_hi"":0.9,""ballenas_rest_lo_min"":4.38,""ballenas_rest_hi_min"":11.03,""ballenas_dentro_banda"":false,""ballena_activa_n"":69}"
2026-08-25T00:01:18+00:00,MOMENTUM_IBS_5M,3827464,"Solana Up or Down - August 24, 8:05PM-8:10PM ET",2026-08-25T00:10:00,0.14,0.5050,0.6000,0.0950,0.0900,0.0900,BUY_YES,momentum_ibs_5m SOL drift7m=0.519% ibs=0.88 py=0.505 (alineado_arriba_extremo),SOL#5min,0.50,"{""drift_7min_pct"":0.5189,""ibs_7min"":0.8793,""py_entrada"":0.505,""hora_utc"":0,""es_ntm_5min"":1,""ballena_activa_n"":2,""libro_spread"":0.01,""libro_liquidez"":4864.9275,""moon_phase"":0.3954,""mercury_retrogrado"":0,""horas_hasta_fomc"":546.0,""smart_money_consensus"":0.129,""smart_money_n_wallets"":4,""smart_money_consensus_ponderado"":0.2386,""smart_money_n_wallets_ponderado"":4,""ballenas_significativo"":true,""ballenas_banda_lo"":0.3,""ballenas_banda_hi"":0.5,""ballenas_rest_lo_min"":1.98,""ballenas_rest_hi_min"":4.58,""ballenas_dentro_banda"":false}"
2026-08-25T00:01:18+00:00,MOMENTUM_IBS_5M_FADE,3827464,"Solana Up or Down - August 24, 8:05PM-8:10PM ET",2026-08-25T00:10:00,0.14,0.5050,0.4000,0.0149,0.0099,0.0099,SKIP,momentum_ibs_5m_fade SOL drift7m=0.519% ibs=0.88 py=0.505 (fade_alineado_arriba_extremo),SOL#5min,0.50,"{""drift_7min_pct"":0.5189,""ibs_7min"":0.8793,""py_entrada"":0.505,""hora_utc"":0,""es_ntm_5min"":1,""ballena_activa_n"":2,""libro_spread"":0.01,""libro_liquidez"":4864.9275,""moon_phase"":0.3954,""mercury_retrogrado"":0,""horas_hasta_fomc"":546.0,""smart_money_consensus"":0.129,""smart_money_n_wallets"":4,""smart_money_consensus_ponderado"":0.2386,""smart_money_n_wallets_ponderado"":4,""ballenas_significativo"":true,""ballenas_banda_lo"":0.3,""ballenas_banda_hi"":0.5,""ballenas_rest_lo_min"":1.98,""ballenas_rest_hi_min"":4.58,""ballenas_dentro_banda"":false}"
2026-08-25T00:01:18+00:00,MOMENTUM_IBS_5M_BALLENA,3827464,"Solana Up or Down - August 24, 8:05PM-8:10PM ET",2026-08-25T00:10:00,0.14,0.5050,0.6000,0.0950,0.0900,0.0900,BUY_YES,momentum_ibs_5m_ballena SOL drift7m=0.519% ibs=0.88 py=0.505 n_ballena=2 (alineado_arriba_extremo_ballena),SOL#5min,0.50,"{""drift_7min_pct"":0.5189,""ibs_7min"":0.8793,""py_entrada"":0.505,""hora_utc"":0,""es_ntm_5min"":1,""ballena_activa_n"":2,""libro_spread"":0.01,""libro_liquidez"":4864.9275,""moon_phase"":0.3954,""mercury_retrogrado"":0,""horas_hasta_fomc"":546.0,""smart_money_consensus"":0.129,""smart_money_n_wallets"":4,""smart_money_consensus_ponderado"":0.2386,""smart_money_n_wallets_ponderado"":4,""ballenas_significativo"":true,""ballenas_banda_lo"":0.3,""ballenas_banda_hi"":0.5,""ballenas_rest_lo_min"":1.98,""ballenas_rest_hi_min"":4.58,""ballenas_dentro_banda"":false,""favorito_confirma_decision"":null,""favorito_confirma_coincide"":null}"
2026-08-25T00:01:18+00:00,MOMENTUM_IBS_5M,3827465,"Ethereum Up or Down - August 24, 8:05PM-8:10PM ET",2026-08-25T00:10:00,0.14,0.5050,0.6000,0.0950,0.0900,0.0900,BUY_YES,momentum_ibs_5m ETH drift7m=0.172% ibs=1.00 py=0.505 (alineado_arriba_extremo),ETH#5min,0.50,"{""drift_7min_pct"":0.1719,""ibs_7min"":1.0,""py_entrada"":0.505,""hora_utc"":0,""es_ntm_5min"":1,""ballena_activa_n"":3,""libro_spread"":0.01,""libro_liquidez"":10979.4842,""moon_phase"":0.3954,""mercury_retrogrado"":0,""horas_hasta_fomc"":546.0,""smart_money_consensus"":0.1401,""smart_money_n_wallets"":7,""smart_money_consensus_ponderado"":-0.0219,""smart_money_n_wallets_ponderado"":7,""ballenas_significativo"":true,""ballenas_banda_lo"":0.5,""ballenas_banda_hi"":0.7,""ballenas_rest_lo_min"":2.33,""ballenas_rest_hi_min"":4.83,""ballenas_dentro_banda"":true}"
2026-08-25T00:01:18+00:00,MOMENTUM_IBS_5M_FADE,3827465,"Ethereum Up or Down - August 24, 8:05PM-8:10PM ET",2026-08-25T00:10:00,0.14,0.5050,0.4000,0.0149,0.0099,0.0099,SKIP,momentum_ibs_5m_fade ETH drift7m=0.172% ibs=1.00 py=0.505 (fade_alineado_arriba_extremo),ETH#5min,0.50,"{""drift_7min_pct"":0.1719,""ibs_7min"":1.0,""py_entrada"":0.505,""hora_utc"":0,""es_ntm_5min"":1,""ballena_activa_n"":3,""libro_spread"":0.01,""libro_liquidez"":10979.4842,""moon_phase"":0.3954,""mercury_retrogrado"":0,""horas_hasta_fomc"":546.0,""smart_money_consensus"":0.1401,""smart_money_n_wallets"":7,""smart_money_consensus_ponderado"":-0.0219,""smart_money_n_wallets_ponderado"":7,""ballenas_significativo"":true,""ballenas_banda_lo"":0.5,""ballenas_banda_hi"":0.7,""ballenas_rest_lo_min"":2.33,""ballenas_rest_hi_min"":4.83,""ballenas_dentro_banda"":true}"
2026-08-25T00:01:18+00:00,MOMENTUM_IBS_5M_BALLENA,3827465,"Ethereum Up or Down - August 24, 8:05PM-8:10PM ET",2026-08-25T00:10:00,0.14,0.5050,0.6000,-0.0050,-0.0000,-0.0000,SKIP,momentum_ibs_5m_ballena ETH drift7m=0.172% ibs=1.00 py=0.505 n_ballena=3 (alineado_arriba_extremo_ballena),ETH#5min,0.50,"{""drift_7min_pct"":0.1719,""ibs_7min"":1.0,""py_entrada"":0.505,""hora_utc"":0,""es_ntm_5min"":1,""ballena_activa_n"":3,""libro_spread"":0.01,""libro_liquidez"":10979.4842,""moon_phase"":0.3954,""mercury_retrogrado"":0,""horas_hasta_fomc"":546.0,""smart_money_consensus"":0.1401,""smart_money_n_wallets"":7,""smart_money_consensus_ponderado"":-0.0219,""smart_money_n_wallets_ponderado"":7,""ballenas_significativo"":true,""ballenas_banda_lo"":0.5,""ballenas_banda_hi"":0.7,""ballenas_rest_lo_min"":2.33,""ballenas_rest_hi_min"":4.83,""ballenas_dentro_banda"":true}"
2026-08-25T00:01:18+00:00,MOMENTUM_IBS_5M,3827466,"BNB Up or Down - August 24, 8:05PM-8:10PM ET",2026-08-25T00:10:00,0.14,0.5050,0.6000,0.0001,-0.0049,-0.0049,SKIP,momentum_ibs_5m BNB drift7m=0.199% ibs=1.00 py=0.505 (alineado_arriba_extremo),BNB#5min,0.50,"{""drift_7min_pct"":0.1991,""ibs_7min"":1.0,""py_entrada"":0.505,""hora_utc"":0,""es_ntm_5min"":1,""ballena_activa_n"":0,""libro_spread"":0.01,""libro_liquidez"":2526.604,""moon_phase"":0.3954,""mercury_retrogrado"":0,""horas_hasta_fomc"":546.0,""smart_money_consensus"":-0.0935,""smart_money_n_wallets"":1,""smart_money_consensus_ponderado"":-0.0632,""smart_money_n_wallets_ponderado"":1,""ballenas_significativo"":true,""ballenas_banda_lo"":0.7,""ballenas_banda_hi"":0.9,""ballenas_rest_lo_min"":1.73,""ballenas_rest_hi_min"":3.83,""ballenas_dentro_banda"":false}"
2026-08-25T00:01:18+00:00,MOMENTUM_IBS_5M_FADE,3827466,"BNB Up or Down - August 24, 8:05PM-8:10PM ET",2026-08-25T00:10:00,0.14,0.5050,0.4000,-0.0050,-0.0000,-0.0000,SKIP,momentum_ibs_5m_fade BNB drift7m=0.199% ibs=1.00 py=0.505 (fade_alineado_arriba_extremo),BNB#5min,0.50,"{""drift_7min_pct"":0.1991,""ibs_7min"":1.0,""py_entrada"":0.505,""hora_utc"":0,""es_ntm_5min"":1,""ballena_activa_n"":0,""libro_spread"":0.01,""libro_liquidez"":2526.604,""moon_phase"":0.3954,""mercury_retrogrado"":0,""horas_hasta_fomc"":546.0,""smart_money_consensus"":-0.0935,""smart_money_n_wallets"":1,""smart_money_consensus_ponderado"":-0.0632,""smart_money_n_wallets_ponderado"":1,""ballenas_significativo"":true,""ballenas_banda_lo"":0.7,""ballenas_banda_hi"":0.9,""ballenas_rest_lo_min"":1.73,""ballenas_rest_hi_min"":3.83,""ballenas_dentro_banda"":false}"
2026-08-25T00:01:18+00:00,MOMENTUM_IBS_5M,3827469,"Bitcoin Up or Down - August 24, 8:05PM-8:10PM ET",2026-08-25T00:10:00,0.14,0.5050,0.6000,0.0001,-0.0049,-0.0049,SKIP,momentum_ibs_5m BTC drift7m=0.121% ibs=1.00 py=0.505 (alineado_arriba_extremo),BTC#5min,0.50,"{""drift_7min_pct"":0.1208,""ibs_7min"":1.0,""py_entrada"":0.505,""hora_utc"":0,""es_ntm_5min"":1,""ballena_activa_n"":8,""libro_spread"":0.01,""libro_liquidez"":12327.6331,""moon_phase"":0.3954,""mercury_retrogrado"":0,""horas_hasta_fomc"":546.0,""smart_money_consensus"":0.0545,""smart_money_n_wallets"":8,""smart_money_consensus_ponderado"":0.1066,""smart_money_n_wallets_ponderado"":8,""ballenas_significativo"":true,""ballenas_banda_lo"":0.5,""ballenas_banda_hi"":0.7,""ballenas_rest_lo_min"":2.15,""ballenas_rest_hi_min"":4.5,""ballenas_dentro_banda"":true}"
2026-08-25T00:01:18+00:00,MOMENTUM_IBS_5M_FADE,3827469,"Bitcoin Up or Down - August 24, 8:05PM-8:10PM ET",2026-08-25T00:10:00,0.14,0.5050,0.4000,0.0149,0.0099,0.0099,SKIP,momentum_ibs_5m_fade BTC drift7m=0.121% ibs=1.00 py=0.505 (fade_alineado_arriba_extremo),BTC#5min,0.50,"{""drift_7min_pct"":0.1208,""ibs_7min"":1.0,""py_entrada"":0.505,""hora_utc"":0,""es_ntm_5min"":1,""ballena_activa_n"":8,""libro_spread"":0.01,""libro_liquidez"":12327.6331,""moon_phase"":0.3954,""mercury_retrogrado"":0,""horas_hasta_fomc"":546.0,""smart_money_consensus"":0.0545,""smart_money_n_wallets"":8,""smart_money_consensus_ponderado"":0.1066,""smart_money_n_wallets_ponderado"":8,""ballenas_significativo"":true,""ballenas_banda_lo"":0.5,""ballenas_banda_hi"":0.7,""ballenas_rest_lo_min"":2.15,""ballenas_rest_hi_min"":4.5,""ballenas_dentro_banda"":true}"
2026-08-25T00:01:18+00:00,MOMENTUM_IBS_5M_BALLENA,3827469,"Bitcoin Up or Down - August 24, 8:05PM-8:10PM ET",2026-08-25T00:10:00,0.14,0.5050,0.6000,-0.0249,-0.0199,-0.0199,SKIP,momentum_ibs_5m_ballena BTC drift7m=0.121% ibs=1.00 py=0.505 n_ballena=8 (alineado_arriba_extremo_ballena),BTC#5min,0.50,"{""drift_7min_pct"":0.1208,""ibs_7min"":1.0,""py_entrada"":0.505,""hora_utc"":0,""es_ntm_5min"":1,""ballena_activa_n"":8,""libro_spread"":0.01,""libro_liquidez"":12327.6331,""moon_phase"":0.3954,""mercury_retrogrado"":0,""horas_hasta_fomc"":546.0,""smart_money_consensus"":0.0545,""smart_money_n_wallets"":8,""smart_money_consensus_ponderado"":0.1066,""smart_money_n_wallets_ponderado"":8,""ballenas_significativo"":true,""ballenas_banda_lo"":0.5,""ballenas_banda_hi"":0.7,""ballenas_rest_lo_min"":2.15,""ballenas_rest_hi_min"":4.5,""ballenas_dentro_banda"":true}"
2026-08-25T00:01:18+00:00,MOMENTUM_IBS_5M,3827470,"XRP Up or Down - August 24, 8:05PM-8:10PM ET",2026-08-25T00:10:00,0.14,0.5050,0.6000,0.0001,-0.0049,-0.0049,SKIP,momentum_ibs_5m XRP drift7m=0.149% ibs=1.00 py=0.505 (alineado_arriba_extremo),XRP#5min,0.50,"{""drift_7min_pct"":0.1486,""ibs_7min"":1.0,""py_entrada"":0.505,""hora_utc"":0,""es_ntm_5min"":1,""ballena_activa_n"":0,""libro_spread"":0.01,""libro_liquidez"":3852.4868,""moon_phase"":0.3954,""mercury_retrogrado"":0,""horas_hasta_fomc"":546.0,""smart_money_consensus"":0.0526,""smart_money_n_wallets"":3,""smart_money_consensus_ponderado"":0.2874,""smart_money_n_wallets_ponderado"":3,""ballenas_significativo"":false}"
2026-08-25T00:01:18+00:00,MOMENTUM_IBS_5M_FADE,3827470,"XRP Up or Down - August 24, 8:05PM-8:10PM ET",2026-08-25T00:10:00,0.14,0.5050,0.4000,-0.0050,-0.0000,-0.0000,SKIP,momentum_ibs_5m_fade XRP drift7m=0.149% ibs=1.00 py=0.505 (fade_alineado_arriba_extremo),XRP#5min,0.50,"{""drift_7min_pct"":0.1486,""ibs_7min"":1.0,""py_entrada"":0.505,""hora_utc"":0,""es_ntm_5min"":1,""ballena_activa_n"":0,""libro_spread"":0.01,""libro_liquidez"":3852.4868,""moon_phase"":0.3954,""mercury_retrogrado"":0,""horas_hasta_fomc"":546.0,""smart_money_consensus"":0.0526,""smart_money_n_wallets"":3,""smart_money_consensus_ponderado"":0.2874,""smart_money_n_wallets_ponderado"":3,""ballenas_significativo"":false}"
2026-08-25T00:01:18+00:00,MOMENTUM_IBS_5M,3827471,"Dogecoin Up or Down - August 24, 8:05PM-8:10PM ET",2026-08-25T00:10:00,0.14,0.5050,0.6000,0.0001,-0.0049,-0.0049,SKIP,momentum_ibs_5m DOGE drift7m=0.272% ibs=0.80 py=0.505 (alineado_arriba_extremo),DOGE#5min,0.50,"{""drift_7min_pct"":0.2718,""ibs_7min"":0.7971,""py_entrada"":0.505,""hora_utc"":0,""es_ntm_5min"":1,""ballena_activa_n"":0,""libro_spread"":0.01,""libro_liquidez"":2774.5777,""moon_phase"":0.3954,""mercury_retrogrado"":0,""horas_hasta_fomc"":546.0,""ballenas_significativo"":true,""ballenas_banda_lo"":0.0,""ballenas_banda_hi"":0.05,""ballenas_rest_lo_min"":0.6,""ballenas_rest_hi_min"":1.23,""ballenas_dentro_banda"":false}"
2026-08-25T00:01:18+00:00,MOMENTUM_IBS_5M_FADE,3827471,"Dogecoin Up or Down - August 24, 8:05PM-8:10PM ET",2026-08-25T00:10:00,0.14,0.5050,0.4000,-0.0050,-0.0000,-0.0000,SKIP,momentum_ibs_5m_fade DOGE drift7m=0.272% ibs=0.80 py=0.505 (fade_alineado_arriba_extremo),DOGE#5min,0.50,"{""drift_7min_pct"":0.2718,""ibs_7min"":0.7971,""py_entrada"":0.505,""hora_utc"":0,""es_ntm_5min"":1,""ballena_activa_n"":0,""libro_spread"":0.01,""libro_liquidez"":2774.5777,""moon_phase"":0.3954,""mercury_retrogrado"":0,""horas_hasta_fomc"":546.0,""ballenas_significativo"":true,""ballenas_banda_lo"":0.0,""ballenas_banda_hi"":0.05,""ballenas_rest_lo_min"":0.6,""ballenas_rest_hi_min"":1.23,""ballenas_dentro_banda"":false}"
2026-08-25T00:01:18+00:00,MOMENTUM_IBS_5M,3827563,"Dogecoin Up or Down - August 24, 8:10PM-8:15PM ET",2026-08-25T00:15:00,0.23,0.5050,0.6000,0.0001,-0.0049,-0.0049,SKIP,momentum_ibs_5m DOGE drift7m=0.272% ibs=0.80 py=0.505 (alineado_arriba_extremo),DOGE#5min,0.50,"{""drift_7min_pct"":0.2718,""ibs_7min"":0.7971,""py_entrada"":0.505,""hora_utc"":0,""es_ntm_5min"":1,""ballena_activa_n"":0,""libro_spread"":0.01,""libro_liquidez"":2783.0161,""moon_phase"":0.3954,""mercury_retrogrado"":0,""horas_hasta_fomc"":546.0,""ballenas_significativo"":true,""ballenas_banda_lo"":0.0,""ballenas_banda_hi"":0.05,""ballenas_rest_lo_min"":0.6,""ballenas_rest_hi_min"":1.23,""ballenas_dentro_banda"":false}"
2026-08-25T00:01:18+00:00,MOMENTUM_IBS_5M_FADE,3827563,"Dogecoin Up or Down - August 24, 8:10PM-8:15PM ET",2026-08-25T00:15:00,0.23,0.5050,0.4000,-0.0050,-0.0000,-0.0000,SKIP,momentum_ibs_5m_fade DOGE drift7m=0.272% ibs=0.80 py=0.505 (fade_alineado_arriba_extremo),DOGE#5min,0.50,"{""drift_7min_pct"":0.2718,""ibs_7min"":0.7971,""py_entrada"":0.505,""hora_utc"":0,""es_ntm_5min"":1,""ballena_activa_n"":0,""libro_spread"":0.01,""libro_liquidez"":2783.0161,""moon_phase"":0.3954,""mercury_retrogrado"":0,""horas_hasta_fomc"":546.0,""ballenas_significativo"":true,""ballenas_banda_lo"":0.0,""ballenas_banda_hi"":0.05,""ballenas_rest_lo_min"":0.6,""ballenas_rest_hi_min"":1.23,""ballenas_dentro_banda"":false}"
2026-08-25T00:01:18+00:00,MOMENTUM_IBS_5M,3827564,"BNB Up or Down - August 24, 8:10PM-8:15PM ET",2026-08-25T00:15:00,0.23,0.5050,0.6000,0.0001,-0.0049,-0.0049,SKIP,momentum_ibs_5m BNB drift7m=0.199% ibs=1.00 py=0.505 (alineado_arriba_extremo),BNB#5min,0.50,"{""drift_7min_pct"":0.1991,""ibs_7min"":1.0,""py_entrada"":0.505,""hora_utc"":0,""es_ntm_5min"":1,""ballena_activa_n"":0,""libro_spread"":0.01,""libro_liquidez"":2527.4847,""moon_phase"":0.3954,""mercury_retrogrado"":0,""horas_hasta_fomc"":546.0,""smart_money_consensus"":-0.0935,""smart_money_n_wallets"":1,""smart_money_consensus_ponderado"":-0.0632,""smart_money_n_wallets_ponderado"":1,""ballenas_significativo"":true,""ballenas_banda_lo"":0.7,""ballenas_banda_hi"":0.9,""ballenas_rest_lo_min"":1.73,""ballenas_rest_hi_min"":3.83,""ballenas_dentro_banda"":false}"
2026-08-25T00:01:18+00:00,MOMENTUM_IBS_5M_FADE,3827564,"BNB Up or Down - August 24, 8:10PM-8:15PM ET",2026-08-25T00:15:00,0.23,0.5050,0.4000,-0.0050,-0.0000,-0.0000,SKIP,momentum_ibs_5m_fade BNB drift7m=0.199% ibs=1.00 py=0.505 (fade_alineado_arriba_extremo),BNB#5min,0.50,"{""drift_7min_pct"":0.1991,""ibs_7min"":1.0,""py_entrada"":0.505,""hora_utc"":0,""es_ntm_5min"":1,""ballena_activa_n"":0,""libro_spread"":0.01,""libro_liquidez"":2527.4847,""moon_phase"":0.3954,""mercury_retrogrado"":0,""horas_hasta_fomc"":546.0,""smart_money_consensus"":-0.0935,""smart_money_n_wallets"":1,""smart_money_consensus_ponderado"":-0.0632,""smart_money_n_wallets_ponderado"":1,""ballenas_significativo"":true,""ballenas_banda_lo"":0.7,""ballenas_banda_hi"":0.9,""ballenas_rest_lo_min"":1.73,""ballenas_rest_hi_min"":3.83,""ballenas_dentro_banda"":false}"
2026-08-25T00:01:18+00:00,MOMENTUM_IBS_5M,3827565,"Ethereum Up or Down - August 24, 8:10PM-8:15PM ET",2026-08-25T00:15:00,0.23,0.5050,0.6000,0.0950,0.0900,0.0900,BUY_YES,momentum_ibs_5m ETH drift7m=0.172% ibs=1.00 py=0.505 (alineado_arriba_extremo),ETH#5min,0.50,"{""drift_7min_pct"":0.1719,""ibs_7min"":1.0,""py_entrada"":0.505,""hora_utc"":0,""es_ntm_5min"":1,""ballena_activa_n"":0,""libro_spread"":0.01,""libro_liquidez"":11796.2446,""moon_phase"":0.3954,""mercury_retrogrado"":0,""horas_hasta_fomc"":546.0,""smart_money_consensus"":0.1401,""smart_money_n_wallets"":7,""smart_money_consensus_ponderado"":-0.0219,""smart_money_n_wallets_ponderado"":7,""ballenas_significativo"":true,""ballenas_banda_lo"":0.5,""ballenas_banda_hi"":0.7,""ballenas_rest_lo_min"":2.33,""ballenas_rest_hi_min"":4.83,""ballenas_dentro_banda"":true}"
2026-08-25T00:01:18+00:00,MOMENTUM_IBS_5M_FADE,3827565,"Ethereum Up or Down - August 24, 8:10PM-8:15PM ET",2026-08-25T00:15:00,0.23,0.5050,0.4000,0.0149,0.0099,0.0099,SKIP,momentum_ibs_5m_fade ETH drift7m=0.172% ibs=1.00 py=0.505 (fade_alineado_arriba_extremo),ETH#5min,0.50,"{""drift_7min_pct"":0.1719,""ibs_7min"":1.0,""py_entrada"":0.505,""hora_utc"":0,""es_ntm_5min"":1,""ballena_activa_n"":0,""libro_spread"":0.01,""libro_liquidez"":11796.2446,""moon_phase"":0.3954,""mercury_retrogrado"":0,""horas_hasta_fomc"":546.0,""smart_money_consensus"":0.1401,""smart_money_n_wallets"":7,""smart_money_consensus_ponderado"":-0.0219,""smart_money_n_wallets_ponderado"":7,""ballenas_significativo"":true,""ballenas_banda_lo"":0.5,""ballenas_banda_hi"":0.7,""ballenas_rest_lo_min"":2.33,""ballenas_rest_hi_min"":4.83,""ballenas_dentro_banda"":true}"
2026-08-25T00:01:18+00:00,MOMENTUM_IBS_5M,3827566,"Solana Up or Down - August 24, 8:10PM-8:15PM ET",2026-08-25T00:15:00,0.23,0.5050,0.6000,0.0950,0.0900,0.0900,BUY_YES,momentum_ibs_5m SOL drift7m=0.519% ibs=0.88 py=0.505 (alineado_arriba_extremo),SOL#5min,0.50,"{""drift_7min_pct"":0.5189,""ibs_7min"":0.8793,""py_entrada"":0.505,""hora_utc"":0,""es_ntm_5min"":1,""ballena_activa_n"":0,""libro_spread"":0.01,""libro_liquidez"":4889.4616,""moon_phase"":0.3954,""mercury_retrogrado"":0,""horas_hasta_fomc"":546.0,""smart_money_consensus"":0.129,""smart_money_n_wallets"":4,""smart_money_consensus_ponderado"":0.2386,""smart_money_n_wallets_ponderado"":4,""ballenas_significativo"":true,""ballenas_banda_lo"":0.3,""ballenas_banda_hi"":0.5,""ballenas_rest_lo_min"":1.98,""ballenas_rest_hi_min"":4.58,""ballenas_dentro_banda"":false}"
2026-08-25T00:01:18+00:00,MOMENTUM_IBS_5M_FADE,3827566,"Solana Up or Down - August 24, 8:10PM-8:15PM ET",2026-08-25T00:15:00,0.23,0.5050,0.4000,0.0149,0.0099,0.0099,SKIP,momentum_ibs_5m_fade SOL drift7m=0.519% ibs=0.88 py=0.505 (fade_alineado_arriba_extremo),SOL#5min,0.50,"{""drift_7min_pct"":0.5189,""ibs_7min"":0.8793,""py_entrada"":0.505,""hora_utc"":0,""es_ntm_5min"":1,""ballena_activa_n"":0,""libro_spread"":0.01,""libro_liquidez"":4889.4616,""moon_phase"":0.3954,""mercury_retrogrado"":0,""horas_hasta_fomc"":546.0,""smart_money_consensus"":0.129,""smart_money_n_wallets"":4,""smart_money_consensus_ponderado"":0.2386,""smart_money_n_wallets_ponderado"":4,""ballenas_significativo"":true,""ballenas_banda_lo"":0.3,""ballenas_banda_hi"":0.5,""ballenas_rest_lo_min"":1.98,""ballenas_rest_hi_min"":4.58,""ballenas_dentro_banda"":false}"
2026-08-25T00:01:18+00:00,MOMENTUM_IBS_5M,3827567,"Bitcoin Up or Down - August 24, 8:10PM-8:15PM ET",2026-08-25T00:15:00,0.23,0.5050,0.6000,0.0001,-0.0049,-0.0049,SKIP,momentum_ibs_5m BTC drift7m=0.121% ibs=1.00 py=0.505 (alineado_arriba_extremo),BTC#5min,0.50,"{""drift_7min_pct"":0.1208,""ibs_7min"":1.0,""py_entrada"":0.505,""hora_utc"":0,""es_ntm_5min"":1,""ballena_activa_n"":0,""libro_spread"":0.01,""libro_liquidez"":14933.0095,""moon_phase"":0.3954,""mercury_retrogrado"":0,""horas_hasta_fomc"":546.0,""smart_money_consensus"":0.0545,""smart_money_n_wallets"":8,""smart_money_consensus_ponderado"":0.1066,""smart_money_n_wallets_ponderado"":8,""ballenas_significativo"":true,""ballenas_banda_lo"":0.5,""ballenas_banda_hi"":0.7,""ballenas_rest_lo_min"":2.15,""ballenas_rest_hi_min"":4.5,""ballenas_dentro_banda"":true}"
2026-08-25T00:01:18+00:00,MOMENTUM_IBS_5M_FADE,3827567,"Bitcoin Up or Down - August 24, 8:10PM-8:15PM ET",2026-08-25T00:15:00,0.23,0.5050,0.4000,0.0149,0.0099,0.0099,SKIP,momentum_ibs_5m_fade BTC drift7m=0.121% ibs=1.00 py=0.505 (fade_alineado_arriba_extremo),BTC#5min,0.50,"{""drift_7min_pct"":0.1208,""ibs_7min"":1.0,""py_entrada"":0.505,""hora_utc"":0,""es_ntm_5min"":1,""ballena_activa_n"":0,""libro_spread"":0.01,""libro_liquidez"":14933.0095,""moon_phase"":0.3954,""mercury_retrogrado"":0,""horas_hasta_fomc"":546.0,""smart_money_consensus"":0.0545,""smart_money_n_wallets"":8,""smart_money_consensus_ponderado"":0.1066,""smart_money_n_wallets_ponderado"":8,""ballenas_significativo"":true,""ballenas_banda_lo"":0.5,""ballenas_banda_hi"":0.7,""ballenas_rest_lo_min"":2.15,""ballenas_rest_hi_min"":4.5,""ballenas_dentro_banda"":true}"
2026-08-25T00:01:18+00:00,MOMENTUM_IBS_5M,3827570,"XRP Up or Down - August 24, 8:10PM-8:15PM ET",2026-08-25T00:15:00,0.23,0.5050,0.6000,0.0001,-0.0049,-0.0049,SKIP,momentum_ibs_5m XRP drift7m=0.149% ibs=1.00 py=0.505 (alineado_arriba_extremo),XRP#5min,0.50,"{""drift_7min_pct"":0.1486,""ibs_7min"":1.0,""py_entrada"":0.505,""hora_utc"":0,""es_ntm_5min"":1,""ballena_activa_n"":0,""libro_spread"":0.01,""libro_liquidez"":3531.9057,""moon_phase"":0.3954,""mercury_retrogrado"":0,""horas_hasta_fomc"":546.0,""smart_money_consensus"":0.0526,""smart_money_n_wallets"":3,""smart_money_consensus_ponderado"":0.2874,""smart_money_n_wallets_ponderado"":3,""ballenas_significativo"":false}"
2026-08-25T00:01:18+00:00,MOMENTUM_IBS_5M_FADE,3827570,"XRP Up or Down - August 24, 8:10PM-8:15PM ET",2026-08-25T00:15:00,0.23,0.5050,0.4000,-0.0050,-0.0000,-0.0000,SKIP,momentum_ibs_5m_fade XRP drift7m=0.149% ibs=1.00 py=0.505 (fade_alineado_arriba_extremo),XRP#5min,0.50,"{""drift_7min_pct"":0.1486,""ibs_7min"":1.0,""py_entrada"":0.505,""hora_utc"":0,""es_ntm_5min"":1,""ballena_activa_n"":0,""libro_spread"":0.01,""libro_liquidez"":3531.9057,""moon_phase"":0.3954,""mercury_retrogrado"":0,""horas_hasta_fomc"":546.0,""smart_money_consensus"":0.0526,""smart_money_n_wallets"":3,""smart_money_consensus_ponderado"":0.2874,""smart_money_n_wallets_ponderado"":3,""ballenas_significativo"":false}"
2026-08-25T00:01:18+00:00,MOMENTUM_IBS_15M,3827604,"BNB Up or Down - August 24, 8:15PM-8:30PM ET",2026-08-25T00:30:00,0.48,0.5050,0.6000,0.0950,0.0900,0.0900,BUY_YES,momentum_ibs_15m BNB drift20m=0.122% ibs=1.00 py=0.505 (alineado_arriba_extremo),BNB#15min,0.50,"{""drift_20min_pct"":0.1222,""ibs_20min"":1.0,""py_entrada"":0.505,""hora_utc"":0,""ballena_activa_n"":0,""libro_spread"":0.01,""libro_liquidez"":1947.1211,""moon_phase"":0.3954,""mercury_retrogrado"":0,""horas_hasta_fomc"":546.0,""smart_money_consensus"":-0.0935,""smart_money_n_wallets"":1,""smart_money_consensus_ponderado"":-0.0632,""smart_money_n_wallets_ponderado"":1,""ballenas_significativo"":true,""ballenas_banda_lo"":0.5,""ballenas_banda_hi"":0.7,""ballenas_rest_lo_min"":5.68,""ballenas_rest_hi_min"":13.8,""ballenas_dentro_banda"":true}"
2026-08-25T00:01:18+00:00,MOMENTUM_IBS_15M_FADE,3827604,"BNB Up or Down - August 24, 8:15PM-8:30PM ET",2026-08-25T00:30:00,0.48,0.5050,0.4000,-0.0050,-0.0000,-0.0000,SKIP,momentum_ibs_15m_fade BNB drift20m=0.122% ibs=1.00 py=0.505 (fade_alineado_arriba_extremo),BNB#15min,0.50,"{""drift_20min_pct"":0.1222,""ibs_20min"":1.0,""py_entrada"":0.505,""hora_utc"":0,""ballena_activa_n"":0,""libro_spread"":0.01,""libro_liquidez"":1947.1211,""moon_phase"":0.3954,""mercury_retrogrado"":0,""horas_hasta_fomc"":546.0,""smart_money_consensus"":-0.0935,""smart_money_n_wallets"":1,""smart_money_consensus_ponderado"":-0.0632,""smart_money_n_wallets_ponderado"":1,""ballenas_significativo"":true,""ballenas_banda_lo"":0.5,""ballenas_banda_hi"":0.7,""ballenas_rest_lo_min"":5.68,""ballenas_rest_hi_min"":13.8,""ballenas_dentro_banda"":true}"
2026-08-25T00:01:18+00:00,MOMENTUM_IBS_5M,3827606,"Solana Up or Down - August 24, 8:15PM-8:20PM ET",2026-08-25T00:20:00,0.31,0.5050,0.6000,0.0950,0.0900,0.0900,BUY_YES,momentum_ibs_5m SOL drift7m=0.519% ibs=0.88 py=0.505 (alineado_arriba_extremo),SOL#5min,0.50,"{""drift_7min_pct"":0.5189,""ibs_7min"":0.8793,""py_entrada"":0.505,""hora_utc"":0,""es_ntm_5min"":1,""ballena_activa_n"":0,""libro_spread"":0.01,""libro_liquidez"":4241.3562,""moon_phase"":0.3954,""mercury_retrogrado"":0,""horas_hasta_fomc"":546.0,""smart_money_consensus"":0.129,""smart_money_n_wallets"":4,""smart_money_consensus_ponderado"":0.2386,""smart_money_n_wallets_ponderado"":4,""ballenas_significativo"":true,""ballenas_banda_lo"":0.3,""ballenas_banda_hi"":0.5,""ballenas_rest_lo_min"":1.98,""ballenas_rest_hi_min"":4.58,""ballenas_dentro_banda"":false}"
2026-08-25T00:01:18+00:00,MOMENTUM_IBS_5M_FADE,3827606,"Solana Up or Down - August 24, 8:15PM-8:20PM ET",2026-08-25T00:20:00,0.31,0.5050,0.4000,0.0149,0.0099,0.0099,SKIP,momentum_ibs_5m_fade SOL drift7m=0.519% ibs=0.88 py=0.505 (fade_alineado_arriba_extremo),SOL#5min,0.50,"{""drift_7min_pct"":0.5189,""ibs_7min"":0.8793,""py_entrada"":0.505,""hora_utc"":0,""es_ntm_5min"":1,""ballena_activa_n"":0,""libro_spread"":0.01,""libro_liquidez"":4241.3562,""moon_phase"":0.3954,""mercury_retrogrado"":0,""horas_hasta_fomc"":546.0,""smart_money_consensus"":0.129,""smart_money_n_wallets"":4,""smart_money_consensus_ponderado"":0.2386,""smart_money_n_wallets_ponderado"":4,""ballenas_significativo"":true,""ballenas_banda_lo"":0.3,""ballenas_banda_hi"":0.5,""ballenas_rest_lo_min"":1.98,""ballenas_rest_hi_min"":4.58,""ballenas_dentro_banda"":false}"
2026-08-25T00:01:18+00:00,MOMENTUM_IBS_15M,3827607,"XRP Up or Down - August 24, 8:15PM-8:30PM ET",2026-08-25T00:30:00,0.48,0.5050,0.6000,0.0950,0.0900,0.0900,BUY_YES,momentum_ibs_15m XRP drift20m=0.149% ibs=0.76 py=0.505 (alineado_arriba_extremo),XRP#15min,0.50,"{""drift_20min_pct"":0.1486,""ibs_20min"":0.7593,""py_entrada"":0.505,""hora_utc"":0,""ballena_activa_n"":0,""libro_spread"":0.01,""libro_liquidez"":2379.7537,""moon_phase"":0.3954,""mercury_retrogrado"":0,""horas_hasta_fomc"":546.0,""smart_money_consensus"":0.0526,""smart_money_n_wallets"":3,""smart_money_consensus_ponderado"":0.2874,""smart_money_n_wallets_ponderado"":3,""ballenas_significativo"":true,""ballenas_banda_lo"":0.0,""ballenas_banda_hi"":0.05,""ballenas_rest_lo_min"":2.28,""ballenas_rest_hi_min"":3.55,""ballenas_dentro_banda"":false}"
2026-08-25T00:01:18+00:00,MOMENTUM_IBS_15M_FADE,3827607,"XRP Up or Down - August 24, 8:15PM-8:30PM ET",2026-08-25T00:30:00,0.48,0.5050,0.4000,-0.0050,-0.0000,-0.0000,SKIP,momentum_ibs_15m_fade XRP drift20m=0.149% ibs=0.76 py=0.505 (fade_alineado_arriba_extremo),XRP#15min,0.50,"{""drift_20min_pct"":0.1486,""ibs_20min"":0.7593,""py_entrada"":0.505,""hora_utc"":0,""ballena_activa_n"":0,""libro_spread"":0.01,""libro_liquidez"":2379.7537,""moon_phase"":0.3954,""mercury_retrogrado"":0,""horas_hasta_fomc"":546.0,""smart_money_consensus"":0.0526,""smart_money_n_wallets"":3,""smart_money_consensus_ponderado"":0.2874,""smart_money_n_wallets_ponderado"":3,""ballenas_significativo"":true,""ballenas_banda_lo"":0.0,""ballenas_banda_hi"":0.05,""ballenas_rest_lo_min"":2.28,""ballenas_rest_hi_min"":3.55,""ballenas_dentro_banda"":false}"
2026-08-25T00:01:18+00:00,MOMENTUM_IBS_5M,3827610,"Ethereum Up or Down - August 24, 8:15PM-8:20PM ET",2026-08-25T00:20:00,0.31,0.5050,0.6000,0.0950,0.0900,0.0900,BUY_YES,momentum_ibs_5m ETH drift7m=0.172% ibs=1.00 py=0.505 (alineado_arriba_extremo),ETH#5min,0.50,"{""drift_7min_pct"":0.1719,""ibs_7min"":1.0,""py_entrada"":0.505,""hora_utc"":0,""es_ntm_5min"":1,""ballena_activa_n"":0,""libro_spread"":0.01,""libro_liquidez"":11764.33,""moon_phase"":0.3954,""mercury_retrogrado"":0,""horas_hasta_fomc"":546.0,""smart_money_consensus"":0.1401,""smart_money_n_wallets"":7,""smart_money_consensus_ponderado"":-0.0219,""smart_money_n_wallets_ponderado"":7,""ballenas_significativo"":true,""ballenas_banda_lo"":0.5,""ballenas_banda_hi"":0.7,""ballenas_rest_lo_min"":2.33,""ballenas_rest_hi_min"":4.83,""ballenas_dentro_banda"":true}"
2026-08-25T00:01:18+00:00,MOMENTUM_IBS_5M_FADE,3827610,"Ethereum Up or Down - August 24, 8:15PM-8:20PM ET",2026-08-25T00:20:00,0.31,0.5050,0.4000,0.0149,0.0099,0.0099,SKIP,momentum_ibs_5m_fade ETH drift7m=0.172% ibs=1.00 py=0.505 (fade_alineado_arriba_extremo),ETH#5min,0.50,"{""drift_7min_pct"":0.1719,""ibs_7min"":1.0,""py_entrada"":0.505,""hora_utc"":0,""es_ntm_5min"":1,""ballena_activa_n"":0,""libro_spread"":0.01,""libro_liquidez"":11764.33,""moon_phase"":0.3954,""mercury_retrogrado"":0,""horas_hasta_fomc"":546.0,""smart_money_consensus"":0.1401,""smart_money_n_wallets"":7,""smart_money_consensus_ponderado"":-0.0219,""smart_money_n_wallets_ponderado"":7,""ballenas_significativo"":true,""ballenas_banda_lo"":0.5,""ballenas_banda_hi"":0.7,""ballenas_rest_lo_min"":2.33,""ballenas_rest_hi_min"":4.83,""ballenas_dentro_banda"":true}"
2026-08-25T00:01:18+00:00,MOMENTUM_IBS_5M,3827611,"BNB Up or Down - August 24, 8:15PM-8:20PM ET",2026-08-25T00:20:00,0.31,0.5050,0.6000,0.0001,-0.0049,-0.0049,SKIP,momentum_ibs_5m BNB drift7m=0.199% ibs=1.00 py=0.505 (alineado_arriba_extremo),BNB#5min,0.50,"{""drift_7min_pct"":0.1991,""ibs_7min"":1.0,""py_entrada"":0.505,""hora_utc"":0,""es_ntm_5min"":1,""ballena_activa_n"":0,""libro_spread"":0.01,""libro_liquidez"":2199.0443,""moon_phase"":0.3954,""mercury_retrogrado"":0,""horas_hasta_fomc"":546.0,""smart_money_consensus"":-0.0935,""smart_money_n_wallets"":1,""smart_money_consensus_ponderado"":-0.0632,""smart_money_n_wallets_ponderado"":1,""ballenas_significativo"":true,""ballenas_banda_lo"":0.7,""ballenas_banda_hi"":0.9,""ballenas_rest_lo_min"":1.73,""ballenas_rest_hi_min"":3.83,""ballenas_dentro_banda"":false}"
2026-08-25T00:01:18+00:00,MOMENTUM_IBS_5M_FADE,3827611,"BNB Up or Down - August 24, 8:15PM-8:20PM ET",2026-08-25T00:20:00,0.31,0.5050,0.4000,-0.0050,-0.0000,-0.0000,SKIP,momentum_ibs_5m_fade BNB drift7m=0.199% ibs=1.00 py=0.505 (fade_alineado_arriba_extremo),BNB#5min,0.50,"{""drift_7min_pct"":0.1991,""ibs_7min"":1.0,""py_entrada"":0.505,""hora_utc"":0,""es_ntm_5min"":1,""ballena_activa_n"":0,""libro_spread"":0.01,""libro_liquidez"":2199.0443,""moon_phase"":0.3954,""mercury_retrogrado"":0,""horas_hasta_fomc"":546.0,""smart_money_consensus"":-0.0935,""smart_money_n_wallets"":1,""smart_money_consensus_ponderado"":-0.0632,""smart_money_n_wallets_ponderado"":1,""ballenas_significativo"":true,""ballenas_banda_lo"":0.7,""ballenas_banda_hi"":0.9,""ballenas_rest_lo_min"":1.73,""ballenas_rest_hi_min"":3.83,""ballenas_dentro_banda"":false}"
2026-08-25T00:01:18+00:00,MOMENTUM_IBS_15M,3827612,"Dogecoin Up or Down - August 24, 8:15PM-8:30PM ET",2026-08-25T00:30:00,0.48,0.5050,0.6000,0.0950,0.0900,0.0900,BUY_YES,momentum_ibs_15m DOGE drift20m=0.110% ibs=0.80 py=0.505 (alineado_arriba_extremo),DOGE#15min,0.50,"{""drift_20min_pct"":0.1101,""ibs_20min"":0.8,""py_entrada"":0.505,""hora_utc"":0,""ballena_activa_n"":0,""libro_spread"":0.01,""libro_liquidez"":1829.9992,""moon_phase"":0.3954,""mercury_retrogrado"":0,""horas_hasta_fomc"":546.0,""ballenas_significativo"":true,""ballenas_banda_lo"":0.05,""ballenas_banda_hi"":0.3,""ballenas_rest_lo_min"":5.45,""ballenas_rest_hi_min"":12.48,""ballenas_dentro_banda"":false}"
2026-08-25T00:01:18+00:00,MOMENTUM_IBS_15M_FADE,3827612,"Dogecoin Up or Down - August 24, 8:15PM-8:30PM ET",2026-08-25T00:30:00,0.48,0.5050,0.4000,-0.0050,-0.0000,-0.0000,SKIP,momentum_ibs_15m_fade DOGE drift20m=0.110% ibs=0.80 py=0.505 (fade_alineado_arriba_extremo),DOGE#15min,0.50,"{""drift_20min_pct"":0.1101,""ibs_20min"":0.8,""py_entrada"":0.505,""hora_utc"":0,""ballena_activa_n"":0,""libro_spread"":0.01,""libro_liquidez"":1829.9992,""moon_phase"":0.3954,""mercury_retrogrado"":0,""horas_hasta_fomc"":546.0,""ballenas_significativo"":true,""ballenas_banda_lo"":0.05,""ballenas_banda_hi"":0.3,""ballenas_rest_lo_min"":5.45,""ballenas_rest_hi_min"":12.48,""ballenas_dentro_banda"":false}"
2026-08-25T00:01:18+00:00,MOMENTUM_IBS_5M,3827613,"Dogecoin Up or Down - August 24, 8:15PM-8:20PM ET",2026-08-25T00:20:00,0.31,0.5050,0.6000,0.0001,-0.0049,-0.0049,SKIP,momentum_ibs_5m DOGE drift7m=0.272% ibs=0.80 py=0.505 (alineado_arriba_extremo),DOGE#5min,0.50,"{""drift_7min_pct"":0.2718,""ibs_7min"":0.7971,""py_entrada"":0.505,""hora_utc"":0,""es_ntm_5min"":1,""ballena_activa_n"":0,""libro_spread"":0.01,""libro_liquidez"":2273.154,""moon_phase"":0.3954,""mercury_retrogrado"":0,""horas_hasta_fomc"":546.0,""ballenas_significativo"":true,""ballenas_banda_lo"":0.0,""ballenas_banda_hi"":0.05,""ballenas_rest_lo_min"":0.6,""ballenas_rest_hi_min"":1.23,""ballenas_dentro_banda"":false}"
2026-08-25T00:01:18+00:00,MOMENTUM_IBS_5M_FADE,3827613,"Dogecoin Up or Down - August 24, 8:15PM-8:20PM ET",2026-08-25T00:20:00,0.31,0.5050,0.4000,-0.0050,-0.0000,-0.0000,SKIP,momentum_ibs_5m_fade DOGE drift7m=0.272% ibs=0.80 py=0.505 (fade_alineado_arriba_extremo),DOGE#5min,0.50,"{""drift_7min_pct"":0.2718,""ibs_7min"":0.7971,""py_entrada"":0.505,""hora_utc"":0,""es_ntm_5min"":1,""ballena_activa_n"":0,""libro_spread"":0.01,""libro_liquidez"":2273.154,""moon_phase"":0.3954,""mercury_retrogrado"":0,""horas_hasta_fomc"":546.0,""ballenas_significativo"":true,""ballenas_banda_lo"":0.0,""ballenas_banda_hi"":0.05,""ballenas_rest_lo_min"":0.6,""ballenas_rest_hi_min"":1.23,""ballenas_dentro_banda"":false}"
2026-08-25T00:01:18+00:00,MOMENTUM_IBS_5M,3827615,"Bitcoin Up or Down - August 24, 8:15PM-8:20PM ET",2026-08-25T00:20:00,0.31,0.5050,0.6000,0.0001,-0.0049,-0.0049,SKIP,momentum_ibs_5m BTC drift7m=0.121% ibs=1.00 py=0.505 (alineado_arriba_extremo),BTC#5min,0.50,"{""drift_7min_pct"":0.1208,""ibs_7min"":1.0,""py_entrada"":0.505,""hora_utc"":0,""es_ntm_5min"":1,""ballena_activa_n"":1,""libro_spread"":0.01,""libro_liquidez"":14881.3778,""moon_phase"":0.3954,""mercury_retrogrado"":0,""horas_hasta_fomc"":546.0,""smart_money_consensus"":0.0545,""smart_money_n_wallets"":8,""smart_money_consensus_ponderado"":0.1066,""smart_money_n_wallets_ponderado"":8,""ballenas_significativo"":true,""ballenas_banda_lo"":0.5,""ballenas_banda_hi"":0.7,""ballenas_rest_lo_min"":2.15,""ballenas_rest_hi_min"":4.5,""ballenas_dentro_banda"":true}"
2026-08-25T00:01:18+00:00,MOMENTUM_IBS_5M_FADE,3827615,"Bitcoin Up or Down - August 24, 8:15PM-8:20PM ET",2026-08-25T00:20:00,0.31,0.5050,0.4000,0.0149,0.0099,0.0099,SKIP,momentum_ibs_5m_fade BTC drift7m=0.121% ibs=1.00 py=0.505 (fade_alineado_arriba_extremo),BTC#5min,0.50,"{""drift_7min_pct"":0.1208,""ibs_7min"":1.0,""py_entrada"":0.505,""hora_utc"":0,""es_ntm_5min"":1,""ballena_activa_n"":1,""libro_spread"":0.01,""libro_liquidez"":14881.3778,""moon_phase"":0.3954,""mercury_retrogrado"":0,""horas_hasta_fomc"":546.0,""smart_money_consensus"":0.0545,""smart_money_n_wallets"":8,""smart_money_consensus_ponderado"":0.1066,""smart_money_n_wallets_ponderado"":8,""ballenas_significativo"":true,""ballenas_banda_lo"":0.5,""ballenas_banda_hi"":0.7,""ballenas_rest_lo_min"":2.15,""ballenas_rest_hi_min"":4.5,""ballenas_dentro_banda"":true}"
2026-08-25T00:01:18+00:00,MOMENTUM_IBS_5M_BALLENA,3827615,"Bitcoin Up or Down - August 24, 8:15PM-8:20PM ET",2026-08-25T00:20:00,0.31,0.5050,0.6000,-0.0249,-0.0199,-0.0199,SKIP,momentum_ibs_5m_ballena BTC drift7m=0.121% ibs=1.00 py=0.505 n_ballena=1 (alineado_arriba_extremo_ballena),BTC#5min,0.50,"{""drift_7min_pct"":0.1208,""ibs_7min"":1.0,""py_entrada"":0.505,""hora_utc"":0,""es_ntm_5min"":1,""ballena_activa_n"":1,""libro_spread"":0.01,""libro_liquidez"":14881.3778,""moon_phase"":0.3954,""mercury_retrogrado"":0,""horas_hasta_fomc"":546.0,""smart_money_consensus"":0.0545,""smart_money_n_wallets"":8,""smart_money_consensus_ponderado"":0.1066,""smart_money_n_wallets_ponderado"":8,""ballenas_significativo"":true,""ballenas_banda_lo"":0.5,""ballenas_banda_hi"":0.7,""ballenas_rest_lo_min"":2.15,""ballenas_rest_hi_min"":4.5,""ballenas_dentro_banda"":true}"
2026-08-25T00:01:18+00:00,MOMENTUM_IBS_5M,3827617,"XRP Up or Down - August 24, 8:15PM-8:20PM ET",2026-08-25T00:20:00,0.31,0.5050,0.6000,0.0001,-0.0049,-0.0049,SKIP,momentum_ibs_5m XRP drift7m=0.149% ibs=1.00 py=0.505 (alineado_arriba_extremo),XRP#5min,0.50,"{""drift_7min_pct"":0.1486,""ibs_7min"":1.0,""py_entrada"":0.505,""hora_utc"":0,""es_ntm_5min"":1,""ballena_activa_n"":0,""libro_spread"":0.01,""libro_liquidez"":2853.1813,""moon_phase"":0.3954,""mercury_retrogrado"":0,""horas_hasta_fomc"":546.0,""smart_money_consensus"":0.0526,""smart_money_n_wallets"":3,""smart_money_consensus_ponderado"":0.2874,""smart_money_n_wallets_ponderado"":3,""ballenas_significativo"":false}"
2026-08-25T00:01:18+00:00,MOMENTUM_IBS_5M_FADE,3827617,"XRP Up or Down - August 24, 8:15PM-8:20PM ET",2026-08-25T00:20:00,0.31,0.5050,0.4000,-0.0050,-0.0000,-0.0000,SKIP,momentum_ibs_5m_fade XRP drift7m=0.149% ibs=1.00 py=0.505 (fade_alineado_arriba_extremo),XRP#5min,0.50,"{""drift_7min_pct"":0.1486,""ibs_7min"":1.0,""py_entrada"":0.505,""hora_utc"":0,""es_ntm_5min"":1,""ballena_activa_n"":0,""libro_spread"":0.01,""libro_liquidez"":2853.1813,""moon_phase"":0.3954,""mercury_retrogrado"":0,""horas_hasta_fomc"":546.0,""smart_money_consensus"":0.0526,""smart_money_n_wallets"":3,""smart_money_consensus_ponderado"":0.2874,""smart_money_n_wallets_ponderado"":3,""ballenas_significativo"":false}"
2026-08-25T00:01:18+00:00,MOMENTUM_IBS_15M,3827618,"Solana Up or Down - August 24, 8:15PM-8:30PM ET",2026-08-25T00:30:00,0.48,0.5050,0.6000,0.0348,0.0298,0.0298,BUY_YES,momentum_ibs_15m SOL drift20m=0.172% ibs=0.88 py=0.505 (alineado_arriba_extremo),SOL#15min,0.50,"{""drift_20min_pct"":0.1724,""ibs_20min"":0.8793,""py_entrada"":0.505,""hora_utc"":0,""ballena_activa_n"":0,""libro_spread"":0.01,""libro_liquidez"":4016.9976,""moon_phase"":0.3954,""mercury_retrogrado"":0,""horas_hasta_fomc"":546.0,""smart_money_consensus"":0.129,""smart_money_n_wallets"":4,""smart_money_consensus_ponderado"":0.2386,""smart_money_n_wallets_ponderado"":4,""ballenas_significativo"":true,""ballenas_banda_lo"":0.05,""ballenas_banda_hi"":0.3,""ballenas_rest_lo_min"":6.13,""ballenas_rest_hi_min"":11.88,""ballenas_dentro_banda"":false}"
2026-08-25T00:01:18+00:00,MOMENTUM_IBS_15M_FADE,3827618,"Solana Up or Down - August 24, 8:15PM-8:30PM ET",2026-08-25T00:30:00,0.48,0.5050,0.4000,-0.0050,-0.0000,-0.0000,SKIP,momentum_ibs_15m_fade SOL drift20m=0.172% ibs=0.88 py=0.505 (fade_alineado_arriba_extremo),SOL#15min,0.50,"{""drift_20min_pct"":0.1724,""ibs_20min"":0.8793,""py_entrada"":0.505,""hora_utc"":0,""ballena_activa_n"":0,""libro_spread"":0.01,""libro_liquidez"":4016.9976,""moon_phase"":0.3954,""mercury_retrogrado"":0,""horas_hasta_fomc"":546.0,""smart_money_consensus"":0.129,""smart_money_n_wallets"":4,""smart_money_consensus_ponderado"":0.2386,""smart_money_n_wallets_ponderado"":4,""ballenas_significativo"":true,""ballenas_banda_lo"":0.05,""ballenas_banda_hi"":0.3,""ballenas_rest_lo_min"":6.13,""ballenas_rest_hi_min"":11.88,""ballenas_dentro_banda"":false}"
2026-08-25T00:01:18+00:00,MOMENTUM_IBS_15M,3827619,"Bitcoin Up or Down - August 24, 8:15PM-8:30PM ET",2026-08-25T00:30:00,0.48,0.5050,0.6000,0.0001,-0.0049,-0.0049,SKIP,momentum_ibs_15m BTC drift20m=0.064% ibs=1.00 py=0.505 (alineado_arriba_extremo),BTC#15min,0.50,"{""drift_20min_pct"":0.0638,""ibs_20min"":1.0,""py_entrada"":0.505,""hora_utc"":0,""ballena_activa_n"":4,""libro_spread"":0.01,""libro_liquidez"":16928.6878,""moon_phase"":0.3954,""mercury_retrogrado"":0,""horas_hasta_fomc"":546.0,""smart_money_consensus"":0.0545,""smart_money_n_wallets"":8,""smart_money_consensus_ponderado"":0.1066,""smart_money_n_wallets_ponderado"":8,""ballenas_significativo"":true,""ballenas_banda_lo"":0.3,""ballenas_banda_hi"":0.5,""ballenas_rest_lo_min"":6.95,""ballenas_rest_hi_min"":13.95,""ballenas_dentro_banda"":false}"
2026-08-25T00:01:18+00:00,MOMENTUM_IBS_15M_FADE,3827619,"Bitcoin Up or Down - August 24, 8:15PM-8:30PM ET",2026-08-25T00:30:00,0.48,0.5050,0.4000,-0.0050,-0.0000,-0.0000,SKIP,momentum_ibs_15m_fade BTC drift20m=0.064% ibs=1.00 py=0.505 (fade_alineado_arriba_extremo),BTC#15min,0.50,"{""drift_20min_pct"":0.0638,""ibs_20min"":1.0,""py_entrada"":0.505,""hora_utc"":0,""ballena_activa_n"":4,""libro_spread"":0.01,""libro_liquidez"":16928.6878,""moon_phase"":0.3954,""mercury_retrogrado"":0,""horas_hasta_fomc"":546.0,""smart_money_consensus"":0.0545,""smart_money_n_wallets"":8,""smart_money_consensus_ponderado"":0.1066,""smart_money_n_wallets_ponderado"":8,""ballenas_significativo"":true,""ballenas_banda_lo"":0.3,""ballenas_banda_hi"":0.5,""ballenas_rest_lo_min"":6.95,""ballenas_rest_hi_min"":13.95,""ballenas_dentro_banda"":false}"
2026-08-25T00:01:18+00:00,MOMENTUM_IBS_15M_BALLENA,3827619,"Bitcoin Up or Down - August 24, 8:15PM-8:30PM ET",2026-08-25T00:30:00,0.48,0.5050,0.6000,0.0950,0.0900,0.0900,BUY_YES,momentum_ibs_15m_ballena BTC drift20m=0.064% ibs=1.00 py=0.505 n_ballena=4 (alineado_arriba_extremo_ballena),BTC#15min,0.50,"{""drift_20min_pct"":0.0638,""ibs_20min"":1.0,""py_entrada"":0.505,""hora_utc"":0,""ballena_activa_n"":4,""libro_spread"":0.01,""libro_liquidez"":16928.6878,""moon_phase"":0.3954,""mercury_retrogrado"":0,""horas_hasta_fomc"":546.0,""smart_money_consensus"":0.0545,""smart_money_n_wallets"":8,""smart_money_consensus_ponderado"":0.1066,""smart_money_n_wallets_ponderado"":8,""ballenas_significativo"":true,""ballenas_banda_lo"":0.3,""ballenas_banda_hi"":0.5,""ballenas_rest_lo_min"":6.95,""ballenas_rest_hi_min"":13.95,""ballenas_dentro_banda"":false,""favorito_confirma_decision"":null,""favorito_confirma_coincide"":null}"
2026-08-25T00:01:18+00:00,MOMENTUM_IBS_5M,3827626,"Ethereum Up or Down - August 24, 8:20PM-8:25PM ET",2026-08-25T00:25:00,0.39,0.5050,0.6000,0.0950,0.0900,0.0900,BUY_YES,momentum_ibs_5m ETH drift7m=0.172% ibs=1.00 py=0.505 (alineado_arriba_extremo),ETH#5min,0.50,"{""drift_7min_pct"":0.1719,""ibs_7min"":1.0,""py_entrada"":0.505,""hora_utc"":0,""es_ntm_5min"":1,""ballena_activa_n"":0,""libro_spread"":0.01,""libro_liquidez"":12876.1221,""moon_phase"":0.3954,""mercury_retrogrado"":0,""horas_hasta_fomc"":546.0,""smart_money_consensus"":0.1401,""smart_money_n_wallets"":7,""smart_money_consensus_ponderado"":-0.0219,""smart_money_n_wallets_ponderado"":7,""ballenas_significativo"":true,""ballenas_banda_lo"":0.5,""ballenas_banda_hi"":0.7,""ballenas_rest_lo_min"":2.33,""ballenas_rest_hi_min"":4.83,""ballenas_dentro_banda"":true}"
2026-08-25T00:01:18+00:00,MOMENTUM_IBS_5M_FADE,3827626,"Ethereum Up or Down - August 24, 8:20PM-8:25PM ET",2026-08-25T00:25:00,0.39,0.5050,0.4000,0.0149,0.0099,0.0099,SKIP,momentum_ibs_5m_fade ETH drift7m=0.172% ibs=1.00 py=0.505 (fade_alineado_arriba_extremo),ETH#5min,0.50,"{""drift_7min_pct"":0.1719,""ibs_7min"":1.0,""py_entrada"":0.505,""hora_utc"":0,""es_ntm_5min"":1,""ballena_activa_n"":0,""libro_spread"":0.01,""libro_liquidez"":12876.1221,""moon_phase"":0.3954,""mercury_retrogrado"":0,""horas_hasta_fomc"":546.0,""smart_money_consensus"":0.1401,""smart_money_n_wallets"":7,""smart_money_consensus_ponderado"":-0.0219,""smart_money_n_wallets_ponderado"":7,""ballenas_significativo"":true,""ballenas_banda_lo"":0.5,""ballenas_banda_hi"":0.7,""ballenas_rest_lo_min"":2.33,""ballenas_rest_hi_min"":4.83,""ballenas_dentro_banda"":true}"
2026-08-25T00:01:18+00:00,MOMENTUM_IBS_5M,3827628,"Bitcoin Up or Down - August 24, 8:20PM-8:25PM ET",2026-08-25T00:25:00,0.39,0.5050,0.6000,0.0001,-0.0049,-0.0049,SKIP,momentum_ibs_5m BTC drift7m=0.121% ibs=1.00 py=0.505 (alineado_arriba_extremo),BTC#5min,0.50,"{""drift_7min_pct"":0.1208,""ibs_7min"":1.0,""py_entrada"":0.505,""hora_utc"":0,""es_ntm_5min"":1,""ballena_activa_n"":0,""libro_spread"":0.01,""libro_liquidez"":15454.9186,""moon_phase"":0.3954,""mercury_retrogrado"":0,""horas_hasta_fomc"":546.0,""smart_money_consensus"":0.0545,""smart_money_n_wallets"":8,""smart_money_consensus_ponderado"":0.1066,""smart_money_n_wallets_ponderado"":8,""ballenas_significativo"":true,""ballenas_banda_lo"":0.5,""ballenas_banda_hi"":0.7,""ballenas_rest_lo_min"":2.15,""ballenas_rest_hi_min"":4.5,""ballenas_dentro_banda"":true}"
2026-08-25T00:01:18+00:00,MOMENTUM_IBS_5M_FADE,3827628,"Bitcoin Up or Down - August 24, 8:20PM-8:25PM ET",2026-08-25T00:25:00,0.39,0.5050,0.4000,0.0149,0.0099,0.0099,SKIP,momentum_ibs_5m_fade BTC drift7m=0.121% ibs=1.00 py=0.505 (fade_alineado_arriba_extremo),BTC#5min,0.50,"{""drift_7min_pct"":0.1208,""ibs_7min"":1.0,""py_entrada"":0.505,""hora_utc"":0,""es_ntm_5min"":1,""ballena_activa_n"":0,""libro_spread"":0.01,""libro_liquidez"":15454.9186,""moon_phase"":0.3954,""mercury_retrogrado"":0,""horas_hasta_fomc"":546.0,""smart_money_consensus"":0.0545,""smart_money_n_wallets"":8,""smart_money_consensus_ponderado"":0.1066,""smart_money_n_wallets_ponderado"":8,""ballenas_significativo"":true,""ballenas_banda_lo"":0.5,""ballenas_banda_hi"":0.7,""ballenas_rest_lo_min"":2.15,""ballenas_rest_hi_min"":4.5,""ballenas_dentro_banda"":true}"
2026-08-25T00:01:18+00:00,MOMENTUM_IBS_5M,3827630,"Solana Up or Down - August 24, 8:20PM-8:25PM ET",2026-08-25T00:25:00,0.39,0.5050,0.6000,0.0950,0.0900,0.0900,BUY_YES,momentum_ibs_5m SOL drift7m=0.519% ibs=0.88 py=0.505 (alineado_arriba_extremo),SOL#5min,0.50,"{""drift_7min_pct"":0.5189,""ibs_7min"":0.8793,""py_entrada"":0.505,""hora_utc"":0,""es_ntm_5min"":1,""ballena_activa_n"":0,""libro_spread"":0.01,""libro_liquidez"":4220.6275,""moon_phase"":0.3954,""mercury_retrogrado"":0,""horas_hasta_fomc"":546.0,""smart_money_consensus"":0.129,""smart_money_n_wallets"":4,""smart_money_consensus_ponderado"":0.2386,""smart_money_n_wallets_ponderado"":4,""ballenas_significativo"":true,""ballenas_banda_lo"":0.3,""ballenas_banda_hi"":0.5,""ballenas_rest_lo_min"":1.98,""ballenas_rest_hi_min"":4.58,""ballenas_dentro_banda"":false}"
2026-08-25T00:01:18+00:00,MOMENTUM_IBS_5M_FADE,3827630,"Solana Up or Down - August 24, 8:20PM-8:25PM ET",2026-08-25T00:25:00,0.39,0.5050,0.4000,0.0149,0.0099,0.0099,SKIP,momentum_ibs_5m_fade SOL drift7m=0.519% ibs=0.88 py=0.505 (fade_alineado_arriba_extremo),SOL#5min,0.50,"{""drift_7min_pct"":0.5189,""ibs_7min"":0.8793,""py_entrada"":0.505,""hora_utc"":0,""es_ntm_5min"":1,""ballena_activa_n"":0,""libro_spread"":0.01,""libro_liquidez"":4220.6275,""moon_phase"":0.3954,""mercury_retrogrado"":0,""horas_hasta_fomc"":546.0,""smart_money_consensus"":0.129,""smart_money_n_wallets"":4,""smart_money_consensus_ponderado"":0.2386,""smart_money_n_wallets_ponderado"":4,""ballenas_significativo"":true,""ballenas_banda_lo"":0.3,""ballenas_banda_hi"":0.5,""ballenas_rest_lo_min"":1.98,""ballenas_rest_hi_min"":4.58,""ballenas_dentro_banda"":false}"
2026-08-25T00:01:18+00:00,MOMENTUM_IBS_5M,3827632,"Ethereum Up or Down - August 24, 8:25PM-8:30PM ET",2026-08-25T00:30:00,0.48,0.5050,0.6000,0.0950,0.0900,0.0900,BUY_YES,momentum_ibs_5m ETH drift7m=0.172% ibs=1.00 py=0.505 (alineado_arriba_extremo),ETH#5min,0.50,"{""drift_7min_pct"":0.1719,""ibs_7min"":1.0,""py_entrada"":0.505,""hora_utc"":0,""es_ntm_5min"":1,""ballena_activa_n"":0,""libro_spread"":0.01,""libro_liquidez"":4865.9478,""moon_phase"":0.3954,""mercury_retrogrado"":0,""horas_hasta_fomc"":546.0,""smart_money_consensus"":0.1401,""smart_money_n_wallets"":7,""smart_money_consensus_ponderado"":-0.0219,""smart_money_n_wallets_ponderado"":7,""ballenas_significativo"":true,""ballenas_banda_lo"":0.5,""ballenas_banda_hi"":0.7,""ballenas_rest_lo_min"":2.33,""ballenas_rest_hi_min"":4.83,""ballenas_dentro_banda"":true}"
2026-08-25T00:01:18+00:00,MOMENTUM_IBS_5M_FADE,3827632,"Ethereum Up or Down - August 24, 8:25PM-8:30PM ET",2026-08-25T00:30:00,0.48,0.5050,0.4000,0.0149,0.0099,0.0099,SKIP,momentum_ibs_5m_fade ETH drift7m=0.172% ibs=1.00 py=0.505 (fade_alineado_arriba_extremo),ETH#5min,0.50,"{""drift_7min_pct"":0.1719,""ibs_7min"":1.0,""py_entrada"":0.505,""hora_utc"":0,""es_ntm_5min"":1,""ballena_activa_n"":0,""libro_spread"":0.01,""libro_liquidez"":4865.9478,""moon_phase"":0.3954,""mercury_retrogrado"":0,""horas_hasta_fomc"":546.0,""smart_money_consensus"":0.1401,""smart_money_n_wallets"":7,""smart_money_consensus_ponderado"":-0.0219,""smart_money_n_wallets_ponderado"":7,""ballenas_significativo"":true,""ballenas_banda_lo"":0.5,""ballenas_banda_hi"":0.7,""ballenas_rest_lo_min"":2.33,""ballenas_rest_hi_min"":4.83,""ballenas_dentro_banda"":true}"
2026-08-25T00:01:18+00:00,MOMENTUM_IBS_5M,3827633,"Bitcoin Up or Down - August 24, 8:25PM-8:30PM ET",2026-08-25T00:30:00,0.48,0.5050,0.6000,0.0001,-0.0049,-0.0049,SKIP,momentum_ibs_5m BTC drift7m=0.121% ibs=1.00 py=0.505 (alineado_arriba_extremo),BTC#5min,0.50,"{""drift_7min_pct"":0.1208,""ibs_7min"":1.0,""py_entrada"":0.505,""hora_utc"":0,""es_ntm_5min"":1,""ballena_activa_n"":0,""libro_spread"":0.01,""libro_liquidez"":5398.5934,""moon_phase"":0.3954,""mercury_retrogrado"":0,""horas_hasta_fomc"":546.0,""smart_money_consensus"":0.0545,""smart_money_n_wallets"":8,""smart_money_consensus_ponderado"":0.1066,""smart_money_n_wallets_ponderado"":8,""ballenas_significativo"":true,""ballenas_banda_lo"":0.5,""ballenas_banda_hi"":0.7,""ballenas_rest_lo_min"":2.15,""ballenas_rest_hi_min"":4.5,""ballenas_dentro_banda"":true}"
2026-08-25T00:01:18+00:00,MOMENTUM_IBS_5M_FADE,3827633,"Bitcoin Up or Down - August 24, 8:25PM-8:30PM ET",2026-08-25T00:30:00,0.48,0.5050,0.4000,0.0149,0.0099,0.0099,SKIP,momentum_ibs_5m_fade BTC drift7m=0.121% ibs=1.00 py=0.505 (fade_alineado_arriba_extremo),BTC#5min,0.50,"{""drift_7min_pct"":0.1208,""ibs_7min"":1.0,""py_entrada"":0.505,""hora_utc"":0,""es_ntm_5min"":1,""ballena_activa_n"":0,""libro_spread"":0.01,""libro_liquidez"":5398.5934,""moon_phase"":0.3954,""mercury_retrogrado"":0,""horas_hasta_fomc"":546.0,""smart_money_consensus"":0.0545,""smart_money_n_wallets"":8,""smart_money_consensus_ponderado"":0.1066,""smart_money_n_wallets_ponderado"":8,""ballenas_significativo"":true,""ballenas_banda_lo"":0.5,""ballenas_banda_hi"":0.7,""ballenas_rest_lo_min"":2.15,""ballenas_rest_hi_min"":4.5,""ballenas_dentro_banda"":true}"
2026-08-25T00:01:18+00:00,MOMENTUM_IBS_5M,3827638,"Solana Up or Down - August 24, 8:25PM-8:30PM ET",2026-08-25T00:30:00,0.48,0.5050,0.6000,0.0950,0.0900,0.0900,BUY_YES,momentum_ibs_5m SOL drift7m=0.519% ibs=0.88 py=0.505 (alineado_arriba_extremo),SOL#5min,0.50,"{""drift_7min_pct"":0.5189,""ibs_7min"":0.8793,""py_entrada"":0.505,""hora_utc"":0,""es_ntm_5min"":1,""ballena_activa_n"":0,""libro_spread"":0.01,""libro_liquidez"":4261.3274,""moon_phase"":0.3954,""mercury_retrogrado"":0,""horas_hasta_fomc"":546.0,""smart_money_consensus"":0.129,""smart_money_n_wallets"":4,""smart_money_consensus_ponderado"":0.2386,""smart_money_n_wallets_ponderado"":4,""ballenas_significativo"":true,""ballenas_banda_lo"":0.3,""ballenas_banda_hi"":0.5,""ballenas_rest_lo_min"":1.98,""ballenas_rest_hi_min"":4.58,""ballenas_dentro_banda"":false}"
2026-08-25T00:01:18+00:00,MOMENTUM_IBS_5M_FADE,3827638,"Solana Up or Down - August 24, 8:25PM-8:30PM ET",2026-08-25T00:30:00,0.48,0.5050,0.4000,0.0149,0.0099,0.0099,SKIP,momentum_ibs_5m_fade SOL drift7m=0.519% ibs=0.88 py=0.505 (fade_alineado_arriba_extremo),SOL#5min,0.50,"{""drift_7min_pct"":0.5189,""ibs_7min"":0.8793,""py_entrada"":0.505,""hora_utc"":0,""es_ntm_5min"":1,""ballena_activa_n"":0,""libro_spread"":0.01,""libro_liquidez"":4261.3274,""moon_phase"":0.3954,""mercury_retrogrado"":0,""horas_hasta_fomc"":546.0,""smart_money_consensus"":0.129,""smart_money_n_wallets"":4,""smart_money_consensus_ponderado"":0.2386,""smart_money_n_wallets_ponderado"":4,""ballenas_significativo"":true,""ballenas_banda_lo"":0.3,""ballenas_banda_hi"":0.5,""ballenas_rest_lo_min"":1.98,""ballenas_rest_hi_min"":4.58,""ballenas_dentro_banda"":false}"
2026-08-25T00:01:18+00:00,MOMENTUM_IBS_5M,3827640,"Bitcoin Up or Down - August 24, 8:30PM-8:35PM ET",2026-08-25T00:35:00,0.56,0.5050,0.6000,0.0001,-0.0049,-0.0049,SKIP,momentum_ibs_5m BTC drift7m=0.121% ibs=1.00 py=0.505 (alineado_arriba_extremo),BTC#5min,0.50,"{""drift_7min_pct"":0.1208,""ibs_7min"":1.0,""py_entrada"":0.505,""hora_utc"":0,""es_ntm_5min"":1,""ballena_activa_n"":0,""libro_spread"":0.01,""libro_liquidez"":15043.4636,""moon_phase"":0.3954,""mercury_retrogrado"":0,""horas_hasta_fomc"":546.0,""smart_money_consensus"":0.0545,""smart_money_n_wallets"":8,""smart_money_consensus_ponderado"":0.1066,""smart_money_n_wallets_ponderado"":8,""ballenas_significativo"":true,""ballenas_banda_lo"":0.5,""ballenas_banda_hi"":0.7,""ballenas_rest_lo_min"":2.15,""ballenas_rest_hi_min"":4.5,""ballenas_dentro_banda"":true}"
2026-08-25T00:01:18+00:00,MOMENTUM_IBS_5M_FADE,3827640,"Bitcoin Up or Down - August 24, 8:30PM-8:35PM ET",2026-08-25T00:35:00,0.56,0.5050,0.4000,0.0149,0.0099,0.0099,SKIP,momentum_ibs_5m_fade BTC drift7m=0.121% ibs=1.00 py=0.505 (fade_alineado_arriba_extremo),BTC#5min,0.50,"{""drift_7min_pct"":0.1208,""ibs_7min"":1.0,""py_entrada"":0.505,""hora_utc"":0,""es_ntm_5min"":1,""ballena_activa_n"":0,""libro_spread"":0.01,""libro_liquidez"":15043.4636,""moon_phase"":0.3954,""mercury_retrogrado"":0,""horas_hasta_fomc"":546.0,""smart_money_consensus"":0.0545,""smart_money_n_wallets"":8,""smart_money_consensus_ponderado"":0.1066,""smart_money_n_wallets_ponderado"":8,""ballenas_significativo"":true,""ballenas_banda_lo"":0.5,""ballenas_banda_hi"":0.7,""ballenas_rest_lo_min"":2.15,""ballenas_rest_hi_min"":4.5,""ballenas_dentro_banda"":true}"
2026-08-25T00:01:18+00:00,MOMENTUM_IBS_5M,3827641,"Ethereum Up or Down - August 24, 8:30PM-8:35PM ET",2026-08-25T00:35:00,0.56,0.5050,0.6000,0.0950,0.0900,0.0900,BUY_YES,momentum_ibs_5m ETH drift7m=0.172% ibs=1.00 py=0.505 (alineado_arriba_extremo),ETH#5min,0.50,"{""drift_7min_pct"":0.1719,""ibs_7min"":1.0,""py_entrada"":0.505,""hora_utc"":0,""es_ntm_5min"":1,""ballena_activa_n"":0,""libro_spread"":0.01,""libro_liquidez"":12436.249,""moon_phase"":0.3954,""mercury_retrogrado"":0,""horas_hasta_fomc"":546.0,""smart_money_consensus"":0.1401,""smart_money_n_wallets"":7,""smart_money_consensus_ponderado"":-0.0219,""smart_money_n_wallets_ponderado"":7,""ballenas_significativo"":true,""ballenas_banda_lo"":0.5,""ballenas_banda_hi"":0.7,""ballenas_rest_lo_min"":2.33,""ballenas_rest_hi_min"":4.83,""ballenas_dentro_banda"":true}"
2026-08-25T00:01:18+00:00,MOMENTUM_IBS_5M_FADE,3827641,"Ethereum Up or Down - August 24, 8:30PM-8:35PM ET",2026-08-25T00:35:00,0.56,0.5050,0.4000,0.0149,0.0099,0.0099,SKIP,momentum_ibs_5m_fade ETH drift7m=0.172% ibs=1.00 py=0.505 (fade_alineado_arriba_extremo),ETH#5min,0.50,"{""drift_7min_pct"":0.1719,""ibs_7min"":1.0,""py_entrada"":0.505,""hora_utc"":0,""es_ntm_5min"":1,""ballena_activa_n"":0,""libro_spread"":0.01,""libro_liquidez"":12436.249,""moon_phase"":0.3954,""mercury_retrogrado"":0,""horas_hasta_fomc"":546.0,""smart_money_consensus"":0.1401,""smart_money_n_wallets"":7,""smart_money_consensus_ponderado"":-0.0219,""smart_money_n_wallets_ponderado"":7,""ballenas_significativo"":true,""ballenas_banda_lo"":0.5,""ballenas_banda_hi"":0.7,""ballenas_rest_lo_min"":2.33,""ballenas_rest_hi_min"":4.83,""ballenas_dentro_banda"":true}"
2026-08-25T00:01:18+00:00,MOMENTUM_IBS_15M,3827643,"Dogecoin Up or Down - August 24, 8:30PM-8:45PM ET",2026-08-25T00:45:00,0.73,0.5050,0.6000,0.0950,0.0900,0.0900,BUY_YES,momentum_ibs_15m DOGE drift20m=0.110% ibs=0.80 py=0.505 (alineado_arriba_extremo),DOGE#15min,0.50,"{""drift_20min_pct"":0.1101,""ibs_20min"":0.8,""py_entrada"":0.505,""hora_utc"":0,""ballena_activa_n"":0,""libro_spread"":0.01,""libro_liquidez"":1789.9209,""moon_phase"":0.3954,""mercury_retrogrado"":0,""horas_hasta_fomc"":546.0,""ballenas_significativo"":true,""ballenas_banda_lo"":0.05,""ballenas_banda_hi"":0.3,""ballenas_rest_lo_min"":5.45,""ballenas_rest_hi_min"":12.48,""ballenas_dentro_banda"":false}"
2026-08-25T00:01:18+00:00,MOMENTUM_IBS_15M_FADE,3827643,"Dogecoin Up or Down - August 24, 8:30PM-8:45PM ET",2026-08-25T00:45:00,0.73,0.5050,0.4000,-0.0050,-0.0000,-0.0000,SKIP,momentum_ibs_15m_fade DOGE drift20m=0.110% ibs=0.80 py=0.505 (fade_alineado_arriba_extremo),DOGE#15min,0.50,"{""drift_20min_pct"":0.1101,""ibs_20min"":0.8,""py_entrada"":0.505,""hora_utc"":0,""ballena_activa_n"":0,""libro_spread"":0.01,""libro_liquidez"":1789.9209,""moon_phase"":0.3954,""mercury_retrogrado"":0,""horas_hasta_fomc"":546.0,""ballenas_significativo"":true,""ballenas_banda_lo"":0.05,""ballenas_banda_hi"":0.3,""ballenas_rest_lo_min"":5.45,""ballenas_rest_hi_min"":12.48,""ballenas_dentro_banda"":false}"
2026-08-25T00:01:18+00:00,MOMENTUM_IBS_15M,3827646,"XRP Up or Down - August 24, 8:30PM-8:45PM ET",2026-08-25T00:45:00,0.73,0.5050,0.6000,0.0950,0.0900,0.0900,BUY_YES,momentum_ibs_15m XRP drift20m=0.149% ibs=0.76 py=0.505 (alineado_arriba_extremo),XRP#15min,0.50,"{""drift_20min_pct"":0.1486,""ibs_20min"":0.7593,""py_entrada"":0.505,""hora_utc"":0,""ballena_activa_n"":2,""libro_spread"":0.01,""libro_liquidez"":2217.5414,""moon_phase"":0.3954,""mercury_retrogrado"":0,""horas_hasta_fomc"":546.0,""smart_money_consensus"":0.0526,""smart_money_n_wallets"":3,""smart_money_consensus_ponderado"":0.2874,""smart_money_n_wallets_ponderado"":3,""ballenas_significativo"":true,""ballenas_banda_lo"":0.0,""ballenas_banda_hi"":0.05,""ballenas_rest_lo_min"":2.28,""ballenas_rest_hi_min"":3.55,""ballenas_dentro_banda"":false}"
2026-08-25T00:01:18+00:00,MOMENTUM_IBS_15M_FADE,3827646,"XRP Up or Down - August 24, 8:30PM-8:45PM ET",2026-08-25T00:45:00,0.73,0.5050,0.4000,-0.0050,-0.0000,-0.0000,SKIP,momentum_ibs_15m_fade XRP drift20m=0.149% ibs=0.76 py=0.505 (fade_alineado_arriba_extremo),XRP#15min,0.50,"{""drift_20min_pct"":0.1486,""ibs_20min"":0.7593,""py_entrada"":0.505,""hora_utc"":0,""ballena_activa_n"":2,""libro_spread"":0.01,""libro_liquidez"":2217.5414,""moon_phase"":0.3954,""mercury_retrogrado"":0,""horas_hasta_fomc"":546.0,""smart_money_consensus"":0.0526,""smart_money_n_wallets"":3,""smart_money_consensus_ponderado"":0.2874,""smart_money_n_wallets_ponderado"":3,""ballenas_significativo"":true,""ballenas_banda_lo"":0.0,""ballenas_banda_hi"":0.05,""ballenas_rest_lo_min"":2.28,""ballenas_rest_hi_min"":3.55,""ballenas_dentro_banda"":false}"
2026-08-25T00:01:18+00:00,MOMENTUM_IBS_15M_BALLENA,3827646,"XRP Up or Down - August 24, 8:30PM-8:45PM ET",2026-08-25T00:45:00,0.73,0.5050,0.6000,0.0950,0.0900,0.0900,BUY_YES,momentum_ibs_15m_ballena XRP drift20m=0.149% ibs=0.76 py=0.505 n_ballena=2 (alineado_arriba_extremo_ballena),XRP#15min,0.50,"{""drift_20min_pct"":0.1486,""ibs_20min"":0.7593,""py_entrada"":0.505,""hora_utc"":0,""ballena_activa_n"":2,""libro_spread"":0.01,""libro_liquidez"":2217.5414,""moon_phase"":0.3954,""mercury_retrogrado"":0,""horas_hasta_fomc"":546.0,""smart_money_consensus"":0.0526,""smart_money_n_wallets"":3,""smart_money_consensus_ponderado"":0.2874,""smart_money_n_wallets_ponderado"":3,""ballenas_significativo"":true,""ballenas_banda_lo"":0.0,""ballenas_banda_hi"":0.05,""ballenas_rest_lo_min"":2.28,""ballenas_rest_hi_min"":3.55,""ballenas_dentro_banda"":false,""favorito_confirma_decision"":null,""favorito_confirma_coincide"":null}"
2026-08-25T00:01:18+00:00,MOMENTUM_IBS_5M,3827652,"Solana Up or Down - August 24, 8:30PM-8:35PM ET",2026-08-25T00:35:00,0.56,0.5050,0.6000,0.0950,0.0900,0.0900,BUY_YES,momentum_ibs_5m SOL drift7m=0.519% ibs=0.88 py=0.505 (alineado_arriba_extremo),SOL#5min,0.50,"{""drift_7min_pct"":0.5189,""ibs_7min"":0.8793,""py_entrada"":0.505,""hora_utc"":0,""es_ntm_5min"":1,""ballena_activa_n"":0,""libro_spread"":0.01,""libro_liquidez"":3912.4189,""moon_phase"":0.3954,""mercury_retrogrado"":0,""horas_hasta_fomc"":546.0,""smart_money_consensus"":0.129,""smart_money_n_wallets"":4,""smart_money_consensus_ponderado"":0.2386,""smart_money_n_wallets_ponderado"":4,""ballenas_significativo"":true,""ballenas_banda_lo"":0.3,""ballenas_banda_hi"":0.5,""ballenas_rest_lo_min"":1.98,""ballenas_rest_hi_min"":4.58,""ballenas_dentro_banda"":false}"
2026-08-25T00:01:18+00:00,MOMENTUM_IBS_5M_FADE,3827652,"Solana Up or Down - August 24, 8:30PM-8:35PM ET",2026-08-25T00:35:00,0.56,0.5050,0.4000,0.0149,0.0099,0.0099,SKIP,momentum_ibs_5m_fade SOL drift7m=0.519% ibs=0.88 py=0.505 (fade_alineado_arriba_extremo),SOL#5min,0.50,"{""drift_7min_pct"":0.5189,""ibs_7min"":0.8793,""py_entrada"":0.505,""hora_utc"":0,""es_ntm_5min"":1,""ballena_activa_n"":0,""libro_spread"":0.01,""libro_liquidez"":3912.4189,""moon_phase"":0.3954,""mercury_retrogrado"":0,""horas_hasta_fomc"":546.0,""smart_money_consensus"":0.129,""smart_money_n_wallets"":4,""smart_money_consensus_ponderado"":0.2386,""smart_money_n_wallets_ponderado"":4,""ballenas_significativo"":true,""ballenas_banda_lo"":0.3,""ballenas_banda_hi"":0.5,""ballenas_rest_lo_min"":1.98,""ballenas_rest_hi_min"":4.58,""ballenas_dentro_banda"":false}"
2026-08-25T00:01:18+00:00,MOMENTUM_IBS_15M,3827653,"Solana Up or Down - August 24, 8:30PM-8:45PM ET",2026-08-25T00:45:00,0.73,0.5050,0.6000,0.0348,0.0298,0.0298,BUY_YES,momentum_ibs_15m SOL drift20m=0.172% ibs=0.88 py=0.505 (alineado_arriba_extremo),SOL#15min,0.50,"{""drift_20min_pct"":0.1724,""ibs_20min"":0.8793,""py_entrada"":0.505,""hora_utc"":0,""ballena_activa_n"":0,""libro_spread"":0.01,""libro_liquidez"":3893.8182,""moon_phase"":0.3954,""mercury_retrogrado"":0,""horas_hasta_fomc"":546.0,""smart_money_consensus"":0.129,""smart_money_n_wallets"":4,""smart_money_consensus_ponderado"":0.2386,""smart_money_n_wallets_ponderado"":4,""ballenas_significativo"":true,""ballenas_banda_lo"":0.05,""ballenas_banda_hi"":0.3,""ballenas_rest_lo_min"":6.13,""ballenas_rest_hi_min"":11.88,""ballenas_dentro_banda"":false}"
2026-08-25T00:01:18+00:00,MOMENTUM_IBS_15M_FADE,3827653,"Solana Up or Down - August 24, 8:30PM-8:45PM ET",2026-08-25T00:45:00,0.73,0.5050,0.4000,-0.0050,-0.0000,-0.0000,SKIP,momentum_ibs_15m_fade SOL drift20m=0.172% ibs=0.88 py=0.505 (fade_alineado_arriba_extremo),SOL#15min,0.50,"{""drift_20min_pct"":0.1724,""ibs_20min"":0.8793,""py_entrada"":0.505,""hora_utc"":0,""ballena_activa_n"":0,""libro_spread"":0.01,""libro_liquidez"":3893.8182,""moon_phase"":0.3954,""mercury_retrogrado"":0,""horas_hasta_fomc"":546.0,""smart_money_consensus"":0.129,""smart_money_n_wallets"":4,""smart_money_consensus_ponderado"":0.2386,""smart_money_n_wallets_ponderado"":4,""ballenas_significativo"":true,""ballenas_banda_lo"":0.05,""ballenas_banda_hi"":0.3,""ballenas_rest_lo_min"":6.13,""ballenas_rest_hi_min"":11.88,""ballenas_dentro_banda"":false}"
2026-08-25T00:01:18+00:00,MOMENTUM_IBS_15M,3827654,"Bitcoin Up or Down - August 24, 8:30PM-8:45PM ET",2026-08-25T00:45:00,0.73,0.5050,0.6000,0.0001,-0.0049,-0.0049,SKIP,momentum_ibs_15m BTC drift20m=0.064% ibs=1.00 py=0.505 (alineado_arriba_extremo),BTC#15min,0.50,"{""drift_20min_pct"":0.0638,""ibs_20min"":1.0,""py_entrada"":0.505,""hora_utc"":0,""ballena_activa_n"":0,""libro_spread"":0.01,""libro_liquidez"":23047.5988,""moon_phase"":0.3954,""mercury_retrogrado"":0,""horas_hasta_fomc"":546.0,""smart_money_consensus"":0.0545,""smart_money_n_wallets"":8,""smart_money_consensus_ponderado"":0.1066,""smart_money_n_wallets_ponderado"":8,""ballenas_significativo"":true,""ballenas_banda_lo"":0.3,""ballenas_banda_hi"":0.5,""ballenas_rest_lo_min"":6.95,""ballenas_rest_hi_min"":13.95,""ballenas_dentro_banda"":false}"
2026-08-25T00:01:18+00:00,MOMENTUM_IBS_15M_FADE,3827654,"Bitcoin Up or Down - August 24, 8:30PM-8:45PM ET",2026-08-25T00:45:00,0.73,0.5050,0.4000,-0.0050,-0.0000,-0.0000,SKIP,momentum_ibs_15m_fade BTC drift20m=0.064% ibs=1.00 py=0.505 (fade_alineado_arriba_extremo),BTC#15min,0.50,"{""drift_20min_pct"":0.0638,""ibs_20min"":1.0,""py_entrada"":0.505,""hora_utc"":0,""ballena_activa_n"":0,""libro_spread"":0.01,""libro_liquidez"":23047.5988,""moon_phase"":0.3954,""mercury_retrogrado"":0,""horas_hasta_fomc"":546.0,""smart_money_consensus"":0.0545,""smart_money_n_wallets"":8,""smart_money_consensus_ponderado"":0.1066,""smart_money_n_wallets_ponderado"":8,""ballenas_significativo"":true,""ballenas_banda_lo"":0.3,""ballenas_banda_hi"":0.5,""ballenas_rest_lo_min"":6.95,""ballenas_rest_hi_min"":13.95,""ballenas_dentro_banda"":false}"
2026-08-25T00:01:18+00:00,MOMENTUM_IBS_15M,3827655,"BNB Up or Down - August 24, 8:30PM-8:45PM ET",2026-08-25T00:45:00,0.73,0.5050,0.6000,0.0950,0.0900,0.0900,BUY_YES,momentum_ibs_15m BNB drift20m=0.122% ibs=1.00 py=0.505 (alineado_arriba_extremo),BNB#15min,0.50,"{""drift_20min_pct"":0.1222,""ibs_20min"":1.0,""py_entrada"":0.505,""hora_utc"":0,""ballena_activa_n"":0,""libro_spread"":0.01,""libro_liquidez"":2043.2211,""moon_phase"":0.3954,""mercury_retrogrado"":0,""horas_hasta_fomc"":546.0,""smart_money_consensus"":-0.0935,""smart_money_n_wallets"":1,""smart_money_consensus_ponderado"":-0.0632,""smart_money_n_wallets_ponderado"":1,""ballenas_significativo"":true,""ballenas_banda_lo"":0.5,""ballenas_banda_hi"":0.7,""ballenas_rest_lo_min"":5.68,""ballenas_rest_hi_min"":13.8,""ballenas_dentro_banda"":true}"
2026-08-25T00:01:18+00:00,MOMENTUM_IBS_15M_FADE,3827655,"BNB Up or Down - August 24, 8:30PM-8:45PM ET",2026-08-25T00:45:00,0.73,0.5050,0.4000,-0.0050,-0.0000,-0.0000,SKIP,momentum_ibs_15m_fade BNB drift20m=0.122% ibs=1.00 py=0.505 (fade_alineado_arriba_extremo),BNB#15min,0.50,"{""drift_20min_pct"":0.1222,""ibs_20min"":1.0,""py_entrada"":0.505,""hora_utc"":0,""ballena_activa_n"":0,""libro_spread"":0.01,""libro_liquidez"":2043.2211,""moon_phase"":0.3954,""mercury_retrogrado"":0,""horas_hasta_fomc"":546.0,""smart_money_consensus"":-0.0935,""smart_money_n_wallets"":1,""smart_money_consensus_ponderado"":-0.0632,""smart_money_n_wallets_ponderado"":1,""ballenas_significativo"":true,""ballenas_banda_lo"":0.5,""ballenas_banda_hi"":0.7,""ballenas_rest_lo_min"":5.68,""ballenas_rest_hi_min"":13.8,""ballenas_dentro_banda"":true}"
2026-08-25T00:01:18+00:00,MOMENTUM_IBS_5M,3827692,"Ethereum Up or Down - August 24, 8:35PM-8:40PM ET",2026-08-25T00:40:00,0.64,0.5050,0.6000,0.0950,0.0900,0.0900,BUY_YES,momentum_ibs_5m ETH drift7m=0.172% ibs=1.00 py=0.505 (alineado_arriba_extremo),ETH#5min,0.50,"{""drift_7min_pct"":0.1719,""ibs_7min"":1.0,""py_entrada"":0.505,""hora_utc"":0,""es_ntm_5min"":1,""ballena_activa_n"":0,""libro_spread"":0.01,""libro_liquidez"":12413.0428,""moon_phase"":0.3954,""mercury_retrogrado"":0,""horas_hasta_fomc"":546.0,""smart_money_consensus"":0.1401,""smart_money_n_wallets"":7,""smart_money_consensus_ponderado"":-0.0219,""smart_money_n_wallets_ponderado"":7,""ballenas_significativo"":true,""ballenas_banda_lo"":0.5,""ballenas_banda_hi"":0.7,""ballenas_rest_lo_min"":2.33,""ballenas_rest_hi_min"":4.83,""ballenas_dentro_banda"":true}"
2026-08-25T00:01:18+00:00,MOMENTUM_IBS_5M_FADE,3827692,"Ethereum Up or Down - August 24, 8:35PM-8:40PM ET",2026-08-25T00:40:00,0.64,0.5050,0.4000,0.0149,0.0099,0.0099,SKIP,momentum_ibs_5m_fade ETH drift7m=0.172% ibs=1.00 py=0.505 (fade_alineado_arriba_extremo),ETH#5min,0.50,"{""drift_7min_pct"":0.1719,""ibs_7min"":1.0,""py_entrada"":0.505,""hora_utc"":0,""es_ntm_5min"":1,""ballena_activa_n"":0,""libro_spread"":0.01,""libro_liquidez"":12413.0428,""moon_phase"":0.3954,""mercury_retrogrado"":0,""horas_hasta_fomc"":546.0,""smart_money_consensus"":0.1401,""smart_money_n_wallets"":7,""smart_money_consensus_ponderado"":-0.0219,""smart_money_n_wallets_ponderado"":7,""ballenas_significativo"":true,""ballenas_banda_lo"":0.5,""ballenas_banda_hi"":0.7,""ballenas_rest_lo_min"":2.33,""ballenas_rest_hi_min"":4.83,""ballenas_dentro_banda"":true}"
2026-08-25T00:01:18+00:00,MOMENTUM_IBS_5M,3827693,"Bitcoin Up or Down - August 24, 8:35PM-8:40PM ET",2026-08-25T00:40:00,0.64,0.5050,0.6000,0.0001,-0.0049,-0.0049,SKIP,momentum_ibs_5m BTC drift7m=0.121% ibs=1.00 py=0.505 (alineado_arriba_extremo),BTC#5min,0.50,"{""drift_7min_pct"":0.1208,""ibs_7min"":1.0,""py_entrada"":0.505,""hora_utc"":0,""es_ntm_5min"":1,""ballena_activa_n"":1,""libro_spread"":0.01,""libro_liquidez"":15005.5456,""moon_phase"":0.3954,""mercury_retrogrado"":0,""horas_hasta_fomc"":546.0,""smart_money_consensus"":0.0545,""smart_money_n_wallets"":8,""smart_money_consensus_ponderado"":0.1066,""smart_money_n_wallets_ponderado"":8,""ballenas_significativo"":true,""ballenas_banda_lo"":0.5,""ballenas_banda_hi"":0.7,""ballenas_rest_lo_min"":2.15,""ballenas_rest_hi_min"":4.5,""ballenas_dentro_banda"":true}"
2026-08-25T00:01:18+00:00,MOMENTUM_IBS_5M_FADE,3827693,"Bitcoin Up or Down - August 24, 8:35PM-8:40PM ET",2026-08-25T00:40:00,0.64,0.5050,0.4000,0.0149,0.0099,0.0099,SKIP,momentum_ibs_5m_fade BTC drift7m=0.121% ibs=1.00 py=0.505 (fade_alineado_arriba_extremo),BTC#5min,0.50,"{""drift_7min_pct"":0.1208,""ibs_7min"":1.0,""py_entrada"":0.505,""hora_utc"":0,""es_ntm_5min"":1,""ballena_activa_n"":1,""libro_spread"":0.01,""libro_liquidez"":15005.5456,""moon_phase"":0.3954,""mercury_retrogrado"":0,""horas_hasta_fomc"":546.0,""smart_money_consensus"":0.0545,""smart_money_n_wallets"":8,""smart_money_consensus_ponderado"":0.1066,""smart_money_n_wallets_ponderado"":8,""ballenas_significativo"":true,""ballenas_banda_lo"":0.5,""ballenas_banda_hi"":0.7,""ballenas_rest_lo_min"":2.15,""ballenas_rest_hi_min"":4.5,""ballenas_dentro_banda"":true}"
2026-08-25T00:01:18+00:00,MOMENTUM_IBS_5M_BALLENA,3827693,"Bitcoin Up or Down - August 24, 8:35PM-8:40PM ET",2026-08-25T00:40:00,0.64,0.5050,0.6000,-0.0249,-0.0199,-0.0199,SKIP,momentum_ibs_5m_ballena BTC drift7m=0.121% ibs=1.00 py=0.505 n_ballena=1 (alineado_arriba_extremo_ballena),BTC#5min,0.50,"{""drift_7min_pct"":0.1208,""ibs_7min"":1.0,""py_entrada"":0.505,""hora_utc"":0,""es_ntm_5min"":1,""ballena_activa_n"":1,""libro_spread"":0.01,""libro_liquidez"":15005.5456,""moon_phase"":0.3954,""mercury_retrogrado"":0,""horas_hasta_fomc"":546.0,""smart_money_consensus"":0.0545,""smart_money_n_wallets"":8,""smart_money_consensus_ponderado"":0.1066,""smart_money_n_wallets_ponderado"":8,""ballenas_significativo"":true,""ballenas_banda_lo"":0.5,""ballenas_banda_hi"":0.7,""ballenas_rest_lo_min"":2.15,""ballenas_rest_hi_min"":4.5,""ballenas_dentro_banda"":true}"
2026-08-25T00:01:18+00:00,MOMENTUM_IBS_5M,3827696,"Solana Up or Down - August 24, 8:35PM-8:40PM ET",2026-08-25T00:40:00,0.64,0.5050,0.6000,0.0950,0.0900,0.0900,BUY_YES,momentum_ibs_5m SOL drift7m=0.519% ibs=0.88 py=0.505 (alineado_arriba_extremo),SOL#5min,0.50,"{""drift_7min_pct"":0.5189,""ibs_7min"":0.8793,""py_entrada"":0.505,""hora_utc"":0,""es_ntm_5min"":1,""ballena_activa_n"":0,""libro_spread"":0.01,""libro_liquidez"":4190.1086,""moon_phase"":0.3954,""mercury_retrogrado"":0,""horas_hasta_fomc"":546.0,""smart_money_consensus"":0.129,""smart_money_n_wallets"":4,""smart_money_consensus_ponderado"":0.2386,""smart_money_n_wallets_ponderado"":4,""ballenas_significativo"":true,""ballenas_banda_lo"":0.3,""ballenas_banda_hi"":0.5,""ballenas_rest_lo_min"":1.98,""ballenas_rest_hi_min"":4.58,""ballenas_dentro_banda"":false}"
2026-08-25T00:01:18+00:00,MOMENTUM_IBS_5M_FADE,3827696,"Solana Up or Down - August 24, 8:35PM-8:40PM ET",2026-08-25T00:40:00,0.64,0.5050,0.4000,0.0149,0.0099,0.0099,SKIP,momentum_ibs_5m_fade SOL drift7m=0.519% ibs=0.88 py=0.505 (fade_alineado_arriba_extremo),SOL#5min,0.50,"{""drift_7min_pct"":0.5189,""ibs_7min"":0.8793,""py_entrada"":0.505,""hora_utc"":0,""es_ntm_5min"":1,""ballena_activa_n"":0,""libro_spread"":0.01,""libro_liquidez"":4190.1086,""moon_phase"":0.3954,""mercury_retrogrado"":0,""horas_hasta_fomc"":546.0,""smart_money_consensus"":0.129,""smart_money_n_wallets"":4,""smart_money_consensus_ponderado"":0.2386,""smart_money_n_wallets_ponderado"":4,""ballenas_significativo"":true,""ballenas_banda_lo"":0.3,""ballenas_banda_hi"":0.5,""ballenas_rest_lo_min"":1.98,""ballenas_rest_hi_min"":4.58,""ballenas_dentro_banda"":false}"
2026-08-25T00:01:18+00:00,MOMENTUM_IBS_5M,3828321,"Solana Up or Down - August 24, 8:40PM-8:45PM ET",2026-08-25T00:45:00,0.73,0.5050,0.6000,0.0950,0.0900,0.0900,BUY_YES,momentum_ibs_5m SOL drift7m=0.519% ibs=0.88 py=0.505 (alineado_arriba_extremo),SOL#5min,0.50,"{""drift_7min_pct"":0.5189,""ibs_7min"":0.8793,""py_entrada"":0.505,""hora_utc"":0,""es_ntm_5min"":1,""ballena_activa_n"":0,""libro_spread"":0.01,""libro_liquidez"":4227.2583,""moon_phase"":0.3954,""mercury_retrogrado"":0,""horas_hasta_fomc"":546.0,""smart_money_consensus"":0.129,""smart_money_n_wallets"":4,""smart_money_consensus_ponderado"":0.2386,""smart_money_n_wallets_ponderado"":4,""ballenas_significativo"":true,""ballenas_banda_lo"":0.3,""ballenas_banda_hi"":0.5,""ballenas_rest_lo_min"":1.98,""ballenas_rest_hi_min"":4.58,""ballenas_dentro_banda"":false}"
2026-08-25T00:01:18+00:00,MOMENTUM_IBS_5M_FADE,3828321,"Solana Up or Down - August 24, 8:40PM-8:45PM ET",2026-08-25T00:45:00,0.73,0.5050,0.4000,0.0149,0.0099,0.0099,SKIP,momentum_ibs_5m_fade SOL drift7m=0.519% ibs=0.88 py=0.505 (fade_alineado_arriba_extremo),SOL#5min,0.50,"{""drift_7min_pct"":0.5189,""ibs_7min"":0.8793,""py_entrada"":0.505,""hora_utc"":0,""es_ntm_5min"":1,""ballena_activa_n"":0,""libro_spread"":0.01,""libro_liquidez"":4227.2583,""moon_phase"":0.3954,""mercury_retrogrado"":0,""horas_hasta_fomc"":546.0,""smart_money_consensus"":0.129,""smart_money_n_wallets"":4,""smart_money_consensus_ponderado"":0.2386,""smart_money_n_wallets_ponderado"":4,""ballenas_significativo"":true,""ballenas_banda_lo"":0.3,""ballenas_banda_hi"":0.5,""ballenas_rest_lo_min"":1.98,""ballenas_rest_hi_min"":4.58,""ballenas_dentro_banda"":false}"
2026-08-25T00:01:18+00:00,MOMENTUM_IBS_5M,3828323,"Ethereum Up or Down - August 24, 8:40PM-8:45PM ET",2026-08-25T00:45:00,0.73,0.5050,0.6000,0.0950,0.0900,0.0900,BUY_YES,momentum_ibs_5m ETH drift7m=0.172% ibs=1.00 py=0.505 (alineado_arriba_extremo),ETH#5min,0.50,"{""drift_7min_pct"":0.1719,""ibs_7min"":1.0,""py_entrada"":0.505,""hora_utc"":0,""es_ntm_5min"":1,""ballena_activa_n"":0,""libro_spread"":0.01,""libro_liquidez"":12365.8828,""moon_phase"":0.3954,""mercury_retrogrado"":0,""horas_hasta_fomc"":546.0,""smart_money_consensus"":0.1401,""smart_money_n_wallets"":7,""smart_money_consensus_ponderado"":-0.0219,""smart_money_n_wallets_ponderado"":7,""ballenas_significativo"":true,""ballenas_banda_lo"":0.5,""ballenas_banda_hi"":0.7,""ballenas_rest_lo_min"":2.33,""ballenas_rest_hi_min"":4.83,""ballenas_dentro_banda"":true}"
2026-08-25T00:01:18+00:00,MOMENTUM_IBS_5M_FADE,3828323,"Ethereum Up or Down - August 24, 8:40PM-8:45PM ET",2026-08-25T00:45:00,0.73,0.5050,0.4000,0.0149,0.0099,0.0099,SKIP,momentum_ibs_5m_fade ETH drift7m=0.172% ibs=1.00 py=0.505 (fade_alineado_arriba_extremo),ETH#5min,0.50,"{""drift_7min_pct"":0.1719,""ibs_7min"":1.0,""py_entrada"":0.505,""hora_utc"":0,""es_ntm_5min"":1,""ballena_activa_n"":0,""libro_spread"":0.01,""libro_liquidez"":12365.8828,""moon_phase"":0.3954,""mercury_retrogrado"":0,""horas_hasta_fomc"":546.0,""smart_money_consensus"":0.1401,""smart_money_n_wallets"":7,""smart_money_consensus_ponderado"":-0.0219,""smart_money_n_wallets_ponderado"":7,""ballenas_significativo"":true,""ballenas_banda_lo"":0.5,""ballenas_banda_hi"":0.7,""ballenas_rest_lo_min"":2.33,""ballenas_rest_hi_min"":4.83,""ballenas_dentro_banda"":true}"
2026-08-25T00:01:18+00:00,MOMENTUM_IBS_15M,3828337,"Solana Up or Down - August 24, 8:45PM-9:00PM ET",2026-08-25T01:00:00,0.98,0.5050,0.6000,0.0348,0.0298,0.0298,BUY_YES,momentum_ibs_15m SOL drift20m=0.172% ibs=0.88 py=0.505 (alineado_arriba_extremo),SOL#15min,0.50,"{""drift_20min_pct"":0.1724,""ibs_20min"":0.8793,""py_entrada"":0.505,""hora_utc"":0,""ballena_activa_n"":0,""libro_spread"":0.01,""libro_liquidez"":3963.6781,""moon_phase"":0.3954,""mercury_retrogrado"":0,""horas_hasta_fomc"":546.0,""smart_money_consensus"":0.129,""smart_money_n_wallets"":4,""smart_money_consensus_ponderado"":0.2386,""smart_money_n_wallets_ponderado"":4,""ballenas_significativo"":true,""ballenas_banda_lo"":0.05,""ballenas_banda_hi"":0.3,""ballenas_rest_lo_min"":6.13,""ballenas_rest_hi_min"":11.88,""ballenas_dentro_banda"":false}"
2026-08-25T00:01:18+00:00,MOMENTUM_IBS_15M_FADE,3828337,"Solana Up or Down - August 24, 8:45PM-9:00PM ET",2026-08-25T01:00:00,0.98,0.5050,0.4000,-0.0050,-0.0000,-0.0000,SKIP,momentum_ibs_15m_fade SOL drift20m=0.172% ibs=0.88 py=0.505 (fade_alineado_arriba_extremo),SOL#15min,0.50,"{""drift_20min_pct"":0.1724,""ibs_20min"":0.8793,""py_entrada"":0.505,""hora_utc"":0,""ballena_activa_n"":0,""libro_spread"":0.01,""libro_liquidez"":3963.6781,""moon_phase"":0.3954,""mercury_retrogrado"":0,""horas_hasta_fomc"":546.0,""smart_money_consensus"":0.129,""smart_money_n_wallets"":4,""smart_money_consensus_ponderado"":0.2386,""smart_money_n_wallets_ponderado"":4,""ballenas_significativo"":true,""ballenas_banda_lo"":0.05,""ballenas_banda_hi"":0.3,""ballenas_rest_lo_min"":6.13,""ballenas_rest_hi_min"":11.88,""ballenas_dentro_banda"":false}"
2026-08-25T00:01:18+00:00,MOMENTUM_IBS_5M,3828338,"Solana Up or Down - August 24, 8:45PM-8:50PM ET",2026-08-25T00:50:00,0.81,0.5050,0.6000,0.0950,0.0900,0.0900,BUY_YES,momentum_ibs_5m SOL drift7m=0.519% ibs=0.88 py=0.505 (alineado_arriba_extremo),SOL#5min,0.50,"{""drift_7min_pct"":0.5189,""ibs_7min"":0.8793,""py_entrada"":0.505,""hora_utc"":0,""es_ntm_5min"":1,""ballena_activa_n"":0,""libro_spread"":0.01,""libro_liquidez"":3378.7623,""moon_phase"":0.3954,""mercury_retrogrado"":0,""horas_hasta_fomc"":546.0,""smart_money_consensus"":0.129,""smart_money_n_wallets"":4,""smart_money_consensus_ponderado"":0.2386,""smart_money_n_wallets_ponderado"":4,""ballenas_significativo"":true,""ballenas_banda_lo"":0.3,""ballenas_banda_hi"":0.5,""ballenas_rest_lo_min"":1.98,""ballenas_rest_hi_min"":4.58,""ballenas_dentro_banda"":false}"
2026-08-25T00:01:18+00:00,MOMENTUM_IBS_5M_FADE,3828338,"Solana Up or Down - August 24, 8:45PM-8:50PM ET",2026-08-25T00:50:00,0.81,0.5050,0.4000,0.0149,0.0099,0.0099,SKIP,momentum_ibs_5m_fade SOL drift7m=0.519% ibs=0.88 py=0.505 (fade_alineado_arriba_extremo),SOL#5min,0.50,"{""drift_7min_pct"":0.5189,""ibs_7min"":0.8793,""py_entrada"":0.505,""hora_utc"":0,""es_ntm_5min"":1,""ballena_activa_n"":0,""libro_spread"":0.01,""libro_liquidez"":3378.7623,""moon_phase"":0.3954,""mercury_retrogrado"":0,""horas_hasta_fomc"":546.0,""smart_money_consensus"":0.129,""smart_money_n_wallets"":4,""smart_money_consensus_ponderado"":0.2386,""smart_money_n_wallets_ponderado"":4,""ballenas_significativo"":true,""ballenas_banda_lo"":0.3,""ballenas_banda_hi"":0.5,""ballenas_rest_lo_min"":1.98,""ballenas_rest_hi_min"":4.58,""ballenas_dentro_banda"":false}"
2026-08-25T00:01:18+00:00,MOMENTUM_IBS_15M,3828340,"Bitcoin Up or Down - August 24, 8:45PM-9:00PM ET",2026-08-25T01:00:00,0.98,0.5050,0.6000,0.0001,-0.0049,-0.0049,SKIP,momentum_ibs_15m BTC drift20m=0.064% ibs=1.00 py=0.505 (alineado_arriba_extremo),BTC#15min,0.50,"{""drift_20min_pct"":0.0638,""ibs_20min"":1.0,""py_entrada"":0.505,""hora_utc"":0,""ballena_activa_n"":0,""libro_spread"":0.01,""libro_liquidez"":23483.3523,""moon_phase"":0.3954,""mercury_retrogrado"":0,""horas_hasta_fomc"":546.0,""smart_money_consensus"":0.0545,""smart_money_n_wallets"":8,""smart_money_consensus_ponderado"":0.1066,""smart_money_n_wallets_ponderado"":8,""ballenas_significativo"":true,""ballenas_banda_lo"":0.3,""ballenas_banda_hi"":0.5,""ballenas_rest_lo_min"":6.95,""ballenas_rest_hi_min"":13.95,""ballenas_dentro_banda"":false}"
2026-08-25T00:01:18+00:00,MOMENTUM_IBS_15M_FADE,3828340,"Bitcoin Up or Down - August 24, 8:45PM-9:00PM ET",2026-08-25T01:00:00,0.98,0.5050,0.4000,-0.0050,-0.0000,-0.0000,SKIP,momentum_ibs_15m_fade BTC drift20m=0.064% ibs=1.00 py=0.505 (fade_alineado_arriba_extremo),BTC#15min,0.50,"{""drift_20min_pct"":0.0638,""ibs_20min"":1.0,""py_entrada"":0.505,""hora_utc"":0,""ballena_activa_n"":0,""libro_spread"":0.01,""libro_liquidez"":23483.3523,""moon_phase"":0.3954,""mercury_retrogrado"":0,""horas_hasta_fomc"":546.0,""smart_money_consensus"":0.0545,""smart_money_n_wallets"":8,""smart_money_consensus_ponderado"":0.1066,""smart_money_n_wallets_ponderado"":8,""ballenas_significativo"":true,""ballenas_banda_lo"":0.3,""ballenas_banda_hi"":0.5,""ballenas_rest_lo_min"":6.95,""ballenas_rest_hi_min"":13.95,""ballenas_dentro_banda"":false}"
2026-08-25T00:01:18+00:00,MOMENTUM_IBS_15M,3828342,"XRP Up or Down - August 24, 8:45PM-9:00PM ET",2026-08-25T01:00:00,0.98,0.5050,0.6000,0.0950,0.0900,0.0900,BUY_YES,momentum_ibs_15m XRP drift20m=0.149% ibs=0.76 py=0.505 (alineado_arriba_extremo),XRP#15min,0.50,"{""drift_20min_pct"":0.1486,""ibs_20min"":0.7593,""py_entrada"":0.505,""hora_utc"":0,""ballena_activa_n"":0,""libro_spread"":0.01,""libro_liquidez"":2104.6367,""moon_phase"":0.3954,""mercury_retrogrado"":0,""horas_hasta_fomc"":546.0,""smart_money_consensus"":0.0526,""smart_money_n_wallets"":3,""smart_money_consensus_ponderado"":0.2874,""smart_money_n_wallets_ponderado"":3,""ballenas_significativo"":true,""ballenas_banda_lo"":0.0,""ballenas_banda_hi"":0.05,""ballenas_rest_lo_min"":2.28,""ballenas_rest_hi_min"":3.55,""ballenas_dentro_banda"":false}"
2026-08-25T00:01:18+00:00,MOMENTUM_IBS_15M_FADE,3828342,"XRP Up or Down - August 24, 8:45PM-9:00PM ET",2026-08-25T01:00:00,0.98,0.5050,0.4000,-0.0050,-0.0000,-0.0000,SKIP,momentum_ibs_15m_fade XRP drift20m=0.149% ibs=0.76 py=0.505 (fade_alineado_arriba_extremo),XRP#15min,0.50,"{""drift_20min_pct"":0.1486,""ibs_20min"":0.7593,""py_entrada"":0.505,""hora_utc"":0,""ballena_activa_n"":0,""libro_spread"":0.01,""libro_liquidez"":2104.6367,""moon_phase"":0.3954,""mercury_retrogrado"":0,""horas_hasta_fomc"":546.0,""smart_money_consensus"":0.0526,""smart_money_n_wallets"":3,""smart_money_consensus_ponderado"":0.2874,""smart_money_n_wallets_ponderado"":3,""ballenas_significativo"":true,""ballenas_banda_lo"":0.0,""ballenas_banda_hi"":0.05,""ballenas_rest_lo_min"":2.28,""ballenas_rest_hi_min"":3.55,""ballenas_dentro_banda"":false}"
2026-08-25T00:01:18+00:00,MOMENTUM_IBS_15M,3828346,"Dogecoin Up or Down - August 24, 8:45PM-9:00PM ET",2026-08-25T01:00:00,0.98,0.5050,0.6000,0.0950,0.0900,0.0900,BUY_YES,momentum_ibs_15m DOGE drift20m=0.110% ibs=0.80 py=0.505 (alineado_arriba_extremo),DOGE#15min,0.50,"{""drift_20min_pct"":0.1101,""ibs_20min"":0.8,""py_entrada"":0.505,""hora_utc"":0,""ballena_activa_n"":0,""libro_spread"":0.01,""libro_liquidez"":1908.2242,""moon_phase"":0.3954,""mercury_retrogrado"":0,""horas_hasta_fomc"":546.0,""ballenas_significativo"":true,""ballenas_banda_lo"":0.05,""ballenas_banda_hi"":0.3,""ballenas_rest_lo_min"":5.45,""ballenas_rest_hi_min"":12.48,""ballenas_dentro_banda"":false}"
2026-08-25T00:01:18+00:00,MOMENTUM_IBS_15M_FADE,3828346,"Dogecoin Up or Down - August 24, 8:45PM-9:00PM ET",2026-08-25T01:00:00,0.98,0.5050,0.4000,-0.0050,-0.0000,-0.0000,SKIP,momentum_ibs_15m_fade DOGE drift20m=0.110% ibs=0.80 py=0.505 (fade_alineado_arriba_extremo),DOGE#15min,0.50,"{""drift_20min_pct"":0.1101,""ibs_20min"":0.8,""py_entrada"":0.505,""hora_utc"":0,""ballena_activa_n"":0,""libro_spread"":0.01,""libro_liquidez"":1908.2242,""moon_phase"":0.3954,""mercury_retrogrado"":0,""horas_hasta_fomc"":546.0,""ballenas_significativo"":true,""ballenas_banda_lo"":0.05,""ballenas_banda_hi"":0.3,""ballenas_rest_lo_min"":5.45,""ballenas_rest_hi_min"":12.48,""ballenas_dentro_banda"":false}"
2026-08-25T00:01:18+00:00,MOMENTUM_IBS_5M,3828347,"Ethereum Up or Down - August 24, 8:45PM-8:50PM ET",2026-08-25T00:50:00,0.81,0.5050,0.6000,0.0950,0.0900,0.0900,BUY_YES,momentum_ibs_5m ETH drift7m=0.172% ibs=1.00 py=0.505 (alineado_arriba_extremo),ETH#5min,0.50,"{""drift_7min_pct"":0.1719,""ibs_7min"":1.0,""py_entrada"":0.505,""hora_utc"":0,""es_ntm_5min"":1,""ballena_activa_n"":0,""libro_spread"":0.01,""libro_liquidez"":12637.7333,""moon_phase"":0.3954,""mercury_retrogrado"":0,""horas_hasta_fomc"":546.0,""smart_money_consensus"":0.1401,""smart_money_n_wallets"":7,""smart_money_consensus_ponderado"":-0.0219,""smart_money_n_wallets_ponderado"":7,""ballenas_significativo"":true,""ballenas_banda_lo"":0.5,""ballenas_banda_hi"":0.7,""ballenas_rest_lo_min"":2.33,""ballenas_rest_hi_min"":4.83,""ballenas_dentro_banda"":true}"
2026-08-25T00:01:18+00:00,MOMENTUM_IBS_5M_FADE,3828347,"Ethereum Up or Down - August 24, 8:45PM-8:50PM ET",2026-08-25T00:50:00,0.81,0.5050,0.4000,0.0149,0.0099,0.0099,SKIP,momentum_ibs_5m_fade ETH drift7m=0.172% ibs=1.00 py=0.505 (fade_alineado_arriba_extremo),ETH#5min,0.50,"{""drift_7min_pct"":0.1719,""ibs_7min"":1.0,""py_entrada"":0.505,""hora_utc"":0,""es_ntm_5min"":1,""ballena_activa_n"":0,""libro_spread"":0.01,""libro_liquidez"":12637.7333,""moon_phase"":0.3954,""mercury_retrogrado"":0,""horas_hasta_fomc"":546.0,""smart_money_consensus"":0.1401,""smart_money_n_wallets"":7,""smart_money_consensus_ponderado"":-0.0219,""smart_money_n_wallets_ponderado"":7,""ballenas_significativo"":true,""ballenas_banda_lo"":0.5,""ballenas_banda_hi"":0.7,""ballenas_rest_lo_min"":2.33,""ballenas_rest_hi_min"":4.83,""ballenas_dentro_banda"":true}"
2026-08-25T00:01:18+00:00,MOMENTUM_IBS_15M,3828350,"BNB Up or Down - August 24, 8:45PM-9:00PM ET",2026-08-25T01:00:00,0.98,0.5050,0.6000,0.0950,0.0900,0.0900,BUY_YES,momentum_ibs_15m BNB drift20m=0.122% ibs=1.00 py=0.505 (alineado_arriba_extremo),BNB#15min,0.50,"{""drift_20min_pct"":0.1222,""ibs_20min"":1.0,""py_entrada"":0.505,""hora_utc"":0,""ballena_activa_n"":0,""libro_spread"":0.01,""libro_liquidez"":1871.1224,""moon_phase"":0.3954,""mercury_retrogrado"":0,""horas_hasta_fomc"":546.0,""smart_money_consensus"":-0.0935,""smart_money_n_wallets"":1,""smart_money_consensus_ponderado"":-0.0632,""smart_money_n_wallets_ponderado"":1,""ballenas_significativo"":true,""ballenas_banda_lo"":0.5,""ballenas_banda_hi"":0.7,""ballenas_rest_lo_min"":5.68,""ballenas_rest_hi_min"":13.8,""ballenas_dentro_banda"":true}"
2026-08-25T00:01:18+00:00,MOMENTUM_IBS_15M_FADE,3828350,"BNB Up or Down - August 24, 8:45PM-9:00PM ET",2026-08-25T01:00:00,0.98,0.5050,0.4000,-0.0050,-0.0000,-0.0000,SKIP,momentum_ibs_15m_fade BNB drift20m=0.122% ibs=1.00 py=0.505 (fade_alineado_arriba_extremo),BNB#15min,0.50,"{""drift_20min_pct"":0.1222,""ibs_20min"":1.0,""py_entrada"":0.505,""hora_utc"":0,""ballena_activa_n"":0,""libro_spread"":0.01,""libro_liquidez"":1871.1224,""moon_phase"":0.3954,""mercury_retrogrado"":0,""horas_hasta_fomc"":546.0,""smart_money_consensus"":-0.0935,""smart_money_n_wallets"":1,""smart_money_consensus_ponderado"":-0.0632,""smart_money_n_wallets_ponderado"":1,""ballenas_significativo"":true,""ballenas_banda_lo"":0.5,""ballenas_banda_hi"":0.7,""ballenas_rest_lo_min"":5.68,""ballenas_rest_hi_min"":13.8,""ballenas_dentro_banda"":true}"
2026-08-25T00:01:18+00:00,MOMENTUM_IBS_5M,3828525,"Solana Up or Down - August 24, 8:50PM-8:55PM ET",2026-08-25T00:55:00,0.89,0.5050,0.6000,0.0950,0.0900,0.0900,BUY_YES,momentum_ibs_5m SOL drift7m=0.519% ibs=0.88 py=0.505 (alineado_arriba_extremo),SOL#5min,0.50,"{""drift_7min_pct"":0.5189,""ibs_7min"":0.8793,""py_entrada"":0.505,""hora_utc"":0,""es_ntm_5min"":1,""ballena_activa_n"":0,""libro_spread"":0.01,""libro_liquidez"":3877.0125,""moon_phase"":0.3954,""mercury_retrogrado"":0,""horas_hasta_fomc"":546.0,""smart_money_consensus"":0.129,""smart_money_n_wallets"":4,""smart_money_consensus_ponderado"":0.2386,""smart_money_n_wallets_ponderado"":4,""ballenas_significativo"":true,""ballenas_banda_lo"":0.3,""ballenas_banda_hi"":0.5,""ballenas_rest_lo_min"":1.98,""ballenas_rest_hi_min"":4.58,""ballenas_dentro_banda"":false}"
2026-08-25T00:01:18+00:00,MOMENTUM_IBS_5M_FADE,3828525,"Solana Up or Down - August 24, 8:50PM-8:55PM ET",2026-08-25T00:55:00,0.89,0.5050,0.4000,0.0149,0.0099,0.0099,SKIP,momentum_ibs_5m_fade SOL drift7m=0.519% ibs=0.88 py=0.505 (fade_alineado_arriba_extremo),SOL#5min,0.50,"{""drift_7min_pct"":0.5189,""ibs_7min"":0.8793,""py_entrada"":0.505,""hora_utc"":0,""es_ntm_5min"":1,""ballena_activa_n"":0,""libro_spread"":0.01,""libro_liquidez"":3877.0125,""moon_phase"":0.3954,""mercury_retrogrado"":0,""horas_hasta_fomc"":546.0,""smart_money_consensus"":0.129,""smart_money_n_wallets"":4,""smart_money_consensus_ponderado"":0.2386,""smart_money_n_wallets_ponderado"":4,""ballenas_significativo"":true,""ballenas_banda_lo"":0.3,""ballenas_banda_hi"":0.5,""ballenas_rest_lo_min"":1.98,""ballenas_rest_hi_min"":4.58,""ballenas_dentro_banda"":false}"
2026-08-25T00:01:18+00:00,MOMENTUM_IBS_5M,3828526,"Ethereum Up or Down - August 24, 8:50PM-8:55PM ET",2026-08-25T00:55:00,0.89,0.5050,0.6000,0.0950,0.0900,0.0900,BUY_YES,momentum_ibs_5m ETH drift7m=0.172% ibs=1.00 py=0.505 (alineado_arriba_extremo),ETH#5min,0.50,"{""drift_7min_pct"":0.1719,""ibs_7min"":1.0,""py_entrada"":0.505,""hora_utc"":0,""es_ntm_5min"":1,""ballena_activa_n"":0,""libro_spread"":0.01,""libro_liquidez"":12405.9343,""moon_phase"":0.3954,""mercury_retrogrado"":0,""horas_hasta_fomc"":546.0,""smart_money_consensus"":0.1401,""smart_money_n_wallets"":7,""smart_money_consensus_ponderado"":-0.0219,""smart_money_n_wallets_ponderado"":7,""ballenas_significativo"":true,""ballenas_banda_lo"":0.5,""ballenas_banda_hi"":0.7,""ballenas_rest_lo_min"":2.33,""ballenas_rest_hi_min"":4.83,""ballenas_dentro_banda"":true}"
2026-08-25T00:01:18+00:00,MOMENTUM_IBS_5M_FADE,3828526,"Ethereum Up or Down - August 24, 8:50PM-8:55PM ET",2026-08-25T00:55:00,0.89,0.5050,0.4000,0.0149,0.0099,0.0099,SKIP,momentum_ibs_5m_fade ETH drift7m=0.172% ibs=1.00 py=0.505 (fade_alineado_arriba_extremo),ETH#5min,0.50,"{""drift_7min_pct"":0.1719,""ibs_7min"":1.0,""py_entrada"":0.505,""hora_utc"":0,""es_ntm_5min"":1,""ballena_activa_n"":0,""libro_spread"":0.01,""libro_liquidez"":12405.9343,""moon_phase"":0.3954,""mercury_retrogrado"":0,""horas_hasta_fomc"":546.0,""smart_money_consensus"":0.1401,""smart_money_n_wallets"":7,""smart_money_consensus_ponderado"":-0.0219,""smart_money_n_wallets_ponderado"":7,""ballenas_significativo"":true,""ballenas_banda_lo"":0.5,""ballenas_banda_hi"":0.7,""ballenas_rest_lo_min"":2.33,""ballenas_rest_hi_min"":4.83,""ballenas_dentro_banda"":true}"
2026-08-25T00:01:18+00:00,MOMENTUM_IBS_5M,3828546,"Solana Up or Down - August 24, 8:55PM-9:00PM ET",2026-08-25T01:00:00,0.98,0.5050,0.6000,0.0950,0.0900,0.0900,BUY_YES,momentum_ibs_5m SOL drift7m=0.519% ibs=0.88 py=0.505 (alineado_arriba_extremo),SOL#5min,0.50,"{""drift_7min_pct"":0.5189,""ibs_7min"":0.8793,""py_entrada"":0.505,""hora_utc"":0,""es_ntm_5min"":1,""ballena_activa_n"":0,""libro_spread"":0.01,""libro_liquidez"":1588.0344,""moon_phase"":0.3954,""mercury_retrogrado"":0,""horas_hasta_fomc"":546.0,""smart_money_consensus"":0.129,""smart_money_n_wallets"":4,""smart_money_consensus_ponderado"":0.2386,""smart_money_n_wallets_ponderado"":4,""ballenas_significativo"":true,""ballenas_banda_lo"":0.3,""ballenas_banda_hi"":0.5,""ballenas_rest_lo_min"":1.98,""ballenas_rest_hi_min"":4.58,""ballenas_dentro_banda"":false}"
2026-08-25T00:01:18+00:00,MOMENTUM_IBS_5M_FADE,3828546,"Solana Up or Down - August 24, 8:55PM-9:00PM ET",2026-08-25T01:00:00,0.98,0.5050,0.4000,0.0149,0.0099,0.0099,SKIP,momentum_ibs_5m_fade SOL drift7m=0.519% ibs=0.88 py=0.505 (fade_alineado_arriba_extremo),SOL#5min,0.50,"{""drift_7min_pct"":0.5189,""ibs_7min"":0.8793,""py_entrada"":0.505,""hora_utc"":0,""es_ntm_5min"":1,""ballena_activa_n"":0,""libro_spread"":0.01,""libro_liquidez"":1588.0344,""moon_phase"":0.3954,""mercury_retrogrado"":0,""horas_hasta_fomc"":546.0,""smart_money_consensus"":0.129,""smart_money_n_wallets"":4,""smart_money_consensus_ponderado"":0.2386,""smart_money_n_wallets_ponderado"":4,""ballenas_significativo"":true,""ballenas_banda_lo"":0.3,""ballenas_banda_hi"":0.5,""ballenas_rest_lo_min"":1.98,""ballenas_rest_hi_min"":4.58,""ballenas_dentro_banda"":false}"
2026-08-25T00:01:18+00:00,MOMENTUM_IBS_5M,3828551,"Ethereum Up or Down - August 24, 8:55PM-9:00PM ET",2026-08-25T01:00:00,0.98,0.5050,0.6000,0.0950,0.0900,0.0900,BUY_YES,momentum_ibs_5m ETH drift7m=0.172% ibs=1.00 py=0.505 (alineado_arriba_extremo),ETH#5min,0.50,"{""drift_7min_pct"":0.1719,""ibs_7min"":1.0,""py_entrada"":0.505,""hora_utc"":0,""es_ntm_5min"":1,""ballena_activa_n"":0,""libro_spread"":0.01,""libro_liquidez"":12329.1438,""moon_phase"":0.3954,""mercury_retrogrado"":0,""horas_hasta_fomc"":546.0,""smart_money_consensus"":0.1401,""smart_money_n_wallets"":7,""smart_money_consensus_ponderado"":-0.0219,""smart_money_n_wallets_ponderado"":7,""ballenas_significativo"":true,""ballenas_banda_lo"":0.5,""ballenas_banda_hi"":0.7,""ballenas_rest_lo_min"":2.33,""ballenas_rest_hi_min"":4.83,""ballenas_dentro_banda"":true}"
2026-08-25T00:01:18+00:00,MOMENTUM_IBS_5M_FADE,3828551,"Ethereum Up or Down - August 24, 8:55PM-9:00PM ET",2026-08-25T01:00:00,0.98,0.5050,0.4000,0.0149,0.0099,0.0099,SKIP,momentum_ibs_5m_fade ETH drift7m=0.172% ibs=1.00 py=0.505 (fade_alineado_arriba_extremo),ETH#5min,0.50,"{""drift_7min_pct"":0.1719,""ibs_7min"":1.0,""py_entrada"":0.505,""hora_utc"":0,""es_ntm_5min"":1,""ballena_activa_n"":0,""libro_spread"":0.01,""libro_liquidez"":12329.1438,""moon_phase"":0.3954,""mercury_retrogrado"":0,""horas_hasta_fomc"":546.0,""smart_money_consensus"":0.1401,""smart_money_n_wallets"":7,""smart_money_consensus_ponderado"":-0.0219,""smart_money_n_wallets_ponderado"":7,""ballenas_significativo"":true,""ballenas_banda_lo"":0.5,""ballenas_banda_hi"":0.7,""ballenas_rest_lo_min"":2.33,""ballenas_rest_hi_min"":4.83,""ballenas_dentro_banda"":true}"
2026-08-25T00:01:18+00:00,MOMENTUM_IBS_5M,3828601,"Ethereum Up or Down - August 24, 9:00PM-9:05PM ET",2026-08-25T01:05:00,1.06,0.5050,0.6000,0.0950,0.0900,0.0900,BUY_YES,momentum_ibs_5m ETH drift7m=0.172% ibs=1.00 py=0.505 (alineado_arriba_extremo),ETH#5min,0.50,"{""drift_7min_pct"":0.1719,""ibs_7min"":1.0,""py_entrada"":0.505,""hora_utc"":0,""es_ntm_5min"":1,""ballena_activa_n"":0,""libro_spread"":0.01,""libro_liquidez"":12470.1085,""moon_phase"":0.3954,""mercury_retrogrado"":0,""horas_hasta_fomc"":546.0,""smart_money_consensus"":0.1401,""smart_money_n_wallets"":7,""smart_money_consensus_ponderado"":-0.0219,""smart_money_n_wallets_ponderado"":7,""ballenas_significativo"":true,""ballenas_banda_lo"":0.5,""ballenas_banda_hi"":0.7,""ballenas_rest_lo_min"":2.33,""ballenas_rest_hi_min"":4.83,""ballenas_dentro_banda"":true}"
2026-08-25T00:01:18+00:00,MOMENTUM_IBS_5M_FADE,3828601,"Ethereum Up or Down - August 24, 9:00PM-9:05PM ET",2026-08-25T01:05:00,1.06,0.5050,0.4000,0.0149,0.0099,0.0099,SKIP,momentum_ibs_5m_fade ETH drift7m=0.172% ibs=1.00 py=0.505 (fade_alineado_arriba_extremo),ETH#5min,0.50,"{""drift_7min_pct"":0.1719,""ibs_7min"":1.0,""py_entrada"":0.505,""hora_utc"":0,""es_ntm_5min"":1,""ballena_activa_n"":0,""libro_spread"":0.01,""libro_liquidez"":12470.1085,""moon_phase"":0.3954,""mercury_retrogrado"":0,""horas_hasta_fomc"":546.0,""smart_money_consensus"":0.1401,""smart_money_n_wallets"":7,""smart_money_consensus_ponderado"":-0.0219,""smart_money_n_wallets_ponderado"":7,""ballenas_significativo"":true,""ballenas_banda_lo"":0.5,""ballenas_banda_hi"":0.7,""ballenas_rest_lo_min"":2.33,""ballenas_rest_hi_min"":4.83,""ballenas_dentro_banda"":true}"
2026-08-25T00:01:18+00:00,MOMENTUM_IBS_5M,3828606,"Solana Up or Down - August 24, 9:00PM-9:05PM ET",2026-08-25T01:05:00,1.06,0.5050,0.6000,0.0950,0.0900,0.0900,BUY_YES,momentum_ibs_5m SOL drift7m=0.519% ibs=0.88 py=0.505 (alineado_arriba_extremo),SOL#5min,0.50,"{""drift_7min_pct"":0.5189,""ibs_7min"":0.8793,""py_entrada"":0.505,""hora_utc"":0,""es_ntm_5min"":1,""ballena_activa_n"":0,""libro_spread"":0.01,""libro_liquidez"":3816.7171,""moon_phase"":0.3954,""mercury_retrogrado"":0,""horas_hasta_fomc"":546.0,""smart_money_consensus"":0.129,""smart_money_n_wallets"":4,""smart_money_consensus_ponderado"":0.2386,""smart_money_n_wallets_ponderado"":4,""ballenas_significativo"":true,""ballenas_banda_lo"":0.3,""ballenas_banda_hi"":0.5,""ballenas_rest_lo_min"":1.98,""ballenas_rest_hi_min"":4.58,""ballenas_dentro_banda"":false}"
2026-08-25T00:01:18+00:00,MOMENTUM_IBS_5M_FADE,3828606,"Solana Up or Down - August 24, 9:00PM-9:05PM ET",2026-08-25T01:05:00,1.06,0.5050,0.4000,0.0149,0.0099,0.0099,SKIP,momentum_ibs_5m_fade SOL drift7m=0.519% ibs=0.88 py=0.505 (fade_alineado_arriba_extremo),SOL#5min,0.50,"{""drift_7min_pct"":0.5189,""ibs_7min"":0.8793,""py_entrada"":0.505,""hora_utc"":0,""es_ntm_5min"":1,""ballena_activa_n"":0,""libro_spread"":0.01,""libro_liquidez"":3816.7171,""moon_phase"":0.3954,""mercury_retrogrado"":0,""horas_hasta_fomc"":546.0,""smart_money_consensus"":0.129,""smart_money_n_wallets"":4,""smart_money_consensus_ponderado"":0.2386,""smart_money_n_wallets_ponderado"":4,""ballenas_significativo"":true,""ballenas_banda_lo"":0.3,""ballenas_banda_hi"":0.5,""ballenas_rest_lo_min"":1.98,""ballenas_rest_hi_min"":4.58,""ballenas_dentro_banda"":false}"
2026-08-25T00:01:18+00:00,MOMENTUM_IBS_15M,3828613,"Solana Up or Down - August 24, 9:00PM-9:15PM ET",2026-08-25T01:15:00,1.23,0.5050,0.6000,0.0348,0.0298,0.0298,BUY_YES,momentum_ibs_15m SOL drift20m=0.172% ibs=0.88 py=0.505 (alineado_arriba_extremo),SOL#15min,0.50,"{""drift_20min_pct"":0.1724,""ibs_20min"":0.8793,""py_entrada"":0.505,""hora_utc"":0,""ballena_activa_n"":0,""libro_spread"":0.01,""libro_liquidez"":3956.0969,""moon_phase"":0.3954,""mercury_retrogrado"":0,""horas_hasta_fomc"":546.0,""smart_money_consensus"":0.129,""smart_money_n_wallets"":4,""smart_money_consensus_ponderado"":0.2386,""smart_money_n_wallets_ponderado"":4,""ballenas_significativo"":true,""ballenas_banda_lo"":0.05,""ballenas_banda_hi"":0.3,""ballenas_rest_lo_min"":6.13,""ballenas_rest_hi_min"":11.88,""ballenas_dentro_banda"":false}"
2026-08-25T00:01:18+00:00,MOMENTUM_IBS_15M_FADE,3828613,"Solana Up or Down - August 24, 9:00PM-9:15PM ET",2026-08-25T01:15:00,1.23,0.5050,0.4000,-0.0050,-0.0000,-0.0000,SKIP,momentum_ibs_15m_fade SOL drift20m=0.172% ibs=0.88 py=0.505 (fade_alineado_arriba_extremo),SOL#15min,0.50,"{""drift_20min_pct"":0.1724,""ibs_20min"":0.8793,""py_entrada"":0.505,""hora_utc"":0,""ballena_activa_n"":0,""libro_spread"":0.01,""libro_liquidez"":3956.0969,""moon_phase"":0.3954,""mercury_retrogrado"":0,""horas_hasta_fomc"":546.0,""smart_money_consensus"":0.129,""smart_money_n_wallets"":4,""smart_money_consensus_ponderado"":0.2386,""smart_money_n_wallets_ponderado"":4,""ballenas_significativo"":true,""ballenas_banda_lo"":0.05,""ballenas_banda_hi"":0.3,""ballenas_rest_lo_min"":6.13,""ballenas_rest_hi_min"":11.88,""ballenas_dentro_banda"":false}"
2026-08-25T00:01:18+00:00,MOMENTUM_IBS_5M,3828615,"Ethereum Up or Down - August 24, 9:05PM-9:10PM ET",2026-08-25T01:10:00,1.14,0.5050,0.6000,0.0950,0.0900,0.0900,BUY_YES,momentum_ibs_5m ETH drift7m=0.172% ibs=1.00 py=0.505 (alineado_arriba_extremo),ETH#5min,0.50,"{""drift_7min_pct"":0.1719,""ibs_7min"":1.0,""py_entrada"":0.505,""hora_utc"":0,""es_ntm_5min"":1,""ballena_activa_n"":0,""libro_spread"":0.01,""libro_liquidez"":4347.7246,""moon_phase"":0.3954,""mercury_retrogrado"":0,""horas_hasta_fomc"":546.0,""smart_money_consensus"":0.1401,""smart_money_n_wallets"":7,""smart_money_consensus_ponderado"":-0.0219,""smart_money_n_wallets_ponderado"":7,""ballenas_significativo"":true,""ballenas_banda_lo"":0.5,""ballenas_banda_hi"":0.7,""ballenas_rest_lo_min"":2.33,""ballenas_rest_hi_min"":4.83,""ballenas_dentro_banda"":true}"
2026-08-25T00:01:18+00:00,MOMENTUM_IBS_5M_FADE,3828615,"Ethereum Up or Down - August 24, 9:05PM-9:10PM ET",2026-08-25T01:10:00,1.14,0.5050,0.4000,0.0149,0.0099,0.0099,SKIP,momentum_ibs_5m_fade ETH drift7m=0.172% ibs=1.00 py=0.505 (fade_alineado_arriba_extremo),ETH#5min,0.50,"{""drift_7min_pct"":0.1719,""ibs_7min"":1.0,""py_entrada"":0.505,""hora_utc"":0,""es_ntm_5min"":1,""ballena_activa_n"":0,""libro_spread"":0.01,""libro_liquidez"":4347.7246,""moon_phase"":0.3954,""mercury_retrogrado"":0,""horas_hasta_fomc"":546.0,""smart_money_consensus"":0.1401,""smart_money_n_wallets"":7,""smart_money_consensus_ponderado"":-0.0219,""smart_money_n_wallets_ponderado"":7,""ballenas_significativo"":true,""ballenas_banda_lo"":0.5,""ballenas_banda_hi"":0.7,""ballenas_rest_lo_min"":2.33,""ballenas_rest_hi_min"":4.83,""ballenas_dentro_banda"":true}"
2026-08-25T00:01:18+00:00,MOMENTUM_IBS_5M,3828619,"Solana Up or Down - August 24, 9:05PM-9:10PM ET",2026-08-25T01:10:00,1.14,0.5050,0.6000,0.0950,0.0900,0.0900,BUY_YES,momentum_ibs_5m SOL drift7m=0.519% ibs=0.88 py=0.505 (alineado_arriba_extremo),SOL#5min,0.50,"{""drift_7min_pct"":0.5189,""ibs_7min"":0.8793,""py_entrada"":0.505,""hora_utc"":0,""es_ntm_5min"":1,""ballena_activa_n"":0,""libro_spread"":0.01,""libro_liquidez"":2070.38,""moon_phase"":0.3954,""mercury_retrogrado"":0,""horas_hasta_fomc"":546.0,""smart_money_consensus"":0.129,""smart_money_n_wallets"":4,""smart_money_consensus_ponderado"":0.2386,""smart_money_n_wallets_ponderado"":4,""ballenas_significativo"":true,""ballenas_banda_lo"":0.3,""ballenas_banda_hi"":0.5,""ballenas_rest_lo_min"":1.98,""ballenas_rest_hi_min"":4.58,""ballenas_dentro_banda"":false}"
2026-08-25T00:01:18+00:00,MOMENTUM_IBS_5M_FADE,3828619,"Solana Up or Down - August 24, 9:05PM-9:10PM ET",2026-08-25T01:10:00,1.14,0.5050,0.4000,0.0149,0.0099,0.0099,SKIP,momentum_ibs_5m_fade SOL drift7m=0.519% ibs=0.88 py=0.505 (fade_alineado_arriba_extremo),SOL#5min,0.50,"{""drift_7min_pct"":0.5189,""ibs_7min"":0.8793,""py_entrada"":0.505,""hora_utc"":0,""es_ntm_5min"":1,""ballena_activa_n"":0,""libro_spread"":0.01,""libro_liquidez"":2070.38,""moon_phase"":0.3954,""mercury_retrogrado"":0,""horas_hasta_fomc"":546.0,""smart_money_consensus"":0.129,""smart_money_n_wallets"":4,""smart_money_consensus_ponderado"":0.2386,""smart_money_n_wallets_ponderado"":4,""ballenas_significativo"":true,""ballenas_banda_lo"":0.3,""ballenas_banda_hi"":0.5,""ballenas_rest_lo_min"":1.98,""ballenas_rest_hi_min"":4.58,""ballenas_dentro_banda"":false}"
2026-08-25T00:01:18+00:00,MOMENTUM_IBS_5M,3828626,"Ethereum Up or Down - August 24, 9:10PM-9:15PM ET",2026-08-25T01:15:00,1.23,0.5050,0.6000,0.0950,0.0900,0.0900,BUY_YES,momentum_ibs_5m ETH drift7m=0.172% ibs=1.00 py=0.505 (alineado_arriba_extremo),ETH#5min,0.50,"{""drift_7min_pct"":0.1719,""ibs_7min"":1.0,""py_entrada"":0.505,""hora_utc"":0,""es_ntm_5min"":1,""ballena_activa_n"":0,""libro_spread"":0.01,""libro_liquidez"":12472.8929,""moon_phase"":0.3954,""mercury_retrogrado"":0,""horas_hasta_fomc"":546.0,""smart_money_consensus"":0.1401,""smart_money_n_wallets"":7,""smart_money_consensus_ponderado"":-0.0219,""smart_money_n_wallets_ponderado"":7,""ballenas_significativo"":true,""ballenas_banda_lo"":0.5,""ballenas_banda_hi"":0.7,""ballenas_rest_lo_min"":2.33,""ballenas_rest_hi_min"":4.83,""ballenas_dentro_banda"":true}"
2026-08-25T00:01:18+00:00,MOMENTUM_IBS_5M_FADE,3828626,"Ethereum Up or Down - August 24, 9:10PM-9:15PM ET",2026-08-25T01:15:00,1.23,0.5050,0.4000,0.0149,0.0099,0.0099,SKIP,momentum_ibs_5m_fade ETH drift7m=0.172% ibs=1.00 py=0.505 (fade_alineado_arriba_extremo),ETH#5min,0.50,"{""drift_7min_pct"":0.1719,""ibs_7min"":1.0,""py_entrada"":0.505,""hora_utc"":0,""es_ntm_5min"":1,""ballena_activa_n"":0,""libro_spread"":0.01,""libro_liquidez"":12472.8929,""moon_phase"":0.3954,""mercury_retrogrado"":0,""horas_hasta_fomc"":546.0,""smart_money_consensus"":0.1401,""smart_money_n_wallets"":7,""smart_money_consensus_ponderado"":-0.0219,""smart_money_n_wallets_ponderado"":7,""ballenas_significativo"":true,""ballenas_banda_lo"":0.5,""ballenas_banda_hi"":0.7,""ballenas_rest_lo_min"":2.33,""ballenas_rest_hi_min"":4.83,""ballenas_dentro_banda"":true}"
2026-08-25T00:01:18+00:00,MOMENTUM_IBS_5M,3828631,"Solana Up or Down - August 24, 9:10PM-9:15PM ET",2026-08-25T01:15:00,1.23,0.5050,0.6000,0.0950,0.0900,0.0900,BUY_YES,momentum_ibs_5m SOL drift7m=0.519% ibs=0.88 py=0.505 (alineado_arriba_extremo),SOL#5min,0.50,"{""drift_7min_pct"":0.5189,""ibs_7min"":0.8793,""py_entrada"":0.505,""hora_utc"":0,""es_ntm_5min"":1,""ballena_activa_n"":0,""libro_spread"":0.01,""libro_liquidez"":3708.379,""moon_phase"":0.3954,""mercury_retrogrado"":0,""horas_hasta_fomc"":546.0,""smart_money_consensus"":0.129,""smart_money_n_wallets"":4,""smart_money_consensus_ponderado"":0.2386,""smart_money_n_wallets_ponderado"":4,""ballenas_significativo"":true,""ballenas_banda_lo"":0.3,""ballenas_banda_hi"":0.5,""ballenas_rest_lo_min"":1.98,""ballenas_rest_hi_min"":4.58,""ballenas_dentro_banda"":false}"
2026-08-25T00:01:18+00:00,MOMENTUM_IBS_5M_FADE,3828631,"Solana Up or Down - August 24, 9:10PM-9:15PM ET",2026-08-25T01:15:00,1.23,0.5050,0.4000,0.0149,0.0099,0.0099,SKIP,momentum_ibs_5m_fade SOL drift7m=0.519% ibs=0.88 py=0.505 (fade_alineado_arriba_extremo),SOL#5min,0.50,"{""drift_7min_pct"":0.5189,""ibs_7min"":0.8793,""py_entrada"":0.505,""hora_utc"":0,""es_ntm_5min"":1,""ballena_activa_n"":0,""libro_spread"":0.01,""libro_liquidez"":3708.379,""moon_phase"":0.3954,""mercury_retrogrado"":0,""horas_hasta_fomc"":546.0,""smart_money_consensus"":0.129,""smart_money_n_wallets"":4,""smart_money_consensus_ponderado"":0.2386,""smart_money_n_wallets_ponderado"":4,""ballenas_significativo"":true,""ballenas_banda_lo"":0.3,""ballenas_banda_hi"":0.5,""ballenas_rest_lo_min"":1.98,""ballenas_rest_hi_min"":4.58,""ballenas_dentro_banda"":false}"
2026-08-25T00:01:18+00:00,MOMENTUM_IBS_15M,3828633,"Solana Up or Down - August 24, 9:15PM-9:30PM ET",2026-08-25T01:30:00,1.48,0.5050,0.6000,0.0348,0.0298,0.0298,BUY_YES,momentum_ibs_15m SOL drift20m=0.172% ibs=0.88 py=0.505 (alineado_arriba_extremo),SOL#15min,0.50,"{""drift_20min_pct"":0.1724,""ibs_20min"":0.8793,""py_entrada"":0.505,""hora_utc"":0,""ballena_activa_n"":0,""libro_spread"":0.01,""libro_liquidez"":1474.6364,""moon_phase"":0.3954,""mercury_retrogrado"":0,""horas_hasta_fomc"":546.0,""smart_money_consensus"":0.129,""smart_money_n_wallets"":4,""smart_money_consensus_ponderado"":0.2386,""smart_money_n_wallets_ponderado"":4,""ballenas_significativo"":true,""ballenas_banda_lo"":0.05,""ballenas_banda_hi"":0.3,""ballenas_rest_lo_min"":6.13,""ballenas_rest_hi_min"":11.88,""ballenas_dentro_banda"":false}"
2026-08-25T00:01:18+00:00,MOMENTUM_IBS_15M_FADE,3828633,"Solana Up or Down - August 24, 9:15PM-9:30PM ET",2026-08-25T01:30:00,1.48,0.5050,0.4000,-0.0050,-0.0000,-0.0000,SKIP,momentum_ibs_15m_fade SOL drift20m=0.172% ibs=0.88 py=0.505 (fade_alineado_arriba_extremo),SOL#15min,0.50,"{""drift_20min_pct"":0.1724,""ibs_20min"":0.8793,""py_entrada"":0.505,""hora_utc"":0,""ballena_activa_n"":0,""libro_spread"":0.01,""libro_liquidez"":1474.6364,""moon_phase"":0.3954,""mercury_retrogrado"":0,""horas_hasta_fomc"":546.0,""smart_money_consensus"":0.129,""smart_money_n_wallets"":4,""smart_money_consensus_ponderado"":0.2386,""smart_money_n_wallets_ponderado"":4,""ballenas_significativo"":true,""ballenas_banda_lo"":0.05,""ballenas_banda_hi"":0.3,""ballenas_rest_lo_min"":6.13,""ballenas_rest_hi_min"":11.88,""ballenas_dentro_banda"":false}"
2026-08-25T00:01:18+00:00,STRUCT_NO_15M,3828637,"Ethereum Up or Down - August 24, 9:15PM-9:30PM ET",2026-08-25T01:30:00,1.48,0.4950,0.4300,-0.0650,-0.0600,0.0600,BUY_NO,"struct_no_15m ETH py=0.495 (favorito-NO leve, model-free)",ETH#15min,0.50,"{""py_entrada"":0.495,""restante_min"":88.36,""hora_utc"":0,""libro_spread"":0.01,""libro_liquidez"":18806.3369,""moon_phase"":0.3954,""mercury_retrogrado"":0,""horas_hasta_fomc"":546.0,""smart_money_consensus"":0.1401,""smart_money_n_wallets"":7,""smart_money_consensus_ponderado"":-0.0219,""smart_money_n_wallets_ponderado"":7,""ballenas_significativo"":true,""ballenas_banda_lo"":0.7,""ballenas_banda_hi"":0.9,""ballenas_rest_lo_min"":4.38,""ballenas_rest_hi_min"":11.03,""ballenas_dentro_banda"":false,""ballena_activa_n"":3}"
2026-08-25T00:01:18+00:00,MOMENTUM_IBS_5M,3828642,"Ethereum Up or Down - August 24, 9:15PM-9:20PM ET",2026-08-25T01:20:00,1.31,0.5050,0.6000,0.0950,0.0900,0.0900,BUY_YES,momentum_ibs_5m ETH drift7m=0.172% ibs=1.00 py=0.505 (alineado_arriba_extremo),ETH#5min,0.50,"{""drift_7min_pct"":0.1719,""ibs_7min"":1.0,""py_entrada"":0.505,""hora_utc"":0,""es_ntm_5min"":1,""ballena_activa_n"":0,""libro_spread"":0.01,""libro_liquidez"":11945.1077,""moon_phase"":0.3954,""mercury_retrogrado"":0,""horas_hasta_fomc"":546.0,""smart_money_consensus"":0.1401,""smart_money_n_wallets"":7,""smart_money_consensus_ponderado"":-0.0219,""smart_money_n_wallets_ponderado"":7,""ballenas_significativo"":true,""ballenas_banda_lo"":0.5,""ballenas_banda_hi"":0.7,""ballenas_rest_lo_min"":2.33,""ballenas_rest_hi_min"":4.83,""ballenas_dentro_banda"":true}"
2026-08-25T00:01:18+00:00,MOMENTUM_IBS_5M_FADE,3828642,"Ethereum Up or Down - August 24, 9:15PM-9:20PM ET",2026-08-25T01:20:00,1.31,0.5050,0.4000,0.0149,0.0099,0.0099,SKIP,momentum_ibs_5m_fade ETH drift7m=0.172% ibs=1.00 py=0.505 (fade_alineado_arriba_extremo),ETH#5min,0.50,"{""drift_7min_pct"":0.1719,""ibs_7min"":1.0,""py_entrada"":0.505,""hora_utc"":0,""es_ntm_5min"":1,""ballena_activa_n"":0,""libro_spread"":0.01,""libro_liquidez"":11945.1077,""moon_phase"":0.3954,""mercury_retrogrado"":0,""horas_hasta_fomc"":546.0,""smart_money_consensus"":0.1401,""smart_money_n_wallets"":7,""smart_money_consensus_ponderado"":-0.0219,""smart_money_n_wallets_ponderado"":7,""ballenas_significativo"":true,""ballenas_banda_lo"":0.5,""ballenas_banda_hi"":0.7,""ballenas_rest_lo_min"":2.33,""ballenas_rest_hi_min"":4.83,""ballenas_dentro_banda"":true}"
2026-08-25T00:01:18+00:00,MOMENTUM_IBS_5M,3828643,"Solana Up or Down - August 24, 9:15PM-9:20PM ET",2026-08-25T01:20:00,1.31,0.5050,0.6000,0.0950,0.0900,0.0900,BUY_YES,momentum_ibs_5m SOL drift7m=0.519% ibs=0.88 py=0.505 (alineado_arriba_extremo),SOL#5min,0.50,"{""drift_7min_pct"":0.5189,""ibs_7min"":0.8793,""py_entrada"":0.505,""hora_utc"":0,""es_ntm_5min"":1,""ballena_activa_n"":0,""libro_spread"":0.01,""libro_liquidez"":3747.3291,""moon_phase"":0.3954,""mercury_retrogrado"":0,""horas_hasta_fomc"":546.0,""smart_money_consensus"":0.129,""smart_money_n_wallets"":4,""smart_money_consensus_ponderado"":0.2386,""smart_money_n_wallets_ponderado"":4,""ballenas_significativo"":true,""ballenas_banda_lo"":0.3,""ballenas_banda_hi"":0.5,""ballenas_rest_lo_min"":1.98,""ballenas_rest_hi_min"":4.58,""ballenas_dentro_banda"":false}"
2026-08-25T00:01:18+00:00,MOMENTUM_IBS_5M_FADE,3828643,"Solana Up or Down - August 24, 9:15PM-9:20PM ET",2026-08-25T01:20:00,1.31,0.5050,0.4000,0.0149,0.0099,0.0099,SKIP,momentum_ibs_5m_fade SOL drift7m=0.519% ibs=0.88 py=0.505 (fade_alineado_arriba_extremo),SOL#5min,0.50,"{""drift_7min_pct"":0.5189,""ibs_7min"":0.8793,""py_entrada"":0.505,""hora_utc"":0,""es_ntm_5min"":1,""ballena_activa_n"":0,""libro_spread"":0.01,""libro_liquidez"":3747.3291,""moon_phase"":0.3954,""mercury_retrogrado"":0,""horas_hasta_fomc"":546.0,""smart_money_consensus"":0.129,""smart_money_n_wallets"":4,""smart_money_consensus_ponderado"":0.2386,""smart_money_n_wallets_ponderado"":4,""ballenas_significativo"":true,""ballenas_banda_lo"":0.3,""ballenas_banda_hi"":0.5,""ballenas_rest_lo_min"":1.98,""ballenas_rest_hi_min"":4.58,""ballenas_dentro_banda"":false}"
2026-08-25T00:01:18+00:00,MOMENTUM_IBS_5M,3828651,"Solana Up or Down - August 24, 9:20PM-9:25PM ET",2026-08-25T01:25:00,1.39,0.5050,0.6000,0.0950,0.0900,0.0900,BUY_YES,momentum_ibs_5m SOL drift7m=0.519% ibs=0.88 py=0.505 (alineado_arriba_extremo),SOL#5min,0.50,"{""drift_7min_pct"":0.5189,""ibs_7min"":0.8793,""py_entrada"":0.505,""hora_utc"":0,""es_ntm_5min"":1,""ballena_activa_n"":0,""libro_spread"":0.01,""libro_liquidez"":3774.5791,""moon_phase"":0.3954,""mercury_retrogrado"":0,""horas_hasta_fomc"":546.0,""smart_money_consensus"":0.129,""smart_money_n_wallets"":4,""smart_money_consensus_ponderado"":0.2386,""smart_money_n_wallets_ponderado"":4,""ballenas_significativo"":true,""ballenas_banda_lo"":0.3,""ballenas_banda_hi"":0.5,""ballenas_rest_lo_min"":1.98,""ballenas_rest_hi_min"":4.58,""ballenas_dentro_banda"":false}"
2026-08-25T00:01:18+00:00,MOMENTUM_IBS_5M_FADE,3828651,"Solana Up or Down - August 24, 9:20PM-9:25PM ET",2026-08-25T01:25:00,1.39,0.5050,0.4000,0.0149,0.0099,0.0099,SKIP,momentum_ibs_5m_fade SOL drift7m=0.519% ibs=0.88 py=0.505 (fade_alineado_arriba_extremo),SOL#5min,0.50,"{""drift_7min_pct"":0.5189,""ibs_7min"":0.8793,""py_entrada"":0.505,""hora_utc"":0,""es_ntm_5min"":1,""ballena_activa_n"":0,""libro_spread"":0.01,""libro_liquidez"":3774.5791,""moon_phase"":0.3954,""mercury_retrogrado"":0,""horas_hasta_fomc"":546.0,""smart_money_consensus"":0.129,""smart_money_n_wallets"":4,""smart_money_consensus_ponderado"":0.2386,""smart_money_n_wallets_ponderado"":4,""ballenas_significativo"":true,""ballenas_banda_lo"":0.3,""ballenas_banda_hi"":0.5,""ballenas_rest_lo_min"":1.98,""ballenas_rest_hi_min"":4.58,""ballenas_dentro_banda"":false}"
2026-08-25T00:01:18+00:00,MOMENTUM_IBS_5M,3828655,"Ethereum Up or Down - August 24, 9:20PM-9:25PM ET",2026-08-25T01:25:00,1.39,0.5050,0.6000,0.0950,0.0900,0.0900,BUY_YES,momentum_ibs_5m ETH drift7m=0.172% ibs=1.00 py=0.505 (alineado_arriba_extremo),ETH#5min,0.50,"{""drift_7min_pct"":0.1719,""ibs_7min"":1.0,""py_entrada"":0.505,""hora_utc"":0,""es_ntm_5min"":1,""ballena_activa_n"":0,""libro_spread"":0.01,""libro_liquidez"":11984.4571,""moon_phase"":0.3954,""mercury_retrogrado"":0,""horas_hasta_fomc"":546.0,""smart_money_consensus"":0.1401,""smart_money_n_wallets"":7,""smart_money_consensus_ponderado"":-0.0219,""smart_money_n_wallets_ponderado"":7,""ballenas_significativo"":true,""ballenas_banda_lo"":0.5,""ballenas_banda_hi"":0.7,""ballenas_rest_lo_min"":2.33,""ballenas_rest_hi_min"":4.83,""ballenas_dentro_banda"":true}"
2026-08-25T00:01:18+00:00,MOMENTUM_IBS_5M_FADE,3828655,"Ethereum Up or Down - August 24, 9:20PM-9:25PM ET",2026-08-25T01:25:00,1.39,0.5050,0.4000,0.0149,0.0099,0.0099,SKIP,momentum_ibs_5m_fade ETH drift7m=0.172% ibs=1.00 py=0.505 (fade_alineado_arriba_extremo),ETH#5min,0.50,"{""drift_7min_pct"":0.1719,""ibs_7min"":1.0,""py_entrada"":0.505,""hora_utc"":0,""es_ntm_5min"":1,""ballena_activa_n"":0,""libro_spread"":0.01,""libro_liquidez"":11984.4571,""moon_phase"":0.3954,""mercury_retrogrado"":0,""horas_hasta_fomc"":546.0,""smart_money_consensus"":0.1401,""smart_money_n_wallets"":7,""smart_money_consensus_ponderado"":-0.0219,""smart_money_n_wallets_ponderado"":7,""ballenas_significativo"":true,""ballenas_banda_lo"":0.5,""ballenas_banda_hi"":0.7,""ballenas_rest_lo_min"":2.33,""ballenas_rest_hi_min"":4.83,""ballenas_dentro_banda"":true}"
2026-08-25T00:01:18+00:00,MOMENTUM_IBS_5M,3828848,"Ethereum Up or Down - August 24, 9:25PM-9:30PM ET",2026-08-25T01:30:00,1.48,0.5050,0.6000,0.0950,0.0900,0.0900,BUY_YES,momentum_ibs_5m ETH drift7m=0.172% ibs=1.00 py=0.505 (alineado_arriba_extremo),ETH#5min,0.50,"{""drift_7min_pct"":0.1719,""ibs_7min"":1.0,""py_entrada"":0.505,""hora_utc"":0,""es_ntm_5min"":1,""ballena_activa_n"":0,""libro_spread"":0.01,""libro_liquidez"":12007.2181,""moon_phase"":0.3954,""mercury_retrogrado"":0,""horas_hasta_fomc"":546.0,""smart_money_consensus"":0.1401,""smart_money_n_wallets"":7,""smart_money_consensus_ponderado"":-0.0219,""smart_money_n_wallets_ponderado"":7,""ballenas_significativo"":true,""ballenas_banda_lo"":0.5,""ballenas_banda_hi"":0.7,""ballenas_rest_lo_min"":2.33,""ballenas_rest_hi_min"":4.83,""ballenas_dentro_banda"":true}"
2026-08-25T00:01:18+00:00,MOMENTUM_IBS_5M_FADE,3828848,"Ethereum Up or Down - August 24, 9:25PM-9:30PM ET",2026-08-25T01:30:00,1.48,0.5050,0.4000,0.0149,0.0099,0.0099,SKIP,momentum_ibs_5m_fade ETH drift7m=0.172% ibs=1.00 py=0.505 (fade_alineado_arriba_extremo),ETH#5min,0.50,"{""drift_7min_pct"":0.1719,""ibs_7min"":1.0,""py_entrada"":0.505,""hora_utc"":0,""es_ntm_5min"":1,""ballena_activa_n"":0,""libro_spread"":0.01,""libro_liquidez"":12007.2181,""moon_phase"":0.3954,""mercury_retrogrado"":0,""horas_hasta_fomc"":546.0,""smart_money_consensus"":0.1401,""smart_money_n_wallets"":7,""smart_money_consensus_ponderado"":-0.0219,""smart_money_n_wallets_ponderado"":7,""ballenas_significativo"":true,""ballenas_banda_lo"":0.5,""ballenas_banda_hi"":0.7,""ballenas_rest_lo_min"":2.33,""ballenas_rest_hi_min"":4.83,""ballenas_dentro_banda"":true}"
2026-08-25T00:01:18+00:00,MOMENTUM_IBS_5M,3828850,"Solana Up or Down - August 24, 9:25PM-9:30PM ET",2026-08-25T01:30:00,1.48,0.5050,0.6000,0.0950,0.0900,0.0900,BUY_YES,momentum_ibs_5m SOL drift7m=0.519% ibs=0.88 py=0.505 (alineado_arriba_extremo),SOL#5min,0.50,"{""drift_7min_pct"":0.5189,""ibs_7min"":0.8793,""py_entrada"":0.505,""hora_utc"":0,""es_ntm_5min"":1,""ballena_activa_n"":0,""libro_spread"":0.01,""libro_liquidez"":3903.6794,""moon_phase"":0.3954,""mercury_retrogrado"":0,""horas_hasta_fomc"":546.0,""smart_money_consensus"":0.129,""smart_money_n_wallets"":4,""smart_money_consensus_ponderado"":0.2386,""smart_money_n_wallets_ponderado"":4,""ballenas_significativo"":true,""ballenas_banda_lo"":0.3,""ballenas_banda_hi"":0.5,""ballenas_rest_lo_min"":1.98,""ballenas_rest_hi_min"":4.58,""ballenas_dentro_banda"":false}"
2026-08-25T00:01:18+00:00,MOMENTUM_IBS_5M_FADE,3828850,"Solana Up or Down - August 24, 9:25PM-9:30PM ET",2026-08-25T01:30:00,1.48,0.5050,0.4000,0.0149,0.0099,0.0099,SKIP,momentum_ibs_5m_fade SOL drift7m=0.519% ibs=0.88 py=0.505 (fade_alineado_arriba_extremo),SOL#5min,0.50,"{""drift_7min_pct"":0.5189,""ibs_7min"":0.8793,""py_entrada"":0.505,""hora_utc"":0,""es_ntm_5min"":1,""ballena_activa_n"":0,""libro_spread"":0.01,""libro_liquidez"":3903.6794,""moon_phase"":0.3954,""mercury_retrogrado"":0,""horas_hasta_fomc"":546.0,""smart_money_consensus"":0.129,""smart_money_n_wallets"":4,""smart_money_consensus_ponderado"":0.2386,""smart_money_n_wallets_ponderado"":4,""ballenas_significativo"":true,""ballenas_banda_lo"":0.3,""ballenas_banda_hi"":0.5,""ballenas_rest_lo_min"":1.98,""ballenas_rest_hi_min"":4.58,""ballenas_dentro_banda"":false}"
2026-08-25T00:01:18+00:00,MOMENTUM_IBS_5M,3828900,"Solana Up or Down - August 24, 9:30PM-9:35PM ET",2026-08-25T01:35:00,1.56,0.5050,0.6000,0.0950,0.0900,0.0900,BUY_YES,momentum_ibs_5m SOL drift7m=0.519% ibs=0.88 py=0.505 (alineado_arriba_extremo),SOL#5min,0.50,"{""drift_7min_pct"":0.5189,""ibs_7min"":0.8793,""py_entrada"":0.505,""hora_utc"":0,""es_ntm_5min"":1,""ballena_activa_n"":0,""libro_spread"":0.01,""libro_liquidez"":3667.93,""moon_phase"":0.3954,""mercury_retrogrado"":0,""horas_hasta_fomc"":546.0,""smart_money_consensus"":0.129,""smart_money_n_wallets"":4,""smart_money_consensus_ponderado"":0.2386,""smart_money_n_wallets_ponderado"":4,""ballenas_significativo"":true,""ballenas_banda_lo"":0.3,""ballenas_banda_hi"":0.5,""ballenas_rest_lo_min"":1.98,""ballenas_rest_hi_min"":4.58,""ballenas_dentro_banda"":false}"
2026-08-25T00:01:18+00:00,MOMENTUM_IBS_5M_FADE,3828900,"Solana Up or Down - August 24, 9:30PM-9:35PM ET",2026-08-25T01:35:00,1.56,0.5050,0.4000,0.0149,0.0099,0.0099,SKIP,momentum_ibs_5m_fade SOL drift7m=0.519% ibs=0.88 py=0.505 (fade_alineado_arriba_extremo),SOL#5min,0.50,"{""drift_7min_pct"":0.5189,""ibs_7min"":0.8793,""py_entrada"":0.505,""hora_utc"":0,""es_ntm_5min"":1,""ballena_activa_n"":0,""libro_spread"":0.01,""libro_liquidez"":3667.93,""moon_phase"":0.3954,""mercury_retrogrado"":0,""horas_hasta_fomc"":546.0,""smart_money_consensus"":0.129,""smart_money_n_wallets"":4,""smart_money_consensus_ponderado"":0.2386,""smart_money_n_wallets_ponderado"":4,""ballenas_significativo"":true,""ballenas_banda_lo"":0.3,""ballenas_banda_hi"":0.5,""ballenas_rest_lo_min"":1.98,""ballenas_rest_hi_min"":4.58,""ballenas_dentro_banda"":false}"
2026-08-25T00:01:18+00:00,MOMENTUM_IBS_5M,3828901,"Ethereum Up or Down - August 24, 9:30PM-9:35PM ET",2026-08-25T01:35:00,1.56,0.5050,0.6000,0.0950,0.0900,0.0900,BUY_YES,momentum_ibs_5m ETH drift7m=0.172% ibs=1.00 py=0.505 (alineado_arriba_extremo),ETH#5min,0.50,"{""drift_7min_pct"":0.1719,""ibs_7min"":1.0,""py_entrada"":0.505,""hora_utc"":0,""es_ntm_5min"":1,""ballena_activa_n"":0,""libro_spread"":0.01,""libro_liquidez"":12438.741,""moon_phase"":0.3954,""mercury_retrogrado"":0,""horas_hasta_fomc"":546.0,""smart_money_consensus"":0.1401,""smart_money_n_wallets"":7,""smart_money_consensus_ponderado"":-0.0219,""smart_money_n_wallets_ponderado"":7,""ballenas_significativo"":true,""ballenas_banda_lo"":0.5,""ballenas_banda_hi"":0.7,""ballenas_rest_lo_min"":2.33,""ballenas_rest_hi_min"":4.83,""ballenas_dentro_banda"":true}"
2026-08-25T00:01:18+00:00,MOMENTUM_IBS_5M_FADE,3828901,"Ethereum Up or Down - August 24, 9:30PM-9:35PM ET",2026-08-25T01:35:00,1.56,0.5050,0.4000,0.0149,0.0099,0.0099,SKIP,momentum_ibs_5m_fade ETH drift7m=0.172% ibs=1.00 py=0.505 (fade_alineado_arriba_extremo),ETH#5min,0.50,"{""drift_7min_pct"":0.1719,""ibs_7min"":1.0,""py_entrada"":0.505,""hora_utc"":0,""es_ntm_5min"":1,""ballena_activa_n"":0,""libro_spread"":0.01,""libro_liquidez"":12438.741,""moon_phase"":0.3954,""mercury_retrogrado"":0,""horas_hasta_fomc"":546.0,""smart_money_consensus"":0.1401,""smart_money_n_wallets"":7,""smart_money_consensus_ponderado"":-0.0219,""smart_money_n_wallets_ponderado"":7,""ballenas_significativo"":true,""ballenas_banda_lo"":0.5,""ballenas_banda_hi"":0.7,""ballenas_rest_lo_min"":2.33,""ballenas_rest_hi_min"":4.83,""ballenas_dentro_banda"":true}"
2026-08-25T00:01:18+00:00,MOMENTUM_IBS_15M,3828906,"Solana Up or Down - August 24, 9:30PM-9:45PM ET",2026-08-25T01:45:00,1.73,0.5050,0.6000,0.0348,0.0298,0.0298,BUY_YES,momentum_ibs_15m SOL drift20m=0.172% ibs=0.88 py=0.505 (alineado_arriba_extremo),SOL#15min,0.50,"{""drift_20min_pct"":0.1724,""ibs_20min"":0.8793,""py_entrada"":0.505,""hora_utc"":0,""ballena_activa_n"":0,""libro_spread"":0.01,""libro_liquidez"":3931.4005,""moon_phase"":0.3954,""mercury_retrogrado"":0,""horas_hasta_fomc"":546.0,""smart_money_consensus"":0.129,""smart_money_n_wallets"":4,""smart_money_consensus_ponderado"":0.2386,""smart_money_n_wallets_ponderado"":4,""ballenas_significativo"":true,""ballenas_banda_lo"":0.05,""ballenas_banda_hi"":0.3,""ballenas_rest_lo_min"":6.13,""ballenas_rest_hi_min"":11.88,""ballenas_dentro_banda"":false}"
2026-08-25T00:01:18+00:00,MOMENTUM_IBS_15M_FADE,3828906,"Solana Up or Down - August 24, 9:30PM-9:45PM ET",2026-08-25T01:45:00,1.73,0.5050,0.4000,-0.0050,-0.0000,-0.0000,SKIP,momentum_ibs_15m_fade SOL drift20m=0.172% ibs=0.88 py=0.505 (fade_alineado_arriba_extremo),SOL#15min,0.50,"{""drift_20min_pct"":0.1724,""ibs_20min"":0.8793,""py_entrada"":0.505,""hora_utc"":0,""ballena_activa_n"":0,""libro_spread"":0.01,""libro_liquidez"":3931.4005,""moon_phase"":0.3954,""mercury_retrogrado"":0,""horas_hasta_fomc"":546.0,""smart_money_consensus"":0.129,""smart_money_n_wallets"":4,""smart_money_consensus_ponderado"":0.2386,""smart_money_n_wallets_ponderado"":4,""ballenas_significativo"":true,""ballenas_banda_lo"":0.05,""ballenas_banda_hi"":0.3,""ballenas_rest_lo_min"":6.13,""ballenas_rest_hi_min"":11.88,""ballenas_dentro_banda"":false}"
2026-08-25T00:01:18+00:00,MOMENTUM_IBS_5M,3828950,"Solana Up or Down - August 24, 9:35PM-9:40PM ET",2026-08-25T01:40:00,1.64,0.5050,0.6000,0.0950,0.0900,0.0900,BUY_YES,momentum_ibs_5m SOL drift7m=0.519% ibs=0.88 py=0.505 (alineado_arriba_extremo),SOL#5min,0.50,"{""drift_7min_pct"":0.5189,""ibs_7min"":0.8793,""py_entrada"":0.505,""hora_utc"":0,""es_ntm_5min"":1,""ballena_activa_n"":0,""libro_spread"":0.01,""libro_liquidez"":3735.6791,""moon_phase"":0.3954,""mercury_retrogrado"":0,""horas_hasta_fomc"":546.0,""smart_money_consensus"":0.129,""smart_money_n_wallets"":4,""smart_money_consensus_ponderado"":0.2386,""smart_money_n_wallets_ponderado"":4,""ballenas_significativo"":true,""ballenas_banda_lo"":0.3,""ballenas_banda_hi"":0.5,""ballenas_rest_lo_min"":1.98,""ballenas_rest_hi_min"":4.58,""ballenas_dentro_banda"":false}"
2026-08-25T00:01:18+00:00,MOMENTUM_IBS_5M_FADE,3828950,"Solana Up or Down - August 24, 9:35PM-9:40PM ET",2026-08-25T01:40:00,1.64,0.5050,0.4000,0.0149,0.0099,0.0099,SKIP,momentum_ibs_5m_fade SOL drift7m=0.519% ibs=0.88 py=0.505 (fade_alineado_arriba_extremo),SOL#5min,0.50,"{""drift_7min_pct"":0.5189,""ibs_7min"":0.8793,""py_entrada"":0.505,""hora_utc"":0,""es_ntm_5min"":1,""ballena_activa_n"":0,""libro_spread"":0.01,""libro_liquidez"":3735.6791,""moon_phase"":0.3954,""mercury_retrogrado"":0,""horas_hasta_fomc"":546.0,""smart_money_consensus"":0.129,""smart_money_n_wallets"":4,""smart_money_consensus_ponderado"":0.2386,""smart_money_n_wallets_ponderado"":4,""ballenas_significativo"":true,""ballenas_banda_lo"":0.3,""ballenas_banda_hi"":0.5,""ballenas_rest_lo_min"":1.98,""ballenas_rest_hi_min"":4.58,""ballenas_dentro_banda"":false}"
2026-08-25T00:01:18+00:00,MOMENTUM_IBS_5M,3829010,"Solana Up or Down - August 24, 9:40PM-9:45PM ET",2026-08-25T01:45:00,1.73,0.5050,0.6000,0.0950,0.0900,0.0900,BUY_YES,momentum_ibs_5m SOL drift7m=0.519% ibs=0.88 py=0.505 (alineado_arriba_extremo),SOL#5min,0.50,"{""drift_7min_pct"":0.5189,""ibs_7min"":0.8793,""py_entrada"":0.505,""hora_utc"":0,""es_ntm_5min"":1,""ballena_activa_n"":0,""libro_spread"":0.01,""libro_liquidez"":3742.8791,""moon_phase"":0.3954,""mercury_retrogrado"":0,""horas_hasta_fomc"":546.0,""smart_money_consensus"":0.129,""smart_money_n_wallets"":4,""smart_money_consensus_ponderado"":0.2386,""smart_money_n_wallets_ponderado"":4,""ballenas_significativo"":true,""ballenas_banda_lo"":0.3,""ballenas_banda_hi"":0.5,""ballenas_rest_lo_min"":1.98,""ballenas_rest_hi_min"":4.58,""ballenas_dentro_banda"":false}"
2026-08-25T00:01:18+00:00,MOMENTUM_IBS_5M_FADE,3829010,"Solana Up or Down - August 24, 9:40PM-9:45PM ET",2026-08-25T01:45:00,1.73,0.5050,0.4000,0.0149,0.0099,0.0099,SKIP,momentum_ibs_5m_fade SOL drift7m=0.519% ibs=0.88 py=0.505 (fade_alineado_arriba_extremo),SOL#5min,0.50,"{""drift_7min_pct"":0.5189,""ibs_7min"":0.8793,""py_entrada"":0.505,""hora_utc"":0,""es_ntm_5min"":1,""ballena_activa_n"":0,""libro_spread"":0.01,""libro_liquidez"":3742.8791,""moon_phase"":0.3954,""mercury_retrogrado"":0,""horas_hasta_fomc"":546.0,""smart_money_consensus"":0.129,""smart_money_n_wallets"":4,""smart_money_consensus_ponderado"":0.2386,""smart_money_n_wallets_ponderado"":4,""ballenas_significativo"":true,""ballenas_banda_lo"":0.3,""ballenas_banda_hi"":0.5,""ballenas_rest_lo_min"":1.98,""ballenas_rest_hi_min"":4.58,""ballenas_dentro_banda"":false}"
2026-08-25T00:01:18+00:00,MOMENTUM_IBS_5M,3829038,"Solana Up or Down - August 24, 9:45PM-9:50PM ET",2026-08-25T01:50:00,1.81,0.5050,0.6000,0.0950,0.0900,0.0900,BUY_YES,momentum_ibs_5m SOL drift7m=0.519% ibs=0.88 py=0.505 (alineado_arriba_extremo),SOL#5min,0.50,"{""drift_7min_pct"":0.5189,""ibs_7min"":0.8793,""py_entrada"":0.505,""hora_utc"":0,""es_ntm_5min"":1,""ballena_activa_n"":0,""libro_spread"":0.01,""libro_liquidez"":1518.5793,""moon_phase"":0.3954,""mercury_retrogrado"":0,""horas_hasta_fomc"":546.0,""smart_money_consensus"":0.129,""smart_money_n_wallets"":4,""smart_money_consensus_ponderado"":0.2386,""smart_money_n_wallets_ponderado"":4,""ballenas_significativo"":true,""ballenas_banda_lo"":0.3,""ballenas_banda_hi"":0.5,""ballenas_rest_lo_min"":1.98,""ballenas_rest_hi_min"":4.58,""ballenas_dentro_banda"":false}"
2026-08-25T00:01:18+00:00,MOMENTUM_IBS_5M_FADE,3829038,"Solana Up or Down - August 24, 9:45PM-9:50PM ET",2026-08-25T01:50:00,1.81,0.5050,0.4000,0.0149,0.0099,0.0099,SKIP,momentum_ibs_5m_fade SOL drift7m=0.519% ibs=0.88 py=0.505 (fade_alineado_arriba_extremo),SOL#5min,0.50,"{""drift_7min_pct"":0.5189,""ibs_7min"":0.8793,""py_entrada"":0.505,""hora_utc"":0,""es_ntm_5min"":1,""ballena_activa_n"":0,""libro_spread"":0.01,""libro_liquidez"":1518.5793,""moon_phase"":0.3954,""mercury_retrogrado"":0,""horas_hasta_fomc"":546.0,""smart_money_consensus"":0.129,""smart_money_n_wallets"":4,""smart_money_consensus_ponderado"":0.2386,""smart_money_n_wallets_ponderado"":4,""ballenas_significativo"":true,""ballenas_banda_lo"":0.3,""ballenas_banda_hi"":0.5,""ballenas_rest_lo_min"":1.98,""ballenas_rest_hi_min"":4.58,""ballenas_dentro_banda"":false}"
2026-08-25T00:01:18+00:00,MOMENTUM_IBS_15M,3829041,"Solana Up or Down - August 24, 9:45PM-10:00PM ET",2026-08-25T02:00:00,1.98,0.5050,0.6000,0.0348,0.0298,0.0298,BUY_YES,momentum_ibs_15m SOL drift20m=0.172% ibs=0.88 py=0.505 (alineado_arriba_extremo),SOL#15min,0.50,"{""drift_20min_pct"":0.1724,""ibs_20min"":0.8793,""py_entrada"":0.505,""hora_utc"":0,""ballena_activa_n"":0,""libro_spread"":0.01,""libro_liquidez"":1910.2349,""moon_phase"":0.3954,""mercury_retrogrado"":0,""horas_hasta_fomc"":546.0,""smart_money_consensus"":0.129,""smart_money_n_wallets"":4,""smart_money_consensus_ponderado"":0.2386,""smart_money_n_wallets_ponderado"":4,""ballenas_significativo"":true,""ballenas_banda_lo"":0.05,""ballenas_banda_hi"":0.3,""ballenas_rest_lo_min"":6.13,""ballenas_rest_hi_min"":11.88,""ballenas_dentro_banda"":false}"
2026-08-25T00:01:18+00:00,MOMENTUM_IBS_15M_FADE,3829041,"Solana Up or Down - August 24, 9:45PM-10:00PM ET",2026-08-25T02:00:00,1.98,0.5050,0.4000,-0.0050,-0.0000,-0.0000,SKIP,momentum_ibs_15m_fade SOL drift20m=0.172% ibs=0.88 py=0.505 (fade_alineado_arriba_extremo),SOL#15min,0.50,"{""drift_20min_pct"":0.1724,""ibs_20min"":0.8793,""py_entrada"":0.505,""hora_utc"":0,""ballena_activa_n"":0,""libro_spread"":0.01,""libro_liquidez"":1910.2349,""moon_phase"":0.3954,""mercury_retrogrado"":0,""horas_hasta_fomc"":546.0,""smart_money_consensus"":0.129,""smart_money_n_wallets"":4,""smart_money_consensus_ponderado"":0.2386,""smart_money_n_wallets_ponderado"":4,""ballenas_significativo"":true,""ballenas_banda_lo"":0.05,""ballenas_banda_hi"":0.3,""ballenas_rest_lo_min"":6.13,""ballenas_rest_hi_min"":11.88,""ballenas_dentro_banda"":false}"
2026-08-25T00:01:18+00:00,MOMENTUM_IBS_5M,3829050,"Solana Up or Down - August 24, 9:50PM-9:55PM ET",2026-08-25T01:55:00,1.89,0.5050,0.6000,0.0950,0.0900,0.0900,BUY_YES,momentum_ibs_5m SOL drift7m=0.519% ibs=0.88 py=0.505 (alineado_arriba_extremo),SOL#5min,0.50,"{""drift_7min_pct"":0.5189,""ibs_7min"":0.8793,""py_entrada"":0.505,""hora_utc"":0,""es_ntm_5min"":1,""ballena_activa_n"":0,""libro_spread"":0.01,""libro_liquidez"":3784.1984,""moon_phase"":0.3954,""mercury_retrogrado"":0,""horas_hasta_fomc"":546.0,""smart_money_consensus"":0.129,""smart_money_n_wallets"":4,""smart_money_consensus_ponderado"":0.2386,""smart_money_n_wallets_ponderado"":4,""ballenas_significativo"":true,""ballenas_banda_lo"":0.3,""ballenas_banda_hi"":0.5,""ballenas_rest_lo_min"":1.98,""ballenas_rest_hi_min"":4.58,""ballenas_dentro_banda"":false}"
2026-08-25T00:01:18+00:00,MOMENTUM_IBS_5M_FADE,3829050,"Solana Up or Down - August 24, 9:50PM-9:55PM ET",2026-08-25T01:55:00,1.89,0.5050,0.4000,0.0149,0.0099,0.0099,SKIP,momentum_ibs_5m_fade SOL drift7m=0.519% ibs=0.88 py=0.505 (fade_alineado_arriba_extremo),SOL#5min,0.50,"{""drift_7min_pct"":0.5189,""ibs_7min"":0.8793,""py_entrada"":0.505,""hora_utc"":0,""es_ntm_5min"":1,""ballena_activa_n"":0,""libro_spread"":0.01,""libro_liquidez"":3784.1984,""moon_phase"":0.3954,""mercury_retrogrado"":0,""horas_hasta_fomc"":546.0,""smart_money_consensus"":0.129,""smart_money_n_wallets"":4,""smart_money_consensus_ponderado"":0.2386,""smart_money_n_wallets_ponderado"":4,""ballenas_significativo"":true,""ballenas_banda_lo"":0.3,""ballenas_banda_hi"":0.5,""ballenas_rest_lo_min"":1.98,""ballenas_rest_hi_min"":4.58,""ballenas_dentro_banda"":false}"
2026-08-25T00:01:18+00:00,MOMENTUM_IBS_5M,3829064,"Solana Up or Down - August 24, 9:55PM-10:00PM ET",2026-08-25T02:00:00,1.98,0.5050,0.6000,0.0950,0.0900,0.0900,BUY_YES,momentum_ibs_5m SOL drift7m=0.519% ibs=0.88 py=0.505 (alineado_arriba_extremo),SOL#5min,0.50,"{""drift_7min_pct"":0.5189,""ibs_7min"":0.8793,""py_entrada"":0.505,""hora_utc"":0,""es_ntm_5min"":1,""ballena_activa_n"":0,""libro_spread"":0.01,""libro_liquidez"":2075.7294,""moon_phase"":0.3954,""mercury_retrogrado"":0,""horas_hasta_fomc"":546.0,""smart_money_consensus"":0.129,""smart_money_n_wallets"":4,""smart_money_consensus_ponderado"":0.2386,""smart_money_n_wallets_ponderado"":4,""ballenas_significativo"":true,""ballenas_banda_lo"":0.3,""ballenas_banda_hi"":0.5,""ballenas_rest_lo_min"":1.98,""ballenas_rest_hi_min"":4.58,""ballenas_dentro_banda"":false}"
2026-08-25T00:01:18+00:00,MOMENTUM_IBS_5M_FADE,3829064,"Solana Up or Down - August 24, 9:55PM-10:00PM ET",2026-08-25T02:00:00,1.98,0.5050,0.4000,0.0149,0.0099,0.0099,SKIP,momentum_ibs_5m_fade SOL drift7m=0.519% ibs=0.88 py=0.505 (fade_alineado_arriba_extremo),SOL#5min,0.50,"{""drift_7min_pct"":0.5189,""ibs_7min"":0.8793,""py_entrada"":0.505,""hora_utc"":0,""es_ntm_5min"":1,""ballena_activa_n"":0,""libro_spread"":0.01,""libro_liquidez"":2075.7294,""moon_phase"":0.3954,""mercury_retrogrado"":0,""horas_hasta_fomc"":546.0,""smart_money_consensus"":0.129,""smart_money_n_wallets"":4,""smart_money_consensus_ponderado"":0.2386,""smart_money_n_wallets_ponderado"":4,""ballenas_significativo"":true,""ballenas_banda_lo"":0.3,""ballenas_banda_hi"":0.5,""ballenas_rest_lo_min"":1.98,""ballenas_rest_hi_min"":4.58,""ballenas_dentro_banda"":false}"
2026-08-25T00:01:18+00:00,PRICE_TARGET_GBM,3829621,"Will the price of Bitcoin be above $76,000 on August 25?",2026-08-25T16:00:00,15.98,0.9635,0.9500,-0.0135,-0.0085,-0.0085,SKIP,price_target_gbm BTC atexpiry K=76000 spot=78981 (+3.9%vsK) sigma_h=0.0048 T=16.0h p_yes=0.977,BTC#atexpiry,0.50,"{""pct_vs_K"":3.9227,""sigma_h"":0.004826,""T_h"":15.9773,""log_ratio"":0.038478,""moon_phase"":0.3954,""mercury_retrogrado"":0,""horas_hasta_fomc"":546.0,""smart_money_consensus"":0.0545,""smart_money_n_wallets"":8,""smart_money_consensus_ponderado"":0.1066,""smart_money_n_wallets_ponderado"":8}"
2026-08-25T00:01:18+00:00,PRICE_TARGET_GBM_FADE,3829621,"Will the price of Bitcoin be above $76,000 on August 25?",2026-08-25T16:00:00,15.98,0.9635,0.0500,-0.9135,-0.9085,-0.9085,SKIP,price_target_gbm_fade (invierte 0.950) price_target_gbm BTC atexpiry K=76000 spot=78981 (+3.9%vsK) sigma_h=0.0048 T=16.0h p_yes=0.977,BTC#atexpiry,0.50,"{""pct_vs_K"":3.9227,""sigma_h"":0.004826,""T_h"":15.9773,""log_ratio"":0.038478,""prob_yes_original"":0.95,""moon_phase"":0.3954,""mercury_retrogrado"":0,""horas_hasta_fomc"":546.0,""smart_money_consensus"":0.0545,""smart_money_n_wallets"":8,""smart_money_consensus_ponderado"":0.1066,""smart_money_n_wallets_ponderado"":8}"
2026-08-25T00:01:18+00:00,PRICE_TARGET_GBM,3829622,"Will the price of Bitcoin be above $82,000 on August 25?",2026-08-25T16:00:00,15.98,0.0335,0.0500,0.0165,0.0115,0.0115,SKIP,price_target_gbm BTC atexpiry K=82000 spot=78981 (-3.7%vsK) sigma_h=0.0048 T=16.0h p_yes=0.026,BTC#atexpiry,0.50,"{""pct_vs_K"":-3.6814,""sigma_h"":0.004826,""T_h"":15.9773,""log_ratio"":-0.037508,""moon_phase"":0.3954,""mercury_retrogrado"":0,""horas_hasta_fomc"":546.0,""smart_money_consensus"":0.0545,""smart_money_n_wallets"":8,""smart_money_consensus_ponderado"":0.1066,""smart_money_n_wallets_ponderado"":8}"
2026-08-25T00:01:18+00:00,PRICE_TARGET_GBM_FADE,3829622,"Will the price of Bitcoin be above $82,000 on August 25?",2026-08-25T16:00:00,15.98,0.0335,0.9500,0.9165,0.9115,0.9115,SKIP,price_target_gbm_fade (invierte 0.050) price_target_gbm BTC atexpiry K=82000 spot=78981 (-3.7%vsK) sigma_h=0.0048 T=16.0h p_yes=0.026,BTC#atexpiry,0.50,"{""pct_vs_K"":-3.6814,""sigma_h"":0.004826,""T_h"":15.9773,""log_ratio"":-0.037508,""prob_yes_original"":0.05,""moon_phase"":0.3954,""mercury_retrogrado"":0,""horas_hasta_fomc"":546.0,""smart_money_consensus"":0.0545,""smart_money_n_wallets"":8,""smart_money_consensus_ponderado"":0.1066,""smart_money_n_wallets_ponderado"":8}"
2026-08-25T00:01:18+00:00,PRICE_TARGET_GBM,3829623,"Will the price of Bitcoin be above $78,000 on August 25?",2026-08-25T16:00:00,15.98,0.7450,0.7416,-0.0034,0.0016,0.0016,SKIP,price_target_gbm BTC atexpiry K=78000 spot=78981 (+1.3%vsK) sigma_h=0.0048 T=16.0h p_yes=0.742,BTC#atexpiry,0.50,"{""pct_vs_K"":1.2581,""sigma_h"":0.004826,""T_h"":15.9773,""log_ratio"":0.012502,""moon_phase"":0.3954,""mercury_retrogrado"":0,""horas_hasta_fomc"":546.0,""smart_money_consensus"":0.0545,""smart_money_n_wallets"":8,""smart_money_consensus_ponderado"":0.1066,""smart_money_n_wallets_ponderado"":8}"
2026-08-25T00:01:18+00:00,PRICE_TARGET_GBM_FADE,3829623,"Will the price of Bitcoin be above $78,000 on August 25?",2026-08-25T16:00:00,15.98,0.7450,0.2584,-0.4866,-0.4816,-0.4816,SKIP,price_target_gbm_fade (invierte 0.742) price_target_gbm BTC atexpiry K=78000 spot=78981 (+1.3%vsK) sigma_h=0.0048 T=16.0h p_yes=0.742,BTC#atexpiry,0.50,"{""pct_vs_K"":1.2581,""sigma_h"":0.004826,""T_h"":15.9773,""log_ratio"":0.012502,""prob_yes_original"":0.7416,""moon_phase"":0.3954,""mercury_retrogrado"":0,""horas_hasta_fomc"":546.0,""smart_money_consensus"":0.0545,""smart_money_n_wallets"":8,""smart_money_consensus_ponderado"":0.1066,""smart_money_n_wallets_ponderado"":8}"
2026-08-25T00:01:18+00:00,PRICE_TARGET_GBM,3829624,"Will the price of Bitcoin be above $80,000 on August 25?",2026-08-25T16:00:00,15.98,0.1950,0.2532,0.0582,0.0532,0.0532,SKIP,price_target_gbm BTC atexpiry K=80000 spot=78981 (-1.3%vsK) sigma_h=0.0048 T=16.0h p_yes=0.253,BTC#atexpiry,0.50,"{""pct_vs_K"":-1.2734,""sigma_h"":0.004826,""T_h"":15.9773,""log_ratio"":-0.012816,""moon_phase"":0.3954,""mercury_retrogrado"":0,""horas_hasta_fomc"":546.0,""smart_money_consensus"":0.0545,""smart_money_n_wallets"":8,""smart_money_consensus_ponderado"":0.1066,""smart_money_n_wallets_ponderado"":8}"
2026-08-25T00:01:18+00:00,PRICE_TARGET_GBM_FADE,3829624,"Will the price of Bitcoin be above $80,000 on August 25?",2026-08-25T16:00:00,15.98,0.1950,0.7468,0.5518,0.5468,0.5468,BUY_YES,price_target_gbm_fade (invierte 0.253) price_target_gbm BTC atexpiry K=80000 spot=78981 (-1.3%vsK) sigma_h=0.0048 T=16.0h p_yes=0.253,BTC#atexpiry,2.00,"{""pct_vs_K"":-1.2734,""sigma_h"":0.004826,""T_h"":15.9773,""log_ratio"":-0.012816,""prob_yes_original"":0.2532,""moon_phase"":0.3954,""mercury_retrogrado"":0,""horas_hasta_fomc"":546.0,""smart_money_consensus"":0.0545,""smart_money_n_wallets"":8,""smart_money_consensus_ponderado"":0.1066,""smart_money_n_wallets_ponderado"":8}"
2026-08-25T00:01:18+00:00,PRICE_TARGET_GBM,3829625,"Will the price of Bitcoin be above $80,000 on August 26?",2026-08-26T16:00:00,39.98,0.2950,0.3174,0.0224,0.0174,0.0174,SKIP,price_target_gbm BTC atexpiry K=80000 spot=78981 (-1.3%vsK) sigma_h=0.0043 T=40.0h p_yes=0.317,BTC#atexpiry,0.50,"{""pct_vs_K"":-1.2734,""sigma_h"":0.004268,""T_h"":39.9773,""log_ratio"":-0.012816,""moon_phase"":0.3954,""mercury_retrogrado"":0,""horas_hasta_fomc"":546.0,""smart_money_consensus"":0.0545,""smart_money_n_wallets"":8,""smart_money_consensus_ponderado"":0.1066,""smart_money_n_wallets_ponderado"":8}"
2026-08-25T00:01:18+00:00,PRICE_TARGET_GBM_FADE,3829625,"Will the price of Bitcoin be above $80,000 on August 26?",2026-08-26T16:00:00,39.98,0.2950,0.6826,0.3876,0.3826,0.3826,SKIP,price_target_gbm_fade (invierte 0.317) price_target_gbm BTC atexpiry K=80000 spot=78981 (-1.3%vsK) sigma_h=0.0043 T=40.0h p_yes=0.317,BTC#atexpiry,0.50,"{""pct_vs_K"":-1.2734,""sigma_h"":0.004268,""T_h"":39.9773,""log_ratio"":-0.012816,""prob_yes_original"":0.3174,""moon_phase"":0.3954,""mercury_retrogrado"":0,""horas_hasta_fomc"":546.0,""smart_money_consensus"":0.0545,""smart_money_n_wallets"":8,""smart_money_consensus_ponderado"":0.1066,""smart_money_n_wallets_ponderado"":8}"
2026-08-25T00:01:18+00:00,PRICE_TARGET_GBM,3829626,"Will the price of Bitcoin be above $84,000 on August 26?",2026-08-26T16:00:00,39.98,0.0270,0.0500,0.0230,0.0180,0.0180,SKIP,price_target_gbm BTC atexpiry K=84000 spot=78981 (-6.0%vsK) sigma_h=0.0043 T=40.0h p_yes=0.011,BTC#atexpiry,0.50,"{""pct_vs_K"":-5.9747,""sigma_h"":0.004268,""T_h"":39.9773,""log_ratio"":-0.061606,""moon_phase"":0.3954,""mercury_retrogrado"":0,""horas_hasta_fomc"":546.0,""smart_money_consensus"":0.0545,""smart_money_n_wallets"":8,""smart_money_consensus_ponderado"":0.1066,""smart_money_n_wallets_ponderado"":8}"
2026-08-25T00:01:18+00:00,PRICE_TARGET_GBM_FADE,3829626,"Will the price of Bitcoin be above $84,000 on August 26?",2026-08-26T16:00:00,39.98,0.0270,0.9500,0.9230,0.9180,0.9180,SKIP,price_target_gbm_fade (invierte 0.050) price_target_gbm BTC atexpiry K=84000 spot=78981 (-6.0%vsK) sigma_h=0.0043 T=40.0h p_yes=0.011,BTC#atexpiry,0.50,"{""pct_vs_K"":-5.9747,""sigma_h"":0.004268,""T_h"":39.9773,""log_ratio"":-0.061606,""prob_yes_original"":0.05,""moon_phase"":0.3954,""mercury_retrogrado"":0,""horas_hasta_fomc"":546.0,""smart_money_consensus"":0.0545,""smart_money_n_wallets"":8,""smart_money_consensus_ponderado"":0.1066,""smart_money_n_wallets_ponderado"":8}"
2026-08-25T00:01:18+00:00,PRICE_TARGET_GBM,3829627,"Will the price of Bitcoin be above $82,000 on August 26?",2026-08-26T16:00:00,39.98,0.1000,0.0823,-0.0177,-0.0127,-0.0127,SKIP,price_target_gbm BTC atexpiry K=82000 spot=78981 (-3.7%vsK) sigma_h=0.0043 T=40.0h p_yes=0.082,BTC#atexpiry,0.50,"{""pct_vs_K"":-3.6814,""sigma_h"":0.004268,""T_h"":39.9773,""log_ratio"":-0.037508,""moon_phase"":0.3954,""mercury_retrogrado"":0,""horas_hasta_fomc"":546.0,""smart_money_consensus"":0.0545,""smart_money_n_wallets"":8,""smart_money_consensus_ponderado"":0.1066,""smart_money_n_wallets_ponderado"":8}"
2026-08-25T00:01:18+00:00,PRICE_TARGET_GBM_FADE,3829627,"Will the price of Bitcoin be above $82,000 on August 26?",2026-08-26T16:00:00,39.98,0.1000,0.9177,0.8177,0.8127,0.8127,SKIP,price_target_gbm_fade (invierte 0.082) price_target_gbm BTC atexpiry K=82000 spot=78981 (-3.7%vsK) sigma_h=0.0043 T=40.0h p_yes=0.082,BTC#atexpiry,0.50,"{""pct_vs_K"":-3.6814,""sigma_h"":0.004268,""T_h"":39.9773,""log_ratio"":-0.037508,""prob_yes_original"":0.0823,""moon_phase"":0.3954,""mercury_retrogrado"":0,""horas_hasta_fomc"":546.0,""smart_money_consensus"":0.0545,""smart_money_n_wallets"":8,""smart_money_consensus_ponderado"":0.1066,""smart_money_n_wallets_ponderado"":8}"
2026-08-25T00:01:18+00:00,PRICE_TARGET_GBM,3829644,"Will the price of Bitcoin be above $86,000 on August 27?",2026-08-27T16:00:00,63.98,0.0255,0.0500,0.0245,0.0195,0.0195,SKIP,price_target_gbm BTC atexpiry K=86000 spot=78981 (-8.2%vsK) sigma_h=0.0057 T=64.0h p_yes=0.030,BTC#atexpiry,0.50,"{""pct_vs_K"":-8.1613,""sigma_h"":0.005655,""T_h"":63.9773,""log_ratio"":-0.085136,""moon_phase"":0.3954,""mercury_retrogrado"":0,""horas_hasta_fomc"":546.0,""smart_money_consensus"":0.0545,""smart_money_n_wallets"":8,""smart_money_consensus_ponderado"":0.1066,""smart_money_n_wallets_ponderado"":8}"
2026-08-25T00:01:18+00:00,PRICE_TARGET_GBM_FADE,3829644,"Will the price of Bitcoin be above $86,000 on August 27?",2026-08-27T16:00:00,63.98,0.0255,0.9500,0.9245,0.9195,0.9195,SKIP,price_target_gbm_fade (invierte 0.050) price_target_gbm BTC atexpiry K=86000 spot=78981 (-8.2%vsK) sigma_h=0.0057 T=64.0h p_yes=0.030,BTC#atexpiry,0.50,"{""pct_vs_K"":-8.1613,""sigma_h"":0.005655,""T_h"":63.9773,""log_ratio"":-0.085136,""prob_yes_original"":0.05,""moon_phase"":0.3954,""mercury_retrogrado"":0,""horas_hasta_fomc"":546.0,""smart_money_consensus"":0.0545,""smart_money_n_wallets"":8,""smart_money_consensus_ponderado"":0.1066,""smart_money_n_wallets_ponderado"":8}"
2026-08-25T00:01:18+00:00,PRICE_TARGET_GBM,3829645,"Will the price of Bitcoin be above $84,000 on August 27?",2026-08-27T16:00:00,63.98,0.0550,0.0866,0.0316,0.0266,0.0266,SKIP,price_target_gbm BTC atexpiry K=84000 spot=78981 (-6.0%vsK) sigma_h=0.0057 T=64.0h p_yes=0.087,BTC#atexpiry,0.50,"{""pct_vs_K"":-5.9747,""sigma_h"":0.005655,""T_h"":63.9773,""log_ratio"":-0.061606,""moon_phase"":0.3954,""mercury_retrogrado"":0,""horas_hasta_fomc"":546.0,""smart_money_consensus"":0.0545,""smart_money_n_wallets"":8,""smart_money_consensus_ponderado"":0.1066,""smart_money_n_wallets_ponderado"":8}"
2026-08-25T00:01:18+00:00,PRICE_TARGET_GBM_FADE,3829645,"Will the price of Bitcoin be above $84,000 on August 27?",2026-08-27T16:00:00,63.98,0.0550,0.9134,0.8584,0.8534,0.8534,SKIP,price_target_gbm_fade (invierte 0.087) price_target_gbm BTC atexpiry K=84000 spot=78981 (-6.0%vsK) sigma_h=0.0057 T=64.0h p_yes=0.087,BTC#atexpiry,0.50,"{""pct_vs_K"":-5.9747,""sigma_h"":0.005655,""T_h"":63.9773,""log_ratio"":-0.061606,""prob_yes_original"":0.0866,""moon_phase"":0.3954,""mercury_retrogrado"":0,""horas_hasta_fomc"":546.0,""smart_money_consensus"":0.0545,""smart_money_n_wallets"":8,""smart_money_consensus_ponderado"":0.1066,""smart_money_n_wallets_ponderado"":8}"
2026-08-25T00:01:18+00:00,PRICE_TARGET_GBM,3829646,"Will the price of Bitcoin be above $88,000 on August 29?",2026-08-29T16:00:00,111.98,0.0290,0.0951,0.0661,0.0611,0.0611,SKIP,price_target_gbm BTC atexpiry K=88000 spot=78981 (-10.2%vsK) sigma_h=0.0078 T=112.0h p_yes=0.095,BTC#atexpiry,0.50,"{""pct_vs_K"":-10.2485,""sigma_h"":0.007801,""T_h"":111.9773,""log_ratio"":-0.108126,""moon_phase"":0.3954,""mercury_retrogrado"":0,""horas_hasta_fomc"":546.0,""smart_money_consensus"":0.0545,""smart_money_n_wallets"":8,""smart_money_consensus_ponderado"":0.1066,""smart_money_n_wallets_ponderado"":8}"
2026-08-25T00:01:18+00:00,PRICE_TARGET_GBM_FADE,3829646,"Will the price of Bitcoin be above $88,000 on August 29?",2026-08-29T16:00:00,111.98,0.0290,0.9049,0.8759,0.8709,0.8709,SKIP,price_target_gbm_fade (invierte 0.095) price_target_gbm BTC atexpiry K=88000 spot=78981 (-10.2%vsK) sigma_h=0.0078 T=112.0h p_yes=0.095,BTC#atexpiry,0.50,"{""pct_vs_K"":-10.2485,""sigma_h"":0.007801,""T_h"":111.9773,""log_ratio"":-0.108126,""prob_yes_original"":0.0951,""moon_phase"":0.3954,""mercury_retrogrado"":0,""horas_hasta_fomc"":546.0,""smart_money_consensus"":0.0545,""smart_money_n_wallets"":8,""smart_money_consensus_ponderado"":0.1066,""smart_money_n_wallets_ponderado"":8}"
2026-08-25T00:01:18+00:00,PRICE_TARGET_GBM,3829684,"Will the price of Ethereum be above $2,500 on August 25?",2026-08-25T16:00:00,15.98,0.3650,0.3781,0.0131,0.0081,0.0081,SKIP,price_target_gbm ETH atexpiry K=2500 spot=2482.1 (-0.7%vsK) sigma_h=0.0058 T=16.0h p_yes=0.378,ETH#atexpiry,0.50,"{""pct_vs_K"":-0.718,""sigma_h"":0.005805,""T_h"":15.9773,""log_ratio"":-0.007206,""moon_phase"":0.3954,""mercury_retrogrado"":0,""horas_hasta_fomc"":546.0,""smart_money_consensus"":0.1401,""smart_money_n_wallets"":7,""smart_money_consensus_ponderado"":-0.0219,""smart_money_n_wallets_ponderado"":7}"
2026-08-25T00:01:18+00:00,PRICE_TARGET_GBM_FADE,3829684,"Will the price of Ethereum be above $2,500 on August 25?",2026-08-25T16:00:00,15.98,0.3650,0.6219,0.2569,0.2519,0.2519,BUY_YES,price_target_gbm_fade (invierte 0.378) price_target_gbm ETH atexpiry K=2500 spot=2482.1 (-0.7%vsK) sigma_h=0.0058 T=16.0h p_yes=0.378,ETH#atexpiry,1.33,"{""pct_vs_K"":-0.718,""sigma_h"":0.005805,""T_h"":15.9773,""log_ratio"":-0.007206,""prob_yes_original"":0.3781,""moon_phase"":0.3954,""mercury_retrogrado"":0,""horas_hasta_fomc"":546.0,""smart_money_consensus"":0.1401,""smart_money_n_wallets"":7,""smart_money_consensus_ponderado"":-0.0219,""smart_money_n_wallets_ponderado"":7}"
2026-08-25T00:01:18+00:00,PRICE_TARGET_GBM,3829687,"Will the price of Ethereum be above $2,700 on August 25?",2026-08-25T16:00:00,15.98,0.0135,0.0500,0.0365,0.0315,0.0315,SKIP,price_target_gbm ETH atexpiry K=2700 spot=2482.1 (-8.1%vsK) sigma_h=0.0058 T=16.0h p_yes=0.000,ETH#atexpiry,0.50,"{""pct_vs_K"":-8.0722,""sigma_h"":0.005805,""T_h"":15.9773,""log_ratio"":-0.084167,""moon_phase"":0.3954,""mercury_retrogrado"":0,""horas_hasta_fomc"":546.0,""smart_money_consensus"":0.1401,""smart_money_n_wallets"":7,""smart_money_consensus_ponderado"":-0.0219,""smart_money_n_wallets_ponderado"":7}"
2026-08-25T00:01:18+00:00,PRICE_TARGET_GBM_FADE,3829687,"Will the price of Ethereum be above $2,700 on August 25?",2026-08-25T16:00:00,15.98,0.0135,0.9500,0.9365,0.9315,0.9315,SKIP,price_target_gbm_fade (invierte 0.050) price_target_gbm ETH atexpiry K=2700 spot=2482.1 (-8.1%vsK) sigma_h=0.0058 T=16.0h p_yes=0.000,ETH#atexpiry,0.50,"{""pct_vs_K"":-8.0722,""sigma_h"":0.005805,""T_h"":15.9773,""log_ratio"":-0.084167,""prob_yes_original"":0.05,""moon_phase"":0.3954,""mercury_retrogrado"":0,""horas_hasta_fomc"":546.0,""smart_money_consensus"":0.1401,""smart_money_n_wallets"":7,""smart_money_consensus_ponderado"":-0.0219,""smart_money_n_wallets_ponderado"":7}"
2026-08-25T00:01:18+00:00,PRICE_TARGET_GBM,3829692,"Will the price of Ethereum be above $2,600 on August 25?",2026-08-25T16:00:00,15.98,0.0400,0.0500,0.0100,0.0050,0.0050,SKIP,price_target_gbm ETH atexpiry K=2600 spot=2482.1 (-4.5%vsK) sigma_h=0.0058 T=16.0h p_yes=0.023,ETH#atexpiry,0.50,"{""pct_vs_K"":-4.5365,""sigma_h"":0.005805,""T_h"":15.9773,""log_ratio"":-0.046427,""moon_phase"":0.3954,""mercury_retrogrado"":0,""horas_hasta_fomc"":546.0,""smart_money_consensus"":0.1401,""smart_money_n_wallets"":7,""smart_money_consensus_ponderado"":-0.0219,""smart_money_n_wallets_ponderado"":7}"
2026-08-25T00:01:18+00:00,PRICE_TARGET_GBM_FADE,3829692,"Will the price of Ethereum be above $2,600 on August 25?",2026-08-25T16:00:00,15.98,0.0400,0.9500,0.9100,0.9050,0.9050,SKIP,price_target_gbm_fade (invierte 0.050) price_target_gbm ETH atexpiry K=2600 spot=2482.1 (-4.5%vsK) sigma_h=0.0058 T=16.0h p_yes=0.023,ETH#atexpiry,0.50,"{""pct_vs_K"":-4.5365,""sigma_h"":0.005805,""T_h"":15.9773,""log_ratio"":-0.046427,""prob_yes_original"":0.05,""moon_phase"":0.3954,""mercury_retrogrado"":0,""horas_hasta_fomc"":546.0,""smart_money_consensus"":0.1401,""smart_money_n_wallets"":7,""smart_money_consensus_ponderado"":-0.0219,""smart_money_n_wallets_ponderado"":7}"
2026-08-25T00:01:18+00:00,PRICE_TARGET_GBM,3829716,"Will the price of Ethereum be above $2,700 on August 26?",2026-08-26T16:00:00,39.98,0.0320,0.0500,0.0180,0.0130,0.0130,SKIP,price_target_gbm ETH atexpiry K=2700 spot=2482.1 (-8.1%vsK) sigma_h=0.0049 T=40.0h p_yes=0.003,ETH#atexpiry,0.50,"{""pct_vs_K"":-8.0722,""sigma_h"":0.004915,""T_h"":39.9773,""log_ratio"":-0.084167,""moon_phase"":0.3954,""mercury_retrogrado"":0,""horas_hasta_fomc"":546.0,""smart_money_consensus"":0.1401,""smart_money_n_wallets"":7,""smart_money_consensus_ponderado"":-0.0219,""smart_money_n_wallets_ponderado"":7}"
2026-08-25T00:01:18+00:00,PRICE_TARGET_GBM_FADE,3829716,"Will the price of Ethereum be above $2,700 on August 26?",2026-08-26T16:00:00,39.98,0.0320,0.9500,0.9180,0.9130,0.9130,SKIP,price_target_gbm_fade (invierte 0.050) price_target_gbm ETH atexpiry K=2700 spot=2482.1 (-8.1%vsK) sigma_h=0.0049 T=40.0h p_yes=0.003,ETH#atexpiry,0.50,"{""pct_vs_K"":-8.0722,""sigma_h"":0.004915,""T_h"":39.9773,""log_ratio"":-0.084167,""prob_yes_original"":0.05,""moon_phase"":0.3954,""mercury_retrogrado"":0,""horas_hasta_fomc"":546.0,""smart_money_consensus"":0.1401,""smart_money_n_wallets"":7,""smart_money_consensus_ponderado"":-0.0219,""smart_money_n_wallets_ponderado"":7}"
2026-08-25T00:01:18+00:00,PRICE_TARGET_GBM,3829734,"Will the price of Ethereum be above $2,900 on August 27?",2026-08-27T16:00:00,63.98,0.0155,0.0500,0.0345,0.0295,0.0295,SKIP,price_target_gbm ETH atexpiry K=2900 spot=2482.1 (-14.4%vsK) sigma_h=0.0064 T=64.0h p_yes=0.001,ETH#atexpiry,0.50,"{""pct_vs_K"":-14.4121,""sigma_h"":0.006399,""T_h"":63.9773,""log_ratio"":-0.155626,""moon_phase"":0.3954,""mercury_retrogrado"":0,""horas_hasta_fomc"":546.0,""smart_money_consensus"":0.1401,""smart_money_n_wallets"":7,""smart_money_consensus_ponderado"":-0.0219,""smart_money_n_wallets_ponderado"":7}"
2026-08-25T00:01:18+00:00,PRICE_TARGET_GBM_FADE,3829734,"Will the price of Ethereum be above $2,900 on August 27?",2026-08-27T16:00:00,63.98,0.0155,0.9500,0.9345,0.9295,0.9295,SKIP,price_target_gbm_fade (invierte 0.050) price_target_gbm ETH atexpiry K=2900 spot=2482.1 (-14.4%vsK) sigma_h=0.0064 T=64.0h p_yes=0.001,ETH#atexpiry,0.50,"{""pct_vs_K"":-14.4121,""sigma_h"":0.006399,""T_h"":63.9773,""log_ratio"":-0.155626,""prob_yes_original"":0.05,""moon_phase"":0.3954,""mercury_retrogrado"":0,""horas_hasta_fomc"":546.0,""smart_money_consensus"":0.1401,""smart_money_n_wallets"":7,""smart_money_consensus_ponderado"":-0.0219,""smart_money_n_wallets_ponderado"":7}"
2026-08-25T00:01:18+00:00,PRICE_TARGET_GBM,3829771,"Will the price of Ethereum be above $3,000 on August 29?",2026-08-29T16:00:00,111.98,0.0185,0.0500,0.0315,0.0265,0.0265,SKIP,price_target_gbm ETH atexpiry K=3000 spot=2482.1 (-17.3%vsK) sigma_h=0.0088 T=112.0h p_yes=0.021,ETH#atexpiry,0.50,"{""pct_vs_K"":-17.265,""sigma_h"":0.008768,""T_h"":111.9773,""log_ratio"":-0.189527,""moon_phase"":0.3954,""mercury_retrogrado"":0,""horas_hasta_fomc"":546.0,""smart_money_consensus"":0.1401,""smart_money_n_wallets"":7,""smart_money_consensus_ponderado"":-0.0219,""smart_money_n_wallets_ponderado"":7}"
2026-08-25T00:01:18+00:00,PRICE_TARGET_GBM_FADE,3829771,"Will the price of Ethereum be above $3,000 on August 29?",2026-08-29T16:00:00,111.98,0.0185,0.9500,0.9315,0.9265,0.9265,SKIP,price_target_gbm_fade (invierte 0.050) price_target_gbm ETH atexpiry K=3000 spot=2482.1 (-17.3%vsK) sigma_h=0.0088 T=112.0h p_yes=0.021,ETH#atexpiry,0.50,"{""pct_vs_K"":-17.265,""sigma_h"":0.008768,""T_h"":111.9773,""log_ratio"":-0.189527,""prob_yes_original"":0.05,""moon_phase"":0.3954,""mercury_retrogrado"":0,""horas_hasta_fomc"":546.0,""smart_money_consensus"":0.1401,""smart_money_n_wallets"":7,""smart_money_consensus_ponderado"":-0.0219,""smart_money_n_wallets_ponderado"":7}"
2026-08-25T00:01:18+00:00,PRICE_TARGET_GBM,3829772,"Will the price of Ethereum be above $3,000 on August 30?",2026-08-30T16:00:00,135.98,0.0165,0.0500,0.0335,0.0285,0.0285,SKIP,price_target_gbm ETH atexpiry K=3000 spot=2482.1 (-17.3%vsK) sigma_h=0.0096 T=136.0h p_yes=0.045,ETH#atexpiry,0.50,"{""pct_vs_K"":-17.265,""sigma_h"":0.00959,""T_h"":135.9773,""log_ratio"":-0.189527,""moon_phase"":0.3954,""mercury_retrogrado"":0,""horas_hasta_fomc"":546.0,""smart_money_consensus"":0.1401,""smart_money_n_wallets"":7,""smart_money_consensus_ponderado"":-0.0219,""smart_money_n_wallets_ponderado"":7}"
2026-08-25T00:01:18+00:00,PRICE_TARGET_GBM_FADE,3829772,"Will the price of Ethereum be above $3,000 on August 30?",2026-08-30T16:00:00,135.98,0.0165,0.9500,0.9335,0.9285,0.9285,SKIP,price_target_gbm_fade (invierte 0.050) price_target_gbm ETH atexpiry K=3000 spot=2482.1 (-17.3%vsK) sigma_h=0.0096 T=136.0h p_yes=0.045,ETH#atexpiry,0.50,"{""pct_vs_K"":-17.265,""sigma_h"":0.00959,""T_h"":135.9773,""log_ratio"":-0.189527,""prob_yes_original"":0.05,""moon_phase"":0.3954,""mercury_retrogrado"":0,""horas_hasta_fomc"":546.0,""smart_money_consensus"":0.1401,""smart_money_n_wallets"":7,""smart_money_consensus_ponderado"":-0.0219,""smart_money_n_wallets_ponderado"":7}"
2026-08-25T00:01:18+00:00,PRICE_TARGET_GBM,3847191,"Will Bitcoin reach $92,500 in August?",2026-09-01T04:00:00,171.98,0.0325,0.1866,0.1541,0.1491,0.1491,SKIP,price_target_gbm BTC reach K=92500 spot=78981 (-14.6%vsK) sigma_h=0.0091 T=172.0h p_yes=0.187,BTC#reach,0.50,"{""pct_vs_K"":-14.6148,""sigma_h"":0.009122,""T_h"":171.9773,""log_ratio"":-0.157998,""moon_phase"":0.3954,""mercury_retrogrado"":0,""horas_hasta_fomc"":546.0,""smart_money_consensus"":0.0545,""smart_money_n_wallets"":8,""smart_money_consensus_ponderado"":0.1066,""smart_money_n_wallets_ponderado"":8}"
2026-08-25T00:01:18+00:00,PRICE_TARGET_GBM_FADE,3847191,"Will Bitcoin reach $92,500 in August?",2026-09-01T04:00:00,171.98,0.0325,0.8134,0.7809,0.7759,0.7759,SKIP,price_target_gbm_fade (invierte 0.187) price_target_gbm BTC reach K=92500 spot=78981 (-14.6%vsK) sigma_h=0.0091 T=172.0h p_yes=0.187,BTC#reach,0.50,"{""pct_vs_K"":-14.6148,""sigma_h"":0.009122,""T_h"":171.9773,""log_ratio"":-0.157998,""prob_yes_original"":0.1866,""moon_phase"":0.3954,""mercury_retrogrado"":0,""horas_hasta_fomc"":546.0,""smart_money_consensus"":0.0545,""smart_money_n_wallets"":8,""smart_money_consensus_ponderado"":0.1066,""smart_money_n_wallets_ponderado"":8}"
2026-08-25T00:01:18+00:00,PRICE_TARGET_GBM,3847193,"Will Ethereum reach $3,100 in August?",2026-09-01T04:00:00,171.98,0.0230,0.0762,0.0532,0.0482,0.0482,SKIP,price_target_gbm ETH reach K=3100 spot=2482.1 (-19.9%vsK) sigma_h=0.0096 T=172.0h p_yes=0.076,ETH#reach,0.50,"{""pct_vs_K"":-19.9339,""sigma_h"":0.00956,""T_h"":171.9773,""log_ratio"":-0.222317,""moon_phase"":0.3954,""mercury_retrogrado"":0,""horas_hasta_fomc"":546.0,""smart_money_consensus"":0.1401,""smart_money_n_wallets"":7,""smart_money_consensus_ponderado"":-0.0219,""smart_money_n_wallets_ponderado"":7}"
2026-08-25T00:01:18+00:00,PRICE_TARGET_GBM_FADE,3847193,"Will Ethereum reach $3,100 in August?",2026-09-01T04:00:00,171.98,0.0230,0.9238,0.9008,0.8958,0.8958,SKIP,price_target_gbm_fade (invierte 0.076) price_target_gbm ETH reach K=3100 spot=2482.1 (-19.9%vsK) sigma_h=0.0096 T=172.0h p_yes=0.076,ETH#reach,0.50,"{""pct_vs_K"":-19.9339,""sigma_h"":0.00956,""T_h"":171.9773,""log_ratio"":-0.222317,""prob_yes_original"":0.0762,""moon_phase"":0.3954,""mercury_retrogrado"":0,""horas_hasta_fomc"":546.0,""smart_money_consensus"":0.1401,""smart_money_n_wallets"":7,""smart_money_consensus_ponderado"":-0.0219,""smart_money_n_wallets_ponderado"":7}"
2026-08-25T00:01:18+00:00,MOMENTUM_IBS_5M,3827457,"XRP Up or Down - August 24, 8:00PM-8:05PM ET",2026-08-25T00:05:00,0.06,0.5050,0.6000,0.0001,-0.0049,-0.0049,SKIP,momentum_ibs_5m XRP drift7m=0.149% ibs=1.00 py=0.505 (alineado_arriba_extremo),XRP#5min,0.50,"{""drift_7min_pct"":0.1486,""ibs_7min"":1.0,""py_entrada"":0.505,""hora_utc"":0,""es_ntm_5min"":1,""ballena_activa_n"":93,""libro_spread"":0.01,""libro_liquidez"":3329.5853,""moon_phase"":0.3954,""mercury_retrogrado"":0,""horas_hasta_fomc"":546.0,""smart_money_consensus"":0.0526,""smart_money_n_wallets"":3,""smart_money_consensus_ponderado"":0.2874,""smart_money_n_wallets_ponderado"":3,""ballenas_significativo"":false}"
2026-08-25T00:01:18+00:00,MOMENTUM_IBS_5M_FADE,3827457,"XRP Up or Down - August 24, 8:00PM-8:05PM ET",2026-08-25T00:05:00,0.06,0.5050,0.4000,-0.0050,-0.0000,-0.0000,SKIP,momentum_ibs_5m_fade XRP drift7m=0.149% ibs=1.00 py=0.505 (fade_alineado_arriba_extremo),XRP#5min,0.50,"{""drift_7min_pct"":0.1486,""ibs_7min"":1.0,""py_entrada"":0.505,""hora_utc"":0,""es_ntm_5min"":1,""ballena_activa_n"":93,""libro_spread"":0.01,""libro_liquidez"":3329.5853,""moon_phase"":0.3954,""mercury_retrogrado"":0,""horas_hasta_fomc"":546.0,""smart_money_consensus"":0.0526,""smart_money_n_wallets"":3,""smart_money_consensus_ponderado"":0.2874,""smart_money_n_wallets_ponderado"":3,""ballenas_significativo"":false}"
2026-08-25T00:01:18+00:00,MOMENTUM_IBS_5M,3827450,"BNB Up or Down - August 24, 8:00PM-8:05PM ET",2026-08-25T00:05:00,0.06,0.5050,0.6000,0.0001,-0.0049,-0.0049,SKIP,momentum_ibs_5m BNB drift7m=0.199% ibs=1.00 py=0.505 (alineado_arriba_extremo),BNB#5min,0.50,"{""drift_7min_pct"":0.1991,""ibs_7min"":1.0,""py_entrada"":0.505,""hora_utc"":0,""es_ntm_5min"":1,""ballena_activa_n"":87,""libro_spread"":0.01,""libro_liquidez"":2359.824,""moon_phase"":0.3954,""mercury_retrogrado"":0,""horas_hasta_fomc"":546.0,""smart_money_consensus"":-0.0935,""smart_money_n_wallets"":1,""smart_money_consensus_ponderado"":-0.0632,""smart_money_n_wallets_ponderado"":1,""ballenas_significativo"":true,""ballenas_banda_lo"":0.7,""ballenas_banda_hi"":0.9,""ballenas_rest_lo_min"":1.73,""ballenas_rest_hi_min"":3.83,""ballenas_dentro_banda"":false}"
2026-08-25T00:01:18+00:00,MOMENTUM_IBS_5M_FADE,3827450,"BNB Up or Down - August 24, 8:00PM-8:05PM ET",2026-08-25T00:05:00,0.06,0.5050,0.4000,-0.0050,-0.0000,-0.0000,SKIP,momentum_ibs_5m_fade BNB drift7m=0.199% ibs=1.00 py=0.505 (fade_alineado_arriba_extremo),BNB#5min,0.50,"{""drift_7min_pct"":0.1991,""ibs_7min"":1.0,""py_entrada"":0.505,""hora_utc"":0,""es_ntm_5min"":1,""ballena_activa_n"":87,""libro_spread"":0.01,""libro_liquidez"":2359.824,""moon_phase"":0.3954,""mercury_retrogrado"":0,""horas_hasta_fomc"":546.0,""smart_money_consensus"":-0.0935,""smart_money_n_wallets"":1,""smart_money_consensus_ponderado"":-0.0632,""smart_money_n_wallets_ponderado"":1,""ballenas_significativo"":true,""ballenas_banda_lo"":0.7,""ballenas_banda_hi"":0.9,""ballenas_rest_lo_min"":1.73,""ballenas_rest_hi_min"":3.83,""ballenas_dentro_banda"":false}"
2026-08-25T00:01:18+00:00,MOMENTUM_IBS_5M,3827440,"Dogecoin Up or Down - August 24, 8:00PM-8:05PM ET",2026-08-25T00:05:00,0.06,0.5000,0.6000,0.0051,0.0001,0.0001,SKIP,momentum_ibs_5m DOGE drift7m=0.272% ibs=0.80 py=0.500 (alineado_arriba_extremo),DOGE#5min,0.50,"{""drift_7min_pct"":0.2718,""ibs_7min"":0.7971,""py_entrada"":0.5,""hora_utc"":0,""es_ntm_5min"":1,""ballena_activa_n"":62,""libro_spread"":0.28,""libro_liquidez"":1573.7714,""moon_phase"":0.3954,""mercury_retrogrado"":0,""horas_hasta_fomc"":546.0,""ballenas_significativo"":true,""ballenas_banda_lo"":0.0,""ballenas_banda_hi"":0.05,""ballenas_rest_lo_min"":0.6,""ballenas_rest_hi_min"":1.23,""ballenas_dentro_banda"":false}"
2026-08-25T00:01:18+00:00,MOMENTUM_IBS_5M_FADE,3827440,"Dogecoin Up or Down - August 24, 8:00PM-8:05PM ET",2026-08-25T00:05:00,0.06,0.5000,0.4000,-0.0000,0.0050,0.0050,SKIP,momentum_ibs_5m_fade DOGE drift7m=0.272% ibs=0.80 py=0.500 (fade_alineado_arriba_extremo),DOGE#5min,0.50,"{""drift_7min_pct"":0.2718,""ibs_7min"":0.7971,""py_entrada"":0.5,""hora_utc"":0,""es_ntm_5min"":1,""ballena_activa_n"":62,""libro_spread"":0.28,""libro_liquidez"":1573.7714,""moon_phase"":0.3954,""mercury_retrogrado"":0,""horas_hasta_fomc"":546.0,""ballenas_significativo"":true,""ballenas_banda_lo"":0.0,""ballenas_banda_hi"":0.05,""ballenas_rest_lo_min"":0.6,""ballenas_rest_hi_min"":1.23,""ballenas_dentro_banda"":false}"
2026-08-25T00:01:18+00:00,MOMENTUM_IBS_15M,3827454,"XRP Up or Down - August 24, 8:00PM-8:15PM ET",2026-08-25T00:15:00,0.23,0.5050,0.6000,0.0950,0.0900,0.0900,BUY_YES,momentum_ibs_15m XRP drift20m=0.149% ibs=0.76 py=0.505 (alineado_arriba_extremo),XRP#15min,0.50,"{""drift_20min_pct"":0.1486,""ibs_20min"":0.7593,""py_entrada"":0.505,""hora_utc"":0,""ballena_activa_n"":9,""libro_spread"":0.03,""libro_liquidez"":1764.766,""moon_phase"":0.3954,""mercury_retrogrado"":0,""horas_hasta_fomc"":546.0,""smart_money_consensus"":0.0526,""smart_money_n_wallets"":3,""smart_money_consensus_ponderado"":0.2874,""smart_money_n_wallets_ponderado"":3,""ballenas_significativo"":true,""ballenas_banda_lo"":0.0,""ballenas_banda_hi"":0.05,""ballenas_rest_lo_min"":2.28,""ballenas_rest_hi_min"":3.55,""ballenas_dentro_banda"":false}"
2026-08-25T00:01:18+00:00,MOMENTUM_IBS_15M_FADE,3827454,"XRP Up or Down - August 24, 8:00PM-8:15PM ET",2026-08-25T00:15:00,0.23,0.5050,0.4000,-0.0050,-0.0000,-0.0000,SKIP,momentum_ibs_15m_fade XRP drift20m=0.149% ibs=0.76 py=0.505 (fade_alineado_arriba_extremo),XRP#15min,0.50,"{""drift_20min_pct"":0.1486,""ibs_20min"":0.7593,""py_entrada"":0.505,""hora_utc"":0,""ballena_activa_n"":9,""libro_spread"":0.03,""libro_liquidez"":1764.766,""moon_phase"":0.3954,""mercury_retrogrado"":0,""horas_hasta_fomc"":546.0,""smart_money_consensus"":0.0526,""smart_money_n_wallets"":3,""smart_money_consensus_ponderado"":0.2874,""smart_money_n_wallets_ponderado"":3,""ballenas_significativo"":true,""ballenas_banda_lo"":0.0,""ballenas_banda_hi"":0.05,""ballenas_rest_lo_min"":2.28,""ballenas_rest_hi_min"":3.55,""ballenas_dentro_banda"":false}"
2026-08-25T00:01:18+00:00,MOMENTUM_IBS_15M,3827449,"Dogecoin Up or Down - August 24, 8:00PM-8:15PM ET",2026-08-25T00:15:00,0.23,0.5050,0.6000,0.0950,0.0900,0.0900,BUY_YES,momentum_ibs_15m DOGE drift20m=0.110% ibs=0.80 py=0.505 (alineado_arriba_extremo),DOGE#15min,0.50,"{""drift_20min_pct"":0.1101,""ibs_20min"":0.8,""py_entrada"":0.505,""hora_utc"":0,""ballena_activa_n"":31,""libro_spread"":0.01,""libro_liquidez"":1715.4232,""moon_phase"":0.3954,""mercury_retrogrado"":0,""horas_hasta_fomc"":546.0,""ballenas_significativo"":true,""ballenas_banda_lo"":0.05,""ballenas_banda_hi"":0.3,""ballenas_rest_lo_min"":5.45,""ballenas_rest_hi_min"":12.48,""ballenas_dentro_banda"":false}"
2026-08-25T00:01:18+00:00,MOMENTUM_IBS_15M_FADE,3827449,"Dogecoin Up or Down - August 24, 8:00PM-8:15PM ET",2026-08-25T00:15:00,0.23,0.5050,0.4000,-0.0050,-0.0000,-0.0000,SKIP,momentum_ibs_15m_fade DOGE drift20m=0.110% ibs=0.80 py=0.505 (fade_alineado_arriba_extremo),DOGE#15min,0.50,"{""drift_20min_pct"":0.1101,""ibs_20min"":0.8,""py_entrada"":0.505,""hora_utc"":0,""ballena_activa_n"":31,""libro_spread"":0.01,""libro_liquidez"":1715.4232,""moon_phase"":0.3954,""mercury_retrogrado"":0,""horas_hasta_fomc"":546.0,""ballenas_significativo"":true,""ballenas_banda_lo"":0.05,""ballenas_banda_hi"":0.3,""ballenas_rest_lo_min"":5.45,""ballenas_rest_hi_min"":12.48,""ballenas_dentro_banda"":false}"
2026-08-25T00:01:18+00:00,MOMENTUM_IBS_15M,3827446,"BNB Up or Down - August 24, 8:00PM-8:15PM ET",2026-08-25T00:15:00,0.23,0.5050,0.6000,0.0950,0.0900,0.0900,BUY_YES,momentum_ibs_15m BNB drift20m=0.122% ibs=1.00 py=0.505 (alineado_arriba_extremo),BNB#15min,0.50,"{""drift_20min_pct"":0.1222,""ibs_20min"":1.0,""py_entrada"":0.505,""hora_utc"":0,""ballena_activa_n"":67,""libro_spread"":0.01,""libro_liquidez"":1920.3248,""moon_phase"":0.3954,""mercury_retrogrado"":0,""horas_hasta_fomc"":546.0,""smart_money_consensus"":-0.0935,""smart_money_n_wallets"":1,""smart_money_consensus_ponderado"":-0.0632,""smart_money_n_wallets_ponderado"":1,""ballenas_significativo"":true,""ballenas_banda_lo"":0.5,""ballenas_banda_hi"":0.7,""ballenas_rest_lo_min"":5.68,""ballenas_rest_hi_min"":13.8,""ballenas_dentro_banda"":true}"
2026-08-25T00:01:18+00:00,MOMENTUM_IBS_15M_FADE,3827446,"BNB Up or Down - August 24, 8:00PM-8:15PM ET",2026-08-25T00:15:00,0.23,0.5050,0.4000,-0.0050,-0.0000,-0.0000,SKIP,momentum_ibs_15m_fade BNB drift20m=0.122% ibs=1.00 py=0.505 (fade_alineado_arriba_extremo),BNB#15min,0.50,"{""drift_20min_pct"":0.1222,""ibs_20min"":1.0,""py_entrada"":0.505,""hora_utc"":0,""ballena_activa_n"":67,""libro_spread"":0.01,""libro_liquidez"":1920.3248,""moon_phase"":0.3954,""mercury_retrogrado"":0,""horas_hasta_fomc"":546.0,""smart_money_consensus"":-0.0935,""smart_money_n_wallets"":1,""smart_money_consensus_ponderado"":-0.0632,""smart_money_n_wallets_ponderado"":1,""ballenas_significativo"":true,""ballenas_banda_lo"":0.5,""ballenas_banda_hi"":0.7,""ballenas_rest_lo_min"":5.68,""ballenas_rest_hi_min"":13.8,""ballenas_dentro_banda"":true}"
2026-08-25T00:01:43+00:00,FAVORITO_CONFIRMADO,3790517,,2026-08-25T01:00:00+00:00,0.9713,0.4500,0.3900,-0.0600,-0.0600,-0.0600,BUY_NO,favorito_confirmado momentum-consenso (ejecutor baja latencia),ETH#60min,1.05,"{""py_entrada"":0.45,""n_total_lado"":null,""restante_min"":58.28,""hora_utc"":0,""banda_fina_vetaria_fase1"":false,""banda_fina_motivo"":""fuera_de_bandas_significativas"",""ejecutor_baja_latencia"":true,""gate_bucket_propio_veredicto"":""sin_concluir""}"
2026-08-25T00:01:50+00:00,FAVORITO_CONFIRMADO_15MIN_ALTACONVICCION,3827446,,2026-08-25T00:15:00Z,0.2192,0.7300,0.7900,0.0600,0.0600,0.0600,BUY_YES,favorito_confirmado momentum-consenso (ejecutor baja latencia),BNB#15min,1.05,"{""py_entrada"":0.73,""n_total_lado"":null,""restante_min"":13.15,""hora_utc"":0,""banda_fina_vetaria_fase1"":false,""banda_fina_motivo"":""fuera_de_bandas_significativas"",""ejecutor_baja_latencia"":true,""gate_bucket_propio_veredicto"":""sin_concluir""}"
2026-08-25T00:02:31+00:00,BALLENAS_TARDIAS,3827450,,2026-08-25T00:05:00Z,0.0413,0.8900,0.8222,-0.0678,-0.0678,-0.0678,BUY_YES,ballenas_confirmado,BNB#5min,1.05,"{""concentracion_yes"":1.0,""n_ballenas"":3,""restante_s_al_confirmar"":148.86,""banda_lo"":0.7,""banda_hi"":0.9,""banda_fina_vetaria_fase1"":false,""banda_fina_motivo"":""fuera_de_bandas_significativas"",""ballena_activa_n"":57,""gate_bucket_propio_veredicto"":""sin_concluir"",""gbm_direccion_coincide"":""SIN_SENAL_GBM""}"
2026-08-25T00:02:32+00:00,FAVORITO_CONFIRMADO_5MIN_BAJALATENCIA,3827457,,2026-08-25T00:05:00Z,0.0413,0.4300,0.3700,-0.0600,-0.0600,-0.0600,BUY_NO,favorito_confirmado bajalatencia fase0 (solo observación),XRP#5min,1.05,"{""py_entrada"":0.43,""restante_min"":2.48,""hora_utc"":0,""lag_apertura_s"":151.37,""profundidad_ratio_no"":0.0,""fase0_solo_observacion"":true}"
2026-08-25T00:02:24+00:00,LIQUIDACIONES_15M,3827441,"Solana Up or Down - August 24, 8:00PM-8:15PM ET",2026-08-25T00:15:00,0.21,0.5050,0.1000,-0.0249,-0.0199,-0.0199,SKIP,liquidaciones_15m SOL imbalance=-1.000 n=15 usd_long=72852 usd_short=0 py_mkt=0.505,SOL#15min,0.50,"{""liq_imbalance"":-1.0,""liq_n"":15,""liq_usd_long"":72851.69,""liq_usd_short"":0.0,""liq_usd_total"":72851.69,""liq_imbalance_2min"":null,""liq_imbalance_15min"":-1.0,""liq_imbalance_60min"":-0.9889,""py_entrada"":0.505,""hora_utc"":0,""libro_spread"":0.01,""libro_liquidez"":3253.2775,""moon_phase"":0.3955,""mercury_retrogrado"":0,""horas_hasta_fomc"":546.0,""smart_money_consensus"":0.129,""smart_money_n_wallets"":4,""smart_money_consensus_ponderado"":0.2386,""smart_money_n_wallets_ponderado"":4,""ballenas_significativo"":true,""ballenas_banda_lo"":0.05,""ballenas_banda_hi"":0.3,""ballenas_rest_lo_min"":6.13,""ballenas_rest_hi_min"":11.88,""ballenas_dentro_banda"":false,""ballena_activa_n"":57}"
2026-08-25T00:02:24+00:00,GBM_LATE_15M_PYCONFIRMADO,3827442,"Bitcoin Up or Down - August 24, 8:00PM-8:15PM ET",2026-08-25T00:15:00,0.21,0.4950,0.4278,-0.0672,-0.0622,0.0622,BUY_NO,gbm_late_15min BTC drift_vent=-0.041% rest=12.4min d=-0.18 p_up=0.43 py=0.49,BTC#15min,2.00,"{""drift_ventana_pct"":-0.0408,""spot_es_twap"":1,""restante_min"":12.37,""T_h"":0.2061,""sigma_h"":0.00494,""d_gbm"":-0.182,""py_entrada"":0.495,""hora_utc"":0,""mercado_anchura_pct"":null,""drift_20min_pct"":0.0123,""ibs_20min"":0.9948,""dist_ancla_estructural_pct"":0.1465,""volumen_regimen"":2.3459,""volumen_pendiente_norm"":0.5338,""volumen_spike_ratio"":3.5662,""drift_60min"":0.3159,""n_obs_vol_h"":31,""se_d_gbm_aprox"":0.0231,""sigma_h_ewma10"":0.00539,""sigma_ewma_delta_pct"":9.06,""dist_vwap_pct"":-0.036,""retest_pct"":0.0,""gap_sigma_implicita"":0.066776,""meta_score_gbm_late"":0.283,""prob_fillable_gbm_late"":0.3447,""en_zona_sigma_ewma_buyyes"":null,""en_zona_precio_buyyes"":null,""libro_spread"":0.01,""libro_liquidez"":16523.9851,""gate_bucket_propio_veredicto"":""sin_concluir"",""moon_phase"":0.3955,""mercury_retrogrado"":0,""horas_hasta_fomc"":546.0,""smart_money_consensus"":0.0545,""smart_money_n_wallets"":8,""smart_money_consensus_ponderado"":0.1066,""smart_money_n_wallets_ponderado"":8,""ballenas_significativo"":true,""ballenas_banda_lo"":0.3,""ballenas_banda_hi"":0.5,""ballenas_rest_lo_min"":6.95,""ballenas_rest_hi_min"":13.95,""ballenas_dentro_banda"":true,""ballena_activa_n"":278}"
2026-08-25T00:02:24+00:00,GBM_LATE_5M,3827451,"Ethereum Up or Down - August 24, 8:00PM-8:05PM ET",2026-08-25T00:05:00,0.04,0.5050,0.3682,-0.1368,-0.1318,0.1318,BUY_NO,gbm_late_5min ETH drift_vent=-0.038% rest=2.4min d=-0.34 p_up=0.37 py=0.51,ETH#5min,2.00,"{""drift_ventana_pct"":-0.0383,""spot_es_twap"":1,""restante_min"":2.36,""T_h"":0.0394,""sigma_h"":0.00573,""d_gbm"":-0.337,""py_entrada"":0.505,""hora_utc"":0,""mercado_anchura_pct"":null,""drift_20min_pct"":-0.188,""ibs_20min"":0.4768,""dist_ancla_estructural_pct"":-0.0045,""volumen_regimen"":0.964,""volumen_pendiente_norm"":-0.0966,""volumen_spike_ratio"":1.2153,""drift_60min"":0.2989,""n_obs_vol_h"":31,""se_d_gbm_aprox"":0.0427,""sigma_h_ewma10"":0.00539,""sigma_ewma_delta_pct"":-6.061,""dist_vwap_pct"":-0.0335,""retest_pct"":0.0,""gap_sigma_implicita"":null,""meta_score_gbm_late"":0.2645,""prob_fillable_gbm_late"":0.2995,""en_zona_sigma_ewma_buyyes"":null,""en_zona_precio_buyyes"":null,""libro_spread"":0.01,""libro_liquidez"":9730.1428,""moon_phase"":0.3955,""mercury_retrogrado"":0,""horas_hasta_fomc"":546.0,""smart_money_consensus"":0.1401,""smart_money_n_wallets"":7,""smart_money_consensus_ponderado"":-0.0219,""smart_money_n_wallets_ponderado"":7,""ballenas_significativo"":true,""ballenas_banda_lo"":0.5,""ballenas_banda_hi"":0.7,""ballenas_rest_lo_min"":2.33,""ballenas_rest_hi_min"":4.83,""ballenas_dentro_banda"":true,""ballena_activa_n"":251}"
2026-08-25T00:02:24+00:00,GBM_LATE_5M,3827459,"Bitcoin Up or Down - August 24, 8:00PM-8:05PM ET",2026-08-25T00:05:00,0.04,0.5050,0.3387,-0.1663,-0.1613,0.1613,BUY_NO,gbm_late_5min BTC drift_vent=-0.041% rest=2.4min d=-0.42 p_up=0.34 py=0.51,BTC#5min,2.00,"{""drift_ventana_pct"":-0.0408,""spot_es_twap"":1,""restante_min"":2.36,""T_h"":0.0394,""sigma_h"":0.00494,""d_gbm"":-0.416,""py_entrada"":0.505,""hora_utc"":0,""mercado_anchura_pct"":null,""drift_20min_pct"":0.0123,""ibs_20min"":0.9948,""dist_ancla_estructural_pct"":0.1465,""volumen_regimen"":2.3459,""volumen_pendiente_norm"":0.5338,""volumen_spike_ratio"":3.5662,""drift_60min"":0.3159,""n_obs_vol_h"":31,""se_d_gbm_aprox"":0.0528,""sigma_h_ewma10"":0.00539,""sigma_ewma_delta_pct"":9.06,""dist_vwap_pct"":-0.036,""retest_pct"":0.0,""gap_sigma_implicita"":null,""meta_score_gbm_late"":0.2258,""prob_fillable_gbm_late"":0.3121,""en_zona_sigma_ewma_buyyes"":null,""en_zona_precio_buyyes"":null,""libro_spread"":0.01,""libro_liquidez"":11672.3953,""moon_phase"":0.3955,""mercury_retrogrado"":0,""horas_hasta_fomc"":546.0,""smart_money_consensus"":0.0545,""smart_money_n_wallets"":8,""smart_money_consensus_ponderado"":0.1066,""smart_money_n_wallets_ponderado"":8,""ballenas_significativo"":true,""ballenas_banda_lo"":0.5,""ballenas_banda_hi"":0.7,""ballenas_rest_lo_min"":2.15,""ballenas_rest_hi_min"":4.5,""ballenas_dentro_banda"":true,""ballena_activa_n"":1154}"
2026-08-25T00:02:24+00:00,LIQUIDACIONES_15M,3827462,"Ethereum Up or Down - August 24, 8:00PM-8:15PM ET",2026-08-25T00:15:00,0.21,0.4950,0.1000,-0.0149,-0.0099,-0.0099,SKIP,liquidaciones_15m ETH imbalance=-1.000 n=1 usd_long=2490 usd_short=0 py_mkt=0.495,ETH#15min,0.50,"{""liq_imbalance"":-1.0,""liq_n"":1,""liq_usd_long"":2490.22,""liq_usd_short"":0.0,""liq_usd_total"":2490.22,""liq_imbalance_2min"":null,""liq_imbalance_15min"":-1.0,""liq_imbalance_60min"":-0.9323,""py_entrada"":0.495,""hora_utc"":0,""libro_spread"":0.01,""libro_liquidez"":12649.1782,""moon_phase"":0.3955,""mercury_retrogrado"":0,""horas_hasta_fomc"":546.0,""smart_money_consensus"":0.1401,""smart_money_n_wallets"":7,""smart_money_consensus_ponderado"":-0.0219,""smart_money_n_wallets_ponderado"":7,""ballenas_significativo"":true,""ballenas_banda_lo"":0.7,""ballenas_banda_hi"":0.9,""ballenas_rest_lo_min"":4.38,""ballenas_rest_hi_min"":11.03,""ballenas_dentro_banda"":false,""ballena_activa_n"":90}"
2026-08-25T00:02:48+00:00,BALLENAS_TARDIAS,3827440,,2026-08-25T00:05:00Z,0.0365,0.2600,0.3090,0.0490,0.0490,0.0490,BUY_YES,ballenas_confirmado,DOGE#5min,1.05,"{""concentracion_yes"":1.0,""n_ballenas"":4,""restante_s_al_confirmar"":131.47,""banda_lo"":0.25,""banda_hi"":0.3,""banda_fina_vetaria_fase1"":false,""banda_fina_motivo"":""banda_ok py=0.260 rest_lo=1.80 rest_hi=4.05"",""ballena_activa_n"":68,""gate_bucket_propio_veredicto"":""sin_concluir"",""gbm_direccion_coincide"":""SIN_SENAL_GBM""}"
2026-08-25T00:03:05+00:00,GBM_LATE_15M,3827462,,2026-08-25T00:15:00Z,0.2000,0.3700,0.4421,0.0721,0.0721,0.0721,BUY_YES,gbm_late_15min ETH drift_vent=-0.038% rest=11.9min d=-0.15 p_up=0.44 py=0.37 (ejecutor baja latencia),ETH#15min,1.05,"{""drift_ventana_pct"":-0.0378,""spot_es_twap"":1,""restante_min"":11.9,""T_h"":0.1984,""sigma_h"":0.00582,""d_gbm"":-0.146,""py_entrada"":0.37,""hora_utc"":0,""mercado_anchura_pct"":null,""drift_20min_pct"":-0.2101,""ibs_20min"":0.4152,""dist_ancla_estructural_pct"":-0.0258,""volumen_regimen"":null,""volumen_pendiente_norm"":null,""volumen_spike_ratio"":null,""drift_60min"":0.3291,""n_obs_vol_h"":31,""se_d_gbm_aprox"":0.0185,""sigma_h_ewma10"":0.00537,""sigma_ewma_delta_pct"":-7.783,""dist_vwap_pct"":null,""retest_pct"":0.0,""gap_sigma_implicita"":-0.003263,""meta_score_gbm_late"":0.3073,""prob_fillable_gbm_late"":0.3863,""en_zona_sigma_ewma_buyyes"":false,""en_zona_precio_buyyes"":null,""libro_spread"":0.03,""libro_liquidez"":11388.2494,""banda_fina_vetaria_fase1"":false,""banda_fina_motivo"":""fuera_de_bandas_significativas"",""gate_bucket_propio_veredicto"":""sin_concluir"",""n_total_lado"":44,""ejecutor_baja_latencia"":true,""prob_fillable_gbm_late_enriquecido"":0.446}"
2026-08-25T00:03:11+00:00,BALLENAS_TARDIAS,3827451,,2026-08-25T00:05:00Z,0.0301,0.0800,0.0841,0.0041,0.0041,0.0041,BUY_YES,ballenas_confirmado,ETH#5min,1.05,"{""concentracion_yes"":1.0,""n_ballenas"":4,""restante_s_al_confirmar"":108.3,""banda_lo"":0.05,""banda_hi"":0.1,""banda_fina_vetaria_fase1"":false,""banda_fina_motivo"":""banda_ok py=0.080 rest_lo=0.93 rest_hi=1.93"",""ballena_activa_n"":237,""gate_bucket_propio_veredicto"":""sin_concluir"",""gbm_direccion_coincide"":""NO""}"
