timestamp_utc,strategy,market_id,question,end_date,horas_a_vencimiento,precio_yes_mercado,prob_yes_modelo,edge_bruto,edge_neto,edge_direccional,decision,razon,subtype,apuesta,features
2026-07-16T00:00:33+00:00,PRICE_TARGET_GBM,2758353,"Will Ethereum reach $2,500 in July?",2026-08-01T04:00:00,387.99,0.0245,0.2307,0.2062,0.2012,0.2012,SKIP,price_target_gbm ETH reach K=2500 spot=1918.4 (-23.3%vsK) sigma_h=0.0112 T=388.0h p_yes=0.231,ETH#reach,0.50,"{""pct_vs_K"":-23.2648,""sigma_h"":0.011216,""T_h"":387.9905,""log_ratio"":-0.26481,""moon_phase"":0.0409,""mercury_retrogrado"":1,""horas_hasta_fomc"":330.0,""smart_money_consensus"":0.0567,""smart_money_n_wallets"":14,""smart_money_consensus_ponderado"":0.3225,""smart_money_n_wallets_ponderado"":14}"
2026-07-16T00:00:33+00:00,PRICE_TARGET_GBM,2758354,"Will Ethereum reach $2,400 in July?",2026-08-01T04:00:00,387.99,0.0385,0.3107,0.2722,0.2672,0.2672,SKIP,price_target_gbm ETH reach K=2400 spot=1918.4 (-20.1%vsK) sigma_h=0.0112 T=388.0h p_yes=0.311,ETH#reach,0.50,"{""pct_vs_K"":-20.0675,""sigma_h"":0.011216,""T_h"":387.9905,""log_ratio"":-0.223988,""moon_phase"":0.0409,""mercury_retrogrado"":1,""horas_hasta_fomc"":330.0,""smart_money_consensus"":0.0567,""smart_money_n_wallets"":14,""smart_money_consensus_ponderado"":0.3225,""smart_money_n_wallets_ponderado"":14}"
2026-07-16T00:00:33+00:00,PRICE_TARGET_GBM,2758355,"Will Ethereum reach $2,300 in July?",2026-08-01T04:00:00,387.99,0.0730,0.4115,0.3385,0.3335,0.3335,SKIP,price_target_gbm ETH reach K=2300 spot=1918.4 (-16.6%vsK) sigma_h=0.0112 T=388.0h p_yes=0.412,ETH#reach,0.50,"{""pct_vs_K"":-16.5922,""sigma_h"":0.011216,""T_h"":387.9905,""log_ratio"":-0.181428,""moon_phase"":0.0409,""mercury_retrogrado"":1,""horas_hasta_fomc"":330.0,""smart_money_consensus"":0.0567,""smart_money_n_wallets"":14,""smart_money_consensus_ponderado"":0.3225,""smart_money_n_wallets_ponderado"":14}"
2026-07-16T00:00:33+00:00,PRICE_TARGET_GBM,2758356,"Will Ethereum reach $2,200 in July?",2026-08-01T04:00:00,387.99,0.1355,0.5353,0.3998,0.3948,0.3948,BUY_YES,price_target_gbm ETH reach K=2200 spot=1918.4 (-12.8%vsK) sigma_h=0.0112 T=388.0h p_yes=0.535,ETH#reach,0.50,"{""pct_vs_K"":-12.8009,""sigma_h"":0.011216,""T_h"":387.9905,""log_ratio"":-0.136976,""moon_phase"":0.0409,""mercury_retrogrado"":1,""horas_hasta_fomc"":330.0,""smart_money_consensus"":0.0567,""smart_money_n_wallets"":14,""smart_money_consensus_ponderado"":0.3225,""smart_money_n_wallets_ponderado"":14}"
2026-07-16T00:00:33+00:00,PRICE_TARGET_GBM,2758357,"Will Ethereum reach $2,100 in July?",2026-08-01T04:00:00,387.99,0.2950,0.6822,0.3872,0.3822,0.3822,BUY_YES,price_target_gbm ETH reach K=2100 spot=1918.4 (-8.6%vsK) sigma_h=0.0112 T=388.0h p_yes=0.682,ETH#reach,0.50,"{""pct_vs_K"":-8.6486,""sigma_h"":0.011216,""T_h"":387.9905,""log_ratio"":-0.090456,""moon_phase"":0.0409,""mercury_retrogrado"":1,""horas_hasta_fomc"":330.0,""smart_money_consensus"":0.0567,""smart_money_n_wallets"":14,""smart_money_consensus_ponderado"":0.3225,""smart_money_n_wallets_ponderado"":14}"
2026-07-16T00:00:33+00:00,PRICE_TARGET_GBM,2758358,"Will Ethereum reach $2,000 in July?",2026-08-01T04:00:00,387.99,0.6550,0.8504,0.1954,0.1904,0.1904,BUY_YES,price_target_gbm ETH reach K=2000 spot=1918.4 (-4.1%vsK) sigma_h=0.0112 T=388.0h p_yes=0.850,ETH#reach,0.50,"{""pct_vs_K"":-4.081,""sigma_h"":0.011216,""T_h"":387.9905,""log_ratio"":-0.041666,""moon_phase"":0.0409,""mercury_retrogrado"":1,""horas_hasta_fomc"":330.0,""smart_money_consensus"":0.0567,""smart_money_n_wallets"":14,""smart_money_consensus_ponderado"":0.3225,""smart_money_n_wallets_ponderado"":14}"
2026-07-16T00:00:33+00:00,PRICE_TARGET_GBM,2758376,Will Solana reach $120 in July?,2026-08-01T04:00:00,387.99,0.0150,0.1132,0.0982,0.0932,0.0932,SKIP,price_target_gbm SOL reach K=120 spot=77.32 (-35.6%vsK) sigma_h=0.0141 T=388.0h p_yes=0.113,SOL#reach,0.50,"{""pct_vs_K"":-35.5667,""sigma_h"":0.014089,""T_h"":387.9905,""log_ratio"":-0.439539,""moon_phase"":0.0409,""mercury_retrogrado"":1,""horas_hasta_fomc"":330.0,""smart_money_consensus"":0.0684,""smart_money_n_wallets"":10,""smart_money_consensus_ponderado"":0.24,""smart_money_n_wallets_ponderado"":10}"
2026-07-16T00:00:33+00:00,PRICE_TARGET_GBM,2758377,Will Solana reach $110 in July?,2026-08-01T04:00:00,387.99,0.0180,0.2040,0.1860,0.1810,0.1810,SKIP,price_target_gbm SOL reach K=110 spot=77.32 (-29.7%vsK) sigma_h=0.0141 T=388.0h p_yes=0.204,SOL#reach,0.50,"{""pct_vs_K"":-29.7091,""sigma_h"":0.014089,""T_h"":387.9905,""log_ratio"":-0.352528,""moon_phase"":0.0409,""mercury_retrogrado"":1,""horas_hasta_fomc"":330.0,""smart_money_consensus"":0.0684,""smart_money_n_wallets"":10,""smart_money_consensus_ponderado"":0.24,""smart_money_n_wallets_ponderado"":10}"
2026-07-16T00:00:33+00:00,PRICE_TARGET_GBM,2758378,Will Solana reach $100 in July?,2026-08-01T04:00:00,387.99,0.0405,0.3540,0.3135,0.3085,0.3085,SKIP,price_target_gbm SOL reach K=100 spot=77.32 (-22.7%vsK) sigma_h=0.0141 T=388.0h p_yes=0.354,SOL#reach,0.50,"{""pct_vs_K"":-22.68,""sigma_h"":0.014089,""T_h"":387.9905,""log_ratio"":-0.257218,""moon_phase"":0.0409,""mercury_retrogrado"":1,""horas_hasta_fomc"":330.0,""smart_money_consensus"":0.0684,""smart_money_n_wallets"":10,""smart_money_consensus_ponderado"":0.24,""smart_money_n_wallets_ponderado"":10}"
2026-07-16T00:00:33+00:00,PRICE_TARGET_GBM,2758379,Will Solana reach $90 in July?,2026-08-01T04:00:00,387.99,0.1850,0.5842,0.3992,0.3942,0.3942,BUY_YES,price_target_gbm SOL reach K=90 spot=77.32 (-14.1%vsK) sigma_h=0.0141 T=388.0h p_yes=0.584,SOL#reach,0.50,"{""pct_vs_K"":-14.0889,""sigma_h"":0.014089,""T_h"":387.9905,""log_ratio"":-0.151857,""moon_phase"":0.0409,""mercury_retrogrado"":1,""horas_hasta_fomc"":330.0,""smart_money_consensus"":0.0684,""smart_money_n_wallets"":10,""smart_money_consensus_ponderado"":0.24,""smart_money_n_wallets_ponderado"":10}"
2026-07-16T00:00:33+00:00,WEEKLY_PRICE,2860436,"Will the price of Bitcoin be between $62,000 and $64,000 on July 16?",2026-07-16T16:00:00,15.99,0.1750,0.1000,-0.0750,-0.0700,0.0700,BUY_NO,"weekly_between BTC spot=64745 [62000,64000] in=False",BTC,2.00,"{""spot"":64744.97,""in_range"":0,""pct_dist"":1.1506,""T_h"":15.9905,""moon_phase"":0.0409,""mercury_retrogrado"":1,""horas_hasta_fomc"":330.0,""smart_money_consensus"":0.248,""smart_money_n_wallets"":13,""smart_money_consensus_ponderado"":0.1087,""smart_money_n_wallets_ponderado"":13}"
2026-07-16T00:00:33+00:00,WEEKLY_PRICE,2860440,"Will the price of Bitcoin be between $64,000 and $66,000 on July 16?",2026-07-16T16:00:00,15.99,0.7550,0.8800,0.1250,0.1200,0.1200,SKIP,"weekly_between BTC spot=64745 [64000,66000] in=True",BTC,0.77,"{""spot"":64744.97,""in_range"":1,""pct_dist"":0.0,""T_h"":15.9905,""moon_phase"":0.0409,""mercury_retrogrado"":1,""horas_hasta_fomc"":330.0,""smart_money_consensus"":0.248,""smart_money_n_wallets"":13,""smart_money_consensus_ponderado"":0.1087,""smart_money_n_wallets_ponderado"":13}"
2026-07-16T00:00:33+00:00,PRICE_TARGET_GBM,2860442,"Will the price of Ethereum be above $1,900 on July 16?",2026-07-16T16:00:00,15.99,0.7125,0.6390,-0.0735,-0.0685,-0.0685,SKIP,price_target_gbm ETH atexpiry K=1900 spot=1918.4 (+1.0%vsK) sigma_h=0.0068 T=16.0h p_yes=0.639,ETH#atexpiry,0.50,"{""pct_vs_K"":0.9674,""sigma_h"":0.006765,""T_h"":15.9905,""log_ratio"":0.009627,""moon_phase"":0.0409,""mercury_retrogrado"":1,""horas_hasta_fomc"":330.0,""smart_money_consensus"":0.0567,""smart_money_n_wallets"":14,""smart_money_consensus_ponderado"":0.3225,""smart_money_n_wallets_ponderado"":14}"
2026-07-16T00:00:33+00:00,WEEKLY_PRICE,2860443,"Will the price of Bitcoin be between $66,000 and $68,000 on July 16?",2026-07-16T16:00:00,15.99,0.0755,0.1000,0.0245,0.0195,0.0195,SKIP,"weekly_between BTC spot=64745 [66000,68000] in=False",BTC,0.77,"{""spot"":64744.97,""in_range"":0,""pct_dist"":1.9384,""T_h"":15.9905,""moon_phase"":0.0409,""mercury_retrogrado"":1,""horas_hasta_fomc"":330.0,""smart_money_consensus"":0.248,""smart_money_n_wallets"":13,""smart_money_consensus_ponderado"":0.1087,""smart_money_n_wallets_ponderado"":13}"
2026-07-16T00:00:33+00:00,PRICE_TARGET_GBM,2860448,"Will the price of Ethereum be above $2,000 on July 16?",2026-07-16T16:00:00,15.99,0.0395,0.0617,0.0222,0.0172,0.0172,SKIP,price_target_gbm ETH atexpiry K=2000 spot=1918.4 (-4.1%vsK) sigma_h=0.0068 T=16.0h p_yes=0.062,ETH#atexpiry,0.50,"{""pct_vs_K"":-4.081,""sigma_h"":0.006765,""T_h"":15.9905,""log_ratio"":-0.041666,""moon_phase"":0.0409,""mercury_retrogrado"":1,""horas_hasta_fomc"":330.0,""smart_money_consensus"":0.0567,""smart_money_n_wallets"":14,""smart_money_consensus_ponderado"":0.3225,""smart_money_n_wallets_ponderado"":14}"
2026-07-16T00:00:33+00:00,WEEKLY_PRICE,2860524,"Will the price of Ethereum be between $1,800 and $1,900 on July 16?",2026-07-16T16:00:00,15.99,0.2950,0.1950,-0.1000,-0.0950,0.0950,BUY_NO,"weekly_between ETH spot=1918 [1800,1900] in=False",ETH,2.00,"{""spot"":1918.2,""in_range"":0,""pct_dist"":0.9491,""T_h"":15.9905,""moon_phase"":0.0409,""mercury_retrogrado"":1,""horas_hasta_fomc"":330.0,""smart_money_consensus"":0.0567,""smart_money_n_wallets"":14,""smart_money_consensus_ponderado"":0.3225,""smart_money_n_wallets_ponderado"":14}"
2026-07-16T00:00:33+00:00,WEEKLY_PRICE,2860530,"Will the price of Ethereum be between $1,900 and $2,000 on July 16?",2026-07-16T16:00:00,15.99,0.6705,0.8205,0.1500,0.1450,0.1450,SKIP,"weekly_between ETH spot=1918 [1900,2000] in=True",ETH,0.87,"{""spot"":1918.2,""in_range"":1,""pct_dist"":0.0,""T_h"":15.9905,""moon_phase"":0.0409,""mercury_retrogrado"":1,""horas_hasta_fomc"":330.0,""smart_money_consensus"":0.0567,""smart_money_n_wallets"":14,""smart_money_consensus_ponderado"":0.3225,""smart_money_n_wallets_ponderado"":14}"
2026-07-16T00:00:33+00:00,WEEKLY_PRICE,2860536,"Will the price of Ethereum be between $2,000 and $2,100 on July 16?",2026-07-16T16:00:00,15.99,0.0205,0.1000,0.0795,0.0745,0.0745,SKIP,"weekly_between ETH spot=1918 [2000,2100] in=False",ETH,0.87,"{""spot"":1918.2,""in_range"":0,""pct_dist"":4.2641,""T_h"":15.9905,""moon_phase"":0.0409,""mercury_retrogrado"":1,""horas_hasta_fomc"":330.0,""smart_money_consensus"":0.0567,""smart_money_n_wallets"":14,""smart_money_consensus_ponderado"":0.3225,""smart_money_n_wallets_ponderado"":14}"
2026-07-16T00:00:33+00:00,PRICE_TARGET_GBM,2860593,Will the price of Solana be above $80 on July 16?,2026-07-16T16:00:00,15.99,0.0600,0.1297,0.0697,0.0647,0.0647,SKIP,price_target_gbm SOL atexpiry K=80 spot=77.32 (-3.4%vsK) sigma_h=0.0076 T=16.0h p_yes=0.130,SOL#atexpiry,0.50,"{""pct_vs_K"":-3.35,""sigma_h"":0.007557,""T_h"":15.9905,""log_ratio"":-0.034074,""moon_phase"":0.0409,""mercury_retrogrado"":1,""horas_hasta_fomc"":330.0,""smart_money_consensus"":0.0684,""smart_money_n_wallets"":10,""smart_money_consensus_ponderado"":0.24,""smart_money_n_wallets_ponderado"":10}"
2026-07-16T00:00:33+00:00,WEEKLY_PRICE,2860599,Will the price of Solana be between $70 and $80 on July 16?,2026-07-16T16:00:00,15.99,0.9350,0.8800,-0.0550,-0.0500,-0.0500,SKIP,"weekly_between SOL spot=77 [70,80] in=True",SOL,1.70,"{""spot"":77.32,""in_range"":1,""pct_dist"":0.0,""T_h"":15.9905,""moon_phase"":0.0409,""mercury_retrogrado"":1,""horas_hasta_fomc"":330.0,""smart_money_consensus"":0.0684,""smart_money_n_wallets"":10,""smart_money_consensus_ponderado"":0.24,""smart_money_n_wallets_ponderado"":10}"
2026-07-16T00:00:33+00:00,WEEKLY_PRICE,2860603,Will the price of Solana be between $80 and $90 on July 16?,2026-07-16T16:00:00,15.99,0.0650,0.1000,0.0350,0.0300,0.0300,SKIP,"weekly_between SOL spot=77 [80,90] in=False",SOL,1.70,"{""spot"":77.32,""in_range"":0,""pct_dist"":3.4661,""T_h"":15.9905,""moon_phase"":0.0409,""mercury_retrogrado"":1,""horas_hasta_fomc"":330.0,""smart_money_consensus"":0.0684,""smart_money_n_wallets"":10,""smart_money_consensus_ponderado"":0.24,""smart_money_n_wallets_ponderado"":10}"
2026-07-16T00:00:33+00:00,WEEKLY_PRICE,2871248,"Will the price of Bitcoin be between $60,000 and $62,000 on July 17?",2026-07-17T16:00:00,39.99,0.0290,0.1000,0.0710,0.0660,0.0660,SKIP,"weekly_between BTC spot=64745 [60000,62000] in=False",BTC,0.77,"{""spot"":64744.97,""in_range"":0,""pct_dist"":4.2397,""T_h"":39.9905,""moon_phase"":0.0409,""mercury_retrogrado"":1,""horas_hasta_fomc"":330.0,""smart_money_consensus"":0.248,""smart_money_n_wallets"":13,""smart_money_consensus_ponderado"":0.1087,""smart_money_n_wallets_ponderado"":13}"
2026-07-16T00:00:33+00:00,WEEKLY_PRICE,2871250,"Will the price of Bitcoin be between $62,000 and $64,000 on July 17?",2026-07-17T16:00:00,39.99,0.2650,0.1650,-0.1000,-0.0950,0.0950,BUY_NO,"weekly_between BTC spot=64745 [62000,64000] in=False",BTC,2.00,"{""spot"":64744.97,""in_range"":0,""pct_dist"":1.1506,""T_h"":39.9905,""moon_phase"":0.0409,""mercury_retrogrado"":1,""horas_hasta_fomc"":330.0,""smart_money_consensus"":0.248,""smart_money_n_wallets"":13,""smart_money_consensus_ponderado"":0.1087,""smart_money_n_wallets_ponderado"":13}"
2026-07-16T00:00:33+00:00,PRICE_TARGET_GBM,2871252,"Will the price of Ethereum be above $1,800 on July 17?",2026-07-17T16:00:00,39.99,0.9720,0.9489,-0.0231,-0.0181,-0.0181,SKIP,price_target_gbm ETH atexpiry K=1800 spot=1918.4 (+6.6%vsK) sigma_h=0.0062 T=40.0h p_yes=0.949,ETH#atexpiry,0.50,"{""pct_vs_K"":6.5767,""sigma_h"":0.006163,""T_h"":39.9905,""log_ratio"":0.063694,""moon_phase"":0.0409,""mercury_retrogrado"":1,""horas_hasta_fomc"":330.0,""smart_money_consensus"":0.0567,""smart_money_n_wallets"":14,""smart_money_consensus_ponderado"":0.3225,""smart_money_n_wallets_ponderado"":14}"
2026-07-16T00:00:33+00:00,WEEKLY_PRICE,2871253,"Will the price of Bitcoin be between $64,000 and $66,000 on July 17?",2026-07-17T16:00:00,39.99,0.5050,0.6550,0.1500,0.1450,0.1450,SKIP,"weekly_between BTC spot=64745 [64000,66000] in=True",BTC,0.77,"{""spot"":64744.97,""in_range"":1,""pct_dist"":0.0,""T_h"":39.9905,""moon_phase"":0.0409,""mercury_retrogrado"":1,""horas_hasta_fomc"":330.0,""smart_money_consensus"":0.248,""smart_money_n_wallets"":13,""smart_money_consensus_ponderado"":0.1087,""smart_money_n_wallets_ponderado"":13}"
2026-07-16T00:00:33+00:00,PRICE_TARGET_GBM,2871256,"Will the price of Ethereum be above $1,900 on July 17?",2026-07-17T16:00:00,39.99,0.6350,0.5976,-0.0374,-0.0324,-0.0324,SKIP,price_target_gbm ETH atexpiry K=1900 spot=1918.4 (+1.0%vsK) sigma_h=0.0062 T=40.0h p_yes=0.598,ETH#atexpiry,0.50,"{""pct_vs_K"":0.9674,""sigma_h"":0.006163,""T_h"":39.9905,""log_ratio"":0.009627,""moon_phase"":0.0409,""mercury_retrogrado"":1,""horas_hasta_fomc"":330.0,""smart_money_consensus"":0.0567,""smart_money_n_wallets"":14,""smart_money_consensus_ponderado"":0.3225,""smart_money_n_wallets_ponderado"":14}"
2026-07-16T00:00:33+00:00,WEEKLY_PRICE,2871258,"Will the price of Bitcoin be between $66,000 and $68,000 on July 17?",2026-07-17T16:00:00,39.99,0.1765,0.1000,-0.0765,-0.0715,0.0715,BUY_NO,"weekly_between BTC spot=64745 [66000,68000] in=False",BTC,2.00,"{""spot"":64744.97,""in_range"":0,""pct_dist"":1.9384,""T_h"":39.9905,""moon_phase"":0.0409,""mercury_retrogrado"":1,""horas_hasta_fomc"":330.0,""smart_money_consensus"":0.248,""smart_money_n_wallets"":13,""smart_money_consensus_ponderado"":0.1087,""smart_money_n_wallets_ponderado"":13}"
2026-07-16T00:00:33+00:00,WEEKLY_PRICE,2871263,"Will the price of Bitcoin be between $68,000 and $70,000 on July 17?",2026-07-17T16:00:00,39.99,0.0110,0.1000,0.0890,0.0840,0.0840,SKIP,"weekly_between BTC spot=64745 [68000,70000] in=False",BTC,0.77,"{""spot"":64744.97,""in_range"":0,""pct_dist"":5.0275,""T_h"":39.9905,""moon_phase"":0.0409,""mercury_retrogrado"":1,""horas_hasta_fomc"":330.0,""smart_money_consensus"":0.248,""smart_money_n_wallets"":13,""smart_money_consensus_ponderado"":0.1087,""smart_money_n_wallets_ponderado"":13}"
2026-07-16T00:00:33+00:00,PRICE_TARGET_GBM,2871265,"Will the price of Ethereum be above $2,000 on July 17?",2026-07-17T16:00:00,39.99,0.0875,0.1425,0.0550,0.0500,0.0500,SKIP,price_target_gbm ETH atexpiry K=2000 spot=1918.4 (-4.1%vsK) sigma_h=0.0062 T=40.0h p_yes=0.143,ETH#atexpiry,0.50,"{""pct_vs_K"":-4.081,""sigma_h"":0.006163,""T_h"":39.9905,""log_ratio"":-0.041666,""moon_phase"":0.0409,""mercury_retrogrado"":1,""horas_hasta_fomc"":330.0,""smart_money_consensus"":0.0567,""smart_money_n_wallets"":14,""smart_money_consensus_ponderado"":0.3225,""smart_money_n_wallets_ponderado"":14}"
2026-07-16T00:00:33+00:00,WEEKLY_PRICE,2871324,"Will the price of Ethereum be between $1,600 and $1,700 on July 17?",2026-07-17T16:00:00,39.99,0.0135,0.1000,0.0865,0.0815,0.0815,SKIP,"weekly_between ETH spot=1918 [1600,1700] in=False",ETH,0.87,"{""spot"":1918.2,""in_range"":0,""pct_dist"":11.3755,""T_h"":39.9905,""moon_phase"":0.0409,""mercury_retrogrado"":1,""horas_hasta_fomc"":330.0,""smart_money_consensus"":0.0567,""smart_money_n_wallets"":14,""smart_money_consensus_ponderado"":0.3225,""smart_money_n_wallets_ponderado"":14}"
2026-07-16T00:00:33+00:00,WEEKLY_PRICE,2871328,"Will the price of Ethereum be between $1,700 and $1,800 on July 17?",2026-07-17T16:00:00,39.99,0.0250,0.1000,0.0750,0.0700,0.0700,SKIP,"weekly_between ETH spot=1918 [1700,1800] in=False",ETH,0.87,"{""spot"":1918.2,""in_range"":0,""pct_dist"":6.1623,""T_h"":39.9905,""moon_phase"":0.0409,""mercury_retrogrado"":1,""horas_hasta_fomc"":330.0,""smart_money_consensus"":0.0567,""smart_money_n_wallets"":14,""smart_money_consensus_ponderado"":0.3225,""smart_money_n_wallets_ponderado"":14}"
2026-07-16T00:00:33+00:00,WEEKLY_PRICE,2871333,"Will the price of Ethereum be between $1,800 and $1,900 on July 17?",2026-07-17T16:00:00,39.99,0.3550,0.2550,-0.1000,-0.0950,0.0950,BUY_NO,"weekly_between ETH spot=1918 [1800,1900] in=False",ETH,2.00,"{""spot"":1918.2,""in_range"":0,""pct_dist"":0.9491,""T_h"":39.9905,""moon_phase"":0.0409,""mercury_retrogrado"":1,""horas_hasta_fomc"":330.0,""smart_money_consensus"":0.0567,""smart_money_n_wallets"":14,""smart_money_consensus_ponderado"":0.3225,""smart_money_n_wallets_ponderado"":14}"
2026-07-16T00:00:33+00:00,WEEKLY_PRICE,2871337,"Will the price of Ethereum be between $1,900 and $2,000 on July 17?",2026-07-17T16:00:00,39.99,0.5500,0.7000,0.1500,0.1450,0.1450,SKIP,"weekly_between ETH spot=1918 [1900,2000] in=True",ETH,0.87,"{""spot"":1918.2,""in_range"":1,""pct_dist"":0.0,""T_h"":39.9905,""moon_phase"":0.0409,""mercury_retrogrado"":1,""horas_hasta_fomc"":330.0,""smart_money_consensus"":0.0567,""smart_money_n_wallets"":14,""smart_money_consensus_ponderado"":0.3225,""smart_money_n_wallets_ponderado"":14}"
2026-07-16T00:00:33+00:00,WEEKLY_PRICE,2871339,"Will the price of Ethereum be between $2,000 and $2,100 on July 17?",2026-07-17T16:00:00,39.99,0.0735,0.1000,0.0265,0.0215,0.0215,SKIP,"weekly_between ETH spot=1918 [2000,2100] in=False",ETH,0.87,"{""spot"":1918.2,""in_range"":0,""pct_dist"":4.2641,""T_h"":39.9905,""moon_phase"":0.0409,""mercury_retrogrado"":1,""horas_hasta_fomc"":330.0,""smart_money_consensus"":0.0567,""smart_money_n_wallets"":14,""smart_money_consensus_ponderado"":0.3225,""smart_money_n_wallets_ponderado"":14}"
2026-07-16T00:00:33+00:00,WEEKLY_PRICE,2871343,"Will the price of Ethereum be between $2,100 and $2,200 on July 17?",2026-07-17T16:00:00,39.99,0.0150,0.1000,0.0850,0.0800,0.0800,SKIP,"weekly_between ETH spot=1918 [2100,2200] in=False",ETH,0.87,"{""spot"":1918.2,""in_range"":0,""pct_dist"":9.4773,""T_h"":39.9905,""moon_phase"":0.0409,""mercury_retrogrado"":1,""horas_hasta_fomc"":330.0,""smart_money_consensus"":0.0567,""smart_money_n_wallets"":14,""smart_money_consensus_ponderado"":0.3225,""smart_money_n_wallets_ponderado"":14}"
2026-07-16T00:00:33+00:00,PRICE_TARGET_GBM,2871377,Will the price of Solana be above $70 on July 17?,2026-07-17T16:00:00,39.99,0.9750,0.9500,-0.0250,-0.0200,-0.0200,SKIP,price_target_gbm SOL atexpiry K=70 spot=77.32 (+10.5%vsK) sigma_h=0.0086 T=40.0h p_yes=0.966,SOL#atexpiry,0.50,"{""pct_vs_K"":10.4571,""sigma_h"":0.00859,""T_h"":39.9905,""log_ratio"":0.099457,""moon_phase"":0.0409,""mercury_retrogrado"":1,""horas_hasta_fomc"":330.0,""smart_money_consensus"":0.0684,""smart_money_n_wallets"":10,""smart_money_consensus_ponderado"":0.24,""smart_money_n_wallets_ponderado"":10}"
2026-07-16T00:00:33+00:00,PRICE_TARGET_GBM,2871381,Will the price of Solana be above $80 on July 17?,2026-07-17T16:00:00,39.99,0.1550,0.2652,0.1102,0.1052,0.1052,SKIP,price_target_gbm SOL atexpiry K=80 spot=77.32 (-3.4%vsK) sigma_h=0.0086 T=40.0h p_yes=0.265,SOL#atexpiry,0.50,"{""pct_vs_K"":-3.35,""sigma_h"":0.00859,""T_h"":39.9905,""log_ratio"":-0.034074,""moon_phase"":0.0409,""mercury_retrogrado"":1,""horas_hasta_fomc"":330.0,""smart_money_consensus"":0.0684,""smart_money_n_wallets"":10,""smart_money_consensus_ponderado"":0.24,""smart_money_n_wallets_ponderado"":10}"
2026-07-16T00:00:33+00:00,PRICE_TARGET_GBM,2871383,Will the price of Solana be above $90 on July 17?,2026-07-17T16:00:00,39.99,0.0125,0.0500,0.0375,0.0325,0.0325,SKIP,price_target_gbm SOL atexpiry K=90 spot=77.32 (-14.1%vsK) sigma_h=0.0086 T=40.0h p_yes=0.003,SOL#atexpiry,0.50,"{""pct_vs_K"":-14.0889,""sigma_h"":0.00859,""T_h"":39.9905,""log_ratio"":-0.151857,""moon_phase"":0.0409,""mercury_retrogrado"":1,""horas_hasta_fomc"":330.0,""smart_money_consensus"":0.0684,""smart_money_n_wallets"":10,""smart_money_consensus_ponderado"":0.24,""smart_money_n_wallets_ponderado"":10}"
2026-07-16T00:00:33+00:00,WEEKLY_PRICE,2871390,Will the price of Solana be between $60 and $70 on July 17?,2026-07-17T16:00:00,39.99,0.0200,0.1000,0.0800,0.0750,0.0750,SKIP,"weekly_between SOL spot=77 [60,70] in=False",SOL,1.70,"{""spot"":77.32,""in_range"":0,""pct_dist"":9.4671,""T_h"":39.9905,""moon_phase"":0.0409,""mercury_retrogrado"":1,""horas_hasta_fomc"":330.0,""smart_money_consensus"":0.0684,""smart_money_n_wallets"":10,""smart_money_consensus_ponderado"":0.24,""smart_money_n_wallets_ponderado"":10}"
2026-07-16T00:00:33+00:00,WEEKLY_PRICE,2871393,Will the price of Solana be between $70 and $80 on July 17?,2026-07-17T16:00:00,39.99,0.8500,0.8800,0.0300,0.0250,0.0250,SKIP,"weekly_between SOL spot=77 [70,80] in=True",SOL,1.70,"{""spot"":77.32,""in_range"":1,""pct_dist"":0.0,""T_h"":39.9905,""moon_phase"":0.0409,""mercury_retrogrado"":1,""horas_hasta_fomc"":330.0,""smart_money_consensus"":0.0684,""smart_money_n_wallets"":10,""smart_money_consensus_ponderado"":0.24,""smart_money_n_wallets_ponderado"":10}"
2026-07-16T00:00:33+00:00,WEEKLY_PRICE,2871395,Will the price of Solana be between $80 and $90 on July 17?,2026-07-17T16:00:00,39.99,0.1500,0.1000,-0.0500,-0.0450,0.0450,BUY_NO,"weekly_between SOL spot=77 [80,90] in=False",SOL,2.00,"{""spot"":77.32,""in_range"":0,""pct_dist"":3.4661,""T_h"":39.9905,""moon_phase"":0.0409,""mercury_retrogrado"":1,""horas_hasta_fomc"":330.0,""smart_money_consensus"":0.0684,""smart_money_n_wallets"":10,""smart_money_consensus_ponderado"":0.24,""smart_money_n_wallets_ponderado"":10}"
2026-07-16T00:00:33+00:00,WEEKLY_PRICE,2871398,Will the price of Solana be between $90 and $100 on July 17?,2026-07-17T16:00:00,39.99,0.0155,0.1000,0.0845,0.0795,0.0795,SKIP,"weekly_between SOL spot=77 [90,100] in=False",SOL,1.70,"{""spot"":77.32,""in_range"":0,""pct_dist"":16.3994,""T_h"":39.9905,""moon_phase"":0.0409,""mercury_retrogrado"":1,""horas_hasta_fomc"":330.0,""smart_money_consensus"":0.0684,""smart_money_n_wallets"":10,""smart_money_consensus_ponderado"":0.24,""smart_money_n_wallets_ponderado"":10}"
2026-07-16T00:00:33+00:00,PRICE_TARGET_GBM,2901812,"Will Ethereum reach $2,300 July 13-19?",2026-07-20T04:00:00,99.99,0.0120,0.0500,0.0380,0.0330,0.0330,SKIP,price_target_gbm ETH reach K=2300 spot=1918.4 (-16.6%vsK) sigma_h=0.0078 T=100.0h p_yes=0.020,ETH#reach,0.50,"{""pct_vs_K"":-16.5922,""sigma_h"":0.007798,""T_h"":99.9905,""log_ratio"":-0.181428,""moon_phase"":0.0409,""mercury_retrogrado"":1,""horas_hasta_fomc"":330.0,""smart_money_consensus"":0.0567,""smart_money_n_wallets"":14,""smart_money_consensus_ponderado"":0.3225,""smart_money_n_wallets_ponderado"":14}"
2026-07-16T00:00:33+00:00,PRICE_TARGET_GBM,2901815,"Will Ethereum reach $2,200 July 13-19?",2026-07-20T04:00:00,99.99,0.0300,0.0790,0.0490,0.0440,0.0440,SKIP,price_target_gbm ETH reach K=2200 spot=1918.4 (-12.8%vsK) sigma_h=0.0078 T=100.0h p_yes=0.079,ETH#reach,0.50,"{""pct_vs_K"":-12.8009,""sigma_h"":0.007798,""T_h"":99.9905,""log_ratio"":-0.136976,""moon_phase"":0.0409,""mercury_retrogrado"":1,""horas_hasta_fomc"":330.0,""smart_money_consensus"":0.0567,""smart_money_n_wallets"":14,""smart_money_consensus_ponderado"":0.3225,""smart_money_n_wallets_ponderado"":14}"
2026-07-16T00:00:33+00:00,PRICE_TARGET_GBM,2901818,"Will Ethereum reach $2,100 July 13-19?",2026-07-20T04:00:00,99.99,0.0785,0.2460,0.1675,0.1625,0.1625,SKIP,price_target_gbm ETH reach K=2100 spot=1918.4 (-8.6%vsK) sigma_h=0.0078 T=100.0h p_yes=0.246,ETH#reach,0.50,"{""pct_vs_K"":-8.6486,""sigma_h"":0.007798,""T_h"":99.9905,""log_ratio"":-0.090456,""moon_phase"":0.0409,""mercury_retrogrado"":1,""horas_hasta_fomc"":330.0,""smart_money_consensus"":0.0567,""smart_money_n_wallets"":14,""smart_money_consensus_ponderado"":0.3225,""smart_money_n_wallets_ponderado"":14}"
2026-07-16T00:00:33+00:00,PRICE_TARGET_GBM,2901821,"Will Ethereum reach $2,000 July 13-19?",2026-07-20T04:00:00,99.99,0.3345,0.5931,0.2586,0.2536,0.2536,SKIP,price_target_gbm ETH reach K=2000 spot=1918.4 (-4.1%vsK) sigma_h=0.0078 T=100.0h p_yes=0.593,ETH#reach,0.50,"{""pct_vs_K"":-4.081,""sigma_h"":0.007798,""T_h"":99.9905,""log_ratio"":-0.041666,""moon_phase"":0.0409,""mercury_retrogrado"":1,""horas_hasta_fomc"":330.0,""smart_money_consensus"":0.0567,""smart_money_n_wallets"":14,""smart_money_consensus_ponderado"":0.3225,""smart_money_n_wallets_ponderado"":14}"
2026-07-16T00:00:33+00:00,PRICE_TARGET_GBM,2901861,Will Solana reach $110 July 13-19?,2026-07-20T04:00:00,99.99,0.0150,0.0500,0.0350,0.0300,0.0300,SKIP,price_target_gbm SOL reach K=110 spot=77.32 (-29.7%vsK) sigma_h=0.0111 T=100.0h p_yes=0.001,SOL#reach,0.50,"{""pct_vs_K"":-29.7091,""sigma_h"":0.011069,""T_h"":99.9905,""log_ratio"":-0.352528,""moon_phase"":0.0409,""mercury_retrogrado"":1,""horas_hasta_fomc"":330.0,""smart_money_consensus"":0.0684,""smart_money_n_wallets"":10,""smart_money_consensus_ponderado"":0.24,""smart_money_n_wallets_ponderado"":10}"
2026-07-16T00:00:33+00:00,PRICE_TARGET_GBM,2901862,Will Solana reach $100 July 13-19?,2026-07-20T04:00:00,99.99,0.0150,0.0500,0.0350,0.0300,0.0300,SKIP,price_target_gbm SOL reach K=100 spot=77.32 (-22.7%vsK) sigma_h=0.0111 T=100.0h p_yes=0.020,SOL#reach,0.50,"{""pct_vs_K"":-22.68,""sigma_h"":0.011069,""T_h"":99.9905,""log_ratio"":-0.257218,""moon_phase"":0.0409,""mercury_retrogrado"":1,""horas_hasta_fomc"":330.0,""smart_money_consensus"":0.0684,""smart_money_n_wallets"":10,""smart_money_consensus_ponderado"":0.24,""smart_money_n_wallets_ponderado"":10}"
2026-07-16T00:00:33+00:00,PRICE_TARGET_GBM,2906898,"Will the price of Ethereum be above $1,400 on July 20?",2026-07-20T16:00:00,111.99,0.9880,0.9500,-0.0380,-0.0330,-0.0330,SKIP,price_target_gbm ETH atexpiry K=1400 spot=1918.4 (+37.0%vsK) sigma_h=0.0079 T=112.0h p_yes=1.000,ETH#atexpiry,0.50,"{""pct_vs_K"":37.0271,""sigma_h"":0.00789,""T_h"":111.9905,""log_ratio"":0.315009,""moon_phase"":0.0409,""mercury_retrogrado"":1,""horas_hasta_fomc"":330.0,""smart_money_consensus"":0.0567,""smart_money_n_wallets"":14,""smart_money_consensus_ponderado"":0.3225,""smart_money_n_wallets_ponderado"":14}"
2026-07-16T00:00:33+00:00,PRICE_TARGET_GBM,2906900,"Will the price of Ethereum be above $1,500 on July 20?",2026-07-20T16:00:00,111.99,0.9850,0.9500,-0.0350,-0.0300,-0.0300,SKIP,price_target_gbm ETH atexpiry K=1500 spot=1918.4 (+27.9%vsK) sigma_h=0.0079 T=112.0h p_yes=0.998,ETH#atexpiry,0.50,"{""pct_vs_K"":27.892,""sigma_h"":0.00789,""T_h"":111.9905,""log_ratio"":0.246016,""moon_phase"":0.0409,""mercury_retrogrado"":1,""horas_hasta_fomc"":330.0,""smart_money_consensus"":0.0567,""smart_money_n_wallets"":14,""smart_money_consensus_ponderado"":0.3225,""smart_money_n_wallets_ponderado"":14}"
2026-07-16T00:00:33+00:00,WEEKLY_PRICE,2906902,"Will the price of Bitcoin be between $58,000 and $60,000 on July 20?",2026-07-20T16:00:00,111.99,0.0205,0.1000,0.0795,0.0745,0.0745,SKIP,"weekly_between BTC spot=64745 [58000,60000] in=False",BTC,0.77,"{""spot"":64744.97,""in_range"":0,""pct_dist"":7.3287,""T_h"":111.9905,""moon_phase"":0.0409,""mercury_retrogrado"":1,""horas_hasta_fomc"":330.0,""smart_money_consensus"":0.248,""smart_money_n_wallets"":13,""smart_money_consensus_ponderado"":0.1087,""smart_money_n_wallets_ponderado"":13}"
2026-07-16T00:00:33+00:00,PRICE_TARGET_GBM,2906903,"Will the price of Ethereum be above $1,600 on July 20?",2026-07-20T16:00:00,111.99,0.9815,0.9500,-0.0315,-0.0265,-0.0265,SKIP,price_target_gbm ETH atexpiry K=1600 spot=1918.4 (+19.9%vsK) sigma_h=0.0079 T=112.0h p_yes=0.985,ETH#atexpiry,0.50,"{""pct_vs_K"":19.8988,""sigma_h"":0.00789,""T_h"":111.9905,""log_ratio"":0.181477,""moon_phase"":0.0409,""mercury_retrogrado"":1,""horas_hasta_fomc"":330.0,""smart_money_consensus"":0.0567,""smart_money_n_wallets"":14,""smart_money_consensus_ponderado"":0.3225,""smart_money_n_wallets_ponderado"":14}"
2026-07-16T00:00:33+00:00,WEEKLY_PRICE,2906904,"Will the price of Bitcoin be between $60,000 and $62,000 on July 20?",2026-07-20T16:00:00,111.99,0.0800,0.1000,0.0200,0.0150,0.0150,SKIP,"weekly_between BTC spot=64745 [60000,62000] in=False",BTC,0.77,"{""spot"":64744.97,""in_range"":0,""pct_dist"":4.2397,""T_h"":111.9905,""moon_phase"":0.0409,""mercury_retrogrado"":1,""horas_hasta_fomc"":330.0,""smart_money_consensus"":0.248,""smart_money_n_wallets"":13,""smart_money_consensus_ponderado"":0.1087,""smart_money_n_wallets_ponderado"":13}"
2026-07-16T00:00:33+00:00,PRICE_TARGET_GBM,2906905,"Will the price of Ethereum be above $1,700 on July 20?",2026-07-20T16:00:00,111.99,0.9770,0.9261,-0.0509,-0.0459,-0.0459,SKIP,price_target_gbm ETH atexpiry K=1700 spot=1918.4 (+12.8%vsK) sigma_h=0.0079 T=112.0h p_yes=0.926,ETH#atexpiry,0.50,"{""pct_vs_K"":12.8459,""sigma_h"":0.00789,""T_h"":111.9905,""log_ratio"":0.120853,""moon_phase"":0.0409,""mercury_retrogrado"":1,""horas_hasta_fomc"":330.0,""smart_money_consensus"":0.0567,""smart_money_n_wallets"":14,""smart_money_consensus_ponderado"":0.3225,""smart_money_n_wallets_ponderado"":14}"
2026-07-16T00:00:33+00:00,WEEKLY_PRICE,2906906,"Will the price of Bitcoin be between $62,000 and $64,000 on July 20?",2026-07-20T16:00:00,111.99,0.2500,0.1500,-0.1000,-0.0950,0.0950,BUY_NO,"weekly_between BTC spot=64745 [62000,64000] in=False",BTC,2.00,"{""spot"":64744.97,""in_range"":0,""pct_dist"":1.1506,""T_h"":111.9905,""moon_phase"":0.0409,""mercury_retrogrado"":1,""horas_hasta_fomc"":330.0,""smart_money_consensus"":0.248,""smart_money_n_wallets"":13,""smart_money_consensus_ponderado"":0.1087,""smart_money_n_wallets_ponderado"":13}"
2026-07-16T00:00:33+00:00,PRICE_TARGET_GBM,2906907,"Will the price of Ethereum be above $1,800 on July 20?",2026-07-20T16:00:00,111.99,0.9100,0.7772,-0.1328,-0.1278,-0.1278,SKIP,price_target_gbm ETH atexpiry K=1800 spot=1918.4 (+6.6%vsK) sigma_h=0.0079 T=112.0h p_yes=0.777,ETH#atexpiry,0.50,"{""pct_vs_K"":6.5767,""sigma_h"":0.00789,""T_h"":111.9905,""log_ratio"":0.063694,""moon_phase"":0.0409,""mercury_retrogrado"":1,""horas_hasta_fomc"":330.0,""smart_money_consensus"":0.0567,""smart_money_n_wallets"":14,""smart_money_consensus_ponderado"":0.3225,""smart_money_n_wallets_ponderado"":14}"
2026-07-16T00:00:33+00:00,WEEKLY_PRICE,2906908,"Will the price of Bitcoin be between $64,000 and $66,000 on July 20?",2026-07-20T16:00:00,111.99,0.3550,0.5050,0.1500,0.1450,0.1450,SKIP,"weekly_between BTC spot=64745 [64000,66000] in=True",BTC,0.77,"{""spot"":64744.97,""in_range"":1,""pct_dist"":0.0,""T_h"":111.9905,""moon_phase"":0.0409,""mercury_retrogrado"":1,""horas_hasta_fomc"":330.0,""smart_money_consensus"":0.248,""smart_money_n_wallets"":13,""smart_money_consensus_ponderado"":0.1087,""smart_money_n_wallets_ponderado"":13}"
2026-07-16T00:00:33+00:00,PRICE_TARGET_GBM,2906909,"Will the price of Ethereum be above $1,900 on July 20?",2026-07-20T16:00:00,111.99,0.5850,0.5459,-0.0391,-0.0341,-0.0341,SKIP,price_target_gbm ETH atexpiry K=1900 spot=1918.4 (+1.0%vsK) sigma_h=0.0079 T=112.0h p_yes=0.546,ETH#atexpiry,0.50,"{""pct_vs_K"":0.9674,""sigma_h"":0.00789,""T_h"":111.9905,""log_ratio"":0.009627,""moon_phase"":0.0409,""mercury_retrogrado"":1,""horas_hasta_fomc"":330.0,""smart_money_consensus"":0.0567,""smart_money_n_wallets"":14,""smart_money_consensus_ponderado"":0.3225,""smart_money_n_wallets_ponderado"":14}"
2026-07-16T00:00:33+00:00,WEEKLY_PRICE,2906910,"Will the price of Bitcoin be between $66,000 and $68,000 on July 20?",2026-07-20T16:00:00,111.99,0.2000,0.1000,-0.1000,-0.0950,0.0950,BUY_NO,"weekly_between BTC spot=64745 [66000,68000] in=False",BTC,2.00,"{""spot"":64744.97,""in_range"":0,""pct_dist"":1.9384,""T_h"":111.9905,""moon_phase"":0.0409,""mercury_retrogrado"":1,""horas_hasta_fomc"":330.0,""smart_money_consensus"":0.248,""smart_money_n_wallets"":13,""smart_money_consensus_ponderado"":0.1087,""smart_money_n_wallets_ponderado"":13}"
2026-07-16T00:00:33+00:00,PRICE_TARGET_GBM,2906911,"Will the price of Ethereum be above $2,000 on July 20?",2026-07-20T16:00:00,111.99,0.1780,0.3089,0.1309,0.1259,0.1259,SKIP,price_target_gbm ETH atexpiry K=2000 spot=1918.4 (-4.1%vsK) sigma_h=0.0079 T=112.0h p_yes=0.309,ETH#atexpiry,0.50,"{""pct_vs_K"":-4.081,""sigma_h"":0.00789,""T_h"":111.9905,""log_ratio"":-0.041666,""moon_phase"":0.0409,""mercury_retrogrado"":1,""horas_hasta_fomc"":330.0,""smart_money_consensus"":0.0567,""smart_money_n_wallets"":14,""smart_money_consensus_ponderado"":0.3225,""smart_money_n_wallets_ponderado"":14}"
2026-07-16T00:00:33+00:00,WEEKLY_PRICE,2906912,"Will the price of Bitcoin be between $68,000 and $70,000 on July 20?",2026-07-20T16:00:00,111.99,0.0595,0.1000,0.0405,0.0355,0.0355,SKIP,"weekly_between BTC spot=64745 [68000,70000] in=False",BTC,0.77,"{""spot"":64744.97,""in_range"":0,""pct_dist"":5.0275,""T_h"":111.9905,""moon_phase"":0.0409,""mercury_retrogrado"":1,""horas_hasta_fomc"":330.0,""smart_money_consensus"":0.248,""smart_money_n_wallets"":13,""smart_money_consensus_ponderado"":0.1087,""smart_money_n_wallets_ponderado"":13}"
2026-07-16T00:00:33+00:00,PRICE_TARGET_GBM,2906913,"Will the price of Ethereum be above $2,100 on July 20?",2026-07-20T16:00:00,111.99,0.0350,0.1393,0.1043,0.0993,0.0993,SKIP,price_target_gbm ETH atexpiry K=2100 spot=1918.4 (-8.6%vsK) sigma_h=0.0079 T=112.0h p_yes=0.139,ETH#atexpiry,0.50,"{""pct_vs_K"":-8.6486,""sigma_h"":0.00789,""T_h"":111.9905,""log_ratio"":-0.090456,""moon_phase"":0.0409,""mercury_retrogrado"":1,""horas_hasta_fomc"":330.0,""smart_money_consensus"":0.0567,""smart_money_n_wallets"":14,""smart_money_consensus_ponderado"":0.3225,""smart_money_n_wallets_ponderado"":14}"
2026-07-16T00:00:33+00:00,PRICE_TARGET_GBM,2906915,"Will the price of Ethereum be above $2,200 on July 20?",2026-07-20T16:00:00,111.99,0.0155,0.0504,0.0349,0.0299,0.0299,SKIP,price_target_gbm ETH atexpiry K=2200 spot=1918.4 (-12.8%vsK) sigma_h=0.0079 T=112.0h p_yes=0.050,ETH#atexpiry,0.50,"{""pct_vs_K"":-12.8009,""sigma_h"":0.00789,""T_h"":111.9905,""log_ratio"":-0.136976,""moon_phase"":0.0409,""mercury_retrogrado"":1,""horas_hasta_fomc"":330.0,""smart_money_consensus"":0.0567,""smart_money_n_wallets"":14,""smart_money_consensus_ponderado"":0.3225,""smart_money_n_wallets_ponderado"":14}"
2026-07-16T00:00:33+00:00,WEEKLY_PRICE,2906916,"Will the price of Bitcoin be between $70,000 and $72,000 on July 20?",2026-07-20T16:00:00,111.99,0.0195,0.1000,0.0805,0.0755,0.0755,SKIP,"weekly_between BTC spot=64745 [70000,72000] in=False",BTC,0.77,"{""spot"":64744.97,""in_range"":0,""pct_dist"":8.1165,""T_h"":111.9905,""moon_phase"":0.0409,""mercury_retrogrado"":1,""horas_hasta_fomc"":330.0,""smart_money_consensus"":0.248,""smart_money_n_wallets"":13,""smart_money_consensus_ponderado"":0.1087,""smart_money_n_wallets_ponderado"":13}"
2026-07-16T00:00:33+00:00,PRICE_TARGET_GBM,2906917,"Will the price of Ethereum be above $2,300 on July 20?",2026-07-20T16:00:00,111.99,0.0115,0.0500,0.0385,0.0335,0.0335,SKIP,price_target_gbm ETH atexpiry K=2300 spot=1918.4 (-16.6%vsK) sigma_h=0.0079 T=112.0h p_yes=0.015,ETH#atexpiry,0.50,"{""pct_vs_K"":-16.5922,""sigma_h"":0.00789,""T_h"":111.9905,""log_ratio"":-0.181428,""moon_phase"":0.0409,""mercury_retrogrado"":1,""horas_hasta_fomc"":330.0,""smart_money_consensus"":0.0567,""smart_money_n_wallets"":14,""smart_money_consensus_ponderado"":0.3225,""smart_money_n_wallets_ponderado"":14}"
2026-07-16T00:00:33+00:00,WEEKLY_PRICE,2906979,"Will the price of Ethereum be between $1,300 and $1,400 on July 20?",2026-07-20T16:00:00,111.99,0.0105,0.0600,0.0495,0.0445,0.0445,SKIP,"weekly_between ETH spot=1918 [1300,1400] in=False",ETH,0.87,"{""spot"":1918.2,""in_range"":0,""pct_dist"":27.0151,""T_h"":111.9905,""moon_phase"":0.0409,""mercury_retrogrado"":1,""horas_hasta_fomc"":330.0,""smart_money_consensus"":0.0567,""smart_money_n_wallets"":14,""smart_money_consensus_ponderado"":0.3225,""smart_money_n_wallets_ponderado"":14}"
2026-07-16T00:00:33+00:00,WEEKLY_PRICE,2906982,"Will the price of Ethereum be between $1,400 and $1,500 on July 20?",2026-07-20T16:00:00,111.99,0.0195,0.0600,0.0405,0.0355,0.0355,SKIP,"weekly_between ETH spot=1918 [1400,1500] in=False",ETH,0.87,"{""spot"":1918.2,""in_range"":0,""pct_dist"":21.8019,""T_h"":111.9905,""moon_phase"":0.0409,""mercury_retrogrado"":1,""horas_hasta_fomc"":330.0,""smart_money_consensus"":0.0567,""smart_money_n_wallets"":14,""smart_money_consensus_ponderado"":0.3225,""smart_money_n_wallets_ponderado"":14}"
2026-07-16T00:00:33+00:00,WEEKLY_PRICE,2906991,"Will the price of Ethereum be between $1,500 and $1,600 on July 20?",2026-07-20T16:00:00,111.99,0.0195,0.1000,0.0805,0.0755,0.0755,SKIP,"weekly_between ETH spot=1918 [1500,1600] in=False",ETH,0.87,"{""spot"":1918.2,""in_range"":0,""pct_dist"":16.5887,""T_h"":111.9905,""moon_phase"":0.0409,""mercury_retrogrado"":1,""horas_hasta_fomc"":330.0,""smart_money_consensus"":0.0567,""smart_money_n_wallets"":14,""smart_money_consensus_ponderado"":0.3225,""smart_money_n_wallets_ponderado"":14}"
2026-07-16T00:00:33+00:00,WEEKLY_PRICE,2906997,"Will the price of Ethereum be between $1,600 and $1,700 on July 20?",2026-07-20T16:00:00,111.99,0.0210,0.1000,0.0790,0.0740,0.0740,SKIP,"weekly_between ETH spot=1918 [1600,1700] in=False",ETH,0.87,"{""spot"":1918.2,""in_range"":0,""pct_dist"":11.3755,""T_h"":111.9905,""moon_phase"":0.0409,""mercury_retrogrado"":1,""horas_hasta_fomc"":330.0,""smart_money_consensus"":0.0567,""smart_money_n_wallets"":14,""smart_money_consensus_ponderado"":0.3225,""smart_money_n_wallets_ponderado"":14}"
2026-07-16T00:00:33+00:00,WEEKLY_PRICE,2907006,"Will the price of Ethereum be between $1,700 and $1,800 on July 20?",2026-07-20T16:00:00,111.99,0.0750,0.1000,0.0250,0.0200,0.0200,SKIP,"weekly_between ETH spot=1918 [1700,1800] in=False",ETH,0.87,"{""spot"":1918.2,""in_range"":0,""pct_dist"":6.1623,""T_h"":111.9905,""moon_phase"":0.0409,""mercury_retrogrado"":1,""horas_hasta_fomc"":330.0,""smart_money_consensus"":0.0567,""smart_money_n_wallets"":14,""smart_money_consensus_ponderado"":0.3225,""smart_money_n_wallets_ponderado"":14}"
2026-07-16T00:00:33+00:00,WEEKLY_PRICE,2907009,"Will the price of Ethereum be between $1,800 and $1,900 on July 20?",2026-07-20T16:00:00,111.99,0.3450,0.2450,-0.1000,-0.0950,0.0950,BUY_NO,"weekly_between ETH spot=1918 [1800,1900] in=False",ETH,2.00,"{""spot"":1918.2,""in_range"":0,""pct_dist"":0.9491,""T_h"":111.9905,""moon_phase"":0.0409,""mercury_retrogrado"":1,""horas_hasta_fomc"":330.0,""smart_money_consensus"":0.0567,""smart_money_n_wallets"":14,""smart_money_consensus_ponderado"":0.3225,""smart_money_n_wallets_ponderado"":14}"
2026-07-16T00:00:33+00:00,WEEKLY_PRICE,2907012,"Will the price of Ethereum be between $1,900 and $2,000 on July 20?",2026-07-20T16:00:00,111.99,0.4100,0.5600,0.1500,0.1450,0.1450,SKIP,"weekly_between ETH spot=1918 [1900,2000] in=True",ETH,0.87,"{""spot"":1918.2,""in_range"":1,""pct_dist"":0.0,""T_h"":111.9905,""moon_phase"":0.0409,""mercury_retrogrado"":1,""horas_hasta_fomc"":330.0,""smart_money_consensus"":0.0567,""smart_money_n_wallets"":14,""smart_money_consensus_ponderado"":0.3225,""smart_money_n_wallets_ponderado"":14}"
2026-07-16T00:00:33+00:00,WEEKLY_PRICE,2907015,"Will the price of Ethereum be between $2,000 and $2,100 on July 20?",2026-07-20T16:00:00,111.99,0.1460,0.1000,-0.0460,-0.0410,0.0410,BUY_NO,"weekly_between ETH spot=1918 [2000,2100] in=False",ETH,2.00,"{""spot"":1918.2,""in_range"":0,""pct_dist"":4.2641,""T_h"":111.9905,""moon_phase"":0.0409,""mercury_retrogrado"":1,""horas_hasta_fomc"":330.0,""smart_money_consensus"":0.0567,""smart_money_n_wallets"":14,""smart_money_consensus_ponderado"":0.3225,""smart_money_n_wallets_ponderado"":14}"
2026-07-16T00:00:33+00:00,WEEKLY_PRICE,2907018,"Will the price of Ethereum be between $2,100 and $2,200 on July 20?",2026-07-20T16:00:00,111.99,0.0310,0.1000,0.0690,0.0640,0.0640,SKIP,"weekly_between ETH spot=1918 [2100,2200] in=False",ETH,0.87,"{""spot"":1918.2,""in_range"":0,""pct_dist"":9.4773,""T_h"":111.9905,""moon_phase"":0.0409,""mercury_retrogrado"":1,""horas_hasta_fomc"":330.0,""smart_money_consensus"":0.0567,""smart_money_n_wallets"":14,""smart_money_consensus_ponderado"":0.3225,""smart_money_n_wallets_ponderado"":14}"
2026-07-16T00:00:33+00:00,PRICE_TARGET_GBM,2907085,Will the price of Solana be above $30 on July 20?,2026-07-20T16:00:00,111.99,0.9845,0.9500,-0.0345,-0.0295,-0.0295,SKIP,price_target_gbm SOL atexpiry K=30 spot=77.32 (+157.7%vsK) sigma_h=0.0118 T=112.0h p_yes=1.000,SOL#atexpiry,0.50,"{""pct_vs_K"":157.7333,""sigma_h"":0.011817,""T_h"":111.9905,""log_ratio"":0.946755,""moon_phase"":0.0409,""mercury_retrogrado"":1,""horas_hasta_fomc"":330.0,""smart_money_consensus"":0.0684,""smart_money_n_wallets"":10,""smart_money_consensus_ponderado"":0.24,""smart_money_n_wallets_ponderado"":10}"
2026-07-16T00:00:33+00:00,PRICE_TARGET_GBM,2907093,Will the price of Solana be above $40 on July 20?,2026-07-20T16:00:00,111.99,0.9895,0.9500,-0.0395,-0.0345,-0.0345,SKIP,price_target_gbm SOL atexpiry K=40 spot=77.32 (+93.3%vsK) sigma_h=0.0118 T=112.0h p_yes=1.000,SOL#atexpiry,0.50,"{""pct_vs_K"":93.3,""sigma_h"":0.011817,""T_h"":111.9905,""log_ratio"":0.659073,""moon_phase"":0.0409,""mercury_retrogrado"":1,""horas_hasta_fomc"":330.0,""smart_money_consensus"":0.0684,""smart_money_n_wallets"":10,""smart_money_consensus_ponderado"":0.24,""smart_money_n_wallets_ponderado"":10}"
2026-07-16T00:00:33+00:00,PRICE_TARGET_GBM,2907098,Will the price of Solana be above $50 on July 20?,2026-07-20T16:00:00,111.99,0.9850,0.9500,-0.0350,-0.0300,-0.0300,SKIP,price_target_gbm SOL atexpiry K=50 spot=77.32 (+54.6%vsK) sigma_h=0.0118 T=112.0h p_yes=1.000,SOL#atexpiry,0.50,"{""pct_vs_K"":54.64,""sigma_h"":0.011817,""T_h"":111.9905,""log_ratio"":0.43593,""moon_phase"":0.0409,""mercury_retrogrado"":1,""horas_hasta_fomc"":330.0,""smart_money_consensus"":0.0684,""smart_money_n_wallets"":10,""smart_money_consensus_ponderado"":0.24,""smart_money_n_wallets_ponderado"":10}"
2026-07-16T00:00:33+00:00,PRICE_TARGET_GBM,2907106,Will the price of Solana be above $60 on July 20?,2026-07-20T16:00:00,111.99,0.9805,0.9500,-0.0305,-0.0255,-0.0255,SKIP,price_target_gbm SOL atexpiry K=60 spot=77.32 (+28.9%vsK) sigma_h=0.0118 T=112.0h p_yes=0.979,SOL#atexpiry,0.50,"{""pct_vs_K"":28.8667,""sigma_h"":0.011817,""T_h"":111.9905,""log_ratio"":0.253608,""moon_phase"":0.0409,""mercury_retrogrado"":1,""horas_hasta_fomc"":330.0,""smart_money_consensus"":0.0684,""smart_money_n_wallets"":10,""smart_money_consensus_ponderado"":0.24,""smart_money_n_wallets_ponderado"":10}"
2026-07-16T00:00:33+00:00,PRICE_TARGET_GBM,2907112,Will the price of Solana be above $70 on July 20?,2026-07-20T16:00:00,111.99,0.9580,0.7868,-0.1712,-0.1662,-0.1662,SKIP,price_target_gbm SOL atexpiry K=70 spot=77.32 (+10.5%vsK) sigma_h=0.0118 T=112.0h p_yes=0.787,SOL#atexpiry,0.50,"{""pct_vs_K"":10.4571,""sigma_h"":0.011817,""T_h"":111.9905,""log_ratio"":0.099457,""moon_phase"":0.0409,""mercury_retrogrado"":1,""horas_hasta_fomc"":330.0,""smart_money_consensus"":0.0684,""smart_money_n_wallets"":10,""smart_money_consensus_ponderado"":0.24,""smart_money_n_wallets_ponderado"":10}"
2026-07-16T00:00:33+00:00,WEEKLY_PRICE,2907115,Will the price of Solana be between $30 and $40 on July 20?,2026-07-20T16:00:00,111.99,0.0150,0.0600,0.0450,0.0400,0.0400,SKIP,"weekly_between SOL spot=77 [30,40] in=False",SOL,1.70,"{""spot"":77.32,""in_range"":0,""pct_dist"":48.2669,""T_h"":111.9905,""moon_phase"":0.0409,""mercury_retrogrado"":1,""horas_hasta_fomc"":330.0,""smart_money_consensus"":0.0684,""smart_money_n_wallets"":10,""smart_money_consensus_ponderado"":0.24,""smart_money_n_wallets_ponderado"":10}"
2026-07-16T00:00:33+00:00,PRICE_TARGET_GBM,2907118,Will the price of Solana be above $80 on July 20?,2026-07-20T16:00:00,111.99,0.2600,0.3926,0.1326,0.1276,0.1276,SKIP,price_target_gbm SOL atexpiry K=80 spot=77.32 (-3.4%vsK) sigma_h=0.0118 T=112.0h p_yes=0.393,SOL#atexpiry,0.50,"{""pct_vs_K"":-3.35,""sigma_h"":0.011817,""T_h"":111.9905,""log_ratio"":-0.034074,""moon_phase"":0.0409,""mercury_retrogrado"":1,""horas_hasta_fomc"":330.0,""smart_money_consensus"":0.0684,""smart_money_n_wallets"":10,""smart_money_consensus_ponderado"":0.24,""smart_money_n_wallets_ponderado"":10}"
2026-07-16T00:00:33+00:00,WEEKLY_PRICE,2907120,Will the price of Solana be between $40 and $50 on July 20?,2026-07-20T16:00:00,111.99,0.0150,0.0600,0.0450,0.0400,0.0400,SKIP,"weekly_between SOL spot=77 [40,50] in=False",SOL,1.70,"{""spot"":77.32,""in_range"":0,""pct_dist"":35.3337,""T_h"":111.9905,""moon_phase"":0.0409,""mercury_retrogrado"":1,""horas_hasta_fomc"":330.0,""smart_money_consensus"":0.0684,""smart_money_n_wallets"":10,""smart_money_consensus_ponderado"":0.24,""smart_money_n_wallets_ponderado"":10}"
2026-07-16T00:00:33+00:00,PRICE_TARGET_GBM,2907122,Will the price of Solana be above $90 on July 20?,2026-07-20T16:00:00,111.99,0.0210,0.1123,0.0913,0.0863,0.0863,SKIP,price_target_gbm SOL atexpiry K=90 spot=77.32 (-14.1%vsK) sigma_h=0.0118 T=112.0h p_yes=0.112,SOL#atexpiry,0.50,"{""pct_vs_K"":-14.0889,""sigma_h"":0.011817,""T_h"":111.9905,""log_ratio"":-0.151857,""moon_phase"":0.0409,""mercury_retrogrado"":1,""horas_hasta_fomc"":330.0,""smart_money_consensus"":0.0684,""smart_money_n_wallets"":10,""smart_money_consensus_ponderado"":0.24,""smart_money_n_wallets_ponderado"":10}"
2026-07-16T00:00:33+00:00,WEEKLY_PRICE,2907125,Will the price of Solana be between $50 and $60 on July 20?,2026-07-20T16:00:00,111.99,0.0195,0.0600,0.0405,0.0355,0.0355,SKIP,"weekly_between SOL spot=77 [50,60] in=False",SOL,1.70,"{""spot"":77.32,""in_range"":0,""pct_dist"":22.4004,""T_h"":111.9905,""moon_phase"":0.0409,""mercury_retrogrado"":1,""horas_hasta_fomc"":330.0,""smart_money_consensus"":0.0684,""smart_money_n_wallets"":10,""smart_money_consensus_ponderado"":0.24,""smart_money_n_wallets_ponderado"":10}"
2026-07-16T00:00:33+00:00,PRICE_TARGET_GBM,2907134,Will the price of Solana be above $100 on July 20?,2026-07-20T16:00:00,111.99,0.0130,0.0500,0.0370,0.0320,0.0320,SKIP,price_target_gbm SOL atexpiry K=100 spot=77.32 (-22.7%vsK) sigma_h=0.0118 T=112.0h p_yes=0.020,SOL#atexpiry,0.50,"{""pct_vs_K"":-22.68,""sigma_h"":0.011817,""T_h"":111.9905,""log_ratio"":-0.257218,""moon_phase"":0.0409,""mercury_retrogrado"":1,""horas_hasta_fomc"":330.0,""smart_money_consensus"":0.0684,""smart_money_n_wallets"":10,""smart_money_consensus_ponderado"":0.24,""smart_money_n_wallets_ponderado"":10}"
2026-07-16T00:00:33+00:00,WEEKLY_PRICE,2907135,Will the price of Solana be between $60 and $70 on July 20?,2026-07-20T16:00:00,111.99,0.0420,0.1000,0.0580,0.0530,0.0530,SKIP,"weekly_between SOL spot=77 [60,70] in=False",SOL,1.70,"{""spot"":77.32,""in_range"":0,""pct_dist"":9.4671,""T_h"":111.9905,""moon_phase"":0.0409,""mercury_retrogrado"":1,""horas_hasta_fomc"":330.0,""smart_money_consensus"":0.0684,""smart_money_n_wallets"":10,""smart_money_consensus_ponderado"":0.24,""smart_money_n_wallets_ponderado"":10}"
2026-07-16T00:00:33+00:00,PRICE_TARGET_GBM,2907142,Will the price of Solana be above $110 on July 20?,2026-07-20T16:00:00,111.99,0.0105,0.0500,0.0395,0.0345,0.0345,SKIP,price_target_gbm SOL atexpiry K=110 spot=77.32 (-29.7%vsK) sigma_h=0.0118 T=112.0h p_yes=0.002,SOL#atexpiry,0.50,"{""pct_vs_K"":-29.7091,""sigma_h"":0.011817,""T_h"":111.9905,""log_ratio"":-0.352528,""moon_phase"":0.0409,""mercury_retrogrado"":1,""horas_hasta_fomc"":330.0,""smart_money_consensus"":0.0684,""smart_money_n_wallets"":10,""smart_money_consensus_ponderado"":0.24,""smart_money_n_wallets_ponderado"":10}"
2026-07-16T00:00:33+00:00,WEEKLY_PRICE,2907144,Will the price of Solana be between $70 and $80 on July 20?,2026-07-20T16:00:00,111.99,0.7200,0.8700,0.1500,0.1450,0.1450,SKIP,"weekly_between SOL spot=77 [70,80] in=True",SOL,1.70,"{""spot"":77.32,""in_range"":1,""pct_dist"":0.0,""T_h"":111.9905,""moon_phase"":0.0409,""mercury_retrogrado"":1,""horas_hasta_fomc"":330.0,""smart_money_consensus"":0.0684,""smart_money_n_wallets"":10,""smart_money_consensus_ponderado"":0.24,""smart_money_n_wallets_ponderado"":10}"
2026-07-16T00:00:33+00:00,PRICE_TARGET_GBM,2907153,Will the price of Solana be above $120 on July 20?,2026-07-20T16:00:00,111.99,0.0105,0.0500,0.0395,0.0345,0.0345,SKIP,price_target_gbm SOL atexpiry K=120 spot=77.32 (-35.6%vsK) sigma_h=0.0118 T=112.0h p_yes=0.000,SOL#atexpiry,0.50,"{""pct_vs_K"":-35.5667,""sigma_h"":0.011817,""T_h"":111.9905,""log_ratio"":-0.439539,""moon_phase"":0.0409,""mercury_retrogrado"":1,""horas_hasta_fomc"":330.0,""smart_money_consensus"":0.0684,""smart_money_n_wallets"":10,""smart_money_consensus_ponderado"":0.24,""smart_money_n_wallets_ponderado"":10}"
2026-07-16T00:00:33+00:00,WEEKLY_PRICE,2907154,Will the price of Solana be between $80 and $90 on July 20?,2026-07-20T16:00:00,111.99,0.2450,0.1450,-0.1000,-0.0950,0.0950,BUY_NO,"weekly_between SOL spot=77 [80,90] in=False",SOL,2.00,"{""spot"":77.32,""in_range"":0,""pct_dist"":3.4661,""T_h"":111.9905,""moon_phase"":0.0409,""mercury_retrogrado"":1,""horas_hasta_fomc"":330.0,""smart_money_consensus"":0.0684,""smart_money_n_wallets"":10,""smart_money_consensus_ponderado"":0.24,""smart_money_n_wallets_ponderado"":10}"
2026-07-16T00:00:33+00:00,WEEKLY_PRICE,2907160,Will the price of Solana be between $90 and $100 on July 20?,2026-07-20T16:00:00,111.99,0.0205,0.1000,0.0795,0.0745,0.0745,SKIP,"weekly_between SOL spot=77 [90,100] in=False",SOL,1.70,"{""spot"":77.32,""in_range"":0,""pct_dist"":16.3994,""T_h"":111.9905,""moon_phase"":0.0409,""mercury_retrogrado"":1,""horas_hasta_fomc"":330.0,""smart_money_consensus"":0.0684,""smart_money_n_wallets"":10,""smart_money_consensus_ponderado"":0.24,""smart_money_n_wallets_ponderado"":10}"
2026-07-16T00:00:33+00:00,WEEKLY_PRICE,2907168,Will the price of Solana be between $100 and $110 on July 20?,2026-07-20T16:00:00,111.99,0.0150,0.0600,0.0450,0.0400,0.0400,SKIP,"weekly_between SOL spot=77 [100,110] in=False",SOL,1.70,"{""spot"":77.32,""in_range"":0,""pct_dist"":29.3326,""T_h"":111.9905,""moon_phase"":0.0409,""mercury_retrogrado"":1,""horas_hasta_fomc"":330.0,""smart_money_consensus"":0.0684,""smart_money_n_wallets"":10,""smart_money_consensus_ponderado"":0.24,""smart_money_n_wallets_ponderado"":10}"
2026-07-16T00:00:33+00:00,WEEKLY_PRICE,2907173,Will the price of Solana be between $110 and $120 on July 20?,2026-07-20T16:00:00,111.99,0.0150,0.0600,0.0450,0.0400,0.0400,SKIP,"weekly_between SOL spot=77 [110,120] in=False",SOL,1.70,"{""spot"":77.32,""in_range"":0,""pct_dist"":42.2659,""T_h"":111.9905,""moon_phase"":0.0409,""mercury_retrogrado"":1,""horas_hasta_fomc"":330.0,""smart_money_consensus"":0.0684,""smart_money_n_wallets"":10,""smart_money_consensus_ponderado"":0.24,""smart_money_n_wallets_ponderado"":10}"
2026-07-16T00:00:33+00:00,UPDOWN_GBM,2915383,"Bitcoin Up or Down - July 15, 8PM ET",2026-07-16T01:00:00,0.99,0.4950,0.5534,0.0584,0.0534,0.0534,SKIP,updown_gbm BTC 60min ref=6.472e+04 spot=6.476e+04 (+0.06%) sigma_h=0.0040 T=0.99h p_up=0.553 mu_h=-0.0001,BTC#60min,0.50,"{""pct_spot_vs_ref"":0.0587,""sigma_h"":0.003962,""T_h"":0.9905,""hora_utc"":0,""sigma_ewma_delta_pct"":26.198,""drift_15min"":0.3621,""drift_60min"":-0.1164,""kalman_mu_h"":-7.1e-05,""delta_ratio_macro"":-0.3836,""cross_window_spread"":-0.0025,""ibs_15"":0.5315,""dist_vwap_pct"":0.0063,""poly_drift_5obs"":0.0,""funding_rate_8h"":0.00249,""logit_edge"":0.2342,""sigma_b"":0.0133,""libro_spread"":0.05,""libro_liquidez"":8032.696,""moon_phase"":0.0409,""mercury_retrogrado"":1,""horas_hasta_fomc"":330.0,""smart_money_consensus"":0.248,""smart_money_n_wallets"":13,""smart_money_consensus_ponderado"":0.1087,""smart_money_n_wallets_ponderado"":13}"
2026-07-16T00:00:33+00:00,UPDOWN_GBM,2915384,"Ethereum Up or Down - July 15, 8PM ET",2026-07-16T01:00:00,0.99,0.5050,0.5399,0.0349,0.0299,0.0299,SKIP,updown_gbm ETH 60min ref=1917 spot=1918 (+0.08%) sigma_h=0.0071 T=0.99h p_up=0.540 mu_h=-0.0001,ETH#60min,0.50,"{""pct_spot_vs_ref"":0.0809,""sigma_h"":0.007093,""T_h"":0.9905,""hora_utc"":0,""sigma_ewma_delta_pct"":18.312,""drift_15min"":0.8086,""drift_60min"":-0.205,""kalman_mu_h"":-6.7e-05,""delta_ratio_macro"":0.0836,""cross_window_spread"":-0.0012,""ibs_15"":0.683,""dist_vwap_pct"":0.0181,""poly_drift_5obs"":0.0,""funding_rate_8h"":0.00475,""logit_edge"":0.1399,""sigma_b"":0.0,""libro_spread"":0.05,""libro_liquidez"":6380.773,""moon_phase"":0.0409,""mercury_retrogrado"":1,""horas_hasta_fomc"":330.0,""smart_money_consensus"":0.0567,""smart_money_n_wallets"":14,""smart_money_consensus_ponderado"":0.3225,""smart_money_n_wallets_ponderado"":14}"
2026-07-16T00:00:33+00:00,PRICE_TARGET_GBM,2922770,"Will the price of Ethereum be above $1,400 on July 21?",2026-07-21T16:00:00,135.99,0.9855,0.9500,-0.0355,-0.0305,-0.0305,SKIP,price_target_gbm ETH atexpiry K=1400 spot=1918.4 (+37.0%vsK) sigma_h=0.0113 T=136.0h p_yes=0.992,ETH#atexpiry,0.50,"{""pct_vs_K"":37.0271,""sigma_h"":0.011284,""T_h"":135.9905,""log_ratio"":0.315009,""moon_phase"":0.0409,""mercury_retrogrado"":1,""horas_hasta_fomc"":330.0,""smart_money_consensus"":0.0567,""smart_money_n_wallets"":14,""smart_money_consensus_ponderado"":0.3225,""smart_money_n_wallets_ponderado"":14}"
2026-07-16T00:00:33+00:00,PRICE_TARGET_GBM,2922772,"Will the price of Ethereum be above $1,500 on July 21?",2026-07-21T16:00:00,135.99,0.9845,0.9500,-0.0345,-0.0295,-0.0295,SKIP,price_target_gbm ETH atexpiry K=1500 spot=1918.4 (+27.9%vsK) sigma_h=0.0113 T=136.0h p_yes=0.969,ETH#atexpiry,0.50,"{""pct_vs_K"":27.892,""sigma_h"":0.011284,""T_h"":135.9905,""log_ratio"":0.246016,""moon_phase"":0.0409,""mercury_retrogrado"":1,""horas_hasta_fomc"":330.0,""smart_money_consensus"":0.0567,""smart_money_n_wallets"":14,""smart_money_consensus_ponderado"":0.3225,""smart_money_n_wallets_ponderado"":14}"
2026-07-16T00:00:33+00:00,PRICE_TARGET_GBM,2922774,"Will the price of Ethereum be above $1,600 on July 21?",2026-07-21T16:00:00,135.99,0.9830,0.9161,-0.0669,-0.0619,-0.0619,SKIP,price_target_gbm ETH atexpiry K=1600 spot=1918.4 (+19.9%vsK) sigma_h=0.0113 T=136.0h p_yes=0.916,ETH#atexpiry,0.50,"{""pct_vs_K"":19.8988,""sigma_h"":0.011284,""T_h"":135.9905,""log_ratio"":0.181477,""moon_phase"":0.0409,""mercury_retrogrado"":1,""horas_hasta_fomc"":330.0,""smart_money_consensus"":0.0567,""smart_money_n_wallets"":14,""smart_money_consensus_ponderado"":0.3225,""smart_money_n_wallets_ponderado"":14}"
2026-07-16T00:00:33+00:00,PRICE_TARGET_GBM,2922776,"Will the price of Ethereum be above $1,700 on July 21?",2026-07-21T16:00:00,135.99,0.9715,0.8208,-0.1507,-0.1457,-0.1457,SKIP,price_target_gbm ETH atexpiry K=1700 spot=1918.4 (+12.8%vsK) sigma_h=0.0113 T=136.0h p_yes=0.821,ETH#atexpiry,0.50,"{""pct_vs_K"":12.8459,""sigma_h"":0.011284,""T_h"":135.9905,""log_ratio"":0.120853,""moon_phase"":0.0409,""mercury_retrogrado"":1,""horas_hasta_fomc"":330.0,""smart_money_consensus"":0.0567,""smart_money_n_wallets"":14,""smart_money_consensus_ponderado"":0.3225,""smart_money_n_wallets_ponderado"":14}"
2026-07-16T00:00:33+00:00,WEEKLY_PRICE,2922777,"Will the price of Bitcoin be between $58,000 and $60,000 on July 21?",2026-07-21T16:00:00,135.99,0.0335,0.1000,0.0665,0.0615,0.0615,SKIP,"weekly_between BTC spot=64745 [58000,60000] in=False",BTC,0.77,"{""spot"":64744.97,""in_range"":0,""pct_dist"":7.3287,""T_h"":135.9905,""moon_phase"":0.0409,""mercury_retrogrado"":1,""horas_hasta_fomc"":330.0,""smart_money_consensus"":0.248,""smart_money_n_wallets"":13,""smart_money_consensus_ponderado"":0.1087,""smart_money_n_wallets_ponderado"":13}"
2026-07-16T00:00:33+00:00,PRICE_TARGET_GBM,2922778,"Will the price of Ethereum be above $1,800 on July 21?",2026-07-21T16:00:00,135.99,0.8850,0.6858,-0.1992,-0.1942,-0.1942,SKIP,price_target_gbm ETH atexpiry K=1800 spot=1918.4 (+6.6%vsK) sigma_h=0.0113 T=136.0h p_yes=0.686,ETH#atexpiry,0.50,"{""pct_vs_K"":6.5767,""sigma_h"":0.011284,""T_h"":135.9905,""log_ratio"":0.063694,""moon_phase"":0.0409,""mercury_retrogrado"":1,""horas_hasta_fomc"":330.0,""smart_money_consensus"":0.0567,""smart_money_n_wallets"":14,""smart_money_consensus_ponderado"":0.3225,""smart_money_n_wallets_ponderado"":14}"
2026-07-16T00:00:33+00:00,WEEKLY_PRICE,2922779,"Will the price of Bitcoin be between $60,000 and $62,000 on July 21?",2026-07-21T16:00:00,135.99,0.1050,0.1000,-0.0050,0.0000,0.0000,SKIP,"weekly_between BTC spot=64745 [60000,62000] in=False",BTC,0.77,"{""spot"":64744.97,""in_range"":0,""pct_dist"":4.2397,""T_h"":135.9905,""moon_phase"":0.0409,""mercury_retrogrado"":1,""horas_hasta_fomc"":330.0,""smart_money_consensus"":0.248,""smart_money_n_wallets"":13,""smart_money_consensus_ponderado"":0.1087,""smart_money_n_wallets_ponderado"":13}"
2026-07-16T00:00:33+00:00,WEEKLY_PRICE,2922780,"Will the price of Bitcoin be between $62,000 and $64,000 on July 21?",2026-07-21T16:00:00,135.99,0.2550,0.1550,-0.1000,-0.0950,0.0950,BUY_NO,"weekly_between BTC spot=64745 [62000,64000] in=False",BTC,2.00,"{""spot"":64744.97,""in_range"":0,""pct_dist"":1.1506,""T_h"":135.9905,""moon_phase"":0.0409,""mercury_retrogrado"":1,""horas_hasta_fomc"":330.0,""smart_money_consensus"":0.248,""smart_money_n_wallets"":13,""smart_money_consensus_ponderado"":0.1087,""smart_money_n_wallets_ponderado"":13}"
2026-07-16T00:00:33+00:00,PRICE_TARGET_GBM,2922781,"Will the price of Ethereum be above $1,900 on July 21?",2026-07-21T16:00:00,135.99,0.5750,0.5292,-0.0458,-0.0408,-0.0408,SKIP,price_target_gbm ETH atexpiry K=1900 spot=1918.4 (+1.0%vsK) sigma_h=0.0113 T=136.0h p_yes=0.529,ETH#atexpiry,0.50,"{""pct_vs_K"":0.9674,""sigma_h"":0.011284,""T_h"":135.9905,""log_ratio"":0.009627,""moon_phase"":0.0409,""mercury_retrogrado"":1,""horas_hasta_fomc"":330.0,""smart_money_consensus"":0.0567,""smart_money_n_wallets"":14,""smart_money_consensus_ponderado"":0.3225,""smart_money_n_wallets_ponderado"":14}"
2026-07-16T00:00:33+00:00,PRICE_TARGET_GBM,2922782,"Will the price of Ethereum be above $2,000 on July 21?",2026-07-21T16:00:00,135.99,0.2100,0.3758,0.1658,0.1608,0.1608,SKIP,price_target_gbm ETH atexpiry K=2000 spot=1918.4 (-4.1%vsK) sigma_h=0.0113 T=136.0h p_yes=0.376,ETH#atexpiry,0.50,"{""pct_vs_K"":-4.081,""sigma_h"":0.011284,""T_h"":135.9905,""log_ratio"":-0.041666,""moon_phase"":0.0409,""mercury_retrogrado"":1,""horas_hasta_fomc"":330.0,""smart_money_consensus"":0.0567,""smart_money_n_wallets"":14,""smart_money_consensus_ponderado"":0.3225,""smart_money_n_wallets_ponderado"":14}"
2026-07-16T00:00:33+00:00,WEEKLY_PRICE,2922783,"Will the price of Bitcoin be between $64,000 and $66,000 on July 21?",2026-07-21T16:00:00,135.99,0.3150,0.4650,0.1500,0.1450,0.1450,SKIP,"weekly_between BTC spot=64745 [64000,66000] in=True",BTC,0.77,"{""spot"":64744.97,""in_range"":1,""pct_dist"":0.0,""T_h"":135.9905,""moon_phase"":0.0409,""mercury_retrogrado"":1,""horas_hasta_fomc"":330.0,""smart_money_consensus"":0.248,""smart_money_n_wallets"":13,""smart_money_consensus_ponderado"":0.1087,""smart_money_n_wallets_ponderado"":13}"
2026-07-16T00:00:33+00:00,WEEKLY_PRICE,2922784,"Will the price of Bitcoin be between $66,000 and $68,000 on July 21?",2026-07-21T16:00:00,135.99,0.2050,0.1050,-0.1000,-0.0950,0.0950,BUY_NO,"weekly_between BTC spot=64745 [66000,68000] in=False",BTC,2.00,"{""spot"":64744.97,""in_range"":0,""pct_dist"":1.9384,""T_h"":135.9905,""moon_phase"":0.0409,""mercury_retrogrado"":1,""horas_hasta_fomc"":330.0,""smart_money_consensus"":0.248,""smart_money_n_wallets"":13,""smart_money_consensus_ponderado"":0.1087,""smart_money_n_wallets_ponderado"":13}"
2026-07-16T00:00:33+00:00,PRICE_TARGET_GBM,2922785,"Will the price of Ethereum be above $2,100 on July 21?",2026-07-21T16:00:00,135.99,0.0505,0.2459,0.1954,0.1904,0.1904,SKIP,price_target_gbm ETH atexpiry K=2100 spot=1918.4 (-8.6%vsK) sigma_h=0.0113 T=136.0h p_yes=0.246,ETH#atexpiry,0.50,"{""pct_vs_K"":-8.6486,""sigma_h"":0.011284,""T_h"":135.9905,""log_ratio"":-0.090456,""moon_phase"":0.0409,""mercury_retrogrado"":1,""horas_hasta_fomc"":330.0,""smart_money_consensus"":0.0567,""smart_money_n_wallets"":14,""smart_money_consensus_ponderado"":0.3225,""smart_money_n_wallets_ponderado"":14}"
2026-07-16T00:00:33+00:00,WEEKLY_PRICE,2922786,"Will the price of Bitcoin be between $68,000 and $70,000 on July 21?",2026-07-21T16:00:00,135.99,0.0750,0.1000,0.0250,0.0200,0.0200,SKIP,"weekly_between BTC spot=64745 [68000,70000] in=False",BTC,0.77,"{""spot"":64744.97,""in_range"":0,""pct_dist"":5.0275,""T_h"":135.9905,""moon_phase"":0.0409,""mercury_retrogrado"":1,""horas_hasta_fomc"":330.0,""smart_money_consensus"":0.248,""smart_money_n_wallets"":13,""smart_money_consensus_ponderado"":0.1087,""smart_money_n_wallets_ponderado"":13}"
2026-07-16T00:00:33+00:00,PRICE_TARGET_GBM,2922787,"Will the price of Ethereum be above $2,200 on July 21?",2026-07-21T16:00:00,135.99,0.0215,0.1490,0.1275,0.1225,0.1225,SKIP,price_target_gbm ETH atexpiry K=2200 spot=1918.4 (-12.8%vsK) sigma_h=0.0113 T=136.0h p_yes=0.149,ETH#atexpiry,0.50,"{""pct_vs_K"":-12.8009,""sigma_h"":0.011284,""T_h"":135.9905,""log_ratio"":-0.136976,""moon_phase"":0.0409,""mercury_retrogrado"":1,""horas_hasta_fomc"":330.0,""smart_money_consensus"":0.0567,""smart_money_n_wallets"":14,""smart_money_consensus_ponderado"":0.3225,""smart_money_n_wallets_ponderado"":14}"
2026-07-16T00:00:33+00:00,WEEKLY_PRICE,2922788,"Will the price of Bitcoin be between $70,000 and $72,000 on July 21?",2026-07-21T16:00:00,135.99,0.0215,0.1000,0.0785,0.0735,0.0735,SKIP,"weekly_between BTC spot=64745 [70000,72000] in=False",BTC,0.77,"{""spot"":64744.97,""in_range"":0,""pct_dist"":8.1165,""T_h"":135.9905,""moon_phase"":0.0409,""mercury_retrogrado"":1,""horas_hasta_fomc"":330.0,""smart_money_consensus"":0.248,""smart_money_n_wallets"":13,""smart_money_consensus_ponderado"":0.1087,""smart_money_n_wallets_ponderado"":13}"
2026-07-16T00:00:33+00:00,PRICE_TARGET_GBM,2922789,"Will the price of Ethereum be above $2,300 on July 21?",2026-07-21T16:00:00,135.99,0.0130,0.0840,0.0710,0.0660,0.0660,SKIP,price_target_gbm ETH atexpiry K=2300 spot=1918.4 (-16.6%vsK) sigma_h=0.0113 T=136.0h p_yes=0.084,ETH#atexpiry,0.50,"{""pct_vs_K"":-16.5922,""sigma_h"":0.011284,""T_h"":135.9905,""log_ratio"":-0.181428,""moon_phase"":0.0409,""mercury_retrogrado"":1,""horas_hasta_fomc"":330.0,""smart_money_consensus"":0.0567,""smart_money_n_wallets"":14,""smart_money_consensus_ponderado"":0.3225,""smart_money_n_wallets_ponderado"":14}"
2026-07-16T00:00:33+00:00,WEEKLY_PRICE,2922808,"Will the price of Ethereum be between $1,400 and $1,500 on July 21?",2026-07-21T16:00:00,135.99,0.0195,0.0600,0.0405,0.0355,0.0355,SKIP,"weekly_between ETH spot=1918 [1400,1500] in=False",ETH,0.87,"{""spot"":1918.2,""in_range"":0,""pct_dist"":21.8019,""T_h"":135.9905,""moon_phase"":0.0409,""mercury_retrogrado"":1,""horas_hasta_fomc"":330.0,""smart_money_consensus"":0.0567,""smart_money_n_wallets"":14,""smart_money_consensus_ponderado"":0.3225,""smart_money_n_wallets_ponderado"":14}"
2026-07-16T00:00:33+00:00,WEEKLY_PRICE,2922811,"Will the price of Ethereum be between $1,500 and $1,600 on July 21?",2026-07-21T16:00:00,135.99,0.0195,0.1000,0.0805,0.0755,0.0755,SKIP,"weekly_between ETH spot=1918 [1500,1600] in=False",ETH,0.87,"{""spot"":1918.2,""in_range"":0,""pct_dist"":16.5887,""T_h"":135.9905,""moon_phase"":0.0409,""mercury_retrogrado"":1,""horas_hasta_fomc"":330.0,""smart_money_consensus"":0.0567,""smart_money_n_wallets"":14,""smart_money_consensus_ponderado"":0.3225,""smart_money_n_wallets_ponderado"":14}"
2026-07-16T00:00:33+00:00,WEEKLY_PRICE,2922813,"Will the price of Ethereum be between $1,600 and $1,700 on July 21?",2026-07-21T16:00:00,135.99,0.0250,0.1000,0.0750,0.0700,0.0700,SKIP,"weekly_between ETH spot=1918 [1600,1700] in=False",ETH,0.87,"{""spot"":1918.2,""in_range"":0,""pct_dist"":11.3755,""T_h"":135.9905,""moon_phase"":0.0409,""mercury_retrogrado"":1,""horas_hasta_fomc"":330.0,""smart_money_consensus"":0.0567,""smart_money_n_wallets"":14,""smart_money_consensus_ponderado"":0.3225,""smart_money_n_wallets_ponderado"":14}"
2026-07-16T00:00:33+00:00,WEEKLY_PRICE,2922816,"Will the price of Ethereum be between $1,700 and $1,800 on July 21?",2026-07-21T16:00:00,135.99,0.1000,0.1000,0.0000,0.0050,0.0050,SKIP,"weekly_between ETH spot=1918 [1700,1800] in=False",ETH,0.87,"{""spot"":1918.2,""in_range"":0,""pct_dist"":6.1623,""T_h"":135.9905,""moon_phase"":0.0409,""mercury_retrogrado"":1,""horas_hasta_fomc"":330.0,""smart_money_consensus"":0.0567,""smart_money_n_wallets"":14,""smart_money_consensus_ponderado"":0.3225,""smart_money_n_wallets_ponderado"":14}"
2026-07-16T00:00:33+00:00,WEEKLY_PRICE,2922820,"Will the price of Ethereum be between $1,800 and $1,900 on July 21?",2026-07-21T16:00:00,135.99,0.3200,0.2200,-0.1000,-0.0950,0.0950,BUY_NO,"weekly_between ETH spot=1918 [1800,1900] in=False",ETH,2.00,"{""spot"":1918.2,""in_range"":0,""pct_dist"":0.9491,""T_h"":135.9905,""moon_phase"":0.0409,""mercury_retrogrado"":1,""horas_hasta_fomc"":330.0,""smart_money_consensus"":0.0567,""smart_money_n_wallets"":14,""smart_money_consensus_ponderado"":0.3225,""smart_money_n_wallets_ponderado"":14}"
2026-07-16T00:00:33+00:00,WEEKLY_PRICE,2922823,"Will the price of Ethereum be between $1,900 and $2,000 on July 21?",2026-07-21T16:00:00,135.99,0.3600,0.5100,0.1500,0.1450,0.1450,SKIP,"weekly_between ETH spot=1918 [1900,2000] in=True",ETH,0.87,"{""spot"":1918.2,""in_range"":1,""pct_dist"":0.0,""T_h"":135.9905,""moon_phase"":0.0409,""mercury_retrogrado"":1,""horas_hasta_fomc"":330.0,""smart_money_consensus"":0.0567,""smart_money_n_wallets"":14,""smart_money_consensus_ponderado"":0.3225,""smart_money_n_wallets_ponderado"":14}"
2026-07-16T00:00:33+00:00,WEEKLY_PRICE,2922826,"Will the price of Ethereum be between $2,000 and $2,100 on July 21?",2026-07-21T16:00:00,135.99,0.1650,0.1000,-0.0650,-0.0600,0.0600,BUY_NO,"weekly_between ETH spot=1918 [2000,2100] in=False",ETH,2.00,"{""spot"":1918.2,""in_range"":0,""pct_dist"":4.2641,""T_h"":135.9905,""moon_phase"":0.0409,""mercury_retrogrado"":1,""horas_hasta_fomc"":330.0,""smart_money_consensus"":0.0567,""smart_money_n_wallets"":14,""smart_money_consensus_ponderado"":0.3225,""smart_money_n_wallets_ponderado"":14}"
2026-07-16T00:00:33+00:00,WEEKLY_PRICE,2922831,"Will the price of Ethereum be between $2,100 and $2,200 on July 21?",2026-07-21T16:00:00,135.99,0.0440,0.1000,0.0560,0.0510,0.0510,SKIP,"weekly_between ETH spot=1918 [2100,2200] in=False",ETH,0.87,"{""spot"":1918.2,""in_range"":0,""pct_dist"":9.4773,""T_h"":135.9905,""moon_phase"":0.0409,""mercury_retrogrado"":1,""horas_hasta_fomc"":330.0,""smart_money_consensus"":0.0567,""smart_money_n_wallets"":14,""smart_money_consensus_ponderado"":0.3225,""smart_money_n_wallets_ponderado"":14}"
2026-07-16T00:00:33+00:00,WEEKLY_PRICE,2922835,"Will the price of Ethereum be between $2,200 and $2,300 on July 21?",2026-07-21T16:00:00,135.99,0.0215,0.1000,0.0785,0.0735,0.0735,SKIP,"weekly_between ETH spot=1918 [2200,2300] in=False",ETH,0.87,"{""spot"":1918.2,""in_range"":0,""pct_dist"":14.6906,""T_h"":135.9905,""moon_phase"":0.0409,""mercury_retrogrado"":1,""horas_hasta_fomc"":330.0,""smart_money_consensus"":0.0567,""smart_money_n_wallets"":14,""smart_money_consensus_ponderado"":0.3225,""smart_money_n_wallets_ponderado"":14}"
2026-07-16T00:00:33+00:00,PRICE_TARGET_GBM,2922881,Will the price of Solana be above $30 on July 21?,2026-07-21T16:00:00,135.99,0.9850,0.9500,-0.0350,-0.0300,-0.0300,SKIP,price_target_gbm SOL atexpiry K=30 spot=77.32 (+157.7%vsK) sigma_h=0.0141 T=136.0h p_yes=1.000,SOL#atexpiry,0.50,"{""pct_vs_K"":157.7333,""sigma_h"":0.014114,""T_h"":135.9905,""log_ratio"":0.946755,""moon_phase"":0.0409,""mercury_retrogrado"":1,""horas_hasta_fomc"":330.0,""smart_money_consensus"":0.0684,""smart_money_n_wallets"":10,""smart_money_consensus_ponderado"":0.24,""smart_money_n_wallets_ponderado"":10}"
2026-07-16T00:00:33+00:00,PRICE_TARGET_GBM,2922886,Will the price of Solana be above $40 on July 21?,2026-07-21T16:00:00,135.99,0.9845,0.9500,-0.0345,-0.0295,-0.0295,SKIP,price_target_gbm SOL atexpiry K=40 spot=77.32 (+93.3%vsK) sigma_h=0.0141 T=136.0h p_yes=1.000,SOL#atexpiry,0.50,"{""pct_vs_K"":93.3,""sigma_h"":0.014114,""T_h"":135.9905,""log_ratio"":0.659073,""moon_phase"":0.0409,""mercury_retrogrado"":1,""horas_hasta_fomc"":330.0,""smart_money_consensus"":0.0684,""smart_money_n_wallets"":10,""smart_money_consensus_ponderado"":0.24,""smart_money_n_wallets_ponderado"":10}"
2026-07-16T00:00:33+00:00,WEEKLY_PRICE,2922887,Will the price of Solana be between $30 and $40 on July 21?,2026-07-21T16:00:00,135.99,0.0150,0.0600,0.0450,0.0400,0.0400,SKIP,"weekly_between SOL spot=77 [30,40] in=False",SOL,1.70,"{""spot"":77.32,""in_range"":0,""pct_dist"":48.2669,""T_h"":135.9905,""moon_phase"":0.0409,""mercury_retrogrado"":1,""horas_hasta_fomc"":330.0,""smart_money_consensus"":0.0684,""smart_money_n_wallets"":10,""smart_money_consensus_ponderado"":0.24,""smart_money_n_wallets_ponderado"":10}"
2026-07-16T00:00:33+00:00,PRICE_TARGET_GBM,2922891,Will the price of Solana be above $50 on July 21?,2026-07-21T16:00:00,135.99,0.9850,0.9500,-0.0350,-0.0300,-0.0300,SKIP,price_target_gbm SOL atexpiry K=50 spot=77.32 (+54.6%vsK) sigma_h=0.0141 T=136.0h p_yes=0.996,SOL#atexpiry,0.50,"{""pct_vs_K"":54.64,""sigma_h"":0.014114,""T_h"":135.9905,""log_ratio"":0.43593,""moon_phase"":0.0409,""mercury_retrogrado"":1,""horas_hasta_fomc"":330.0,""smart_money_consensus"":0.0684,""smart_money_n_wallets"":10,""smart_money_consensus_ponderado"":0.24,""smart_money_n_wallets_ponderado"":10}"
2026-07-16T00:00:33+00:00,WEEKLY_PRICE,2922894,Will the price of Solana be between $40 and $50 on July 21?,2026-07-21T16:00:00,135.99,0.0150,0.0600,0.0450,0.0400,0.0400,SKIP,"weekly_between SOL spot=77 [40,50] in=False",SOL,1.70,"{""spot"":77.32,""in_range"":0,""pct_dist"":35.3337,""T_h"":135.9905,""moon_phase"":0.0409,""mercury_retrogrado"":1,""horas_hasta_fomc"":330.0,""smart_money_consensus"":0.0684,""smart_money_n_wallets"":10,""smart_money_consensus_ponderado"":0.24,""smart_money_n_wallets_ponderado"":10}"
2026-07-16T00:00:33+00:00,PRICE_TARGET_GBM,2922899,Will the price of Solana be above $60 on July 21?,2026-07-21T16:00:00,135.99,0.9805,0.9383,-0.0422,-0.0372,-0.0372,SKIP,price_target_gbm SOL atexpiry K=60 spot=77.32 (+28.9%vsK) sigma_h=0.0141 T=136.0h p_yes=0.938,SOL#atexpiry,0.50,"{""pct_vs_K"":28.8667,""sigma_h"":0.014114,""T_h"":135.9905,""log_ratio"":0.253608,""moon_phase"":0.0409,""mercury_retrogrado"":1,""horas_hasta_fomc"":330.0,""smart_money_consensus"":0.0684,""smart_money_n_wallets"":10,""smart_money_consensus_ponderado"":0.24,""smart_money_n_wallets_ponderado"":10}"
2026-07-16T00:00:33+00:00,WEEKLY_PRICE,2922900,Will the price of Solana be between $50 and $60 on July 21?,2026-07-21T16:00:00,135.99,0.0195,0.0600,0.0405,0.0355,0.0355,SKIP,"weekly_between SOL spot=77 [50,60] in=False",SOL,1.70,"{""spot"":77.32,""in_range"":0,""pct_dist"":22.4004,""T_h"":135.9905,""moon_phase"":0.0409,""mercury_retrogrado"":1,""horas_hasta_fomc"":330.0,""smart_money_consensus"":0.0684,""smart_money_n_wallets"":10,""smart_money_consensus_ponderado"":0.24,""smart_money_n_wallets_ponderado"":10}"
2026-07-16T00:00:33+00:00,PRICE_TARGET_GBM,2922907,Will the price of Solana be above $70 on July 21?,2026-07-21T16:00:00,135.99,0.9400,0.7272,-0.2128,-0.2078,-0.2078,SKIP,price_target_gbm SOL atexpiry K=70 spot=77.32 (+10.5%vsK) sigma_h=0.0141 T=136.0h p_yes=0.727,SOL#atexpiry,0.50,"{""pct_vs_K"":10.4571,""sigma_h"":0.014114,""T_h"":135.9905,""log_ratio"":0.099457,""moon_phase"":0.0409,""mercury_retrogrado"":1,""horas_hasta_fomc"":330.0,""smart_money_consensus"":0.0684,""smart_money_n_wallets"":10,""smart_money_consensus_ponderado"":0.24,""smart_money_n_wallets_ponderado"":10}"
2026-07-16T00:00:33+00:00,WEEKLY_PRICE,2922908,Will the price of Solana be between $60 and $70 on July 21?,2026-07-21T16:00:00,135.99,0.0600,0.1000,0.0400,0.0350,0.0350,SKIP,"weekly_between SOL spot=77 [60,70] in=False",SOL,1.70,"{""spot"":77.32,""in_range"":0,""pct_dist"":9.4671,""T_h"":135.9905,""moon_phase"":0.0409,""mercury_retrogrado"":1,""horas_hasta_fomc"":330.0,""smart_money_consensus"":0.0684,""smart_money_n_wallets"":10,""smart_money_consensus_ponderado"":0.24,""smart_money_n_wallets_ponderado"":10}"
2026-07-16T00:00:33+00:00,PRICE_TARGET_GBM,2922910,Will the price of Solana be above $80 on July 21?,2026-07-21T16:00:00,135.99,0.2800,0.4180,0.1380,0.1330,0.1330,SKIP,price_target_gbm SOL atexpiry K=80 spot=77.32 (-3.4%vsK) sigma_h=0.0141 T=136.0h p_yes=0.418,SOL#atexpiry,0.50,"{""pct_vs_K"":-3.35,""sigma_h"":0.014114,""T_h"":135.9905,""log_ratio"":-0.034074,""moon_phase"":0.0409,""mercury_retrogrado"":1,""horas_hasta_fomc"":330.0,""smart_money_consensus"":0.0684,""smart_money_n_wallets"":10,""smart_money_consensus_ponderado"":0.24,""smart_money_n_wallets_ponderado"":10}"
2026-07-16T00:00:33+00:00,WEEKLY_PRICE,2922911,Will the price of Solana be between $70 and $80 on July 21?,2026-07-21T16:00:00,135.99,0.6800,0.8300,0.1500,0.1450,0.1450,SKIP,"weekly_between SOL spot=77 [70,80] in=True",SOL,1.70,"{""spot"":77.32,""in_range"":1,""pct_dist"":0.0,""T_h"":135.9905,""moon_phase"":0.0409,""mercury_retrogrado"":1,""horas_hasta_fomc"":330.0,""smart_money_consensus"":0.0684,""smart_money_n_wallets"":10,""smart_money_consensus_ponderado"":0.24,""smart_money_n_wallets_ponderado"":10}"
2026-07-16T00:00:33+00:00,PRICE_TARGET_GBM,2922915,Will the price of Solana be above $90 on July 21?,2026-07-21T16:00:00,135.99,0.0220,0.1781,0.1561,0.1511,0.1511,SKIP,price_target_gbm SOL atexpiry K=90 spot=77.32 (-14.1%vsK) sigma_h=0.0141 T=136.0h p_yes=0.178,SOL#atexpiry,0.50,"{""pct_vs_K"":-14.0889,""sigma_h"":0.014114,""T_h"":135.9905,""log_ratio"":-0.151857,""moon_phase"":0.0409,""mercury_retrogrado"":1,""horas_hasta_fomc"":330.0,""smart_money_consensus"":0.0684,""smart_money_n_wallets"":10,""smart_money_consensus_ponderado"":0.24,""smart_money_n_wallets_ponderado"":10}"
2026-07-16T00:00:33+00:00,WEEKLY_PRICE,2922917,Will the price of Solana be between $80 and $90 on July 21?,2026-07-21T16:00:00,135.99,0.2650,0.1650,-0.1000,-0.0950,0.0950,BUY_NO,"weekly_between SOL spot=77 [80,90] in=False",SOL,2.00,"{""spot"":77.32,""in_range"":0,""pct_dist"":3.4661,""T_h"":135.9905,""moon_phase"":0.0409,""mercury_retrogrado"":1,""horas_hasta_fomc"":330.0,""smart_money_consensus"":0.0684,""smart_money_n_wallets"":10,""smart_money_consensus_ponderado"":0.24,""smart_money_n_wallets_ponderado"":10}"
2026-07-16T00:00:33+00:00,PRICE_TARGET_GBM,2922921,Will the price of Solana be above $100 on July 21?,2026-07-21T16:00:00,135.99,0.0195,0.0590,0.0395,0.0345,0.0345,SKIP,price_target_gbm SOL atexpiry K=100 spot=77.32 (-22.7%vsK) sigma_h=0.0141 T=136.0h p_yes=0.059,SOL#atexpiry,0.50,"{""pct_vs_K"":-22.68,""sigma_h"":0.014114,""T_h"":135.9905,""log_ratio"":-0.257218,""moon_phase"":0.0409,""mercury_retrogrado"":1,""horas_hasta_fomc"":330.0,""smart_money_consensus"":0.0684,""smart_money_n_wallets"":10,""smart_money_consensus_ponderado"":0.24,""smart_money_n_wallets_ponderado"":10}"
2026-07-16T00:00:33+00:00,WEEKLY_PRICE,2922923,Will the price of Solana be between $90 and $100 on July 21?,2026-07-21T16:00:00,135.99,0.0220,0.1000,0.0780,0.0730,0.0730,SKIP,"weekly_between SOL spot=77 [90,100] in=False",SOL,1.70,"{""spot"":77.32,""in_range"":0,""pct_dist"":16.3994,""T_h"":135.9905,""moon_phase"":0.0409,""mercury_retrogrado"":1,""horas_hasta_fomc"":330.0,""smart_money_consensus"":0.0684,""smart_money_n_wallets"":10,""smart_money_consensus_ponderado"":0.24,""smart_money_n_wallets_ponderado"":10}"
2026-07-16T00:00:33+00:00,PRICE_TARGET_GBM,2922928,Will the price of Solana be above $110 on July 21?,2026-07-21T16:00:00,135.99,0.0150,0.0500,0.0350,0.0300,0.0300,SKIP,price_target_gbm SOL atexpiry K=110 spot=77.32 (-29.7%vsK) sigma_h=0.0141 T=136.0h p_yes=0.016,SOL#atexpiry,0.50,"{""pct_vs_K"":-29.7091,""sigma_h"":0.014114,""T_h"":135.9905,""log_ratio"":-0.352528,""moon_phase"":0.0409,""mercury_retrogrado"":1,""horas_hasta_fomc"":330.0,""smart_money_consensus"":0.0684,""smart_money_n_wallets"":10,""smart_money_consensus_ponderado"":0.24,""smart_money_n_wallets_ponderado"":10}"
2026-07-16T00:00:33+00:00,WEEKLY_PRICE,2922929,Will the price of Solana be between $100 and $110 on July 21?,2026-07-21T16:00:00,135.99,0.0150,0.0600,0.0450,0.0400,0.0400,SKIP,"weekly_between SOL spot=77 [100,110] in=False",SOL,1.70,"{""spot"":77.32,""in_range"":0,""pct_dist"":29.3326,""T_h"":135.9905,""moon_phase"":0.0409,""mercury_retrogrado"":1,""horas_hasta_fomc"":330.0,""smart_money_consensus"":0.0684,""smart_money_n_wallets"":10,""smart_money_consensus_ponderado"":0.24,""smart_money_n_wallets_ponderado"":10}"
2026-07-16T00:00:33+00:00,PRICE_TARGET_GBM,2922934,Will the price of Solana be above $120 on July 21?,2026-07-21T16:00:00,135.99,0.0150,0.0500,0.0350,0.0300,0.0300,SKIP,price_target_gbm SOL atexpiry K=120 spot=77.32 (-35.6%vsK) sigma_h=0.0141 T=136.0h p_yes=0.004,SOL#atexpiry,0.50,"{""pct_vs_K"":-35.5667,""sigma_h"":0.014114,""T_h"":135.9905,""log_ratio"":-0.439539,""moon_phase"":0.0409,""mercury_retrogrado"":1,""horas_hasta_fomc"":330.0,""smart_money_consensus"":0.0684,""smart_money_n_wallets"":10,""smart_money_consensus_ponderado"":0.24,""smart_money_n_wallets_ponderado"":10}"
2026-07-16T00:00:33+00:00,WEEKLY_PRICE,2922935,Will the price of Solana be between $110 and $120 on July 21?,2026-07-21T16:00:00,135.99,0.0150,0.0600,0.0450,0.0400,0.0400,SKIP,"weekly_between SOL spot=77 [110,120] in=False",SOL,1.70,"{""spot"":77.32,""in_range"":0,""pct_dist"":42.2659,""T_h"":135.9905,""moon_phase"":0.0409,""mercury_retrogrado"":1,""horas_hasta_fomc"":330.0,""smart_money_consensus"":0.0684,""smart_money_n_wallets"":10,""smart_money_consensus_ponderado"":0.24,""smart_money_n_wallets_ponderado"":10}"
2026-07-16T00:00:33+00:00,PRICE_TARGET_GBM,2922937,Will the price of Solana be above $130 on July 21?,2026-07-21T16:00:00,135.99,0.0150,0.0500,0.0350,0.0300,0.0300,SKIP,price_target_gbm SOL atexpiry K=130 spot=77.32 (-40.5%vsK) sigma_h=0.0141 T=136.0h p_yes=0.001,SOL#atexpiry,0.50,"{""pct_vs_K"":-40.5231,""sigma_h"":0.014114,""T_h"":135.9905,""log_ratio"":-0.519582,""moon_phase"":0.0409,""mercury_retrogrado"":1,""horas_hasta_fomc"":330.0,""smart_money_consensus"":0.0684,""smart_money_n_wallets"":10,""smart_money_consensus_ponderado"":0.24,""smart_money_n_wallets_ponderado"":10}"
2026-07-16T00:00:33+00:00,UPDOWN_GBM,2923346,Bitcoin Up or Down on July 16?,2026-07-16T16:00:00,15.99,0.2450,0.4655,0.2205,0.2155,0.2155,BUY_YES,updown_gbm BTC daily ref=6.472e+04 spot=6.476e+04 (+0.06%) sigma_h=0.0037 T=15.99h p_up=0.465 mu_h=-0.0001,BTC#daily,0.55,"{""pct_spot_vs_ref"":0.0587,""sigma_h"":0.003682,""T_h"":15.9905,""hora_utc"":0,""sigma_ewma_delta_pct"":35.467,""drift_15min"":0.3621,""drift_60min"":-0.1164,""kalman_mu_h"":-0.000257,""delta_ratio_macro"":-0.3836,""ibs_15"":0.5315,""dist_vwap_pct"":0.0063,""poly_drift_5obs"":13.9535,""funding_rate_8h"":0.00249,""logit_edge"":0.9872,""sigma_b"":0.0565,""libro_spread"":0.01,""libro_liquidez"":30556.771,""moon_phase"":0.0409,""mercury_retrogrado"":1,""horas_hasta_fomc"":330.0,""smart_money_consensus"":0.248,""smart_money_n_wallets"":13,""smart_money_consensus_ponderado"":0.1087,""smart_money_n_wallets_ponderado"":13}"
2026-07-16T00:01:19+00:00,LEADLAG_BTC_XRP_15M,2929013,"XRP Up or Down - July 15, 8:00PM-8:15PM ET",2026-07-16T00:15:00,0.23,0.4950,0.5000,0.0050,0.0000,0.0000,SKIP,leadlag_btc_xrp btc_momentum=+0.0000 n_muestras=3,XRP#15min,0.94,"{""btc_momentum"":0.0,""n_muestras_btc"":3,""py_entrada"":0.495,""hora_utc"":0,""libro_spread"":0.01,""libro_liquidez"":2358.9167,""moon_phase"":0.0409,""mercury_retrogrado"":1,""horas_hasta_fomc"":330.0,""smart_money_consensus"":-0.0633,""smart_money_n_wallets"":9,""smart_money_consensus_ponderado"":-0.2646,""smart_money_n_wallets_ponderado"":9}"
2026-07-16T00:02:25+00:00,FAVORITO_CONFIRMADO,2915383,"Bitcoin Up or Down - July 15, 8PM ET",2026-07-16T01:00:00,0.96,0.5550,0.6150,0.0600,0.0550,0.0550,BUY_YES,"favorito_confirmado BTC py=0.555 lado=YES (momentum-consenso, model-free)",BTC#60min,2.00,"{""py_entrada"":0.555,""restante_min"":57.56,""hora_utc"":0,""libro_spread"":0.01,""libro_liquidez"":3648.0091,""moon_phase"":0.0409,""mercury_retrogrado"":1,""horas_hasta_fomc"":330.0,""smart_money_consensus"":-0.0536,""smart_money_n_wallets"":9,""smart_money_consensus_ponderado"":-0.149,""smart_money_n_wallets_ponderado"":9,""wang_p_implicito"":0.4822,""wang_gap"":0.1328}"
2026-07-16T00:02:25+00:00,FAVORITO_CONFIRMADO,2929002,"Bitcoin Up or Down - July 15, 8:00PM-8:15PM ET",2026-07-16T00:15:00,0.21,0.7150,0.7750,0.0600,0.0550,0.0550,BUY_YES,"favorito_confirmado BTC py=0.715 lado=YES (momentum-consenso, model-free)",BTC#15min,2.00,"{""py_entrada"":0.715,""restante_min"":12.56,""hora_utc"":0,""libro_spread"":0.01,""libro_liquidez"":4877.8988,""moon_phase"":0.0409,""mercury_retrogrado"":1,""horas_hasta_fomc"":330.0,""smart_money_consensus"":-0.0536,""smart_money_n_wallets"":9,""smart_money_consensus_ponderado"":-0.149,""smart_money_n_wallets_ponderado"":9,""wang_p_implicito"":0.6499,""wang_gap"":0.1251}"
2026-07-16T00:02:25+00:00,FAVORITO_CONFIRMADO,2929004,"Ethereum Up or Down - July 15, 8:00PM-8:15PM ET",2026-07-16T00:15:00,0.21,0.7850,0.8450,0.0600,0.0550,0.0550,BUY_YES,"favorito_confirmado ETH py=0.785 lado=YES (momentum-consenso, model-free)",ETH#15min,2.00,"{""py_entrada"":0.785,""restante_min"":12.56,""hora_utc"":0,""libro_spread"":0.01,""libro_liquidez"":2792.8715,""moon_phase"":0.0409,""mercury_retrogrado"":1,""horas_hasta_fomc"":330.0,""smart_money_consensus"":-0.0781,""smart_money_n_wallets"":9,""smart_money_consensus_ponderado"":-0.0856,""smart_money_n_wallets_ponderado"":9,""wang_p_implicito"":0.7278,""wang_gap"":0.1172}"
2026-07-16T00:02:25+00:00,FAVORITO_CONFIRMADO,2929005,"Solana Up or Down - July 15, 8:00PM-8:15PM ET",2026-07-16T00:15:00,0.21,0.7250,0.7850,0.0600,0.0550,0.0550,BUY_YES,"favorito_confirmado SOL py=0.725 lado=YES (momentum-consenso, model-free)",SOL#15min,2.00,"{""py_entrada"":0.725,""restante_min"":12.56,""hora_utc"":0,""libro_spread"":0.01,""libro_liquidez"":1474.5832,""moon_phase"":0.0409,""mercury_retrogrado"":1,""horas_hasta_fomc"":330.0,""smart_money_consensus"":-0.1758,""smart_money_n_wallets"":7,""smart_money_consensus_ponderado"":-0.2192,""smart_money_n_wallets_ponderado"":7,""wang_p_implicito"":0.6608,""wang_gap"":0.1242}"
2026-07-16T00:02:25+00:00,FAVORITO_CONFIRMADO_SOL_ALTACONVICCION,2929005,"Solana Up or Down - July 15, 8:00PM-8:15PM ET",2026-07-16T00:15:00,0.21,0.7250,0.7850,0.0600,0.0550,0.0550,BUY_YES,"favorito_confirmado SOL py=0.725 lado=YES (momentum-consenso, model-free)",SOL#15min,2.00,"{""py_entrada"":0.725,""restante_min"":12.56,""hora_utc"":0,""libro_spread"":0.01,""libro_liquidez"":1474.5832,""moon_phase"":0.0409,""mercury_retrogrado"":1,""horas_hasta_fomc"":330.0,""smart_money_consensus"":-0.1758,""smart_money_n_wallets"":7,""smart_money_consensus_ponderado"":-0.2192,""smart_money_n_wallets_ponderado"":7}"
2026-07-16T00:02:25+00:00,FAVORITO_CONFIRMADO,2929013,"XRP Up or Down - July 15, 8:00PM-8:15PM ET",2026-07-16T00:15:00,0.21,0.7950,0.8550,0.0600,0.0550,0.0550,BUY_YES,"favorito_confirmado XRP py=0.795 lado=YES (momentum-consenso, model-free)",XRP#15min,1.50,"{""py_entrada"":0.795,""restante_min"":12.55,""hora_utc"":0,""libro_spread"":0.01,""libro_liquidez"":1674.1799,""moon_phase"":0.0409,""mercury_retrogrado"":1,""horas_hasta_fomc"":330.0,""smart_money_consensus"":-0.1094,""smart_money_n_wallets"":7,""smart_money_consensus_ponderado"":0.0772,""smart_money_n_wallets_ponderado"":7,""wang_p_implicito"":0.7392,""wang_gap"":0.1158}"
2026-07-16T00:03:12+00:00,GBM_LATE_15M,2929002,"Bitcoin Up or Down - July 15, 8:00PM-8:15PM ET",2026-07-16T00:15:00,0.20,0.7150,0.6106,-0.1044,-0.0994,0.0994,BUY_NO,gbm_late_15min BTC drift_vent=+0.067% rest=11.8min d=+0.28 p_up=0.61 py=0.71,BTC#15min,1.19,"{""drift_ventana_pct"":0.0667,""restante_min"":11.78,""T_h"":0.1963,""sigma_h"":0.00536,""d_gbm"":0.281,""py_entrada"":0.715,""hora_utc"":0,""mercado_anchura_pct"":0.248,""drift_20min_pct"":0.1131,""ibs_20min"":0.7356,""dist_ancla_estructural_pct"":0.0735,""volumen_regimen"":1.4272,""n_obs_vol_h"":43,""se_d_gbm_aprox"":0.0303,""sigma_h_ewma10"":0.00478,""sigma_ewma_delta_pct"":-10.713,""dist_vwap_pct"":-0.0174,""retest_pct"":0.0,""libro_spread"":0.01,""libro_liquidez"":4877.8988,""moon_phase"":0.041,""mercury_retrogrado"":1,""horas_hasta_fomc"":329.9,""smart_money_consensus"":-0.0536,""smart_money_n_wallets"":9,""smart_money_consensus_ponderado"":-0.149,""smart_money_n_wallets_ponderado"":9,""ventana_activos_previos_mismo_signo"":0,""favorito_confirma_decision"":null,""favorito_confirma_coincide"":null}"
2026-07-16T00:03:12+00:00,GBM_LATE_15M,2929004,"Ethereum Up or Down - July 15, 8:00PM-8:15PM ET",2026-07-16T00:15:00,0.20,0.7850,0.6617,-0.1233,-0.1183,0.1183,BUY_NO,gbm_late_15min ETH drift_vent=+0.173% rest=11.8min d=+0.42 p_up=0.66 py=0.79,ETH#15min,1.30,"{""drift_ventana_pct"":0.1732,""restante_min"":11.78,""T_h"":0.1963,""sigma_h"":0.00937,""d_gbm"":0.417,""py_entrada"":0.785,""hora_utc"":0,""mercado_anchura_pct"":0.2125,""drift_20min_pct"":0.2448,""ibs_20min"":0.9627,""dist_ancla_estructural_pct"":0.1933,""volumen_regimen"":1.2288,""n_obs_vol_h"":43,""se_d_gbm_aprox"":0.045,""sigma_h_ewma10"":0.0085,""sigma_ewma_delta_pct"":-9.251,""dist_vwap_pct"":-0.0213,""retest_pct"":0.0,""libro_spread"":0.01,""libro_liquidez"":2792.8715,""moon_phase"":0.041,""mercury_retrogrado"":1,""horas_hasta_fomc"":329.9,""smart_money_consensus"":-0.0781,""smart_money_n_wallets"":9,""smart_money_consensus_ponderado"":-0.0856,""smart_money_n_wallets_ponderado"":9,""ventana_activos_previos_mismo_signo"":1,""favorito_confirma_decision"":null,""favorito_confirma_coincide"":null}"
2026-07-16T00:03:12+00:00,GBM_LATE_15M_ESPACIO_ATR,2929004,"Ethereum Up or Down - July 15, 8:00PM-8:15PM ET",2026-07-16T00:15:00,0.20,0.7850,0.6617,-0.1233,-0.1183,0.1183,BUY_NO,gbm_late_15min ETH drift_vent=+0.173% rest=11.8min d=+0.42 p_up=0.66 py=0.79,ETH#15min,2.00,"{""drift_ventana_pct"":0.1732,""restante_min"":11.78,""T_h"":0.1963,""sigma_h"":0.00937,""d_gbm"":0.417,""py_entrada"":0.785,""hora_utc"":0,""mercado_anchura_pct"":0.2125,""drift_20min_pct"":0.2448,""ibs_20min"":0.9627,""dist_ancla_estructural_pct"":0.1933,""volumen_regimen"":1.2288,""n_obs_vol_h"":43,""se_d_gbm_aprox"":0.045,""sigma_h_ewma10"":0.0085,""sigma_ewma_delta_pct"":-9.251,""dist_vwap_pct"":-0.0213,""retest_pct"":0.0,""libro_spread"":0.01,""libro_liquidez"":2792.8715,""moon_phase"":0.041,""mercury_retrogrado"":1,""horas_hasta_fomc"":329.9,""smart_money_consensus"":-0.0781,""smart_money_n_wallets"":9,""smart_money_consensus_ponderado"":-0.0856,""smart_money_n_wallets_ponderado"":9,""ventana_activos_previos_mismo_signo"":1,""favorito_confirma_decision"":null,""favorito_confirma_coincide"":null}"
2026-07-16T00:03:12+00:00,GBM_LATE_15M,2929005,"Solana Up or Down - July 15, 8:00PM-8:15PM ET",2026-07-16T00:15:00,0.20,0.7250,0.6373,-0.0877,-0.0827,0.0827,BUY_NO,gbm_late_15min SOL drift_vent=+0.129% rest=11.8min d=+0.35 p_up=0.64 py=0.72,SOL#15min,2.00,"{""drift_ventana_pct"":0.1294,""restante_min"":11.78,""T_h"":0.1963,""sigma_h"":0.00831,""d_gbm"":0.351,""py_entrada"":0.725,""hora_utc"":0,""mercado_anchura_pct"":0.2271,""drift_20min_pct"":0.0259,""ibs_20min"":0.8125,""dist_ancla_estructural_pct"":-0.1391,""volumen_regimen"":1.4887,""n_obs_vol_h"":43,""se_d_gbm_aprox"":0.0379,""sigma_h_ewma10"":0.00864,""sigma_ewma_delta_pct"":3.948,""dist_vwap_pct"":0.0328,""retest_pct"":0.2308,""libro_spread"":0.01,""libro_liquidez"":1474.5832,""moon_phase"":0.041,""mercury_retrogrado"":1,""horas_hasta_fomc"":329.9,""smart_money_consensus"":-0.1758,""smart_money_n_wallets"":7,""smart_money_consensus_ponderado"":-0.2192,""smart_money_n_wallets_ponderado"":7,""ventana_activos_previos_mismo_signo"":2,""favorito_confirma_decision"":null,""favorito_confirma_coincide"":null}"
2026-07-16T00:03:12+00:00,GBM_LATE_15M_ESPACIO_ATR,2929005,"Solana Up or Down - July 15, 8:00PM-8:15PM ET",2026-07-16T00:15:00,0.20,0.7250,0.6373,-0.0877,-0.0827,-0.0827,SKIP,gbm_late_15min SOL drift_vent=+0.129% rest=11.8min d=+0.35 p_up=0.64 py=0.72,SOL#15min,1.14,"{""drift_ventana_pct"":0.1294,""restante_min"":11.78,""T_h"":0.1963,""sigma_h"":0.00831,""d_gbm"":0.351,""py_entrada"":0.725,""hora_utc"":0,""mercado_anchura_pct"":0.2271,""drift_20min_pct"":0.0259,""ibs_20min"":0.8125,""dist_ancla_estructural_pct"":-0.1391,""volumen_regimen"":1.4887,""n_obs_vol_h"":43,""se_d_gbm_aprox"":0.0379,""sigma_h_ewma10"":0.00864,""sigma_ewma_delta_pct"":3.948,""dist_vwap_pct"":0.0328,""retest_pct"":0.2308,""libro_spread"":0.01,""libro_liquidez"":1474.5832,""moon_phase"":0.041,""mercury_retrogrado"":1,""horas_hasta_fomc"":329.9,""smart_money_consensus"":-0.1758,""smart_money_n_wallets"":7,""smart_money_consensus_ponderado"":-0.2192,""smart_money_n_wallets_ponderado"":7}"
2026-07-16T00:03:12+00:00,GBM_LATE_15M,2929013,"XRP Up or Down - July 15, 8:00PM-8:15PM ET",2026-07-16T00:15:00,0.20,0.7950,0.6414,-0.1536,-0.1486,0.1486,BUY_NO,gbm_late_15min XRP drift_vent=+0.441% rest=11.8min d=+0.36 p_up=0.64 py=0.80,XRP#15min,2.00,"{""drift_ventana_pct"":0.4414,""restante_min"":11.77,""T_h"":0.1962,""sigma_h"":0.02746,""d_gbm"":0.362,""py_entrada"":0.795,""hora_utc"":0,""mercado_anchura_pct"":0.1231,""drift_20min_pct"":0.4414,""ibs_20min"":0.9608,""dist_ancla_estructural_pct"":-0.0441,""volumen_regimen"":0.5396,""n_obs_vol_h"":43,""se_d_gbm_aprox"":0.039,""sigma_h_ewma10"":0.02876,""sigma_ewma_delta_pct"":4.748,""dist_vwap_pct"":0.0758,""retest_pct"":0.0392,""libro_spread"":0.01,""libro_liquidez"":1674.1799,""moon_phase"":0.041,""mercury_retrogrado"":1,""horas_hasta_fomc"":329.9,""smart_money_consensus"":-0.1094,""smart_money_n_wallets"":7,""smart_money_consensus_ponderado"":0.0772,""smart_money_n_wallets_ponderado"":7,""ventana_activos_previos_mismo_signo"":3,""favorito_confirma_decision"":null,""favorito_confirma_coincide"":null}"
2026-07-16T00:03:12+00:00,GBM_LATE_15M_ESPACIO_ATR,2929013,"XRP Up or Down - July 15, 8:00PM-8:15PM ET",2026-07-16T00:15:00,0.20,0.7950,0.6414,-0.1536,-0.1486,0.1486,BUY_NO,gbm_late_15min XRP drift_vent=+0.441% rest=11.8min d=+0.36 p_up=0.64 py=0.80,XRP#15min,2.00,"{""drift_ventana_pct"":0.4414,""restante_min"":11.77,""T_h"":0.1962,""sigma_h"":0.02746,""d_gbm"":0.362,""py_entrada"":0.795,""hora_utc"":0,""mercado_anchura_pct"":0.1231,""drift_20min_pct"":0.4414,""ibs_20min"":0.9608,""dist_ancla_estructural_pct"":-0.0441,""volumen_regimen"":0.5396,""n_obs_vol_h"":43,""se_d_gbm_aprox"":0.039,""sigma_h_ewma10"":0.02876,""sigma_ewma_delta_pct"":4.748,""dist_vwap_pct"":0.0758,""retest_pct"":0.0392,""libro_spread"":0.01,""libro_liquidez"":1674.1799,""moon_phase"":0.041,""mercury_retrogrado"":1,""horas_hasta_fomc"":329.9,""smart_money_consensus"":-0.1094,""smart_money_n_wallets"":7,""smart_money_consensus_ponderado"":0.0772,""smart_money_n_wallets_ponderado"":7,""ventana_activos_previos_mismo_signo"":3,""favorito_confirma_decision"":null,""favorito_confirma_coincide"":null}"
2026-07-16T00:04:20+00:00,GBM_LATE_15M_ESPACIO_ATR,2929002,"Bitcoin Up or Down - July 15, 8:00PM-8:15PM ET",2026-07-16T00:15:00,0.18,0.7150,0.6709,-0.0441,-0.0391,0.0391,BUY_NO,gbm_late_15min BTC drift_vent=+0.067% rest=10.6min d=+0.44 p_up=0.67 py=0.71,BTC#15min,2.00,"{""drift_ventana_pct"":0.0667,""restante_min"":10.61,""T_h"":0.1769,""sigma_h"":0.00358,""d_gbm"":0.442,""py_entrada"":0.715,""hora_utc"":0,""mercado_anchura_pct"":0.239,""drift_20min_pct"":0.1217,""ibs_20min"":0.9896,""dist_ancla_estructural_pct"":0.0701,""volumen_regimen"":1.5184,""n_obs_vol_h"":43,""se_d_gbm_aprox"":0.0477,""sigma_h_ewma10"":0.00377,""sigma_ewma_delta_pct"":5.158,""dist_vwap_pct"":-0.0366,""retest_pct"":0.0189,""libro_spread"":0.01,""libro_liquidez"":4877.8988,""moon_phase"":0.041,""mercury_retrogrado"":1,""horas_hasta_fomc"":329.9,""smart_money_consensus"":-0.0536,""smart_money_n_wallets"":9,""smart_money_consensus_ponderado"":-0.149,""smart_money_n_wallets_ponderado"":9,""ventana_activos_previos_mismo_signo"":0,""favorito_confirma_decision"":null,""favorito_confirma_coincide"":null}"
2026-07-16T00:04:45+00:00,GBM_LATE_15M_TARDIO,2929002,"Bitcoin Up or Down - July 15, 8:00PM-8:15PM ET",2026-07-16T00:15:00,0.17,0.7150,0.6736,-0.0414,-0.0364,0.0364,BUY_NO,gbm_late_15min BTC drift_vent=+0.067% rest=10.2min d=+0.45 p_up=0.67 py=0.71,BTC#15min,0.50,"{""drift_ventana_pct"":0.0667,""restante_min"":10.22,""T_h"":0.1704,""sigma_h"":0.00359,""d_gbm"":0.45,""py_entrada"":0.715,""hora_utc"":0,""mercado_anchura_pct"":0.2437,""drift_20min_pct"":0.1217,""ibs_20min"":0.9202,""dist_ancla_estructural_pct"":0.0669,""volumen_regimen"":1.5219,""n_obs_vol_h"":44,""se_d_gbm_aprox"":0.048,""sigma_h_ewma10"":0.00369,""sigma_ewma_delta_pct"":2.72,""dist_vwap_pct"":-0.037,""retest_pct"":0.1366,""libro_spread"":0.01,""libro_liquidez"":4877.8988,""moon_phase"":0.041,""mercury_retrogrado"":1,""horas_hasta_fomc"":329.9,""smart_money_consensus"":-0.0536,""smart_money_n_wallets"":9,""smart_money_consensus_ponderado"":-0.149,""smart_money_n_wallets_ponderado"":9,""ventana_activos_previos_mismo_signo"":0,""favorito_confirma_decision"":null,""favorito_confirma_coincide"":null}"
2026-07-16T00:04:45+00:00,GBM_LATE_15M_TARDIO,2929004,"Ethereum Up or Down - July 15, 8:00PM-8:15PM ET",2026-07-16T00:15:00,0.17,0.7850,0.7534,-0.0316,-0.0266,0.0266,BUY_NO,gbm_late_15min ETH drift_vent=+0.173% rest=10.2min d=+0.69 p_up=0.75 py=0.79,ETH#15min,0.50,"{""drift_ventana_pct"":0.1732,""restante_min"":10.22,""T_h"":0.1704,""sigma_h"":0.00612,""d_gbm"":0.685,""py_entrada"":0.785,""hora_utc"":0,""mercado_anchura_pct"":0.2082,""drift_20min_pct"":0.3038,""ibs_20min"":1.0,""dist_ancla_estructural_pct"":0.1768,""volumen_regimen"":1.2192,""n_obs_vol_h"":44,""se_d_gbm_aprox"":0.0731,""sigma_h_ewma10"":0.00652,""sigma_ewma_delta_pct"":6.621,""dist_vwap_pct"":-0.0235,""retest_pct"":0.0,""libro_spread"":0.01,""libro_liquidez"":2792.8715,""moon_phase"":0.041,""mercury_retrogrado"":1,""horas_hasta_fomc"":329.9,""smart_money_consensus"":-0.0781,""smart_money_n_wallets"":9,""smart_money_consensus_ponderado"":-0.0856,""smart_money_n_wallets_ponderado"":9,""ventana_activos_previos_mismo_signo"":1,""favorito_confirma_decision"":null,""favorito_confirma_coincide"":null}"
2026-07-16T00:04:45+00:00,GBM_LATE_15M_TARDIO,2929005,"Solana Up or Down - July 15, 8:00PM-8:15PM ET",2026-07-16T00:15:00,0.17,0.7250,0.6247,-0.1003,-0.0953,-0.0953,SKIP,gbm_late_15min SOL drift_vent=+0.116% rest=10.2min d=+0.32 p_up=0.62 py=0.72,SOL#15min,0.56,"{""drift_ventana_pct"":0.1165,""restante_min"":10.22,""T_h"":0.1704,""sigma_h"":0.00887,""d_gbm"":0.318,""py_entrada"":0.725,""hora_utc"":0,""mercado_anchura_pct"":0.2271,""drift_20min_pct"":0.0647,""ibs_20min"":0.75,""dist_ancla_estructural_pct"":-0.1485,""volumen_regimen"":1.551,""n_obs_vol_h"":44,""se_d_gbm_aprox"":0.0339,""sigma_h_ewma10"":0.00931,""sigma_ewma_delta_pct"":4.928,""dist_vwap_pct"":0.0129,""retest_pct"":0.3077,""libro_spread"":0.01,""libro_liquidez"":1474.5832,""moon_phase"":0.041,""mercury_retrogrado"":1,""horas_hasta_fomc"":329.9,""smart_money_consensus"":-0.1758,""smart_money_n_wallets"":7,""smart_money_consensus_ponderado"":-0.2192,""smart_money_n_wallets_ponderado"":7}"
2026-07-16T00:04:45+00:00,GBM_LATE_15M_TARDIO,2929013,"XRP Up or Down - July 15, 8:00PM-8:15PM ET",2026-07-16T00:15:00,0.17,0.7950,0.6355,-0.1595,-0.1545,0.1545,BUY_NO,gbm_late_15min XRP drift_vent=+0.441% rest=10.2min d=+0.35 p_up=0.64 py=0.80,XRP#15min,2.00,"{""drift_ventana_pct"":0.4414,""restante_min"":10.22,""T_h"":0.1703,""sigma_h"":0.03081,""d_gbm"":0.346,""py_entrada"":0.795,""hora_utc"":0,""mercado_anchura_pct"":0.1188,""drift_20min_pct"":0.1797,""ibs_20min"":0.9608,""dist_ancla_estructural_pct"":-0.0402,""volumen_regimen"":0.5521,""n_obs_vol_h"":44,""se_d_gbm_aprox"":0.0369,""sigma_h_ewma10"":0.03329,""sigma_ewma_delta_pct"":8.074,""dist_vwap_pct"":0.0689,""retest_pct"":0.0392,""libro_spread"":0.01,""libro_liquidez"":1674.1799,""moon_phase"":0.041,""mercury_retrogrado"":1,""horas_hasta_fomc"":329.9,""smart_money_consensus"":-0.1094,""smart_money_n_wallets"":7,""smart_money_consensus_ponderado"":0.0772,""smart_money_n_wallets_ponderado"":7,""ventana_activos_previos_mismo_signo"":2,""favorito_confirma_decision"":null,""favorito_confirma_coincide"":null}"
2026-07-16T00:08:26+00:00,FAVORITO_CONFIRMADO,2915384,"Ethereum Up or Down - July 15, 8PM ET",2026-07-16T01:00:00,0.86,0.6650,0.7250,0.0600,0.0550,0.0550,BUY_YES,"favorito_confirmado ETH py=0.665 lado=YES (momentum-consenso, model-free)",ETH#60min,2.00,"{""py_entrada"":0.665,""restante_min"":51.54,""hora_utc"":0,""libro_spread"":0.01,""libro_liquidez"":4033.8148,""moon_phase"":0.0411,""mercury_retrogrado"":1,""horas_hasta_fomc"":329.9,""smart_money_consensus"":-0.0781,""smart_money_n_wallets"":9,""smart_money_consensus_ponderado"":-0.0856,""smart_money_n_wallets_ponderado"":9,""wang_p_implicito"":0.5961,""wang_gap"":0.1289}"
2026-07-16T00:08:26+00:00,UPDOWN_GBM,2915385,"Solana Up or Down - July 15, 8PM ET",2026-07-16T01:00:00,0.86,0.5950,0.5527,-0.0423,-0.0373,-0.0373,SKIP,updown_gbm SOL 60min ref=77.26 spot=77.35 (+0.12%) sigma_h=0.0084 T=0.86h p_up=0.553 mu_h=-0.0001,SOL#60min,0.50,"{""pct_spot_vs_ref"":0.1165,""sigma_h"":0.008449,""T_h"":0.8592,""hora_utc"":0,""sigma_ewma_delta_pct"":5.135,""drift_15min"":0.3625,""drift_60min"":-0.2966,""kalman_mu_h"":-7.7e-05,""delta_ratio_macro"":0.0448,""cross_window_spread"":0.0627,""ibs_15"":0.6429,""dist_vwap_pct"":0.0007,""poly_drift_5obs"":9.0,""funding_rate_8h"":0.00329,""logit_edge"":-0.1732,""sigma_b"":0.0602,""libro_spread"":0.01,""libro_liquidez"":3410.9204,""moon_phase"":0.0411,""mercury_retrogrado"":1,""horas_hasta_fomc"":329.9,""smart_money_consensus"":-0.1758,""smart_money_n_wallets"":7,""smart_money_consensus_ponderado"":-0.2192,""smart_money_n_wallets_ponderado"":7}"
2026-07-16T00:08:26+00:00,FAVORITO_CONFIRMADO,2915385,"Solana Up or Down - July 15, 8PM ET",2026-07-16T01:00:00,0.86,0.5950,0.6550,0.0600,0.0550,0.0550,BUY_YES,"favorito_confirmado SOL py=0.595 lado=YES (momentum-consenso, model-free)",SOL#60min,1.61,"{""py_entrada"":0.595,""restante_min"":51.54,""hora_utc"":0,""libro_spread"":0.01,""libro_liquidez"":3410.9204,""moon_phase"":0.0411,""mercury_retrogrado"":1,""horas_hasta_fomc"":329.9,""smart_money_consensus"":-0.1758,""smart_money_n_wallets"":7,""smart_money_consensus_ponderado"":-0.2192,""smart_money_n_wallets_ponderado"":7,""wang_p_implicito"":0.5229,""wang_gap"":0.1321}"
2026-07-16T00:08:26+00:00,FAVORITO_CONFIRMADO,2929011,"Solana Up or Down - July 15, 8:00PM-12:00AM ET",2026-07-16T04:00:00,3.86,0.5650,0.6250,0.0600,0.0550,0.0550,BUY_YES,"favorito_confirmado SOL py=0.565 lado=YES (momentum-consenso, model-free)",SOL#240min,1.65,"{""py_entrada"":0.565,""restante_min"":231.54,""hora_utc"":0,""libro_spread"":0.03,""libro_liquidez"":1676.6194,""moon_phase"":0.0411,""mercury_retrogrado"":1,""horas_hasta_fomc"":329.9,""smart_money_consensus"":-0.1758,""smart_money_n_wallets"":7,""smart_money_consensus_ponderado"":-0.2192,""smart_money_n_wallets_ponderado"":7,""wang_p_implicito"":0.4923,""wang_gap"":0.1327}"
2026-07-16T00:08:26+00:00,FAVORITO_CONFIRMADO,2929016,"Ethereum Up or Down - July 15, 8:00PM-12:00AM ET",2026-07-16T04:00:00,3.86,0.6100,0.6700,0.0600,0.0550,0.0550,BUY_YES,"favorito_confirmado ETH py=0.610 lado=YES (momentum-consenso, model-free)",ETH#240min,1.50,"{""py_entrada"":0.61,""restante_min"":231.54,""hora_utc"":0,""libro_spread"":0.04,""libro_liquidez"":2434.9406,""moon_phase"":0.0411,""mercury_retrogrado"":1,""horas_hasta_fomc"":329.9,""smart_money_consensus"":-0.0781,""smart_money_n_wallets"":9,""smart_money_consensus_ponderado"":-0.0856,""smart_money_n_wallets_ponderado"":9,""wang_p_implicito"":0.5384,""wang_gap"":0.1316}"
2026-07-16T00:08:26+00:00,FAVORITO_CONFIRMADO,2929017,"Bitcoin Up or Down - July 15, 8:00PM-12:00AM ET",2026-07-16T04:00:00,3.86,0.5650,0.6250,0.0600,0.0550,0.0550,BUY_YES,"favorito_confirmado BTC py=0.565 lado=YES (momentum-consenso, model-free)",BTC#240min,1.50,"{""py_entrada"":0.565,""restante_min"":231.54,""hora_utc"":0,""libro_spread"":0.03,""libro_liquidez"":3652.7085,""moon_phase"":0.0411,""mercury_retrogrado"":1,""horas_hasta_fomc"":329.9,""smart_money_consensus"":-0.0536,""smart_money_n_wallets"":9,""smart_money_consensus_ponderado"":-0.149,""smart_money_n_wallets_ponderado"":9,""wang_p_implicito"":0.4923,""wang_gap"":0.1327}"
2026-07-16T00:08:52+00:00,UPDOWN_GBM,2929040,"XRP Up or Down - July 15, 8:15PM-8:30PM ET",2026-07-16T00:30:00,0.35,0.5000,0.4992,-0.0008,0.0042,0.0042,SKIP,updown_gbm XRP 15min ref=1.115 spot=1.115 (+0.00%) sigma_h=0.0362 T=0.35h p_up=0.499 mu_h=-0.0001,XRP#15min,0.50,"{""pct_spot_vs_ref"":0.0,""sigma_h"":0.036207,""T_h"":0.3521,""hora_utc"":0,""sigma_ewma_delta_pct"":1.084,""drift_15min"":0.575,""drift_60min"":-0.0628,""kalman_mu_h"":-0.000503,""delta_ratio_macro"":-0.0076,""ibs_15"":0.6667,""dist_vwap_pct"":0.0276,""poly_drift_5obs"":0.0,""funding_rate_8h"":-0.00129,""logit_edge"":-0.0033,""sigma_b"":0.0,""libro_spread"":0.02,""libro_liquidez"":2269.5844,""moon_phase"":0.0411,""mercury_retrogrado"":1,""horas_hasta_fomc"":329.9,""smart_money_consensus"":-0.1094,""smart_money_n_wallets"":7,""smart_money_consensus_ponderado"":0.0772,""smart_money_n_wallets_ponderado"":7}"
2026-07-16T00:08:52+00:00,UPDOWN_GBM,2929046,"Solana Up or Down - July 15, 8:15PM-8:30PM ET",2026-07-16T00:30:00,0.35,0.5050,0.4858,-0.0192,-0.0142,-0.0142,SKIP,updown_gbm SOL 15min ref=77.36 spot=77.36 (+0.00%) sigma_h=0.0077 T=0.35h p_up=0.486 mu_h=-0.0005,SOL#15min,0.50,"{""pct_spot_vs_ref"":0.0,""sigma_h"":0.007742,""T_h"":0.3521,""hora_utc"":0,""sigma_ewma_delta_pct"":14.487,""drift_15min"":0.3105,""drift_60min"":-0.2321,""kalman_mu_h"":-0.000452,""delta_ratio_macro"":0.0543,""cross_window_spread"":-0.0041,""ibs_15"":0.7143,""dist_vwap_pct"":0.0127,""poly_drift_5obs"":0.0,""funding_rate_8h"":0.00329,""logit_edge"":-0.0768,""sigma_b"":0.0,""libro_spread"":0.01,""libro_liquidez"":3014.5423,""moon_phase"":0.0411,""mercury_retrogrado"":1,""horas_hasta_fomc"":329.9,""smart_money_consensus"":-0.1758,""smart_money_n_wallets"":7,""smart_money_consensus_ponderado"":-0.2192,""smart_money_n_wallets_ponderado"":7}"
2026-07-16T00:11:15+00:00,GBM_LATE_15M_PYCONFIRMADO,2929004,"Ethereum Up or Down - July 15, 8:00PM-8:15PM ET",2026-07-16T00:15:00,0.06,0.8950,0.7869,-0.1081,-0.1031,0.1031,BUY_NO,gbm_late_15min ETH drift_vent=+0.126% rest=3.7min d=+0.80 p_up=0.79 py=0.90,ETH#15min,0.50,"{""drift_ventana_pct"":0.1263,""restante_min"":3.74,""T_h"":0.0623,""sigma_h"":0.00635,""d_gbm"":0.796,""py_entrada"":0.895,""hora_utc"":0,""mercado_anchura_pct"":0.2703,""drift_20min_pct"":0.1837,""ibs_20min"":0.6945,""dist_ancla_estructural_pct"":0.0894,""volumen_regimen"":1.3303,""n_obs_vol_h"":45,""se_d_gbm_aprox"":0.0839,""sigma_h_ewma10"":0.0059,""sigma_ewma_delta_pct"":-7.117,""dist_vwap_pct"":-0.0974,""retest_pct"":0.4025,""libro_spread"":0.01,""libro_liquidez"":3142.7127,""moon_phase"":0.0411,""mercury_retrogrado"":1,""horas_hasta_fomc"":329.8,""smart_money_consensus"":-0.0781,""smart_money_n_wallets"":9,""smart_money_consensus_ponderado"":-0.0856,""smart_money_n_wallets_ponderado"":9}"
2026-07-16T00:15:15+00:00,STREAK_MOM_5M,2929047,"Solana Up or Down - July 15, 8:15PM-8:20PM ET",2026-07-16T00:20:00,0.08,0.5000,0.5800,-0.0000,0.0050,0.0050,SKIP,streak_mom_5m SOL racha=3xYES py=0.500 (momentum),SOL#5min,0.50,"{""streak_len"":3,""streak_dir_up"":1,""py_entrada"":0.5,""hora_utc"":0,""es_ntm_5min"":1,""libro_spread"":0.02,""libro_liquidez"":3615.891,""moon_phase"":0.0412,""mercury_retrogrado"":1,""horas_hasta_fomc"":329.7,""smart_money_consensus"":-0.1758,""smart_money_n_wallets"":7,""smart_money_consensus_ponderado"":-0.2192,""smart_money_n_wallets_ponderado"":7}"
2026-07-16T00:15:15+00:00,STREAK_FADE_5M,2929047,"Solana Up or Down - July 15, 8:15PM-8:20PM ET",2026-07-16T00:20:00,0.08,0.5000,0.4200,-0.0000,0.0050,0.0050,SKIP,"streak_fade_5m SOL racha=3xYES py=0.500 (reversión, espejo de MOM)",SOL#5min,0.50,"{""streak_len"":3,""streak_dir_up"":1,""py_entrada"":0.5,""hora_utc"":0,""es_ntm_5min"":1,""libro_spread"":0.02,""libro_liquidez"":3615.891,""moon_phase"":0.0412,""mercury_retrogrado"":1,""horas_hasta_fomc"":329.7,""smart_money_consensus"":-0.1758,""smart_money_n_wallets"":7,""smart_money_consensus_ponderado"":-0.2192,""smart_money_n_wallets_ponderado"":7}"
2026-07-16T00:15:15+00:00,STREAK_MOM_5M,2929049,"Ethereum Up or Down - July 15, 8:15PM-8:20PM ET",2026-07-16T00:20:00,0.08,0.5050,0.5800,-0.0050,-0.0000,-0.0000,SKIP,streak_mom_5m ETH racha=3xYES py=0.505 (momentum),ETH#5min,0.50,"{""streak_len"":3,""streak_dir_up"":1,""py_entrada"":0.505,""hora_utc"":0,""es_ntm_5min"":1,""libro_spread"":0.01,""libro_liquidez"":8195.3692,""moon_phase"":0.0412,""mercury_retrogrado"":1,""horas_hasta_fomc"":329.7,""smart_money_consensus"":-0.0781,""smart_money_n_wallets"":9,""smart_money_consensus_ponderado"":-0.0856,""smart_money_n_wallets_ponderado"":9}"
2026-07-16T00:15:15+00:00,STREAK_FADE_5M,2929049,"Ethereum Up or Down - July 15, 8:15PM-8:20PM ET",2026-07-16T00:20:00,0.08,0.5050,0.4200,-0.0050,-0.0000,-0.0000,SKIP,"streak_fade_5m ETH racha=3xYES py=0.505 (reversión, espejo de MOM)",ETH#5min,0.50,"{""streak_len"":3,""streak_dir_up"":1,""py_entrada"":0.505,""hora_utc"":0,""es_ntm_5min"":1,""libro_spread"":0.01,""libro_liquidez"":8195.3692,""moon_phase"":0.0412,""mercury_retrogrado"":1,""horas_hasta_fomc"":329.7,""smart_money_consensus"":-0.0781,""smart_money_n_wallets"":9,""smart_money_consensus_ponderado"":-0.0856,""smart_money_n_wallets_ponderado"":9}"
2026-07-16T00:16:49+00:00,LEADLAG_BTC_XRP_15M,2929040,"XRP Up or Down - July 15, 8:15PM-8:30PM ET",2026-07-16T00:30:00,0.22,0.4950,0.5000,0.0050,0.0000,0.0000,SKIP,leadlag_btc_xrp btc_momentum=+0.0000 n_muestras=3,XRP#15min,0.94,"{""btc_momentum"":0.0,""n_muestras_btc"":3,""py_entrada"":0.495,""hora_utc"":0,""libro_spread"":0.01,""libro_liquidez"":2456.8344,""moon_phase"":0.0413,""mercury_retrogrado"":1,""horas_hasta_fomc"":329.7,""smart_money_consensus"":-0.1094,""smart_money_n_wallets"":7,""smart_money_consensus_ponderado"":0.0772,""smart_money_n_wallets_ponderado"":7}"
2026-07-16T00:17:13+00:00,UPDOWN_GBM,2929041,"Ethereum Up or Down - July 15, 8:15PM-8:30PM ET",2026-07-16T00:30:00,0.21,0.4950,0.4910,-0.0040,0.0010,0.0010,SKIP,updown_gbm ETH 15min ref=1923 spot=1922 (-0.01%) sigma_h=0.0079 T=0.21h p_up=0.491 mu_h=-0.0001,ETH#15min,0.50,"{""pct_spot_vs_ref"":-0.006,""sigma_h"":0.007905,""T_h"":0.2129,""hora_utc"":0,""sigma_ewma_delta_pct"":-9.608,""drift_15min"":0.4927,""drift_60min"":-0.0533,""kalman_mu_h"":-0.000245,""delta_ratio_macro"":-0.0271,""cross_window_spread"":-0.0202,""ibs_15"":0.4819,""dist_vwap_pct"":0.0343,""poly_drift_5obs"":0.0,""funding_rate_8h"":0.00455,""logit_edge"":-0.0161,""sigma_b"":0.0693,""libro_spread"":0.01,""libro_liquidez"":9636.4654,""moon_phase"":0.0413,""mercury_retrogrado"":1,""horas_hasta_fomc"":329.7,""smart_money_consensus"":-0.0781,""smart_money_n_wallets"":9,""smart_money_consensus_ponderado"":-0.0856,""smart_money_n_wallets_ponderado"":9}"
2026-07-16T00:19:00+00:00,UPDOWN_GBM_15M_TARDIO,2929040,"XRP Up or Down - July 15, 8:15PM-8:30PM ET",2026-07-16T00:30:00,0.18,0.4950,0.4453,-0.0497,-0.0447,0.0447,BUY_NO,updown_gbm XRP 15min ref=1.115 spot=1.113 (-0.22%) sigma_h=0.0365 T=0.18h p_up=0.445 mu_h=+0.0005,XRP#15min,0.50,"{""pct_spot_vs_ref"":-0.2241,""sigma_h"":0.036496,""T_h"":0.183,""hora_utc"":0,""sigma_ewma_delta_pct"":3.938,""drift_15min"":-0.6101,""drift_60min"":0.2613,""kalman_mu_h"":-0.000231,""delta_ratio_macro"":0.0623,""ibs_15"":0.0789,""dist_vwap_pct"":-0.1931,""poly_drift_5obs"":0.0,""funding_rate_8h"":-0.001,""logit_edge"":-0.1998,""sigma_b"":0.0094,""libro_spread"":0.01,""libro_liquidez"":2456.8344,""ballenas_significativo"":true,""ballenas_banda_lo"":0.5,""ballenas_banda_hi"":0.7,""ballenas_rest_lo_min"":1.82,""ballenas_rest_hi_min"":6.07,""ballenas_dentro_banda"":false,""moon_phase"":0.0413,""mercury_retrogrado"":1,""horas_hasta_fomc"":329.7,""smart_money_consensus"":-0.1094,""smart_money_n_wallets"":7,""smart_money_consensus_ponderado"":0.0772,""smart_money_n_wallets_ponderado"":7}"
2026-07-16T00:19:00+00:00,GBM_LATE_15M,2929040,"XRP Up or Down - July 15, 8:15PM-8:30PM ET",2026-07-16T00:30:00,0.18,0.4950,0.4501,-0.0449,-0.0399,0.0399,BUY_NO,gbm_late_15min XRP drift_vent=-0.224% rest=11.0min d=-0.13 p_up=0.45 py=0.49,XRP#15min,2.00,"{""drift_ventana_pct"":-0.2241,""restante_min"":10.97,""T_h"":0.1829,""sigma_h"":0.0418,""d_gbm"":-0.126,""py_entrada"":0.495,""hora_utc"":0,""mercado_anchura_pct"":-0.1076,""drift_20min_pct"":-0.018,""ibs_20min"":0.4833,""dist_ancla_estructural_pct"":-0.1971,""volumen_regimen"":0.9383,""n_obs_vol_h"":46,""se_d_gbm_aprox"":0.0131,""sigma_h_ewma10"":0.04034,""sigma_ewma_delta_pct"":-3.491,""dist_vwap_pct"":-0.1931,""retest_pct"":0.537,""libro_spread"":0.01,""libro_liquidez"":2456.8344,""moon_phase"":0.0413,""mercury_retrogrado"":1,""horas_hasta_fomc"":329.7,""smart_money_consensus"":-0.1094,""smart_money_n_wallets"":7,""smart_money_consensus_ponderado"":0.0772,""smart_money_n_wallets_ponderado"":7,""ventana_activos_previos_mismo_signo"":0,""favorito_confirma_decision"":null,""favorito_confirma_coincide"":null}"
2026-07-16T00:19:00+00:00,FAVORITO_CONFIRMADO,2929041,"Ethereum Up or Down - July 15, 8:15PM-8:30PM ET",2026-07-16T00:30:00,0.18,0.2450,0.1850,-0.0600,-0.0550,0.0550,BUY_NO,"favorito_confirmado ETH py=0.245 lado=NO (momentum-consenso, model-free)",ETH#15min,2.00,"{""py_entrada"":0.245,""restante_min"":10.97,""hora_utc"":0,""libro_spread"":0.01,""libro_liquidez"":3053.2328,""moon_phase"":0.0413,""mercury_retrogrado"":1,""horas_hasta_fomc"":329.7,""smart_money_consensus"":-0.0781,""smart_money_n_wallets"":9,""smart_money_consensus_ponderado"":-0.0856,""smart_money_n_wallets_ponderado"":9,""wang_p_implicito"":0.1912,""wang_gap"":-0.0062}"
2026-07-16T00:19:00+00:00,FAVORITO_CONFIRMADO,2929045,"Bitcoin Up or Down - July 15, 8:15PM-8:30PM ET",2026-07-16T00:30:00,0.18,0.2450,0.1850,-0.0600,-0.0550,0.0550,BUY_NO,"favorito_confirmado BTC py=0.245 lado=NO (momentum-consenso, model-free)",BTC#15min,2.00,"{""py_entrada"":0.245,""restante_min"":10.97,""hora_utc"":0,""libro_spread"":0.01,""libro_liquidez"":6219.3874,""moon_phase"":0.0413,""mercury_retrogrado"":1,""horas_hasta_fomc"":329.7,""smart_money_consensus"":-0.0536,""smart_money_n_wallets"":9,""smart_money_consensus_ponderado"":-0.149,""smart_money_n_wallets_ponderado"":9,""wang_p_implicito"":0.1912,""wang_gap"":-0.0062}"
2026-07-16T00:19:00+00:00,GBM_LATE_15M,2929046,"Solana Up or Down - July 15, 8:15PM-8:30PM ET",2026-07-16T00:30:00,0.18,0.1150,0.2420,0.1270,0.1220,0.1220,BUY_YES,gbm_late_15min SOL drift_vent=-0.323% rest=11.0min d=-0.70 p_up=0.24 py=0.12,SOL#15min,1.03,"{""drift_ventana_pct"":-0.3228,""restante_min"":10.97,""T_h"":0.1829,""sigma_h"":0.0108,""d_gbm"":-0.7,""py_entrada"":0.115,""hora_utc"":0,""mercado_anchura_pct"":-0.0747,""drift_20min_pct"":-0.1035,""ibs_20min"":0.0,""dist_ancla_estructural_pct"":null,""volumen_regimen"":1.3239,""n_obs_vol_h"":46,""se_d_gbm_aprox"":0.073,""sigma_h_ewma10"":0.01073,""sigma_ewma_delta_pct"":-0.685,""dist_vwap_pct"":-0.2118,""retest_pct"":0.0,""libro_spread"":0.01,""libro_liquidez"":2022.6276,""moon_phase"":0.0413,""mercury_retrogrado"":1,""horas_hasta_fomc"":329.7,""smart_money_consensus"":-0.1758,""smart_money_n_wallets"":7,""smart_money_consensus_ponderado"":-0.2192,""smart_money_n_wallets_ponderado"":7,""ventana_activos_previos_mismo_signo"":0,""favorito_confirma_decision"":""BUY_NO"",""favorito_confirma_coincide"":0}"
2026-07-16T00:19:00+00:00,GBM_LATE_15M_ESPACIO_ATR,2929046,"Solana Up or Down - July 15, 8:15PM-8:30PM ET",2026-07-16T00:30:00,0.18,0.1150,0.2420,0.1270,0.1220,0.1220,BUY_YES,gbm_late_15min SOL drift_vent=-0.323% rest=11.0min d=-0.70 p_up=0.24 py=0.12,SOL#15min,1.25,"{""drift_ventana_pct"":-0.3228,""restante_min"":10.97,""T_h"":0.1829,""sigma_h"":0.0108,""d_gbm"":-0.7,""py_entrada"":0.115,""hora_utc"":0,""mercado_anchura_pct"":-0.0747,""drift_20min_pct"":-0.1035,""ibs_20min"":0.0,""dist_ancla_estructural_pct"":null,""volumen_regimen"":1.3239,""n_obs_vol_h"":46,""se_d_gbm_aprox"":0.073,""sigma_h_ewma10"":0.01073,""sigma_ewma_delta_pct"":-0.685,""dist_vwap_pct"":-0.2118,""retest_pct"":0.0,""libro_spread"":0.01,""libro_liquidez"":2022.6276,""moon_phase"":0.0413,""mercury_retrogrado"":1,""horas_hasta_fomc"":329.7,""smart_money_consensus"":-0.1758,""smart_money_n_wallets"":7,""smart_money_consensus_ponderado"":-0.2192,""smart_money_n_wallets_ponderado"":7,""ventana_activos_previos_mismo_signo"":0,""favorito_confirma_decision"":""BUY_NO"",""favorito_confirma_coincide"":0}"
2026-07-16T00:19:00+00:00,FAVORITO_CONFIRMADO,2929046,"Solana Up or Down - July 15, 8:15PM-8:30PM ET",2026-07-16T00:30:00,0.18,0.1150,0.0550,-0.0600,-0.0550,0.0550,BUY_NO,"favorito_confirmado SOL py=0.115 lado=NO (momentum-consenso, model-free)",SOL#15min,2.00,"{""py_entrada"":0.115,""restante_min"":10.97,""hora_utc"":0,""libro_spread"":0.01,""libro_liquidez"":2022.6276,""moon_phase"":0.0413,""mercury_retrogrado"":1,""horas_hasta_fomc"":329.7,""smart_money_consensus"":-0.1758,""smart_money_n_wallets"":7,""smart_money_consensus_ponderado"":-0.2192,""smart_money_n_wallets_ponderado"":7,""wang_p_implicito"":0.0833,""wang_gap"":-0.0283}"
2026-07-16T00:19:48+00:00,GBM_LATE_15M_TARDIO,2929040,"XRP Up or Down - July 15, 8:15PM-8:30PM ET",2026-07-16T00:30:00,0.17,0.4950,0.4583,-0.0367,-0.0317,0.0317,BUY_NO,gbm_late_15min XRP drift_vent=-0.179% rest=10.2min d=-0.10 p_up=0.46 py=0.49,XRP#15min,2.00,"{""drift_ventana_pct"":-0.1793,""restante_min"":10.19,""T_h"":0.1698,""sigma_h"":0.04156,""d_gbm"":-0.105,""py_entrada"":0.495,""hora_utc"":0,""mercado_anchura_pct"":-0.1033,""drift_20min_pct"":0.3063,""ibs_20min"":0.5667,""dist_ancla_estructural_pct"":-0.1514,""volumen_regimen"":1.0087,""n_obs_vol_h"":47,""se_d_gbm_aprox"":0.0108,""sigma_h_ewma10"":0.03933,""sigma_ewma_delta_pct"":-5.371,""dist_vwap_pct"":-0.1362,""retest_pct"":0.6296,""libro_spread"":0.01,""libro_liquidez"":2456.8344,""moon_phase"":0.0413,""mercury_retrogrado"":1,""horas_hasta_fomc"":329.7,""smart_money_consensus"":-0.1094,""smart_money_n_wallets"":7,""smart_money_consensus_ponderado"":0.0772,""smart_money_n_wallets_ponderado"":7,""ventana_activos_previos_mismo_signo"":0,""favorito_confirma_decision"":null,""favorito_confirma_coincide"":null}"
2026-07-16T00:19:48+00:00,GBM_LATE_15M_TARDIO,2929046,"Solana Up or Down - July 15, 8:15PM-8:30PM ET",2026-07-16T00:30:00,0.17,0.1150,0.2466,0.1316,0.1266,0.1266,SKIP,gbm_late_15min SOL drift_vent=-0.310% rest=10.2min d=-0.69 p_up=0.25 py=0.12,SOL#15min,0.56,"{""drift_ventana_pct"":-0.3099,""restante_min"":10.18,""T_h"":0.1697,""sigma_h"":0.011,""d_gbm"":-0.685,""py_entrada"":0.115,""hora_utc"":0,""mercado_anchura_pct"":-0.0598,""drift_20min_pct"":-0.0647,""ibs_20min"":0.037,""dist_ancla_estructural_pct"":-0.0216,""volumen_regimen"":1.3602,""n_obs_vol_h"":47,""se_d_gbm_aprox"":0.0707,""sigma_h_ewma10"":0.01084,""sigma_ewma_delta_pct"":-1.401,""dist_vwap_pct"":-0.1921,""retest_pct"":0.04,""libro_spread"":0.01,""libro_liquidez"":2022.6276,""moon_phase"":0.0413,""mercury_retrogrado"":1,""horas_hasta_fomc"":329.7,""smart_money_consensus"":-0.1758,""smart_money_n_wallets"":7,""smart_money_consensus_ponderado"":-0.2192,""smart_money_n_wallets_ponderado"":7}"
2026-07-16T00:21:07+00:00,GBM_LATE_15M,2929041,"Ethereum Up or Down - July 15, 8:15PM-8:30PM ET",2026-07-16T00:30:00,0.15,0.2450,0.1207,-0.1243,-0.1193,0.1193,BUY_NO,gbm_late_15min ETH drift_vent=-0.329% rest=8.8min d=-1.17 p_up=0.12 py=0.24,ETH#15min,1.26,"{""drift_ventana_pct"":-0.3287,""restante_min"":8.83,""T_h"":0.1472,""sigma_h"":0.00733,""d_gbm"":-1.171,""py_entrada"":0.245,""hora_utc"":0,""mercado_anchura_pct"":-0.295,""drift_20min_pct"":-0.1048,""ibs_20min"":0.0,""dist_ancla_estructural_pct"":-0.1216,""volumen_regimen"":1.4392,""n_obs_vol_h"":47,""se_d_gbm_aprox"":0.1208,""sigma_h_ewma10"":0.00764,""sigma_ewma_delta_pct"":4.247,""dist_vwap_pct"":-0.2665,""retest_pct"":0.0,""libro_spread"":0.01,""libro_liquidez"":3053.2328,""moon_phase"":0.0414,""mercury_retrogrado"":1,""horas_hasta_fomc"":329.6,""smart_money_consensus"":-0.0781,""smart_money_n_wallets"":9,""smart_money_consensus_ponderado"":-0.0856,""smart_money_n_wallets_ponderado"":9,""ventana_activos_previos_mismo_signo"":0,""favorito_confirma_decision"":null,""favorito_confirma_coincide"":null}"
2026-07-16T00:21:07+00:00,GBM_LATE_15M_TARDIO,2929041,"Ethereum Up or Down - July 15, 8:15PM-8:30PM ET",2026-07-16T00:30:00,0.15,0.2450,0.1207,-0.1243,-0.1193,0.1193,BUY_NO,gbm_late_15min ETH drift_vent=-0.329% rest=8.8min d=-1.17 p_up=0.12 py=0.24,ETH#15min,0.50,"{""drift_ventana_pct"":-0.3287,""restante_min"":8.83,""T_h"":0.1472,""sigma_h"":0.00733,""d_gbm"":-1.171,""py_entrada"":0.245,""hora_utc"":0,""mercado_anchura_pct"":-0.295,""drift_20min_pct"":-0.1048,""ibs_20min"":0.0,""dist_ancla_estructural_pct"":-0.1216,""volumen_regimen"":1.4392,""n_obs_vol_h"":47,""se_d_gbm_aprox"":0.1208,""sigma_h_ewma10"":0.00764,""sigma_ewma_delta_pct"":4.247,""dist_vwap_pct"":-0.2665,""retest_pct"":0.0,""libro_spread"":0.01,""libro_liquidez"":3053.2328,""moon_phase"":0.0414,""mercury_retrogrado"":1,""horas_hasta_fomc"":329.6,""smart_money_consensus"":-0.0781,""smart_money_n_wallets"":9,""smart_money_consensus_ponderado"":-0.0856,""smart_money_n_wallets_ponderado"":9,""ventana_activos_previos_mismo_signo"":0,""favorito_confirma_decision"":null,""favorito_confirma_coincide"":null}"
2026-07-16T00:21:07+00:00,GBM_LATE_15M_ESPACIO_ATR,2929041,"Ethereum Up or Down - July 15, 8:15PM-8:30PM ET",2026-07-16T00:30:00,0.15,0.2450,0.1207,-0.1243,-0.1193,0.1193,BUY_NO,gbm_late_15min ETH drift_vent=-0.329% rest=8.8min d=-1.17 p_up=0.12 py=0.24,ETH#15min,2.00,"{""drift_ventana_pct"":-0.3287,""restante_min"":8.83,""T_h"":0.1472,""sigma_h"":0.00733,""d_gbm"":-1.172,""py_entrada"":0.245,""hora_utc"":0,""mercado_anchura_pct"":-0.295,""drift_20min_pct"":-0.1048,""ibs_20min"":0.0,""dist_ancla_estructural_pct"":-0.1216,""volumen_regimen"":1.4392,""n_obs_vol_h"":47,""se_d_gbm_aprox"":0.1208,""sigma_h_ewma10"":0.00764,""sigma_ewma_delta_pct"":4.247,""dist_vwap_pct"":-0.2665,""retest_pct"":0.0,""libro_spread"":0.01,""libro_liquidez"":3053.2328,""moon_phase"":0.0414,""mercury_retrogrado"":1,""horas_hasta_fomc"":329.6,""smart_money_consensus"":-0.0781,""smart_money_n_wallets"":9,""smart_money_consensus_ponderado"":-0.0856,""smart_money_n_wallets_ponderado"":9,""ventana_activos_previos_mismo_signo"":0,""favorito_confirma_decision"":null,""favorito_confirma_coincide"":null}"
2026-07-16T00:21:07+00:00,GBM_LATE_15M,2929045,"Bitcoin Up or Down - July 15, 8:15PM-8:30PM ET",2026-07-16T00:30:00,0.15,0.2450,0.1444,-0.1006,-0.0956,0.0956,BUY_NO,gbm_late_15min BTC drift_vent=-0.196% rest=8.8min d=-1.06 p_up=0.14 py=0.24,BTC#15min,1.18,"{""drift_ventana_pct"":-0.1962,""restante_min"":8.83,""T_h"":0.1472,""sigma_h"":0.00482,""d_gbm"":-1.061,""py_entrada"":0.245,""hora_utc"":0,""mercado_anchura_pct"":-0.3392,""drift_20min_pct"":-0.1574,""ibs_20min"":0.0,""dist_ancla_estructural_pct"":null,""volumen_regimen"":2.7598,""n_obs_vol_h"":47,""se_d_gbm_aprox"":0.1094,""sigma_h_ewma10"":0.00506,""sigma_ewma_delta_pct"":4.826,""dist_vwap_pct"":-0.2524,""retest_pct"":0.0,""libro_spread"":0.01,""libro_liquidez"":6219.3874,""moon_phase"":0.0414,""mercury_retrogrado"":1,""horas_hasta_fomc"":329.6,""smart_money_consensus"":-0.0536,""smart_money_n_wallets"":9,""smart_money_consensus_ponderado"":-0.149,""smart_money_n_wallets_ponderado"":9,""ventana_activos_previos_mismo_signo"":1,""favorito_confirma_decision"":null,""favorito_confirma_coincide"":null}"
2026-07-16T00:21:07+00:00,GBM_LATE_15M_TARDIO,2929045,"Bitcoin Up or Down - July 15, 8:15PM-8:30PM ET",2026-07-16T00:30:00,0.15,0.2450,0.1444,-0.1006,-0.0956,0.0956,BUY_NO,gbm_late_15min BTC drift_vent=-0.196% rest=8.8min d=-1.06 p_up=0.14 py=0.24,BTC#15min,0.50,"{""drift_ventana_pct"":-0.1962,""restante_min"":8.83,""T_h"":0.1472,""sigma_h"":0.00482,""d_gbm"":-1.061,""py_entrada"":0.245,""hora_utc"":0,""mercado_anchura_pct"":-0.3392,""drift_20min_pct"":-0.1574,""ibs_20min"":0.0,""dist_ancla_estructural_pct"":null,""volumen_regimen"":2.7598,""n_obs_vol_h"":47,""se_d_gbm_aprox"":0.1094,""sigma_h_ewma10"":0.00506,""sigma_ewma_delta_pct"":4.826,""dist_vwap_pct"":-0.2524,""retest_pct"":0.0,""libro_spread"":0.01,""libro_liquidez"":6219.3874,""moon_phase"":0.0414,""mercury_retrogrado"":1,""horas_hasta_fomc"":329.6,""smart_money_consensus"":-0.0536,""smart_money_n_wallets"":9,""smart_money_consensus_ponderado"":-0.149,""smart_money_n_wallets_ponderado"":9,""ventana_activos_previos_mismo_signo"":1,""favorito_confirma_decision"":null,""favorito_confirma_coincide"":null}"
2026-07-16T00:21:07+00:00,GBM_LATE_15M_ESPACIO_ATR,2929045,"Bitcoin Up or Down - July 15, 8:15PM-8:30PM ET",2026-07-16T00:30:00,0.15,0.2450,0.1444,-0.1006,-0.0956,0.0956,BUY_NO,gbm_late_15min BTC drift_vent=-0.196% rest=8.8min d=-1.06 p_up=0.14 py=0.24,BTC#15min,2.00,"{""drift_ventana_pct"":-0.1962,""restante_min"":8.83,""T_h"":0.1472,""sigma_h"":0.00482,""d_gbm"":-1.061,""py_entrada"":0.245,""hora_utc"":0,""mercado_anchura_pct"":-0.3392,""drift_20min_pct"":-0.1574,""ibs_20min"":0.0,""dist_ancla_estructural_pct"":null,""volumen_regimen"":2.7598,""n_obs_vol_h"":47,""se_d_gbm_aprox"":0.1094,""sigma_h_ewma10"":0.00506,""sigma_ewma_delta_pct"":4.826,""dist_vwap_pct"":-0.2524,""retest_pct"":0.0,""libro_spread"":0.01,""libro_liquidez"":6219.3874,""moon_phase"":0.0414,""mercury_retrogrado"":1,""horas_hasta_fomc"":329.6,""smart_money_consensus"":-0.0536,""smart_money_n_wallets"":9,""smart_money_consensus_ponderado"":-0.149,""smart_money_n_wallets_ponderado"":9,""ventana_activos_previos_mismo_signo"":1,""favorito_confirma_decision"":null,""favorito_confirma_coincide"":null}"
2026-07-16T00:21:33+00:00,UPDOWN_GBM_15M_TARDIO,2929041,"Ethereum Up or Down - July 15, 8:15PM-8:30PM ET",2026-07-16T00:30:00,0.14,0.2450,0.1894,-0.0556,-0.0506,0.0506,BUY_NO,updown_gbm ETH 15min ref=1923 spot=1918 (-0.26%) sigma_h=0.0082 T=0.14h p_up=0.189 mu_h=-0.0008,ETH#15min,1.32,"{""pct_spot_vs_ref"":-0.2572,""sigma_h"":0.008151,""T_h"":0.1407,""hora_utc"":0,""sigma_ewma_delta_pct"":-6.645,""drift_15min"":-0.8239,""drift_60min"":-0.4075,""kalman_mu_h"":-0.000712,""delta_ratio_macro"":-0.1549,""cross_window_spread"":-0.2709,""ibs_15"":0.1126,""dist_vwap_pct"":-0.1897,""poly_drift_5obs"":-50.5051,""funding_rate_8h"":0.00455,""logit_edge"":-0.3281,""sigma_b"":0.3723,""libro_spread"":0.01,""libro_liquidez"":3053.2328,""ballenas_significativo"":true,""ballenas_banda_lo"":0.7,""ballenas_banda_hi"":0.9,""ballenas_rest_lo_min"":0.83,""ballenas_rest_hi_min"":3.98,""ballenas_dentro_banda"":false,""moon_phase"":0.0414,""mercury_retrogrado"":1,""horas_hasta_fomc"":329.6,""smart_money_consensus"":0.0621,""smart_money_n_wallets"":12,""smart_money_consensus_ponderado"":-0.0114,""smart_money_n_wallets_ponderado"":12}"
2026-07-16T00:21:33+00:00,ORDER_FLOW_5M,2929085,"Ethereum Up or Down - July 15, 8:20PM-8:25PM ET",2026-07-16T00:25:00,0.06,0.5050,0.2918,-0.0557,-0.0507,0.0507,BUY_NO,order_flow_5m ETH delta=-0.416 vol5m=800.994 py_mkt=0.505 [binance_real],ETH#5min,0.50,"{""delta_ratio"":-0.4164,""total_vol_5m"":800.9941,""has_real_flow"":1,""hora_utc"":0,""es_ntm_5min"":1,""libro_spread"":0.01,""libro_liquidez"":8910.758,""moon_phase"":0.0414,""mercury_retrogrado"":1,""horas_hasta_fomc"":329.6,""smart_money_consensus"":0.0621,""smart_money_n_wallets"":12,""smart_money_consensus_ponderado"":-0.0114,""smart_money_n_wallets_ponderado"":12}"
2026-07-16T00:23:15+00:00,UPDOWN_GBM_15M_TARDIO,2929046,"Solana Up or Down - July 15, 8:15PM-8:30PM ET",2026-07-16T00:30:00,0.11,0.1150,0.0817,-0.0333,-0.0283,0.0283,BUY_NO,updown_gbm SOL 15min ref=77.45 spot=77.14 (-0.40%) sigma_h=0.0088 T=0.11h p_up=0.082 mu_h=-0.0010,SOL#15min,1.37,"{""pct_spot_vs_ref"":-0.4003,""sigma_h"":0.008838,""T_h"":0.1121,""hora_utc"":0,""sigma_ewma_delta_pct"":17.921,""drift_15min"":-0.8796,""drift_60min"":-0.503,""kalman_mu_h"":-0.00081,""delta_ratio_macro"":0.032,""cross_window_spread"":-0.3974,""ibs_15"":0.0286,""dist_vwap_pct"":-0.2308,""poly_drift_5obs"":-77.0,""funding_rate_8h"":0.00242,""logit_edge"":-0.3787,""sigma_b"":0.6807,""libro_spread"":0.01,""libro_liquidez"":2022.6276,""ballenas_significativo"":true,""ballenas_banda_lo"":0.7,""ballenas_banda_hi"":0.9,""ballenas_rest_lo_min"":1.73,""ballenas_rest_hi_min"":6.73,""ballenas_dentro_banda"":false,""moon_phase"":0.0414,""mercury_retrogrado"":1,""horas_hasta_fomc"":329.6,""smart_money_consensus"":0.205,""smart_money_n_wallets"":8,""smart_money_consensus_ponderado"":0.1552,""smart_money_n_wallets_ponderado"":8}"
2026-07-16T00:23:15+00:00,UPDOWN_GBM,2929162,"Solana Up or Down - July 15, 8:30PM-8:45PM ET",2026-07-16T00:45:00,0.36,0.4950,0.4727,-0.0223,-0.0173,-0.0173,SKIP,updown_gbm SOL 15min ref=77.14 spot=77.14 (+0.00%) sigma_h=0.0088 T=0.36h p_up=0.473 mu_h=-0.0010,SOL#15min,0.50,"{""pct_spot_vs_ref"":0.0,""sigma_h"":0.008838,""T_h"":0.3621,""hora_utc"":0,""sigma_ewma_delta_pct"":17.921,""drift_15min"":-0.8796,""drift_60min"":-0.503,""kalman_mu_h"":-0.00083,""delta_ratio_macro"":0.032,""cross_window_spread"":-0.0174,""ibs_15"":0.0286,""dist_vwap_pct"":-0.2308,""poly_drift_5obs"":0.0,""funding_rate_8h"":0.00242,""logit_edge"":-0.0893,""sigma_b"":0.0067,""libro_spread"":0.01,""libro_liquidez"":2982.8963,""moon_phase"":0.0414,""mercury_retrogrado"":1,""horas_hasta_fomc"":329.6,""smart_money_consensus"":0.205,""smart_money_n_wallets"":8,""smart_money_consensus_ponderado"":0.1552,""smart_money_n_wallets_ponderado"":8}"
2026-07-16T00:23:15+00:00,UPDOWN_GBM,2929167,"XRP Up or Down - July 15, 8:30PM-8:45PM ET",2026-07-16T00:45:00,0.36,0.5050,0.4978,-0.0072,-0.0022,-0.0022,SKIP,updown_gbm XRP 15min ref=1.112 spot=1.112 (+0.00%) sigma_h=0.0354 T=0.36h p_up=0.498 mu_h=-0.0003,XRP#15min,0.50,"{""pct_spot_vs_ref"":0.0,""sigma_h"":0.035406,""T_h"":0.3621,""hora_utc"":0,""sigma_ewma_delta_pct"":-3.469,""drift_15min"":-0.6641,""drift_60min"":-0.1616,""kalman_mu_h"":-0.000861,""delta_ratio_macro"":0.0235,""ibs_15"":0.1667,""dist_vwap_pct"":-0.1012,""poly_drift_5obs"":1.0,""funding_rate_8h"":-0.001,""logit_edge"":-0.0288,""sigma_b"":0.0067,""libro_spread"":0.01,""libro_liquidez"":2310.4263,""moon_phase"":0.0414,""mercury_retrogrado"":1,""horas_hasta_fomc"":329.6,""smart_money_consensus"":0.1613,""smart_money_n_wallets"":6,""smart_money_consensus_ponderado"":0.1179,""smart_money_n_wallets_ponderado"":6}"
2026-07-16T00:25:16+00:00,GBM_LATE_15M_ESPACIO_ATR,2929040,"XRP Up or Down - July 15, 8:15PM-8:30PM ET",2026-07-16T00:30:00,0.08,0.4950,0.3760,-0.1190,-0.1140,0.1140,BUY_NO,gbm_late_15min XRP drift_vent=-0.323% rest=4.7min d=-0.32 p_up=0.38 py=0.49,XRP#15min,2.00,"{""drift_ventana_pct"":-0.3228,""restante_min"":4.71,""T_h"":0.0786,""sigma_h"":0.03649,""d_gbm"":-0.316,""py_entrada"":0.495,""hora_utc"":0,""mercado_anchura_pct"":-0.3342,""drift_20min_pct"":0.1622,""ibs_20min"":0.3,""dist_ancla_estructural_pct"":-0.2825,""volumen_regimen"":2.0496,""n_obs_vol_h"":45,""se_d_gbm_aprox"":0.0333,""sigma_h_ewma10"":0.03228,""sigma_ewma_delta_pct"":-11.539,""dist_vwap_pct"":-0.1441,""retest_pct"":0.3333,""libro_spread"":0.01,""libro_liquidez"":2456.8344,""moon_phase"":0.0415,""mercury_retrogrado"":1,""horas_hasta_fomc"":329.6,""smart_money_consensus"":0.1613,""smart_money_n_wallets"":6,""smart_money_consensus_ponderado"":0.1179,""smart_money_n_wallets_ponderado"":6,""ventana_activos_previos_mismo_signo"":0,""favorito_confirma_decision"":null,""favorito_confirma_coincide"":null}"
2026-07-16T00:25:16+00:00,STREAK_MOM_5M,2929102,"XRP Up or Down - July 15, 8:25PM-8:30PM ET",2026-07-16T00:30:00,0.08,0.4950,0.4200,0.0050,-0.0000,-0.0000,SKIP,streak_mom_5m XRP racha=3xNO py=0.495 (momentum),XRP#5min,0.50,"{""streak_len"":3,""streak_dir_up"":0,""py_entrada"":0.495,""hora_utc"":0,""es_ntm_5min"":1,""libro_spread"":0.03,""libro_liquidez"":3171.7837,""moon_phase"":0.0415,""mercury_retrogrado"":1,""horas_hasta_fomc"":329.6,""smart_money_consensus"":0.1613,""smart_money_n_wallets"":6,""smart_money_consensus_ponderado"":0.1179,""smart_money_n_wallets_ponderado"":6}"
2026-07-16T00:25:16+00:00,STREAK_FADE_5M,2929102,"XRP Up or Down - July 15, 8:25PM-8:30PM ET",2026-07-16T00:30:00,0.08,0.4950,0.5800,0.0050,-0.0000,-0.0000,SKIP,"streak_fade_5m XRP racha=3xNO py=0.495 (reversión, espejo de MOM)",XRP#5min,0.50,"{""streak_len"":3,""streak_dir_up"":0,""py_entrada"":0.495,""hora_utc"":0,""es_ntm_5min"":1,""libro_spread"":0.03,""libro_liquidez"":3171.7837,""moon_phase"":0.0415,""mercury_retrogrado"":1,""horas_hasta_fomc"":329.6,""smart_money_consensus"":0.1613,""smart_money_n_wallets"":6,""smart_money_consensus_ponderado"":0.1179,""smart_money_n_wallets_ponderado"":6}"
2026-07-16T00:25:16+00:00,UPDOWN_GBM,2929164,"Ethereum Up or Down - July 15, 8:30PM-8:45PM ET",2026-07-16T00:45:00,0.33,0.5050,0.4613,-0.0437,-0.0387,0.0387,BUY_NO,updown_gbm ETH 15min ref=1916 spot=1916 (-0.02%) sigma_h=0.0081 T=0.33h p_up=0.461 mu_h=-0.0008,ETH#15min,1.29,"{""pct_spot_vs_ref"":-0.0185,""sigma_h"":0.008127,""T_h"":0.3287,""hora_utc"":0,""sigma_ewma_delta_pct"":-13.206,""drift_15min"":-0.6367,""drift_60min"":-0.4075,""kalman_mu_h"":-0.000765,""delta_ratio_macro"":-0.1757,""cross_window_spread"":-0.0006,""ibs_15"":0.0308,""dist_vwap_pct"":-0.243,""poly_drift_5obs"":-2.0202,""funding_rate_8h"":0.00455,""logit_edge"":-0.1753,""sigma_b"":0.0353,""libro_spread"":0.01,""libro_liquidez"":9468.473,""moon_phase"":0.0415,""mercury_retrogrado"":1,""horas_hasta_fomc"":329.6,""smart_money_consensus"":0.0621,""smart_money_n_wallets"":12,""smart_money_consensus_ponderado"":-0.0114,""smart_money_n_wallets_ponderado"":12}"
