timestamp_utc,strategy,market_id,question,end_date,horas_a_vencimiento,precio_yes_mercado,prob_yes_modelo,edge_bruto,edge_neto,edge_direccional,decision,razon,subtype,apuesta,features
2026-07-07T00:00:10+00:00,WEEKLY_PRICE,2744309,Will the price of Solana be between $70 and $80 on July 7?,2026-07-07T16:00:00,16.00,0.1050,0.1000,-0.0050,0.0000,0.0000,SKIP,"weekly_between SOL spot=82 [70,80] in=False",SOL,0.50,"{""spot"":81.96,""in_range"":0,""pct_dist"":2.3914,""T_h"":15.9965,""moon_phase"":0.7361,""mercury_retrogrado"":1,""smart_money_consensus"":0.0381,""smart_money_n_wallets"":6}"
2026-07-07T00:00:10+00:00,WEEKLY_PRICE,2744313,Will the price of Solana be between $80 and $90 on July 7?,2026-07-07T16:00:00,16.00,0.8350,0.8800,0.0450,0.0400,0.0400,BUY_YES,"weekly_between SOL spot=82 [80,90] in=True",SOL,0.50,"{""spot"":81.96,""in_range"":1,""pct_dist"":0.0,""T_h"":15.9965,""moon_phase"":0.7361,""mercury_retrogrado"":1,""smart_money_consensus"":0.0381,""smart_money_n_wallets"":6}"
2026-07-07T00:00:10+00:00,PRICE_TARGET_GBM,2744327,Will the price of Solana be above $80 on July 7?,2026-07-07T16:00:00,16.00,0.8550,0.7564,-0.0986,-0.0936,0.0936,BUY_NO,price_target_gbm SOL atexpiry K=80 spot=81.96 (+2.4%vsK) sigma_h=0.0087 T=16.0h p_yes=0.756,SOL#atexpiry,0.50,"{""pct_vs_K"":2.45,""sigma_h"":0.008711,""T_h"":15.9965,""log_ratio"":0.024205,""moon_phase"":0.7361,""mercury_retrogrado"":1,""smart_money_consensus"":0.0381,""smart_money_n_wallets"":6}"
2026-07-07T00:00:10+00:00,WEEKLY_PRICE,2758109,Will the price of Solana be between $60 and $70 on July 8?,2026-07-08T16:00:00,40.00,0.0145,0.1000,0.0855,0.0805,0.0805,SKIP,"weekly_between SOL spot=82 [60,70] in=False",SOL,0.50,"{""spot"":81.96,""in_range"":0,""pct_dist"":14.5925,""T_h"":39.9965,""moon_phase"":0.7361,""mercury_retrogrado"":1,""smart_money_consensus"":0.0381,""smart_money_n_wallets"":6}"
2026-07-07T00:00:10+00:00,WEEKLY_PRICE,2758113,Will the price of Solana be between $70 and $80 on July 8?,2026-07-08T16:00:00,40.00,0.2650,0.1650,-0.1000,-0.0950,0.0950,BUY_NO,"weekly_between SOL spot=82 [70,80] in=False",SOL,0.50,"{""spot"":81.96,""in_range"":0,""pct_dist"":2.3914,""T_h"":39.9965,""moon_phase"":0.7361,""mercury_retrogrado"":1,""smart_money_consensus"":0.0381,""smart_money_n_wallets"":6}"
2026-07-07T00:00:10+00:00,WEEKLY_PRICE,2758115,Will the price of Solana be between $80 and $90 on July 8?,2026-07-08T16:00:00,40.00,0.7050,0.8550,0.1500,0.1450,0.1450,BUY_YES,"weekly_between SOL spot=82 [80,90] in=True",SOL,0.50,"{""spot"":81.96,""in_range"":1,""pct_dist"":0.0,""T_h"":39.9965,""moon_phase"":0.7361,""mercury_retrogrado"":1,""smart_money_consensus"":0.0381,""smart_money_n_wallets"":6}"
2026-07-07T00:00:10+00:00,WEEKLY_PRICE,2758121,Will the price of Solana be between $90 and $100 on July 8?,2026-07-08T16:00:00,40.00,0.0350,0.1000,0.0650,0.0600,0.0600,SKIP,"weekly_between SOL spot=82 [90,100] in=False",SOL,0.50,"{""spot"":81.96,""in_range"":0,""pct_dist"":9.8097,""T_h"":39.9965,""moon_phase"":0.7361,""mercury_retrogrado"":1,""smart_money_consensus"":0.0381,""smart_money_n_wallets"":6}"
2026-07-07T00:00:10+00:00,PRICE_TARGET_GBM,2758114,Will the price of Solana be above $70 on July 8?,2026-07-08T16:00:00,40.00,0.9850,0.9260,-0.0590,-0.0540,-0.0540,SKIP,price_target_gbm SOL atexpiry K=70 spot=81.96 (+17.1%vsK) sigma_h=0.0172 T=40.0h p_yes=0.926,SOL#atexpiry,0.50,"{""pct_vs_K"":17.0857,""sigma_h"":0.017242,""T_h"":39.9965,""log_ratio"":0.157736,""moon_phase"":0.7361,""mercury_retrogrado"":1,""smart_money_consensus"":0.0381,""smart_money_n_wallets"":6}"
2026-07-07T00:00:10+00:00,PRICE_TARGET_GBM,2758118,Will the price of Solana be above $80 on July 8?,2026-07-08T16:00:00,40.00,0.7300,0.5878,-0.1422,-0.1372,0.1372,BUY_NO,price_target_gbm SOL atexpiry K=80 spot=81.96 (+2.4%vsK) sigma_h=0.0172 T=40.0h p_yes=0.588,SOL#atexpiry,0.50,"{""pct_vs_K"":2.45,""sigma_h"":0.017242,""T_h"":39.9965,""log_ratio"":0.024205,""moon_phase"":0.7361,""mercury_retrogrado"":1,""smart_money_consensus"":0.0381,""smart_money_n_wallets"":6}"
2026-07-07T00:00:10+00:00,PRICE_TARGET_GBM,2758125,Will the price of Solana be above $90 on July 8?,2026-07-08T16:00:00,40.00,0.0255,0.1954,0.1699,0.1649,0.1649,SKIP,price_target_gbm SOL atexpiry K=90 spot=81.96 (-8.9%vsK) sigma_h=0.0172 T=40.0h p_yes=0.195,SOL#atexpiry,0.50,"{""pct_vs_K"":-8.9333,""sigma_h"":0.017242,""T_h"":39.9965,""log_ratio"":-0.093578,""moon_phase"":0.7361,""mercury_retrogrado"":1,""smart_money_consensus"":0.0381,""smart_money_n_wallets"":6}"
2026-07-07T00:00:10+00:00,PRICE_TARGET_GBM,2758375,Will Solana reach $130 in July?,2026-08-01T04:00:00,604.00,0.0175,0.3540,0.3365,0.3315,0.3315,SKIP,price_target_gbm SOL reach K=130 spot=81.96 (-37.0%vsK) sigma_h=0.0203 T=604.0h p_yes=0.354,SOL#reach,0.50,"{""pct_vs_K"":-36.9538,""sigma_h"":0.020251,""T_h"":603.9965,""log_ratio"":-0.461303,""moon_phase"":0.7361,""mercury_retrogrado"":1,""smart_money_consensus"":0.0381,""smart_money_n_wallets"":6}"
2026-07-07T00:00:10+00:00,PRICE_TARGET_GBM,2758376,Will Solana reach $120 in July?,2026-08-01T04:00:00,604.00,0.0345,0.4437,0.4092,0.4042,0.4042,SKIP,price_target_gbm SOL reach K=120 spot=81.96 (-31.7%vsK) sigma_h=0.0203 T=604.0h p_yes=0.444,SOL#reach,0.50,"{""pct_vs_K"":-31.7,""sigma_h"":0.020251,""T_h"":603.9965,""log_ratio"":-0.38126,""moon_phase"":0.7361,""mercury_retrogrado"":1,""smart_money_consensus"":0.0381,""smart_money_n_wallets"":6}"
2026-07-07T00:00:10+00:00,PRICE_TARGET_GBM,2758377,Will Solana reach $110 in July?,2026-08-01T04:00:00,604.00,0.0790,0.5544,0.4754,0.4704,0.4704,SKIP,price_target_gbm SOL reach K=110 spot=81.96 (-25.5%vsK) sigma_h=0.0203 T=604.0h p_yes=0.554,SOL#reach,0.50,"{""pct_vs_K"":-25.4909,""sigma_h"":0.020251,""T_h"":603.9965,""log_ratio"":-0.294249,""moon_phase"":0.7361,""mercury_retrogrado"":1,""smart_money_consensus"":0.0381,""smart_money_n_wallets"":6}"
2026-07-07T00:00:10+00:00,PRICE_TARGET_GBM,2758378,Will Solana reach $100 in July?,2026-08-01T04:00:00,604.00,0.2350,0.6894,0.4544,0.4494,0.4494,BUY_YES,price_target_gbm SOL reach K=100 spot=81.96 (-18.0%vsK) sigma_h=0.0203 T=604.0h p_yes=0.689,SOL#reach,0.50,"{""pct_vs_K"":-18.04,""sigma_h"":0.020251,""T_h"":603.9965,""log_ratio"":-0.198939,""moon_phase"":0.7361,""mercury_retrogrado"":1,""smart_money_consensus"":0.0381,""smart_money_n_wallets"":6}"
2026-07-07T00:00:10+00:00,PRICE_TARGET_GBM,2758379,Will Solana reach $90 in July?,2026-08-01T04:00:00,604.00,0.5750,0.8509,0.2759,0.2709,0.2709,BUY_YES,price_target_gbm SOL reach K=90 spot=81.96 (-8.9%vsK) sigma_h=0.0203 T=604.0h p_yes=0.851,SOL#reach,0.50,"{""pct_vs_K"":-8.9333,""sigma_h"":0.020251,""T_h"":603.9965,""log_ratio"":-0.093578,""moon_phase"":0.7361,""mercury_retrogrado"":1,""smart_money_consensus"":0.0381,""smart_money_n_wallets"":6}"
2026-07-07T00:00:10+00:00,WEEKLY_PRICE,2769814,Will the price of Solana be between $40 and $50 on July 9?,2026-07-09T16:00:00,64.00,0.0150,0.0600,0.0450,0.0400,0.0400,SKIP,"weekly_between SOL spot=82 [40,50] in=False",SOL,0.50,"{""spot"":81.96,""in_range"":0,""pct_dist"":38.9946,""T_h"":63.9965,""moon_phase"":0.7361,""mercury_retrogrado"":1,""smart_money_consensus"":0.0381,""smart_money_n_wallets"":6}"
2026-07-07T00:00:10+00:00,WEEKLY_PRICE,2769820,Will the price of Solana be between $50 and $60 on July 9?,2026-07-09T16:00:00,64.00,0.0150,0.0600,0.0450,0.0400,0.0400,SKIP,"weekly_between SOL spot=82 [50,60] in=False",SOL,0.50,"{""spot"":81.96,""in_range"":0,""pct_dist"":26.7936,""T_h"":63.9965,""moon_phase"":0.7361,""mercury_retrogrado"":1,""smart_money_consensus"":0.0381,""smart_money_n_wallets"":6}"
2026-07-07T00:00:10+00:00,WEEKLY_PRICE,2769823,Will the price of Solana be between $60 and $70 on July 9?,2026-07-09T16:00:00,64.00,0.0200,0.1000,0.0800,0.0750,0.0750,SKIP,"weekly_between SOL spot=82 [60,70] in=False",SOL,0.50,"{""spot"":81.96,""in_range"":0,""pct_dist"":14.5925,""T_h"":63.9965,""moon_phase"":0.7361,""mercury_retrogrado"":1,""smart_money_consensus"":0.0381,""smart_money_n_wallets"":6}"
2026-07-07T00:00:10+00:00,WEEKLY_PRICE,2769828,Will the price of Solana be between $70 and $80 on July 9?,2026-07-09T16:00:00,64.00,0.3200,0.2200,-0.1000,-0.0950,0.0950,BUY_NO,"weekly_between SOL spot=82 [70,80] in=False",SOL,0.50,"{""spot"":81.96,""in_range"":0,""pct_dist"":2.3914,""T_h"":63.9965,""moon_phase"":0.7361,""mercury_retrogrado"":1,""smart_money_consensus"":0.0381,""smart_money_n_wallets"":6}"
2026-07-07T00:00:10+00:00,WEEKLY_PRICE,2769831,Will the price of Solana be between $80 and $90 on July 9?,2026-07-09T16:00:00,64.00,0.6400,0.7900,0.1500,0.1450,0.1450,BUY_YES,"weekly_between SOL spot=82 [80,90] in=True",SOL,0.50,"{""spot"":81.96,""in_range"":1,""pct_dist"":0.0,""T_h"":63.9965,""moon_phase"":0.7361,""mercury_retrogrado"":1,""smart_money_consensus"":0.0381,""smart_money_n_wallets"":6}"
2026-07-07T00:00:10+00:00,WEEKLY_PRICE,2769833,Will the price of Solana be between $90 and $100 on July 9?,2026-07-09T16:00:00,64.00,0.0420,0.1000,0.0580,0.0530,0.0530,SKIP,"weekly_between SOL spot=82 [90,100] in=False",SOL,0.50,"{""spot"":81.96,""in_range"":0,""pct_dist"":9.8097,""T_h"":63.9965,""moon_phase"":0.7361,""mercury_retrogrado"":1,""smart_money_consensus"":0.0381,""smart_money_n_wallets"":6}"
2026-07-07T00:00:10+00:00,WEEKLY_PRICE,2769839,Will the price of Solana be between $100 and $110 on July 9?,2026-07-09T16:00:00,64.00,0.0155,0.0600,0.0445,0.0395,0.0395,SKIP,"weekly_between SOL spot=82 [100,110] in=False",SOL,0.50,"{""spot"":81.96,""in_range"":0,""pct_dist"":22.0107,""T_h"":63.9965,""moon_phase"":0.7361,""mercury_retrogrado"":1,""smart_money_consensus"":0.0381,""smart_money_n_wallets"":6}"
2026-07-07T00:00:10+00:00,WEEKLY_PRICE,2769842,Will the price of Solana be between $110 and $120 on July 9?,2026-07-09T16:00:00,64.00,0.0150,0.0600,0.0450,0.0400,0.0400,SKIP,"weekly_between SOL spot=82 [110,120] in=False",SOL,0.50,"{""spot"":81.96,""in_range"":0,""pct_dist"":34.2118,""T_h"":63.9965,""moon_phase"":0.7361,""mercury_retrogrado"":1,""smart_money_consensus"":0.0381,""smart_money_n_wallets"":6}"
2026-07-07T00:00:10+00:00,WEEKLY_PRICE,2769844,Will the price of Solana be between $120 and $130 on July 9?,2026-07-09T16:00:00,64.00,0.0150,0.0600,0.0450,0.0400,0.0400,SKIP,"weekly_between SOL spot=82 [120,130] in=False",SOL,0.50,"{""spot"":81.96,""in_range"":0,""pct_dist"":46.4129,""T_h"":63.9965,""moon_phase"":0.7361,""mercury_retrogrado"":1,""smart_money_consensus"":0.0381,""smart_money_n_wallets"":6}"
2026-07-07T00:00:10+00:00,PRICE_TARGET_GBM,2769824,Will the price of Solana be above $50 on July 9?,2026-07-09T16:00:00,64.00,0.9845,0.9500,-0.0345,-0.0295,-0.0295,SKIP,price_target_gbm SOL atexpiry K=50 spot=81.96 (+63.9%vsK) sigma_h=0.0159 T=64.0h p_yes=1.000,SOL#atexpiry,0.50,"{""pct_vs_K"":63.92,""sigma_h"":0.015895,""T_h"":63.9965,""log_ratio"":0.494208,""moon_phase"":0.7361,""mercury_retrogrado"":1,""smart_money_consensus"":0.0381,""smart_money_n_wallets"":6}"
2026-07-07T00:00:10+00:00,PRICE_TARGET_GBM,2769827,Will the price of Solana be above $60 on July 9?,2026-07-09T16:00:00,64.00,0.9850,0.9500,-0.0350,-0.0300,-0.0300,SKIP,price_target_gbm SOL atexpiry K=60 spot=81.96 (+36.6%vsK) sigma_h=0.0159 T=64.0h p_yes=0.993,SOL#atexpiry,0.50,"{""pct_vs_K"":36.6,""sigma_h"":0.015895,""T_h"":63.9965,""log_ratio"":0.311887,""moon_phase"":0.7361,""mercury_retrogrado"":1,""smart_money_consensus"":0.0381,""smart_money_n_wallets"":6}"
2026-07-07T00:00:10+00:00,PRICE_TARGET_GBM,2769830,Will the price of Solana be above $70 on July 9?,2026-07-09T16:00:00,64.00,0.9800,0.8926,-0.0874,-0.0824,-0.0824,SKIP,price_target_gbm SOL atexpiry K=70 spot=81.96 (+17.1%vsK) sigma_h=0.0159 T=64.0h p_yes=0.893,SOL#atexpiry,0.50,"{""pct_vs_K"":17.0857,""sigma_h"":0.015895,""T_h"":63.9965,""log_ratio"":0.157736,""moon_phase"":0.7361,""mercury_retrogrado"":1,""smart_money_consensus"":0.0381,""smart_money_n_wallets"":6}"
2026-07-07T00:00:10+00:00,PRICE_TARGET_GBM,2769834,Will the price of Solana be above $80 on July 9?,2026-07-09T16:00:00,64.00,0.6850,0.5755,-0.1095,-0.1045,0.1045,BUY_NO,price_target_gbm SOL atexpiry K=80 spot=81.96 (+2.4%vsK) sigma_h=0.0159 T=64.0h p_yes=0.575,SOL#atexpiry,0.50,"{""pct_vs_K"":2.45,""sigma_h"":0.015895,""T_h"":63.9965,""log_ratio"":0.024205,""moon_phase"":0.7361,""mercury_retrogrado"":1,""smart_money_consensus"":0.0381,""smart_money_n_wallets"":6}"
2026-07-07T00:00:10+00:00,PRICE_TARGET_GBM,2769838,Will the price of Solana be above $90 on July 9?,2026-07-09T16:00:00,64.00,0.0340,0.2309,0.1969,0.1919,0.1919,SKIP,price_target_gbm SOL atexpiry K=90 spot=81.96 (-8.9%vsK) sigma_h=0.0159 T=64.0h p_yes=0.231,SOL#atexpiry,0.50,"{""pct_vs_K"":-8.9333,""sigma_h"":0.015895,""T_h"":63.9965,""log_ratio"":-0.093578,""moon_phase"":0.7361,""mercury_retrogrado"":1,""smart_money_consensus"":0.0381,""smart_money_n_wallets"":6}"
2026-07-07T00:00:10+00:00,PRICE_TARGET_GBM,2769843,Will the price of Solana be above $100 on July 9?,2026-07-09T16:00:00,64.00,0.0190,0.0588,0.0398,0.0348,0.0348,SKIP,price_target_gbm SOL atexpiry K=100 spot=81.96 (-18.0%vsK) sigma_h=0.0159 T=64.0h p_yes=0.059,SOL#atexpiry,0.50,"{""pct_vs_K"":-18.04,""sigma_h"":0.015895,""T_h"":63.9965,""log_ratio"":-0.198939,""moon_phase"":0.7361,""mercury_retrogrado"":1,""smart_money_consensus"":0.0381,""smart_money_n_wallets"":6}"
2026-07-07T00:00:10+00:00,PRICE_TARGET_GBM,2769845,Will the price of Solana be above $110 on July 9?,2026-07-09T16:00:00,64.00,0.0155,0.0500,0.0345,0.0295,0.0295,SKIP,price_target_gbm SOL atexpiry K=110 spot=81.96 (-25.5%vsK) sigma_h=0.0159 T=64.0h p_yes=0.010,SOL#atexpiry,0.50,"{""pct_vs_K"":-25.4909,""sigma_h"":0.015895,""T_h"":63.9965,""log_ratio"":-0.294249,""moon_phase"":0.7361,""mercury_retrogrado"":1,""smart_money_consensus"":0.0381,""smart_money_n_wallets"":6}"
2026-07-07T00:00:10+00:00,PRICE_TARGET_GBM,2784783,Will the price of Solana be above $60 on July 10?,2026-07-10T16:00:00,88.00,0.9860,0.9500,-0.0360,-0.0310,-0.0310,SKIP,price_target_gbm SOL atexpiry K=60 spot=81.96 (+36.6%vsK) sigma_h=0.0154 T=88.0h p_yes=0.985,SOL#atexpiry,0.50,"{""pct_vs_K"":36.6,""sigma_h"":0.015386,""T_h"":87.9965,""log_ratio"":0.311887,""moon_phase"":0.7361,""mercury_retrogrado"":1,""smart_money_consensus"":0.0381,""smart_money_n_wallets"":6}"
2026-07-07T00:00:10+00:00,PRICE_TARGET_GBM,2784788,Will the price of Solana be above $70 on July 10?,2026-07-10T16:00:00,88.00,0.9780,0.8628,-0.1152,-0.1102,-0.1102,SKIP,price_target_gbm SOL atexpiry K=70 spot=81.96 (+17.1%vsK) sigma_h=0.0154 T=88.0h p_yes=0.863,SOL#atexpiry,0.50,"{""pct_vs_K"":17.0857,""sigma_h"":0.015386,""T_h"":87.9965,""log_ratio"":0.157736,""moon_phase"":0.7361,""mercury_retrogrado"":1,""smart_money_consensus"":0.0381,""smart_money_n_wallets"":6}"
2026-07-07T00:00:10+00:00,PRICE_TARGET_GBM,2784791,Will the price of Solana be above $80 on July 10?,2026-07-10T16:00:00,88.00,0.6550,0.5666,-0.0884,-0.0834,0.0834,BUY_NO,price_target_gbm SOL atexpiry K=80 spot=81.96 (+2.4%vsK) sigma_h=0.0154 T=88.0h p_yes=0.567,SOL#atexpiry,0.50,"{""pct_vs_K"":2.45,""sigma_h"":0.015386,""T_h"":87.9965,""log_ratio"":0.024205,""moon_phase"":0.7361,""mercury_retrogrado"":1,""smart_money_consensus"":0.0381,""smart_money_n_wallets"":6}"
2026-07-07T00:00:10+00:00,PRICE_TARGET_GBM,2784795,Will the price of Solana be above $90 on July 10?,2026-07-10T16:00:00,88.00,0.0550,0.2584,0.2034,0.1984,0.1984,SKIP,price_target_gbm SOL atexpiry K=90 spot=81.96 (-8.9%vsK) sigma_h=0.0154 T=88.0h p_yes=0.258,SOL#atexpiry,0.50,"{""pct_vs_K"":-8.9333,""sigma_h"":0.015386,""T_h"":87.9965,""log_ratio"":-0.093578,""moon_phase"":0.7361,""mercury_retrogrado"":1,""smart_money_consensus"":0.0381,""smart_money_n_wallets"":6}"
2026-07-07T00:00:10+00:00,PRICE_TARGET_GBM,2784801,Will the price of Solana be above $100 on July 10?,2026-07-10T16:00:00,88.00,0.0195,0.0840,0.0645,0.0595,0.0595,SKIP,price_target_gbm SOL atexpiry K=100 spot=81.96 (-18.0%vsK) sigma_h=0.0154 T=88.0h p_yes=0.084,SOL#atexpiry,0.50,"{""pct_vs_K"":-18.04,""sigma_h"":0.015386,""T_h"":87.9965,""log_ratio"":-0.198939,""moon_phase"":0.7361,""mercury_retrogrado"":1,""smart_money_consensus"":0.0381,""smart_money_n_wallets"":6}"
2026-07-07T00:00:10+00:00,PRICE_TARGET_GBM,2784805,Will the price of Solana be above $110 on July 10?,2026-07-10T16:00:00,88.00,0.0150,0.0500,0.0350,0.0300,0.0300,SKIP,price_target_gbm SOL atexpiry K=110 spot=81.96 (-25.5%vsK) sigma_h=0.0154 T=88.0h p_yes=0.021,SOL#atexpiry,0.50,"{""pct_vs_K"":-25.4909,""sigma_h"":0.015386,""T_h"":87.9965,""log_ratio"":-0.294249,""moon_phase"":0.7361,""mercury_retrogrado"":1,""smart_money_consensus"":0.0381,""smart_money_n_wallets"":6}"
2026-07-07T00:00:10+00:00,PRICE_TARGET_GBM,2784811,Will the price of Solana be above $120 on July 10?,2026-07-10T16:00:00,88.00,0.0140,0.0500,0.0360,0.0310,0.0310,SKIP,price_target_gbm SOL atexpiry K=120 spot=81.96 (-31.7%vsK) sigma_h=0.0154 T=88.0h p_yes=0.004,SOL#atexpiry,0.50,"{""pct_vs_K"":-31.7,""sigma_h"":0.015386,""T_h"":87.9965,""log_ratio"":-0.38126,""moon_phase"":0.7361,""mercury_retrogrado"":1,""smart_money_consensus"":0.0381,""smart_money_n_wallets"":6}"
2026-07-07T00:00:10+00:00,WEEKLY_PRICE,2784798,Will the price of Solana be between $40 and $50 on July 10?,2026-07-10T16:00:00,88.00,0.0195,0.0600,0.0405,0.0355,0.0355,SKIP,"weekly_between SOL spot=82 [40,50] in=False",SOL,0.50,"{""spot"":81.96,""in_range"":0,""pct_dist"":38.9946,""T_h"":87.9965,""moon_phase"":0.7361,""mercury_retrogrado"":1,""smart_money_consensus"":0.0381,""smart_money_n_wallets"":6}"
2026-07-07T00:00:10+00:00,WEEKLY_PRICE,2784803,Will the price of Solana be between $50 and $60 on July 10?,2026-07-10T16:00:00,88.00,0.0195,0.0600,0.0405,0.0355,0.0355,SKIP,"weekly_between SOL spot=82 [50,60] in=False",SOL,0.50,"{""spot"":81.96,""in_range"":0,""pct_dist"":26.7936,""T_h"":87.9965,""moon_phase"":0.7361,""mercury_retrogrado"":1,""smart_money_consensus"":0.0381,""smart_money_n_wallets"":6}"
2026-07-07T00:00:10+00:00,WEEKLY_PRICE,2784810,Will the price of Solana be between $60 and $70 on July 10?,2026-07-10T16:00:00,88.00,0.0220,0.1000,0.0780,0.0730,0.0730,SKIP,"weekly_between SOL spot=82 [60,70] in=False",SOL,0.50,"{""spot"":81.96,""in_range"":0,""pct_dist"":14.5925,""T_h"":87.9965,""moon_phase"":0.7361,""mercury_retrogrado"":1,""smart_money_consensus"":0.0381,""smart_money_n_wallets"":6}"
2026-07-07T00:00:10+00:00,WEEKLY_PRICE,2784815,Will the price of Solana be between $70 and $80 on July 10?,2026-07-10T16:00:00,88.00,0.3500,0.2500,-0.1000,-0.0950,0.0950,BUY_NO,"weekly_between SOL spot=82 [70,80] in=False",SOL,0.50,"{""spot"":81.96,""in_range"":0,""pct_dist"":2.3914,""T_h"":87.9965,""moon_phase"":0.7361,""mercury_retrogrado"":1,""smart_money_consensus"":0.0381,""smart_money_n_wallets"":6}"
2026-07-07T00:00:10+00:00,WEEKLY_PRICE,2784820,Will the price of Solana be between $80 and $90 on July 10?,2026-07-10T16:00:00,88.00,0.5900,0.7400,0.1500,0.1450,0.1450,BUY_YES,"weekly_between SOL spot=82 [80,90] in=True",SOL,0.50,"{""spot"":81.96,""in_range"":1,""pct_dist"":0.0,""T_h"":87.9965,""moon_phase"":0.7361,""mercury_retrogrado"":1,""smart_money_consensus"":0.0381,""smart_money_n_wallets"":6}"
2026-07-07T00:00:10+00:00,WEEKLY_PRICE,2784823,Will the price of Solana be between $90 and $100 on July 10?,2026-07-10T16:00:00,88.00,0.0550,0.1000,0.0450,0.0400,0.0400,SKIP,"weekly_between SOL spot=82 [90,100] in=False",SOL,0.50,"{""spot"":81.96,""in_range"":0,""pct_dist"":9.8097,""T_h"":87.9965,""moon_phase"":0.7361,""mercury_retrogrado"":1,""smart_money_consensus"":0.0381,""smart_money_n_wallets"":6}"
2026-07-07T00:00:10+00:00,WEEKLY_PRICE,2784826,Will the price of Solana be between $100 and $110 on July 10?,2026-07-10T16:00:00,88.00,0.0195,0.0600,0.0405,0.0355,0.0355,SKIP,"weekly_between SOL spot=82 [100,110] in=False",SOL,0.50,"{""spot"":81.96,""in_range"":0,""pct_dist"":22.0107,""T_h"":87.9965,""moon_phase"":0.7361,""mercury_retrogrado"":1,""smart_money_consensus"":0.0381,""smart_money_n_wallets"":6}"
2026-07-07T00:00:10+00:00,WEEKLY_PRICE,2784830,Will the price of Solana be between $110 and $120 on July 10?,2026-07-10T16:00:00,88.00,0.0195,0.0600,0.0405,0.0355,0.0355,SKIP,"weekly_between SOL spot=82 [110,120] in=False",SOL,0.50,"{""spot"":81.96,""in_range"":0,""pct_dist"":34.2118,""T_h"":87.9965,""moon_phase"":0.7361,""mercury_retrogrado"":1,""smart_money_consensus"":0.0381,""smart_money_n_wallets"":6}"
2026-07-07T00:00:10+00:00,WEEKLY_PRICE,2784834,Will the price of Solana be between $120 and $130 on July 10?,2026-07-10T16:00:00,88.00,0.0195,0.0600,0.0405,0.0355,0.0355,SKIP,"weekly_between SOL spot=82 [120,130] in=False",SOL,0.50,"{""spot"":81.96,""in_range"":0,""pct_dist"":46.4129,""T_h"":87.9965,""moon_phase"":0.7361,""mercury_retrogrado"":1,""smart_money_consensus"":0.0381,""smart_money_n_wallets"":6}"
2026-07-07T00:00:10+00:00,PRICE_TARGET_GBM,2796008,Will the price of Solana be above $40 on July 11?,2026-07-11T16:00:00,112.00,0.9855,0.9500,-0.0355,-0.0305,-0.0305,SKIP,price_target_gbm SOL atexpiry K=40 spot=81.96 (+104.9%vsK) sigma_h=0.0170 T=112.0h p_yes=1.000,SOL#atexpiry,0.50,"{""pct_vs_K"":104.9,""sigma_h"":0.01702,""T_h"":111.9965,""log_ratio"":0.717352,""moon_phase"":0.7361,""mercury_retrogrado"":1,""smart_money_consensus"":0.0381,""smart_money_n_wallets"":6}"
2026-07-07T00:00:10+00:00,PRICE_TARGET_GBM,2796011,Will the price of Solana be above $50 on July 11?,2026-07-11T16:00:00,112.00,0.9805,0.9500,-0.0305,-0.0255,-0.0255,SKIP,price_target_gbm SOL atexpiry K=50 spot=81.96 (+63.9%vsK) sigma_h=0.0170 T=112.0h p_yes=0.997,SOL#atexpiry,0.50,"{""pct_vs_K"":63.92,""sigma_h"":0.01702,""T_h"":111.9965,""log_ratio"":0.494208,""moon_phase"":0.7361,""mercury_retrogrado"":1,""smart_money_consensus"":0.0381,""smart_money_n_wallets"":6}"
2026-07-07T00:00:10+00:00,PRICE_TARGET_GBM,2796020,Will the price of Solana be above $60 on July 11?,2026-07-11T16:00:00,112.00,0.9805,0.9500,-0.0305,-0.0255,-0.0255,SKIP,price_target_gbm SOL atexpiry K=60 spot=81.96 (+36.6%vsK) sigma_h=0.0170 T=112.0h p_yes=0.958,SOL#atexpiry,0.50,"{""pct_vs_K"":36.6,""sigma_h"":0.01702,""T_h"":111.9965,""log_ratio"":0.311887,""moon_phase"":0.7361,""mercury_retrogrado"":1,""smart_money_consensus"":0.0381,""smart_money_n_wallets"":6}"
2026-07-07T00:00:10+00:00,PRICE_TARGET_GBM,2796031,Will the price of Solana be above $70 on July 11?,2026-07-11T16:00:00,112.00,0.9705,0.8094,-0.1611,-0.1561,-0.1561,SKIP,price_target_gbm SOL atexpiry K=70 spot=81.96 (+17.1%vsK) sigma_h=0.0170 T=112.0h p_yes=0.809,SOL#atexpiry,0.50,"{""pct_vs_K"":17.0857,""sigma_h"":0.01702,""T_h"":111.9965,""log_ratio"":0.157736,""moon_phase"":0.7361,""mercury_retrogrado"":1,""smart_money_consensus"":0.0381,""smart_money_n_wallets"":6}"
2026-07-07T00:00:10+00:00,PRICE_TARGET_GBM,2796034,Will the price of Solana be above $80 on July 11?,2026-07-11T16:00:00,112.00,0.6400,0.5534,-0.0866,-0.0816,0.0816,BUY_NO,price_target_gbm SOL atexpiry K=80 spot=81.96 (+2.4%vsK) sigma_h=0.0170 T=112.0h p_yes=0.553,SOL#atexpiry,0.50,"{""pct_vs_K"":2.45,""sigma_h"":0.01702,""T_h"":111.9965,""log_ratio"":0.024205,""moon_phase"":0.7361,""mercury_retrogrado"":1,""smart_money_consensus"":0.0381,""smart_money_n_wallets"":6}"
2026-07-07T00:00:10+00:00,PRICE_TARGET_GBM,2796043,Will the price of Solana be above $90 on July 11?,2026-07-11T16:00:00,112.00,0.0800,0.3017,0.2217,0.2167,0.2167,SKIP,price_target_gbm SOL atexpiry K=90 spot=81.96 (-8.9%vsK) sigma_h=0.0170 T=112.0h p_yes=0.302,SOL#atexpiry,0.50,"{""pct_vs_K"":-8.9333,""sigma_h"":0.01702,""T_h"":111.9965,""log_ratio"":-0.093578,""moon_phase"":0.7361,""mercury_retrogrado"":1,""smart_money_consensus"":0.0381,""smart_money_n_wallets"":6}"
2026-07-07T00:00:10+00:00,PRICE_TARGET_GBM,2796051,Will the price of Solana be above $100 on July 11?,2026-07-11T16:00:00,112.00,0.0160,0.1347,0.1187,0.1137,0.1137,SKIP,price_target_gbm SOL atexpiry K=100 spot=81.96 (-18.0%vsK) sigma_h=0.0170 T=112.0h p_yes=0.135,SOL#atexpiry,0.50,"{""pct_vs_K"":-18.04,""sigma_h"":0.01702,""T_h"":111.9965,""log_ratio"":-0.198939,""moon_phase"":0.7361,""mercury_retrogrado"":1,""smart_money_consensus"":0.0381,""smart_money_n_wallets"":6}"
2026-07-07T00:00:10+00:00,PRICE_TARGET_GBM,2796063,Will the price of Solana be above $110 on July 11?,2026-07-11T16:00:00,112.00,0.0245,0.0512,0.0267,0.0217,0.0217,SKIP,price_target_gbm SOL atexpiry K=110 spot=81.96 (-25.5%vsK) sigma_h=0.0170 T=112.0h p_yes=0.051,SOL#atexpiry,0.50,"{""pct_vs_K"":-25.4909,""sigma_h"":0.01702,""T_h"":111.9965,""log_ratio"":-0.294249,""moon_phase"":0.7361,""mercury_retrogrado"":1,""smart_money_consensus"":0.0381,""smart_money_n_wallets"":6}"
2026-07-07T00:00:10+00:00,PRICE_TARGET_GBM,2796071,Will the price of Solana be above $120 on July 11?,2026-07-11T16:00:00,112.00,0.0145,0.0500,0.0355,0.0305,0.0305,SKIP,price_target_gbm SOL atexpiry K=120 spot=81.96 (-31.7%vsK) sigma_h=0.0170 T=112.0h p_yes=0.017,SOL#atexpiry,0.50,"{""pct_vs_K"":-31.7,""sigma_h"":0.01702,""T_h"":111.9965,""log_ratio"":-0.38126,""moon_phase"":0.7361,""mercury_retrogrado"":1,""smart_money_consensus"":0.0381,""smart_money_n_wallets"":6}"
2026-07-07T00:00:10+00:00,PRICE_TARGET_GBM,2796078,Will the price of Solana be above $130 on July 11?,2026-07-11T16:00:00,112.00,0.0155,0.0500,0.0345,0.0295,0.0295,SKIP,price_target_gbm SOL atexpiry K=130 spot=81.96 (-37.0%vsK) sigma_h=0.0170 T=112.0h p_yes=0.005,SOL#atexpiry,0.50,"{""pct_vs_K"":-36.9538,""sigma_h"":0.01702,""T_h"":111.9965,""log_ratio"":-0.461303,""moon_phase"":0.7361,""mercury_retrogrado"":1,""smart_money_consensus"":0.0381,""smart_money_n_wallets"":6}"
2026-07-07T00:00:10+00:00,WEEKLY_PRICE,2796012,Will the price of Solana be between $40 and $50 on July 11?,2026-07-11T16:00:00,112.00,0.0195,0.0600,0.0405,0.0355,0.0355,SKIP,"weekly_between SOL spot=82 [40,50] in=False",SOL,0.50,"{""spot"":81.96,""in_range"":0,""pct_dist"":38.9946,""T_h"":111.9965,""moon_phase"":0.7361,""mercury_retrogrado"":1,""smart_money_consensus"":0.0381,""smart_money_n_wallets"":6}"
2026-07-07T00:00:10+00:00,WEEKLY_PRICE,2796022,Will the price of Solana be between $50 and $60 on July 11?,2026-07-11T16:00:00,112.00,0.0195,0.0600,0.0405,0.0355,0.0355,SKIP,"weekly_between SOL spot=82 [50,60] in=False",SOL,0.50,"{""spot"":81.96,""in_range"":0,""pct_dist"":26.7936,""T_h"":111.9965,""moon_phase"":0.7361,""mercury_retrogrado"":1,""smart_money_consensus"":0.0381,""smart_money_n_wallets"":6}"
2026-07-07T00:00:10+00:00,WEEKLY_PRICE,2796029,Will the price of Solana be between $60 and $70 on July 11?,2026-07-11T16:00:00,112.00,0.0245,0.1000,0.0755,0.0705,0.0705,SKIP,"weekly_between SOL spot=82 [60,70] in=False",SOL,0.50,"{""spot"":81.96,""in_range"":0,""pct_dist"":14.5925,""T_h"":111.9965,""moon_phase"":0.7361,""mercury_retrogrado"":1,""smart_money_consensus"":0.0381,""smart_money_n_wallets"":6}"
2026-07-07T00:00:10+00:00,WEEKLY_PRICE,2796033,Will the price of Solana be between $70 and $80 on July 11?,2026-07-11T16:00:00,112.00,0.3550,0.2550,-0.1000,-0.0950,0.0950,BUY_NO,"weekly_between SOL spot=82 [70,80] in=False",SOL,0.50,"{""spot"":81.96,""in_range"":0,""pct_dist"":2.3914,""T_h"":111.9965,""moon_phase"":0.7361,""mercury_retrogrado"":1,""smart_money_consensus"":0.0381,""smart_money_n_wallets"":6}"
2026-07-07T00:00:10+00:00,WEEKLY_PRICE,2796042,Will the price of Solana be between $80 and $90 on July 11?,2026-07-11T16:00:00,112.00,0.5600,0.7100,0.1500,0.1450,0.1450,BUY_YES,"weekly_between SOL spot=82 [80,90] in=True",SOL,0.50,"{""spot"":81.96,""in_range"":1,""pct_dist"":0.0,""T_h"":111.9965,""moon_phase"":0.7361,""mercury_retrogrado"":1,""smart_money_consensus"":0.0381,""smart_money_n_wallets"":6}"
2026-07-07T00:00:10+00:00,WEEKLY_PRICE,2796052,Will the price of Solana be between $90 and $100 on July 11?,2026-07-11T16:00:00,112.00,0.0750,0.1000,0.0250,0.0200,0.0200,SKIP,"weekly_between SOL spot=82 [90,100] in=False",SOL,0.50,"{""spot"":81.96,""in_range"":0,""pct_dist"":9.8097,""T_h"":111.9965,""moon_phase"":0.7361,""mercury_retrogrado"":1,""smart_money_consensus"":0.0381,""smart_money_n_wallets"":6}"
2026-07-07T00:00:10+00:00,WEEKLY_PRICE,2796061,Will the price of Solana be between $100 and $110 on July 11?,2026-07-11T16:00:00,112.00,0.0160,0.0600,0.0440,0.0390,0.0390,SKIP,"weekly_between SOL spot=82 [100,110] in=False",SOL,0.50,"{""spot"":81.96,""in_range"":0,""pct_dist"":22.0107,""T_h"":111.9965,""moon_phase"":0.7361,""mercury_retrogrado"":1,""smart_money_consensus"":0.0381,""smart_money_n_wallets"":6}"
2026-07-07T00:00:10+00:00,WEEKLY_PRICE,2796070,Will the price of Solana be between $110 and $120 on July 11?,2026-07-11T16:00:00,112.00,0.0195,0.0600,0.0405,0.0355,0.0355,SKIP,"weekly_between SOL spot=82 [110,120] in=False",SOL,0.50,"{""spot"":81.96,""in_range"":0,""pct_dist"":34.2118,""T_h"":111.9965,""moon_phase"":0.7361,""mercury_retrogrado"":1,""smart_money_consensus"":0.0381,""smart_money_n_wallets"":6}"
2026-07-07T00:00:10+00:00,WEEKLY_PRICE,2796077,Will the price of Solana be between $120 and $130 on July 11?,2026-07-11T16:00:00,112.00,0.0195,0.0600,0.0405,0.0355,0.0355,SKIP,"weekly_between SOL spot=82 [120,130] in=False",SOL,0.50,"{""spot"":81.96,""in_range"":0,""pct_dist"":46.4129,""T_h"":111.9965,""moon_phase"":0.7361,""mercury_retrogrado"":1,""smart_money_consensus"":0.0381,""smart_money_n_wallets"":6}"
2026-07-07T00:00:10+00:00,UPDOWN_GBM,2807510,Solana Up or Down on July 7?,2026-07-07T16:00:00,16.00,0.6350,0.4652,-0.1698,-0.1648,0.1648,BUY_NO,updown_gbm SOL daily ref=81.96 spot=81.96 (+0.00%) sigma_h=0.0167 T=16.00h p_up=0.465 mu_h=-0.0004,SOL#daily,0.50,"{""pct_spot_vs_ref"":0.0,""sigma_h"":0.016695,""T_h"":15.9965,""hora_utc"":0,""drift_15min"":-0.0488,""drift_60min"":-0.3647,""delta_ratio_macro"":-0.2207,""ibs_15"":0.3571,""funding_rate_8h"":0.00667,""logit_edge"":-0.6932,""moon_phase"":0.7361,""mercury_retrogrado"":1,""smart_money_consensus"":0.0381,""smart_money_n_wallets"":6}"
2026-07-07T00:00:10+00:00,PRICE_TARGET_GBM,2807614,Will the price of Solana be above $30 on July 12?,2026-07-12T16:00:00,136.00,0.9875,0.9500,-0.0375,-0.0325,-0.0325,SKIP,price_target_gbm SOL atexpiry K=30 spot=81.96 (+173.2%vsK) sigma_h=0.0189 T=136.0h p_yes=1.000,SOL#atexpiry,0.50,"{""pct_vs_K"":173.2,""sigma_h"":0.01893,""T_h"":135.9965,""log_ratio"":1.005034,""moon_phase"":0.7361,""mercury_retrogrado"":1,""smart_money_consensus"":0.0381,""smart_money_n_wallets"":6}"
2026-07-07T00:00:10+00:00,PRICE_TARGET_GBM,2807620,Will the price of Solana be above $40 on July 12?,2026-07-12T16:00:00,136.00,0.9850,0.9500,-0.0350,-0.0300,-0.0300,SKIP,price_target_gbm SOL atexpiry K=40 spot=81.96 (+104.9%vsK) sigma_h=0.0189 T=136.0h p_yes=0.999,SOL#atexpiry,0.50,"{""pct_vs_K"":104.9,""sigma_h"":0.01893,""T_h"":135.9965,""log_ratio"":0.717352,""moon_phase"":0.7361,""mercury_retrogrado"":1,""smart_money_consensus"":0.0381,""smart_money_n_wallets"":6}"
2026-07-07T00:00:10+00:00,PRICE_TARGET_GBM,2807629,Will the price of Solana be above $50 on July 12?,2026-07-12T16:00:00,136.00,0.9810,0.9500,-0.0310,-0.0260,-0.0260,SKIP,price_target_gbm SOL atexpiry K=50 spot=81.96 (+63.9%vsK) sigma_h=0.0189 T=136.0h p_yes=0.987,SOL#atexpiry,0.50,"{""pct_vs_K"":63.92,""sigma_h"":0.01893,""T_h"":135.9965,""log_ratio"":0.494208,""moon_phase"":0.7361,""mercury_retrogrado"":1,""smart_money_consensus"":0.0381,""smart_money_n_wallets"":6}"
2026-07-07T00:00:10+00:00,PRICE_TARGET_GBM,2807636,Will the price of Solana be above $60 on July 12?,2026-07-12T16:00:00,136.00,0.9830,0.9211,-0.0619,-0.0569,-0.0569,SKIP,price_target_gbm SOL atexpiry K=60 spot=81.96 (+36.6%vsK) sigma_h=0.0189 T=136.0h p_yes=0.921,SOL#atexpiry,0.50,"{""pct_vs_K"":36.6,""sigma_h"":0.01893,""T_h"":135.9965,""log_ratio"":0.311887,""moon_phase"":0.7361,""mercury_retrogrado"":1,""smart_money_consensus"":0.0381,""smart_money_n_wallets"":6}"
2026-07-07T00:00:10+00:00,PRICE_TARGET_GBM,2807645,Will the price of Solana be above $70 on July 12?,2026-07-12T16:00:00,136.00,0.9665,0.7626,-0.2039,-0.1989,-0.1989,SKIP,price_target_gbm SOL atexpiry K=70 spot=81.96 (+17.1%vsK) sigma_h=0.0189 T=136.0h p_yes=0.763,SOL#atexpiry,0.50,"{""pct_vs_K"":17.0857,""sigma_h"":0.01893,""T_h"":135.9965,""log_ratio"":0.157736,""moon_phase"":0.7361,""mercury_retrogrado"":1,""smart_money_consensus"":0.0381,""smart_money_n_wallets"":6}"
2026-07-07T00:00:10+00:00,PRICE_TARGET_GBM,2807651,Will the price of Solana be above $80 on July 12?,2026-07-12T16:00:00,136.00,0.6300,0.5437,-0.0863,-0.0813,0.0813,BUY_NO,price_target_gbm SOL atexpiry K=80 spot=81.96 (+2.4%vsK) sigma_h=0.0189 T=136.0h p_yes=0.544,SOL#atexpiry,0.50,"{""pct_vs_K"":2.45,""sigma_h"":0.01893,""T_h"":135.9965,""log_ratio"":0.024205,""moon_phase"":0.7361,""mercury_retrogrado"":1,""smart_money_consensus"":0.0381,""smart_money_n_wallets"":6}"
2026-07-07T00:00:10+00:00,PRICE_TARGET_GBM,2807655,Will the price of Solana be above $90 on July 12?,2026-07-12T16:00:00,136.00,0.1000,0.3358,0.2358,0.2308,0.2308,SKIP,price_target_gbm SOL atexpiry K=90 spot=81.96 (-8.9%vsK) sigma_h=0.0189 T=136.0h p_yes=0.336,SOL#atexpiry,0.50,"{""pct_vs_K"":-8.9333,""sigma_h"":0.01893,""T_h"":135.9965,""log_ratio"":-0.093578,""moon_phase"":0.7361,""mercury_retrogrado"":1,""smart_money_consensus"":0.0381,""smart_money_n_wallets"":6}"
2026-07-07T00:00:10+00:00,PRICE_TARGET_GBM,2807662,Will the price of Solana be above $100 on July 12?,2026-07-12T16:00:00,136.00,0.0210,0.1837,0.1627,0.1577,0.1577,SKIP,price_target_gbm SOL atexpiry K=100 spot=81.96 (-18.0%vsK) sigma_h=0.0189 T=136.0h p_yes=0.184,SOL#atexpiry,0.50,"{""pct_vs_K"":-18.04,""sigma_h"":0.01893,""T_h"":135.9965,""log_ratio"":-0.198939,""moon_phase"":0.7361,""mercury_retrogrado"":1,""smart_money_consensus"":0.0381,""smart_money_n_wallets"":6}"
2026-07-07T00:00:10+00:00,PRICE_TARGET_GBM,2807676,Will the price of Solana be above $120 on July 12?,2026-07-12T16:00:00,136.00,0.0195,0.0500,0.0305,0.0255,0.0255,SKIP,price_target_gbm SOL atexpiry K=120 spot=81.96 (-31.7%vsK) sigma_h=0.0189 T=136.0h p_yes=0.042,SOL#atexpiry,0.50,"{""pct_vs_K"":-31.7,""sigma_h"":0.01893,""T_h"":135.9965,""log_ratio"":-0.38126,""moon_phase"":0.7361,""mercury_retrogrado"":1,""smart_money_consensus"":0.0381,""smart_money_n_wallets"":6}"
2026-07-07T00:00:10+00:00,PRICE_TARGET_GBM,2807680,Will the price of Solana be above $130 on July 12?,2026-07-12T16:00:00,136.00,0.0195,0.0500,0.0305,0.0255,0.0255,SKIP,price_target_gbm SOL atexpiry K=130 spot=81.96 (-37.0%vsK) sigma_h=0.0189 T=136.0h p_yes=0.018,SOL#atexpiry,0.50,"{""pct_vs_K"":-36.9538,""sigma_h"":0.01893,""T_h"":135.9965,""log_ratio"":-0.461303,""moon_phase"":0.7361,""mercury_retrogrado"":1,""smart_money_consensus"":0.0381,""smart_money_n_wallets"":6}"
2026-07-07T00:00:10+00:00,WEEKLY_PRICE,2807625,Will the price of Solana be between $40 and $50 on July 12?,2026-07-12T16:00:00,136.00,0.0195,0.0600,0.0405,0.0355,0.0355,SKIP,"weekly_between SOL spot=82 [40,50] in=False",SOL,0.50,"{""spot"":81.96,""in_range"":0,""pct_dist"":38.9946,""T_h"":135.9965,""moon_phase"":0.7361,""mercury_retrogrado"":1,""smart_money_consensus"":0.0381,""smart_money_n_wallets"":6}"
2026-07-07T00:00:10+00:00,WEEKLY_PRICE,2807630,Will the price of Solana be between $50 and $60 on July 12?,2026-07-12T16:00:00,136.00,0.0195,0.0600,0.0405,0.0355,0.0355,SKIP,"weekly_between SOL spot=82 [50,60] in=False",SOL,0.50,"{""spot"":81.96,""in_range"":0,""pct_dist"":26.7936,""T_h"":135.9965,""moon_phase"":0.7361,""mercury_retrogrado"":1,""smart_money_consensus"":0.0381,""smart_money_n_wallets"":6}"
2026-07-07T00:00:10+00:00,WEEKLY_PRICE,2807638,Will the price of Solana be between $60 and $70 on July 12?,2026-07-12T16:00:00,136.00,0.0285,0.1000,0.0715,0.0665,0.0665,SKIP,"weekly_between SOL spot=82 [60,70] in=False",SOL,0.50,"{""spot"":81.96,""in_range"":0,""pct_dist"":14.5925,""T_h"":135.9965,""moon_phase"":0.7361,""mercury_retrogrado"":1,""smart_money_consensus"":0.0381,""smart_money_n_wallets"":6}"
2026-07-07T00:00:10+00:00,WEEKLY_PRICE,2807647,Will the price of Solana be between $70 and $80 on July 12?,2026-07-12T16:00:00,136.00,0.3650,0.2650,-0.1000,-0.0950,0.0950,BUY_NO,"weekly_between SOL spot=82 [70,80] in=False",SOL,0.50,"{""spot"":81.96,""in_range"":0,""pct_dist"":2.3914,""T_h"":135.9965,""moon_phase"":0.7361,""mercury_retrogrado"":1,""smart_money_consensus"":0.0381,""smart_money_n_wallets"":6}"
2026-07-07T00:00:10+00:00,WEEKLY_PRICE,2807652,Will the price of Solana be between $80 and $90 on July 12?,2026-07-12T16:00:00,136.00,0.5250,0.6750,0.1500,0.1450,0.1450,BUY_YES,"weekly_between SOL spot=82 [80,90] in=True",SOL,0.50,"{""spot"":81.96,""in_range"":1,""pct_dist"":0.0,""T_h"":135.9965,""moon_phase"":0.7361,""mercury_retrogrado"":1,""smart_money_consensus"":0.0381,""smart_money_n_wallets"":6}"
2026-07-07T00:00:10+00:00,WEEKLY_PRICE,2807656,Will the price of Solana be between $90 and $100 on July 12?,2026-07-12T16:00:00,136.00,0.0900,0.1000,0.0100,0.0050,0.0050,SKIP,"weekly_between SOL spot=82 [90,100] in=False",SOL,0.50,"{""spot"":81.96,""in_range"":0,""pct_dist"":9.8097,""T_h"":135.9965,""moon_phase"":0.7361,""mercury_retrogrado"":1,""smart_money_consensus"":0.0381,""smart_money_n_wallets"":6}"
2026-07-07T00:00:10+00:00,WEEKLY_PRICE,2807660,Will the price of Solana be between $100 and $110 on July 12?,2026-07-12T16:00:00,136.00,0.0210,0.0600,0.0390,0.0340,0.0340,SKIP,"weekly_between SOL spot=82 [100,110] in=False",SOL,0.50,"{""spot"":81.96,""in_range"":0,""pct_dist"":22.0107,""T_h"":135.9965,""moon_phase"":0.7361,""mercury_retrogrado"":1,""smart_money_consensus"":0.0381,""smart_money_n_wallets"":6}"
2026-07-07T00:00:10+00:00,WEEKLY_PRICE,2807666,Will the price of Solana be between $110 and $120 on July 12?,2026-07-12T16:00:00,136.00,0.0195,0.0600,0.0405,0.0355,0.0355,SKIP,"weekly_between SOL spot=82 [110,120] in=False",SOL,0.50,"{""spot"":81.96,""in_range"":0,""pct_dist"":34.2118,""T_h"":135.9965,""moon_phase"":0.7361,""mercury_retrogrado"":1,""smart_money_consensus"":0.0381,""smart_money_n_wallets"":6}"
2026-07-07T00:00:10+00:00,WEEKLY_PRICE,2807673,Will the price of Solana be between $120 and $130 on July 12?,2026-07-12T16:00:00,136.00,0.0195,0.0600,0.0405,0.0355,0.0355,SKIP,"weekly_between SOL spot=82 [120,130] in=False",SOL,0.50,"{""spot"":81.96,""in_range"":0,""pct_dist"":46.4129,""T_h"":135.9965,""moon_phase"":0.7361,""mercury_retrogrado"":1,""smart_money_consensus"":0.0381,""smart_money_n_wallets"":6}"
2026-07-07T00:00:10+00:00,WEEKLY_PRICE,2744211,"Will the price of Bitcoin be between $60,000 and $62,000 on July 7?",2026-07-07T16:00:00,16.00,0.0230,0.1000,0.0770,0.0720,0.0720,SKIP,"weekly_between BTC spot=64063 [60000,62000] in=False",BTC,0.50,"{""spot"":64063.35,""in_range"":0,""pct_dist"":3.2208,""T_h"":15.9965,""moon_phase"":0.7361,""mercury_retrogrado"":1,""smart_money_consensus"":0.76,""smart_money_n_wallets"":1}"
2026-07-07T00:00:10+00:00,WEEKLY_PRICE,2744213,"Will the price of Bitcoin be between $62,000 and $64,000 on July 7?",2026-07-07T16:00:00,16.00,0.4450,0.3450,-0.1000,-0.0950,0.0950,BUY_NO,"weekly_between BTC spot=64063 [62000,64000] in=False",BTC,1.21,"{""spot"":64063.35,""in_range"":0,""pct_dist"":0.0989,""T_h"":15.9965,""moon_phase"":0.7361,""mercury_retrogrado"":1,""smart_money_consensus"":0.76,""smart_money_n_wallets"":1}"
2026-07-07T00:00:10+00:00,WEEKLY_PRICE,2744215,"Will the price of Bitcoin be between $64,000 and $66,000 on July 7?",2026-07-07T16:00:00,16.00,0.5145,0.6645,0.1500,0.1450,0.1450,BUY_YES,"weekly_between BTC spot=64063 [64000,66000] in=True",BTC,0.50,"{""spot"":64063.35,""in_range"":1,""pct_dist"":0.0,""T_h"":15.9965,""moon_phase"":0.7361,""mercury_retrogrado"":1,""smart_money_consensus"":0.76,""smart_money_n_wallets"":1}"
2026-07-07T00:00:10+00:00,WEEKLY_PRICE,2744217,"Will the price of Bitcoin be between $66,000 and $68,000 on July 7?",2026-07-07T16:00:00,16.00,0.0315,0.1000,0.0685,0.0635,0.0635,SKIP,"weekly_between BTC spot=64063 [66000,68000] in=False",BTC,0.50,"{""spot"":64063.35,""in_range"":0,""pct_dist"":3.023,""T_h"":15.9965,""moon_phase"":0.7361,""mercury_retrogrado"":1,""smart_money_consensus"":0.76,""smart_money_n_wallets"":1}"
2026-07-07T00:00:10+00:00,WEEKLY_PRICE,2757987,"Will the price of Bitcoin be between $60,000 and $62,000 on July 8?",2026-07-08T16:00:00,40.00,0.0750,0.1000,0.0250,0.0200,0.0200,SKIP,"weekly_between BTC spot=64063 [60000,62000] in=False",BTC,0.50,"{""spot"":64063.35,""in_range"":0,""pct_dist"":3.2208,""T_h"":39.9965,""moon_phase"":0.7361,""mercury_retrogrado"":1,""smart_money_consensus"":0.76,""smart_money_n_wallets"":1}"
2026-07-07T00:00:10+00:00,WEEKLY_PRICE,2757990,"Will the price of Bitcoin be between $62,000 and $64,000 on July 8?",2026-07-08T16:00:00,40.00,0.3950,0.2950,-0.1000,-0.0950,0.0950,BUY_NO,"weekly_between BTC spot=64063 [62000,64000] in=False",BTC,1.21,"{""spot"":64063.35,""in_range"":0,""pct_dist"":0.0989,""T_h"":39.9965,""moon_phase"":0.7361,""mercury_retrogrado"":1,""smart_money_consensus"":0.76,""smart_money_n_wallets"":1}"
2026-07-07T00:00:10+00:00,WEEKLY_PRICE,2757994,"Will the price of Bitcoin be between $64,000 and $66,000 on July 8?",2026-07-08T16:00:00,40.00,0.4350,0.5850,0.1500,0.1450,0.1450,BUY_YES,"weekly_between BTC spot=64063 [64000,66000] in=True",BTC,0.50,"{""spot"":64063.35,""in_range"":1,""pct_dist"":0.0,""T_h"":39.9965,""moon_phase"":0.7361,""mercury_retrogrado"":1,""smart_money_consensus"":0.76,""smart_money_n_wallets"":1}"
2026-07-07T00:00:10+00:00,WEEKLY_PRICE,2757997,"Will the price of Bitcoin be between $66,000 and $68,000 on July 8?",2026-07-08T16:00:00,40.00,0.0875,0.1000,0.0125,0.0075,0.0075,SKIP,"weekly_between BTC spot=64063 [66000,68000] in=False",BTC,0.50,"{""spot"":64063.35,""in_range"":0,""pct_dist"":3.023,""T_h"":39.9965,""moon_phase"":0.7361,""mercury_retrogrado"":1,""smart_money_consensus"":0.76,""smart_money_n_wallets"":1}"
2026-07-07T00:00:10+00:00,WEEKLY_PRICE,2758001,"Will the price of Bitcoin be between $68,000 and $70,000 on July 8?",2026-07-08T16:00:00,40.00,0.0145,0.1000,0.0855,0.0805,0.0805,SKIP,"weekly_between BTC spot=64063 [68000,70000] in=False",BTC,0.50,"{""spot"":64063.35,""in_range"":0,""pct_dist"":6.1449,""T_h"":39.9965,""moon_phase"":0.7361,""mercury_retrogrado"":1,""smart_money_consensus"":0.76,""smart_money_n_wallets"":1}"
2026-07-07T00:00:10+00:00,WEEKLY_PRICE,2769700,"Will the price of Bitcoin be between $60,000 and $62,000 on July 9?",2026-07-09T16:00:00,64.00,0.1100,0.1000,-0.0100,-0.0050,-0.0050,SKIP,"weekly_between BTC spot=64063 [60000,62000] in=False",BTC,0.50,"{""spot"":64063.35,""in_range"":0,""pct_dist"":3.2208,""T_h"":63.9965,""moon_phase"":0.7361,""mercury_retrogrado"":1,""smart_money_consensus"":0.76,""smart_money_n_wallets"":1}"
2026-07-07T00:00:10+00:00,WEEKLY_PRICE,2769703,"Will the price of Bitcoin be between $62,000 and $64,000 on July 9?",2026-07-09T16:00:00,64.00,0.3350,0.2350,-0.1000,-0.0950,0.0950,BUY_NO,"weekly_between BTC spot=64063 [62000,64000] in=False",BTC,1.21,"{""spot"":64063.35,""in_range"":0,""pct_dist"":0.0989,""T_h"":63.9965,""moon_phase"":0.7361,""mercury_retrogrado"":1,""smart_money_consensus"":0.76,""smart_money_n_wallets"":1}"
2026-07-07T00:00:10+00:00,WEEKLY_PRICE,2769706,"Will the price of Bitcoin be between $64,000 and $66,000 on July 9?",2026-07-09T16:00:00,64.00,0.3550,0.5050,0.1500,0.1450,0.1450,BUY_YES,"weekly_between BTC spot=64063 [64000,66000] in=True",BTC,0.50,"{""spot"":64063.35,""in_range"":1,""pct_dist"":0.0,""T_h"":63.9965,""moon_phase"":0.7361,""mercury_retrogrado"":1,""smart_money_consensus"":0.76,""smart_money_n_wallets"":1}"
2026-07-07T00:00:10+00:00,WEEKLY_PRICE,2769709,"Will the price of Bitcoin be between $66,000 and $68,000 on July 9?",2026-07-09T16:00:00,64.00,0.1225,0.1000,-0.0225,-0.0175,-0.0175,SKIP,"weekly_between BTC spot=64063 [66000,68000] in=False",BTC,0.50,"{""spot"":64063.35,""in_range"":0,""pct_dist"":3.023,""T_h"":63.9965,""moon_phase"":0.7361,""mercury_retrogrado"":1,""smart_money_consensus"":0.76,""smart_money_n_wallets"":1}"
2026-07-07T00:00:10+00:00,WEEKLY_PRICE,2769713,"Will the price of Bitcoin be between $68,000 and $70,000 on July 9?",2026-07-09T16:00:00,64.00,0.0235,0.1000,0.0765,0.0715,0.0715,SKIP,"weekly_between BTC spot=64063 [68000,70000] in=False",BTC,0.50,"{""spot"":64063.35,""in_range"":0,""pct_dist"":6.1449,""T_h"":63.9965,""moon_phase"":0.7361,""mercury_retrogrado"":1,""smart_money_consensus"":0.76,""smart_money_n_wallets"":1}"
2026-07-07T00:00:10+00:00,WEEKLY_PRICE,2784632,"Will the price of Bitcoin be between $56,000 and $58,000 on July 10?",2026-07-10T16:00:00,88.00,0.0180,0.1000,0.0820,0.0770,0.0770,SKIP,"weekly_between BTC spot=64063 [56000,58000] in=False",BTC,0.50,"{""spot"":64063.35,""in_range"":0,""pct_dist"":9.4646,""T_h"":87.9965,""moon_phase"":0.7361,""mercury_retrogrado"":1,""smart_money_consensus"":0.76,""smart_money_n_wallets"":1}"
2026-07-07T00:00:10+00:00,WEEKLY_PRICE,2784634,"Will the price of Bitcoin be between $58,000 and $60,000 on July 10?",2026-07-10T16:00:00,88.00,0.0400,0.1000,0.0600,0.0550,0.0550,SKIP,"weekly_between BTC spot=64063 [58000,60000] in=False",BTC,0.50,"{""spot"":64063.35,""in_range"":0,""pct_dist"":6.3427,""T_h"":87.9965,""moon_phase"":0.7361,""mercury_retrogrado"":1,""smart_money_consensus"":0.76,""smart_money_n_wallets"":1}"
2026-07-07T00:00:10+00:00,WEEKLY_PRICE,2784636,"Will the price of Bitcoin be between $60,000 and $62,000 on July 10?",2026-07-10T16:00:00,88.00,0.1250,0.1000,-0.0250,-0.0200,-0.0200,SKIP,"weekly_between BTC spot=64063 [60000,62000] in=False",BTC,0.50,"{""spot"":64063.35,""in_range"":0,""pct_dist"":3.2208,""T_h"":87.9965,""moon_phase"":0.7361,""mercury_retrogrado"":1,""smart_money_consensus"":0.76,""smart_money_n_wallets"":1}"
2026-07-07T00:00:10+00:00,WEEKLY_PRICE,2784638,"Will the price of Bitcoin be between $62,000 and $64,000 on July 10?",2026-07-10T16:00:00,88.00,0.2950,0.1950,-0.1000,-0.0950,0.0950,BUY_NO,"weekly_between BTC spot=64063 [62000,64000] in=False",BTC,1.21,"{""spot"":64063.35,""in_range"":0,""pct_dist"":0.0989,""T_h"":87.9965,""moon_phase"":0.7361,""mercury_retrogrado"":1,""smart_money_consensus"":0.76,""smart_money_n_wallets"":1}"
2026-07-07T00:00:10+00:00,WEEKLY_PRICE,2784640,"Will the price of Bitcoin be between $64,000 and $66,000 on July 10?",2026-07-10T16:00:00,88.00,0.3150,0.4650,0.1500,0.1450,0.1450,BUY_YES,"weekly_between BTC spot=64063 [64000,66000] in=True",BTC,0.50,"{""spot"":64063.35,""in_range"":1,""pct_dist"":0.0,""T_h"":87.9965,""moon_phase"":0.7361,""mercury_retrogrado"":1,""smart_money_consensus"":0.76,""smart_money_n_wallets"":1}"
2026-07-07T00:00:10+00:00,WEEKLY_PRICE,2784643,"Will the price of Bitcoin be between $66,000 and $68,000 on July 10?",2026-07-10T16:00:00,88.00,0.1385,0.1000,-0.0385,-0.0335,0.0335,BUY_NO,"weekly_between BTC spot=64063 [66000,68000] in=False",BTC,1.33,"{""spot"":64063.35,""in_range"":0,""pct_dist"":3.023,""T_h"":87.9965,""moon_phase"":0.7361,""mercury_retrogrado"":1,""smart_money_consensus"":0.76,""smart_money_n_wallets"":1}"
2026-07-07T00:00:10+00:00,WEEKLY_PRICE,2784650,"Will the price of Bitcoin be between $68,000 and $70,000 on July 10?",2026-07-10T16:00:00,88.00,0.0350,0.1000,0.0650,0.0600,0.0600,SKIP,"weekly_between BTC spot=64063 [68000,70000] in=False",BTC,0.50,"{""spot"":64063.35,""in_range"":0,""pct_dist"":6.1449,""T_h"":87.9965,""moon_phase"":0.7361,""mercury_retrogrado"":1,""smart_money_consensus"":0.76,""smart_money_n_wallets"":1}"
2026-07-07T00:00:10+00:00,WEEKLY_PRICE,2795854,"Will the price of Bitcoin be between $56,000 and $58,000 on July 11?",2026-07-11T16:00:00,112.00,0.0220,0.1000,0.0780,0.0730,0.0730,SKIP,"weekly_between BTC spot=64063 [56000,58000] in=False",BTC,0.50,"{""spot"":64063.35,""in_range"":0,""pct_dist"":9.4646,""T_h"":111.9965,""moon_phase"":0.7361,""mercury_retrogrado"":1,""smart_money_consensus"":0.76,""smart_money_n_wallets"":1}"
2026-07-07T00:00:10+00:00,WEEKLY_PRICE,2795857,"Will the price of Bitcoin be between $58,000 and $60,000 on July 11?",2026-07-11T16:00:00,112.00,0.0490,0.1000,0.0510,0.0460,0.0460,SKIP,"weekly_between BTC spot=64063 [58000,60000] in=False",BTC,0.50,"{""spot"":64063.35,""in_range"":0,""pct_dist"":6.3427,""T_h"":111.9965,""moon_phase"":0.7361,""mercury_retrogrado"":1,""smart_money_consensus"":0.76,""smart_money_n_wallets"":1}"
2026-07-07T00:00:10+00:00,WEEKLY_PRICE,2795860,"Will the price of Bitcoin be between $60,000 and $62,000 on July 11?",2026-07-11T16:00:00,112.00,0.1300,0.1000,-0.0300,-0.0250,0.0250,BUY_NO,"weekly_between BTC spot=64063 [60000,62000] in=False",BTC,1.33,"{""spot"":64063.35,""in_range"":0,""pct_dist"":3.2208,""T_h"":111.9965,""moon_phase"":0.7361,""mercury_retrogrado"":1,""smart_money_consensus"":0.76,""smart_money_n_wallets"":1}"
2026-07-07T00:00:10+00:00,WEEKLY_PRICE,2795863,"Will the price of Bitcoin be between $62,000 and $64,000 on July 11?",2026-07-11T16:00:00,112.00,0.2800,0.1800,-0.1000,-0.0950,0.0950,BUY_NO,"weekly_between BTC spot=64063 [62000,64000] in=False",BTC,1.21,"{""spot"":64063.35,""in_range"":0,""pct_dist"":0.0989,""T_h"":111.9965,""moon_phase"":0.7361,""mercury_retrogrado"":1,""smart_money_consensus"":0.76,""smart_money_n_wallets"":1}"
2026-07-07T00:00:10+00:00,WEEKLY_PRICE,2795869,"Will the price of Bitcoin be between $64,000 and $66,000 on July 11?",2026-07-11T16:00:00,112.00,0.2950,0.4450,0.1500,0.1450,0.1450,BUY_YES,"weekly_between BTC spot=64063 [64000,66000] in=True",BTC,0.50,"{""spot"":64063.35,""in_range"":1,""pct_dist"":0.0,""T_h"":111.9965,""moon_phase"":0.7361,""mercury_retrogrado"":1,""smart_money_consensus"":0.76,""smart_money_n_wallets"":1}"
2026-07-07T00:00:10+00:00,WEEKLY_PRICE,2795874,"Will the price of Bitcoin be between $66,000 and $68,000 on July 11?",2026-07-11T16:00:00,112.00,0.1500,0.1000,-0.0500,-0.0450,0.0450,BUY_NO,"weekly_between BTC spot=64063 [66000,68000] in=False",BTC,1.33,"{""spot"":64063.35,""in_range"":0,""pct_dist"":3.023,""T_h"":111.9965,""moon_phase"":0.7361,""mercury_retrogrado"":1,""smart_money_consensus"":0.76,""smart_money_n_wallets"":1}"
2026-07-07T00:00:10+00:00,WEEKLY_PRICE,2795879,"Will the price of Bitcoin be between $68,000 and $70,000 on July 11?",2026-07-11T16:00:00,112.00,0.0395,0.1000,0.0605,0.0555,0.0555,SKIP,"weekly_between BTC spot=64063 [68000,70000] in=False",BTC,0.50,"{""spot"":64063.35,""in_range"":0,""pct_dist"":6.1449,""T_h"":111.9965,""moon_phase"":0.7361,""mercury_retrogrado"":1,""smart_money_consensus"":0.76,""smart_money_n_wallets"":1}"
2026-07-07T00:00:10+00:00,WEEKLY_PRICE,2795882,"Will the price of Bitcoin be between $70,000 and $72,000 on July 11?",2026-07-11T16:00:00,112.00,0.0155,0.1000,0.0845,0.0795,0.0795,SKIP,"weekly_between BTC spot=64063 [70000,72000] in=False",BTC,0.50,"{""spot"":64063.35,""in_range"":0,""pct_dist"":9.2669,""T_h"":111.9965,""moon_phase"":0.7361,""mercury_retrogrado"":1,""smart_money_consensus"":0.76,""smart_money_n_wallets"":1}"
2026-07-07T00:00:10+00:00,UPDOWN_GBM,2800735,"Bitcoin Up or Down - July 6, 8PM ET",2026-07-07T01:00:00,1.00,0.4850,0.4857,0.0007,-0.0043,-0.0043,SKIP,updown_gbm BTC 60min ref=6.406e+04 spot=6.406e+04 (-0.01%) sigma_h=0.0051 T=1.00h p_up=0.486 mu_h=-0.0001,BTC#60min,0.50,"{""pct_spot_vs_ref"":-0.0083,""sigma_h"":0.005121,""T_h"":0.9965,""hora_utc"":0,""drift_15min"":0.2679,""drift_60min"":-0.2004,""delta_ratio_macro"":-0.2409,""cross_window_spread"":-0.0133,""ibs_15"":0.3786,""funding_rate_8h"":0.01,""logit_edge"":0.0028,""moon_phase"":0.7361,""mercury_retrogrado"":1,""smart_money_consensus"":0.76,""smart_money_n_wallets"":1}"
2026-07-07T00:00:10+00:00,UPDOWN_GBM,2807477,Bitcoin Up or Down on July 7?,2026-07-07T16:00:00,16.00,0.7550,0.4666,-0.2884,-0.2834,0.2834,BUY_NO,updown_gbm BTC daily ref=6.406e+04 spot=6.406e+04 (-0.01%) sigma_h=0.0098 T=16.00h p_up=0.467 mu_h=-0.0002,BTC#daily,0.50,"{""pct_spot_vs_ref"":-0.0083,""sigma_h"":0.009823,""T_h"":15.9965,""hora_utc"":0,""drift_15min"":0.2679,""drift_60min"":-0.2004,""delta_ratio_macro"":-0.2409,""ibs_15"":0.3786,""funding_rate_8h"":0.01,""logit_edge"":-1.2591,""moon_phase"":0.7361,""mercury_retrogrado"":1,""smart_money_consensus"":0.76,""smart_money_n_wallets"":1}"
2026-07-07T00:00:10+00:00,WEEKLY_PRICE,2807484,"Will the price of Bitcoin be between $58,000 and $60,000 on July 12?",2026-07-12T16:00:00,136.00,0.0500,0.1000,0.0500,0.0450,0.0450,SKIP,"weekly_between BTC spot=64063 [58000,60000] in=False",BTC,0.50,"{""spot"":64063.35,""in_range"":0,""pct_dist"":6.3427,""T_h"":135.9965,""moon_phase"":0.7361,""mercury_retrogrado"":1,""smart_money_consensus"":0.76,""smart_money_n_wallets"":1}"
2026-07-07T00:00:10+00:00,WEEKLY_PRICE,2807486,"Will the price of Bitcoin be between $60,000 and $62,000 on July 12?",2026-07-12T16:00:00,136.00,0.1400,0.1000,-0.0400,-0.0350,0.0350,BUY_NO,"weekly_between BTC spot=64063 [60000,62000] in=False",BTC,1.33,"{""spot"":64063.35,""in_range"":0,""pct_dist"":3.2208,""T_h"":135.9965,""moon_phase"":0.7361,""mercury_retrogrado"":1,""smart_money_consensus"":0.76,""smart_money_n_wallets"":1}"
2026-07-07T00:00:10+00:00,WEEKLY_PRICE,2807488,"Will the price of Bitcoin be between $62,000 and $64,000 on July 12?",2026-07-12T16:00:00,136.00,0.2700,0.1700,-0.1000,-0.0950,0.0950,BUY_NO,"weekly_between BTC spot=64063 [62000,64000] in=False",BTC,1.21,"{""spot"":64063.35,""in_range"":0,""pct_dist"":0.0989,""T_h"":135.9965,""moon_phase"":0.7361,""mercury_retrogrado"":1,""smart_money_consensus"":0.76,""smart_money_n_wallets"":1}"
2026-07-07T00:00:10+00:00,WEEKLY_PRICE,2807490,"Will the price of Bitcoin be between $64,000 and $66,000 on July 12?",2026-07-12T16:00:00,136.00,0.2850,0.4350,0.1500,0.1450,0.1450,BUY_YES,"weekly_between BTC spot=64063 [64000,66000] in=True",BTC,0.50,"{""spot"":64063.35,""in_range"":1,""pct_dist"":0.0,""T_h"":135.9965,""moon_phase"":0.7361,""mercury_retrogrado"":1,""smart_money_consensus"":0.76,""smart_money_n_wallets"":1}"
2026-07-07T00:00:10+00:00,WEEKLY_PRICE,2807492,"Will the price of Bitcoin be between $66,000 and $68,000 on July 12?",2026-07-12T16:00:00,136.00,0.1490,0.1000,-0.0490,-0.0440,0.0440,BUY_NO,"weekly_between BTC spot=64063 [66000,68000] in=False",BTC,1.33,"{""spot"":64063.35,""in_range"":0,""pct_dist"":3.023,""T_h"":135.9965,""moon_phase"":0.7361,""mercury_retrogrado"":1,""smart_money_consensus"":0.76,""smart_money_n_wallets"":1}"
2026-07-07T00:00:10+00:00,WEEKLY_PRICE,2807494,"Will the price of Bitcoin be between $68,000 and $70,000 on July 12?",2026-07-12T16:00:00,136.00,0.0600,0.1000,0.0400,0.0350,0.0350,SKIP,"weekly_between BTC spot=64063 [68000,70000] in=False",BTC,0.50,"{""spot"":64063.35,""in_range"":0,""pct_dist"":6.1449,""T_h"":135.9965,""moon_phase"":0.7361,""mercury_retrogrado"":1,""smart_money_consensus"":0.76,""smart_money_n_wallets"":1}"
2026-07-07T00:00:10+00:00,WEEKLY_PRICE,2807496,"Will the price of Bitcoin be between $70,000 and $72,000 on July 12?",2026-07-12T16:00:00,136.00,0.0260,0.1000,0.0740,0.0690,0.0690,SKIP,"weekly_between BTC spot=64063 [70000,72000] in=False",BTC,0.50,"{""spot"":64063.35,""in_range"":0,""pct_dist"":9.2669,""T_h"":135.9965,""moon_phase"":0.7361,""mercury_retrogrado"":1,""smart_money_consensus"":0.76,""smart_money_n_wallets"":1}"
2026-07-07T00:00:10+00:00,PRICE_TARGET_GBM,2744212,"Will the price of Ethereum be above $1,700 on July 7?",2026-07-07T16:00:00,16.00,0.9890,0.9500,-0.0390,-0.0340,-0.0340,SKIP,price_target_gbm ETH atexpiry K=1700 spot=1800 (+5.9%vsK) sigma_h=0.0061 T=16.0h p_yes=0.990,ETH#atexpiry,0.50,"{""pct_vs_K"":5.8824,""sigma_h"":0.006121,""T_h"":15.9965,""log_ratio"":0.057158,""moon_phase"":0.7361,""mercury_retrogrado"":1,""smart_money_consensus"":-0.0358,""smart_money_n_wallets"":9}"
2026-07-07T00:00:10+00:00,PRICE_TARGET_GBM,2744214,"Will the price of Ethereum be above $1,800 on July 7?",2026-07-07T16:00:00,16.00,0.4895,0.5000,0.0105,0.0055,0.0055,SKIP,price_target_gbm ETH atexpiry K=1800 spot=1800 (+0.0%vsK) sigma_h=0.0061 T=16.0h p_yes=0.500,ETH#atexpiry,0.50,"{""pct_vs_K"":0.0,""sigma_h"":0.006121,""T_h"":15.9965,""log_ratio"":0.0,""moon_phase"":0.7361,""mercury_retrogrado"":1,""smart_money_consensus"":-0.0358,""smart_money_n_wallets"":9}"
2026-07-07T00:00:10+00:00,PRICE_TARGET_GBM,2744216,"Will the price of Ethereum be above $1,900 on July 7?",2026-07-07T16:00:00,16.00,0.0305,0.0500,0.0195,0.0145,0.0145,SKIP,price_target_gbm ETH atexpiry K=1900 spot=1800 (-5.3%vsK) sigma_h=0.0061 T=16.0h p_yes=0.014,ETH#atexpiry,0.50,"{""pct_vs_K"":-5.2632,""sigma_h"":0.006121,""T_h"":15.9965,""log_ratio"":-0.054067,""moon_phase"":0.7361,""mercury_retrogrado"":1,""smart_money_consensus"":-0.0358,""smart_money_n_wallets"":9}"
2026-07-07T00:00:10+00:00,WEEKLY_PRICE,2744262,"Will the price of Ethereum be between $1,700 and $1,800 on July 7?",2026-07-07T16:00:00,16.00,0.4900,0.6400,0.1500,0.1450,0.1450,BUY_YES,"weekly_between ETH spot=1800 [1700,1800] in=True",ETH,0.50,"{""spot"":1799.65,""in_range"":1,""pct_dist"":0.0,""T_h"":15.9965,""moon_phase"":0.7361,""mercury_retrogrado"":1,""smart_money_consensus"":-0.0358,""smart_money_n_wallets"":9}"
2026-07-07T00:00:10+00:00,WEEKLY_PRICE,2744267,"Will the price of Ethereum be between $1,800 and $1,900 on July 7?",2026-07-07T16:00:00,16.00,0.4915,0.3915,-0.1000,-0.0950,0.0950,BUY_NO,"weekly_between ETH spot=1800 [1800,1900] in=False",ETH,1.21,"{""spot"":1799.65,""in_range"":0,""pct_dist"":0.0192,""T_h"":15.9965,""moon_phase"":0.7361,""mercury_retrogrado"":1,""smart_money_consensus"":-0.0358,""smart_money_n_wallets"":9}"
2026-07-07T00:00:10+00:00,WEEKLY_PRICE,2744273,"Will the price of Ethereum be between $1,900 and $2,000 on July 7?",2026-07-07T16:00:00,16.00,0.0265,0.1000,0.0735,0.0685,0.0685,SKIP,"weekly_between ETH spot=1800 [1900,2000] in=False",ETH,0.50,"{""spot"":1799.65,""in_range"":0,""pct_dist"":5.5758,""T_h"":15.9965,""moon_phase"":0.7361,""mercury_retrogrado"":1,""smart_money_consensus"":-0.0358,""smart_money_n_wallets"":9}"
2026-07-07T00:00:10+00:00,PRICE_TARGET_GBM,2757991,"Will the price of Ethereum be above $1,700 on July 8?",2026-07-08T16:00:00,40.00,0.9525,0.7387,-0.2138,-0.2088,-0.2088,SKIP,price_target_gbm ETH atexpiry K=1700 spot=1800 (+5.9%vsK) sigma_h=0.0141 T=40.0h p_yes=0.739,ETH#atexpiry,0.50,"{""pct_vs_K"":5.8824,""sigma_h"":0.014135,""T_h"":39.9965,""log_ratio"":0.057158,""moon_phase"":0.7361,""mercury_retrogrado"":1,""smart_money_consensus"":-0.0358,""smart_money_n_wallets"":9}"
2026-07-07T00:00:10+00:00,PRICE_TARGET_GBM,2757995,"Will the price of Ethereum be above $1,800 on July 8?",2026-07-08T16:00:00,40.00,0.5000,0.5000,-0.0000,0.0050,0.0050,SKIP,price_target_gbm ETH atexpiry K=1800 spot=1800 (+0.0%vsK) sigma_h=0.0141 T=40.0h p_yes=0.500,ETH#atexpiry,0.50,"{""pct_vs_K"":0.0,""sigma_h"":0.014135,""T_h"":39.9965,""log_ratio"":0.0,""moon_phase"":0.7361,""mercury_retrogrado"":1,""smart_money_consensus"":-0.0358,""smart_money_n_wallets"":9}"
2026-07-07T00:00:10+00:00,PRICE_TARGET_GBM,2757999,"Will the price of Ethereum be above $1,900 on July 8?",2026-07-08T16:00:00,40.00,0.0525,0.2727,0.2202,0.2152,0.2152,SKIP,price_target_gbm ETH atexpiry K=1900 spot=1800 (-5.3%vsK) sigma_h=0.0141 T=40.0h p_yes=0.273,ETH#atexpiry,0.50,"{""pct_vs_K"":-5.2632,""sigma_h"":0.014135,""T_h"":39.9965,""log_ratio"":-0.054067,""moon_phase"":0.7361,""mercury_retrogrado"":1,""smart_money_consensus"":-0.0358,""smart_money_n_wallets"":9}"
2026-07-07T00:00:10+00:00,PRICE_TARGET_GBM,2758003,"Will the price of Ethereum be above $2,000 on July 8?",2026-07-08T16:00:00,40.00,0.0110,0.1193,0.1083,0.1033,0.1033,SKIP,price_target_gbm ETH atexpiry K=2000 spot=1800 (-10.0%vsK) sigma_h=0.0141 T=40.0h p_yes=0.119,ETH#atexpiry,0.50,"{""pct_vs_K"":-10.0,""sigma_h"":0.014135,""T_h"":39.9965,""log_ratio"":-0.105361,""moon_phase"":0.7361,""mercury_retrogrado"":1,""smart_money_consensus"":-0.0358,""smart_money_n_wallets"":9}"
2026-07-07T00:00:10+00:00,WEEKLY_PRICE,2758047,"Will the price of Ethereum be between $1,600 and $1,700 on July 8?",2026-07-08T16:00:00,40.00,0.0380,0.1000,0.0620,0.0570,0.0570,SKIP,"weekly_between ETH spot=1800 [1600,1700] in=False",ETH,0.50,"{""spot"":1799.65,""in_range"":0,""pct_dist"":5.5375,""T_h"":39.9965,""moon_phase"":0.7361,""mercury_retrogrado"":1,""smart_money_consensus"":-0.0358,""smart_money_n_wallets"":9}"
2026-07-07T00:00:10+00:00,WEEKLY_PRICE,2758049,"Will the price of Ethereum be between $1,700 and $1,800 on July 8?",2026-07-08T16:00:00,40.00,0.4700,0.6200,0.1500,0.1450,0.1450,BUY_YES,"weekly_between ETH spot=1800 [1700,1800] in=True",ETH,0.50,"{""spot"":1799.65,""in_range"":1,""pct_dist"":0.0,""T_h"":39.9965,""moon_phase"":0.7361,""mercury_retrogrado"":1,""smart_money_consensus"":-0.0358,""smart_money_n_wallets"":9}"
2026-07-07T00:00:10+00:00,WEEKLY_PRICE,2758054,"Will the price of Ethereum be between $1,800 and $1,900 on July 8?",2026-07-08T16:00:00,40.00,0.4550,0.3550,-0.1000,-0.0950,0.0950,BUY_NO,"weekly_between ETH spot=1800 [1800,1900] in=False",ETH,1.21,"{""spot"":1799.65,""in_range"":0,""pct_dist"":0.0192,""T_h"":39.9965,""moon_phase"":0.7361,""mercury_retrogrado"":1,""smart_money_consensus"":-0.0358,""smart_money_n_wallets"":9}"
2026-07-07T00:00:10+00:00,WEEKLY_PRICE,2758061,"Will the price of Ethereum be between $1,900 and $2,000 on July 8?",2026-07-08T16:00:00,40.00,0.0540,0.1000,0.0460,0.0410,0.0410,SKIP,"weekly_between ETH spot=1800 [1900,2000] in=False",ETH,0.50,"{""spot"":1799.65,""in_range"":0,""pct_dist"":5.5758,""T_h"":39.9965,""moon_phase"":0.7361,""mercury_retrogrado"":1,""smart_money_consensus"":-0.0358,""smart_money_n_wallets"":9}"
2026-07-07T00:00:10+00:00,WEEKLY_PRICE,2758065,"Will the price of Ethereum be between $2,000 and $2,100 on July 8?",2026-07-08T16:00:00,40.00,0.0105,0.1000,0.0895,0.0845,0.0845,SKIP,"weekly_between ETH spot=1800 [2000,2100] in=False",ETH,0.50,"{""spot"":1799.65,""in_range"":0,""pct_dist"":11.1324,""T_h"":39.9965,""moon_phase"":0.7361,""mercury_retrogrado"":1,""smart_money_consensus"":-0.0358,""smart_money_n_wallets"":9}"
2026-07-07T00:00:10+00:00,PRICE_TARGET_GBM,2758353,"Will Ethereum reach $2,500 in July?",2026-08-01T04:00:00,604.00,0.0240,0.3039,0.2799,0.2749,0.2749,SKIP,price_target_gbm ETH reach K=2500 spot=1800 (-28.0%vsK) sigma_h=0.0130 T=604.0h p_yes=0.304,ETH#reach,0.50,"{""pct_vs_K"":-28.0,""sigma_h"":0.013,""T_h"":603.9965,""log_ratio"":-0.328504,""moon_phase"":0.7361,""mercury_retrogrado"":1,""smart_money_consensus"":-0.0358,""smart_money_n_wallets"":9}"
2026-07-07T00:00:10+00:00,PRICE_TARGET_GBM,2758354,"Will Ethereum reach $2,400 in July?",2026-08-01T04:00:00,604.00,0.0370,0.3679,0.3309,0.3259,0.3259,SKIP,price_target_gbm ETH reach K=2400 spot=1800 (-25.0%vsK) sigma_h=0.0130 T=604.0h p_yes=0.368,ETH#reach,0.50,"{""pct_vs_K"":-25.0,""sigma_h"":0.013,""T_h"":603.9965,""log_ratio"":-0.287682,""moon_phase"":0.7361,""mercury_retrogrado"":1,""smart_money_consensus"":-0.0358,""smart_money_n_wallets"":9}"
2026-07-07T00:00:10+00:00,PRICE_TARGET_GBM,2758355,"Will Ethereum reach $2,300 in July?",2026-08-01T04:00:00,604.00,0.0580,0.4430,0.3850,0.3800,0.3800,SKIP,price_target_gbm ETH reach K=2300 spot=1800 (-21.7%vsK) sigma_h=0.0130 T=604.0h p_yes=0.443,ETH#reach,0.50,"{""pct_vs_K"":-21.7391,""sigma_h"":0.013,""T_h"":603.9965,""log_ratio"":-0.245122,""moon_phase"":0.7361,""mercury_retrogrado"":1,""smart_money_consensus"":-0.0358,""smart_money_n_wallets"":9}"
2026-07-07T00:00:10+00:00,PRICE_TARGET_GBM,2758356,"Will Ethereum reach $2,200 in July?",2026-08-01T04:00:00,604.00,0.1105,0.5299,0.4194,0.4144,0.4144,BUY_YES,price_target_gbm ETH reach K=2200 spot=1800 (-18.2%vsK) sigma_h=0.0130 T=604.0h p_yes=0.530,ETH#reach,0.50,"{""pct_vs_K"":-18.1818,""sigma_h"":0.013,""T_h"":603.9965,""log_ratio"":-0.200671,""moon_phase"":0.7361,""mercury_retrogrado"":1,""smart_money_consensus"":-0.0358,""smart_money_n_wallets"":9}"
2026-07-07T00:00:10+00:00,PRICE_TARGET_GBM,2758357,"Will Ethereum reach $2,100 in July?",2026-08-01T04:00:00,604.00,0.2150,0.6295,0.4145,0.4095,0.4095,BUY_YES,price_target_gbm ETH reach K=2100 spot=1800 (-14.3%vsK) sigma_h=0.0130 T=604.0h p_yes=0.629,ETH#reach,0.50,"{""pct_vs_K"":-14.2857,""sigma_h"":0.013,""T_h"":603.9965,""log_ratio"":-0.154151,""moon_phase"":0.7361,""mercury_retrogrado"":1,""smart_money_consensus"":-0.0358,""smart_money_n_wallets"":9}"
2026-07-07T00:00:10+00:00,PRICE_TARGET_GBM,2758358,"Will Ethereum reach $2,000 in July?",2026-08-01T04:00:00,604.00,0.3650,0.7416,0.3766,0.3716,0.3716,BUY_YES,price_target_gbm ETH reach K=2000 spot=1800 (-10.0%vsK) sigma_h=0.0130 T=604.0h p_yes=0.742,ETH#reach,0.50,"{""pct_vs_K"":-10.0,""sigma_h"":0.013,""T_h"":603.9965,""log_ratio"":-0.105361,""moon_phase"":0.7361,""mercury_retrogrado"":1,""smart_money_consensus"":-0.0358,""smart_money_n_wallets"":9}"
2026-07-07T00:00:10+00:00,PRICE_TARGET_GBM,2758359,"Will Ethereum reach $1,900 in July?",2026-08-01T04:00:00,604.00,0.6550,0.8656,0.2106,0.2056,0.2056,BUY_YES,price_target_gbm ETH reach K=1900 spot=1800 (-5.3%vsK) sigma_h=0.0130 T=604.0h p_yes=0.866,ETH#reach,0.50,"{""pct_vs_K"":-5.2632,""sigma_h"":0.013,""T_h"":603.9965,""log_ratio"":-0.054067,""moon_phase"":0.7361,""mercury_retrogrado"":1,""smart_money_consensus"":-0.0358,""smart_money_n_wallets"":9}"
2026-07-07T00:00:10+00:00,PRICE_TARGET_GBM,2769692,"Will the price of Ethereum be above $1,400 on July 9?",2026-07-09T16:00:00,64.00,0.9895,0.9500,-0.0395,-0.0345,-0.0345,SKIP,price_target_gbm ETH atexpiry K=1400 spot=1800 (+28.6%vsK) sigma_h=0.0117 T=64.0h p_yes=0.996,ETH#atexpiry,0.50,"{""pct_vs_K"":28.5714,""sigma_h"":0.011708,""T_h"":63.9965,""log_ratio"":0.251314,""moon_phase"":0.7361,""mercury_retrogrado"":1,""smart_money_consensus"":-0.0358,""smart_money_n_wallets"":9}"
2026-07-07T00:00:10+00:00,PRICE_TARGET_GBM,2769695,"Will the price of Ethereum be above $1,500 on July 9?",2026-07-09T16:00:00,64.00,0.9860,0.9500,-0.0360,-0.0310,-0.0310,SKIP,price_target_gbm ETH atexpiry K=1500 spot=1800 (+20.0%vsK) sigma_h=0.0117 T=64.0h p_yes=0.974,ETH#atexpiry,0.50,"{""pct_vs_K"":20.0,""sigma_h"":0.011708,""T_h"":63.9965,""log_ratio"":0.182322,""moon_phase"":0.7361,""mercury_retrogrado"":1,""smart_money_consensus"":-0.0358,""smart_money_n_wallets"":9}"
2026-07-07T00:00:10+00:00,PRICE_TARGET_GBM,2769698,"Will the price of Ethereum be above $1,600 on July 9?",2026-07-09T16:00:00,64.00,0.9785,0.8957,-0.0828,-0.0778,-0.0778,SKIP,price_target_gbm ETH atexpiry K=1600 spot=1800 (+12.5%vsK) sigma_h=0.0117 T=64.0h p_yes=0.896,ETH#atexpiry,0.50,"{""pct_vs_K"":12.5,""sigma_h"":0.011708,""T_h"":63.9965,""log_ratio"":0.117783,""moon_phase"":0.7361,""mercury_retrogrado"":1,""smart_money_consensus"":-0.0358,""smart_money_n_wallets"":9}"
2026-07-07T00:00:10+00:00,PRICE_TARGET_GBM,2769702,"Will the price of Ethereum be above $1,700 on July 9?",2026-07-09T16:00:00,64.00,0.9150,0.7292,-0.1858,-0.1808,-0.1808,SKIP,price_target_gbm ETH atexpiry K=1700 spot=1800 (+5.9%vsK) sigma_h=0.0117 T=64.0h p_yes=0.729,ETH#atexpiry,0.50,"{""pct_vs_K"":5.8824,""sigma_h"":0.011708,""T_h"":63.9965,""log_ratio"":0.057158,""moon_phase"":0.7361,""mercury_retrogrado"":1,""smart_money_consensus"":-0.0358,""smart_money_n_wallets"":9}"
2026-07-07T00:00:10+00:00,PRICE_TARGET_GBM,2769704,"Will the price of Ethereum be above $1,800 on July 9?",2026-07-09T16:00:00,64.00,0.5050,0.5000,-0.0050,-0.0000,-0.0000,SKIP,price_target_gbm ETH atexpiry K=1800 spot=1800 (+0.0%vsK) sigma_h=0.0117 T=64.0h p_yes=0.500,ETH#atexpiry,0.50,"{""pct_vs_K"":0.0,""sigma_h"":0.011708,""T_h"":63.9965,""log_ratio"":0.0,""moon_phase"":0.7361,""mercury_retrogrado"":1,""smart_money_consensus"":-0.0358,""smart_money_n_wallets"":9}"
2026-07-07T00:00:10+00:00,PRICE_TARGET_GBM,2769708,"Will the price of Ethereum be above $1,900 on July 9?",2026-07-09T16:00:00,64.00,0.0930,0.2819,0.1889,0.1839,0.1839,SKIP,price_target_gbm ETH atexpiry K=1900 spot=1800 (-5.3%vsK) sigma_h=0.0117 T=64.0h p_yes=0.282,ETH#atexpiry,0.50,"{""pct_vs_K"":-5.2632,""sigma_h"":0.011708,""T_h"":63.9965,""log_ratio"":-0.054067,""moon_phase"":0.7361,""mercury_retrogrado"":1,""smart_money_consensus"":-0.0358,""smart_money_n_wallets"":9}"
2026-07-07T00:00:10+00:00,PRICE_TARGET_GBM,2769710,"Will the price of Ethereum be above $2,000 on July 9?",2026-07-09T16:00:00,64.00,0.0215,0.1303,0.1088,0.1038,0.1038,SKIP,price_target_gbm ETH atexpiry K=2000 spot=1800 (-10.0%vsK) sigma_h=0.0117 T=64.0h p_yes=0.130,ETH#atexpiry,0.50,"{""pct_vs_K"":-10.0,""sigma_h"":0.011708,""T_h"":63.9965,""log_ratio"":-0.105361,""moon_phase"":0.7361,""mercury_retrogrado"":1,""smart_money_consensus"":-0.0358,""smart_money_n_wallets"":9}"
2026-07-07T00:00:10+00:00,PRICE_TARGET_GBM,2769714,"Will the price of Ethereum be above $2,100 on July 9?",2026-07-09T16:00:00,64.00,0.0115,0.0500,0.0385,0.0335,0.0335,SKIP,price_target_gbm ETH atexpiry K=2100 spot=1800 (-14.3%vsK) sigma_h=0.0117 T=64.0h p_yes=0.050,ETH#atexpiry,0.50,"{""pct_vs_K"":-14.2857,""sigma_h"":0.011708,""T_h"":63.9965,""log_ratio"":-0.154151,""moon_phase"":0.7361,""mercury_retrogrado"":1,""smart_money_consensus"":-0.0358,""smart_money_n_wallets"":9}"
2026-07-07T00:00:10+00:00,WEEKLY_PRICE,2769747,"Will the price of Ethereum be between $1,200 and $1,300 on July 9?",2026-07-09T16:00:00,64.00,0.0150,0.0600,0.0450,0.0400,0.0400,SKIP,"weekly_between ETH spot=1800 [1200,1300] in=False",ETH,0.50,"{""spot"":1799.65,""in_range"":0,""pct_dist"":27.7639,""T_h"":63.9965,""moon_phase"":0.7361,""mercury_retrogrado"":1,""smart_money_consensus"":-0.0358,""smart_money_n_wallets"":9}"
2026-07-07T00:00:10+00:00,WEEKLY_PRICE,2769750,"Will the price of Ethereum be between $1,300 and $1,400 on July 9?",2026-07-09T16:00:00,64.00,0.0150,0.0600,0.0450,0.0400,0.0400,SKIP,"weekly_between ETH spot=1800 [1300,1400] in=False",ETH,0.50,"{""spot"":1799.65,""in_range"":0,""pct_dist"":22.2073,""T_h"":63.9965,""moon_phase"":0.7361,""mercury_retrogrado"":1,""smart_money_consensus"":-0.0358,""smart_money_n_wallets"":9}"
2026-07-07T00:00:10+00:00,WEEKLY_PRICE,2769756,"Will the price of Ethereum be between $1,400 and $1,500 on July 9?",2026-07-09T16:00:00,64.00,0.0155,0.1000,0.0845,0.0795,0.0795,SKIP,"weekly_between ETH spot=1800 [1400,1500] in=False",ETH,0.50,"{""spot"":1799.65,""in_range"":0,""pct_dist"":16.6507,""T_h"":63.9965,""moon_phase"":0.7361,""mercury_retrogrado"":1,""smart_money_consensus"":-0.0358,""smart_money_n_wallets"":9}"
2026-07-07T00:00:10+00:00,WEEKLY_PRICE,2769762,"Will the price of Ethereum be between $1,500 and $1,600 on July 9?",2026-07-09T16:00:00,64.00,0.0170,0.1000,0.0830,0.0780,0.0780,SKIP,"weekly_between ETH spot=1800 [1500,1600] in=False",ETH,0.50,"{""spot"":1799.65,""in_range"":0,""pct_dist"":11.0941,""T_h"":63.9965,""moon_phase"":0.7361,""mercury_retrogrado"":1,""smart_money_consensus"":-0.0358,""smart_money_n_wallets"":9}"
2026-07-07T00:00:10+00:00,WEEKLY_PRICE,2769767,"Will the price of Ethereum be between $1,600 and $1,700 on July 9?",2026-07-09T16:00:00,64.00,0.0850,0.1000,0.0150,0.0100,0.0100,SKIP,"weekly_between ETH spot=1800 [1600,1700] in=False",ETH,0.50,"{""spot"":1799.65,""in_range"":0,""pct_dist"":5.5375,""T_h"":63.9965,""moon_phase"":0.7361,""mercury_retrogrado"":1,""smart_money_consensus"":-0.0358,""smart_money_n_wallets"":9}"
2026-07-07T00:00:10+00:00,WEEKLY_PRICE,2769772,"Will the price of Ethereum be between $1,700 and $1,800 on July 9?",2026-07-09T16:00:00,64.00,0.4200,0.5700,0.1500,0.1450,0.1450,BUY_YES,"weekly_between ETH spot=1800 [1700,1800] in=True",ETH,0.50,"{""spot"":1799.65,""in_range"":1,""pct_dist"":0.0,""T_h"":63.9965,""moon_phase"":0.7361,""mercury_retrogrado"":1,""smart_money_consensus"":-0.0358,""smart_money_n_wallets"":9}"
2026-07-07T00:00:10+00:00,WEEKLY_PRICE,2769776,"Will the price of Ethereum be between $1,800 and $1,900 on July 9?",2026-07-09T16:00:00,64.00,0.4000,0.3000,-0.1000,-0.0950,0.0950,BUY_NO,"weekly_between ETH spot=1800 [1800,1900] in=False",ETH,1.21,"{""spot"":1799.65,""in_range"":0,""pct_dist"":0.0192,""T_h"":63.9965,""moon_phase"":0.7361,""mercury_retrogrado"":1,""smart_money_consensus"":-0.0358,""smart_money_n_wallets"":9}"
2026-07-07T00:00:10+00:00,WEEKLY_PRICE,2769780,"Will the price of Ethereum be between $1,900 and $2,000 on July 9?",2026-07-09T16:00:00,64.00,0.0890,0.1000,0.0110,0.0060,0.0060,SKIP,"weekly_between ETH spot=1800 [1900,2000] in=False",ETH,0.50,"{""spot"":1799.65,""in_range"":0,""pct_dist"":5.5758,""T_h"":63.9965,""moon_phase"":0.7361,""mercury_retrogrado"":1,""smart_money_consensus"":-0.0358,""smart_money_n_wallets"":9}"
2026-07-07T00:00:10+00:00,WEEKLY_PRICE,2769785,"Will the price of Ethereum be between $2,000 and $2,100 on July 9?",2026-07-09T16:00:00,64.00,0.0125,0.1000,0.0875,0.0825,0.0825,SKIP,"weekly_between ETH spot=1800 [2000,2100] in=False",ETH,0.50,"{""spot"":1799.65,""in_range"":0,""pct_dist"":11.1324,""T_h"":63.9965,""moon_phase"":0.7361,""mercury_retrogrado"":1,""smart_money_consensus"":-0.0358,""smart_money_n_wallets"":9}"
2026-07-07T00:00:10+00:00,PRICE_TARGET_GBM,2784633,"Will the price of Ethereum be above $1,500 on July 10?",2026-07-10T16:00:00,88.00,0.9815,0.9500,-0.0315,-0.0265,-0.0265,SKIP,price_target_gbm ETH atexpiry K=1500 spot=1800 (+20.0%vsK) sigma_h=0.0107 T=88.0h p_yes=0.965,ETH#atexpiry,0.50,"{""pct_vs_K"":20.0,""sigma_h"":0.010702,""T_h"":87.9965,""log_ratio"":0.182322,""moon_phase"":0.7361,""mercury_retrogrado"":1,""smart_money_consensus"":-0.0358,""smart_money_n_wallets"":9}"
2026-07-07T00:00:10+00:00,PRICE_TARGET_GBM,2784635,"Will the price of Ethereum be above $1,600 on July 10?",2026-07-10T16:00:00,88.00,0.9725,0.8797,-0.0928,-0.0878,-0.0878,SKIP,price_target_gbm ETH atexpiry K=1600 spot=1800 (+12.5%vsK) sigma_h=0.0107 T=88.0h p_yes=0.880,ETH#atexpiry,0.50,"{""pct_vs_K"":12.5,""sigma_h"":0.010702,""T_h"":87.9965,""log_ratio"":0.117783,""moon_phase"":0.7361,""mercury_retrogrado"":1,""smart_money_consensus"":-0.0358,""smart_money_n_wallets"":9}"
2026-07-07T00:00:10+00:00,PRICE_TARGET_GBM,2784637,"Will the price of Ethereum be above $1,700 on July 10?",2026-07-10T16:00:00,88.00,0.8600,0.7154,-0.1446,-0.1396,0.1396,BUY_NO,price_target_gbm ETH atexpiry K=1700 spot=1800 (+5.9%vsK) sigma_h=0.0107 T=88.0h p_yes=0.715,ETH#atexpiry,0.50,"{""pct_vs_K"":5.8824,""sigma_h"":0.010702,""T_h"":87.9965,""log_ratio"":0.057158,""moon_phase"":0.7361,""mercury_retrogrado"":1,""smart_money_consensus"":-0.0358,""smart_money_n_wallets"":9}"
2026-07-07T00:00:10+00:00,PRICE_TARGET_GBM,2784639,"Will the price of Ethereum be above $1,800 on July 10?",2026-07-10T16:00:00,88.00,0.4950,0.5000,0.0050,-0.0000,-0.0000,SKIP,price_target_gbm ETH atexpiry K=1800 spot=1800 (+0.0%vsK) sigma_h=0.0107 T=88.0h p_yes=0.500,ETH#atexpiry,0.50,"{""pct_vs_K"":0.0,""sigma_h"":0.010702,""T_h"":87.9965,""log_ratio"":0.0,""moon_phase"":0.7361,""mercury_retrogrado"":1,""smart_money_consensus"":-0.0358,""smart_money_n_wallets"":9}"
2026-07-07T00:00:10+00:00,PRICE_TARGET_GBM,2784641,"Will the price of Ethereum be above $1,900 on July 10?",2026-07-10T16:00:00,88.00,0.1300,0.2951,0.1651,0.1601,0.1601,SKIP,price_target_gbm ETH atexpiry K=1900 spot=1800 (-5.3%vsK) sigma_h=0.0107 T=88.0h p_yes=0.295,ETH#atexpiry,0.50,"{""pct_vs_K"":-5.2632,""sigma_h"":0.010702,""T_h"":87.9965,""log_ratio"":-0.054067,""moon_phase"":0.7361,""mercury_retrogrado"":1,""smart_money_consensus"":-0.0358,""smart_money_n_wallets"":9}"
2026-07-07T00:00:10+00:00,PRICE_TARGET_GBM,2784645,"Will the price of Ethereum be above $2,000 on July 10?",2026-07-10T16:00:00,88.00,0.0280,0.1470,0.1190,0.1140,0.1140,SKIP,price_target_gbm ETH atexpiry K=2000 spot=1800 (-10.0%vsK) sigma_h=0.0107 T=88.0h p_yes=0.147,ETH#atexpiry,0.50,"{""pct_vs_K"":-10.0,""sigma_h"":0.010702,""T_h"":87.9965,""log_ratio"":-0.105361,""moon_phase"":0.7361,""mercury_retrogrado"":1,""smart_money_consensus"":-0.0358,""smart_money_n_wallets"":9}"
2026-07-07T00:00:10+00:00,WEEKLY_PRICE,2784694,"Will the price of Ethereum be between $1,300 and $1,400 on July 10?",2026-07-10T16:00:00,88.00,0.0195,0.0600,0.0405,0.0355,0.0355,SKIP,"weekly_between ETH spot=1800 [1300,1400] in=False",ETH,0.50,"{""spot"":1799.65,""in_range"":0,""pct_dist"":22.2073,""T_h"":87.9965,""moon_phase"":0.7361,""mercury_retrogrado"":1,""smart_money_consensus"":-0.0358,""smart_money_n_wallets"":9}"
2026-07-07T00:00:10+00:00,WEEKLY_PRICE,2784697,"Will the price of Ethereum be between $1,400 and $1,500 on July 10?",2026-07-10T16:00:00,88.00,0.0195,0.1000,0.0805,0.0755,0.0755,SKIP,"weekly_between ETH spot=1800 [1400,1500] in=False",ETH,0.50,"{""spot"":1799.65,""in_range"":0,""pct_dist"":16.6507,""T_h"":87.9965,""moon_phase"":0.7361,""mercury_retrogrado"":1,""smart_money_consensus"":-0.0358,""smart_money_n_wallets"":9}"
2026-07-07T00:00:10+00:00,WEEKLY_PRICE,2784702,"Will the price of Ethereum be between $1,500 and $1,600 on July 10?",2026-07-10T16:00:00,88.00,0.0240,0.1000,0.0760,0.0710,0.0710,SKIP,"weekly_between ETH spot=1800 [1500,1600] in=False",ETH,0.50,"{""spot"":1799.65,""in_range"":0,""pct_dist"":11.0941,""T_h"":87.9965,""moon_phase"":0.7361,""mercury_retrogrado"":1,""smart_money_consensus"":-0.0358,""smart_money_n_wallets"":9}"
2026-07-07T00:00:10+00:00,WEEKLY_PRICE,2784706,"Will the price of Ethereum be between $1,600 and $1,700 on July 10?",2026-07-10T16:00:00,88.00,0.1150,0.1000,-0.0150,-0.0100,-0.0100,SKIP,"weekly_between ETH spot=1800 [1600,1700] in=False",ETH,0.50,"{""spot"":1799.65,""in_range"":0,""pct_dist"":5.5375,""T_h"":87.9965,""moon_phase"":0.7361,""mercury_retrogrado"":1,""smart_money_consensus"":-0.0358,""smart_money_n_wallets"":9}"
2026-07-07T00:00:10+00:00,WEEKLY_PRICE,2784709,"Will the price of Ethereum be between $1,700 and $1,800 on July 10?",2026-07-10T16:00:00,88.00,0.3850,0.5350,0.1500,0.1450,0.1450,BUY_YES,"weekly_between ETH spot=1800 [1700,1800] in=True",ETH,0.50,"{""spot"":1799.65,""in_range"":1,""pct_dist"":0.0,""T_h"":87.9965,""moon_phase"":0.7361,""mercury_retrogrado"":1,""smart_money_consensus"":-0.0358,""smart_money_n_wallets"":9}"
2026-07-07T00:00:10+00:00,WEEKLY_PRICE,2784718,"Will the price of Ethereum be between $1,800 and $1,900 on July 10?",2026-07-10T16:00:00,88.00,0.3600,0.2600,-0.1000,-0.0950,0.0950,BUY_NO,"weekly_between ETH spot=1800 [1800,1900] in=False",ETH,1.21,"{""spot"":1799.65,""in_range"":0,""pct_dist"":0.0192,""T_h"":87.9965,""moon_phase"":0.7361,""mercury_retrogrado"":1,""smart_money_consensus"":-0.0358,""smart_money_n_wallets"":9}"
2026-07-07T00:00:10+00:00,WEEKLY_PRICE,2784726,"Will the price of Ethereum be between $1,900 and $2,000 on July 10?",2026-07-10T16:00:00,88.00,0.1150,0.1000,-0.0150,-0.0100,-0.0100,SKIP,"weekly_between ETH spot=1800 [1900,2000] in=False",ETH,0.50,"{""spot"":1799.65,""in_range"":0,""pct_dist"":5.5758,""T_h"":87.9965,""moon_phase"":0.7361,""mercury_retrogrado"":1,""smart_money_consensus"":-0.0358,""smart_money_n_wallets"":9}"
2026-07-07T00:00:10+00:00,WEEKLY_PRICE,2784729,"Will the price of Ethereum be between $2,000 and $2,100 on July 10?",2026-07-10T16:00:00,88.00,0.0275,0.1000,0.0725,0.0675,0.0675,SKIP,"weekly_between ETH spot=1800 [2000,2100] in=False",ETH,0.50,"{""spot"":1799.65,""in_range"":0,""pct_dist"":11.1324,""T_h"":87.9965,""moon_phase"":0.7361,""mercury_retrogrado"":1,""smart_money_consensus"":-0.0358,""smart_money_n_wallets"":9}"
2026-07-07T00:00:10+00:00,WEEKLY_PRICE,2784732,"Will the price of Ethereum be between $2,100 and $2,200 on July 10?",2026-07-10T16:00:00,88.00,0.0215,0.1000,0.0785,0.0735,0.0735,SKIP,"weekly_between ETH spot=1800 [2100,2200] in=False",ETH,0.50,"{""spot"":1799.65,""in_range"":0,""pct_dist"":16.689,""T_h"":87.9965,""moon_phase"":0.7361,""mercury_retrogrado"":1,""smart_money_consensus"":-0.0358,""smart_money_n_wallets"":9}"
2026-07-07T00:00:10+00:00,PRICE_TARGET_GBM,2795851,"Will the price of Ethereum be above $1,500 on July 11?",2026-07-11T16:00:00,112.00,0.9810,0.9299,-0.0511,-0.0461,-0.0461,SKIP,price_target_gbm ETH atexpiry K=1500 spot=1800 (+20.0%vsK) sigma_h=0.0117 T=112.0h p_yes=0.930,ETH#atexpiry,0.50,"{""pct_vs_K"":20.0,""sigma_h"":0.011681,""T_h"":111.9965,""log_ratio"":0.182322,""moon_phase"":0.7361,""mercury_retrogrado"":1,""smart_money_consensus"":-0.0358,""smart_money_n_wallets"":9}"
2026-07-07T00:00:10+00:00,PRICE_TARGET_GBM,2795853,"Will the price of Ethereum be above $1,600 on July 11?",2026-07-11T16:00:00,112.00,0.9730,0.8297,-0.1433,-0.1383,-0.1383,SKIP,price_target_gbm ETH atexpiry K=1600 spot=1800 (+12.5%vsK) sigma_h=0.0117 T=112.0h p_yes=0.830,ETH#atexpiry,0.50,"{""pct_vs_K"":12.5,""sigma_h"":0.011681,""T_h"":111.9965,""log_ratio"":0.117783,""moon_phase"":0.7361,""mercury_retrogrado"":1,""smart_money_consensus"":-0.0358,""smart_money_n_wallets"":9}"
2026-07-07T00:00:10+00:00,PRICE_TARGET_GBM,2795856,"Will the price of Ethereum be above $1,700 on July 11?",2026-07-11T16:00:00,112.00,0.8500,0.6781,-0.1719,-0.1669,0.1669,BUY_NO,price_target_gbm ETH atexpiry K=1700 spot=1800 (+5.9%vsK) sigma_h=0.0117 T=112.0h p_yes=0.678,ETH#atexpiry,0.50,"{""pct_vs_K"":5.8824,""sigma_h"":0.011681,""T_h"":111.9965,""log_ratio"":0.057158,""moon_phase"":0.7361,""mercury_retrogrado"":1,""smart_money_consensus"":-0.0358,""smart_money_n_wallets"":9}"
2026-07-07T00:00:10+00:00,PRICE_TARGET_GBM,2795859,"Will the price of Ethereum be above $1,800 on July 11?",2026-07-11T16:00:00,112.00,0.4900,0.5000,0.0100,0.0050,0.0050,SKIP,price_target_gbm ETH atexpiry K=1800 spot=1800 (+0.0%vsK) sigma_h=0.0117 T=112.0h p_yes=0.500,ETH#atexpiry,0.50,"{""pct_vs_K"":0.0,""sigma_h"":0.011681,""T_h"":111.9965,""log_ratio"":0.0,""moon_phase"":0.7361,""mercury_retrogrado"":1,""smart_money_consensus"":-0.0358,""smart_money_n_wallets"":9}"
2026-07-07T00:00:10+00:00,PRICE_TARGET_GBM,2795862,"Will the price of Ethereum be above $1,900 on July 11?",2026-07-11T16:00:00,112.00,0.1500,0.3309,0.1809,0.1759,0.1759,SKIP,price_target_gbm ETH atexpiry K=1900 spot=1800 (-5.3%vsK) sigma_h=0.0117 T=112.0h p_yes=0.331,ETH#atexpiry,0.50,"{""pct_vs_K"":-5.2632,""sigma_h"":0.011681,""T_h"":111.9965,""log_ratio"":-0.054067,""moon_phase"":0.7361,""mercury_retrogrado"":1,""smart_money_consensus"":-0.0358,""smart_money_n_wallets"":9}"
2026-07-07T00:00:10+00:00,PRICE_TARGET_GBM,2795867,"Will the price of Ethereum be above $2,000 on July 11?",2026-07-11T16:00:00,112.00,0.0310,0.1970,0.1660,0.1610,0.1610,SKIP,price_target_gbm ETH atexpiry K=2000 spot=1800 (-10.0%vsK) sigma_h=0.0117 T=112.0h p_yes=0.197,ETH#atexpiry,0.50,"{""pct_vs_K"":-10.0,""sigma_h"":0.011681,""T_h"":111.9965,""log_ratio"":-0.105361,""moon_phase"":0.7361,""mercury_retrogrado"":1,""smart_money_consensus"":-0.0358,""smart_money_n_wallets"":9}"
2026-07-07T00:00:10+00:00,PRICE_TARGET_GBM,2795872,"Will the price of Ethereum be above $2,100 on July 11?",2026-07-11T16:00:00,112.00,0.0180,0.1062,0.0882,0.0832,0.0832,SKIP,price_target_gbm ETH atexpiry K=2100 spot=1800 (-14.3%vsK) sigma_h=0.0117 T=112.0h p_yes=0.106,ETH#atexpiry,0.50,"{""pct_vs_K"":-14.2857,""sigma_h"":0.011681,""T_h"":111.9965,""log_ratio"":-0.154151,""moon_phase"":0.7361,""mercury_retrogrado"":1,""smart_money_consensus"":-0.0358,""smart_money_n_wallets"":9}"
2026-07-07T00:00:10+00:00,PRICE_TARGET_GBM,2795877,"Will the price of Ethereum be above $2,200 on July 11?",2026-07-11T16:00:00,112.00,0.0115,0.0523,0.0408,0.0358,0.0358,SKIP,price_target_gbm ETH atexpiry K=2200 spot=1800 (-18.2%vsK) sigma_h=0.0117 T=112.0h p_yes=0.052,ETH#atexpiry,0.50,"{""pct_vs_K"":-18.1818,""sigma_h"":0.011681,""T_h"":111.9965,""log_ratio"":-0.200671,""moon_phase"":0.7361,""mercury_retrogrado"":1,""smart_money_consensus"":-0.0358,""smart_money_n_wallets"":9}"
2026-07-07T00:00:10+00:00,WEEKLY_PRICE,2795923,"Will the price of Ethereum be between $1,300 and $1,400 on July 11?",2026-07-11T16:00:00,112.00,0.0195,0.0600,0.0405,0.0355,0.0355,SKIP,"weekly_between ETH spot=1800 [1300,1400] in=False",ETH,0.50,"{""spot"":1799.65,""in_range"":0,""pct_dist"":22.2073,""T_h"":111.9965,""moon_phase"":0.7361,""mercury_retrogrado"":1,""smart_money_consensus"":-0.0358,""smart_money_n_wallets"":9}"
2026-07-07T00:00:10+00:00,WEEKLY_PRICE,2795925,"Will the price of Ethereum be between $1,400 and $1,500 on July 11?",2026-07-11T16:00:00,112.00,0.0195,0.1000,0.0805,0.0755,0.0755,SKIP,"weekly_between ETH spot=1800 [1400,1500] in=False",ETH,0.50,"{""spot"":1799.65,""in_range"":0,""pct_dist"":16.6507,""T_h"":111.9965,""moon_phase"":0.7361,""mercury_retrogrado"":1,""smart_money_consensus"":-0.0358,""smart_money_n_wallets"":9}"
2026-07-07T00:00:10+00:00,WEEKLY_PRICE,2795928,"Will the price of Ethereum be between $1,500 and $1,600 on July 11?",2026-07-11T16:00:00,112.00,0.0270,0.1000,0.0730,0.0680,0.0680,SKIP,"weekly_between ETH spot=1800 [1500,1600] in=False",ETH,0.50,"{""spot"":1799.65,""in_range"":0,""pct_dist"":11.0941,""T_h"":111.9965,""moon_phase"":0.7361,""mercury_retrogrado"":1,""smart_money_consensus"":-0.0358,""smart_money_n_wallets"":9}"
2026-07-07T00:00:10+00:00,WEEKLY_PRICE,2795937,"Will the price of Ethereum be between $1,600 and $1,700 on July 11?",2026-07-11T16:00:00,112.00,0.1300,0.1000,-0.0300,-0.0250,0.0250,BUY_NO,"weekly_between ETH spot=1800 [1600,1700] in=False",ETH,1.33,"{""spot"":1799.65,""in_range"":0,""pct_dist"":5.5375,""T_h"":111.9965,""moon_phase"":0.7361,""mercury_retrogrado"":1,""smart_money_consensus"":-0.0358,""smart_money_n_wallets"":9}"
2026-07-07T00:00:10+00:00,WEEKLY_PRICE,2795944,"Will the price of Ethereum be between $1,700 and $1,800 on July 11?",2026-07-11T16:00:00,112.00,0.3650,0.5150,0.1500,0.1450,0.1450,BUY_YES,"weekly_between ETH spot=1800 [1700,1800] in=True",ETH,0.50,"{""spot"":1799.65,""in_range"":1,""pct_dist"":0.0,""T_h"":111.9965,""moon_phase"":0.7361,""mercury_retrogrado"":1,""smart_money_consensus"":-0.0358,""smart_money_n_wallets"":9}"
2026-07-07T00:00:10+00:00,WEEKLY_PRICE,2795947,"Will the price of Ethereum be between $1,800 and $1,900 on July 11?",2026-07-11T16:00:00,112.00,0.3400,0.2400,-0.1000,-0.0950,0.0950,BUY_NO,"weekly_between ETH spot=1800 [1800,1900] in=False",ETH,1.21,"{""spot"":1799.65,""in_range"":0,""pct_dist"":0.0192,""T_h"":111.9965,""moon_phase"":0.7361,""mercury_retrogrado"":1,""smart_money_consensus"":-0.0358,""smart_money_n_wallets"":9}"
2026-07-07T00:00:10+00:00,WEEKLY_PRICE,2795952,"Will the price of Ethereum be between $1,900 and $2,000 on July 11?",2026-07-11T16:00:00,112.00,0.1300,0.1000,-0.0300,-0.0250,0.0250,BUY_NO,"weekly_between ETH spot=1800 [1900,2000] in=False",ETH,1.33,"{""spot"":1799.65,""in_range"":0,""pct_dist"":5.5758,""T_h"":111.9965,""moon_phase"":0.7361,""mercury_retrogrado"":1,""smart_money_consensus"":-0.0358,""smart_money_n_wallets"":9}"
2026-07-07T00:00:10+00:00,WEEKLY_PRICE,2795958,"Will the price of Ethereum be between $2,000 and $2,100 on July 11?",2026-07-11T16:00:00,112.00,0.0310,0.1000,0.0690,0.0640,0.0640,SKIP,"weekly_between ETH spot=1800 [2000,2100] in=False",ETH,0.50,"{""spot"":1799.65,""in_range"":0,""pct_dist"":11.1324,""T_h"":111.9965,""moon_phase"":0.7361,""mercury_retrogrado"":1,""smart_money_consensus"":-0.0358,""smart_money_n_wallets"":9}"
2026-07-07T00:00:10+00:00,WEEKLY_PRICE,2795963,"Will the price of Ethereum be between $2,100 and $2,200 on July 11?",2026-07-11T16:00:00,112.00,0.0205,0.1000,0.0795,0.0745,0.0745,SKIP,"weekly_between ETH spot=1800 [2100,2200] in=False",ETH,0.50,"{""spot"":1799.65,""in_range"":0,""pct_dist"":16.689,""T_h"":111.9965,""moon_phase"":0.7361,""mercury_retrogrado"":1,""smart_money_consensus"":-0.0358,""smart_money_n_wallets"":9}"
2026-07-07T00:00:10+00:00,UPDOWN_GBM,2800739,"Ethereum Up or Down - July 6, 8PM ET",2026-07-07T01:00:00,1.00,0.5050,0.5037,-0.0013,0.0037,0.0037,SKIP,updown_gbm ETH 60min ref=1800 spot=1800 (+0.02%) sigma_h=0.0057 T=1.00h p_up=0.504 mu_h=-0.0001,ETH#60min,0.50,"{""pct_spot_vs_ref"":0.0192,""sigma_h"":0.005657,""T_h"":0.9965,""hora_utc"":0,""drift_15min"":0.1167,""drift_60min"":-0.2784,""delta_ratio_macro"":-0.3478,""cross_window_spread"":0.0,""ibs_15"":0.6282,""funding_rate_8h"":0.00779,""logit_edge"":-0.005,""moon_phase"":0.7361,""mercury_retrogrado"":1,""smart_money_consensus"":-0.0358,""smart_money_n_wallets"":9}"
2026-07-07T00:00:10+00:00,PRICE_TARGET_GBM,2807480,"Will the price of Ethereum be above $1,300 on July 12?",2026-07-12T16:00:00,136.00,0.9880,0.9500,-0.0380,-0.0330,-0.0330,SKIP,price_target_gbm ETH atexpiry K=1300 spot=1800 (+38.5%vsK) sigma_h=0.0123 T=136.0h p_yes=0.988,ETH#atexpiry,0.50,"{""pct_vs_K"":38.4615,""sigma_h"":0.012291,""T_h"":135.9965,""log_ratio"":0.325422,""moon_phase"":0.7361,""mercury_retrogrado"":1,""smart_money_consensus"":-0.0358,""smart_money_n_wallets"":9}"
2026-07-07T00:00:10+00:00,PRICE_TARGET_GBM,2807482,"Will the price of Ethereum be above $1,400 on July 12?",2026-07-12T16:00:00,136.00,0.9785,0.9500,-0.0285,-0.0235,-0.0235,SKIP,price_target_gbm ETH atexpiry K=1400 spot=1800 (+28.6%vsK) sigma_h=0.0123 T=136.0h p_yes=0.960,ETH#atexpiry,0.50,"{""pct_vs_K"":28.5714,""sigma_h"":0.012291,""T_h"":135.9965,""log_ratio"":0.251314,""moon_phase"":0.7361,""mercury_retrogrado"":1,""smart_money_consensus"":-0.0358,""smart_money_n_wallets"":9}"
2026-07-07T00:00:10+00:00,PRICE_TARGET_GBM,2807487,"Will the price of Ethereum be above $1,600 on July 12?",2026-07-12T16:00:00,136.00,0.9595,0.7944,-0.1651,-0.1601,-0.1601,SKIP,price_target_gbm ETH atexpiry K=1600 spot=1800 (+12.5%vsK) sigma_h=0.0123 T=136.0h p_yes=0.794,ETH#atexpiry,0.50,"{""pct_vs_K"":12.5,""sigma_h"":0.012291,""T_h"":135.9965,""log_ratio"":0.117783,""moon_phase"":0.7361,""mercury_retrogrado"":1,""smart_money_consensus"":-0.0358,""smart_money_n_wallets"":9}"
2026-07-07T00:00:10+00:00,PRICE_TARGET_GBM,2807489,"Will the price of Ethereum be above $1,700 on July 12?",2026-07-12T16:00:00,136.00,0.8300,0.6550,-0.1750,-0.1700,0.1700,BUY_NO,price_target_gbm ETH atexpiry K=1700 spot=1800 (+5.9%vsK) sigma_h=0.0123 T=136.0h p_yes=0.655,ETH#atexpiry,0.50,"{""pct_vs_K"":5.8824,""sigma_h"":0.012291,""T_h"":135.9965,""log_ratio"":0.057158,""moon_phase"":0.7361,""mercury_retrogrado"":1,""smart_money_consensus"":-0.0358,""smart_money_n_wallets"":9}"
2026-07-07T00:00:10+00:00,PRICE_TARGET_GBM,2807491,"Will the price of Ethereum be above $1,800 on July 12?",2026-07-12T16:00:00,136.00,0.5000,0.5000,-0.0000,0.0050,0.0050,SKIP,price_target_gbm ETH atexpiry K=1800 spot=1800 (+0.0%vsK) sigma_h=0.0123 T=136.0h p_yes=0.500,ETH#atexpiry,0.50,"{""pct_vs_K"":0.0,""sigma_h"":0.012291,""T_h"":135.9965,""log_ratio"":0.0,""moon_phase"":0.7361,""mercury_retrogrado"":1,""smart_money_consensus"":-0.0358,""smart_money_n_wallets"":9}"
2026-07-07T00:00:10+00:00,PRICE_TARGET_GBM,2807493,"Will the price of Ethereum be above $1,900 on July 12?",2026-07-12T16:00:00,136.00,0.1750,0.3530,0.1780,0.1730,0.1730,SKIP,price_target_gbm ETH atexpiry K=1900 spot=1800 (-5.3%vsK) sigma_h=0.0123 T=136.0h p_yes=0.353,ETH#atexpiry,0.50,"{""pct_vs_K"":-5.2632,""sigma_h"":0.012291,""T_h"":135.9965,""log_ratio"":-0.054067,""moon_phase"":0.7361,""mercury_retrogrado"":1,""smart_money_consensus"":-0.0358,""smart_money_n_wallets"":9}"
2026-07-07T00:00:10+00:00,PRICE_TARGET_GBM,2807495,"Will the price of Ethereum be above $2,000 on July 12?",2026-07-12T16:00:00,136.00,0.0430,0.2312,0.1882,0.1832,0.1832,SKIP,price_target_gbm ETH atexpiry K=2000 spot=1800 (-10.0%vsK) sigma_h=0.0123 T=136.0h p_yes=0.231,ETH#atexpiry,0.50,"{""pct_vs_K"":-10.0,""sigma_h"":0.012291,""T_h"":135.9965,""log_ratio"":-0.105361,""moon_phase"":0.7361,""mercury_retrogrado"":1,""smart_money_consensus"":-0.0358,""smart_money_n_wallets"":9}"
2026-07-07T00:00:10+00:00,PRICE_TARGET_GBM,2807497,"Will the price of Ethereum be above $2,100 on July 12?",2026-07-12T16:00:00,136.00,0.0145,0.1411,0.1266,0.1216,0.1216,SKIP,price_target_gbm ETH atexpiry K=2100 spot=1800 (-14.3%vsK) sigma_h=0.0123 T=136.0h p_yes=0.141,ETH#atexpiry,0.50,"{""pct_vs_K"":-14.2857,""sigma_h"":0.012291,""T_h"":135.9965,""log_ratio"":-0.154151,""moon_phase"":0.7361,""mercury_retrogrado"":1,""smart_money_consensus"":-0.0358,""smart_money_n_wallets"":9}"
2026-07-07T00:00:10+00:00,PRICE_TARGET_GBM,2807500,"Will the price of Ethereum be above $2,200 on July 12?",2026-07-12T16:00:00,136.00,0.0115,0.0808,0.0693,0.0643,0.0643,SKIP,price_target_gbm ETH atexpiry K=2200 spot=1800 (-18.2%vsK) sigma_h=0.0123 T=136.0h p_yes=0.081,ETH#atexpiry,0.50,"{""pct_vs_K"":-18.1818,""sigma_h"":0.012291,""T_h"":135.9965,""log_ratio"":-0.200671,""moon_phase"":0.7361,""mercury_retrogrado"":1,""smart_money_consensus"":-0.0358,""smart_money_n_wallets"":9}"
2026-07-07T00:00:10+00:00,PRICE_TARGET_GBM,2807502,"Will the price of Ethereum be above $2,300 on July 12?",2026-07-12T16:00:00,136.00,0.0115,0.0500,0.0385,0.0335,0.0335,SKIP,price_target_gbm ETH atexpiry K=2300 spot=1800 (-21.7%vsK) sigma_h=0.0123 T=136.0h p_yes=0.044,ETH#atexpiry,0.50,"{""pct_vs_K"":-21.7391,""sigma_h"":0.012291,""T_h"":135.9965,""log_ratio"":-0.245122,""moon_phase"":0.7361,""mercury_retrogrado"":1,""smart_money_consensus"":-0.0358,""smart_money_n_wallets"":9}"
2026-07-07T00:00:10+00:00,UPDOWN_GBM,2807499,Ethereum Up or Down on July 7?,2026-07-07T16:00:00,16.00,0.6950,0.4678,-0.2272,-0.2222,0.2222,BUY_NO,updown_gbm ETH daily ref=1800 spot=1800 (+0.02%) sigma_h=0.0132 T=16.00h p_up=0.468 mu_h=-0.0003,ETH#daily,0.50,"{""pct_spot_vs_ref"":0.0192,""sigma_h"":0.013178,""T_h"":15.9965,""hora_utc"":0,""drift_15min"":0.1167,""drift_60min"":-0.2784,""delta_ratio_macro"":-0.3478,""ibs_15"":0.6282,""funding_rate_8h"":0.00779,""logit_edge"":-0.9527,""moon_phase"":0.7361,""mercury_retrogrado"":1,""smart_money_consensus"":-0.0358,""smart_money_n_wallets"":9}"
2026-07-07T00:00:10+00:00,WEEKLY_PRICE,2807522,"Will the price of Ethereum be between $1,300 and $1,400 on July 12?",2026-07-12T16:00:00,136.00,0.0160,0.0600,0.0440,0.0390,0.0390,SKIP,"weekly_between ETH spot=1800 [1300,1400] in=False",ETH,0.50,"{""spot"":1799.65,""in_range"":0,""pct_dist"":22.2073,""T_h"":135.9965,""moon_phase"":0.7361,""mercury_retrogrado"":1,""smart_money_consensus"":-0.0358,""smart_money_n_wallets"":9}"
2026-07-07T00:00:10+00:00,WEEKLY_PRICE,2807524,"Will the price of Ethereum be between $1,400 and $1,500 on July 12?",2026-07-12T16:00:00,136.00,0.0175,0.1000,0.0825,0.0775,0.0775,SKIP,"weekly_between ETH spot=1800 [1400,1500] in=False",ETH,0.50,"{""spot"":1799.65,""in_range"":0,""pct_dist"":16.6507,""T_h"":135.9965,""moon_phase"":0.7361,""mercury_retrogrado"":1,""smart_money_consensus"":-0.0358,""smart_money_n_wallets"":9}"
2026-07-07T00:00:10+00:00,WEEKLY_PRICE,2807528,"Will the price of Ethereum be between $1,500 and $1,600 on July 12?",2026-07-12T16:00:00,136.00,0.0365,0.1000,0.0635,0.0585,0.0585,SKIP,"weekly_between ETH spot=1800 [1500,1600] in=False",ETH,0.50,"{""spot"":1799.65,""in_range"":0,""pct_dist"":11.0941,""T_h"":135.9965,""moon_phase"":0.7361,""mercury_retrogrado"":1,""smart_money_consensus"":-0.0358,""smart_money_n_wallets"":9}"
2026-07-07T00:00:10+00:00,WEEKLY_PRICE,2807535,"Will the price of Ethereum be between $1,600 and $1,700 on July 12?",2026-07-12T16:00:00,136.00,0.1350,0.1000,-0.0350,-0.0300,0.0300,BUY_NO,"weekly_between ETH spot=1800 [1600,1700] in=False",ETH,1.33,"{""spot"":1799.65,""in_range"":0,""pct_dist"":5.5375,""T_h"":135.9965,""moon_phase"":0.7361,""mercury_retrogrado"":1,""smart_money_consensus"":-0.0358,""smart_money_n_wallets"":9}"
2026-07-07T00:00:10+00:00,WEEKLY_PRICE,2807539,"Will the price of Ethereum be between $1,700 and $1,800 on July 12?",2026-07-12T16:00:00,136.00,0.3300,0.4800,0.1500,0.1450,0.1450,BUY_YES,"weekly_between ETH spot=1800 [1700,1800] in=True",ETH,0.50,"{""spot"":1799.65,""in_range"":1,""pct_dist"":0.0,""T_h"":135.9965,""moon_phase"":0.7361,""mercury_retrogrado"":1,""smart_money_consensus"":-0.0358,""smart_money_n_wallets"":9}"
2026-07-07T00:00:10+00:00,WEEKLY_PRICE,2807544,"Will the price of Ethereum be between $1,800 and $1,900 on July 12?",2026-07-12T16:00:00,136.00,0.3100,0.2100,-0.1000,-0.0950,0.0950,BUY_NO,"weekly_between ETH spot=1800 [1800,1900] in=False",ETH,1.21,"{""spot"":1799.65,""in_range"":0,""pct_dist"":0.0192,""T_h"":135.9965,""moon_phase"":0.7361,""mercury_retrogrado"":1,""smart_money_consensus"":-0.0358,""smart_money_n_wallets"":9}"
2026-07-07T00:00:10+00:00,WEEKLY_PRICE,2807548,"Will the price of Ethereum be between $1,900 and $2,000 on July 12?",2026-07-12T16:00:00,136.00,0.1250,0.1000,-0.0250,-0.0200,-0.0200,SKIP,"weekly_between ETH spot=1800 [1900,2000] in=False",ETH,0.50,"{""spot"":1799.65,""in_range"":0,""pct_dist"":5.5758,""T_h"":135.9965,""moon_phase"":0.7361,""mercury_retrogrado"":1,""smart_money_consensus"":-0.0358,""smart_money_n_wallets"":9}"
2026-07-07T00:00:10+00:00,WEEKLY_PRICE,2807550,"Will the price of Ethereum be between $2,000 and $2,100 on July 12?",2026-07-12T16:00:00,136.00,0.0380,0.1000,0.0620,0.0570,0.0570,SKIP,"weekly_between ETH spot=1800 [2000,2100] in=False",ETH,0.50,"{""spot"":1799.65,""in_range"":0,""pct_dist"":11.1324,""T_h"":135.9965,""moon_phase"":0.7361,""mercury_retrogrado"":1,""smart_money_consensus"":-0.0358,""smart_money_n_wallets"":9}"
2026-07-07T00:00:10+00:00,WEEKLY_PRICE,2807553,"Will the price of Ethereum be between $2,100 and $2,200 on July 12?",2026-07-12T16:00:00,136.00,0.0195,0.1000,0.0805,0.0755,0.0755,SKIP,"weekly_between ETH spot=1800 [2100,2200] in=False",ETH,0.50,"{""spot"":1799.65,""in_range"":0,""pct_dist"":16.689,""T_h"":135.9965,""moon_phase"":0.7361,""mercury_retrogrado"":1,""smart_money_consensus"":-0.0358,""smart_money_n_wallets"":9}"
2026-07-07T00:01:43+00:00,UPDOWN_GBM,2811335,"Solana Up or Down - July 6, 8:00PM-8:15PM ET",2026-07-07T00:15:00,0.22,0.5350,0.4313,-0.1037,-0.0987,-0.0987,SKIP,updown_gbm SOL 15min ref=81.96 spot=81.92 (-0.05%) sigma_h=0.0088 T=0.22h p_up=0.431 mu_h=-0.0010,SOL#15min,0.50,"{""pct_spot_vs_ref"":-0.0488,""sigma_h"":0.008771,""T_h"":0.2211,""hora_utc"":0,""drift_15min"":-0.3415,""drift_60min"":-0.5101,""delta_ratio_macro"":-0.0996,""cross_window_spread"":0.0294,""ibs_15"":0.0714,""funding_rate_8h"":0.00667,""logit_edge"":-0.4168,""moon_phase"":0.7361,""mercury_retrogrado"":1,""smart_money_consensus"":0.0783,""smart_money_n_wallets"":13}"
2026-07-07T00:03:05+00:00,GBM_LATE_15M,2811330,"Ethereum Up or Down - July 6, 8:00PM-8:15PM ET",2026-07-07T00:15:00,0.20,0.5150,0.4610,-0.0540,-0.0490,0.0490,BUY_NO,gbm_late_15min ETH drift_vent=-0.023% rest=11.9min d=-0.10 p_up=0.46 py=0.52,ETH#15min,0.50,"{""drift_ventana_pct"":-0.0228,""restante_min"":11.89,""T_h"":0.1982,""sigma_h"":0.00523,""d_gbm"":-0.098,""py_entrada"":0.515,""hora_utc"":0,""moon_phase"":0.7362,""mercury_retrogrado"":1,""smart_money_consensus"":0.1212,""smart_money_n_wallets"":15}"
2026-07-07T00:03:05+00:00,GBM_LATE_15M,2811348,"Bitcoin Up or Down - July 6, 8:00PM-8:15PM ET",2026-07-07T00:15:00,0.20,0.5050,0.3113,-0.1937,-0.1887,0.1887,BUY_NO,gbm_late_15min BTC drift_vent=-0.060% rest=11.9min d=-0.49 p_up=0.31 py=0.51,BTC#15min,0.50,"{""drift_ventana_pct"":-0.0602,""restante_min"":11.89,""T_h"":0.1982,""sigma_h"":0.00275,""d_gbm"":-0.492,""py_entrada"":0.505,""hora_utc"":0,""moon_phase"":0.7362,""mercury_retrogrado"":1,""smart_money_consensus"":-0.2,""smart_money_n_wallets"":1}"
2026-07-07T00:03:27+00:00,WEEKLY_PRICE,2769697,"Will the price of Bitcoin be between $58,000 and $60,000 on July 9?",2026-07-09T16:00:00,63.94,0.0105,0.1000,0.0895,0.0845,0.0845,SKIP,"weekly_between BTC spot=64025 [58000,60000] in=False",BTC,0.50,"{""spot"":64024.79,""in_range"":0,""pct_dist"":6.2863,""T_h"":63.9422,""moon_phase"":0.7362,""mercury_retrogrado"":1,""smart_money_consensus"":-0.2,""smart_money_n_wallets"":1}"
2026-07-07T00:03:27+00:00,PRICE_TARGET_GBM,2807485,"Will the price of Ethereum be above $1,500 on July 12?",2026-07-12T16:00:00,135.94,0.9875,0.8975,-0.0900,-0.0850,-0.0850,SKIP,price_target_gbm ETH atexpiry K=1500 spot=1798.8 (+19.9%vsK) sigma_h=0.0123 T=135.9h p_yes=0.897,ETH#atexpiry,0.50,"{""pct_vs_K"":19.9167,""sigma_h"":0.012293,""T_h"":135.9422,""log_ratio"":0.181627,""moon_phase"":0.7362,""mercury_retrogrado"":1,""smart_money_consensus"":0.1212,""smart_money_n_wallets"":15}"
2026-07-07T00:03:27+00:00,PRICE_TARGET_GBM,2807669,Will the price of Solana be above $110 on July 12?,2026-07-12T16:00:00,135.94,0.0145,0.0903,0.0758,0.0708,0.0708,SKIP,price_target_gbm SOL atexpiry K=110 spot=81.95 (-25.5%vsK) sigma_h=0.0189 T=135.9h p_yes=0.090,SOL#atexpiry,0.50,"{""pct_vs_K"":-25.5,""sigma_h"":0.018858,""T_h"":135.9422,""log_ratio"":-0.294371,""moon_phase"":0.7362,""mercury_retrogrado"":1,""smart_money_consensus"":0.0783,""smart_money_n_wallets"":13}"
2026-07-07T00:04:08+00:00,GBM_LATE_15M,2811332,"XRP Up or Down - July 6, 8:00PM-8:15PM ET",2026-07-07T00:15:00,0.18,0.7350,0.5123,-0.2227,-0.2177,0.2177,BUY_NO,gbm_late_15min XRP drift_vent=+0.052% rest=10.8min d=+0.03 p_up=0.51 py=0.73,XRP#15min,1.40,"{""drift_ventana_pct"":0.0524,""restante_min"":10.85,""T_h"":0.1808,""sigma_h"":0.03996,""d_gbm"":0.031,""py_entrada"":0.735,""hora_utc"":0,""moon_phase"":0.7362,""mercury_retrogrado"":1,""smart_money_consensus"":-0.059,""smart_money_n_wallets"":11}"
2026-07-07T00:04:51+00:00,GBM_LATE_15M,2811335,"Solana Up or Down - July 6, 8:00PM-8:15PM ET",2026-07-07T00:15:00,0.17,0.4450,0.4095,-0.0355,-0.0305,0.0305,BUY_NO,gbm_late_15min SOL drift_vent=-0.061% rest=10.1min d=-0.23 p_up=0.41 py=0.45,SOL#15min,1.63,"{""drift_ventana_pct"":-0.061,""restante_min"":10.13,""T_h"":0.1689,""sigma_h"":0.00649,""d_gbm"":-0.229,""py_entrada"":0.445,""hora_utc"":0,""moon_phase"":0.7362,""mercury_retrogrado"":1,""smart_money_consensus"":0.0783,""smart_money_n_wallets"":13}"
2026-07-07T00:09:35+00:00,UPDOWN_GBM,2811372,"Solana Up or Down - July 6, 8:15PM-8:30PM ET",2026-07-07T00:30:00,0.34,0.5350,0.4723,-0.0627,-0.0577,-0.0577,SKIP,updown_gbm SOL 15min ref=81.87 spot=81.87 (+0.00%) sigma_h=0.0086 T=0.34h p_up=0.472 mu_h=-0.0010,SOL#15min,0.50,"{""pct_spot_vs_ref"":0.0,""sigma_h"":0.008574,""T_h"":0.3401,""hora_utc"":0,""drift_15min"":-0.7315,""drift_60min"":-0.5104,""delta_ratio_macro"":-0.0754,""cross_window_spread"":0.0296,""ibs_15"":0.0526,""funding_rate_8h"":0.00667,""logit_edge"":-0.251,""moon_phase"":0.7363,""mercury_retrogrado"":1,""smart_money_consensus"":0.0783,""smart_money_n_wallets"":13}"
2026-07-07T00:14:25+00:00,UPDOWN_GBM,2800742,"Solana Up or Down - July 6, 8PM ET",2026-07-07T01:00:00,0.76,0.3950,0.4449,0.0499,0.0449,0.0449,SKIP,updown_gbm SOL 60min ref=81.96 spot=81.89 (-0.09%) sigma_h=0.0087 T=0.76h p_up=0.445 mu_h=-0.0003,SOL#60min,0.50,"{""pct_spot_vs_ref"":-0.0854,""sigma_h"":0.008681,""T_h"":0.7593,""hora_utc"":0,""drift_15min"":-0.1953,""drift_60min"":-0.5103,""delta_ratio_macro"":-0.0933,""cross_window_spread"":-0.0727,""ibs_15"":0.3333,""funding_rate_8h"":0.00722,""logit_edge"":0.205,""moon_phase"":0.7364,""mercury_retrogrado"":1,""smart_money_consensus"":0.0783,""smart_money_n_wallets"":13}"
2026-07-07T00:15:57+00:00,UPDOWN_GBM,2811364,"Ethereum Up or Down - July 6, 8:15PM-8:30PM ET",2026-07-07T00:30:00,0.23,0.5150,0.4433,-0.0717,-0.0667,0.0667,BUY_NO,updown_gbm ETH 15min ref=1798 spot=1798 (-0.01%) sigma_h=0.0056 T=0.23h p_up=0.443 mu_h=-0.0011,ETH#15min,1.38,"{""pct_spot_vs_ref"":-0.0117,""sigma_h"":0.005582,""T_h"":0.2339,""hora_utc"":0,""drift_15min"":-0.8003,""drift_60min"":-0.5731,""delta_ratio_macro"":-0.3518,""cross_window_spread"":0.0109,""ibs_15"":0.429,""funding_rate_8h"":0.00761,""logit_edge"":-0.2877,""moon_phase"":0.7365,""mercury_retrogrado"":1,""smart_money_consensus"":0.1212,""smart_money_n_wallets"":15}"
2026-07-07T00:17:58+00:00,STREAK_FADE_15M,2811364,"Ethereum Up or Down - July 6, 8:15PM-8:30PM ET",2026-07-07T00:30:00,0.20,0.5150,0.7000,0.1850,0.1800,0.1800,BUY_YES,streak_fade_15m ETH racha=4xNO py=0.515 (reversión),ETH#15min,0.50,"{""streak_len"":4,""streak_dir_up"":0,""py_entrada"":0.515,""hora_utc"":0,""moon_phase"":0.7365,""mercury_retrogrado"":1,""smart_money_consensus"":0.1212,""smart_money_n_wallets"":15}"
2026-07-07T00:17:58+00:00,STREAK_FADE_15M,2811372,"Solana Up or Down - July 6, 8:15PM-8:30PM ET",2026-07-07T00:30:00,0.20,0.5300,0.7000,0.1700,0.1650,0.1650,BUY_YES,streak_fade_15m SOL racha=6xNO py=0.530 (reversión),SOL#15min,0.50,"{""streak_len"":6,""streak_dir_up"":0,""py_entrada"":0.53,""hora_utc"":0,""moon_phase"":0.7365,""mercury_retrogrado"":1,""smart_money_consensus"":0.0783,""smart_money_n_wallets"":13}"
2026-07-07T00:18:20+00:00,GBM_LATE_15M,2811364,"Ethereum Up or Down - July 6, 8:15PM-8:30PM ET",2026-07-07T00:30:00,0.19,0.5150,0.3565,-0.1585,-0.1535,0.1535,BUY_NO,gbm_late_15min ETH drift_vent=-0.128% rest=11.7min d=-0.37 p_up=0.36 py=0.52,ETH#15min,0.50,"{""drift_ventana_pct"":-0.1276,""restante_min"":11.66,""T_h"":0.1943,""sigma_h"":0.00788,""d_gbm"":-0.368,""py_entrada"":0.515,""hora_utc"":0,""moon_phase"":0.7365,""mercury_retrogrado"":1,""smart_money_consensus"":0.1212,""smart_money_n_wallets"":15}"
2026-07-07T00:18:20+00:00,GBM_LATE_15M,2811372,"Solana Up or Down - July 6, 8:15PM-8:30PM ET",2026-07-07T00:30:00,0.19,0.5300,0.6530,0.1230,0.1180,0.1180,BUY_YES,gbm_late_15min SOL drift_vent=+0.171% rest=11.7min d=+0.39 p_up=0.65 py=0.53,SOL#15min,1.39,"{""drift_ventana_pct"":0.171,""restante_min"":11.66,""T_h"":0.1943,""sigma_h"":0.00985,""d_gbm"":0.394,""py_entrada"":0.53,""hora_utc"":0,""moon_phase"":0.7365,""mercury_retrogrado"":1,""smart_money_consensus"":0.0783,""smart_money_n_wallets"":13}"
2026-07-07T00:18:20+00:00,GBM_LATE_15M,2811374,"Bitcoin Up or Down - July 6, 8:15PM-8:30PM ET",2026-07-07T00:30:00,0.19,0.4950,0.4378,-0.0572,-0.0522,0.0522,BUY_NO,gbm_late_15min BTC drift_vent=-0.023% rest=11.7min d=-0.16 p_up=0.44 py=0.49,BTC#15min,0.50,"{""drift_ventana_pct"":-0.0235,""restante_min"":11.66,""T_h"":0.1943,""sigma_h"":0.0034,""d_gbm"":-0.157,""py_entrada"":0.495,""hora_utc"":0,""moon_phase"":0.7365,""mercury_retrogrado"":1,""smart_money_consensus"":-0.2,""smart_money_n_wallets"":1}"
2026-07-07T00:18:20+00:00,GBM_LATE_15M,2811377,"XRP Up or Down - July 6, 8:15PM-8:30PM ET",2026-07-07T00:30:00,0.19,0.5000,0.4397,-0.0603,-0.0553,0.0553,BUY_NO,gbm_late_15min XRP drift_vent=-0.304% rest=11.7min d=-0.15 p_up=0.44 py=0.50,XRP#15min,1.36,"{""drift_ventana_pct"":-0.3043,""restante_min"":11.66,""T_h"":0.1943,""sigma_h"":0.04562,""d_gbm"":-0.152,""py_entrada"":0.5,""hora_utc"":0,""moon_phase"":0.7365,""mercury_retrogrado"":1,""smart_money_consensus"":-0.059,""smart_money_n_wallets"":11}"
2026-07-07T00:22:26+00:00,UPDOWN_GBM,2811374,"Bitcoin Up or Down - July 6, 8:15PM-8:30PM ET",2026-07-07T00:30:00,0.13,0.6450,0.9500,0.3050,0.3000,0.3000,SKIP,updown_gbm BTC 15min ref=6.4e+04 spot=6.417e+04 (+0.27%) sigma_h=0.0040 T=0.13h p_up=0.971 mu_h=+0.0001,BTC#15min,0.50,"{""pct_spot_vs_ref"":0.2655,""sigma_h"":0.00397,""T_h"":0.1258,""hora_utc"":0,""drift_15min"":0.6181,""drift_60min"":0.0327,""delta_ratio_macro"":0.3505,""cross_window_spread"":0.1388,""ibs_15"":0.8516,""funding_rate_8h"":0.01,""logit_edge"":2.8987,""moon_phase"":0.7366,""mercury_retrogrado"":1}"
2026-07-07T00:23:26+00:00,UPDOWN_GBM,2811441,"Solana Up or Down - July 6, 8:30PM-8:45PM ET",2026-07-07T00:45:00,0.36,0.5350,0.5076,-0.0274,-0.0224,-0.0224,SKIP,updown_gbm SOL 15min ref=82.18 spot=82.18 (+0.00%) sigma_h=0.0115 T=0.36h p_up=0.508 mu_h=+0.0004,SOL#15min,0.50,"{""pct_spot_vs_ref"":0.0,""sigma_h"":0.01154,""T_h"":0.3593,""hora_utc"":0,""drift_15min"":1.0248,""drift_60min"":0.1829,""delta_ratio_macro"":0.0556,""cross_window_spread"":0.027,""ibs_15"":0.8,""funding_rate_8h"":0.00722,""logit_edge"":-0.1099,""moon_phase"":0.7367,""mercury_retrogrado"":1,""smart_money_consensus"":-0.0157,""smart_money_n_wallets"":12}"
2026-07-07T00:29:15+00:00,UPDOWN_GBM,2811437,"Ethereum Up or Down - July 6, 8:30PM-8:45PM ET",2026-07-07T00:45:00,0.26,0.4950,0.4576,-0.0374,-0.0324,0.0324,BUY_NO,updown_gbm ETH 15min ref=1808 spot=1807 (-0.06%) sigma_h=0.0078 T=0.26h p_up=0.458 mu_h=+0.0006,ETH#15min,1.22,"{""pct_spot_vs_ref"":-0.0573,""sigma_h"":0.007791,""T_h"":0.2624,""hora_utc"":0,""drift_15min"":1.9164,""drift_60min"":0.2807,""delta_ratio_macro"":0.1544,""cross_window_spread"":-0.0159,""ibs_15"":0.781,""funding_rate_8h"":0.00761,""logit_edge"":-0.1502,""moon_phase"":0.7368,""mercury_retrogrado"":1,""smart_money_consensus"":-0.1118,""smart_money_n_wallets"":13}"
2026-07-07T00:30:40+00:00,WEEKLY_PRICE,2758104,Will the price of Solana be between $50 and $60 on July 8?,2026-07-08T16:00:00,39.49,0.2010,0.0600,-0.1410,-0.1360,0.1360,BUY_NO,"weekly_between SOL spot=82 [50,60] in=False",SOL,0.50,"{""spot"":82.39,""in_range"":0,""pct_dist"":27.1756,""T_h"":39.4885,""moon_phase"":0.7368,""mercury_retrogrado"":1,""smart_money_consensus"":-0.0157,""smart_money_n_wallets"":12}"
2026-07-07T00:30:40+00:00,WEEKLY_PRICE,2758126,Will the price of Solana be between $100 and $110 on July 8?,2026-07-08T16:00:00,39.49,0.0110,0.0600,0.0490,0.0440,0.0440,SKIP,"weekly_between SOL spot=82 [100,110] in=False",SOL,0.50,"{""spot"":82.39,""in_range"":0,""pct_dist"":21.374,""T_h"":39.4885,""moon_phase"":0.7368,""mercury_retrogrado"":1,""smart_money_consensus"":-0.0157,""smart_money_n_wallets"":12}"
2026-07-07T00:30:40+00:00,PRICE_TARGET_GBM,2758129,Will the price of Solana be above $100 on July 8?,2026-07-08T16:00:00,39.49,0.0145,0.0500,0.0355,0.0305,0.0305,SKIP,price_target_gbm SOL atexpiry K=100 spot=82.39 (-17.6%vsK) sigma_h=0.0119 T=39.5h p_yes=0.005,SOL#atexpiry,0.50,"{""pct_vs_K"":-17.61,""sigma_h"":0.011935,""T_h"":39.4885,""log_ratio"":-0.193706,""moon_phase"":0.7368,""mercury_retrogrado"":1,""smart_money_consensus"":-0.0157,""smart_money_n_wallets"":12}"
2026-07-07T00:30:40+00:00,WEEKLY_PRICE,2758130,Will the price of Solana be between $110 and $120 on July 8?,2026-07-08T16:00:00,39.49,0.0105,0.0600,0.0495,0.0445,0.0445,SKIP,"weekly_between SOL spot=82 [110,120] in=False",SOL,0.50,"{""spot"":82.39,""in_range"":0,""pct_dist"":33.5113,""T_h"":39.4885,""moon_phase"":0.7368,""mercury_retrogrado"":1,""smart_money_consensus"":-0.0157,""smart_money_n_wallets"":12}"
