timestamp_utc,slug,market_id,condition_id,activo,marco,end_date,restante_s_objetivo,restante_s_real,precio_yes,lado_favorito,best_ask_favorito,ask_usd_le5c,best_bid_favorito,profundidad_favorito_usd,n_niveles_favorito,outcome_real,favorito_gano
2026-08-03T00:01:00+00:00,sol-updown-5m-1785715200,3277997,0x6f35b9784e5898160c858c359b6a71ec80f5ff470cfec86d7e755877f6052861,SOL,5min,2026-08-03T00:05:00+00:00,240,239.9,0.5,Up,0.34,35.2,0.32,16519.31,66,Down,0
2026-08-03T00:02:00+00:00,eth-updown-5m-1785715200,3277999,0x3b28fed2c1131f9544fb0ed8bbff0568f367bdace529567419f18518f60aec5d,ETH,5min,2026-08-03T00:05:00+00:00,180,179.6,0.495,Down,0.8,179.26,0.79,10660.6,20,Down,1
2026-08-03T00:02:00+00:00,xrp-updown-15m-1785715200,3278012,0x7f87a06abc8affcc093db43ab6ea72b32015a08d87134183e1d5cfa675d2fead,XRP,15min,2026-08-03T00:15:00+00:00,780,779.5,0.495,Down,0.69,179.15,0.68,10116.52,24,Down,1
2026-08-03T00:06:00+00:00,sol-updown-5m-1785715500,3278037,0x0defd7cb6fb6bfcf9df45a4417d327af545ccc4ed1812b31a7611c88afbe3bd5,SOL,5min,2026-08-03T00:10:00+00:00,240,239.9,0.495,Down,0.6,130.03,0.59,16759.49,40,Down,1
2026-08-03T00:07:00+00:00,eth-updown-5m-1785715500,3278039,0x03d8d46b5eabe552b75eb876da2f9ae78a296d14d79e4d5ce0feab7889b72483,ETH,5min,2026-08-03T00:10:00+00:00,180,179.6,0.505,Up,0.1,87.88,0.09,16541.71,90,Down,0
2026-08-03T00:07:00+00:00,sol-updown-15m-1785715200,3278009,0x28b838f5c754c1fc1503bca2f9db52aa8fc9ef29567aa92d4c3b005f92acc147,SOL,15min,2026-08-03T00:15:00+00:00,480,479.5,0.335,Down,0.97,1365.47,0.96,1365.47,3,Down,1
2026-08-03T00:10:00+00:00,eth-updown-15m-1785715200,3278010,0x215662d57e7a8bab47502a75b535e006f0afb5d00660c6e06e63766f8c97ed9e,ETH,15min,2026-08-03T00:15:00+00:00,300,299.9,0.0105,Down,0.99,2807.73,0.987,2807.73,5,Down,1
2026-08-03T00:11:00+00:00,sol-updown-5m-1785715800,3278069,0xe2a3becb6ca6fdadab2ec5009fa19aca204db2f6761aa67b7a001aa06f84f495,SOL,5min,2026-08-03T00:15:00+00:00,240,239.9,0.505,Up,0.42,41.19,0.41,16437.37,58,Down,0
2026-08-03T00:12:00+00:00,eth-updown-5m-1785715800,3278070,0xdcda9a6a591f58cf7ae3bfeab3ca04fd92acf68470a72380017b4c56f2954c10,ETH,5min,2026-08-03T00:15:00+00:00,180,179.9,0.495,Down,0.66,113.22,0.65,16559.26,34,Down,1
2026-08-03T00:14:00+00:00,btc-updown-15m-1785715200,3278001,0xdd25208c479feadcd7a3c22cf2e0dc64bde7d21b82ecff0c163c06af2f3e11a2,BTC,15min,2026-08-03T00:15:00+00:00,60,59.9,0.0005,Down,,0,0.999,0,0,Down,1
2026-08-03T00:16:00+00:00,sol-updown-5m-1785716100,3278102,0x6ea15d585c56b3331016d3f62a77f617b7eae7158b7605aa5612857e4952dda9,SOL,5min,2026-08-03T00:20:00+00:00,240,239.9,0.495,Down,0.37,40.68,0.36,16000.75,63,Down,1
2026-08-03T00:17:00+00:00,eth-updown-5m-1785716100,3278091,0x704f8bf081b1b55ba3ea00cc40f666e31ec33612d6567d16a213161abe0665a3,ETH,5min,2026-08-03T00:20:00+00:00,180,179.5,0.495,Down,0.47,107.68,0.46,17139.24,53,Down,1
2026-08-03T00:17:00+00:00,xrp-updown-15m-1785716100,3278093,0x72a607b952605b0cb6dc99535071039ed0b6fb33980c3d07b77745c6f0fce006,XRP,15min,2026-08-03T00:30:00+00:00,780,779.4,0.555,Up,0.55,57.02,0.54,9871.02,21,Down,0
2026-08-03T00:21:00+00:00,sol-updown-5m-1785716400,3278106,0x51f4a79ce5d87bfacfc68cecca679c3a4efb8ab57bcf0e434053f4dd840ccd6e,SOL,5min,2026-08-03T00:25:00+00:00,240,239.9,0.505,Up,0.34,19.97,0.33,17155.54,66,Down,0
2026-08-03T00:22:00+00:00,eth-updown-5m-1785716400,3278111,0x80e9d75c141f21d5d802ef3b2a9d9735069c53431a4952bc1955d2b27cb46ac3,ETH,5min,2026-08-03T00:25:00+00:00,180,179.7,0.545,Up,0.9,1910.06,0.89,12080.75,10,Down,0
2026-08-03T00:22:00+00:00,sol-updown-15m-1785716100,3278099,0x16ec6e43852bcfafb42fd4e1d49fe1c60f7f0f9ba795e4d34edc3ccdcd4f9cff,SOL,15min,2026-08-03T00:30:00+00:00,480,479.6,0.395,Down,0.58,78.86,0.57,10367.91,42,Down,1
2026-08-03T00:25:00+00:00,eth-updown-15m-1785716100,3278096,0x83dd493fa1303e6f5f23ce77b05e8fb5eed772e62d90c37f40cf7c40da6bc7b1,ETH,15min,2026-08-03T00:30:00+00:00,300,299.9,0.265,Down,0.82,233.85,0.81,11177.44,18,Down,1
2026-08-03T00:26:00+00:00,sol-updown-5m-1785716700,3278162,0xab03e51d51ffaab2e916243054e1f249ab9b8f8a184dda826cf4bf15dfa677f5,SOL,5min,2026-08-03T00:30:00+00:00,240,239.9,0.505,Up,0.29,15.8,0.27,13699.12,61,Down,0
2026-08-03T00:27:00+00:00,eth-updown-5m-1785716700,3278160,0xcd2bf0bf0f20a422c8eb58c37e8c4c65d662034afcf3f280ff1c7c7f9b6be70d,ETH,5min,2026-08-03T00:30:00+00:00,180,179.9,0.505,Up,0.46,86.58,0.45,14264.2,48,Down,0
2026-08-03T00:29:00+00:00,btc-updown-15m-1785716100,3278098,0x059fd7d3047815fdf61875591ff06b222a996ef47c713953962326c0e3b831ef,BTC,15min,2026-08-03T00:30:00+00:00,60,59.9,0.015,Down,,0,0.99,0,0,Down,1
2026-08-03T00:31:00+00:00,sol-updown-5m-1785717000,3278173,0x893a5da813d25ef87367970eb9a70d9fff268d4d4b4d15354a6b856b2923c22a,SOL,5min,2026-08-03T00:35:00+00:00,240,239.9,0.505,Up,0.42,30.53,0.4,15829.0,58,Up,1
2026-08-03T00:32:00+00:00,eth-updown-5m-1785717000,3278184,0xfc4a7e3ece1072ee4042b2d96d657c08c664013d906d585ccdfc2924adcf8cbd,ETH,5min,2026-08-03T00:35:00+00:00,180,179.7,0.525,Up,0.71,148.4,0.7,15426.67,29,Up,1
2026-08-03T00:32:00+00:00,xrp-updown-15m-1785717000,3278178,0x0bb23fd9df0180c4bd3cad2d0c2bdd0c9e16b9f7f54d0245fb74fc85fac00713,XRP,15min,2026-08-03T00:45:00+00:00,780,779.5,0.525,Up,0.51,56.11,0.5,10175.17,26,Down,0
2026-08-03T00:36:00+00:00,sol-updown-5m-1785717300,3278250,0xd0138cd2dd28676aa6698530186f59a27146925e097eeb3e2aaef386d75f8efc,SOL,5min,2026-08-03T00:40:00+00:00,240,239.9,0.505,Up,0.41,45.24,0.4,16494.12,59,Up,1
2026-08-03T00:37:00+00:00,eth-updown-5m-1785717300,3278252,0x4559ca77025ead9620fa98b38c084dd5fcb49cbe9b4d904ec3c0dffb7f610fc6,ETH,5min,2026-08-03T00:40:00+00:00,180,179.7,0.505,Up,0.32,71.99,0.31,16985.57,68,Up,1
2026-08-03T00:37:00+00:00,sol-updown-15m-1785717000,3278183,0x48909d3c76139f733467be72d61bed32527eb784969fe504b94b6dae91747dee,SOL,15min,2026-08-03T00:45:00+00:00,480,479.6,0.63,Up,0.75,268.39,0.74,11468.27,25,Down,0
2026-08-03T00:40:00+00:00,eth-updown-15m-1785717000,3278180,0x610c7c1d838d9b6fd02fddf77ccb523cea24f161e6846f3c3ba3b2662d25a12c,ETH,15min,2026-08-03T00:45:00+00:00,300,299.9,0.875,Up,0.97,5970.6,0.96,5970.6,3,Up,1
2026-08-03T00:40:00+00:00,ethereum-up-or-down-august-2-2026-8pm-et,3251971,0x14cc342b3e708dd7040a9d1dde648d66dbd5722c6d2a272cb4c095098d870a88,ETH,60min,2026-08-03T01:00:00+00:00,1200,1199.7,0.035,Down,0.978,3534.28,0.96,3534.28,9,Down,1
2026-08-03T00:41:00+00:00,sol-updown-5m-1785717600,3278309,0xb4566b09ae3831cf2b95f06dad99e718012660d7774b86aa7db381d54396d3f2,SOL,5min,2026-08-03T00:45:00+00:00,240,239.8,0.505,Up,0.61,99.37,0.6,15947.37,39,Down,0
2026-08-03T00:42:00+00:00,eth-updown-5m-1785717600,3278312,0xaf3338280f2687f3e15c1e4ada56b6ce6913c9f9b20f10652a6399273f8c7ace,ETH,5min,2026-08-03T00:45:00+00:00,180,179.9,0.525,Up,0.18,30.51,0.17,17036.5,82,Down,0
2026-08-03T00:44:00+00:00,btc-updown-15m-1785717000,3278182,0x41dc69500d3fa6d9a6f33a7f39690a256e7e71c7cf29fac19dad8a8ac8e2bb41,BTC,15min,2026-08-03T00:45:00+00:00,60,59.9,0.996,Up,0.998,3260.72,0.997,3260.72,2,Up,1
2026-08-03T00:46:00+00:00,sol-updown-5m-1785717900,3278332,0x8f2391b951434b3126b8652fa41c1151f2b0c308f46034c7a3c671fab08e8e77,SOL,5min,2026-08-03T00:50:00+00:00,240,239.9,0.505,Up,0.62,97.78,0.61,15902.76,38,Up,1
2026-08-03T00:47:00+00:00,eth-updown-5m-1785717900,3278330,0xcf182bdb41255a8bc74f814701e1c78a19e5fc38067a3e6486db5d9d3040bb63,ETH,5min,2026-08-03T00:50:00+00:00,180,179.7,0.485,Down,0.8,204.44,0.79,13492.23,20,Down,1
2026-08-03T00:47:00+00:00,xrp-updown-15m-1785717900,3278329,0x54452af67d6c8d2df46cf5d298a03fdae60879193dbf637425e2e885dcc540fd,XRP,15min,2026-08-03T01:00:00+00:00,780,779.6,0.405,Down,0.75,146.37,0.74,9956.6,19,Down,1
2026-08-03T00:51:00+00:00,sol-updown-5m-1785718200,3278344,0x64953a1867012d3a6f52e8d9306d283b072b2f04f0c6e0a66e150b05c81ff4f9,SOL,5min,2026-08-03T00:55:00+00:00,240,239.9,0.415,Down,0.58,134.73,0.57,17735.64,42,Down,1
2026-08-03T00:52:00+00:00,eth-updown-5m-1785718200,3278345,0xadbc3257a6f9f1a16260cffd7205cc0d362a59cd57ee42f314d533efebff2fc9,ETH,5min,2026-08-03T00:55:00+00:00,180,179.8,0.385,Down,0.69,271.05,0.68,16183.95,31,Down,1
2026-08-03T00:52:00+00:00,sol-updown-15m-1785717900,3278327,0xa5a729ed021ca751a4f7e6e3e0acb52f576fc435be919c5b5155b10396ee5784,SOL,15min,2026-08-03T01:00:00+00:00,480,479.7,0.39,Down,0.63,35.78,0.62,11059.85,35,Down,1
2026-08-03T00:55:00+00:00,eth-updown-15m-1785717900,3278335,0xe8dd476fb7dcd9ec7fcca96bcb65ebe975a117f75044cd801cf15d0c7af1e99f,ETH,15min,2026-08-03T01:00:00+00:00,300,299.9,0.14,Down,0.81,253.79,0.8,9500.49,19,Down,1
2026-08-03T00:56:00+00:00,sol-updown-5m-1785718500,3278361,0xe149f73ed7b4edfe86a1ccf7d3372a94bd28b766576a4e22bdaec42be339ef8a,SOL,5min,2026-08-03T01:00:00+00:00,240,239.9,0.535,Up,0.58,86.47,0.57,16334.4,42,Up,1
2026-08-03T00:57:00+00:00,eth-updown-5m-1785718500,3278364,0x031ccf52c55b670f17b5f7083c0b49761ab99edfbc6561360b86a84a84944967,ETH,5min,2026-08-03T01:00:00+00:00,180,179.9,0.505,Up,0.8,581.03,0.79,14922.52,20,Up,1
2026-08-03T00:59:00+00:00,btc-updown-15m-1785717900,3278323,0x42e3decc00ddd346ef8a41f2cd2f6afbfd6d8b6b477ec345c4cdf57254816735,BTC,15min,2026-08-03T01:00:00+00:00,60,59.9,0.325,Down,0.95,7134.35,0.94,7134.35,5,Down,1
2026-08-03T01:01:00+00:00,sol-updown-5m-1785718800,3278529,0xaecdf222b16a84a9029d08ed76e8ba28e5edd86e5ad1c964c91fa0aa867424a7,SOL,5min,2026-08-03T01:05:00+00:00,240,239.9,0.505,Up,0.11,12.78,0.1,17061.45,89,Up,1
2026-08-03T01:02:00+00:00,eth-updown-5m-1785718800,3278526,0x7ab1417c240f51e4889bcfdc97cd0885657fb5c81f08a07e371b6bba6d1a5b84,ETH,5min,2026-08-03T01:05:00+00:00,180,179.6,0.505,Up,0.49,94.42,0.48,17576.95,51,Up,1
2026-08-03T01:02:00+00:00,xrp-updown-15m-1785718800,3278530,0x8737c2167c9c82f7162de9971125c49e761e871aa41d63b73513c6354709a8d4,XRP,15min,2026-08-03T01:15:00+00:00,780,779.5,0.5,Up,0.4,21.41,0.38,9448.4,16,Down,0
2026-08-03T01:06:00+00:00,sol-updown-5m-1785719100,3278543,0x3193cdc8dfe6b9062d5f77b79786a467c6cf6eb2dc907259f585755f833be3e4,SOL,5min,2026-08-03T01:10:00+00:00,240,239.9,0.505,Up,0.55,75.84,0.54,16824.67,45,Down,0
2026-08-03T01:07:00+00:00,eth-updown-5m-1785719100,3278542,0x40366124b98789041f45f78469e7660284b29e1df81c56d2a3891d5035c8f7ef,ETH,5min,2026-08-03T01:10:00+00:00,180,179.7,0.505,Up,0.11,52.08,0.1,16971.11,89,Down,0
2026-08-03T01:07:00+00:00,sol-updown-15m-1785718800,3278528,0x77b4fffdf66efdbb9b24de93a9d3077dab945fae071db5267dbca982b4e9a1a7,SOL,15min,2026-08-03T01:15:00+00:00,480,479.7,0.54,Up,0.36,68.38,0.35,10979.51,64,Down,0
2026-08-03T01:10:00+00:00,eth-updown-15m-1785718800,3278523,0x639bbd6044ef397b39acd81936275f5d5bb69eb59f80c2b259420d57e5a740f5,ETH,15min,2026-08-03T01:15:00+00:00,300,299.9,0.175,Down,0.61,205.06,0.6,11005.83,39,Down,1
2026-08-03T01:11:00+00:00,sol-updown-5m-1785719400,3278587,0xc110ea4807e2e1064d239a245861afb47535e32a74883f60db4ee6abf0afddd6,SOL,5min,2026-08-03T01:15:00+00:00,240,239.9,0.505,Up,0.38,49.4,0.37,17775.49,62,Down,0
2026-08-03T01:12:00+00:00,eth-updown-5m-1785719400,3278586,0x45dd17a37891ba44742d247002569f3634a91f8c776f15d3f8b2602d9ac57114,ETH,5min,2026-08-03T01:15:00+00:00,180,179.9,0.505,Up,0.65,208.7,0.64,16673.44,35,Down,0
2026-08-03T01:14:00+00:00,btc-updown-15m-1785718800,3278525,0x74dc8a1ade1f908da6c693381b1bf2d6493fa638cd4ca6413dee1b79861de3fe,BTC,15min,2026-08-03T01:15:00+00:00,60,59.9,0.195,Down,,0,0.99,0,0,Down,1
2026-08-03T01:16:00+00:00,sol-updown-5m-1785719700,3278594,0xbaa93219211cf571a74ea8a113fab02abf4817fa04d88512e9b8ed0e6f09ce5f,SOL,5min,2026-08-03T01:20:00+00:00,240,239.9,0.515,Up,0.42,68.42,0.4,17378.1,58,Down,0
2026-08-03T01:17:00+00:00,eth-updown-5m-1785719700,3278603,0x232d308863b506b0236bc0a2371a4b328ccc2bc8667be29ead990a8b1c2422d4,ETH,5min,2026-08-03T01:20:00+00:00,180,179.7,0.505,Up,0.58,192.28,0.57,17501.02,42,Down,0
2026-08-03T01:17:00+00:00,xrp-updown-15m-1785719700,3278595,0xc0fc82a66c9cdc1a16a03f6814a6d125935453deb4e024049d3c13ee7b6eb907,XRP,15min,2026-08-03T01:30:00+00:00,780,779.6,0.365,Down,0.6,183.4,0.59,10345.96,27,Down,1
2026-08-03T01:21:00+00:00,sol-updown-5m-1785720000,3278609,0x5562ac6affe73ca93246f4805e393c46e8b2bf94d8cc65b7c0bec41fb21ca519,SOL,5min,2026-08-03T01:25:00+00:00,240,239.9,0.505,Up,0.17,23.12,0.16,17413.66,81,Down,0
2026-08-03T01:22:00+00:00,eth-updown-5m-1785720000,3278611,0x3a75a1e06188defed2b3aa79f6c06e93307965ebf683e4a2591d6c9975ae2757,ETH,5min,2026-08-03T01:25:00+00:00,180,179.8,0.525,Up,0.2,79.93,0.19,16779.16,80,Down,0
2026-08-03T01:22:00+00:00,sol-updown-15m-1785719700,3278599,0x95de2fe272fc97671aa8fea24660085e6a87fdac995a3fa1e74fa6917701c9a8,SOL,15min,2026-08-03T01:30:00+00:00,480,479.7,0.475,Down,0.76,287.43,0.75,11203.87,24,Down,1
2026-08-03T01:25:00+00:00,eth-updown-15m-1785719700,3278590,0x2f53623b6d7d60dcc30c4cde7d958a6bad7d0ce86ad6518b8b48067db884ec17,ETH,15min,2026-08-03T01:30:00+00:00,300,299.9,0.235,Down,0.68,186.6,0.67,11123.82,31,Down,1
2026-08-03T01:26:00+00:00,sol-updown-5m-1785720300,3278683,0x70e14499a25a847ca8bee62f79d15c42506698f9315dfb29ef1b9869ef74b528,SOL,5min,2026-08-03T01:30:00+00:00,240,239.8,0.505,Up,0.84,573.61,0.82,13199.29,16,Down,0
2026-08-03T01:27:00+00:00,eth-updown-5m-1785720300,3278685,0x61c24223c934a63c2d9d35fb1a0180438616b7503d2ad5f9273fed9e426d677f,ETH,5min,2026-08-03T01:30:00+00:00,180,179.9,0.525,Up,0.35,34.14,0.34,15740.26,64,Down,0
2026-08-03T01:29:00+00:00,btc-updown-15m-1785719700,3278597,0x95a2acb1369d73f810717eafbdbb3438324b7311c19fcf3e0d6e79631b8de76a,BTC,15min,2026-08-03T01:30:00+00:00,60,59.9,0.785,Up,0.03,13.71,0.02,11216.52,78,Down,0
2026-08-03T01:31:00+00:00,sol-updown-5m-1785720600,3278693,0x772b3786743e5a5768c45d4bc90358eac261ce8119630b829e037fa6a2d39765,SOL,5min,2026-08-03T01:35:00+00:00,240,239.9,0.505,Up,0.73,92.57,0.72,13473.85,27,Down,0
2026-08-03T01:32:00+00:00,eth-updown-5m-1785720600,3278703,0xdcace76397c9bd63c461962390924a121663effdf4beb21d232bbf08b6c09c33,ETH,5min,2026-08-03T01:35:00+00:00,180,179.6,0.535,Up,0.83,173.97,0.82,11440.21,17,Up,1
2026-08-03T01:32:00+00:00,xrp-updown-15m-1785720600,3278696,0xa9f60185022fa9c763776863022717770fd34aaf6f53cbeec1e6cfc4e266f52d,XRP,15min,2026-08-03T01:45:00+00:00,780,779.5,0.505,Up,0.71,173.73,0.69,10110.19,21,Up,1
2026-08-03T01:36:00+00:00,sol-updown-5m-1785720900,3278751,0x431f0e8b69de25a7bc97bd6ef75b6b06c6b351ed8dbc607335b6ea11c69ba5ff,SOL,5min,2026-08-03T01:40:00+00:00,240,239.9,0.445,Down,0.58,62.23,0.57,14891.79,39,Down,1
2026-08-03T01:37:00+00:00,eth-updown-5m-1785720900,3278749,0x428177ed4a2359437c003a70f22a9159a241784c523533eb3f5401b29b217c9e,ETH,5min,2026-08-03T01:40:00+00:00,180,179.8,0.515,Up,0.16,89.98,0.15,19242.74,84,Down,0
2026-08-03T01:37:00+00:00,sol-updown-15m-1785720600,3278702,0xa3b9c45253fc8818fe6100b7bdc1236e4c4407483f997bbd0da3d965ecfcaff1,SOL,15min,2026-08-03T01:45:00+00:00,480,479.7,0.325,Down,0.67,91.18,0.66,9998.31,28,Down,1
2026-08-03T01:40:00+00:00,eth-updown-15m-1785720600,3278701,0xe4249fccd13ea4423e3c3c6b9dc94d9699856fb71f70630a9b50ad041bc1be33,ETH,15min,2026-08-03T01:45:00+00:00,300,299.9,0.575,Up,0.28,78.14,0.26,10159.97,68,Down,0
2026-08-03T01:40:00+00:00,ethereum-up-or-down-august-2-2026-9pm-et,3252325,0x7312c457f16a6409e64fc97a56f13da7dd16f71a2365a066b3801084eba1e54f,ETH,60min,2026-08-03T02:00:00+00:00,1200,1199.8,0.105,Down,0.9,1159.46,0.89,8073.16,10,Down,1
2026-08-03T01:41:00+00:00,sol-updown-5m-1785721200,3278761,0xc59c425dd4f7fa2a39766bb72d5a2ad41da601799e5cde8749c62a5bccae8419,SOL,5min,2026-08-03T01:45:00+00:00,240,239.8,0.505,Up,0.33,53.3,0.32,15917.96,67,Up,1
2026-08-03T01:42:00+00:00,eth-updown-5m-1785721200,3278759,0xa7a4e7de41004ced67110df8310b981e722e5bc3f9a3da5cd1e1230d99fb91ce,ETH,5min,2026-08-03T01:45:00+00:00,180,179.9,0.505,Up,0.82,560.12,0.81,7198.22,18,Up,1
2026-08-03T01:44:00+00:00,btc-updown-15m-1785720600,3278699,0xa3c3040f09a2413a023861bf60eb2a52bc8212f97241600f8e88c7209e39be9b,BTC,15min,2026-08-03T01:45:00+00:00,60,59.9,0.745,Up,0.99,426.48,0.981,426.48,4,Up,1
2026-08-03T01:46:00+00:00,sol-updown-5m-1785721500,3278771,0x92f29ab8551983f671be0fc071b2c8b347953b0f0c19daf45036b8f0ed929916,SOL,5min,2026-08-03T01:50:00+00:00,240,239.9,0.535,Up,0.54,116.16,0.53,16306.4,46,Down,0
2026-08-03T01:47:00+00:00,eth-updown-5m-1785721500,3278782,0xb1a3fd8a16dfd3144431c3ecd159c0d1623f52c0896bfd6eb28bafe8ae231cbb,ETH,5min,2026-08-03T01:50:00+00:00,180,179.7,0.505,Up,0.51,133.32,0.5,19114.8,49,Down,0
2026-08-03T01:47:00+00:00,xrp-updown-15m-1785721500,3278778,0x6e3f567fbb3f7f8fd684ff975b2da15642e8eefcbfc001e864b1190bbcf34584,XRP,15min,2026-08-03T02:00:00+00:00,780,779.6,0.505,Up,0.4,54.0,0.39,9938.65,22,Down,0
2026-08-03T01:51:00+00:00,sol-updown-5m-1785721800,3278793,0xc9d673b9609f6b692fa0747b690eaa5ecf32ad0d1fefd7fdbfd5cc2b34008925,SOL,5min,2026-08-03T01:55:00+00:00,240,239.9,0.505,Up,0.52,110.5,0.51,7647.28,48,Down,0
2026-08-03T01:52:00+00:00,eth-updown-5m-1785721800,3278790,0x4ead51e56a0320ba95ad84eab52bbba5052cd5237d2306307e6de2ecfc405c1b,ETH,5min,2026-08-03T01:55:00+00:00,180,179.7,0.525,Up,0.38,167.98,0.37,10845.37,62,Down,0
2026-08-03T01:52:00+00:00,sol-updown-15m-1785721500,3278781,0x8b99172ff4147163d9189351cc9dd61da8478be2576482797e28ab841d9f2d9f,SOL,15min,2026-08-03T02:00:00+00:00,480,479.6,0.535,Up,0.23,56.23,0.22,10976.96,77,Down,0
2026-08-03T01:55:00+00:00,eth-updown-15m-1785721500,3278775,0x431754c7ee821b0c93bfee68725cd7232c655ffc22347231979e6782fc8fd311,ETH,15min,2026-08-03T02:00:00+00:00,300,299.9,0.385,Down,0.97,7124.65,0.96,7124.65,3,Down,1
2026-08-03T01:56:00+00:00,sol-updown-5m-1785722100,3278803,0x5bd5e7de9452e2e3c89a1b20e76874108a8dda102e6f778bf52274b236667d66,SOL,5min,2026-08-03T02:00:00+00:00,240,239.9,0.505,Up,0.57,95.73,0.56,16188.32,43,Up,1
2026-08-03T01:57:00+00:00,eth-updown-5m-1785722100,3278806,0x0ab29b1cc7fa0e1791ae471a2d448e2f6f5bc43194572ccfc91e37e938532de1,ETH,5min,2026-08-03T02:00:00+00:00,180,179.9,0.505,Up,0.89,1747.39,0.88,13503.61,11,Up,1
2026-08-03T01:59:00+00:00,btc-updown-15m-1785721500,3278774,0xdf01f6fc5577b6505ff84ad496d25ece61a87695bd76aff26b5f6715f29662ba,BTC,15min,2026-08-03T02:00:00+00:00,60,59.9,0.075,Down,0.61,88.52,0.6,9220.49,32,Down,1
2026-08-03T02:01:00+00:00,sol-updown-5m-1785722400,3278848,0xd799a49a612cb786ac5c423ab70c3f13faefc3de09cd49afc365bfae368dc8cc,SOL,5min,2026-08-03T02:05:00+00:00,240,239.9,0.505,Up,0.26,26.14,0.25,17163.59,73,Up,1
2026-08-03T02:02:00+00:00,eth-updown-5m-1785722400,3278838,0x47d44a46b0bd406b657eb77f291dc9d95cc62335c804ecbd755c996e82bd75de,ETH,5min,2026-08-03T02:05:00+00:00,180,179.7,0.525,Up,0.17,108.6,0.16,18782.52,83,Up,1
2026-08-03T02:02:00+00:00,xrp-updown-15m-1785722400,3278847,0x35d5f0bd51658e40b362f0ec12d7d30c7cd7ff2eb09a6ebd4c064547c037aadd,XRP,15min,2026-08-03T02:15:00+00:00,780,779.6,0.525,Up,0.27,28.27,0.26,9882.6,24,Down,0
2026-08-03T02:06:00+00:00,sol-updown-5m-1785722700,3278857,0x51599fc34e408446faabf9b8a18e6b10121a35e880f31e1ec01a8747d3b8948f,SOL,5min,2026-08-03T02:10:00+00:00,240,239.9,0.505,Up,0.34,25.25,0.33,16305.36,66,Down,0
2026-08-03T02:07:00+00:00,eth-updown-5m-1785722700,3278859,0xcb8b233ce22684791f5ead286b97287cf7bc00987400b763e8dc96c0b966af4a,ETH,5min,2026-08-03T02:10:00+00:00,180,179.8,0.525,Up,0.29,53.83,0.28,19128.46,70,Down,0
2026-08-03T02:07:00+00:00,sol-updown-15m-1785722400,3278846,0x8de10f8120c04d7c00d6e69197eba641d5718f689f58ef68e5a0e559a4456888,SOL,15min,2026-08-03T02:15:00+00:00,480,479.7,0.565,Up,0.57,52.24,0.56,9675.1,26,Down,0
2026-08-03T02:10:00+00:00,eth-updown-15m-1785722400,3278839,0x66982dbb784274d8964adc6ddd213f5ee7854b053e2fe02b63c8afe3dc99e2fd,ETH,15min,2026-08-03T02:15:00+00:00,300,299.9,0.485,Down,0.64,141.98,0.63,11963.16,36,Down,1
2026-08-03T02:11:00+00:00,sol-updown-5m-1785723000,3278942,0x5ac942a7f01abb2accfe8c890601e591aa85ac7933d04a4406cae96e4e547291,SOL,5min,2026-08-03T02:15:00+00:00,240,239.8,0.505,Up,0.32,55.71,0.3,17773.36,68,Up,1
2026-08-03T02:12:00+00:00,eth-updown-5m-1785723000,3278944,0xefef44279eddb7b08bf90d4a309eb87a64e466f8b553f575973ae95249038a9b,ETH,5min,2026-08-03T02:15:00+00:00,180,179.9,0.515,Up,0.45,49.57,0.44,18569.85,54,Down,0
2026-08-03T02:14:00+00:00,btc-updown-15m-1785722400,3278840,0xd9a89e69d608c077a5c737d433f1e188b1d64bbb9ed271238b66dc06b1f86b4b,BTC,15min,2026-08-03T02:15:00+00:00,60,59.9,0.025,Down,0.94,6274.98,0.93,6274.98,6,Down,1
2026-08-03T02:16:00+00:00,sol-updown-5m-1785723300,3278957,0x08a13453eacdb841e2480a507d32c4791115fecaafa083825f3ab47d8dba9a5d,SOL,5min,2026-08-03T02:20:00+00:00,240,239.9,0.505,Up,0.49,77.55,0.48,16082.54,51,Up,1
2026-08-03T02:17:00+00:00,eth-updown-5m-1785723300,3278959,0xa9589bad25b9f6fc04fa63c595360fe53e7e62eed23d472689b543e648958939,ETH,5min,2026-08-03T02:20:00+00:00,180,179.7,0.505,Up,0.52,86.95,0.51,19042.5,48,Up,1
2026-08-03T02:17:00+00:00,xrp-updown-15m-1785723300,3278951,0x1cb5fea7d5b9d66585f73a11b9de66d3c7e0a66c59e33bf829acd8e0ca16e6a4,XRP,15min,2026-08-03T02:30:00+00:00,780,779.6,0.575,Up,0.57,77.58,0.56,10000.3,19,Down,0
2026-08-03T02:21:00+00:00,sol-updown-5m-1785723600,3278972,0xdea8976aaec919cec5ce214ee69431dab7c026e7fa1036cf843b06bd0b41656c,SOL,5min,2026-08-03T02:25:00+00:00,240,239.9,0.495,Down,0.16,21.29,0.15,16961.37,84,Up,0
2026-08-03T02:22:00+00:00,eth-updown-5m-1785723600,3278973,0x646f1689156a320549e070a875b92755449692946052fe433e1b16c4bb471151,ETH,5min,2026-08-03T02:25:00+00:00,180,179.8,0.505,Up,0.67,140.35,0.66,16639.47,32,Down,0
2026-08-03T02:22:00+00:00,sol-updown-15m-1785723300,3278948,0x036b41153867f479039e0a15137777aea76cb8b247a5b5ca95a1e569c0a11e8c,SOL,15min,2026-08-03T02:30:00+00:00,480,479.7,0.835,Up,0.93,1295.13,0.92,7032.92,7,Down,0
2026-08-03T02:25:00+00:00,eth-updown-15m-1785723300,3278949,0x991b24cea1dbe497e5fba6522e2bd137f877ec1b0371b20ae85d442a5b509308,ETH,15min,2026-08-03T02:30:00+00:00,300,299.9,0.975,Up,0.979,7976.87,0.97,7976.87,7,Down,0
2026-08-03T02:26:00+00:00,sol-updown-5m-1785723900,3279024,0x26e5ce5cb4052e9fd89111cda5249694188d4f661bbd3b49cd0a4566605fc575,SOL,5min,2026-08-03T02:30:00+00:00,240,239.9,0.495,Down,0.53,58.9,0.52,16698.14,47,Down,1
2026-08-03T02:27:00+00:00,eth-updown-5m-1785723900,3279022,0x6116c8081dc8eb320b98f04f0e2b93bf9583149aeeaf6e47233309b00bd620f5,ETH,5min,2026-08-03T02:30:00+00:00,180,179.9,0.475,Down,0.47,212.85,0.46,18422.37,53,Down,1
2026-08-03T02:29:00+00:00,btc-updown-15m-1785723300,3278960,0x101f7cd073f71b816b9a585db191ed0b9b21f07f58c75bf8a12510703485012b,BTC,15min,2026-08-03T02:30:00+00:00,60,59.9,0.705,Up,0.008,41.04,0.006,9178.0,92,Down,0
2026-08-03T02:31:00+00:00,sol-updown-5m-1785724200,3279031,0x15610393902d73bc75b3ca270fdf2e86ecea48aa5e8cde562dd2c08e83dc9d36,SOL,5min,2026-08-03T02:35:00+00:00,240,239.9,0.505,Up,0.62,26.8,0.61,15288.05,38,Up,1
2026-08-03T02:32:00+00:00,eth-updown-5m-1785724200,3279029,0x6e00b1a583b99d231c541d333fc233d45add93bc49cfa4d6290870567a676b24,ETH,5min,2026-08-03T02:35:00+00:00,180,179.7,0.505,Up,0.59,85.57,0.58,9271.23,41,Up,1
2026-08-03T02:32:00+00:00,xrp-updown-15m-1785724200,3279033,0x2f9624e70b3fcc96f73faf2af4c0cd67053ad1fb9ab52dd866f14019525a965a,XRP,15min,2026-08-03T02:45:00+00:00,780,779.6,0.5,Up,0.66,131.87,0.65,1058.52,20,Up,1
2026-08-03T02:36:00+00:00,sol-updown-5m-1785724500,3279082,0x619a4c6f0d2c190a4ee7254ba8ef93af096405ef3362e49468a8c24d574c2baa,SOL,5min,2026-08-03T02:40:00+00:00,240,239.9,0.505,Up,0.64,160.24,0.63,16290.95,36,Up,1
2026-08-03T02:37:00+00:00,eth-updown-5m-1785724500,3279080,0xd079064932ff68538bb1f1badb2e151836c15d1c3d2a2ebb9a393b11d2795a90,ETH,5min,2026-08-03T02:40:00+00:00,180,179.8,0.505,Up,0.43,84.42,0.42,18510.64,57,Up,1
2026-08-03T02:37:00+00:00,sol-updown-15m-1785724200,3279037,0xf85777792e6cd2b67b2051a374ccf61ca8e55f1e5eb8ecccb472c43f389d1282,SOL,15min,2026-08-03T02:45:00+00:00,480,479.7,0.635,Up,0.83,341.18,0.82,3121.97,17,Up,1
2026-08-03T02:40:00+00:00,eth-updown-15m-1785724200,3279027,0x88fc08c59f9c375d425dd1afd579595403dd9924d84cd47c64dc735d78946ebc,ETH,15min,2026-08-03T02:45:00+00:00,300,299.9,0.845,Up,0.93,874.71,0.92,1533.48,7,Up,1
2026-08-03T02:40:00+00:00,ethereum-up-or-down-august-2-2026-10pm-et,3252872,0xcd873249feadda4c3120e96041273747adc10480e52d567e81e22f9e802416b6,ETH,60min,2026-08-03T03:00:00+00:00,1200,1199.8,0.545,Up,0.6,409.76,0.59,21550.65,23,Down,0
2026-08-03T02:41:00+00:00,sol-updown-5m-1785724800,3279226,0x4a6753f2b2e33fe5c406cc20549b269eea181b52c0fe5bee290315238f252be6,SOL,5min,2026-08-03T02:45:00+00:00,240,239.8,0.5,Up,0.61,117.81,0.58,17007.0,39,Down,0
2026-08-03T02:42:00+00:00,eth-updown-5m-1785724800,3279223,0x12b240ba65c7353b4539ad2ac2a3f44527a74ddee50c4df0138615976273f582,ETH,5min,2026-08-03T02:45:00+00:00,180,179.9,0.505,Up,0.69,130.47,0.68,18721.91,31,Down,0
2026-08-03T02:44:00+00:00,btc-updown-15m-1785724200,3279039,0xbe8784b9d50f6d6022115ba01c809c6870feac45e4c6be3b59878289148b3e75,BTC,15min,2026-08-03T02:45:00+00:00,60,59.9,0.985,Up,0.999,169.83,0.996,169.83,1,Up,1
2026-08-03T02:46:00+00:00,sol-updown-5m-1785725100,3279241,0x53b011d16e2e3bb9aca5fe4a89f54fa656d30f61d624ccd517f47eb8085e40e5,SOL,5min,2026-08-03T02:50:00+00:00,240,239.9,0.495,Down,0.45,55.3,0.44,16808.14,54,Up,0
2026-08-03T02:47:00+00:00,eth-updown-5m-1785725100,3279238,0xc21588ed988cf82ac1f31675b4f5916e5dde4045487b478283c1d2931aaf0adb,ETH,5min,2026-08-03T02:50:00+00:00,180,179.7,0.505,Up,0.55,81.15,0.54,18779.25,45,Down,0
2026-08-03T02:47:00+00:00,xrp-updown-15m-1785725100,3279240,0x78cceec1ca05d9366a8f5f4b19de5d4725fc6a678175746c8dbe1327e623ab81,XRP,15min,2026-08-03T03:00:00+00:00,780,779.6,0.465,Down,0.48,47.78,0.47,9980.1,26,Down,1
2026-08-03T02:51:00+00:00,sol-updown-5m-1785725400,3279249,0xd1340e28eaf3cdfb5a1afb62fc278d77bb42288b17914ff3e78775c721364175,SOL,5min,2026-08-03T02:55:00+00:00,240,239.9,0.495,Down,0.43,26.28,0.41,16973.65,57,Down,1
2026-08-03T02:52:00+00:00,eth-updown-5m-1785725400,3279253,0xcf1c1290898cb058fe9b2cd99747f140b5c4ea0f81bf614d185a5a5d645f888c,ETH,5min,2026-08-03T02:55:00+00:00,180,179.8,0.505,Up,0.4,126.53,0.39,18497.27,60,Down,0
2026-08-03T02:52:00+00:00,sol-updown-15m-1785725100,3279242,0x9c15985306807be6e59a66a01a65d3bcb1e5a20377180c7a8c10236218409486,SOL,15min,2026-08-03T03:00:00+00:00,480,479.7,0.535,Up,0.43,78.17,0.42,11090.16,57,Down,0
2026-08-03T02:55:00+00:00,eth-updown-15m-1785725100,3279237,0xa268e46fc4ec2bd3297b5acc2493c29c7c783de7b91398941252ff45ca0a8395,ETH,15min,2026-08-03T03:00:00+00:00,300,299.9,0.375,Down,0.94,1295.99,0.93,1295.99,6,Down,1
2026-08-03T02:56:00+00:00,sol-updown-5m-1785725700,3279264,0xa271dc72aae8f75b5b55beb0cdfe8232e0f3ab08b7304778f344b482c2f8de4f,SOL,5min,2026-08-03T03:00:00+00:00,240,239.8,0.505,Up,0.49,38.76,0.48,16559.54,51,Up,1
2026-08-03T02:57:00+00:00,eth-updown-5m-1785725700,3279263,0x77589315b29bf7f44769ece1c92a9439470a173205009324a87a58561b41b3c5,ETH,5min,2026-08-03T03:00:00+00:00,180,179.9,0.505,Up,0.35,35.43,0.34,19114.44,65,Down,0
2026-08-03T02:59:00+00:00,btc-updown-15m-1785725100,3279236,0x7599a3355f50af6ee11dadf76046195c9bbd9f7cf4da68349f33b8227d64092d,BTC,15min,2026-08-03T03:00:00+00:00,60,59.9,0.225,Down,0.99,1009.06,0.98,1009.06,1,Down,1
2026-08-03T03:01:00+00:00,sol-updown-5m-1785726000,3279278,0x2733712a745dfb788922f26b6db938295b4cbad148258a2ac3855bd71e6fd485,SOL,5min,2026-08-03T03:05:00+00:00,240,239.9,0.505,Up,0.54,21.52,0.53,6211.52,44,Up,1
2026-08-03T03:02:00+00:00,eth-updown-5m-1785726000,3279281,0x59beadfe7f0a5c0e5aedfc5b7e0915e819d9ee2196b5fd558d831dafcb58a3bd,ETH,5min,2026-08-03T03:05:00+00:00,180,179.5,0.505,Up,0.39,14.54,0.38,17594.82,54,Up,1
2026-08-03T03:02:00+00:00,xrp-updown-15m-1785726000,3279269,0x7cb890b17ca2b8c69dc0648656fded4e83d0440951a01cfed9bc55dd42bf973d,XRP,15min,2026-08-03T03:15:00+00:00,780,779.4,0.515,Up,0.52,66.66,0.51,865.45,21,Down,0
2026-08-03T03:06:00+00:00,sol-updown-5m-1785726300,3279287,0xa39620b4a5db7867076a20b9a554a63f8439251ec74913dfffcf2f2226f1bdcc,SOL,5min,2026-08-03T03:10:00+00:00,240,239.9,0.58,Up,0.57,48.1,0.56,16907.96,42,Down,0
2026-08-03T03:07:00+00:00,eth-updown-5m-1785726300,3279290,0xa3dc6dc073fc3b652f48aa58fb290aee4589ad5e91b90f786546081e4129380c,ETH,5min,2026-08-03T03:10:00+00:00,180,179.6,0.505,Up,0.18,54.07,0.17,18484.09,82,Down,0
2026-08-03T03:07:00+00:00,sol-updown-15m-1785726000,3279279,0x34cf945d4e0716582fb5b7aa7b710dbc287643616320e57a3258d2fffcb0c594,SOL,15min,2026-08-03T03:15:00+00:00,480,479.5,0.845,Up,0.63,201.42,0.6,8941.65,37,Down,0
2026-08-03T03:10:00+00:00,eth-updown-15m-1785726000,3279277,0xabaa2e5d121775a517b59d47ae689f171836ca1864c34961739f3a551387dc9f,ETH,15min,2026-08-03T03:15:00+00:00,300,299.9,0.705,Up,0.5,94.22,0.49,9994.43,50,Down,0
2026-08-03T03:11:00+00:00,sol-updown-5m-1785726600,3279310,0x88eb57d91caec9abf17f723dfc5dd0d2507213b68c827d19faf2cc7c18e4d5e6,SOL,5min,2026-08-03T03:15:00+00:00,240,239.8,0.505,Up,0.58,99.6,0.56,16794.73,42,Down,0
2026-08-03T03:12:00+00:00,eth-updown-5m-1785726600,3279311,0xdb544d85d283a5fcd7791b1d34351e839df8549927d5e908d288674042153216,ETH,5min,2026-08-03T03:15:00+00:00,180,179.9,0.505,Up,0.69,276.8,0.68,18305.29,31,Down,0
2026-08-03T03:14:00+00:00,btc-updown-15m-1785726000,3279271,0x40c3ac51ca394c2b8ac3812c7e115350b308ccd507fcf3f6ad09418f82e5f04a,BTC,15min,2026-08-03T03:15:00+00:00,60,59.9,0.445,Down,0.99,441.34,0.98,441.34,1,Down,1
2026-08-03T03:16:00+00:00,sol-updown-5m-1785726900,3279324,0x87f1f49a150589d99ce2ef9265981f14c6df5ba0370e39792583758cbb628074,SOL,5min,2026-08-03T03:20:00+00:00,240,239.9,0.5,Up,0.38,33.89,0.37,17145.03,62,Up,1
2026-08-03T03:17:00+00:00,eth-updown-5m-1785726900,3279320,0x037858f869194081bc529b3135f889703f7534940dd5d73a7263fd126ba01c9b,ETH,5min,2026-08-03T03:20:00+00:00,180,179.7,0.505,Up,0.36,172.2,0.35,19098.19,64,Down,0
2026-08-03T03:17:00+00:00,xrp-updown-15m-1785726900,3279315,0x368faf8d4623f34b11fabfa6c5b54582951dea6c4e38c7b9da6297ec4481c266,XRP,15min,2026-08-03T03:30:00+00:00,780,779.6,0.505,Up,0.59,44.31,0.58,10247.54,22,Up,1
2026-08-03T03:21:00+00:00,sol-updown-5m-1785727200,3279331,0x7c5bfcb834737fba19f18cc9d7463e8a69d02d76817dfd9be14e6ec9fa8e4095,SOL,5min,2026-08-03T03:25:00+00:00,240,239.5,0.505,Up,0.57,54.16,0.55,16542.25,43,Down,0
2026-08-03T03:22:02+00:00,eth-updown-5m-1785727200,3279330,0x79622523a9f9dd6b74879150cbb41291c03861f435ba9fdd951eee2a95849a88,ETH,5min,2026-08-03T03:25:00+00:00,180,177.9,0.505,Up,0.62,349.1,0.61,9254.73,38,Down,0
2026-08-03T03:22:02+00:00,sol-updown-15m-1785726900,3279312,0x99e0082f5ec85d800401407731b4f78eb830134bff17575f2e70af16306e82f5,SOL,15min,2026-08-03T03:30:00+00:00,480,477.8,0.615,Up,0.51,76.71,0.5,10877.37,49,Up,1
2026-08-03T03:25:00+00:00,eth-updown-15m-1785726900,3279325,0x926b145cc49bcbcad0e856137542c4c858e3a067f905c4e33d169f9155ce4cdb,ETH,15min,2026-08-03T03:30:00+00:00,300,299.6,0.565,Up,0.2,41.2,0.19,11536.09,80,Down,0
2026-08-03T03:26:00+00:00,sol-updown-5m-1785727500,3279386,0x0aa63b31efae8f38995f054b80f3da3fa151e333162772e8617d6256291465c3,SOL,5min,2026-08-03T03:30:00+00:00,240,239.6,0.505,Up,0.35,32.35,0.34,16468.81,65,Up,1
2026-08-03T03:27:00+00:00,eth-updown-5m-1785727500,3279382,0x04473d705571064eabb17929edb1ddeb176a917861a2575c2afcdefb8036ef76,ETH,5min,2026-08-03T03:30:00+00:00,180,179.9,0.505,Up,0.34,86.22,0.33,18904.26,66,Up,1
2026-08-03T03:29:00+00:00,btc-updown-15m-1785726900,3279313,0x2ea744d2cb42e338ff727831b8b186ffff6a2c31c45aaeb177246188979db9b8,BTC,15min,2026-08-03T03:30:00+00:00,60,59.9,0.095,Down,0.99,471.03,0.98,471.03,1,Down,1
2026-08-03T03:31:00+00:00,sol-updown-5m-1785727800,3279416,0x69243a65639b403285569300405fd8a731b8ed592a3c323046235b9145011339,SOL,5min,2026-08-03T03:35:00+00:00,240,239.9,0.5,Up,0.32,27.95,0.31,17342.47,67,Down,0
2026-08-03T03:32:00+00:00,eth-updown-5m-1785727800,3279410,0x38e387d2816fa05778d7c158b05e71b374d4e6f432bd97a9d2bb32408cd14b1e,ETH,5min,2026-08-03T03:35:00+00:00,180,179.7,0.505,Up,0.23,135.97,0.22,18807.97,77,Down,0
2026-08-03T03:32:00+00:00,xrp-updown-15m-1785727800,3279408,0x81e0d0f63c71bfc6c1ae59dbbc17bb1481ab245a6a5130019ea58932853ce76c,XRP,15min,2026-08-03T03:45:00+00:00,780,779.6,0.525,Up,0.3,44.33,0.29,9860.1,26,Up,1
2026-08-03T03:36:00+00:00,sol-updown-5m-1785728100,3279443,0x23da35810553cbd28ab80775c435602cb84d0bbb46af1e497ac4bb9e3d96f4c1,SOL,5min,2026-08-03T03:40:00+00:00,240,239.9,0.5,Up,0.39,34.55,0.38,17316.94,61,Down,0
2026-08-03T03:37:00+00:00,eth-updown-5m-1785728100,3279442,0x1a869677b5063d3831050a7f33cb398e24b878035529d23ea56c4b79e6166d2f,ETH,5min,2026-08-03T03:40:00+00:00,180,179.7,0.505,Up,0.41,77.75,0.4,18834.47,59,Down,0
2026-08-03T03:37:00+00:00,sol-updown-15m-1785727800,3279420,0xe4a752824d6c8bf04efd3665edd9639e9b1fc1cf4b12e23c3e6d3ceb0754395c,SOL,15min,2026-08-03T03:45:00+00:00,480,479.6,0.305,Down,0.69,200.16,0.68,10281.05,31,Down,1
2026-08-03T03:40:00+00:00,eth-updown-15m-1785727800,3279417,0x432c51a7df73364865db78b2ed56ccdea75c0a66108f9baff93f2fd72068fe13,ETH,15min,2026-08-03T03:45:00+00:00,300,299.9,0.255,Down,0.78,173.41,0.77,9960.25,21,Down,1
2026-08-03T03:40:00+00:00,ethereum-up-or-down-august-2-2026-11pm-et,3253149,0xae02a96ac8ef7f75b97bf9bf111e8d78bc3a409aa1cc9065bb8c1f1478caba74,ETH,60min,2026-08-03T04:00:00+00:00,1200,1199.7,0.21,Down,0.84,676.31,0.83,8140.03,15,Down,1
2026-08-03T03:41:00+00:00,sol-updown-5m-1785728400,3279464,0x25e6eecf35c4bc36aecd37276c8b80aeba41dc7395641345d5d73a2eb5c34078,SOL,5min,2026-08-03T03:45:00+00:00,240,239.9,0.5,Up,0.37,58.74,0.36,15857.23,63,Down,0
2026-08-03T03:42:00+00:00,eth-updown-5m-1785728400,3279463,0xa436e4c784f83f4c6fcb1c7e166ec042d932ea09b73b0a65d4bb099314a2a44a,ETH,5min,2026-08-03T03:45:00+00:00,180,179.9,0.505,Up,0.49,99.08,0.48,10480.49,50,Down,0
2026-08-03T03:44:00+00:00,btc-updown-15m-1785727800,3279418,0xe558e11ef8dff7841be714df553ff6fa9f43429bd1751d402abef01031258681,BTC,15min,2026-08-03T03:45:00+00:00,60,59.9,0.185,Down,0.931,1731.45,0.93,2498.6,13,Down,1
2026-08-03T03:46:00+00:00,sol-updown-5m-1785728700,3279483,0x6b90ae1f3f89fa9b678f33a195ca58b367388ad763158b83482b77a38a2449fa,SOL,5min,2026-08-03T03:50:00+00:00,240,239.9,0.505,Up,0.22,29.0,0.21,16948.44,78,Down,0
2026-08-03T03:47:00+00:00,eth-updown-5m-1785728700,3279473,0x7101b331a93a88b7858fa874216f7c517c25f9ee1f3a6bf9e29905e79645aa89,ETH,5min,2026-08-03T03:50:00+00:00,180,179.5,0.505,Up,0.01,97.35,,18466.64,99,Down,0
2026-08-03T03:47:00+00:00,xrp-updown-15m-1785728700,3279482,0xdca9b43af65faca72cb83c72df5fe1b7dc981445e8055cd004b6a04fbbcec2a7,XRP,15min,2026-08-03T04:00:00+00:00,780,779.4,0.355,Down,0.95,666.99,0.89,666.99,4,Down,1
2026-08-03T03:51:00+00:00,sol-updown-5m-1785729000,3279484,0x65924cb2fcdaec6cf4c70e4d05b915dceb5317413c13d9bc678fa07e37f9ddf3,SOL,5min,2026-08-03T03:55:00+00:00,240,239.9,0.505,Up,0.79,332.21,0.78,15025.76,21,Up,1
2026-08-03T03:52:00+00:00,eth-updown-5m-1785729000,3279486,0x231970ae34a4bac38dfd645ca58f05a3b78ef8de10c5187c3bc90980dfb3a842,ETH,5min,2026-08-03T03:55:00+00:00,180,179.7,0.525,Up,0.94,12782.47,0.93,12782.47,6,Up,1
2026-08-03T03:52:00+00:00,sol-updown-15m-1785728700,3279470,0xae44505bd583f9cf1c463143bb25a17370dfd695326f9aa90e88a52370719d11,SOL,15min,2026-08-03T04:00:00+00:00,480,479.6,0.105,Down,0.41,30.46,0.4,2159.81,57,Down,1
2026-08-03T03:55:00+00:00,eth-updown-15m-1785728700,3279476,0x380b5fb6f3b73eaa4bb76ac3ca5a689aba590b564ab1d16fdb5b25a2e1b93d27,ETH,15min,2026-08-03T04:00:00+00:00,300,299.9,0.24,Down,0.79,223.5,0.755,3719.23,36,Down,1
2026-08-03T03:56:00+00:00,sol-updown-5m-1785729300,3280129,0xa2cd5605eb0a383afcd39bfcf7b1f7c7a53a47def72947eeceb687341b1abd70,SOL,5min,2026-08-03T04:00:00+00:00,240,239.8,0.395,Down,0.56,33.93,0.55,17090.3,43,Down,1
2026-08-03T03:57:00+00:00,eth-updown-5m-1785729300,3280131,0xc96ce68b99b3677149aa3cf719e9f01c2d0c647c5d81ea1b1d567562de8db6c0,ETH,5min,2026-08-03T04:00:00+00:00,180,179.9,0.505,Up,0.29,101.33,0.28,18856.36,71,Down,0
2026-08-03T03:59:00+00:00,btc-updown-15m-1785728700,3279477,0xb8c3d344b1bf8d064cb70be443cb9ffd6e7c9aca00841937e900638173ce3bdf,BTC,15min,2026-08-03T04:00:00+00:00,60,59.9,0.0025,Down,,0,0.999,0,0,Down,1
2026-08-03T04:01:00+00:00,sol-updown-5m-1785729600,3280499,0x57d27292c78a0bf1c4fae05cced594d1ddd4bc6bd550bbc30c39421f2c8159ed,SOL,5min,2026-08-03T04:05:00+00:00,240,239.9,0.5,Up,0.74,250.89,0.73,14706.01,26,Up,1
2026-08-03T04:02:00+00:00,eth-updown-5m-1785729600,3280503,0xca86d6c22a5f94f365f05f262aafb048d49c8a1ed8e7e5797d72aded24b85abb,ETH,5min,2026-08-03T04:05:00+00:00,180,179.6,0.425,Down,0.13,115.7,0.12,18468.45,87,Up,0
2026-08-03T04:02:00+00:00,xrp-updown-15m-1785729600,3280507,0x8e59094c8bfbf5409e1f0f726575cdd725de8cb397dd82b099a569d8a8314d40,XRP,15min,2026-08-03T04:15:00+00:00,780,779.5,0.5,Up,0.73,50.01,0.72,9932.33,22,Down,0
2026-08-03T04:06:00+00:00,sol-updown-5m-1785729900,3280511,0xecc133885b849087e37c2ac1d9ce6d672e6af3640b6ff9b2d1c2a68f134066b0,SOL,5min,2026-08-03T04:10:00+00:00,240,239.9,0.505,Up,0.5,74.04,0.48,15708.98,50,Down,0
2026-08-03T04:07:00+00:00,eth-updown-5m-1785729900,3280510,0x42e81f171f57f84a0572efd92bd1d32252dcc7cbd7d1395a5c5a891d1cb595f2,ETH,5min,2026-08-03T04:10:00+00:00,180,179.6,0.505,Up,0.33,30.62,0.32,18037.56,66,Down,0
2026-08-03T04:07:00+00:00,sol-updown-15m-1785729600,3280491,0x6f0bffc950ac4ea22b41b2ad545b9512eb8e540514bb2e73749ec8233991bc9e,SOL,15min,2026-08-03T04:15:00+00:00,480,479.6,0.645,Up,0.9,615.69,0.88,9297.16,10,Up,1
2026-08-03T04:10:00+00:00,eth-updown-15m-1785729600,3280498,0x3338403b7c846772700d11e2f69b2c97b26eb4c2d7d56a24a0c7b586ae5b2911,ETH,15min,2026-08-03T04:15:00+00:00,300,299.9,0.87,Up,0.73,150.76,0.72,7507.04,26,Up,1
2026-08-03T04:11:00+00:00,sol-updown-5m-1785730200,3280820,0xb2fc57933ad730a951c7f476a44070284c290f2b96d7aac400055bfae6fa86e6,SOL,5min,2026-08-03T04:15:00+00:00,240,239.8,0.5,Up,0.22,40.23,0.19,17114.81,78,Up,1
2026-08-03T04:12:00+00:00,eth-updown-5m-1785730200,3280823,0x2fc237a0fc654f4275cda34a3c3560980eb69dd86c442556581b019a8f3d011c,ETH,5min,2026-08-03T04:15:00+00:00,180,179.9,0.505,Up,0.36,161.58,0.35,9895.08,64,Down,0
2026-08-03T04:14:00+00:00,btc-updown-15m-1785729600,3280493,0x4fd6f3702a4d437562cb2845f9caf30e057f633adde55ceb9c1638411e221ab9,BTC,15min,2026-08-03T04:15:00+00:00,60,59.9,0.225,Down,0.6,213.61,0.58,10870.16,36,Down,1
2026-08-03T04:16:00+00:00,sol-updown-5m-1785730500,3280835,0x76280adf809c86bc64ad027436cb918fc639badad33f913f315af6c2040d635c,SOL,5min,2026-08-03T04:20:00+00:00,240,239.9,0.505,Up,0.79,78.48,0.78,12127.5,19,Up,1
2026-08-03T04:17:00+00:00,eth-updown-5m-1785730500,3280834,0x5c2a28b9df736cfc4c28010282996aa54e4cc13c8a2565570fa3041d933006dd,ETH,5min,2026-08-03T04:20:00+00:00,180,179.6,0.505,Up,0.8,55.5,0.79,11153.55,18,Up,1
2026-08-03T04:17:00+00:00,xrp-updown-15m-1785730500,3280839,0xdbd60b93bb8154fbf319c3de5bc3391ba0ace33c1d9d1d2cd2048ab017f43a12,XRP,15min,2026-08-03T04:30:00+00:00,780,779.5,0.65,Up,0.85,97.42,0.82,9354.47,12,Up,1
2026-08-03T04:21:00+00:00,sol-updown-5m-1785730800,3280844,0xf726096002a7baa85b6a3c136754a66ef52450f22f2faa04245a53944d21fa45,SOL,5min,2026-08-03T04:25:00+00:00,240,239.8,0.5,Up,0.79,475.97,0.78,15703.38,21,Up,1
2026-08-03T04:22:00+00:00,eth-updown-5m-1785730800,3280846,0x733df4c86449cc29aac11698744e563c86ee7f6579265d609c45ed7249cc940a,ETH,5min,2026-08-03T04:25:00+00:00,180,179.6,0.515,Up,0.82,149.5,0.81,12871.53,15,Up,1
2026-08-03T04:22:00+00:00,sol-updown-15m-1785730500,3280828,0x3f09ddd25d633e2ed4473649cd1a340e508ae9827509b9b6db6c95b21bd4183f,SOL,15min,2026-08-03T04:30:00+00:00,480,479.6,0.82,Up,0.95,6742.72,0.92,6742.72,5,Up,1
2026-08-03T04:25:00+00:00,eth-updown-15m-1785730500,3280826,0xd062614d8fe1c3288989baef6ce3b850daa2c9697ee21a2dea82161a53390906,ETH,15min,2026-08-03T04:30:00+00:00,300,299.9,0.925,Up,0.989,1640.36,0.98,1640.36,5,Up,1
2026-08-03T04:26:00+00:00,sol-updown-5m-1785731100,3280991,0xcc25ebebd70e61009bcce4e6670d59393fdb77820f55cc366d667f802301c657,SOL,5min,2026-08-03T04:30:00+00:00,240,239.9,0.495,Down,0.66,143.41,0.65,17157.09,34,Down,1
2026-08-03T04:27:00+00:00,eth-updown-5m-1785731100,3280989,0xc6d41c5fa27936871a842187cdf8f5169b3e12e26dd8ef3b8e39dbee2bf1bfd1,ETH,5min,2026-08-03T04:30:00+00:00,180,179.9,0.505,Up,0.55,73.56,0.54,17739.76,44,Up,1
2026-08-03T04:29:00+00:00,btc-updown-15m-1785730500,3280838,0xf22e89eb86f4a856bcc80e6ef60a6093c2cefdaae9188bd8b609dcdaddeb64b3,BTC,15min,2026-08-03T04:30:00+00:00,60,59.9,0.9855,Up,,0,0.999,0,0,Up,1
2026-08-03T04:31:00+00:00,sol-updown-5m-1785731400,3281003,0x984516eced5f324cba3773756d853bdce09b2857e63edac5ddfdb4ed1c338295,SOL,5min,2026-08-03T04:35:00+00:00,240,239.9,0.495,Down,0.25,28.5,0.24,16879.46,75,Up,0
2026-08-03T04:32:00+00:00,eth-updown-5m-1785731400,3280995,0xa893144fc4fa8196ae9a78a17a93adf58cbab3f9ae90624fe329342f8d00c234,ETH,5min,2026-08-03T04:35:00+00:00,180,179.5,0.505,Up,0.9,1107.51,0.89,11479.23,10,Up,1
2026-08-03T04:32:00+00:00,xrp-updown-15m-1785731400,3281006,0x49c5a1aaf9e8393b1e75a41e6f94dcb14098eae16a5aca62afb68b7edea69d0c,XRP,15min,2026-08-03T04:45:00+00:00,780,779.4,0.695,Up,0.76,62.65,0.75,9885.52,17,Up,1
2026-08-03T04:36:00+00:00,sol-updown-5m-1785731700,3281048,0x6335fde3208b70a4b102a60b34be9e28ce0adbb77bca1108801df4f5c68abce8,SOL,5min,2026-08-03T04:40:00+00:00,240,239.9,0.5,Up,0.62,48.47,0.59,16281.37,38,Up,1
2026-08-03T04:37:00+00:00,eth-updown-5m-1785731700,3281044,0xa3e4d695ad497216419b4b55cf96d6c6c1f6ccd448948e13b14e2f691e68fd36,ETH,5min,2026-08-03T04:40:00+00:00,180,179.7,0.495,Down,0.8,452.55,0.79,14959.52,20,Up,0
2026-08-03T04:37:00+00:00,sol-updown-15m-1785731400,3281005,0x09f631af7a2825694641b0d77b47c2e8abe511c1e21485b428a59e140e3efa92,SOL,15min,2026-08-03T04:45:00+00:00,480,479.6,0.92,Up,0.92,440.75,0.91,1404.68,7,Up,1
2026-08-03T04:40:00+00:00,eth-updown-15m-1785731400,3281000,0x44a094ed843b3732b1071ed75c4b8facd152572f51862819756e442481f6cfd2,ETH,15min,2026-08-03T04:45:00+00:00,300,299.9,0.625,Up,0.71,84.12,0.7,10536.81,28,Up,1
2026-08-03T04:40:00+00:00,ethereum-up-or-down-august-3-2026-12am-et,3253729,0xd3c82894c5b26e8774b85b5678aa03ec666a86394f97a3cf2f9e183afa8f2db8,ETH,60min,2026-08-03T05:00:00+00:00,1200,1199.8,0.955,Up,0.96,952.85,0.95,952.85,4,Down,0
2026-08-03T04:41:00+00:00,sol-updown-5m-1785732000,3281135,0x70ae7b064a91f1e3e86ff07a1bdd354e921d535730ff952d7b23a7ae60351d51,SOL,5min,2026-08-03T04:45:00+00:00,240,239.8,0.495,Down,0.54,54.31,0.52,16136.37,46,Up,0
2026-08-03T04:42:00+00:00,eth-updown-5m-1785732000,3281134,0xe3d568c44f586663ddc3163f8ab4cbcd8d1df8be53f46bcf656f2088e5fea2fc,ETH,5min,2026-08-03T04:45:00+00:00,180,179.9,0.495,Down,0.53,89.85,0.52,19118.41,47,Down,1
2026-08-03T04:44:00+00:00,btc-updown-15m-1785731400,3281007,0x8f7dfac0b56bef9683d83381c30127fe4377f92ab3fcc38d48e92c99dfae7791,BTC,15min,2026-08-03T04:45:00+00:00,60,59.9,0.765,Up,0.22,63.45,0.21,9964.32,77,Down,0
2026-08-03T04:46:00+00:00,sol-updown-5m-1785732300,3281147,0x44bb26c7d83e9faeb20580842c6cd6c583674846d7bc0a93df927f728987423b,SOL,5min,2026-08-03T04:50:00+00:00,240,239.9,0.495,Down,0.74,203.92,0.73,5496.47,26,Down,1
2026-08-03T04:47:00+00:00,eth-updown-5m-1785732300,3281149,0x4d89fcb3e024aec891d54230963444fc401fe2e1da2ee01a5c11b99f6a487df3,ETH,5min,2026-08-03T04:50:00+00:00,180,179.7,0.495,Down,0.84,414.62,0.83,11948.39,16,Down,1
2026-08-03T04:47:00+00:00,xrp-updown-15m-1785732300,3281141,0x367137ef29802215d72a9c4ea002a21e0ef34a09fb2d867b4158851307ca2178,XRP,15min,2026-08-03T05:00:00+00:00,780,779.6,0.355,Down,0.76,124.95,0.75,9427.14,16,Down,1
2026-08-03T04:51:00+00:00,sol-updown-5m-1785732600,3281154,0xc1e718be5d7fc762a6a5d6f91b32c03e6afbe523000e0afe6ab7996d134509a9,SOL,5min,2026-08-03T04:55:00+00:00,240,239.9,0.505,Up,0.43,50.07,0.42,16589.62,57,Down,0
2026-08-03T04:52:00+00:00,eth-updown-5m-1785732600,3281158,0x000776cc3660c244c6b12492b48e22b5c3f32a1866db3d68791cb5123c15bf2c,ETH,5min,2026-08-03T04:55:00+00:00,180,179.7,0.495,Down,0.92,1210.37,0.91,3604.67,8,Down,1
2026-08-03T04:52:00+00:00,sol-updown-15m-1785732300,3281139,0xc1f315c545e773f21741dc3ee233df316959ba2f22c3c66b2377c193786f0023,SOL,15min,2026-08-03T05:00:00+00:00,480,479.6,0.175,Down,0.95,1153.95,0.92,1153.95,5,Down,1
2026-08-03T04:55:00+00:00,eth-updown-15m-1785732300,3281148,0x84835ea433660fbe83e5d9ab88876751cf00e555279f31a39b2b8c35a599d889,ETH,15min,2026-08-03T05:00:00+00:00,300,299.9,0.125,Down,0.998,1308.82,0.99,1308.82,2,Down,1
2026-08-03T04:56:00+00:00,sol-updown-5m-1785732900,3281694,0x43802bc57f11acfc08be1d6364cafbecb1ef7d0aa1633cff49537961f883c374,SOL,5min,2026-08-03T05:00:00+00:00,240,239.8,0.505,Up,0.44,57.71,0.42,17400.12,56,Down,0
2026-08-03T04:57:00+00:00,eth-updown-5m-1785732900,3281683,0x2c3694e06f4ee1fba04e3fa5d14f5595a79c51a2781095f8feb7792186616518,ETH,5min,2026-08-03T05:00:00+00:00,180,179.9,0.505,Up,0.17,65.47,0.16,18679.21,82,Down,0
2026-08-03T04:59:00+00:00,btc-updown-15m-1785732300,3281140,0xe384856523d8de19b9345c34870f05396e2050c38fd88c920e1e59580e195223,BTC,15min,2026-08-03T05:00:00+00:00,60,59.9,0.0015,Down,,0,0.999,0,0,Down,1
2026-08-03T05:01:00+00:00,sol-updown-5m-1785733200,3282401,0x7106bdc896d8ce41b5cf13e5d66c81e10494c13049ac817f9c358009ca565919,SOL,5min,2026-08-03T05:05:00+00:00,240,239.9,0.5,Up,0.83,487.96,0.82,12081.74,17,Up,1
2026-08-03T05:02:00+00:00,eth-updown-5m-1785733200,3282402,0xfa5ed342a61d6b8b60cd3cccd12df783b0c2782f27b245ab506435a79008e9f6,ETH,5min,2026-08-03T05:05:00+00:00,180,179.6,0.505,Up,0.94,9836.37,0.93,9836.37,6,Up,1
2026-08-03T05:02:00+00:00,xrp-updown-15m-1785733200,3282397,0x64a058d002a5190d8eb11dda569576eae1d53da78734af949d4f8342c262b457,XRP,15min,2026-08-03T05:15:00+00:00,780,779.5,0.505,Up,0.75,143.68,0.74,10221.44,21,Up,1
2026-08-03T05:06:00+00:00,sol-updown-5m-1785733500,3282411,0xc49ec65b761d10f00e0220a347109544227a30e19cf93cd37c499c9a1782d26b,SOL,5min,2026-08-03T05:10:00+00:00,240,239.9,0.505,Up,0.49,113.88,0.48,7765.64,51,Up,1
2026-08-03T05:07:00+00:00,eth-updown-5m-1785733500,3282407,0x0e0b993fe410dd2cc4f67d312695c8cafabc20699ad2dab6ca9e759bb70c5987,ETH,5min,2026-08-03T05:10:00+00:00,180,179.8,0.505,Up,0.57,81.88,0.56,18646.78,43,Up,1
2026-08-03T05:07:00+00:00,sol-updown-15m-1785733200,3282396,0x96adfd57b6c412c981b86dad1c73aac7fc216d989fe9a804591b88962131cedf,SOL,15min,2026-08-03T05:15:00+00:00,480,479.7,0.745,Up,0.78,173.28,0.76,10648.2,21,Up,1
2026-08-03T05:10:00+00:00,eth-updown-15m-1785733200,3282404,0x864c7f46bb5d710e7bbde59cc7d5daa5596ac781cd7862218b8680db4cb2a076,ETH,15min,2026-08-03T05:15:00+00:00,300,299.8,0.335,Down,0.11,61.79,0.1,10929.57,89,Up,0
2026-08-03T05:11:00+00:00,sol-updown-5m-1785733800,3282517,0x489e7e10cec64f30be2edf168eea1c29c9f142dc8b33fed56d39f3640d7e0526,SOL,5min,2026-08-03T05:15:00+00:00,240,239.9,0.505,Up,0.62,151.38,0.61,16661.76,38,Up,1
2026-08-03T05:12:00+00:00,eth-updown-5m-1785733800,3282516,0x6f88b40a28979118109671b2c1b0a6b3a80b5e24320094761ca81b05248d331e,ETH,5min,2026-08-03T05:15:00+00:00,180,179.9,0.505,Up,0.74,65.37,0.73,18258.49,24,Up,1
2026-08-03T05:14:00+00:00,btc-updown-15m-1785733200,3282398,0xa26ef4e2ecfe0daea5988066889f64213aa6180095040e647828fcfc7a9fe330,BTC,15min,2026-08-03T05:15:00+00:00,60,59.9,0.935,Up,,0,0.99,0,0,Up,1
2026-08-03T05:16:00+00:00,sol-updown-5m-1785734100,3282532,0x877276ccdac90bcb8d291fdbe36ddd95865eef834969be2f1ce3a7e761c269e9,SOL,5min,2026-08-03T05:20:00+00:00,240,239.9,0.465,Down,0.55,28.4,0.54,16714.26,44,Down,1
2026-08-03T05:17:00+00:00,eth-updown-5m-1785734100,3282530,0xd88134ce7339726d1fcf36e272fac7113f6391c6419668556a843711059de57c,ETH,5min,2026-08-03T05:20:00+00:00,180,179.7,0.505,Up,0.09,109.52,0.08,18431.08,91,Down,0
2026-08-03T05:17:00+00:00,xrp-updown-15m-1785734100,3282533,0xed2ab4fad3c6d1c6d56f0049f04aab4a07ba6d1ddd6636341fa3ba2fe416080d,XRP,15min,2026-08-03T05:30:00+00:00,780,779.5,0.495,Down,0.87,444.57,0.85,7913.22,13,Down,1
2026-08-03T05:21:00+00:00,sol-updown-5m-1785734400,3282543,0x56f3f2d1d0316829d84a792a5aea47cec8b75faaa6a81d6556a73274fd50333a,SOL,5min,2026-08-03T05:25:00+00:00,240,239.9,0.5,Up,0.54,123.91,0.52,17148.26,46,Down,0
2026-08-03T05:22:00+00:00,eth-updown-5m-1785734400,3282537,0x923160375d57789b2a9cd3ddef98f55b90f5bc06f33b0e1c7a90423c12e65a23,ETH,5min,2026-08-03T05:25:00+00:00,180,179.7,0.505,Up,0.27,103.81,0.26,18877.11,73,Down,0
2026-08-03T05:22:00+00:00,sol-updown-15m-1785734100,3282528,0xe8416f2bb4c560fc93dad94a95f797bff2d0d0fafd07d49f5397bfc551c198f4,SOL,15min,2026-08-03T05:30:00+00:00,480,479.6,0.21,Down,0.92,540.77,0.89,6747.79,8,Down,1
2026-08-03T05:25:00+00:00,eth-updown-15m-1785734100,3282529,0x1620348978678809da8909960c7048b69b5ed561c1ff4bef1f7617d2451e00f5,ETH,15min,2026-08-03T05:30:00+00:00,300,299.9,0.395,Down,0.68,236.2,0.67,9407.48,32,Down,1
2026-08-03T05:26:00+00:00,sol-updown-5m-1785734700,3282547,0x55616b6ba09dd14bee9f5ad2effa522e5d88bdc15d0ceba4b7e14e834fbaf697,SOL,5min,2026-08-03T05:30:00+00:00,240,239.8,0.495,Down,0.5,51.0,0.49,15992.25,50,Down,1
2026-08-03T05:27:00+00:00,eth-updown-5m-1785734700,3282548,0x956c00b9910bbc36e39848691665d2853ba5f2f108e3653b711937a6fc3f5bb0,ETH,5min,2026-08-03T05:30:00+00:00,180,179.9,0.505,Up,0.68,268.28,0.67,18376.26,32,Down,0
2026-08-03T05:29:00+00:00,btc-updown-15m-1785734100,3282523,0x9b61b53095b2e76b7b759054b1f8703fe563aa1f772a68b603a12cd70d8f273b,BTC,15min,2026-08-03T05:30:00+00:00,60,59.9,0.285,Down,0.57,48.63,0.56,10891.58,38,Down,1
2026-08-03T05:31:00+00:00,sol-updown-5m-1785735000,3282553,0xcc8e831343dcb876c084147c6b317179aed349479505a0731f9c94352b48649b,SOL,5min,2026-08-03T05:35:00+00:00,240,239.9,0.5,Up,0.63,69.15,0.61,16209.77,37,Down,0
2026-08-03T05:32:00+00:00,eth-updown-5m-1785735000,3282557,0x3f5d8d96b67addd6225b2ea3fbc555ddb89c03819f308a8809c3eb5c17c8cd06,ETH,5min,2026-08-03T05:35:00+00:00,180,179.7,0.505,Up,0.72,252.6,0.71,18469.47,28,Down,0
2026-08-03T05:32:00+00:00,xrp-updown-15m-1785735000,3282558,0x6606e1e4ac858e0c86faa1cc80af94d3ed6d491b2546370ca67331afb3fb5277,XRP,15min,2026-08-03T05:45:00+00:00,780,779.6,0.505,Up,0.59,135.14,0.58,9899.0,21,Down,0
2026-08-03T05:36:00+00:00,sol-updown-5m-1785735300,3282604,0x51aca3a6c9f74d7e6bd95d47114b8929f044e294434855fda491ba3b1d16b1e5,SOL,5min,2026-08-03T05:40:00+00:00,240,239.9,0.505,Up,0.39,28.92,0.38,16911.51,60,Up,1
2026-08-03T05:37:00+00:00,eth-updown-5m-1785735300,3282608,0x67928523e3ee09a779b9789277c22c1482c6b148541ee1ffa4c57c0eb62b33d6,ETH,5min,2026-08-03T05:40:00+00:00,180,179.7,0.515,Up,0.46,50.45,0.44,18666.09,52,Up,1
2026-08-03T05:37:00+00:00,sol-updown-15m-1785735000,3282559,0x9ee8ce4836e1842132aced8ff4cde4b1e63211de8dbac18870f4abb51423eff8,SOL,15min,2026-08-03T05:45:00+00:00,480,479.6,0.275,Down,0.71,302.91,0.7,2269.95,29,Down,1
2026-08-03T05:40:00+00:00,eth-updown-15m-1785735000,3282560,0x30d8ecf2e469cc8df657cfd8afbb71a2a73b765aae96d074a4407c6a776e4034,ETH,15min,2026-08-03T05:45:00+00:00,300,299.9,0.315,Down,0.37,110.21,0.36,10273.98,62,Up,0
2026-08-03T05:40:00+00:00,ethereum-up-or-down-august-3-2026-1am-et,3254891,0xd653bf18cdf6d548c62e442d6ea247aa7766d8e561093d06ad5c5bd134e9628f,ETH,60min,2026-08-03T06:00:00+00:00,1200,1199.7,0.695,Up,0.85,792.44,0.83,1564.61,15,Up,1
2026-08-03T05:41:00+00:00,sol-updown-5m-1785735600,3282716,0x5c08b6826568d986432c8816c82b808186616ec2b78814cbdc6c7ae590dfad31,SOL,5min,2026-08-03T05:45:00+00:00,240,239.8,0.505,Up,0.31,18.82,0.3,16518.52,69,Down,0
2026-08-03T05:42:00+00:00,eth-updown-5m-1785735600,3282720,0x3bc757db6e6f2b3eeb0b5b63e97744f597e874c897dae6b93624ace90cf7dd1d,ETH,5min,2026-08-03T05:45:00+00:00,180,179.9,0.505,Up,0.89,465.17,0.88,4250.96,10,Up,1
2026-08-03T05:44:00+00:00,btc-updown-15m-1785735000,3282563,0x90be4d8723e543a9457a279377ae1c949693edd99eea2e99aba41f67eed5fc44,BTC,15min,2026-08-03T05:45:00+00:00,60,59.9,0.8,Up,0.18,19.82,0.15,11104.9,77,Down,0
2026-08-03T05:46:00+00:00,sol-updown-5m-1785735900,3282725,0x1630223030b021a3db04eedcdf4e40fac672c343b1c6a1d5a15b47ca361634cf,SOL,5min,2026-08-03T05:50:00+00:00,240,239.9,0.505,Up,0.5,72.77,0.49,16852.3,50,Up,1
2026-08-03T05:47:00+00:00,eth-updown-5m-1785735900,3282731,0xb52fa30287c66427e79a7cb915f349d6a8f2c354695b127287f7517280141a01,ETH,5min,2026-08-03T05:50:00+00:00,180,179.5,0.505,Up,0.78,157.0,0.77,14586.96,22,Up,1
2026-08-03T05:47:00+00:00,xrp-updown-15m-1785735900,3282734,0xf56bafe8065b1871e6fe8cf7bfdf79f7cbcabb279aa50578b876e1222497143a,XRP,15min,2026-08-03T06:00:00+00:00,780,779.4,0.5,Up,0.65,82.27,0.63,9899.81,20,Up,1
2026-08-03T05:51:00+00:00,sol-updown-5m-1785736200,3282752,0xed894b29e99dc260e181b675329d17ea79abf0162829d344b27febc173627c69,SOL,5min,2026-08-03T05:55:00+00:00,240,239.9,0.505,Up,0.21,26.14,0.19,16990.39,79,Down,0
2026-08-03T05:52:00+00:00,eth-updown-5m-1785736200,3282758,0xc65786f665542f780cb16d754c58a5e6d32d60391f43a5536b98a24a67ec7842,ETH,5min,2026-08-03T05:55:00+00:00,180,179.7,0.495,Down,0.6,93.99,0.59,18866.22,39,Down,1
2026-08-03T05:52:00+00:00,sol-updown-15m-1785735900,3282726,0xafd9440e4c3ee66f610925aa0a8eb3ee9b7f5e49b24de083025fdd589e1617c6,SOL,15min,2026-08-03T06:00:00+00:00,480,479.6,0.565,Up,0.72,277.83,0.71,9912.7,28,Up,1
2026-08-03T05:55:00+00:00,eth-updown-15m-1785735900,3282730,0xeef9fbb4a264ebb6b83326cb8346ca419accd2b0a242e9836b0104335ed07880,ETH,15min,2026-08-03T06:00:00+00:00,300,299.9,0.895,Up,0.959,8144.49,0.95,8144.49,10,Up,1
2026-08-03T05:56:00+00:00,sol-updown-5m-1785736500,3283030,0xbf485884bb09a6c1675de1892266aff98958f918e2847f734da0e36cd9d9d192,SOL,5min,2026-08-03T06:00:00+00:00,240,239.8,0.705,Up,0.71,144.47,0.7,15689.52,29,Up,1
2026-08-03T05:57:00+00:00,eth-updown-5m-1785736500,3283029,0x57b8bc3e501a5e71ca93f9d00b915c98da2562b660b670021a36bfff33d93721,ETH,5min,2026-08-03T06:00:00+00:00,180,179.9,0.505,Up,0.5,39.73,0.49,18868.37,48,Up,1
2026-08-03T05:59:00+00:00,btc-updown-15m-1785735900,3282728,0x120c927aeb64b8bb25831911924ef5d28fca80aa12d8c42192ad466c1d2cb7c0,BTC,15min,2026-08-03T06:00:00+00:00,60,59.9,0.765,Up,0.76,277.32,0.74,8240.31,24,Up,1
2026-08-03T06:01:00+00:00,sol-updown-5m-1785736800,3283037,0xaf22db7f9435fa5f0db6baa7c6d4f5cf8bed2d8208563bb31d5d7fad31f6ace8,SOL,5min,2026-08-03T06:05:00+00:00,240,239.8,0.495,Down,0.36,64.92,0.35,15463.31,64,Up,0
2026-08-03T06:02:00+00:00,eth-updown-5m-1785736800,3283046,0xbf00229b8e57dd303084dae43dc77ac0991111f8cd5e695647eb365bf633f132,ETH,5min,2026-08-03T06:05:00+00:00,180,179.6,0.495,Down,0.24,52.91,0.23,18790.77,75,Up,0
2026-08-03T06:02:00+00:00,xrp-updown-15m-1785736800,3283038,0xfb00beee2e7d9b5ec972349cbd1b8b2960e9095e240a4225cf68664e628ec441,XRP,15min,2026-08-03T06:15:00+00:00,780,779.5,0.495,Down,0.36,60.35,0.35,9872.97,24,Up,0
2026-08-03T06:06:00+00:00,sol-updown-5m-1785737100,3283076,0x682f13db4032e88bde3cadb63f16052ece512ab785669599f87e6ce3c7b0f6a6,SOL,5min,2026-08-03T06:10:00+00:00,240,239.9,0.5,Up,0.55,36.54,0.54,16023.8,45,Up,1
2026-08-03T06:07:00+00:00,eth-updown-5m-1785737100,3283071,0x698415494507049ed379bead4b1f68999ae273646005bbcf65460a5dff545435,ETH,5min,2026-08-03T06:10:00+00:00,180,179.7,0.495,Down,0.25,132.61,0.24,9583.74,74,Up,0
2026-08-03T06:07:00+00:00,sol-updown-15m-1785736800,3283036,0x6d5250a5b69af6e350174c417b249c3dfe387958cf067cfcf591a0414731a427,SOL,15min,2026-08-03T06:15:00+00:00,480,479.5,0.515,Up,0.81,321.03,0.8,10290.24,19,Up,1
2026-08-03T06:10:00+00:00,eth-updown-15m-1785736800,3283040,0x7a9bedd70bf1b1075f655029066e2811d739da43f90eacfd0f723916bb8df864,ETH,15min,2026-08-03T06:15:00+00:00,300,299.9,0.555,Up,0.59,129.12,0.58,2377.68,41,Down,0
2026-08-03T06:11:00+00:00,sol-updown-5m-1785737400,3283242,0x94fcf902075e9dd4a12454fd71dc7ffd836dbe31c35ab76fcc6296dd12c34462,SOL,5min,2026-08-03T06:15:00+00:00,240,239.8,0.495,Down,0.78,414.81,0.76,14987.3,22,Down,1
2026-08-03T06:12:00+00:00,eth-updown-5m-1785737400,3283248,0xba2f73d3d068a5c92ea279eddbecc479c57f608e5b5fa08fecfee761b632a6cf,ETH,5min,2026-08-03T06:15:00+00:00,180,179.9,0.495,Down,0.57,23.19,0.56,17631.1,39,Down,1
2026-08-03T06:14:00+00:00,btc-updown-15m-1785736800,3283042,0x13cebb16c2abe5afcba0dc5cd42bb6bb9dd1cda9f58746fb5cbeea21416245ad,BTC,15min,2026-08-03T06:15:00+00:00,60,59.9,0.875,Up,0.98,5880.36,0.97,5880.36,2,Up,1
2026-08-03T06:16:00+00:00,sol-updown-5m-1785737700,3283295,0x35d16c4f673969156aca8f596f188725db20bd745a8d66d87984c203bb947ad9,SOL,5min,2026-08-03T06:20:00+00:00,240,239.9,0.505,Up,0.48,67.99,0.47,16068.42,52,Down,0
2026-08-03T06:17:00+00:00,eth-updown-5m-1785737700,3283291,0x1d7dfef839966bbf66fcb7c17234e4ee6d9a03bf8e509815d9659d0cd47ea326,ETH,5min,2026-08-03T06:20:00+00:00,180,179.6,0.495,Down,0.27,69.2,0.26,17915.25,73,Down,1
2026-08-03T06:17:00+00:00,xrp-updown-15m-1785737700,3283281,0xfcd6bfdfcdf56f229c5fbb9cca0cd7fab682409e39ce4fb3ea8fc254c1789b18,XRP,15min,2026-08-03T06:30:00+00:00,780,779.5,0.505,Up,0.57,66.96,0.56,9907.01,23,Down,0
2026-08-03T06:21:00+00:00,sol-updown-5m-1785738000,3283333,0xf38b689ad9a25bb227a9eeffbebfbb6e24069bd2884f14c734afce21ef280af9,SOL,5min,2026-08-03T06:25:00+00:00,240,239.9,0.505,Up,0.2,28.2,0.19,17626.41,80,Down,0
2026-08-03T06:22:00+00:00,eth-updown-5m-1785738000,3283330,0x7496d865c1a943c23b1c64aa221ca41630a79be338cf9f1320c7da6b1af643fc,ETH,5min,2026-08-03T06:25:00+00:00,180,179.8,0.085,Down,0.92,2390.22,0.91,10861.83,8,Down,1
2026-08-03T06:22:00+00:00,sol-updown-15m-1785737700,3283296,0x191e81b8a468c16947d4177dcadfd516dc489a2d0234ee4109c83d053d15386b,SOL,15min,2026-08-03T06:30:00+00:00,480,479.6,0.175,Down,0.9,655.31,0.88,8397.22,10,Down,1
2026-08-03T06:25:00+00:00,eth-updown-15m-1785737700,3283289,0x0ece108a08d880c84ebc1d38961ad5f1d512b3d7b03d27f35b2ab728a391c3dc,ETH,15min,2026-08-03T06:30:00+00:00,300,299.9,0.18,Down,0.85,666.03,0.82,10146.3,15,Down,1
2026-08-03T06:26:00+00:00,sol-updown-5m-1785738300,3283368,0xa9154f9bb91ebb8b9eb9c25698919af9bf56a9457b4a3c81e84aa751f1d42b93,SOL,5min,2026-08-03T06:30:00+00:00,240,239.8,0.505,Up,0.24,23.02,0.23,16751.15,76,Down,0
2026-08-03T06:27:00+00:00,eth-updown-5m-1785738300,3283366,0xe88b8ce7c0d49e9cae8e50a35d3b8427684c448112b8baaa8277c6b8c4c63eac,ETH,5min,2026-08-03T06:30:00+00:00,180,179.8,0.505,Up,0.09,101.38,0.08,18613.03,91,Down,0
2026-08-03T06:29:00+00:00,btc-updown-15m-1785737700,3283287,0xee8d272f170d8b21ad987e9ce0d7664e79fcfda297414cb65bd8db1b08c9b157,BTC,15min,2026-08-03T06:30:00+00:00,60,59.4,0.015,Down,0.999,169.83,0.992,169.83,1,Down,1
2026-08-03T06:31:00+00:00,sol-updown-5m-1785738600,3283373,0x2a29db96dccae493c18dafbd7ee57606b1f6acd010d50613137666432895a90b,SOL,5min,2026-08-03T06:35:00+00:00,240,239.8,0.5,Up,0.46,18.01,0.45,16155.59,52,Down,0
2026-08-03T06:32:00+00:00,eth-updown-5m-1785738600,3283376,0x72092b623c3ac2e256809495d3d4dfee846753852c37826f3a47de9163eafcc3,ETH,5min,2026-08-03T06:35:00+00:00,180,179.5,0.505,Up,0.79,202.6,0.78,13427.32,21,Down,0
2026-08-03T06:32:00+00:00,xrp-updown-15m-1785738600,3283375,0x716544d504671c116578615bc35cda7447ef7417f9b47fcd4e6d2c3c3ab5cf89,XRP,15min,2026-08-03T06:45:00+00:00,780,779.3,0.63,Up,0.64,141.6,0.62,9923.33,21,Down,0
2026-08-03T06:36:00+00:00,sol-updown-5m-1785738900,3283392,0xe9e4b5d940d227b943f4bcb1de4a53fdc1d6287e65e64db0f53b7516fb21ea98,SOL,5min,2026-08-03T06:40:00+00:00,240,239.9,0.505,Up,0.2,20.25,0.18,16377.13,80,Down,0
2026-08-03T06:37:00+00:00,eth-updown-5m-1785738900,3283388,0xf96d5a3cc877b7b2f3d8ccc9f2c976ae51ccb240371af6d6ad888a3e6c72d8a5,ETH,5min,2026-08-03T06:40:00+00:00,180,179.8,0.505,Up,0.14,56.18,0.13,18793.71,86,Down,0
2026-08-03T06:37:00+00:00,sol-updown-15m-1785738600,3283382,0x00f6e0e0d185c8a2a4b73bceeb11057dfd9db94207a6dd5461b7188cb8de61c7,SOL,15min,2026-08-03T06:45:00+00:00,480,479.7,0.085,Down,0.95,1696.49,0.93,1696.49,5,Down,1
2026-08-03T06:40:00+00:00,eth-updown-15m-1785738600,3283379,0x26a61b4fd8a252f04e32e88916d08725b4fec064134a1ec9cc43918d94c96f46,ETH,15min,2026-08-03T06:45:00+00:00,300,299.8,0.255,Down,0.99,741.08,0.98,741.08,1,Down,1
2026-08-03T06:40:00+00:00,ethereum-up-or-down-august-3-2026-2am-et,3258340,0x35cdba9605010fc66ead166009a30493e64a50a67bfd341ff7f190be75373433,ETH,60min,2026-08-03T07:00:00+00:00,1200,1199.7,0.175,Down,0.98,647.85,0.96,647.85,2,Down,1
2026-08-03T06:41:00+00:00,sol-updown-5m-1785739200,3283414,0xe73999b274562f612b96c09ca39ff5c42bab4eac203ca86fd76b63c01b8c2700,SOL,5min,2026-08-03T06:45:00+00:00,240,239.8,0.505,Up,0.45,97.88,0.44,16477.22,55,Down,0
2026-08-03T06:42:00+00:00,eth-updown-5m-1785739200,3283411,0x3836dcb2e7415e4891b671708019649e8f7b92b98cef52ef8dfb3498d3c68664,ETH,5min,2026-08-03T06:45:00+00:00,180,179.9,0.52,Up,0.34,19.91,0.33,18603.71,65,Down,0
2026-08-03T06:44:00+00:00,btc-updown-15m-1785738600,3283381,0x65535fee4a4d31445d08e50a0bc29c1722347d0d823733e547abebc14d9969ec,BTC,15min,2026-08-03T06:45:00+00:00,60,59.9,0.015,Down,,0,0.999,0,0,Down,1
2026-08-03T06:46:00+00:00,sol-updown-5m-1785739500,3283425,0x2f0e30aee5262197aac09617fc1681f8f5bce28e8d7b4701690c40cc10714444,SOL,5min,2026-08-03T06:50:00+00:00,240,239.9,0.505,Up,0.69,295.41,0.68,16451.74,31,Up,1
2026-08-03T06:47:00+00:00,eth-updown-5m-1785739500,3283428,0x8d5c737df65e624a65ee533d2c74d7b0cf10a21200e212509ef0d43704835df0,ETH,5min,2026-08-03T06:50:00+00:00,180,179.6,0.525,Up,0.79,170.3,0.78,13665.56,21,Up,1
2026-08-03T06:47:00+00:00,xrp-updown-15m-1785739500,3283426,0xb7f84356affc0d2780e42f6131dfb75f978ea33432ca7e0b090809c65fa7f538,XRP,15min,2026-08-03T07:00:00+00:00,780,779.5,0.505,Up,0.82,141.15,0.81,7704.49,18,Up,1
2026-08-03T06:51:00+00:00,sol-updown-5m-1785739800,3283436,0xbc75a9aa2c0a5417797691f1268ccd3a9224e82af78cacdd7567565ef49329d2,SOL,5min,2026-08-03T06:55:00+00:00,240,239.9,0.505,Up,0.66,108.17,0.65,15836.11,34,Up,1
2026-08-03T06:52:00+00:00,eth-updown-5m-1785739800,3283435,0x1bf2a04dfc0024daac4e5e0ca5bc1d5a838c70f96f9d5d2d94a5d1de3a00e7d2,ETH,5min,2026-08-03T06:55:00+00:00,180,179.7,0.53,Up,0.74,392.98,0.73,15513.12,26,Up,1
2026-08-03T06:52:00+00:00,sol-updown-15m-1785739500,3283420,0x5cce83467e354e80f3666ab0ab54ee9930b048182fc0462f5b370d2bdc5baf81,SOL,15min,2026-08-03T07:00:00+00:00,480,479.5,0.66,Up,0.97,7516.34,0.95,7516.34,3,Up,1
2026-08-03T06:55:00+00:00,eth-updown-15m-1785739500,3283429,0xd8b87c23e809fd597b94652a0e5a4ab5fd23dc686e4a3f746dd1ccbd408d276a,ETH,15min,2026-08-03T07:00:00+00:00,300,299.9,0.885,Up,0.95,6752.86,0.94,6752.86,5,Up,1
2026-08-03T06:56:00+00:00,sol-updown-5m-1785740100,3283444,0x9634c02f4a5dd0777fec77daf8dc44a80b50792708dbb81e6b2e668ee517a43d,SOL,5min,2026-08-03T07:00:00+00:00,240,239.9,0.505,Up,0.3,37.35,0.29,15814.12,68,Down,0
2026-08-03T06:57:00+00:00,eth-updown-5m-1785740100,3283443,0xb7e7d199b0d96c7ff9d6f2263d29d2682ef4304ce6f84ea5b473fff3fd71f4d6,ETH,5min,2026-08-03T07:00:00+00:00,180,179.8,0.505,Up,0.42,94.69,0.41,18290.32,58,Down,0
2026-08-03T06:59:00+00:00,btc-updown-15m-1785739500,3283417,0x026faa1a446a879f126dcac51908dd596543e9fb68a9520784731fbc808da43f,BTC,15min,2026-08-03T07:00:00+00:00,60,59.9,0.725,Up,0.31,46.2,0.3,10590.94,56,Down,0
2026-08-03T07:01:00+00:00,sol-updown-5m-1785740400,3283455,0x5f72d24c0d5af4faed860dc7eefae8b1f1f699d6e8277aab7d55509e6f03c5aa,SOL,5min,2026-08-03T07:05:00+00:00,240,239.9,0.505,Up,0.47,28.95,0.44,17053.81,53,Down,0
2026-08-03T07:02:00+00:00,eth-updown-5m-1785740400,3283449,0x4b2aa41886c3f78c7ffb764c1e75c34f24708ea49605134a15a7e1bc5ddcd68f,ETH,5min,2026-08-03T07:05:00+00:00,180,179.5,0.505,Up,0.36,239.93,0.35,19468.17,64,Down,0
2026-08-03T07:02:00+00:00,xrp-updown-15m-1785740400,3283458,0x82b081c4143818765affb71d720eb566cecb09e574778994129d8a325286d4b8,XRP,15min,2026-08-03T07:15:00+00:00,780,779.4,0.505,Up,0.28,19.69,0.24,9861.0,24,Down,0
2026-08-03T07:06:00+00:00,sol-updown-5m-1785740700,3283467,0xd91548f033a8903637e1407e0a57e9b5ca9bef6c76f5921d80d5015e97005799,SOL,5min,2026-08-03T07:10:00+00:00,240,239.8,0.505,Up,0.42,53.9,0.4,17350.19,58,Down,0
2026-08-03T07:07:01+00:00,eth-updown-5m-1785740700,3283462,0x4fd5b9bc180f5f77fafd58d667407afd27840167260ebd796ded4d2f802eb203,ETH,5min,2026-08-03T07:10:00+00:00,180,178.9,0.525,Up,0.3,100.35,0.29,18000.59,70,Down,0
2026-08-03T07:07:01+00:00,sol-updown-15m-1785740400,3283457,0x0be9e9a54c0909b915203554b1feda7b78320049937b2f6534d3c84e96d91caa,SOL,15min,2026-08-03T07:15:00+00:00,480,478.3,0.495,Down,0.6,168.63,0.59,2207.74,40,Down,1
2026-08-03T07:10:00+00:00,eth-updown-15m-1785740400,3283448,0x2e35e117e3de337a2867be37c8cc038e3602083f25cd24adfd364d63d698128f,ETH,15min,2026-08-03T07:15:00+00:00,300,299.4,0.225,Down,0.95,7172.18,0.94,7172.18,4,Down,1
2026-08-03T07:11:00+00:00,sol-updown-5m-1785741000,3283534,0xda6714644b73d987e8fb2fecd694375b362a1e850d5ebe56d6e4df21697daa43,SOL,5min,2026-08-03T07:15:00+00:00,240,239.8,0.505,Up,0.67,114.7,0.66,14915.46,32,Down,0
2026-08-03T07:12:00+00:00,eth-updown-5m-1785741000,3283532,0x94430098341fcc80a9cdeb0fd9ff15651346986b3892c2f849c439fd5cc958e6,ETH,5min,2026-08-03T07:15:00+00:00,180,179.8,0.525,Up,0.88,391.65,0.87,13587.59,12,Down,0
2026-08-03T07:14:00+00:00,btc-updown-15m-1785740400,3283454,0x181cc68534dbd8409ccbf2031ab13dec38ff113b911b089c59d28bbb6a8b6d96,BTC,15min,2026-08-03T07:15:00+00:00,60,59.5,0.715,Up,0.88,857.35,0.87,10538.85,11,Down,0
2026-08-03T07:16:00+00:00,sol-updown-5m-1785741300,3283540,0xa07602e255bf51ceef17e057576474d82fb676b34295f87e58a18dc38f7cd0c4,SOL,5min,2026-08-03T07:20:00+00:00,240,239.8,0.505,Up,0.24,52.46,0.21,17284.81,76,Down,0
2026-08-03T07:17:00+00:00,eth-updown-5m-1785741300,3283544,0x9dab76a3e74cd3db751c57855e21f092449339be3b4fde276a2f2bd81d6e9066,ETH,5min,2026-08-03T07:20:00+00:00,180,179.1,0.525,Up,0.36,185.75,0.35,19234.29,64,Down,0
2026-08-03T07:17:01+00:00,xrp-updown-15m-1785741300,3283548,0x99a5eb73092e087bbcecc3a415ffeef365b3d9ed1c86e5e6175dfd6e23087696,XRP,15min,2026-08-03T07:30:00+00:00,780,778.9,0.5,Up,0.5,51.33,0.49,10135.11,31,Up,1
2026-08-03T07:21:00+00:00,sol-updown-5m-1785741600,3283553,0x439509c937178df29d4224fb401ea8ebc8e4e98220ac8cfdcc98a3860463c995,SOL,5min,2026-08-03T07:25:00+00:00,240,239.8,0.505,Up,0.57,120.4,0.56,16421.4,43,Up,1
2026-08-03T07:22:00+00:00,eth-updown-5m-1785741600,3283555,0xd1e4460e2c36fd0fedf78e60598bae32673fae8197095452c46faa122191dfd2,ETH,5min,2026-08-03T07:25:00+00:00,180,179.6,0.52,Up,0.5,123.13,0.48,18449.03,50,Up,1
2026-08-03T07:22:00+00:00,sol-updown-15m-1785741300,3283546,0x89a8d4d31a4a010dec8bcdb629f385e7202140e195a68eb4633fded2b7f352ec,SOL,15min,2026-08-03T07:30:00+00:00,480,479.4,0.25,Down,0.51,99.73,0.5,8875.81,49,Up,0
2026-08-03T07:25:00+00:00,eth-updown-15m-1785741300,3283545,0x5c350314b9a44e17267f74b671e294ef0e37da0548760ba1bbc86aa83736821e,ETH,15min,2026-08-03T07:30:00+00:00,300,299.9,0.285,Down,0.51,145.51,0.5,9966.39,49,Up,0
2026-08-03T07:26:00+00:00,sol-updown-5m-1785741900,3283573,0x7d17ca351731245e5ab4d0d68631c788130275e5d2ed1691244480eaf7296428,SOL,5min,2026-08-03T07:30:00+00:00,240,239.0,0.505,Up,0.49,131.13,0.48,16907.18,51,Up,1
2026-08-03T07:27:00+00:00,eth-updown-5m-1785741900,3283570,0xf2b24cf4d51632104e5070ea88a09473441692d25c9e3e9818551037cf8c8121,ETH,5min,2026-08-03T07:30:00+00:00,180,179.8,0.525,Up,0.49,82.4,0.48,18624.84,50,Up,1
2026-08-03T07:29:00+00:00,btc-updown-15m-1785741300,3283550,0x5777587a2bca25ff6d5b4a1571b27ed89e07fa5d766f158890cb7c947e4aba5d,BTC,15min,2026-08-03T07:30:00+00:00,60,59.7,0.945,Up,,0,0.98,0,0,Up,1
2026-08-03T07:31:00+00:00,sol-updown-5m-1785742200,3283586,0x4208f1cb52e05e5eef283f87eed93a22fcc427fa17242cca43e17640bb89a928,SOL,5min,2026-08-03T07:35:00+00:00,240,239.9,0.5,Up,0.72,185.7,0.71,15649.29,28,Up,1
2026-08-03T07:32:00+00:00,eth-updown-5m-1785742200,3283579,0xd3d5de6d6b1781c879110414429a3bbaaf71b8bf6a93c1366aa617a8aaa8708f,ETH,5min,2026-08-03T07:35:00+00:00,180,179.6,0.505,Up,0.65,71.44,0.64,16409.09,34,Up,1
2026-08-03T07:32:00+00:00,xrp-updown-15m-1785742200,3283576,0xe82bd59a24801b3137c20ac24131ac8cefe46b18d924a0e97c9cc9d4277703e4,XRP,15min,2026-08-03T07:45:00+00:00,780,779.5,0.5,Up,0.52,69.44,0.51,10007.75,23,Down,0
2026-08-03T07:36:00+00:00,sol-updown-5m-1785742500,3283633,0x1fa01ad7c5bc29896cd6cb18d1240ce9d72ffd2e5fb7d183ffb938f0405aeaaf,SOL,5min,2026-08-03T07:40:00+00:00,240,239.9,0.495,Down,0.7,224.25,0.69,15086.01,30,Down,1
2026-08-03T07:37:00+00:00,eth-updown-5m-1785742500,3283628,0xb15a12bd0e34fbac4875f2d92d9b9bf0786e1ef95c28670b6c2868296a290e42,ETH,5min,2026-08-03T07:40:00+00:00,180,179.7,0.505,Up,0.1,58.51,0.09,16691.55,90,Down,0
2026-08-03T07:37:00+00:00,sol-updown-15m-1785742200,3283584,0x1d8094498caaaadba3920dda990a6a64664a59399fd7aec0d187629ca92e1add,SOL,15min,2026-08-03T07:45:00+00:00,480,479.6,0.575,Up,0.52,81.39,0.51,8410.1,48,Down,0
2026-08-03T07:40:00+00:00,eth-updown-15m-1785742200,3283583,0xf59022491d0991c97ccbaad177a2b36c831205ca668bc0fcd03cebb2130bf8b1,ETH,15min,2026-08-03T07:45:00+00:00,300,299.9,0.775,Up,0.46,147.16,0.45,8907.73,54,Down,0
2026-08-03T07:40:00+00:00,ethereum-up-or-down-august-3-2026-3am-et,3258635,0xf6d0fd0f8db9c4a9818db0174339f90a2594dec65010ce4a7f32983d5121c655,ETH,60min,2026-08-03T08:00:00+00:00,1200,1199.7,0.315,Down,0.86,761.24,0.84,8291.02,13,Down,1
2026-08-03T07:41:00+00:00,sol-updown-5m-1785742800,3283751,0xbe15880a360956c985769aa6bd561f05a97d6f5e8b1a5b49831a99aaa4463d97,SOL,5min,2026-08-03T07:45:00+00:00,240,239.8,0.505,Up,0.61,71.21,0.59,15141.21,39,Down,0
2026-08-03T07:42:00+00:00,eth-updown-5m-1785742800,3283753,0x431662582bd7c8bda3b9ec8c3911d85acce53386284a41937f34033b1b98eeda,ETH,5min,2026-08-03T07:45:00+00:00,180,179.9,0.505,Up,0.51,249.21,0.5,17307.17,48,Down,0
2026-08-03T07:44:00+00:00,btc-updown-15m-1785742200,3283588,0xd64b6fdf30b42097a92e2aa34c72660b6eed5d68fac8480559a28ce1fdbd1ba8,BTC,15min,2026-08-03T07:45:00+00:00,60,59.9,0.455,Down,0.64,128.41,0.63,11416.79,36,Up,0
2026-08-03T07:46:00+00:00,sol-updown-5m-1785743100,3283766,0x5781c5317354fcc6cd0ecea1f17150d05f0578377f2d245bdc16214fea5e4b01,SOL,5min,2026-08-03T07:50:00+00:00,240,239.9,0.505,Up,0.46,18.3,0.45,15497.29,53,Down,0
2026-08-03T07:47:00+00:00,eth-updown-5m-1785743100,3283762,0xee5ea4dbf6f72aa7a2e4c296453806bcdb800280bbf5a7c8c040c3ea4f997835,ETH,5min,2026-08-03T07:50:00+00:00,180,179.6,0.505,Up,0.87,912.46,0.86,14105.69,13,Up,1
2026-08-03T07:47:00+00:00,xrp-updown-15m-1785743100,3283761,0x19c24750f37c493f820181aaee1a0f336c0241aa80eff18cb715ae689129c63d,XRP,15min,2026-08-03T08:00:00+00:00,780,779.5,0.505,Up,0.79,216.86,0.78,10298.12,21,Up,1
2026-08-03T07:51:00+00:00,sol-updown-5m-1785743400,3283779,0xee6073525c66035180f2ef173d6be9a1ecc598c2ec3d5a404a2eeabdc1af542d,SOL,5min,2026-08-03T07:55:00+00:00,240,239.9,0.505,Up,0.46,55.97,0.44,14959.55,54,Up,1
2026-08-03T07:52:00+00:00,eth-updown-5m-1785743400,3283778,0xf975d7055bc99593b983926728817aee04cc927b57466983a9555c3c03c6b0a4,ETH,5min,2026-08-03T07:55:00+00:00,180,179.7,0.505,Up,0.85,184.61,0.84,14262.5,14,Up,1
2026-08-03T07:52:00+00:00,sol-updown-15m-1785743100,3283764,0xc1f01b5fce38230cdddaca3402a478b4878532c72432f3e2f0ff6a6147b90a89,SOL,15min,2026-08-03T08:00:00+00:00,480,479.6,0.555,Up,0.48,51.65,0.47,10757.15,51,Down,0
2026-08-03T07:55:00+00:00,eth-updown-15m-1785743100,3283757,0x14e8359cdaee9a4d8d9790e19c614db92a488789166f039ce6114306f8a00666,ETH,15min,2026-08-03T08:00:00+00:00,300,299.9,0.815,Up,0.89,996.47,0.88,9663.49,11,Up,1
2026-08-03T07:56:00+00:00,sol-updown-5m-1785743700,3283816,0x5d6694bd316e4bd7d17253b6526a7ed7adbc493418bb19886e6d96bc76117971,SOL,5min,2026-08-03T08:00:00+00:00,240,239.8,0.505,Up,0.58,65.07,0.57,16819.02,41,Down,0
2026-08-03T07:57:00+00:00,eth-updown-5m-1785743700,3283811,0x27a4718e6bf46c5ae484ecd1479bdece37c0a56edf3fa734e95ecdd2c18ad4f0,ETH,5min,2026-08-03T08:00:00+00:00,180,179.9,0.505,Up,0.14,71.7,0.13,18688.38,86,Down,0
2026-08-03T07:59:00+00:00,btc-updown-15m-1785743100,3283767,0x5ecce835509ca44a28906caefc98358bea51c77c6849f1ab86b8bd407566bd6f,BTC,15min,2026-08-03T08:00:00+00:00,60,59.9,0.255,Down,0.99,89.1,0.97,89.1,1,Down,1
2026-08-03T08:01:00+00:00,sol-updown-5m-1785744000,3283862,0x1494b9a91e634fc8619459deab84c715581ed48b2761e7118232a6f49add8239,SOL,5min,2026-08-03T08:05:00+00:00,240,239.8,0.505,Up,0.81,377.17,0.8,6167.96,19,Down,0
2026-08-03T08:02:00+00:00,eth-updown-5m-1785744000,3283861,0x7f6d434f079a7a9af5118091b2a5b63a767d1cc47f0478222332ffc1fd1bd689,ETH,5min,2026-08-03T08:05:00+00:00,180,179.5,0.505,Up,0.45,62.18,0.44,17506.63,52,Down,0
2026-08-03T08:02:00+00:00,xrp-updown-15m-1785744000,3283846,0x8b3af06c9c1678e9838dd57b55dd8b9e05e5396a592d40a0c8ef8504d9d6d823,XRP,15min,2026-08-03T08:15:00+00:00,780,779.4,0.505,Up,0.52,61.8,0.51,10078.6,32,Down,0
2026-08-03T08:06:00+00:00,sol-updown-5m-1785744300,3283889,0xe67baa9825681ad39a540f79da479767b45cab165a85507047492913e802cd5f,SOL,5min,2026-08-03T08:10:00+00:00,240,239.9,0.505,Up,0.68,133.62,0.67,15919.12,32,Down,0
2026-08-03T08:07:00+00:00,eth-updown-5m-1785744300,3283890,0xb32e97019049609713fe4d37d2a818c7789acf968c4b8884291c3d44d09bc5d6,ETH,5min,2026-08-03T08:10:00+00:00,180,179.7,0.505,Up,0.66,371.4,0.65,19293.96,34,Down,0
2026-08-03T08:07:00+00:00,sol-updown-15m-1785744000,3283860,0xbb94c7dac6f69fe86a1a70e6b94b18eb91cc1c1611634aa3c995224fc16e20b7,SOL,15min,2026-08-03T08:15:00+00:00,480,479.6,0.385,Down,0.59,53.55,0.57,10576.74,40,Down,1
2026-08-03T08:10:00+00:00,eth-updown-15m-1785744000,3283854,0x17a8a77fe799af85a440da32d157c26b236409677e3f2e898bce389fd624cfcb,ETH,15min,2026-08-03T08:15:00+00:00,300,299.8,0.105,Down,0.85,14.68,0.84,9578.1,11,Down,1
2026-08-03T08:11:00+00:00,sol-updown-5m-1785744600,3284407,0x74e49fdbc2d72c582cf2240016d60b2fc0655cd8976a77dee0bb516b0e832a76,SOL,5min,2026-08-03T08:15:00+00:00,240,239.8,0.5,Up,0.71,148.3,0.7,16645.93,29,Up,1
2026-08-03T08:12:00+00:00,eth-updown-5m-1785744600,3284404,0xfc6ba691cefb52ed550cf174d2f359233b2da7bd4816afdf3307a93f6a7ff114,ETH,5min,2026-08-03T08:15:00+00:00,180,179.4,0.505,Up,0.39,15.58,0.38,18722.68,60,Up,1
2026-08-03T08:14:01+00:00,btc-updown-15m-1785744000,3283864,0xf485540eabe1f0db85313a8eae34e5a5e953834e0b6f98e3169a19e802b64b18,BTC,15min,2026-08-03T08:15:00+00:00,60,58.0,0.025,Down,0.999,169.83,0.98,169.83,1,Down,1
2026-08-03T08:16:01+00:00,sol-updown-5m-1785744900,3284418,0xc0a083576c07c368ecffa1ce2001806ac37e13f0b89ed9e97c3f07edf199f881,SOL,5min,2026-08-03T08:20:00+00:00,240,239.0,0.505,Up,0.28,53.98,0.27,15877.5,72,Down,0
2026-08-03T08:17:00+00:00,eth-updown-5m-1785744900,3284420,0xc3cd1656e059c11ad48c4f8704c2d4ace39bd6998b5e6ad21010e4f86a18f656,ETH,5min,2026-08-03T08:20:00+00:00,180,179.3,0.505,Up,0.1,60.09,0.09,18267.79,90,Down,0
2026-08-03T08:17:01+00:00,xrp-updown-15m-1785744900,3284411,0x1d7d26068c2a1d4492655409d7e1f550d7e03bb10093f12e14a835bd0a6e4db6,XRP,15min,2026-08-03T08:30:00+00:00,780,778.7,0.495,Down,0.71,92.44,0.7,10146.37,22,Down,1
2026-08-03T08:21:00+00:00,sol-updown-5m-1785745200,3284427,0x3b47fdad6565beedf2b72aa5e6e878ea2b4e78c891dbf6ef99d4c7d8032ddb00,SOL,5min,2026-08-03T08:25:00+00:00,240,239.9,0.505,Up,0.4,35.09,0.39,4099.17,47,Down,0
2026-08-03T08:22:02+00:00,eth-updown-5m-1785745200,3284426,0x2f4eac1a20540571615265156727a9a22cc47a7e64280348f615bb102e35a981,ETH,5min,2026-08-03T08:25:00+00:00,180,177.9,0.495,Down,0.98,974.13,0.97,974.13,2,Down,1
2026-08-03T08:22:02+00:00,sol-updown-15m-1785744900,3284412,0x636938a1cfead77d51a48066e281c897f35661e7fb970fb19e04b9d721ecf1c1,SOL,15min,2026-08-03T08:30:00+00:00,480,477.3,0.215,Down,0.99,596.97,0.98,596.97,1,Down,1
2026-08-03T08:25:00+00:00,eth-updown-15m-1785744900,3284419,0x9457469a3a5ae37bbd50fca58b779f198624b79d0a8e19e658e719a59c8a1e95,ETH,15min,2026-08-03T08:30:00+00:00,300,299.7,0.0125,Down,0.995,5461.81,0.99,5461.81,5,Down,1
2026-08-03T08:26:00+00:00,sol-updown-5m-1785745500,3284436,0x0d38edec1823ff172c1659fcb78cf77ee9ef1f67bb0a3b2ecb1bdf6f4c51c8e8,SOL,5min,2026-08-03T08:30:00+00:00,240,239.8,0.51,Up,0.36,34.23,0.34,17167.62,62,Down,0
2026-08-03T08:27:00+00:00,eth-updown-5m-1785745500,3284441,0x975c380f8358a57bca38d542bb5e6de2c28c0955dff795caebd70af0c25290b0,ETH,5min,2026-08-03T08:30:00+00:00,180,179.5,0.515,Up,0.45,81.39,0.44,18249.06,54,Down,0
2026-08-03T08:29:00+00:00,btc-updown-15m-1785744900,3284416,0x08e6cca1a55013fbd0ea329bf0487d3206ffe5cb80107f723776f4025795cf13,BTC,15min,2026-08-03T08:30:00+00:00,60,59.9,0.0035,Down,,0,0.999,0,0,Down,1
2026-08-03T08:31:00+00:00,sol-updown-5m-1785745800,3284444,0x72a6888514b812e6bd48b7223fe4f693a4ca2242c625490f6f4f278cde4c5b9e,SOL,5min,2026-08-03T08:35:00+00:00,240,239.8,0.505,Up,0.68,150.51,0.67,15364.65,32,Up,1
2026-08-03T08:32:01+00:00,eth-updown-5m-1785745800,3284447,0x52371896c4c29e31d5890e014d20dcd4073349e72f5aed7cc5dca03dd680d3c1,ETH,5min,2026-08-03T08:35:00+00:00,180,178.8,0.505,Up,0.64,284.18,0.63,16521.33,36,Down,0
2026-08-03T08:32:01+00:00,xrp-updown-15m-1785745800,3284446,0x8026b30f4ddb4481937736d2c832ba4e000b26bda25b660d65ead5773834fad0,XRP,15min,2026-08-03T08:45:00+00:00,780,778.7,0.585,Up,0.72,67.3,0.71,10033.7,20,Up,1
2026-08-03T08:36:00+00:00,sol-updown-5m-1785746100,3284493,0x6eca8eab841381925595816702b736cb9c0481bd2699ea4ca9f85245b779937e,SOL,5min,2026-08-03T08:40:00+00:00,240,239.4,0.505,Up,0.51,100.67,0.49,17560.86,49,Up,1
2026-08-03T08:37:00+00:00,eth-updown-5m-1785746100,3284496,0x98358b0791ff0f1d8a5f4a37c50b1c069f6a875bea16a30de88b0423adbba521,ETH,5min,2026-08-03T08:40:00+00:00,180,179.0,0.505,Up,0.96,9172.59,0.95,9172.59,4,Up,1
2026-08-03T08:37:01+00:00,sol-updown-15m-1785745800,3284448,0x520ec608fd27e7f9d07f49d366baad62f7acef44f877ead6e61a999a3e65e9b6,SOL,15min,2026-08-03T08:45:00+00:00,480,478.9,0.595,Up,0.89,423.99,0.88,8378.27,11,Up,1
2026-08-03T08:40:00+00:00,eth-updown-15m-1785745800,3284452,0xcaa0843a3e0bcd172b8a8da68cdae991937834f9523c173833f264c98fa75cc3,ETH,15min,2026-08-03T08:45:00+00:00,300,299.6,0.715,Up,0.69,71.33,0.68,10271.16,31,Up,1
2026-08-03T08:40:00+00:00,ethereum-up-or-down-august-3-2026-4am-et,3259148,0xbec6dc8c941d98335d478d66dad24b51a0a2a12fd5d8f37e8e2700c9daa72bb8,ETH,60min,2026-08-03T09:00:00+00:00,1200,1199.2,0.0315,Down,0.94,1528.33,0.939,4342.34,14,Down,1
2026-08-03T08:41:02+00:00,sol-updown-5m-1785746400,3284906,0xd2ce5a0f5f6ffe449a7c78d1cebe0c6dfaad0e6845b9d6d994fd1901d73ad5ce,SOL,5min,2026-08-03T08:45:00+00:00,240,238.0,0.505,Up,0.61,149.69,0.6,17056.1,38,Up,1
2026-08-03T08:42:00+00:00,eth-updown-5m-1785746400,3284915,0x224ec9b3b4725a8544c1602c46c4e724d82bbb81a75171ee0f20ac71c751a383,ETH,5min,2026-08-03T08:45:00+00:00,180,179.8,0.505,Up,0.85,528.23,0.84,12099.16,15,Up,1
2026-08-03T08:44:00+00:00,btc-updown-15m-1785745800,3284449,0xb0621cc900e90357aeb7d8ba279dec34dfc488c63043756bc88c2cf952d100ac,BTC,15min,2026-08-03T08:45:00+00:00,60,59.9,0.945,Up,,0,0.996,0,0,Up,1
2026-08-03T08:46:01+00:00,sol-updown-5m-1785746700,3284929,0xa3220fdee9fd5ac5d46b5c4e90858a7e8b33a4a18cdc30f6ec15e900f3584af0,SOL,5min,2026-08-03T08:50:00+00:00,240,238.6,0.505,Up,0.34,40.5,0.33,17167.1,66,Up,1
2026-08-03T08:47:00+00:00,eth-updown-5m-1785746700,3284932,0xbca90729966ef7b1c76e459b361ff93a60754cd9c4dc317326f4c008da9f9bd4,ETH,5min,2026-08-03T08:50:00+00:00,180,179.6,0.505,Up,0.56,230.71,0.55,16029.84,43,Up,1
2026-08-03T08:47:00+00:00,xrp-updown-15m-1785746700,3284928,0xebba01f84f9c3cd6dfae3d7e96fa99591d07b2e70ebe98d577ac5fc31514c67c,XRP,15min,2026-08-03T09:00:00+00:00,780,779.5,0.535,Up,0.51,87.32,0.5,9985.41,19,Up,1
2026-08-03T08:51:00+00:00,sol-updown-5m-1785747000,3284938,0x721a07c3776d75458cd1fe3fd43ae79b3fda0d08f9da57b377c17651c0886e50,SOL,5min,2026-08-03T08:55:00+00:00,240,239.9,0.505,Up,0.65,157.12,0.64,6706.43,35,Up,1
2026-08-03T08:52:00+00:00,eth-updown-5m-1785747000,3284934,0xe71f8b2dd65050e30059dd0447b20eb119db5bee3e3c7f509e4c259059dfa87a,ETH,5min,2026-08-03T08:55:00+00:00,180,179.1,0.495,Down,0.35,73.53,0.34,7855.48,65,Up,0
2026-08-03T08:52:00+00:00,sol-updown-15m-1785746700,3284920,0xec0728de64b10726d196229004b8db6a80854fdafc17be4b746b14f30e159898,SOL,15min,2026-08-03T09:00:00+00:00,480,479.0,0.445,Down,0.16,42.28,0.15,10992.11,84,Up,0
2026-08-03T08:55:00+00:00,eth-updown-15m-1785746700,3284921,0x438d984bcf65ecb343c8f552d9ca9bdb5af4bdb67a5c8587e10224e073520c92,ETH,15min,2026-08-03T09:00:00+00:00,300,299.9,0.955,Up,0.96,6745.71,0.95,6745.71,4,Up,1
2026-08-03T08:56:01+00:00,sol-updown-5m-1785747300,3285047,0x4f0b060ab7922b6292b0877053522afd4b286e4ed437257225be8b15bf651d11,SOL,5min,2026-08-03T09:00:00+00:00,240,238.9,0.565,Up,0.57,15.05,0.56,16207.32,39,Down,0
2026-08-03T08:57:00+00:00,eth-updown-5m-1785747300,3285049,0x1d837288c769f5651ba74c1fdd9904ec138be35652cda24aad74bd5bda97defe,ETH,5min,2026-08-03T09:00:00+00:00,180,179.6,0.505,Up,0.76,157.14,0.75,13207.15,23,Up,1
2026-08-03T08:59:00+00:00,btc-updown-15m-1785746700,3284924,0x8527d8a14558e7c5a43e6b06832bbfc13d524a988d0fd2fb9d1a2719e8e60c4a,BTC,15min,2026-08-03T09:00:00+00:00,60,59.9,0.945,Up,,0,0.999,0,0,Up,1
2026-08-03T09:01:00+00:00,sol-updown-5m-1785747600,3285058,0x5aad48681843d0e5d7a4f5cbd608d790fd18f86125f35b5b84ab4b7981306d1c,SOL,5min,2026-08-03T09:05:00+00:00,240,239.9,0.505,Up,0.5,36.88,0.48,16606.5,50,Down,0
2026-08-03T09:02:02+00:00,eth-updown-5m-1785747600,3285054,0xe826bcb791d3526e851b15d90ccbee9bece27a514ab421ff4f0996c825611a80,ETH,5min,2026-08-03T09:05:00+00:00,180,177.6,0.505,Up,0.39,127.25,0.38,16656.34,61,Up,1
2026-08-03T09:02:02+00:00,xrp-updown-15m-1785747600,3285063,0xff1dbe16e571dab93d99a182d3d215edfc71695b82bb19f02d7ef4b0e331f31c,XRP,15min,2026-08-03T09:15:00+00:00,780,777.4,0.505,Up,0.51,90.82,0.5,10057.34,23,Up,1
2026-08-03T09:06:00+00:00,sol-updown-5m-1785747900,3285070,0xa4b831d181c11668837538e411409ba4674793ce1e4a6a3ea4b6baea9d9104d0,SOL,5min,2026-08-03T09:10:00+00:00,240,239.8,0.5,Up,0.53,96.8,0.52,16053.01,47,Up,1
2026-08-03T09:07:00+00:00,eth-updown-5m-1785747900,3285069,0x4564ca5d9438b0cab7b158b06412a5e9a5b730f6429fc8292a1a71b7941a9cae,ETH,5min,2026-08-03T09:10:00+00:00,180,179.2,0.495,Down,0.34,63.59,0.33,18815.3,66,Up,0
2026-08-03T09:07:00+00:00,sol-updown-15m-1785747600,3285062,0x9bdb82a234dabd11b62604a01d90197c410be53062859596cbdb978edbc42876,SOL,15min,2026-08-03T09:15:00+00:00,480,479.1,0.365,Down,0.41,50.4,0.4,10908.98,59,Down,1
2026-08-03T09:10:00+00:00,eth-updown-15m-1785747600,3285060,0x0d5cc1a69559b4d4100cfbb7f80efa6d4abbbce432f6373aaea68cc14bed9eb3,ETH,15min,2026-08-03T09:15:00+00:00,300,299.7,0.575,Up,0.53,284.39,0.52,11861.86,47,Down,0
2026-08-03T09:11:00+00:00,sol-updown-5m-1785748200,3285722,0xc284865506f4d4a7e6f0ac3ad87ec9abd7278b184f423fe3fa2a119a3ff99075,SOL,5min,2026-08-03T09:15:00+00:00,240,239.5,0.505,Up,0.51,56.37,0.5,16305.41,48,Down,0
2026-08-03T09:12:00+00:00,eth-updown-5m-1785748200,3285718,0x12cbb6f8add7cdecd2f3ee7f32140e433a1b05fa006a78f32db4bb21ce7df439,ETH,5min,2026-08-03T09:15:00+00:00,180,179.9,0.505,Up,0.56,203.15,0.55,19361.76,44,Down,0
2026-08-03T09:14:00+00:00,btc-updown-15m-1785747600,3285057,0xbcbe76ebfd4396d77f31a45e06df28964cfa9d2a01c8f9eda99351b0fcd7282a,BTC,15min,2026-08-03T09:15:00+00:00,60,59.7,0.795,Up,0.97,1129.65,0.96,1129.65,3,Up,1
2026-08-03T09:16:00+00:00,sol-updown-5m-1785748500,3285927,0x311c708f05fcc35ed50fb32ee980baad37e2a360d03374ae950681e61a63e7d2,SOL,5min,2026-08-03T09:20:00+00:00,240,239.8,0.495,Down,0.5,92.37,0.49,16376.3,50,Up,0
2026-08-03T09:17:00+00:00,eth-updown-5m-1785748500,3285925,0xbddd82eaac7a7fda89feb6c6c05aa65df632bffc721444c3fa1ae3d941046000,ETH,5min,2026-08-03T09:20:00+00:00,180,179.5,0.495,Down,0.27,122.57,0.26,18483.11,73,Up,0
2026-08-03T09:17:00+00:00,xrp-updown-15m-1785748500,3285928,0x6d3604d44eded4ff43972d9e0a8b860384dab7e091979cf1bf6cfff3c3e03d8a,XRP,15min,2026-08-03T09:30:00+00:00,780,779.3,0.615,Up,0.62,65.18,0.61,10010.99,23,Up,1
2026-08-03T09:21:00+00:00,sol-updown-5m-1785748800,3285937,0x66fe829432642f2c2d793a8f421ac1b24afe40747a6ec85140c490080cb05915,SOL,5min,2026-08-03T09:25:00+00:00,240,239.8,0.495,Down,0.22,57.28,0.21,17547.42,77,Up,0
2026-08-03T09:22:00+00:00,eth-updown-5m-1785748800,3285941,0x3a8c8289f732227b074c46525f88311d57b30b771c3a4dfbda3315960b941ca8,ETH,5min,2026-08-03T09:25:00+00:00,180,179.5,0.505,Up,0.77,256.81,0.76,14705.06,23,Up,1
2026-08-03T09:22:00+00:00,sol-updown-15m-1785748500,3285930,0x3fc9be1636db2a95b3ebbd4c61160f0cdb63af6fbafb68f2b028fedd62c8eb61,SOL,15min,2026-08-03T09:30:00+00:00,480,479.3,0.625,Up,0.9,856.14,0.88,8759.88,10,Up,1
2026-08-03T09:25:00+00:00,eth-updown-15m-1785748500,3285929,0x93751ef6c4e7f2de5d0b2fdfea9f979ed878e96bf9d493603ce2d3fdaf302787,ETH,15min,2026-08-03T09:30:00+00:00,300,299.8,0.745,Up,0.94,7382.38,0.93,7382.38,6,Up,1
2026-08-03T09:26:00+00:00,sol-updown-5m-1785749100,3285993,0x4f359aadac11883da4d325f347169430e79043dc67a58970d7e97f70c7fa90b9,SOL,5min,2026-08-03T09:30:00+00:00,240,239.5,0.495,Down,0.39,64.63,0.38,16097.56,61,Up,0
2026-08-03T09:27:00+00:00,eth-updown-5m-1785749100,3285996,0x4a69693548b89bc80168d8011f25d93f4638248f42e1387a816e4712e5db0bbb,ETH,5min,2026-08-03T09:30:00+00:00,180,179.1,0.505,Up,0.32,53.32,0.31,19131.44,68,Up,1
2026-08-03T09:29:00+00:00,btc-updown-15m-1785748500,3285921,0x52c46dc7d3647651f243f46826810933790458ca3bd42853697ba6c7d766b465,BTC,15min,2026-08-03T09:30:00+00:00,60,59.8,0.9745,Up,0.998,618.06,0.997,618.06,2,Up,1
2026-08-03T09:31:00+00:00,sol-updown-5m-1785749400,3286032,0x91ab4978c8f6fd71239fc527362339680448c6f7a874b46046b67d3ad7b2d5ec,SOL,5min,2026-08-03T09:35:00+00:00,240,239.8,0.495,Down,0.62,53.3,0.61,16221.42,38,Up,0
2026-08-03T09:32:01+00:00,eth-updown-5m-1785749400,3286030,0x4b4a3be57836eaa0c0a3cb085e72f31bdb3752d18936a383e4c3e3b3f316708e,ETH,5min,2026-08-03T09:35:00+00:00,180,178.9,0.495,Down,0.68,170.42,0.67,18439.91,31,Up,0
2026-08-03T09:32:01+00:00,xrp-updown-15m-1785749400,3286023,0x1e22f3aaaffc3e1fde11142eca887c89491bf2f9822948ac9a901f3d235247e5,XRP,15min,2026-08-03T09:45:00+00:00,780,778.8,0.505,Up,0.57,154.14,0.56,10148.11,27,Up,1
2026-08-03T09:36:00+00:00,sol-updown-5m-1785749700,3286117,0xe8a57ce6097d4ed1f8fa49a139cf7e376de3aaf3e591ba668d8648a30c94afd6,SOL,5min,2026-08-03T09:40:00+00:00,240,239.8,0.495,Down,0.52,135.22,0.51,16627.3,48,Up,0
2026-08-03T09:37:02+00:00,eth-updown-5m-1785749700,3286112,0xc5d71edd37491997a29c8a3c7bd2567cffba950207ecaf3d07a5bea39476af03,ETH,5min,2026-08-03T09:40:00+00:00,180,177.7,0.495,Down,0.73,254.88,0.72,18046.81,27,Up,0
2026-08-03T09:37:02+00:00,sol-updown-15m-1785749400,3286029,0xadac7b4331a023851f665637c499a4d53a997dd0ba0de3eae28870b533a89e79,SOL,15min,2026-08-03T09:45:00+00:00,480,477.2,0.745,Up,0.77,414.57,0.76,9655.86,23,Up,1
2026-08-03T09:40:00+00:00,eth-updown-15m-1785749400,3286031,0xbcf3d02c1e4df71b24fbc267c0300d4fa6bb6a46e6138ad220ed3665acdec1e3,ETH,15min,2026-08-03T09:45:00+00:00,300,299.7,0.75,Up,0.84,627.62,0.83,10926.21,16,Up,1
2026-08-03T09:40:01+00:00,ethereum-up-or-down-august-3-2026-5am-et,3259480,0x3edb6c970fae9f5f39371d1da0017c2f16c44eab9ddc0f31df6287e95ca9d3be,ETH,60min,2026-08-03T10:00:00+00:00,1200,1198.8,0.805,Up,0.9,810.01,0.89,7484.06,10,Up,1
2026-08-03T09:41:01+00:00,sol-updown-5m-1785750000,3286120,0x790ac77467586fbc03b0865accc644c545783efeaf6b6b86d1c91bba1f3ceb04,SOL,5min,2026-08-03T09:45:00+00:00,240,239.0,0.495,Down,0.54,133.55,0.53,16950.69,46,Up,0
2026-08-03T09:42:00+00:00,eth-updown-5m-1785750000,3286124,0x9ba5d0cff70672f80600c37e11eae0b084fa58cdd25f06b8cacdb102934be821,ETH,5min,2026-08-03T09:45:00+00:00,180,179.4,0.495,Down,0.32,76.34,0.31,18875.26,68,Up,0
2026-08-03T09:44:00+00:00,btc-updown-15m-1785749400,3286022,0xb056cb5b43f86e3e17beee55e316bfc8390ba216d6e1219f3016ec8fc17d76d6,BTC,15min,2026-08-03T09:45:00+00:00,60,59.6,0.505,Up,0.99,261.6,0.98,261.6,1,Up,1
2026-08-03T09:46:00+00:00,sol-updown-5m-1785750300,3286136,0x35da52630ac00d7cefcc11f7a658c029e9f1ea4484c1b52a2569cb8d27e3312c,SOL,5min,2026-08-03T09:50:00+00:00,240,239.8,0.495,Down,0.41,36.62,0.4,16687.18,53,Up,0
2026-08-03T09:47:02+00:00,eth-updown-5m-1785750300,3286138,0xffeaf549d34d75c114501b2422ad8d6ffc6b17e5f1c55fc534e1ee9cb9220c93,ETH,5min,2026-08-03T09:50:00+00:00,180,177.2,0.495,Down,0.32,30.61,0.31,18220.49,67,Up,0
2026-08-03T09:47:02+00:00,xrp-updown-15m-1785750300,3286139,0xe7ed7b4b3f4690e2e48db9ae624cdae1b590d2d71793f54e101e79b716b14fee,XRP,15min,2026-08-03T10:00:00+00:00,780,777.0,0.495,Down,0.51,42.73,0.49,10002.44,22,Up,0
2026-08-03T09:51:00+00:00,sol-updown-5m-1785750600,3286150,0xaf760245b116cb9b88615f9a82667ba0d92e379652a3d33db8bc3cc9a1396794,SOL,5min,2026-08-03T09:55:00+00:00,240,239.7,0.495,Down,0.41,108.28,0.4,16698.77,59,Up,0
2026-08-03T09:52:01+00:00,eth-updown-5m-1785750600,3286147,0xf19dd2d0c940e0360fc31cf4898322276330e347d89b5f47201b1775d52fff37,ETH,5min,2026-08-03T09:55:00+00:00,180,178.6,0.495,Down,0.3,81.11,0.29,18234.79,70,Up,0
2026-08-03T09:52:01+00:00,sol-updown-15m-1785750300,3286131,0x43e7e7561fdb0a4bc0baeffbb80e72b6acfb4930eacfa0970b8aef6061ede941,SOL,15min,2026-08-03T10:00:00+00:00,480,478.4,0.7,Up,0.88,685.45,0.86,9138.89,11,Up,1
2026-08-03T09:55:00+00:00,eth-updown-15m-1785750300,3286133,0x182b114b3419fc3552304a6168eb6195a113373f754a88d8928d2cc5319c7ae7,ETH,15min,2026-08-03T10:00:00+00:00,300,299.9,0.775,Up,,0,0.99,0,0,Up,1
2026-08-03T09:56:00+00:00,sol-updown-5m-1785750900,3286160,0x529798854df7542aea03a99e88ce6b15e9ae28b34b9549459cb67e31412e9cf1,SOL,5min,2026-08-03T10:00:00+00:00,240,239.7,0.495,Down,0.18,33.13,0.17,18196.52,82,Up,0
2026-08-03T09:57:00+00:00,eth-updown-5m-1785750900,3286165,0x23516dcfa424e9f7ecfbc62671e5e0128af8540d483ee6db9d4d3d40702f8feb,ETH,5min,2026-08-03T10:00:00+00:00,180,179.7,0.495,Down,0.05,58.42,0.04,18451.33,95,Up,0
2026-08-03T09:59:00+00:00,btc-updown-15m-1785750300,3286132,0xcb9c07924d103cef9555ed02882b7157ec9b4b7ff7dc036e0d110c6da9118524,BTC,15min,2026-08-03T10:00:00+00:00,60,59.6,0.9805,Up,,0,0.999,0,0,Up,1
2026-08-03T10:01:00+00:00,sol-updown-5m-1785751200,3286178,0x6ebe8ecabadeca5d5b0cdd8bfd1143641da093d5ddde8d8aed7bd81e94081d63,SOL,5min,2026-08-03T10:05:00+00:00,240,239.6,0.495,Down,0.48,10.66,0.39,16080.53,46,Down,1
2026-08-03T10:02:01+00:00,eth-updown-5m-1785751200,3286170,0x86ecdbd34ef8f605b9932f40fdd4d29a9c97d70c68fbd0be21b887784fe79585,ETH,5min,2026-08-03T10:05:00+00:00,180,178.4,0.495,Down,0.72,58.62,0.69,16905.27,26,Down,1
2026-08-03T10:02:01+00:00,xrp-updown-15m-1785751200,3286177,0x07ef73d2badd772904b8442e6be322bddfb8f5cc6bd8820452e0233fbaedf159,XRP,15min,2026-08-03T10:15:00+00:00,780,778.2,0.495,Down,0.58,102.68,0.57,10314.59,29,Down,1
2026-08-03T10:06:01+00:00,sol-updown-5m-1785751500,3286190,0x57a3685d3ad2d6512909c4b2906511729fc678dd2a088120318176933e4f4e45,SOL,5min,2026-08-03T10:10:00+00:00,240,238.8,0.495,Down,0.64,178.17,0.63,16343.92,36,Down,1
2026-08-03T10:07:00+00:00,eth-updown-5m-1785751500,3286188,0x8ae7b78140bebb31ec2d610a15a12b7cd7af55c7f6fe624f9ca09452e7cf1bb1,ETH,5min,2026-08-03T10:10:00+00:00,180,179.4,0.495,Down,0.8,371.85,0.79,16128.16,20,Down,1
2026-08-03T10:07:00+00:00,sol-updown-15m-1785751200,3286175,0x4c93b8e93151fbec6f6099946ed1003961734ad36d23117042cfb535f98d96c6,SOL,15min,2026-08-03T10:15:00+00:00,480,479.2,0.395,Down,0.76,187.35,0.75,11496.76,24,Down,1
2026-08-03T10:10:00+00:00,eth-updown-15m-1785751200,3286171,0x7fb203bd58306a8e6844a3c56407a3322bab57c32669509c5777e6bf6c720e66,ETH,15min,2026-08-03T10:15:00+00:00,300,299.8,0.175,Down,0.87,382.32,0.86,8999.07,13,Down,1
2026-08-03T10:11:00+00:00,sol-updown-5m-1785751800,3286282,0x0e87b4b7337005264cb4080c8abd41f93ace6934a6a353caa080e2d9b3788d59,SOL,5min,2026-08-03T10:15:00+00:00,240,239.8,0.4,Down,0.55,31.68,0.54,16778.67,44,Down,1
2026-08-03T10:12:00+00:00,eth-updown-5m-1785751800,3286287,0x78005fda19c95df116a9806a9e055d2e480b0d252ccaf47a4557f5c1c9f79c94,ETH,5min,2026-08-03T10:15:00+00:00,180,179.2,0.495,Down,0.19,113.33,0.18,18950.31,81,Down,1
2026-08-03T10:14:00+00:00,btc-updown-15m-1785751200,3286176,0x9eca258ae999b0ad26706e130072ee55d7170aa991801e4334cc80523876d1da,BTC,15min,2026-08-03T10:15:00+00:00,60,59.9,0.106,Down,0.99,1128.53,0.98,1128.53,6,Down,1
2026-08-03T10:16:00+00:00,sol-updown-5m-1785752100,3286303,0x4749909dff0379939d211af213d56a51f4bf173409e74eecb249e1726ad1baf8,SOL,5min,2026-08-03T10:20:00+00:00,240,239.8,0.405,Down,0.56,114.53,0.55,17063.08,44,Up,0
2026-08-03T10:17:00+00:00,eth-updown-5m-1785752100,3286304,0xa46574bed75b241d7e5e7d3fea01f442b9dcf39f7d5996d0dd229196425d5cf3,ETH,5min,2026-08-03T10:20:00+00:00,180,179.0,0.495,Down,0.15,92.75,0.14,19106.43,85,Up,0
2026-08-03T10:17:01+00:00,xrp-updown-15m-1785752100,3286295,0x8d22d6d9fada979e828275c820c6a5d04b64396ccad6cbff6f5118db6d9c6375,XRP,15min,2026-08-03T10:30:00+00:00,780,778.9,0.495,Down,0.5,53.12,0.49,9969.55,23,Down,1
2026-08-03T10:21:00+00:00,sol-updown-5m-1785752400,3286332,0xd02d4c16a45414d76ef2a1cda5d4d50508293e115e4fe36a52797d96b8918775,SOL,5min,2026-08-03T10:25:00+00:00,240,239.4,0.495,Down,0.54,66.67,0.53,16436.37,46,Down,1
2026-08-03T10:22:01+00:00,eth-updown-5m-1785752400,3286337,0x835bd7ef950a91b548e4e824308970aa1fff3f8cc420c625f5ceb6b3ec2a37fd,ETH,5min,2026-08-03T10:25:00+00:00,180,178.9,0.495,Down,0.79,813.61,0.78,17960.89,21,Down,1
2026-08-03T10:22:01+00:00,sol-updown-15m-1785752100,3286298,0x18db277889c3316e6e9d25f347ee01c38458080c1c08a9e25c4cf87d26f97bcd,SOL,15min,2026-08-03T10:30:00+00:00,480,478.4,0.255,Down,0.28,47.42,0.24,10436.4,68,Down,1
2026-08-03T10:25:00+00:00,eth-updown-15m-1785752100,3286297,0x841ef2ccf12aa566fc929443ef29fadf8bab1845c1ea8cff401554f5aa775dbe,ETH,15min,2026-08-03T10:30:00+00:00,300,299.8,0.695,Up,0.41,142.94,0.4,12379.07,59,Down,0
2026-08-03T10:26:00+00:00,sol-updown-5m-1785752700,3286345,0x12174e6cb027565ee5657d577651db2cacac3368c8da49ec1573d342fe24f8dc,SOL,5min,2026-08-03T10:30:00+00:00,240,239.4,0.495,Down,0.51,84.03,0.5,16569.7,39,Down,1
2026-08-03T10:27:00+00:00,eth-updown-5m-1785752700,3286347,0xc1bcdbe20b3ceaa90044ccf7842e6e257f88fd3a4cbecb17d1d861bd2f547cf3,ETH,5min,2026-08-03T10:30:00+00:00,180,179.8,0.505,Up,0.3,137.0,0.29,19090.93,66,Down,0
2026-08-03T10:29:00+00:00,btc-updown-15m-1785752100,3286305,0x9ba209c55df5118662ee1c4ba9c2238191c81bc2369e1f1311a2ac2262b139ed,BTC,15min,2026-08-03T10:30:00+00:00,60,59.8,0.625,Up,0.04,8.73,0.02,10638.69,73,Down,0
2026-08-03T10:31:00+00:00,sol-updown-5m-1785753000,3286381,0x929466371077ac335f60c6e7025bda064a4f2958923fa00f1665e102eedba955,SOL,5min,2026-08-03T10:35:00+00:00,240,239.7,0.5,Up,0.32,55.99,0.31,16450.61,68,Down,0
2026-08-03T10:32:02+00:00,eth-updown-5m-1785753000,3286387,0x5dab908f3dec5cbb447f661af309b978b94d7aada6e63563f0ddb2907f75d5ba,ETH,5min,2026-08-03T10:35:00+00:00,180,177.7,0.495,Down,0.85,562.44,0.84,7610.42,15,Down,1
2026-08-03T10:32:02+00:00,xrp-updown-15m-1785753000,3286390,0x13e4d1962eed1eccdb7b85f7938f773b5cba20bc0c15527234c699800966210f,XRP,15min,2026-08-03T10:45:00+00:00,780,777.5,0.265,Down,0.68,223.84,0.67,10134.91,23,Up,0
2026-08-03T10:36:00+00:00,sol-updown-5m-1785753300,3286401,0xb91e845aee36cb097d9d7cf26feaf44270026974bf3748b5c979c20e7b21d252,SOL,5min,2026-08-03T10:40:00+00:00,240,239.6,0.505,Up,0.54,72.46,0.53,16662.67,44,Up,1
2026-08-03T10:37:00+00:00,eth-updown-5m-1785753300,3286398,0x839767f3bc6ca5664e445289a3be6489d41c7dc4b91b429b3872e3efe938430f,ETH,5min,2026-08-03T10:40:00+00:00,180,179.2,0.505,Up,0.23,5.53,0.22,18883.54,74,Down,0
2026-08-03T10:37:01+00:00,sol-updown-15m-1785753000,3286389,0x24a065d8bb7382825917a9c13e3722eef2c5988ebd3679780164c717f70f81c0,SOL,15min,2026-08-03T10:45:00+00:00,480,479.0,0.435,Down,0.55,88.71,0.52,2275.36,45,Up,0
2026-08-03T10:40:00+00:00,eth-updown-15m-1785753000,3286385,0x01a4d4751c47a834757adafbb446a8a32b17f6b80211ea918b22d2acbd6fafa5,ETH,15min,2026-08-03T10:45:00+00:00,300,299.7,0.18,Down,0.92,1238.39,0.91,7701.88,8,Down,1
2026-08-03T10:40:00+00:00,ethereum-up-or-down-august-3-2026-6am-et,3259727,0x6ce156d1f32e4925e969e4c6edb36ecbdbfa74ae9802e2a17aebcbc8e344a8ff,ETH,60min,2026-08-03T11:00:00+00:00,1200,1199.5,0.07,Down,0.96,602.87,0.95,602.87,4,Down,1
2026-08-03T10:41:00+00:00,sol-updown-5m-1785753600,3286556,0x08a723a0e6676fc8c324e6fff8bfbe64ef9d5624cf56f09f955b8d4dae34df5b,SOL,5min,2026-08-03T10:45:00+00:00,240,239.8,0.505,Up,0.42,75.4,0.41,16943.45,58,Up,1
2026-08-03T10:42:00+00:00,eth-updown-5m-1785753600,3286554,0xf00a8006acca33da29c4894787bac4b836d842e58ab07d29812c8fcd08efec2d,ETH,5min,2026-08-03T10:45:00+00:00,180,179.8,0.505,Up,0.49,107.3,0.48,19066.75,46,Up,1
2026-08-03T10:44:01+00:00,btc-updown-15m-1785753000,3286382,0x0235607c2b8090efc229da858a521a934e8ed6915d3533c4ee2243a3b93561a8,BTC,15min,2026-08-03T10:45:00+00:00,60,58.9,0.025,Down,0.99,217.29,0.982,217.29,2,Down,1
2026-08-03T10:46:00+00:00,sol-updown-5m-1785753900,3286573,0xebd33cff4783b912f71f641f71a3792ff3a524514930e7f9337a0db9043f7162,SOL,5min,2026-08-03T10:50:00+00:00,240,239.9,0.555,Up,0.18,11.51,0.17,15861.47,82,Down,0
2026-08-03T10:47:01+00:00,eth-updown-5m-1785753900,3286583,0x7bba8cd8ed19a03f60260f684cc2c58fb49631e8836bd3e13779ca93ad272ac8,ETH,5min,2026-08-03T10:50:00+00:00,180,178.6,0.505,Up,0.19,146.05,0.18,20085.36,81,Down,0
2026-08-03T10:47:01+00:00,xrp-updown-15m-1785753900,3286579,0x2e3c0def79cb1eea266d0a464cdf5a8e9a3cd05b469c4f1c9173c710808eb960,XRP,15min,2026-08-03T11:00:00+00:00,780,778.3,0.505,Up,0.33,48.47,0.29,9995.1,30,Up,1
2026-08-03T10:51:01+00:00,sol-updown-5m-1785754200,3286586,0x101d2d7d0a8e4dfa6e776238320e5453117acafab231329829ee56ba0580da6c,SOL,5min,2026-08-03T10:55:00+00:00,240,239.0,0.48,Down,0.68,140.82,0.65,14309.32,32,Up,0
2026-08-03T10:52:00+00:00,eth-updown-5m-1785754200,3286587,0xf0bc4571c104c896301051699376f1f93f87f237a922e77a1533509357cf48f4,ETH,5min,2026-08-03T10:55:00+00:00,180,179.1,0.505,Up,0.73,248.57,0.72,19298.62,27,Up,1
2026-08-03T10:52:01+00:00,sol-updown-15m-1785753900,3286584,0x7ca077df4e5c625f1ae437cbb2c611b972467071f3caf8cb1f626926f7e20c27,SOL,15min,2026-08-03T11:00:00+00:00,480,479.0,0.265,Down,0.96,1975.64,0.95,1975.64,4,Down,1
2026-08-03T10:55:00+00:00,eth-updown-15m-1785753900,3286581,0x98ad6546c9f54cdf9050036cada348d33feb028ee18cd69e2fe22153a8fbee53,ETH,15min,2026-08-03T11:00:00+00:00,300,299.8,0.04,Down,0.96,1165.67,0.94,1165.67,4,Down,1
2026-08-03T10:56:01+00:00,sol-updown-5m-1785754500,3286852,0x83139d0dc7ad4bd10e549fa9ff402382d3ff8657c374ce1a9a4920ad2f3f974c,SOL,5min,2026-08-03T11:00:00+00:00,240,238.6,0.505,Up,0.41,52.17,0.39,16222.89,59,Up,1
2026-08-03T10:57:00+00:00,eth-updown-5m-1785754500,3286847,0x60d2fb14b341851ccc3cdd86436c7ad7c5f19760d265f09fc97086cdfc461026,ETH,5min,2026-08-03T11:00:00+00:00,180,179.7,0.505,Up,0.79,611.29,0.78,17839.94,21,Up,1
2026-08-03T10:59:00+00:00,btc-updown-15m-1785753900,3286577,0x0f5f1ed853a2caab71600a1a801b55b6ff6c9486526cce66659fbc4a25613f21,BTC,15min,2026-08-03T11:00:00+00:00,60,59.4,0.2635,Down,0.127,93.75,0.103,4883.59,74,Up,0
2026-08-03T11:01:00+00:00,sol-updown-5m-1785754800,3286922,0x2fd06631fc524699050e4f2553caa57101f5cacff0c2b7fa237821ac5082c45a,SOL,5min,2026-08-03T11:05:00+00:00,240,239.7,0.5,Up,0.6,106.2,0.59,16984.66,40,Down,0
2026-08-03T11:02:01+00:00,eth-updown-5m-1785754800,3286918,0xbe6ba792cdb9e2628a953c45618a994358442c581cb84a4f6df6c5b15311b22d,ETH,5min,2026-08-03T11:05:00+00:00,180,178.9,0.505,Up,0.14,73.13,0.13,18481.44,86,Down,0
2026-08-03T11:02:01+00:00,xrp-updown-15m-1785754800,3286920,0x12d27c52affae9171d97fcf7038089fd51f6084e8c72dca6502e099637e4255d,XRP,15min,2026-08-03T11:15:00+00:00,780,778.8,0.495,Down,0.72,201.24,0.71,10044.97,24,Down,1
2026-08-03T11:06:00+00:00,sol-updown-5m-1785755100,3286937,0xe0f6af3e43712aa60891d218786bb61d8839f53a936237a9c28d2942efdd2a25,SOL,5min,2026-08-03T11:10:00+00:00,240,239.9,0.505,Up,0.27,45.9,0.26,16921.06,73,Down,0
2026-08-03T11:07:00+00:00,eth-updown-5m-1785755100,3286938,0x06c2e6f974b19f8aedb94484202a613246dda828cc5ef086304def81cc363b57,ETH,5min,2026-08-03T11:10:00+00:00,180,179.7,0.505,Up,0.07,67.17,0.06,18667.01,93,Down,0
2026-08-03T11:07:00+00:00,sol-updown-15m-1785754800,3286913,0x4c927c07bca64878559bb0f59246cb9ff3e66e27e8905cfec05d14d5ffb25731,SOL,15min,2026-08-03T11:15:00+00:00,480,479.5,0.345,Down,0.92,614.96,0.91,7062.79,8,Down,1
2026-08-03T11:10:00+00:00,eth-updown-15m-1785754800,3286925,0xc7b53a5a4f18d1628f82d742641bf3d9f8322375eee7df1abbb77bf3325cc953,ETH,15min,2026-08-03T11:15:00+00:00,300,299.7,0.005,Down,0.996,3598.38,0.99,3598.38,4,Down,1
2026-08-03T11:11:00+00:00,sol-updown-5m-1785755400,3287479,0x0dd6fd77bf8b2bfde796876c11a0d5ac9bfe89fd9a52770b9fcb9f8ed93e73a8,SOL,5min,2026-08-03T11:15:00+00:00,240,239.4,0.47,Down,0.62,103.1,0.61,16192.43,38,Up,0
2026-08-03T11:12:00+00:00,eth-updown-5m-1785755400,3287483,0x5f6289d5c9b363ca0f92a639a5b060921dc7281ea312c7081ac7a28ceea2431b,ETH,5min,2026-08-03T11:15:00+00:00,180,179.7,0.505,Up,0.57,351.36,0.56,19077.57,43,Up,1
2026-08-03T11:14:00+00:00,btc-updown-15m-1785754800,3286923,0x3e3cb5141047b7ffc31cef709d093fb515082fd43332292db55ca0d735ba2440,BTC,15min,2026-08-03T11:15:00+00:00,60,59.0,0.0055,Down,,0,0.999,0,0,Down,1
2026-08-03T11:16:01+00:00,sol-updown-5m-1785755700,3287558,0xb02ac6cc2501b1b48531b29b79f29335aefe971e4f16b2c8e591abf448591b74,SOL,5min,2026-08-03T11:20:00+00:00,240,238.4,0.505,Up,0.66,86.92,0.65,15596.69,34,Up,1
2026-08-03T11:17:00+00:00,eth-updown-5m-1785755700,3287550,0x78bd20eb7c3621f2701b3dce8a9a2aca370fd92c6e3cfe3cc2c87f46099dd4e9,ETH,5min,2026-08-03T11:20:00+00:00,180,179.9,0.505,Up,0.75,694.48,0.74,18384.0,25,Up,1
2026-08-03T11:17:00+00:00,xrp-updown-15m-1785755700,3287554,0x3a0a647ccdebcaabe5517f78b631063f02bc488a8558710e0aa8c1908d5c6d9e,XRP,15min,2026-08-03T11:30:00+00:00,780,779.7,0.505,Up,0.51,66.5,0.5,9994.46,25,Down,0
2026-08-03T11:21:00+00:00,sol-updown-5m-1785756000,3287598,0x8a850e95b5559da89dd5efd131899376b1d4977e35c6023c0a890487c4f039f7,SOL,5min,2026-08-03T11:25:00+00:00,240,239.8,0.5,Up,0.64,108.13,0.63,15312.62,36,Up,1
2026-08-03T11:22:01+00:00,eth-updown-5m-1785756000,3287595,0xfaa233a6a095b03fd43b3dbee1fecf30a9c716c73ee29e8d85c8c49321c3d41c,ETH,5min,2026-08-03T11:25:00+00:00,180,178.1,0.505,Up,0.69,244.18,0.68,16812.2,31,Up,1
2026-08-03T11:22:02+00:00,sol-updown-15m-1785755700,3287556,0x6298c90f8ee66b425eff59ed6652a6a917004ff65b5cd265cb675c5d722b1bbf,SOL,15min,2026-08-03T11:30:00+00:00,480,478.0,0.705,Up,0.95,7057.74,0.94,7057.74,5,Up,1
2026-08-03T11:25:00+00:00,eth-updown-15m-1785755700,3287546,0x3b2d9dc0f8235901b90704bfa4d7bbb84d0a12df798a658ff0b7ea05aa6651a6,ETH,15min,2026-08-03T11:30:00+00:00,300,299.7,0.9895,Up,0.99,1448.33,0.983,1448.33,5,Up,1
2026-08-03T11:26:01+00:00,sol-updown-5m-1785756300,3287684,0xf6ff8df9e255d0e48231170056ebaf639fdf8ad967eaf173dd0f93f1298cd56b,SOL,5min,2026-08-03T11:30:00+00:00,240,238.7,0.495,Down,0.78,379.02,0.77,15530.0,22,Down,1
2026-08-03T11:27:00+00:00,eth-updown-5m-1785756300,3287687,0x2776f8d9343da35a75b416acc9efd3afebb037e4c75577b43485a9b271a98f7b,ETH,5min,2026-08-03T11:30:00+00:00,180,179.8,0.505,Up,0.27,123.41,0.26,19265.66,73,Down,0
2026-08-03T11:29:00+00:00,btc-updown-15m-1785755700,3287552,0x68992b1f23f8ebd4faa2d59671a7ec478aa75854d801cc6e90b21e9a1424d9a2,BTC,15min,2026-08-03T11:30:00+00:00,60,59.8,0.9965,Up,,0,0.999,0,0,Up,1
2026-08-03T11:31:00+00:00,sol-updown-5m-1785756600,3287696,0x336813fa575ddf78dd5b9082b958ee43c9c7039c4bc7a4b913db802e7dc4ce7d,SOL,5min,2026-08-03T11:35:00+00:00,240,239.1,0.495,Down,0.23,47.76,0.22,8195.38,77,Up,0
2026-08-03T11:32:00+00:00,eth-updown-5m-1785756600,3287701,0x51f15c48eaedd017af9ec859bc3f581467338d3598a154fa738e7716a3d7e7e4,ETH,5min,2026-08-03T11:35:00+00:00,180,179.9,0.495,Down,0.11,70.7,0.1,18253.46,89,Up,0
2026-08-03T11:32:00+00:00,xrp-updown-15m-1785756600,3287700,0xc86ac216e4f64877824a1621bec57709bb32a16dc95db442fa81d1764805a221,XRP,15min,2026-08-03T11:45:00+00:00,780,779.7,0.505,Up,0.66,148.93,0.65,10363.58,25,Up,1
2026-08-03T11:36:00+00:00,sol-updown-5m-1785756900,3287749,0x13a0341661a5979370599850bc7bdf20cabc840163ae45cfab2cf4101fe46b13,SOL,5min,2026-08-03T11:40:00+00:00,240,239.9,0.495,Down,0.41,45.92,0.4,16279.18,59,Up,0
2026-08-03T11:37:02+00:00,eth-updown-5m-1785756900,3287746,0xc9ff994ab318dcf6ecbded6eee4c7f2dbb004a7de7c3ac25b8618fabc4822a29,ETH,5min,2026-08-03T11:40:00+00:00,180,177.5,0.505,Up,0.56,182.02,0.55,19156.95,44,Down,0
2026-08-03T11:37:02+00:00,sol-updown-15m-1785756600,3287693,0xda164f687b8af71ed2f3df0111561a4e95867847bd163aace6c91096f7b8f4ee,SOL,15min,2026-08-03T11:45:00+00:00,480,477.4,0.805,Up,0.95,6369.15,0.94,6369.15,5,Up,1
2026-08-03T11:40:00+00:00,eth-updown-15m-1785756600,3287694,0xfd6f725175bdece35777d6360e386b4000e355b5444631804c0f96da83b6df8d,ETH,15min,2026-08-03T11:45:00+00:00,300,299.8,0.911,Up,0.88,699.56,0.86,5183.8,22,Up,1
2026-08-03T11:40:00+00:00,ethereum-up-or-down-august-3-2026-7am-et,3259959,0x2cb3b9f35b08eefbfb1aeb0b4a07dbe75a9506fdaafffb9037dcf57d9ce98981,ETH,60min,2026-08-03T12:00:00+00:00,1200,1199.5,0.525,Up,0.39,284.91,0.37,22537.24,26,Down,0
2026-08-03T11:41:00+00:00,sol-updown-5m-1785757200,3288123,0xc968281e7ee00ec9f255e99850b12dee0fa9aadcaaaa8c3143fdad33296a231f,SOL,5min,2026-08-03T11:45:00+00:00,240,239.6,0.495,Down,0.89,669.3,0.88,11040.11,11,Down,1
2026-08-03T11:42:00+00:00,eth-updown-5m-1785757200,3288120,0x875cd7d6cbc0d47ce864e59222609cb6df3136d6097b8c2f7dd720df4eb1c42a,ETH,5min,2026-08-03T11:45:00+00:00,180,179.8,0.505,Up,0.11,112.45,0.1,18188.8,89,Down,0
2026-08-03T11:44:01+00:00,btc-updown-15m-1785756600,3287690,0x68341ca3f78b22aa229ecd041a456cd3c0cec4ff3ba95b3660ad4f4884e7078c,BTC,15min,2026-08-03T11:45:00+00:00,60,59.0,0.935,Up,0.24,151.96,0.23,4164.91,55,Down,0
2026-08-03T11:46:00+00:00,sol-updown-5m-1785757500,3288202,0x008f0492175eb97d71e432a493b8bffd3037c6c69d3e3e40fcc0dc488a0f28a7,SOL,5min,2026-08-03T11:50:00+00:00,240,239.5,0.495,Down,0.55,91.62,0.54,15526.2,45,Down,1
2026-08-03T11:47:01+00:00,eth-updown-5m-1785757500,3288201,0x9e0eb8ae486a6ad57afc11f4fe8407a770463c4d9cffbf25a15cccea0f4b1f9a,ETH,5min,2026-08-03T11:50:00+00:00,180,178.9,0.495,Down,0.63,278.96,0.62,18382.26,37,Down,1
2026-08-03T11:47:01+00:00,xrp-updown-15m-1785757500,3288209,0xffe18dff9710f858e471161332179e5c01a93661c70b8371811ce9d11ca652c4,XRP,15min,2026-08-03T12:00:00+00:00,780,778.7,0.535,Up,0.48,76.0,0.47,9773.5,25,Down,0
2026-08-03T11:51:01+00:00,sol-updown-5m-1785757800,3288243,0xa1b19dfacad8b083b073c5ea3d86c6efcaea85c5a0853edacce9281f1ee6f61b,SOL,5min,2026-08-03T11:55:00+00:00,240,238.8,0.505,Up,0.37,54.43,0.35,15818.58,63,Down,0
2026-08-03T11:52:00+00:00,eth-updown-5m-1785757800,3288246,0xe467a3fdd259720cfb60413184f8743f1eb2c9800b0f37dbfe83207daf014796,ETH,5min,2026-08-03T11:55:00+00:00,180,179.3,0.505,Up,0.2,109.77,0.19,18821.79,80,Down,0
2026-08-03T11:52:00+00:00,sol-updown-15m-1785757500,3288213,0xd41a060a73fc3865849dfae3f5215f6dcd5cea5add42aa9193be9cd9cdb3c85a,SOL,15min,2026-08-03T12:00:00+00:00,480,479.1,0.315,Down,0.76,398.31,0.74,10542.02,24,Down,1
2026-08-03T11:55:00+00:00,eth-updown-15m-1785757500,3288212,0x9b6746ad533a344902dd765d09e0bd197d4fff05c59346bee7e0f9a3cb8dfabc,ETH,15min,2026-08-03T12:00:00+00:00,300,299.8,0.175,Down,0.95,1590.56,0.94,1590.56,5,Down,1
2026-08-03T11:56:01+00:00,sol-updown-5m-1785758100,3288374,0x8783975a579bbc8837e63f29d19fcb93082cfb6833df72782c0220d12bb79447,SOL,5min,2026-08-03T12:00:00+00:00,240,238.2,0.505,Up,0.26,3.38,0.24,15845.9,69,Down,0
2026-08-03T11:57:00+00:00,eth-updown-5m-1785758100,3288372,0x03a881bebfe5ec818b76a78e2f2f75b3644ae7d5767664258a81204e97a661d3,ETH,5min,2026-08-03T12:00:00+00:00,180,179.3,0.505,Up,0.09,118.83,0.08,18530.25,91,Down,0
2026-08-03T11:59:00+00:00,btc-updown-15m-1785757500,3288210,0x3a0c39862c5aa60c6f3acb74af7fc96fb29714de5dda9302ef0dea19c57b81fd,BTC,15min,2026-08-03T12:00:00+00:00,60,59.8,0.0025,Down,0.998,1280.61,0.997,1280.61,2,Down,1
2026-08-03T12:01:00+00:00,sol-updown-5m-1785758400,3288392,0x2c96175826a755f7996335ff5026753e5effb16e4c8d0607bd9474a71fb25da5,SOL,5min,2026-08-03T12:05:00+00:00,240,239.4,0.495,Down,0.42,40.26,0.41,15420.9,58,Down,1
2026-08-03T12:02:01+00:00,eth-updown-5m-1785758400,3288401,0xe195d345870fa67f550c5a6ba1a8698df48282a199725a422f19c2f8cc90b900,ETH,5min,2026-08-03T12:05:00+00:00,180,178.9,0.505,Up,0.71,505.36,0.7,16926.22,28,Down,0
2026-08-03T12:02:01+00:00,xrp-updown-15m-1785758400,3288393,0x0b0f9e55ad56883457af32988e4240cdaaba0a8636c1eccecdfbf30657369c79,XRP,15min,2026-08-03T12:15:00+00:00,780,778.4,0.505,Up,0.71,198.22,0.69,9956.03,21,Up,1
2026-08-03T12:06:00+00:00,sol-updown-5m-1785758700,3288410,0xc01c0de8b5855fc07594e7f14c67e279cf2cd15ed249d13dfdee930c5d72a2c4,SOL,5min,2026-08-03T12:10:00+00:00,240,239.8,0.37,Down,0.62,136.09,0.61,16422.22,38,Up,0
2026-08-03T12:07:01+00:00,eth-updown-5m-1785758700,3288414,0x315b844058d6802f85d67d44fb2458bca0610c5c2834044a21d87fc0f2302864,ETH,5min,2026-08-03T12:10:00+00:00,180,178.7,0.505,Up,0.28,195.0,0.27,18263.94,72,Up,1
2026-08-03T12:07:01+00:00,sol-updown-15m-1785758400,3288391,0xf820286133eeb300a66f319fccebf802b2b21ed2c4e38efac9d89de5690d48aa,SOL,15min,2026-08-03T12:15:00+00:00,480,478.6,0.355,Down,0.8,255.45,0.79,10866.01,20,Up,0
2026-08-03T12:10:00+00:00,eth-updown-15m-1785758400,3288390,0xcec51705deb331e5199787a8859b161066bdb07a2803beccc3d308c9f57db4f2,ETH,15min,2026-08-03T12:15:00+00:00,300,299.8,0.215,Down,0.65,632.84,0.64,11939.07,35,Up,0
2026-08-03T12:11:00+00:00,sol-updown-5m-1785759000,3288652,0x5d7b5b0cdb9a94542045b8338fcbd69fe0f7f5b8e6b7b22982adfa30353e28c7,SOL,5min,2026-08-03T12:15:00+00:00,240,239.7,0.505,Up,0.47,78.79,0.46,16251.83,53,Up,1
2026-08-03T12:12:01+00:00,eth-updown-5m-1785759000,3288647,0xc01539c58e4695a68e24a3ede3a0040efc34954a65f4b90ada5407d899c6adec,ETH,5min,2026-08-03T12:15:00+00:00,180,178.9,0.505,Up,0.69,657.23,0.68,18378.82,31,Up,1
2026-08-03T12:14:00+00:00,btc-updown-15m-1785758400,3288399,0x02c56cc0405bfab750c708a6d98d4760859c64a94483a46b9f9f044bfb289933,BTC,15min,2026-08-03T12:15:00+00:00,60,59.4,0.075,Down,0.68,989.23,0.67,6489.36,32,Down,1
2026-08-03T12:16:01+00:00,sol-updown-5m-1785759300,3288662,0xd75a02d9d39e75cf48b0aa1f3482af3ba4d10b0053e2f76e00ba828a569c42e7,SOL,5min,2026-08-03T12:20:00+00:00,240,238.6,0.51,Up,0.39,59.25,0.38,15994.75,61,Up,1
2026-08-03T12:17:00+00:00,eth-updown-5m-1785759300,3288660,0x06fe56a9d0f8b6758abf4f5ae79343b283ae6f81d9940942eca604b80233a1b8,ETH,5min,2026-08-03T12:20:00+00:00,180,179.4,0.505,Up,0.35,162.54,0.34,17957.72,65,Up,1
2026-08-03T12:17:00+00:00,xrp-updown-15m-1785759300,3288666,0xc96783a58065d8b6978a3890ae18ad02d96dad0fb97ab433f7678a3bf115d91a,XRP,15min,2026-08-03T12:30:00+00:00,780,779.3,0.505,Up,0.45,38.44,0.42,9724.9,26,Down,0
2026-08-03T12:21:00+00:00,sol-updown-5m-1785759600,3288678,0xa09aba48969d722d4f8b1657cda5814f1c5eaa1aa9127a171a0cedbe01b356ab,SOL,5min,2026-08-03T12:25:00+00:00,240,239.9,0.44,Down,0.73,328.53,0.72,15058.28,27,Down,1
2026-08-03T12:22:01+00:00,eth-updown-5m-1785759600,3288674,0xf867692d8f1223abebcfdb270cf1dc643ff858a892cc4f65828a7c0fe8ff3dfc,ETH,5min,2026-08-03T12:25:00+00:00,180,179.0,0.505,Up,0.42,121.42,0.41,16510.03,58,Up,1
2026-08-03T12:22:01+00:00,sol-updown-15m-1785759300,3288665,0x909c4fd6de792d026c714934f1de13afa5c68913d730504ce3f00c1cfef34e5f,SOL,15min,2026-08-03T12:30:00+00:00,480,478.6,0.275,Down,0.52,83.81,0.51,10767.85,48,Down,1
2026-08-03T12:25:00+00:00,eth-updown-15m-1785759300,3288669,0xb41c76ff68dca8e7c52f2b5c4dd12104249df71e66dc9a94459c6ad8401d376a,ETH,15min,2026-08-03T12:30:00+00:00,300,299.7,0.705,Up,0.92,1295.26,0.91,8676.31,8,Up,1
2026-08-03T12:26:00+00:00,sol-updown-5m-1785759900,3288691,0x879d57cde53423b9e79109f1a6064d471490898853a33d8d9780358a85fb7a29,SOL,5min,2026-08-03T12:30:00+00:00,240,239.8,0.5,Up,0.32,36.24,0.31,16175.83,68,Down,0
2026-08-03T12:27:00+00:00,eth-updown-5m-1785759900,3288694,0xe9ec98c4ad5614b3f34030ebbad4b1863f9ab2a03452253b413ec05d909ddc64,ETH,5min,2026-08-03T12:30:00+00:00,180,179.5,0.505,Up,0.48,223.02,0.47,16939.39,52,Down,0
2026-08-03T12:29:00+00:00,btc-updown-15m-1785759300,3288663,0xd8d6d0df8f9fcb149aac11f92e9b21a8778de640cb7cc8ac9a13009e69cb5081,BTC,15min,2026-08-03T12:30:00+00:00,60,59.8,0.945,Up,,0,0.999,0,0,Up,1
2026-08-03T12:31:00+00:00,sol-updown-5m-1785760200,3288707,0xe3a36787befbbff50bf34d780f6b741cc895c3150a6c7c7745ab38358566daa4,SOL,5min,2026-08-03T12:35:00+00:00,240,239.3,0.505,Up,0.62,58.53,0.61,13337.81,30,Down,0
2026-08-03T12:32:00+00:00,eth-updown-5m-1785760200,3288704,0xc534df0a300fbf82f47ec7c76110470d8738da1c2e46bd8fa20bf2cb5b4aa52d,ETH,5min,2026-08-03T12:35:00+00:00,180,179.0,0.505,Up,0.75,135.05,0.74,10109.54,24,Down,0
2026-08-03T12:32:01+00:00,xrp-updown-15m-1785760200,3288712,0x0d3970d6f0fa2c6ed9f9ca0f78b66b90a511dbf9654d60a72f3236353b46d972,XRP,15min,2026-08-03T12:45:00+00:00,780,778.5,0.505,Up,0.61,151.91,0.6,9802.71,21,Up,1
2026-08-03T12:36:00+00:00,sol-updown-5m-1785760500,3288761,0xf8e2bbccf200e903e3d2c1ee465e752dbe0bdf4ec9d4c56236f235faa63ff882,SOL,5min,2026-08-03T12:40:00+00:00,240,239.8,0.485,Down,0.46,60.38,0.45,15792.2,54,Down,1
2026-08-03T12:37:00+00:00,eth-updown-5m-1785760500,3288764,0xbe85b791d135d2e12c47ca95be443ffc3c30683cbc13cd5b5fa602c8419bd987,ETH,5min,2026-08-03T12:40:00+00:00,180,179.2,0.495,Down,0.47,253.1,0.46,18456.58,53,Down,1
2026-08-03T12:37:01+00:00,sol-updown-15m-1785760200,3288701,0x67b1887b1adab99d1a91c18566fa5073a172c899dcbdc5e9a9c86d78814a54c9,SOL,15min,2026-08-03T12:45:00+00:00,480,478.7,0.395,Down,0.6,147.03,0.59,9971.39,25,Up,0
2026-08-03T12:40:00+00:00,eth-updown-15m-1785760200,3288710,0x092fa8541f70d079ce115ab5777d916abb0700ee55fbdbde91091b4efcd09ea9,ETH,15min,2026-08-03T12:45:00+00:00,300,299.7,0.405,Down,0.66,97.71,0.65,9509.26,33,Up,0
2026-08-03T12:40:00+00:00,ethereum-up-or-down-august-3-2026-8am-et,3260331,0xc4a42f8f7f8f9be68edd01edd6678f31ae304627a5ed322dc15e40477ae149a3,ETH,60min,2026-08-03T13:00:00+00:00,1200,1199.3,0.785,Up,0.82,674.9,0.81,6768.51,15,Up,1
2026-08-03T12:41:00+00:00,sol-updown-5m-1785760800,3288808,0x044ce55c37c0ecfe49206f76f08008ab6ba0a039b6571b1b79be7cd6981844a9,SOL,5min,2026-08-03T12:45:00+00:00,240,239.2,0.505,Up,0.75,229.15,0.74,14814.31,25,Up,1
2026-08-03T12:42:00+00:00,eth-updown-5m-1785760800,3288809,0xdb966c40fef950f20f69bccb55d717f691d56089938e5a79df8e9c9e82a46d28,ETH,5min,2026-08-03T12:45:00+00:00,180,179.7,0.505,Up,0.87,874.54,0.86,12853.72,13,Up,1
2026-08-03T12:44:00+00:00,btc-updown-15m-1785760200,3288708,0x04ff53b0404aef74a42f57a0674646a2e8fc00b89b135d09a7ccca697a771eea,BTC,15min,2026-08-03T12:45:00+00:00,60,59.8,0.425,Down,0.11,20.96,0.1,12307.12,66,Up,0
2026-08-03T12:46:00+00:00,sol-updown-5m-1785761100,3288834,0x39670d1e75407cb22b0805f62066d2948bd374834da41a84f560b98c51de197d,SOL,5min,2026-08-03T12:50:00+00:00,240,239.4,0.505,Up,0.2,29.54,0.19,8408.59,80,Down,0
2026-08-03T12:47:00+00:00,eth-updown-5m-1785761100,3288832,0x64a31bc2a148574619e24545251b93b9d03d610118583097a0cfe96f7760fc3b,ETH,5min,2026-08-03T12:50:00+00:00,180,179.8,0.505,Up,0.42,60.14,0.4,16206.15,58,Down,0
2026-08-03T12:47:00+00:00,xrp-updown-15m-1785761100,3288830,0x594362e5c43f050f677591cc3cfdaa221b52a5874567728c0eb5668e8860c54e,XRP,15min,2026-08-03T13:00:00+00:00,780,779.5,0.475,Down,0.52,69.08,0.51,10194.19,29,Up,0
2026-08-03T12:51:00+00:00,sol-updown-5m-1785761400,3288860,0xc04a8ba25c2467044ba4f2de7b66e2a21bd59178d2be4b4684db68f0dc61e266,SOL,5min,2026-08-03T12:55:00+00:00,240,239.7,0.505,Up,0.41,29.41,0.4,16117.6,59,Down,0
2026-08-03T12:52:00+00:00,eth-updown-5m-1785761400,3288862,0xff6e76a880aafe3bdac6f88aadf3cb7cca0ca944bd0bce5e663fac50e9ce5c7e,ETH,5min,2026-08-03T12:55:00+00:00,180,179.3,0.505,Up,0.51,80.73,0.5,17252.27,49,Up,1
2026-08-03T12:52:00+00:00,sol-updown-15m-1785761100,3288826,0x6c55f6259a4f00d80756473e32736046894bc91565c513ad1ab3070ba0bf9611,SOL,15min,2026-08-03T13:00:00+00:00,480,479.2,0.235,Down,0.68,308.91,0.65,2636.2,32,Down,1
2026-08-03T12:55:00+00:00,eth-updown-15m-1785761100,3288827,0x037953462cd67aff2db6300dbfce468712a28b4094da53d066b43514d8799733,ETH,15min,2026-08-03T13:00:00+00:00,300,299.8,0.165,Down,0.67,216.65,0.66,9280.95,33,Down,1
2026-08-03T12:56:00+00:00,sol-updown-5m-1785761700,3288865,0x1341890f91a872f929d9f4223f3f1c897a20aca26d22112b4391589088c2a0e5,SOL,5min,2026-08-03T13:00:00+00:00,240,239.6,0.495,Down,0.42,62.64,0.41,16194.2,57,Down,1
2026-08-03T12:57:00+00:00,eth-updown-5m-1785761700,3288869,0x263fa20367c1856541a197597e34b0c2612023b4c0bf0961727ebbf3b784b30e,ETH,5min,2026-08-03T13:00:00+00:00,180,179.8,0.495,Down,0.45,262.41,0.44,16287.03,55,Down,1
2026-08-03T12:59:00+00:00,btc-updown-15m-1785761100,3288836,0x628048059df0c223bc0f29f5ab3d80bccec3e72e877ec0315908a0109d584b48,BTC,15min,2026-08-03T13:00:00+00:00,60,59.8,0.175,Down,,0,0.99,0,0,Down,1
2026-08-03T13:01:00+00:00,sol-updown-5m-1785762000,3288880,0xfb1adcad5d0683a1ea0910056782ba0780efce1c7e8f9d1a32685e4d36028b81,SOL,5min,2026-08-03T13:05:00+00:00,240,239.3,0.495,Down,0.49,42.18,0.48,16119.56,51,Down,1
2026-08-03T13:02:00+00:00,eth-updown-5m-1785762000,3288879,0xa110f34b031c53fe5cae16467d92324da4db219326a2b053f74a0f4f2a452db2,ETH,5min,2026-08-03T13:05:00+00:00,180,179.7,0.495,Down,0.14,160.41,0.13,18241.13,86,Down,1
2026-08-03T13:02:00+00:00,xrp-updown-15m-1785762000,3288887,0x854cf432012933286f46784d759fac0c44c3e73a5c7187651898fbd62d15b080,XRP,15min,2026-08-03T13:15:00+00:00,780,779.6,0.495,Down,0.31,37.2,0.3,9753.5,32,Up,0
2026-08-03T13:06:00+00:00,sol-updown-5m-1785762300,3288896,0x9c82813fa5e7d3b559c242430efe99901ee0b65457a7057130ac4b9d99b7b771,SOL,5min,2026-08-03T13:10:00+00:00,240,239.4,0.505,Up,0.77,177.14,0.76,13310.74,23,Up,1
2026-08-03T13:07:00+00:00,eth-updown-5m-1785762300,3288898,0xec15bb058020fb0992a27acb93d866d8bf42726afa529ebdf1d7abd0539d2213,ETH,5min,2026-08-03T13:10:00+00:00,180,179.5,0.495,Down,0.46,156.94,0.45,17565.28,54,Up,0
2026-08-03T13:07:00+00:00,sol-updown-15m-1785762000,3288883,0xd5306ea4261dd3f74db1e4df986ea51d7be4b8d5d41cc48ee5a70aa7229a4c4c,SOL,15min,2026-08-03T13:15:00+00:00,480,479.3,0.705,Up,0.43,86.45,0.42,10141.28,57,Up,1
2026-08-03T13:10:00+00:00,eth-updown-15m-1785762000,3288882,0x6c1857795942fcd7a245b0e74a5966afa2143af33d53bb4bf6660b73fd937eab,ETH,15min,2026-08-03T13:15:00+00:00,300,299.9,0.655,Up,0.66,374.48,0.65,11942.84,34,Up,1
2026-08-03T13:11:00+00:00,sol-updown-5m-1785762600,3288910,0x9ce775a3d199c46333e9f2930c10d9fe2321ae5e8393ce4483257e06092d5e10,SOL,5min,2026-08-03T13:15:00+00:00,240,239.6,0.505,Up,0.66,73.19,0.65,14810.73,34,Up,1
2026-08-03T13:12:00+00:00,eth-updown-5m-1785762600,3288902,0xe593f9689a56127e67f5362d59b9b6ddf8404f4f866c3ddcc4dc82577ef67944,ETH,5min,2026-08-03T13:15:00+00:00,180,179.9,0.505,Up,0.49,260.79,0.48,20180.58,51,Up,1
2026-08-03T13:14:00+00:00,btc-updown-15m-1785762000,3288881,0x01f62d59c4ec4dc4bbddf0901413fa9d4922370a0bbf6f0c976fb2b0cb584765,BTC,15min,2026-08-03T13:15:00+00:00,60,59.9,0.685,Up,,0,0.99,0,0,Up,1
2026-08-03T13:16:00+00:00,sol-updown-5m-1785762900,3288918,0xac6e92acddc2c80a4a058b8ba3b7ba018224e1bbb7ba0995359ea6a145f977bc,SOL,5min,2026-08-03T13:20:00+00:00,240,239.9,0.505,Up,0.64,212.83,0.63,15795.47,36,Up,1
2026-08-03T13:17:00+00:00,eth-updown-5m-1785762900,3288914,0x41071566e65c4c2a363c25dcaa012e5b399a14079a9737472a5858f97aa2b5cb,ETH,5min,2026-08-03T13:20:00+00:00,180,179.5,0.505,Up,0.84,815.34,0.83,14845.63,16,Up,1
2026-08-03T13:17:00+00:00,xrp-updown-15m-1785762900,3288917,0x7794e9f097b87a8de99dd1500ae584582bea6317cf748fee8dfbcc2202ec91f8,XRP,15min,2026-08-03T13:30:00+00:00,780,779.4,0.505,Up,0.69,27.17,0.68,9711.76,17,Up,1
2026-08-03T13:21:00+00:00,sol-updown-5m-1785763200,3288935,0x3b8e436a3e59b75a65e3feb0c6bdb1da7c3ac97064abbea6d7d21e0a3532e66e,SOL,5min,2026-08-03T13:25:00+00:00,240,239.9,0.505,Up,0.64,158.43,0.63,6403.49,36,Down,0
2026-08-03T13:22:00+00:00,eth-updown-5m-1785763200,3288940,0xd752e4f69774b4830630d7dbcdb58087875e4d8cd7ee2a13dfe6b01f6886db5d,ETH,5min,2026-08-03T13:25:00+00:00,180,179.6,0.495,Down,0.54,304.93,0.53,19080.59,46,Down,1
2026-08-03T13:22:00+00:00,sol-updown-15m-1785762900,3288920,0xbad43c027766b54e067d4c07e24287f5817d3e18ad859edb85e18f79aff79080,SOL,15min,2026-08-03T13:30:00+00:00,480,479.5,0.98,Up,0.99,1511.94,0.97,1511.94,5,Up,1
2026-08-03T13:25:00+00:00,eth-updown-15m-1785762900,3288921,0x9ef132176d308c3297a0e9fe8fa7c2053eebc83029eabc02a1cbd24ed1f3d93a,ETH,15min,2026-08-03T13:30:00+00:00,300,299.8,0.985,Up,0.989,2745.8,0.98,2745.8,5,Down,0
2026-08-03T13:26:00+00:00,sol-updown-5m-1785763500,3289204,0xde1b57bef4bd9ee36d622664ea3bac023f5f035206a620901c7e47aa2edb7a1c,SOL,5min,2026-08-03T13:30:00+00:00,240,239.9,0.475,Down,0.77,428.11,0.76,15773.55,23,Down,1
2026-08-03T13:27:00+00:00,eth-updown-5m-1785763500,3289202,0x6e28178a5b384ade5d29ca15897cbf0ad9e49f9adf41a194cc3f52050f90da81,ETH,5min,2026-08-03T13:30:00+00:00,180,179.9,0.495,Down,0.92,2376.58,0.91,11929.39,8,Down,1
2026-08-03T13:29:00+00:00,btc-updown-15m-1785762900,3288912,0x6125d04bfc7af6f84d7543bd7dff4face4d5078022637b1a668b6698be11ef9a,BTC,15min,2026-08-03T13:30:00+00:00,60,59.9,0.975,Up,0.19,35.16,0.177,6103.38,94,Down,0
2026-08-03T13:31:00+00:00,sol-updown-5m-1785763800,3289215,0x9083450d21969c9b6e1f9afdbc41e1acad9779b8c0875051d686f6f3f9f030a1,SOL,5min,2026-08-03T13:35:00+00:00,240,239.8,0.505,Up,0.4,109.71,0.39,17728.19,60,Down,0
2026-08-03T13:32:00+00:00,eth-updown-5m-1785763800,3289222,0xad7eba9119d6ba8fba982f23b166f647114cf4ee95fb50df05b95c0ba786e749,ETH,5min,2026-08-03T13:35:00+00:00,180,179.5,0.495,Down,0.8,747.65,0.79,6933.58,20,Down,1
2026-08-03T13:32:00+00:00,xrp-updown-15m-1785763800,3289221,0x231c3956ea1d230ee2c269b8d782eee0392b48420c77de210aa65cb368c105d1,XRP,15min,2026-08-03T13:45:00+00:00,780,779.4,0.495,Down,0.78,246.1,0.76,8279.47,19,Up,0
2026-08-03T13:36:00+00:00,sol-updown-5m-1785764100,3289271,0x34d2510d5a260f032f488e89e05bbbf5348b172388c11ab90f19de166e829eec,SOL,5min,2026-08-03T13:40:00+00:00,240,239.8,0.505,Up,0.89,834.21,0.88,10258.15,11,Up,1
2026-08-03T13:37:00+00:00,eth-updown-5m-1785764100,3289267,0x217455e66ec9eadf0f474848f5f3b9e174e62a9fb990abbd27702ae886894541,ETH,5min,2026-08-03T13:40:00+00:00,180,179.6,0.495,Down,0.03,110.54,0.02,22788.18,97,Up,0
2026-08-03T13:37:00+00:00,sol-updown-15m-1785763800,3289216,0xad54ad765ebe6bc4992a098d1c5782a2dc9b8ad996ffa027f383bfd83bda1d3e,SOL,15min,2026-08-03T13:45:00+00:00,480,479.5,0.87,Up,0.96,2448.62,0.95,2448.62,4,Up,1
2026-08-03T13:40:00+00:00,eth-updown-15m-1785763800,3289225,0x97e6d86ab6223b3b79ae712eabccf57d94ac96faea653a859be9f797ada991a5,ETH,15min,2026-08-03T13:45:00+00:00,300,299.8,0.655,Up,0.89,1048.46,0.88,3156.98,11,Up,1
2026-08-03T13:40:00+00:00,ethereum-up-or-down-august-3-2026-9am-et,3260814,0x97ebb9be78bd038b0e883677b0e87474386604b3aec5d13d6f068308bce4b59e,ETH,60min,2026-08-03T14:00:00+00:00,1200,1199.7,0.585,Up,0.78,768.36,0.77,7116.99,20,Up,1
2026-08-03T13:41:00+00:00,sol-updown-5m-1785764400,3289276,0xf61b9cd2add23ce70de1c1f783e596ce9a9edbb3e0f98bb82a95f0998be29924,SOL,5min,2026-08-03T13:45:00+00:00,240,239.8,0.505,Up,0.51,132.35,0.5,17283.45,49,Down,0
2026-08-03T13:42:00+00:00,eth-updown-5m-1785764400,3289274,0x9cc535cec0951114ca5a900dc2eeaf15c123b437a994fcc39db38c381e5118d3,ETH,5min,2026-08-03T13:45:00+00:00,180,179.7,0.505,Up,0.64,871.88,0.63,18186.76,36,Up,1
2026-08-03T13:44:00+00:00,btc-updown-15m-1785763800,3289220,0xe8424026ae2e4e63f1fac59eb24437461c666ec5e41e391ef8961730300d2307,BTC,15min,2026-08-03T13:45:00+00:00,60,59.9,0.825,Up,0.999,169.83,0.99,169.83,1,Up,1
2026-08-03T13:46:00+00:00,sol-updown-5m-1785764700,3289281,0xbc52b97d59d05187f1a153610c49e626a91c436241458da0f5b34e3a56bee759,SOL,5min,2026-08-03T13:50:00+00:00,240,239.8,0.495,Down,0.71,111.3,0.7,15311.37,29,Up,0
2026-08-03T13:47:00+00:00,eth-updown-5m-1785764700,3289289,0x97c3a0825a2edb293b68307d9f2887ae2005dffcf58defc82f4f40ea3404cfe5,ETH,5min,2026-08-03T13:50:00+00:00,180,179.5,0.495,Down,0.96,7920.72,0.95,7920.72,4,Down,1
2026-08-03T13:47:00+00:00,xrp-updown-15m-1785764700,3289292,0x1a3972942dbd6b29972b14b40edcaf3a446fd59442af0d8f0686e77d16049c41,XRP,15min,2026-08-03T14:00:00+00:00,780,779.4,0.495,Down,0.77,140.13,0.76,8987.98,18,Up,0
2026-08-03T13:51:00+00:00,sol-updown-5m-1785765000,3289299,0xbd221bf411114c95ba74a8da50f615a603e42c440b18c65747064ac4280ce65a,SOL,5min,2026-08-03T13:55:00+00:00,240,239.8,0.495,Down,0.63,182.69,0.61,16859.49,37,Up,0
2026-08-03T13:52:00+00:00,eth-updown-5m-1785765000,3289297,0x2408be7d92a459812dd385f706cc0fed2a3c6e2a5174918b63995cc23dd6e6eb,ETH,5min,2026-08-03T13:55:00+00:00,180,179.6,0.505,Up,0.89,657.85,0.88,9178.51,11,Up,1
2026-08-03T13:52:00+00:00,sol-updown-15m-1785764700,3289283,0xf2b7f25e30d2f7e63e2173e08977ccccd13c16f7cb265c21ed92138b3b7a3848,SOL,15min,2026-08-03T14:00:00+00:00,480,479.4,0.505,Up,0.74,165.63,0.73,10248.86,26,Up,1
2026-08-03T13:55:00+00:00,eth-updown-15m-1785764700,3289291,0xfe3ff872aaf78caaa64623bb1bd305a73a0a3a4ac42d58520daff56604cb934d,ETH,15min,2026-08-03T14:00:00+00:00,300,299.9,0.535,Up,0.93,2286.33,0.92,7879.85,7,Up,1
2026-08-03T13:56:00+00:00,sol-updown-5m-1785765300,3289319,0xf496454f805f1ab2322c5133e8cecef258986bc3b0a7cd8fdf26cd88b868324d,SOL,5min,2026-08-03T14:00:00+00:00,240,239.8,0.495,Down,0.3,47.46,0.29,17509.3,70,Up,0
2026-08-03T13:57:00+00:00,eth-updown-5m-1785765300,3289317,0xe5abb5b2aab9ecb049b604a4a46a337bad7e6b372d39af5789c595010d6f7aa6,ETH,5min,2026-08-03T14:00:00+00:00,180,179.8,0.495,Down,0.48,394.61,0.47,20628.28,52,Up,0
2026-08-03T13:59:00+00:00,btc-updown-15m-1785764700,3289284,0xae214ec7e8d7b021ed3e38560d722d36729a4b916329a42290de591e1b6f239f,BTC,15min,2026-08-03T14:00:00+00:00,60,59.8,0.9995,Up,,0,0.999,0,0,Up,1
2026-08-03T14:01:00+00:00,sol-updown-5m-1785765600,3289335,0xca1517bd15ad79ab7e8a4cc53f647dce7e85cecde486b4665c213ee5b063d940,SOL,5min,2026-08-03T14:05:00+00:00,240,239.8,0.5,Up,0.18,54.4,0.17,18258.89,82,Up,1
2026-08-03T14:02:00+00:00,eth-updown-5m-1785765600,3289339,0xa482f352cc1de3cd7772e14e25e994b7e4fa6eaa23e3321253db116871704edf,ETH,5min,2026-08-03T14:05:00+00:00,180,179.4,0.495,Down,0.96,8651.61,0.95,8651.61,4,Down,1
2026-08-03T14:02:00+00:00,xrp-updown-15m-1785765600,3289337,0x6be5faba4d11e12e9c0c3ce2c44ebff44825f8d37167231a9e05c90c31b887fa,XRP,15min,2026-08-03T14:15:00+00:00,780,779.2,0.495,Down,0.69,102.52,0.68,9524.44,25,Down,1
2026-08-03T14:06:00+00:00,sol-updown-5m-1785765900,3289346,0x0d2b36c732d3bda92ba9a28c9c47127b6b6f2376da1b28481cb60da60c183cde,SOL,5min,2026-08-03T14:10:00+00:00,240,239.9,0.495,Down,0.65,206.71,0.64,16030.03,35,Down,1
2026-08-03T14:07:00+00:00,eth-updown-5m-1785765900,3289350,0xefad37404311eff0779da938e7dc56bf9d96a609b928214fd3816a9714ffeef6,ETH,5min,2026-08-03T14:10:00+00:00,180,179.7,0.495,Down,0.61,777.62,0.6,19158.55,39,Down,1
2026-08-03T14:07:00+00:00,sol-updown-15m-1785765600,3289333,0x8afa5ded5f96400b7c377e1cd001ceb924556b173ecf5c8d684593c3c94ad3ab,SOL,15min,2026-08-03T14:15:00+00:00,480,479.6,0.205,Down,0.52,231.64,0.51,10782.77,48,Down,1
2026-08-03T14:10:00+00:00,eth-updown-15m-1785765600,3289327,0x615f0172f6aa43d4b5d6a2a8d589c971ecdcc381e8ae8d99505f12318172f701,ETH,15min,2026-08-03T14:15:00+00:00,300,299.8,0.205,Down,0.89,1019.68,0.88,9344.07,11,Down,1
2026-08-03T14:11:00+00:00,sol-updown-5m-1785766200,3289366,0x63145eb61e6112a9c3187b0fcb307a77094e3996c8b688107798f400fb7a6a35,SOL,5min,2026-08-03T14:15:00+00:00,240,239.8,0.495,Down,0.22,55.12,0.21,17822.18,78,Down,1
2026-08-03T14:12:00+00:00,eth-updown-5m-1785766200,3289367,0x498ba622c23e4ae6865cf6e9a11aa2a1428f2fb419f6defdd109e372495167a3,ETH,5min,2026-08-03T14:15:00+00:00,180,179.8,0.495,Down,0.07,131.82,0.06,22138.86,93,Up,0
2026-08-03T14:14:00+00:00,btc-updown-15m-1785765600,3289330,0xea804fc9d9dba1b7fa1a7f7497c14508e4bdc6d63616cf47898c85877b7d8447,BTC,15min,2026-08-03T14:15:00+00:00,60,59.8,0.275,Down,0.76,1596.01,0.75,17032.14,24,Down,1
2026-08-03T14:16:00+00:00,sol-updown-5m-1785766500,3289382,0x63e6a5683ea6fd0743b98b675274d53c27158f7fe51188707d5911f9035904d6,SOL,5min,2026-08-03T14:20:00+00:00,240,239.9,0.495,Down,0.54,127.09,0.53,13344.43,45,Up,0
2026-08-03T14:17:00+00:00,eth-updown-5m-1785766500,3289389,0x206efbdd8220273fe82546c168997067d1c31271a04a9144dffc396787ebfe3f,ETH,5min,2026-08-03T14:20:00+00:00,180,179.5,0.495,Down,0.07,100.19,0.06,19772.32,93,Up,0
2026-08-03T14:17:00+00:00,xrp-updown-15m-1785766500,3289384,0xabacb70feea43405c1b2f1f5cb34c21d9e36359b4aa84be3d8c3ba33f6387b42,XRP,15min,2026-08-03T14:30:00+00:00,780,779.4,0.495,Down,0.31,25.57,0.3,9914.12,38,Up,0
2026-08-03T14:21:00+00:00,sol-updown-5m-1785766800,3289426,0xabcdfbd8c39e2f24f7e2bd4c36dd2feb82b7b40ccd21f085c901714a8d5338ae,SOL,5min,2026-08-03T14:25:00+00:00,240,239.9,0.495,Down,0.67,187.18,0.66,14819.97,33,Up,0
2026-08-03T14:22:00+00:00,eth-updown-5m-1785766800,3289424,0xdc5787899e5dd025c1819e892ff67dccb58af91f3e0ce143f7fdfd111c63b278,ETH,5min,2026-08-03T14:25:00+00:00,180,179.4,0.495,Down,0.76,1049.28,0.75,15557.02,24,Up,0
2026-08-03T14:22:00+00:00,sol-updown-15m-1785766500,3289386,0x5ec5ae5a683bfdcf897107a13e479f843de9a008b75be6c2c3d51dfbe6cbd489,SOL,15min,2026-08-03T14:30:00+00:00,480,479.2,0.815,Up,0.48,125.6,0.47,9646.84,52,Up,1
2026-08-03T14:25:00+00:00,eth-updown-15m-1785766500,3289380,0xe152ee8eee67a08878ff10c1ccc3cf3a0d31dbddfce4f724baa6cb6e531c44b1,ETH,15min,2026-08-03T14:30:00+00:00,300,299.8,0.245,Down,0.28,409.89,0.27,18513.06,72,Up,0
2026-08-03T14:26:00+00:00,sol-updown-5m-1785767100,3289621,0x4323124e926a9eccbccbb875f08fb44a20709c703bfd85a76795d6cc9c73e262,SOL,5min,2026-08-03T14:30:00+00:00,240,239.8,0.495,Down,0.49,127.65,0.48,16650.32,51,Up,0
2026-08-03T14:27:00+00:00,eth-updown-5m-1785767100,3289615,0x63248019cfd92ee830c55734b59c8928167028af0a005386216bb630d7bc0d7e,ETH,5min,2026-08-03T14:30:00+00:00,180,179.8,0.495,Down,0.11,53.1,0.1,22030.2,88,Up,0
2026-08-03T14:29:00+00:00,btc-updown-15m-1785766500,3289387,0x2c71cf3869fbb041788ee0fa5b03dd05013184c5b2b27918d0d212a4af08ce63,BTC,15min,2026-08-03T14:30:00+00:00,60,59.9,0.305,Down,0.01,479.63,,25111.02,99,Up,0
2026-08-03T14:31:00+00:00,sol-updown-5m-1785767400,3289631,0x278333da8110ff35ef5cb05717aad717202debf2713ac72b82276c944e7a2adb,SOL,5min,2026-08-03T14:35:00+00:00,240,239.9,0.495,Down,0.68,64.74,0.67,14784.16,30,Down,1
2026-08-03T14:32:00+00:00,eth-updown-5m-1785767400,3289641,0xe44a0d79aa36eade42dbfe44c8c0d9179617c78d7a1bf536e26262772adbcb29,ETH,5min,2026-08-03T14:35:00+00:00,180,179.4,0.495,Down,0.44,596.35,0.43,22096.76,56,Down,1
2026-08-03T14:32:00+00:00,xrp-updown-15m-1785767400,3289636,0xe8eb3d450bfec753e9b7dcd13c7b6a64af92c3450f9ab84085a92e8f70aaf70c,XRP,15min,2026-08-03T14:45:00+00:00,780,779.3,0.375,Down,0.47,45.93,0.45,9872.65,35,Down,1
2026-08-03T14:36:00+00:00,sol-updown-5m-1785767700,3289701,0xf72507b20c989b8c78c8c28dfee6b5532787ebae86fd674d78a6143d0d76186e,SOL,5min,2026-08-03T14:40:00+00:00,240,239.8,0.495,Down,0.5,24.46,0.49,15568.26,47,Up,0
2026-08-03T14:37:00+00:00,eth-updown-5m-1785767700,3289695,0xf15108702320ee137a7c493337af2f33bf817d5232ca5c34e03f617396261eea,ETH,5min,2026-08-03T14:40:00+00:00,180,179.4,0.495,Down,0.72,1067.26,0.71,17593.94,28,Up,0
2026-08-03T14:37:00+00:00,sol-updown-15m-1785767400,3289633,0xc4dc45633f348cb0d27da93f074b21586e1b5ef59538ef468ccc3364337b8745,SOL,15min,2026-08-03T14:45:00+00:00,480,479.2,0.3,Down,0.66,183.47,0.65,10944.68,34,Down,1
2026-08-03T14:40:00+00:00,eth-updown-15m-1785767400,3289628,0x96c40366363c94670076c3a15aa004c12ca2f3e0b670ff7b3b4ce977ad873815,ETH,15min,2026-08-03T14:45:00+00:00,300,299.9,0.325,Down,0.55,430.21,0.54,8628.31,45,Down,1
2026-08-03T14:40:00+00:00,ethereum-up-or-down-august-3-2026-10am-et,3261675,0xbd19053b5c3ddf5e002e3df96dae781f02156caae09ca2c1d0cf38545637e6ac,ETH,60min,2026-08-03T15:00:00+00:00,1200,1199.7,0.775,Up,0.86,1277.1,0.85,9763.12,14,Up,1
2026-08-03T14:41:00+00:00,sol-updown-5m-1785768000,3289717,0x7f41306814a4390d78e0d72927bc124d14b78b4dc1be5398b31267c78dba00c9,SOL,5min,2026-08-03T14:45:00+00:00,240,239.7,0.495,Down,0.45,93.71,0.44,16695.62,55,Down,1
2026-08-03T14:42:00+00:00,eth-updown-5m-1785768000,3289719,0x7e8234bd7413e1839c8a9464310df2f52882c3583393c7e9babc144e37faa468,ETH,5min,2026-08-03T14:45:00+00:00,180,179.9,0.495,Down,0.41,213.78,0.4,16900.03,59,Down,1
2026-08-03T14:44:00+00:00,btc-updown-15m-1785767400,3289638,0xd8cea6963091f7933c5cf6ba931867b5faa0995cf96ebda3af6846226de7d365,BTC,15min,2026-08-03T14:45:00+00:00,60,59.8,0.475,Down,0.76,1088.73,0.75,14589.41,24,Up,0
2026-08-03T14:46:00+00:00,sol-updown-5m-1785768300,3289721,0x6b0c46189b7a89baba00cdc38578e37111e32c79b42c3c2300870d1f24a1cb02,SOL,5min,2026-08-03T14:50:00+00:00,240,239.8,0.495,Down,0.77,295.43,0.76,14637.01,23,Down,1
2026-08-03T14:47:00+00:00,eth-updown-5m-1785768300,3289732,0x02959b082251453d732b9ebc43773d7a11f55abf1de3aad8cfbcd79797047695,ETH,5min,2026-08-03T14:50:00+00:00,180,179.4,0.495,Down,0.78,1246.27,0.77,15922.0,22,Down,1
2026-08-03T14:47:00+00:00,xrp-updown-15m-1785768300,3289730,0xdc1799f31f7c542d795dd688896399cccd1a5c6ce7b1a8165b4b3c13c5944825,XRP,15min,2026-08-03T15:00:00+00:00,780,779.3,0.435,Down,0.57,61.59,0.56,1087.78,26,Up,0
2026-08-03T14:51:00+00:00,sol-updown-5m-1785768600,3289782,0x031abf91a7dd9c754463ac28948492bb5c3b0f7a49e26b19e8d515de980a087c,SOL,5min,2026-08-03T14:55:00+00:00,240,239.8,0.5,Up,0.59,89.34,0.58,16249.88,41,Up,1
2026-08-03T14:52:00+00:00,eth-updown-5m-1785768600,3289777,0xc295f0442f12ae6199cc787334b4cf45d0e8217db93b28a383af1d398fb95bb8,ETH,5min,2026-08-03T14:55:00+00:00,180,179.4,0.495,Down,0.11,98.04,0.1,16550.22,89,Up,0
2026-08-03T14:52:00+00:00,sol-updown-15m-1785768300,3289727,0xa687d9f8720cee297f873abb4ebe018e5528ef9ad81792a1eee29f86c4045a87,SOL,15min,2026-08-03T15:00:00+00:00,480,479.3,0.515,Up,0.7,265.23,0.69,11636.66,30,Up,1
2026-08-03T14:55:00+00:00,eth-updown-15m-1785768300,3289722,0xb090546a33ce502720d06454b4a74d4695a6002d49ddd4c0fcab3aafd30e0b63,ETH,15min,2026-08-03T15:00:00+00:00,300,299.9,0.495,Down,0.17,188.39,0.16,10921.25,83,Up,0
2026-08-03T14:56:00+00:00,sol-updown-5m-1785768900,3290111,0xb60d98369b5259744efb10130a5d3eee9324264abd55189ec4ef59cd8ef52f97,SOL,5min,2026-08-03T15:00:00+00:00,240,239.8,0.495,Down,0.27,46.65,0.26,16337.86,73,Up,0
2026-08-03T14:57:00+00:00,eth-updown-5m-1785768900,3290113,0xc9d8d66add9fbd516578ae36bbe27dbdbbc6566145aa6edf0f112e2a5043cfaf,ETH,5min,2026-08-03T15:00:00+00:00,180,179.8,0.495,Down,0.27,269.15,0.26,16279.75,73,Up,0
2026-08-03T14:59:00+00:00,btc-updown-15m-1785768300,3289729,0x7c7acd63d97295a66eac009cfcbbd2553ccb84766dcb9530c07048f9306c006d,BTC,15min,2026-08-03T15:00:00+00:00,60,59.9,0.745,Up,0.997,7782.07,0.996,7782.07,3,Up,1
2026-08-03T15:01:00+00:00,sol-updown-5m-1785769200,3290127,0x0516394f1a751975bf9158401da38a94d2278005960621fb2e684d11f49f6f78,SOL,5min,2026-08-03T15:05:00+00:00,240,239.9,0.495,Down,0.73,274.14,0.72,14168.59,27,Down,1
2026-08-03T15:02:00+00:00,eth-updown-5m-1785769200,3290123,0xea68aee10ce742443b193bcc1dcc719b64d1ea06d594346243476d150bde3a52,ETH,5min,2026-08-03T15:05:00+00:00,180,179.5,0.495,Down,0.81,695.64,0.8,13241.44,19,Down,1
2026-08-03T15:02:00+00:00,xrp-updown-15m-1785769200,3290116,0xa246dc08923b9ba86de90b19db3a3fd71d0f1ea17ed1399fb0781f558e8dfc94,XRP,15min,2026-08-03T15:15:00+00:00,780,779.3,0.495,Down,0.73,144.32,0.72,9912.34,24,Down,1
2026-08-03T15:06:00+00:00,sol-updown-5m-1785769500,3290139,0xb2e92d2c0d6a0dc9874126ab499db715b9af815cfa1ec45c4087cf9a7e536ae6,SOL,5min,2026-08-03T15:10:00+00:00,240,239.9,0.495,Down,0.68,212.65,0.66,15375.63,32,Down,1
2026-08-03T15:07:00+00:00,eth-updown-5m-1785769500,3290145,0x264a4813e3b94613f3fdcaac4ec18396c7a2e9b00fad8f2da136934f9a7a8b9a,ETH,5min,2026-08-03T15:10:00+00:00,180,179.5,0.495,Down,0.78,620.03,0.77,13050.35,22,Down,1
2026-08-03T15:07:00+00:00,sol-updown-15m-1785769200,3290125,0xb0cc4c80c592b5ebd10c7f08c070de7a53714a76fe77306a18723ed17bba1623,SOL,15min,2026-08-03T15:15:00+00:00,480,479.4,0.44,Down,0.91,1360.82,0.9,9422.28,9,Down,1
2026-08-03T15:10:00+00:00,eth-updown-15m-1785769200,3290124,0xd09181703e85038df3d3d468ffa1ef6a3a5cd73faa89a8670c7291d9bccfc09e,ETH,15min,2026-08-03T15:15:00+00:00,300,299.8,0.115,Down,0.988,1693.84,0.98,1693.84,7,Down,1
2026-08-03T15:11:00+00:00,sol-updown-5m-1785769800,3290387,0xbf33abe61d4e8bbfc3cafd1b570c43ad5b83ada80f8b449dbc765f45b79953df,SOL,5min,2026-08-03T15:15:00+00:00,240,239.5,0.495,Down,0.31,57.62,0.3,16198.01,69,Down,1
2026-08-03T15:12:00+00:00,eth-updown-5m-1785769800,3290386,0xcad778d767f517c8c955d5595753bd2c1cdfca0963f460a51487222a5329af36,ETH,5min,2026-08-03T15:15:00+00:00,180,179.8,0.495,Down,0.46,153.86,0.45,18198.43,54,Down,1
2026-08-03T15:14:00+00:00,btc-updown-15m-1785769200,3290114,0x6a107cf7d90b1878f96f03958d5adade7cd47195838bc299c881958e82011ab2,BTC,15min,2026-08-03T15:15:00+00:00,60,59.8,0.005,Down,,0,0.99,0,0,Down,1
2026-08-03T15:16:00+00:00,sol-updown-5m-1785770100,3290394,0xa6d1898680dceba854ba4b79f2ef206fbbb31c61c2d92f9f52eabfa549989f35,SOL,5min,2026-08-03T15:20:00+00:00,240,239.9,0.495,Down,0.31,67.29,0.3,13864.9,69,Up,0
2026-08-03T15:17:01+00:00,eth-updown-5m-1785770100,3290406,0x8f29bd4d3176f0c54285e90bb1d063c9fd18905d2bd093b8ebe6bc90501a05e4,ETH,5min,2026-08-03T15:20:00+00:00,180,178.4,0.495,Down,0.23,145.56,0.22,13096.77,77,Up,0
2026-08-03T15:17:02+00:00,xrp-updown-15m-1785770100,3290393,0x7be48dcdedd6a86c1917a5c301cfa0cc5c3f999b99fe6ac996077c09acbcfe0c,XRP,15min,2026-08-03T15:30:00+00:00,780,777.6,0.725,Up,0.73,100.79,0.72,9964.86,25,Up,1
2026-08-03T15:21:00+00:00,sol-updown-5m-1785770400,3290417,0x97d6f2762df4ccdde85aee576c491f1c3306a1168aa3570d981205d3e8358708,SOL,5min,2026-08-03T15:25:00+00:00,240,239.8,0.495,Down,0.52,81.44,0.51,15301.45,48,Up,0
2026-08-03T15:22:00+00:00,eth-updown-5m-1785770400,3290420,0xa1a50f068fb4b9c41a62e93565da560036a04acf2e652e8516161fd10bc3c4cb,ETH,5min,2026-08-03T15:25:00+00:00,180,179.2,0.495,Down,0.62,169.33,0.61,16142.32,38,Down,1
2026-08-03T15:22:00+00:00,sol-updown-15m-1785770100,3290401,0xf0b280dc30b56c29847d0c74c9486fb58df2e64bfaa3d6df905930ad3b22201a,SOL,15min,2026-08-03T15:30:00+00:00,480,479.0,0.685,Up,0.67,201.41,0.65,10682.98,30,Up,1
2026-08-03T15:25:00+00:00,eth-updown-15m-1785770100,3290396,0xd52b868294f1702ba3776f10098d0c795578a991b6d7486dafaeedbbd42d6c1e,ETH,15min,2026-08-03T15:30:00+00:00,300,299.9,0.725,Up,0.76,467.52,0.75,10012.77,24,Down,0
2026-08-03T15:26:00+00:00,sol-updown-5m-1785770700,3290428,0x8f118c01ee00e41810dfee21a7992916cb9c453249f5411c987ef957d500d234,SOL,5min,2026-08-03T15:30:00+00:00,240,239.6,0.495,Down,0.5,2.49,0.49,14822.07,43,Down,1
2026-08-03T15:27:00+00:00,eth-updown-5m-1785770700,3290430,0x3dbc8dcf70813a1cf5eaef7282de925b1a51077129c98fbb71bd9665afa926a9,ETH,5min,2026-08-03T15:30:00+00:00,180,179.9,0.495,Down,0.76,729.39,0.75,13094.9,24,Down,1
2026-08-03T15:29:00+00:00,btc-updown-15m-1785770100,3290403,0x7e25b3f9828973b0d3b8cb28f2cb6bacce1908490eab59671ea0779e1b1aa33e,BTC,15min,2026-08-03T15:30:00+00:00,60,59.9,0.005,Down,,0,0.99,0,0,Down,1
2026-08-03T15:31:00+00:00,sol-updown-5m-1785771000,3290441,0x5381f2f53149e2df5eb67ce66e13c3f9e642eee3d0e17941baefa27b3bcc6ff7,SOL,5min,2026-08-03T15:35:00+00:00,240,239.9,0.495,Down,0.35,96.06,0.34,15577.81,65,Down,1
2026-08-03T15:32:00+00:00,eth-updown-5m-1785771000,3290432,0xda41f77aaed77b32411d7fd7d81248a66536020e7b270c38f26e17b1a9db6228,ETH,5min,2026-08-03T15:35:00+00:00,180,179.6,0.495,Down,0.16,213.11,0.15,18163.37,84,Down,1
2026-08-03T15:32:00+00:00,xrp-updown-15m-1785771000,3290440,0x2acd9dee423d760c7d66e51e2fdb67661484693fa268fafd399af8e126376e96,XRP,15min,2026-08-03T15:45:00+00:00,780,779.5,0.495,Down,0.26,65.88,0.24,9993.38,45,Up,0
2026-08-03T15:36:00+00:00,sol-updown-5m-1785771300,3290499,0xdf2863210721c1c22a7705d15b477ab2592d0369eb30247f7f1abc859cecbc02,SOL,5min,2026-08-03T15:40:00+00:00,240,239.9,0.495,Down,0.33,107.82,0.32,16475.68,67,Up,0
2026-08-03T15:37:00+00:00,eth-updown-5m-1785771300,3290501,0xb6f0edbe2179c97078351979640153826006d55807e72b346218b1a6201917ba,ETH,5min,2026-08-03T15:40:00+00:00,180,179.7,0.495,Down,0.22,162.33,0.21,9471.69,77,Up,0
2026-08-03T15:37:00+00:00,sol-updown-15m-1785771000,3290436,0x0cc89815aa2ea5c1bed2fa381cf2cdc5ec7a681f752b7096e7c7d98abb2f172a,SOL,15min,2026-08-03T15:45:00+00:00,480,479.6,0.405,Down,0.6,241.16,0.59,11925.42,40,Down,1
2026-08-03T15:40:00+00:00,eth-updown-15m-1785771000,3290438,0xee483865de146955f45c6edf12e09a7a280c72b9246b84369f39b5a0d0404ed6,ETH,15min,2026-08-03T15:45:00+00:00,300,299.9,0.495,Down,0.15,290.51,0.14,15085.62,85,Up,0
2026-08-03T15:40:00+00:00,ethereum-up-or-down-august-3-2026-11am-et,3262131,0xa3d00b8628ffcafdfd366fb8ab85de300e80fc5b5a0ed43facdd8d6acf6a44e3,ETH,60min,2026-08-03T16:00:00+00:00,1200,1199.7,0.055,Down,0.92,1490.99,0.91,2054.73,8,Down,1
2026-08-03T15:41:00+00:00,sol-updown-5m-1785771600,3290556,0xe0597a7a056df80bbaa5bc49c8ed3d8b45acf506ec7c6027677cca643ef9d7eb,SOL,5min,2026-08-03T15:45:00+00:00,240,239.7,0.5,Up,0.4,79.84,0.38,16640.43,60,Down,0
2026-08-03T15:42:00+00:00,eth-updown-5m-1785771600,3290558,0x9f4480130666d87b31d6c017ddb7940e7d8d59a29d77c165464046342c74246e,ETH,5min,2026-08-03T15:45:00+00:00,180,179.9,0.495,Down,0.75,1041.53,0.74,16073.74,25,Down,1
2026-08-03T15:44:00+00:00,btc-updown-15m-1785771000,3290431,0xda51a15cdfabd98ed953d1f27b099b8ed0f2d295e62760e6264118133fa753d4,BTC,15min,2026-08-03T15:45:00+00:00,60,59.9,0.856,Up,0.959,2595.65,0.95,2595.65,12,Up,1
2026-08-03T15:46:00+00:00,sol-updown-5m-1785771900,3290578,0x0733f8e21626726c47d8cd26f6f77c1070f8eac5c70a4daba4ddb0b61a632c6d,SOL,5min,2026-08-03T15:50:00+00:00,240,239.9,0.495,Down,0.24,65.31,0.22,15452.78,76,Up,0
2026-08-03T15:47:00+00:00,eth-updown-5m-1785771900,3290582,0x5f1c935238bf2dd7c42f6ffa8d04c5e3bb6f1aac09a995aa678023c77a820bfd,ETH,5min,2026-08-03T15:50:00+00:00,180,179.6,0.505,Up,0.88,1310.65,0.87,13493.06,12,Down,0
2026-08-03T15:47:00+00:00,xrp-updown-15m-1785771900,3290572,0x674bb02ce0eeb3634d986ffb430adf4ac6a4b96e8c9d7314082b2527bf4777e0,XRP,15min,2026-08-03T16:00:00+00:00,780,779.4,0.495,Down,0.22,47.71,0.21,9992.19,47,Down,1
2026-08-03T15:51:00+00:00,sol-updown-5m-1785772200,3290596,0xe9662fa41849ea60350833895ca9f2424e32ab6b8fcdee60238d6af3cbb4a764,SOL,5min,2026-08-03T15:55:00+00:00,240,239.8,0.495,Down,0.3,77.02,0.29,16515.84,70,Up,0
2026-08-03T15:52:00+00:00,eth-updown-5m-1785772200,3290595,0x532a7af04eddef26b0c0c401782290e0acb2a3c114a9fb3a1705cb5c5154111a,ETH,5min,2026-08-03T15:55:00+00:00,180,179.5,0.495,Down,0.21,135.43,0.2,18910.42,79,Up,0
2026-08-03T15:52:00+00:00,sol-updown-15m-1785771900,3290573,0x7f6d86f8c52f10bdd8dde06945a56fb64e3e297de45e824364bfd98e5c1eb9a6,SOL,15min,2026-08-03T16:00:00+00:00,480,479.4,0.695,Up,0.8,422.01,0.79,9560.15,20,Up,1
2026-08-03T15:55:00+00:00,eth-updown-15m-1785771900,3290569,0xdc85b50421fa5360bd989d8816924431dbf96aef8963238b1dd9d50176dd53e1,ETH,15min,2026-08-03T16:00:00+00:00,300,299.9,0.545,Up,0.68,444.37,0.67,10930.36,32,Down,0
2026-08-03T15:56:00+00:00,sol-updown-5m-1785772500,3290617,0x4d4a84092d11ea062b671d27dc91485de81358ac384c2108df1bfd507d1e58b6,SOL,5min,2026-08-03T16:00:00+00:00,240,239.7,0.495,Down,0.78,303.52,0.77,11569.95,22,Down,1
2026-08-03T15:57:00+00:00,eth-updown-5m-1785772500,3290618,0xfc48ce5cae6b3a8953b589e1cb3ce7bb49a9358abcbb4799133f6e0fa6840a4f,ETH,5min,2026-08-03T16:00:00+00:00,180,179.9,0.505,Up,0.11,109.06,0.1,18466.95,89,Down,0
2026-08-03T15:59:00+00:00,btc-updown-15m-1785771900,3290579,0xbea6b970f88ad9d3438bc28a19c806e0a256b5c837dd80e11aa2a6e5e7071617,BTC,15min,2026-08-03T16:00:00+00:00,60,59.9,0.315,Down,,0,0.99,0,0,Down,1
2026-08-03T16:01:00+00:00,sol-updown-5m-1785772800,3290637,0xdd9985d9d17288793fed7eeb4fd2e1c9c0bc703e2b406dbc8f1a8871d530ada2,SOL,5min,2026-08-03T16:05:00+00:00,240,239.9,0.505,Up,0.31,91.18,0.3,15954.14,69,Up,1
2026-08-03T16:02:00+00:00,eth-updown-5m-1785772800,3290648,0x8a53759530b3f44bab2f59cd9e6d3cf6e85a5a537a784a667d7b436c945fb682,ETH,5min,2026-08-03T16:05:00+00:00,180,179.4,0.505,Up,0.78,350.4,0.77,15840.41,22,Up,1
2026-08-03T16:02:00+00:00,xrp-updown-15m-1785772800,3290641,0xbb0482b4dd41b93d138755f6edf0ae7eddf23e09ea93d79a05b41fb6ba35668b,XRP,15min,2026-08-03T16:15:00+00:00,780,779.3,0.5,Up,0.53,81.33,0.52,10022.23,33,Down,0
2026-08-03T16:06:00+00:00,sol-updown-5m-1785773100,3290811,0x25cdfb5a2c01a0c1aca9ff08955aff7006c5b94ae8908d15b5871e74e97cef16,SOL,5min,2026-08-03T16:10:00+00:00,240,239.7,0.5,Up,0.34,56.36,0.33,15698.9,66,Down,0
2026-08-03T16:07:00+00:00,eth-updown-5m-1785773100,3290808,0x0ba5969fcb7ba7b602002ed13be0ffe6aa8519056470c3771a856b88210101e7,ETH,5min,2026-08-03T16:10:00+00:00,180,179.5,0.575,Up,0.62,293.88,0.61,16911.61,38,Down,0
2026-08-03T16:07:00+00:00,sol-updown-15m-1785772800,3290633,0xf665013b60fa6c2d08033c9679e21a83db6ed8de2b771d96cd97a677c305601b,SOL,15min,2026-08-03T16:15:00+00:00,480,479.4,0.465,Down,0.58,89.2,0.57,11067.91,42,Down,1
2026-08-03T16:10:00+00:00,eth-updown-15m-1785772800,3290635,0xccd07474c3dc648a65ab9113d7f17df88c5dcfa61bb4b4842d1854a7dd2e27c8,ETH,15min,2026-08-03T16:15:00+00:00,300,299.9,0.835,Up,0.55,270.02,0.54,8544.24,43,Up,1
2026-08-03T16:11:00+00:00,sol-updown-5m-1785773400,3290975,0x49c78b5c5f7082fd3074ee47d558d382ae03625114e6da1c7198069816bfad51,SOL,5min,2026-08-03T16:15:00+00:00,240,239.7,0.495,Down,0.7,165.11,0.69,14251.52,30,Up,0
2026-08-03T16:12:00+00:00,eth-updown-5m-1785773400,3290974,0xffca5f34c8b7113716105ce815a9068c713e7f1a74ad1e7a201d981a2d04aec8,ETH,5min,2026-08-03T16:15:00+00:00,180,179.9,0.495,Down,0.35,159.93,0.34,9168.01,65,Up,0
2026-08-03T16:14:00+00:00,btc-updown-15m-1785772800,3290639,0xb3a735d58358cd39da4ea9b5b4dcb573d3beef3c54e678da0d781d1a2b1343f5,BTC,15min,2026-08-03T16:15:00+00:00,60,59.9,0.725,Up,,0,0.99,0,0,Up,1
2026-08-03T16:16:00+00:00,sol-updown-5m-1785773700,3290990,0x982e980ac328a5d0cc115c9e33a2280eab8b2055c3e63362b890f0f29b1c171f,SOL,5min,2026-08-03T16:20:00+00:00,240,239.8,0.505,Up,0.69,161.62,0.68,14044.95,31,Up,1
2026-08-03T16:17:00+00:00,eth-updown-5m-1785773700,3290996,0x68b65fe93e6c2d0bc9b757fef899977957694c0083c4d7651dc0fffad7270c7f,ETH,5min,2026-08-03T16:20:00+00:00,180,179.3,0.505,Up,0.94,10668.49,0.93,10668.49,6,Up,1
2026-08-03T16:17:00+00:00,xrp-updown-15m-1785773700,3290987,0xf5a7366fa5fbda8f98099487c7fb530a5d833b17ecf8e6eb87268972e61f93df,XRP,15min,2026-08-03T16:30:00+00:00,780,779.2,0.505,Up,0.73,85.88,0.7,9908.81,23,Up,1
2026-08-03T16:21:00+00:00,sol-updown-5m-1785774000,3291016,0x3cd6cb91d44fa2a47f68bf4e5df2d15cdfeb4e28992be4119de325f59259215d,SOL,5min,2026-08-03T16:25:00+00:00,240,239.9,0.345,Down,0.72,177.65,0.71,14352.91,28,Down,1
2026-08-03T16:22:00+00:00,eth-updown-5m-1785774000,3291012,0xc6762b154b5d895ac5ae0121bf71e1a0b3ca615072e971d206b3ef196f6aa70b,ETH,5min,2026-08-03T16:25:00+00:00,180,179.5,0.495,Down,0.29,202.26,0.28,20802.68,71,Up,0
2026-08-03T16:22:00+00:00,sol-updown-15m-1785773700,3290994,0xd49163db509bc1e31b1d596d5ce676474b466027d66b2497d5d6e8d92a1ef4c5,SOL,15min,2026-08-03T16:30:00+00:00,480,479.4,0.615,Up,0.6,249.83,0.59,11095.45,40,Down,0
2026-08-03T16:25:00+00:00,eth-updown-15m-1785773700,3290991,0x8ff70f8881dbef5b12d4dc7772b295fb5fa5843966a6c573a2b9eb498dc96d57,ETH,15min,2026-08-03T16:30:00+00:00,300,299.9,0.805,Up,0.99,367.31,0.98,367.31,1,Up,1
2026-08-03T16:26:00+00:00,sol-updown-5m-1785774300,3291096,0xea9be7f6a7de1ca4f2409b9a878a9ff8525130bc510adbd1f42dad8980ddeb7d,SOL,5min,2026-08-03T16:30:00+00:00,240,239.8,0.495,Down,0.39,67.81,0.38,15917.35,60,Down,1
2026-08-03T16:27:00+00:00,eth-updown-5m-1785774300,3291093,0x5b7368f1157bab434b9c07a0d281ed67a3dc5dda6014974e10bce88a1056e9c2,ETH,5min,2026-08-03T16:30:00+00:00,180,179.9,0.495,Down,0.65,437.72,0.64,18976.17,35,Down,1
2026-08-03T16:29:00+00:00,btc-updown-15m-1785773700,3290986,0x6d9734e02224748fe4f2b065059a483ef4dadac3a010b4b3bfee62e841b82080,BTC,15min,2026-08-03T16:30:00+00:00,60,59.9,0.925,Up,0.999,169.83,0.99,169.83,1,Up,1
2026-08-03T16:31:00+00:00,sol-updown-5m-1785774600,3291114,0xdf969889a7575f3b8f19cced23b491e7eac13e8f425f885c042e78b29efac065,SOL,5min,2026-08-03T16:35:00+00:00,240,239.8,0.495,Down,0.86,828.29,0.85,13034.4,14,Down,1
2026-08-03T16:32:00+00:00,eth-updown-5m-1785774600,3291110,0xd9fb95b3da62aa94c287161675f611c259c4cae01475caae8469f8dc510a2074,ETH,5min,2026-08-03T16:35:00+00:00,180,179.6,0.495,Down,0.86,1048.2,0.85,15026.32,14,Down,1
2026-08-03T16:32:00+00:00,xrp-updown-15m-1785774600,3291117,0x87b90f1f7d6093a01d0d3e7bda56e8d1227b2f92b0963f730ac1f0a3617ab8b4,XRP,15min,2026-08-03T16:45:00+00:00,780,779.4,0.275,Down,0.78,148.74,0.77,9944.0,19,Down,1
2026-08-03T16:36:00+00:00,sol-updown-5m-1785774900,3291127,0xeb48ac26d4d6c4315c364648625130964ed5785556597c0c3f05776de385c7e0,SOL,5min,2026-08-03T16:40:00+00:00,240,239.9,0.505,Up,0.5,82.64,0.48,15588.45,50,Down,0
2026-08-03T16:37:00+00:00,eth-updown-5m-1785774900,3291128,0x58ae601cf6df8b7e351a67fe5db85ea441a02eecd35742f092b7bb332462428d,ETH,5min,2026-08-03T16:40:00+00:00,180,179.6,0.495,Down,0.62,176.07,0.61,19614.34,38,Down,1
2026-08-03T16:37:00+00:00,sol-updown-15m-1785774600,3291121,0xdb8af0e5124f83afdbbb4c82508b866d51288ee30f0d08bcf059766fb612d6b5,SOL,15min,2026-08-03T16:45:00+00:00,480,479.5,0.285,Down,0.74,260.79,0.72,9866.91,26,Down,1
2026-08-03T16:40:00+00:00,eth-updown-15m-1785774600,3291120,0xe7dfe6f2c41c2055879f4815e5b83578ce306ce6eb9d867b7c9690552c309398,ETH,15min,2026-08-03T16:45:00+00:00,300,299.8,0.225,Down,0.96,901.29,0.95,901.29,4,Down,1
2026-08-03T16:40:00+00:00,ethereum-up-or-down-august-3-2026-12pm-et,3262626,0xdbccedba48fc8e2874390b3f31c7b705cab4259fcd3daec83d55656ac33de76f,ETH,60min,2026-08-03T17:00:00+00:00,1200,1199.7,0.87,Up,0.78,1002.33,0.76,12914.11,22,Up,1
2026-08-03T16:41:00+00:00,sol-updown-5m-1785775200,3291278,0xf7880479142769005947162f8f3fc0d3e111ce15249a72628e32892213c4afe8,SOL,5min,2026-08-03T16:45:00+00:00,240,239.8,0.505,Up,0.41,44.98,0.4,15345.2,58,Down,0
2026-08-03T16:42:00+00:00,eth-updown-5m-1785775200,3291277,0xe0dd5023055a2cb95551ff5e2b903aa77d1b1a4db8779cb563c1ecb4cfe212b8,ETH,5min,2026-08-03T16:45:00+00:00,180,179.9,0.495,Down,0.92,2568.51,0.91,10666.07,8,Down,1
2026-08-03T16:44:00+00:00,btc-updown-15m-1785774600,3291122,0xd5d74dd1e5691a4ece313a5f724d4257a50ff02427aa8ca510678226e7fc0892,BTC,15min,2026-08-03T16:45:00+00:00,60,59.9,0.0005,Down,,0,0.999,0,0,Down,1
2026-08-03T16:46:00+00:00,sol-updown-5m-1785775500,3291294,0x7e2efb2602d4fffb7e8461c5e9bb8e178d415961fe391505971236c242745e25,SOL,5min,2026-08-03T16:50:00+00:00,240,239.9,0.505,Up,0.9,778.19,0.89,11284.35,10,Up,1
2026-08-03T16:47:00+00:00,eth-updown-5m-1785775500,3291283,0x2ddac17bef1c28cb9e75b8b8aa3c10807a66c530508d8bee6a1ec175a4860b21,ETH,5min,2026-08-03T16:50:00+00:00,180,179.6,0.495,Down,0.06,142.11,0.05,20696.35,94,Up,0
2026-08-03T16:47:00+00:00,xrp-updown-15m-1785775500,3291295,0x32a09b3ebde762eafaf0d8b42b96a261149b89ce5bf5011b65895a5881fcc58b,XRP,15min,2026-08-03T17:00:00+00:00,780,779.5,0.645,Up,0.79,120.9,0.78,9423.97,20,Up,1
2026-08-03T16:51:00+00:00,sol-updown-5m-1785775800,3291305,0x2219f2acfc1506896c1c45f99b1b8209844ce02ce2f9fbde718dc067d9f1db2e,SOL,5min,2026-08-03T16:55:00+00:00,240,239.9,0.425,Down,0.76,270.83,0.75,13920.78,24,Down,1
2026-08-03T16:52:00+00:00,eth-updown-5m-1785775800,3291306,0x5f3867187aafcd1814c5a1f1ef3a2c1530ac0860b2a2694511b0f86cb99b40cd,ETH,5min,2026-08-03T16:55:00+00:00,180,179.7,0.495,Down,0.89,960.47,0.88,12590.7,11,Down,1
2026-08-03T16:52:00+00:00,sol-updown-15m-1785775500,3291290,0x0f4c09c49ee6c6f6d7533432ecb335d120ae94f304d2f34bb6950df17d18bf54,SOL,15min,2026-08-03T17:00:00+00:00,480,479.6,0.9,Up,0.81,216.25,0.78,7900.58,19,Up,1
2026-08-03T16:55:00+00:00,eth-updown-15m-1785775500,3291285,0x6f5d320563723f919f32d2453324a13416fa1e013aa3eddf5b53eb0184f7302b,ETH,15min,2026-08-03T17:00:00+00:00,300,299.9,0.825,Up,0.61,688.99,0.6,13891.12,39,Up,1
2026-08-03T16:56:00+00:00,sol-updown-5m-1785776100,3291318,0x98f167fa3ac61dc69e0bd0168be931854e3429864c81c86fe42c3e3ffa62e7ae,SOL,5min,2026-08-03T17:00:00+00:00,240,239.8,0.515,Up,0.28,35.61,0.27,14524.38,72,Up,1
2026-08-03T16:57:00+00:00,eth-updown-5m-1785776100,3291324,0x0ce48a84f08f94974cfc2e3e3ec78ea46c9af9838e4c8b5bf44087d6f0e93eea,ETH,5min,2026-08-03T17:00:00+00:00,180,179.9,0.495,Down,0.68,642.28,0.67,19942.95,32,Up,0
2026-08-03T16:59:00+00:00,btc-updown-15m-1785775500,3291289,0x077127ade70566145794a5d5716f3ef32df8f60c5494e7eed78e8b7485fe436c,BTC,15min,2026-08-03T17:00:00+00:00,60,59.9,0.555,Up,0.58,477.52,0.57,19445.72,42,Up,1
2026-08-03T17:01:00+00:00,sol-updown-5m-1785776400,3291335,0x77f39fba61935a5627d3fa84a41dbfb5025161f39cd8b1791d9676092c371876,SOL,5min,2026-08-03T17:05:00+00:00,240,239.8,0.505,Up,0.21,55.15,0.2,16451.09,79,Up,1
2026-08-03T17:02:00+00:00,eth-updown-5m-1785776400,3291336,0x28ddf967c7798bd3a741085c3d239944962786c17f5aa1878b717cf2b0869685,ETH,5min,2026-08-03T17:05:00+00:00,180,179.6,0.505,Up,0.21,204.87,0.2,20923.09,79,Up,1
2026-08-03T17:02:00+00:00,xrp-updown-15m-1785776400,3291326,0x2afd0e0c771ffed9df0357307107644c50a4d4233430861338127721d1c60ff1,XRP,15min,2026-08-03T17:15:00+00:00,780,779.5,0.505,Up,0.28,63.96,0.26,10040.11,40,Up,1
2026-08-03T17:06:00+00:00,sol-updown-5m-1785776700,3291343,0xa7759fa1b360202beb9de8eb8ca7784e636cba4e0f132cab3819cfa658e4f02b,SOL,5min,2026-08-03T17:10:00+00:00,240,239.9,0.505,Up,0.78,293.58,0.77,15219.65,22,Up,1
2026-08-03T17:07:00+00:00,eth-updown-5m-1785776700,3291345,0x41bd946c2711179386d4ca4902ebc2947586e82ef7eb0f6ab3afca974fe02660,ETH,5min,2026-08-03T17:10:00+00:00,180,179.7,0.505,Up,0.84,886.9,0.83,16495.31,16,Up,1
2026-08-03T17:07:00+00:00,sol-updown-15m-1785776400,3291327,0x2531aca6de43116f26a3c4a1c09af0460c029d4a5b98de21fee7eaca81bcf58c,SOL,15min,2026-08-03T17:15:00+00:00,480,479.5,0.44,Down,0.23,63.25,0.22,10559.68,75,Up,0
2026-08-03T17:10:00+00:00,eth-updown-15m-1785776400,3291333,0x07452cca3273b490c11e1e937d945d8329f4478887f8cbee60d8b1b239d10adf,ETH,15min,2026-08-03T17:15:00+00:00,300,299.8,0.545,Up,0.77,742.54,0.76,12910.86,23,Up,1
2026-08-03T17:11:00+00:00,sol-updown-5m-1785777000,3291932,0x3fb6619cf3df2799ae4489ce3818e434483c5924b23cd85c4bd15917c83fac46,SOL,5min,2026-08-03T17:15:00+00:00,240,239.7,0.495,Down,0.4,23.95,0.39,16594.06,56,Up,0
2026-08-03T17:12:00+00:00,eth-updown-5m-1785777000,3291922,0x8858a7f578ee78329ad6fbe4adf4604071caabed262852460d6fca951abd240f,ETH,5min,2026-08-03T17:15:00+00:00,180,179.9,0.505,Up,0.83,614.77,0.82,15379.78,17,Up,1
2026-08-03T17:14:00+00:00,btc-updown-15m-1785776400,3291338,0xf160ca4d751d0ecf62144a7a8e1057cb2dd96d8ba8ca1b5e8231afbea4657196,BTC,15min,2026-08-03T17:15:00+00:00,60,59.8,0.985,Up,,0,0.99,0,0,Up,1
2026-08-03T17:16:00+00:00,sol-updown-5m-1785777300,3291950,0x750bf99f6c062c9f9dba5ca73d8d2c44e4619057f66cf2e654231d6d41963b72,SOL,5min,2026-08-03T17:20:00+00:00,240,239.8,0.495,Down,0.4,80.94,0.39,16630.42,60,Down,1
2026-08-03T17:17:00+00:00,eth-updown-5m-1785777300,3291951,0xfe2774de11cdafe0b3864a73ab304f870b35325500c26e1b11749bf8e143d2c2,ETH,5min,2026-08-03T17:20:00+00:00,180,179.5,0.495,Down,0.33,178.47,0.32,20167.77,67,Down,1
2026-08-03T17:17:00+00:00,xrp-updown-15m-1785777300,3291956,0xc712afa8b1bc04e82cdb966103ab05d3980fb4d43ea731ae75a6f7780957bcca,XRP,15min,2026-08-03T17:30:00+00:00,780,779.3,0.495,Down,0.52,98.97,0.51,10115.44,34,Down,1
2026-08-03T17:21:00+00:00,sol-updown-5m-1785777600,3291973,0x2a2d6193475fa2d6074f98a282fa30429fb08bed73749d41e08a53846f26c665,SOL,5min,2026-08-03T17:25:00+00:00,240,239.9,0.5,Up,0.31,55.53,0.29,17765.65,69,Up,1
2026-08-03T17:22:00+00:00,eth-updown-5m-1785777600,3291975,0x52be7b0ea0e46365fb009e5a522e90fc18f0f9b06c9fdbdf0492ecfed8130da9,ETH,5min,2026-08-03T17:25:00+00:00,180,179.7,0.495,Down,0.57,326.35,0.56,19089.57,43,Up,0
2026-08-03T17:22:00+00:00,sol-updown-15m-1785777300,3291961,0x3fbef3d78b8775933f4400bf6e1e46f36864af2e8440b67dc7e8dc9b92f1bd7e,SOL,15min,2026-08-03T17:30:00+00:00,480,479.6,0.485,Down,0.51,167.09,0.49,9751.4,49,Up,0
2026-08-03T17:25:00+00:00,eth-updown-15m-1785777300,3291952,0x9d6a8d299308ff4d6a137e79b85d14c6e87e533a8dc3cd149656774ba2f812f6,ETH,15min,2026-08-03T17:30:00+00:00,300,299.9,0.385,Down,0.08,34.19,0.07,18180.1,92,Down,1
2026-08-03T17:26:00+00:00,sol-updown-5m-1785777900,3291986,0xbd9623074ada0b380e477b0643849b16e6c494579eda300b19c75e822f0fbdcd,SOL,5min,2026-08-03T17:30:00+00:00,240,239.8,0.495,Down,0.88,656.39,0.87,12550.45,12,Down,1
2026-08-03T17:27:00+00:00,eth-updown-5m-1785777900,3291981,0x14c2676e0e8c9ed745b958cd04f0c432aa5601c7e6d83d5495e59d0e0dc503bc,ETH,5min,2026-08-03T17:30:00+00:00,180,179.9,0.495,Down,0.96,9556.32,0.95,9556.32,4,Down,1
2026-08-03T17:29:00+00:00,btc-updown-15m-1785777300,3291948,0xc93c60c73686c7ff19ad36acbf6b02f5af6a2fca31151ae0bf0d0d2cf41791d1,BTC,15min,2026-08-03T17:30:00+00:00,60,59.9,0.532,Up,0.11,206.74,0.104,20629.39,101,Down,0
2026-08-03T17:31:00+00:00,sol-updown-5m-1785778200,3291999,0xd1d9a16d05440a34027c5eaadd07e64fa7cf48132702feec0ee05bf0e541916a,SOL,5min,2026-08-03T17:35:00+00:00,240,239.9,0.5,Up,0.38,54.41,0.37,16854.96,62,Up,1
2026-08-03T17:32:00+00:00,eth-updown-5m-1785778200,3291994,0xcd022a48eeb49c968ca18e2df854d76edfc6840660f46d482a0bc89031a62a26,ETH,5min,2026-08-03T17:35:00+00:00,180,179.5,0.495,Down,0.64,442.58,0.63,19142.35,36,Up,0
2026-08-03T17:32:00+00:00,xrp-updown-15m-1785778200,3292001,0x12f118d0c1b6010f79f869ff7505cd575033388343c65ef5d0348e722acc5cae,XRP,15min,2026-08-03T17:45:00+00:00,780,779.4,0.505,Up,0.37,48.65,0.35,9980.05,40,Up,1
2026-08-03T17:36:00+00:00,sol-updown-5m-1785778500,3292006,0x2bf5a89f619f9011af3d97b81770b0a9a4d37b813b2d55c7e7604674792f7a03,SOL,5min,2026-08-03T17:40:00+00:00,240,239.8,0.495,Down,0.54,155.5,0.52,17218.74,46,Down,1
2026-08-03T17:37:00+00:00,eth-updown-5m-1785778500,3292009,0x32a9b8909b887e926d15ea449ad653e4febe47449e68acdbf2d0fb4ba44ac036,ETH,5min,2026-08-03T17:40:00+00:00,180,179.8,0.495,Down,0.3,288.77,0.29,20562.23,70,Down,1
2026-08-03T17:37:00+00:00,sol-updown-15m-1785778200,3292003,0xd2c766e9edf7acfa24eba69c0c3b4d21e2aba84cdea4cbbd1a59b0b149010404,SOL,15min,2026-08-03T17:45:00+00:00,480,479.7,0.69,Up,0.85,459.71,0.83,9270.7,15,Up,1
2026-08-03T17:40:00+00:00,eth-updown-15m-1785778200,3291991,0x66a97bd86be5c1907de48e222533eed2eb98f71d99bebab4af69593275eb94b7,ETH,15min,2026-08-03T17:45:00+00:00,300,299.9,0.655,Up,0.52,634.43,0.51,15513.25,48,Up,1
2026-08-03T17:40:00+00:00,ethereum-up-or-down-august-3-2026-1pm-et,3267092,0x0f62d6ddd943eda491d42b8d0596f640aa9d87c8afc5750302bebc489c3d92bf,ETH,60min,2026-08-03T18:00:00+00:00,1200,1199.7,0.815,Up,0.68,294.13,0.66,18865.62,32,Up,1
2026-08-03T17:41:00+00:00,sol-updown-5m-1785778800,3292174,0xbcf8dec625ba0f508981821c4ff2b1a9f85a98fddf4c6d50f54c82cf8aae6b5b,SOL,5min,2026-08-03T17:45:00+00:00,240,239.7,0.5,Up,0.75,343.71,0.74,14928.7,25,Up,1
2026-08-03T17:42:00+00:00,eth-updown-5m-1785778800,3292178,0x429b616a73f9f240e458188b58850967787e1b0c3ce57b06c68b2137157c5fae,ETH,5min,2026-08-03T17:45:00+00:00,180,179.9,0.495,Down,0.1,171.84,0.09,20843.5,90,Up,0
2026-08-03T17:44:00+00:00,btc-updown-15m-1785778200,3291990,0xb3f97bcf20ed89858a3591f7ab0c4f7db5c2346a6d5ab997d884f69fa9d751e5,BTC,15min,2026-08-03T17:45:00+00:00,60,59.9,0.9985,Up,0.999,148.0,0.998,148.0,1,Up,1
2026-08-03T17:46:00+00:00,sol-updown-5m-1785779100,3292186,0x9f977436e6cdd5f0c5a8874e63c760e54d35de3aff49c4562bb7cc9c512d5451,SOL,5min,2026-08-03T17:50:00+00:00,240,239.9,0.5,Up,0.7,40.34,0.69,14242.53,30,Down,0
2026-08-03T17:47:00+00:00,eth-updown-5m-1785779100,3292180,0x64560cd06e236cdc0fc8290801f3f9fcc6d3f9d68bcf3718f409fe18c719d77e,ETH,5min,2026-08-03T17:50:00+00:00,180,179.6,0.495,Down,0.26,230.95,0.25,21180.86,74,Down,1
2026-08-03T17:47:00+00:00,xrp-updown-15m-1785779100,3292191,0x387ca0bb6cb1dd8643fcdc934302b6cf412ef242fa854c51bdf99831ae277ae8,XRP,15min,2026-08-03T18:00:00+00:00,780,779.5,0.495,Down,0.25,26.42,0.24,9678.32,29,Down,1
2026-08-03T17:51:00+00:00,sol-updown-5m-1785779400,3292210,0x7f5df454520778369378880b14cbf599c5a2a86ddc2c1ca2b2ef40de2f383ef9,SOL,5min,2026-08-03T17:55:00+00:00,240,239.8,0.495,Down,0.5,93.92,0.48,16783.98,50,Down,1
2026-08-03T17:52:00+00:00,eth-updown-5m-1785779400,3292207,0x775b2ea9d462f30c55f3da48fab8db35abe665c5c97f79a7136cb3ccccf335c6,ETH,5min,2026-08-03T17:55:00+00:00,180,179.8,0.495,Down,0.74,1273.0,0.73,18682.58,26,Down,1
2026-08-03T17:52:00+00:00,sol-updown-15m-1785779100,3292192,0x284ce5572f32c0eac9175c0b1564fdf736c9d7dc7f2f47c1f05be08d2cc183c8,SOL,15min,2026-08-03T18:00:00+00:00,480,479.7,0.605,Up,0.28,48.36,0.27,10940.35,69,Down,0
2026-08-03T17:55:00+00:00,eth-updown-15m-1785779100,3292187,0xeb7044c2b0bba04a6623839408592bf80df9b7608ffc516c74c5cdfee306c3d8,ETH,15min,2026-08-03T18:00:00+00:00,300,299.8,0.435,Down,0.9,964.61,0.89,9892.18,10,Down,1
2026-08-03T17:56:00+00:00,sol-updown-5m-1785779700,3292220,0x0ca58783e7d16ca03bc2470664fc52c4e24bd62fdc5fbdb41c3f92284cd5d58b,SOL,5min,2026-08-03T18:00:00+00:00,240,239.7,0.495,Down,0.14,36.38,0.13,17442.5,86,Up,0
2026-08-03T17:57:00+00:00,eth-updown-5m-1785779700,3292217,0xb25ca66cc5f9489073138131de00d5b08f23f807749af3bcad93988a7d3bff7c,ETH,5min,2026-08-03T18:00:00+00:00,180,179.9,0.495,Down,0.52,167.95,0.51,20016.63,48,Up,0
2026-08-03T17:59:00+00:00,btc-updown-15m-1785779100,3292185,0x99a0a3a3a2ad109033c403352ea4071ded7f5f704235e8d87e6376064df4815a,BTC,15min,2026-08-03T18:00:00+00:00,60,59.8,0.435,Down,0.54,648.54,0.53,11477.78,46,Up,0
2026-08-03T18:01:00+00:00,sol-updown-5m-1785780000,3292233,0x4988a999390b8734e5deb0deeffc09e2fd9156b6a65704a9771e9ec97e8b7225,SOL,5min,2026-08-03T18:05:00+00:00,240,239.9,0.495,Down,0.55,82.02,0.53,6100.45,45,Up,0
2026-08-03T18:02:00+00:00,eth-updown-5m-1785780000,3292232,0x6b22147382bd34585184d77eb1edfeef5e48b4f720125f4fd769634b7253f85a,ETH,5min,2026-08-03T18:05:00+00:00,180,179.5,0.495,Down,0.56,499.56,0.55,19262.31,44,Up,0
2026-08-03T18:02:00+00:00,xrp-updown-15m-1785780000,3292230,0x283861694417dc0362b44237ef92cd6f7855db703aeece6c38572e746b25aa0d,XRP,15min,2026-08-03T18:15:00+00:00,780,779.4,0.495,Down,0.54,52.87,0.52,9738.25,21,Up,0
2026-08-03T18:06:00+00:00,sol-updown-5m-1785780300,3292244,0x20170ab46d012b7cf9c89d03b1ff4a5d944d77f64ae80869f787d2de97abd92f,SOL,5min,2026-08-03T18:10:00+00:00,240,239.9,0.495,Down,0.33,40.03,0.32,17052.93,66,Up,0
2026-08-03T18:07:00+00:00,eth-updown-5m-1785780300,3292251,0xd56833406de75b4ad1ea592e11b0fb9edeb70a05b1d4a88ea84a29541797a54d,ETH,5min,2026-08-03T18:10:00+00:00,180,179.5,0.505,Up,0.6,698.96,0.59,13475.45,40,Up,1
2026-08-03T18:07:00+00:00,sol-updown-15m-1785780000,3292237,0x3962e1ccbc9fa3ae44a99afe11868e77145fc9be20084d39f5afa7f32b535c8a,SOL,15min,2026-08-03T18:15:00+00:00,480,479.4,0.655,Up,0.99,709.83,0.98,709.83,1,Up,1
2026-08-03T18:10:00+00:00,eth-updown-15m-1785780000,3292234,0xd60462921c9afb8f2e4c0287f10b9d8b15659aeb6283337aae715dc668e6d0fd,ETH,15min,2026-08-03T18:15:00+00:00,300,299.9,0.735,Up,0.87,812.46,0.86,10460.14,13,Up,1
2026-08-03T18:11:00+00:00,sol-updown-5m-1785780600,3292450,0x8ff9cc894ae7255cdd45dcba1192f7b9853a96a70c0f6c5895e004ac59f96019,SOL,5min,2026-08-03T18:15:00+00:00,240,239.7,0.495,Down,0.36,52.21,0.35,16717.52,64,Up,0
2026-08-03T18:12:00+00:00,eth-updown-5m-1785780600,3292449,0x153fefed00af1565d3c4cc3a72e442f75ac2c8c40bb016077116477427194140,ETH,5min,2026-08-03T18:15:00+00:00,180,179.9,0.505,Up,0.25,307.8,0.24,23944.75,75,Up,1
2026-08-03T18:14:00+00:00,btc-updown-15m-1785780000,3292236,0x69c961aa02cefcb8552ecfbd601b1f385e984c9491518746a1e84b5b671beca4,BTC,15min,2026-08-03T18:15:00+00:00,60,59.7,0.605,Up,,0,0.99,0,0,Up,1
2026-08-03T18:16:00+00:00,sol-updown-5m-1785780900,3292459,0x8b8d4071abc1d069a382bcde6e762dbaced6835fd958aa2092047ea6472db38c,SOL,5min,2026-08-03T18:20:00+00:00,240,239.9,0.495,Down,0.28,54.85,0.27,17323.44,70,Up,0
2026-08-03T18:17:00+00:00,eth-updown-5m-1785780900,3292457,0xb8d0a7da86885b9760813de9ed99c032f06baa99d7c6aa135f7b1cd3c5c54f40,ETH,5min,2026-08-03T18:20:00+00:00,180,179.4,0.505,Up,0.47,617.76,0.46,22767.33,53,Down,0
2026-08-03T18:17:00+00:00,xrp-updown-15m-1785780900,3292462,0xf4a2cfc53d10fca355767704d138466e01f2295779e43ec7e0891d1d3c86b953,XRP,15min,2026-08-03T18:30:00+00:00,780,779.3,0.515,Up,0.57,73.23,0.55,9778.93,23,Down,0
2026-08-03T18:21:00+00:00,sol-updown-5m-1785781200,3292481,0x140cf7142480d487cea3390e4524f4bb19c17d5ec731c69bfe5dd0a230fcfc74,SOL,5min,2026-08-03T18:25:00+00:00,240,239.5,0.495,Down,0.29,14.67,0.28,16553.62,68,Up,0
2026-08-03T18:22:00+00:00,eth-updown-5m-1785781200,3292480,0x78b4111be0fb5b6aa3445c3a61e8071ae834b2cdce94e36f334095112a960be8,ETH,5min,2026-08-03T18:25:00+00:00,180,179.2,0.495,Down,0.27,309.16,0.26,23989.06,73,Up,0
2026-08-03T18:22:00+00:00,sol-updown-15m-1785780900,3292455,0xc602353f1e2c200b0784855b8c4c0540ff7acddc2c7757bf4719ac0539f5c1f9,SOL,15min,2026-08-03T18:30:00+00:00,480,479.0,0.59,Up,0.61,49.73,0.59,9099.96,36,Down,0
2026-08-03T18:25:00+00:00,eth-updown-15m-1785780900,3292467,0xc0cb4229cf834276806a654a37f9942eedbac6c19bdf5c7fcbf1e16ae136848d,ETH,15min,2026-08-03T18:30:00+00:00,300,299.9,0.365,Down,0.82,666.38,0.81,5892.69,18,Down,1
2026-08-03T18:26:00+00:00,sol-updown-5m-1785781500,3292635,0x8503e534325e8574f4d725d79e05de8cb5c2e51359c744ae77a330b0848e7861,SOL,5min,2026-08-03T18:30:00+00:00,240,239.8,0.495,Down,0.64,157.58,0.63,17261.72,36,Down,1
2026-08-03T18:27:00+00:00,eth-updown-5m-1785781500,3292634,0xb5e66e965b6b264965abf9eec6e6be98a98b47efc9aeb0222eff2098a0b63364,ETH,5min,2026-08-03T18:30:00+00:00,180,179.8,0.495,Down,0.36,278.86,0.35,22842.97,64,Down,1
2026-08-03T18:29:00+00:00,btc-updown-15m-1785780900,3292466,0x59a1b8169c808371c9f8bfda7b3efbd0a87ab8ad5c90e66f3903432bea5adece,BTC,15min,2026-08-03T18:30:00+00:00,60,59.9,0.045,Down,,0,0.999,0,0,Down,1
2026-08-03T18:31:00+00:00,sol-updown-5m-1785781800,3292658,0xd9c20b71f0999c2846d3a9eaf8ad2b46b86988fde2592cbba404fc2848901a10,SOL,5min,2026-08-03T18:35:00+00:00,240,239.9,0.495,Down,0.31,57.59,0.3,17541.66,68,Up,0
2026-08-03T18:32:00+00:00,eth-updown-5m-1785781800,3292649,0x22208358283d4232f98595fe697214082e642b3cb9fdc1320989d0e045da8971,ETH,5min,2026-08-03T18:35:00+00:00,180,179.5,0.495,Down,0.09,210.6,0.08,23503.15,91,Up,0
2026-08-03T18:32:00+00:00,xrp-updown-15m-1785781800,3292654,0x20af5fdc09f4caec0b8f3fe92007f60d6d2eeff2f09555ea13f96b172b3586b8,XRP,15min,2026-08-03T18:45:00+00:00,780,779.4,0.505,Up,0.74,67.96,0.72,9962.2,21,Up,1
2026-08-03T18:36:00+00:00,sol-updown-5m-1785782100,3292716,0x2490e8f57bfcdbcbddc3ae573644d7d6a7c415e2ca4bd722fcd41eb5c10dec32,SOL,5min,2026-08-03T18:40:00+00:00,240,239.9,0.495,Down,0.48,85.38,0.47,16961.81,52,Down,1
2026-08-03T18:37:00+00:00,eth-updown-5m-1785782100,3292713,0x1465e64825733b8b71230f1500749f3d1322047e84e696b951d1a7b3c04988d6,ETH,5min,2026-08-03T18:40:00+00:00,180,179.6,0.495,Down,0.78,918.15,0.77,17908.01,22,Down,1
2026-08-03T18:37:00+00:00,sol-updown-15m-1785781800,3292657,0xd9ab9f956cac1c8830ea569cab1de35e78f535becec7cc1a12dfbc447162319b,SOL,15min,2026-08-03T18:45:00+00:00,480,479.4,0.565,Up,0.57,123.73,0.56,10166.02,43,Up,1
2026-08-03T18:40:00+00:00,eth-updown-15m-1785781800,3292651,0xf1adbfc06751a2c7fcb91c5380e30277564b3ef5540adff8f5b01bf5a9efa023,ETH,15min,2026-08-03T18:45:00+00:00,300,299.9,0.655,Up,0.63,700.79,0.62,7945.84,37,Up,1
2026-08-03T18:40:00+00:00,ethereum-up-or-down-august-3-2026-2pm-et,3268955,0x13d8a664800b591c301c056f7357a8cdd6b5159a04c480326264599aa730f33f,ETH,60min,2026-08-03T19:00:00+00:00,1200,1199.8,0.61,Up,0.55,537.87,0.54,21554.66,43,Up,1
2026-08-03T18:41:00+00:00,sol-updown-5m-1785782400,3292739,0x6212a36d32c879a4cd48ea2f21b59794f4746085445f7fc5109f5ea6038d7034,SOL,5min,2026-08-03T18:45:00+00:00,240,239.8,0.495,Down,0.65,111.27,0.64,7701.91,34,Down,1
2026-08-03T18:42:00+00:00,eth-updown-5m-1785782400,3292738,0x23af3a1c9ccda6454afea65fb6141902144f935c386a8c8e2b1467bed4f50262,ETH,5min,2026-08-03T18:45:00+00:00,180,179.9,0.495,Down,0.83,1149.6,0.82,16041.92,17,Down,1
2026-08-03T18:44:00+00:00,btc-updown-15m-1785781800,3292653,0x4a27076803c074a555cd264979692bd12b5b3b8703e1cb3b6707ee9878192cde,BTC,15min,2026-08-03T18:45:00+00:00,60,59.9,0.655,Up,0.04,34.34,0.03,26602.47,93,Down,0
2026-08-03T18:46:00+00:00,sol-updown-5m-1785782700,3292750,0x8d2cf06c4d76be398509cfc7af7969afa6df646c94197f0c6dc6032311eb44ab,SOL,5min,2026-08-03T18:50:00+00:00,240,239.9,0.505,Up,0.37,39.16,0.36,15686.5,63,Up,1
2026-08-03T18:47:00+00:00,eth-updown-5m-1785782700,3292756,0x26035ac328a2906cd7580a2cb01baded8db68221bad797d8215998ccc9fe9f4d,ETH,5min,2026-08-03T18:50:00+00:00,180,179.5,0.495,Down,0.71,1168.37,0.7,16661.73,28,Up,0
2026-08-03T18:47:00+00:00,xrp-updown-15m-1785782700,3292761,0x87dd9099e54e307c9e11cbdd7334f6d4fa56ed89e5ba18fb817250530a78a367,XRP,15min,2026-08-03T19:00:00+00:00,780,779.4,0.615,Up,0.54,22.86,0.53,9825.55,20,Up,1
2026-08-03T18:51:00+00:00,sol-updown-5m-1785783000,3292771,0x3d33e0c3cb6ac89e82f2c5db4ab8e612c2f6becd2a7772b6b919ba9bf4929a36,SOL,5min,2026-08-03T18:55:00+00:00,240,239.9,0.5,Up,0.42,98.44,0.41,16224.34,58,Up,1
2026-08-03T18:52:00+00:00,eth-updown-5m-1785783000,3292772,0x53f8aa0e6584878cdfae8aea6871121fb5f5b7a372eafd06b89bd6903ed5cef7,ETH,5min,2026-08-03T18:55:00+00:00,180,179.7,0.505,Up,0.34,175.7,0.33,23656.88,66,Up,1
2026-08-03T18:52:00+00:00,sol-updown-15m-1785782700,3292755,0xfda2dfc37cde50ba63b636ccb0117acd3ee2c9ddce900b615a53af8609b982b2,SOL,15min,2026-08-03T19:00:00+00:00,480,479.6,0.365,Down,0.46,95.84,0.45,9369.73,27,Down,1
2026-08-03T18:55:00+00:00,eth-updown-15m-1785782700,3292753,0x92b140ee76809f3c0bb3ee72cdeddaaaf37653ebd06a1730b7fb0411e70a9bb8,ETH,15min,2026-08-03T19:00:00+00:00,300,299.9,0.595,Up,0.79,743.07,0.78,14204.4,21,Down,0
2026-08-03T18:56:00+00:00,sol-updown-5m-1785783300,3292782,0xf462e8dcbad82983ecd563dbec84ea1477c558429646ac468f3fd1fce82526ff,SOL,5min,2026-08-03T19:00:00+00:00,240,239.8,0.495,Down,0.52,51.07,0.51,17199.59,48,Down,1
2026-08-03T18:57:00+00:00,eth-updown-5m-1785783300,3292780,0x81d900b58433f9ae09575f670b7452107297608d03408f57bb92f44372701168,ETH,5min,2026-08-03T19:00:00+00:00,180,179.9,0.505,Up,0.57,325.11,0.56,22056.15,43,Down,0
2026-08-03T18:59:00+00:00,btc-updown-15m-1785782700,3292745,0x4882f02a41a2b2e75508521034c7acb7a253fc97754c8e473ebefdd25a4c0763,BTC,15min,2026-08-03T19:00:00+00:00,60,59.9,0.975,Up,0.99,261.2,0.98,261.2,1,Up,1
2026-08-03T19:01:00+00:00,sol-updown-5m-1785783600,3292870,0x1485405d4a5c39c9250483bc9f7568a758598d37c2f99b5977e514d667c68af3,SOL,5min,2026-08-03T19:05:00+00:00,240,239.9,0.495,Down,0.26,43.23,0.25,12513.79,50,Up,0
2026-08-03T19:02:00+00:00,eth-updown-5m-1785783600,3292866,0x0c51123ade46f7009afd20e7802779b3e6d57381a2630daec9263e7385dea3da,ETH,5min,2026-08-03T19:05:00+00:00,180,179.6,0.495,Down,0.24,175.02,0.23,17849.24,76,Up,0
2026-08-03T19:02:00+00:00,xrp-updown-15m-1785783600,3292875,0xd3826ed4ed8ff818db453238635aa2997e3f5e4e658f59de1ca5ab038afa9537,XRP,15min,2026-08-03T19:15:00+00:00,780,779.4,0.495,Down,0.41,33.39,0.4,10933.06,22,Down,1
2026-08-03T19:06:00+00:00,sol-updown-5m-1785783900,3292879,0x650a955557a7f4f5c1042706376b9fc6d83559599029fa43402948f622a10a11,SOL,5min,2026-08-03T19:10:00+00:00,240,239.9,0.5,Up,0.51,110.14,0.5,17374.63,49,Down,0
2026-08-03T19:07:00+00:00,eth-updown-5m-1785783900,3292881,0x581e569790ba78653e1a7e4a294b7f1a4cecb0218ea7e6f3fd3665698fc3a38d,ETH,5min,2026-08-03T19:10:00+00:00,180,179.6,0.495,Down,0.63,656.86,0.62,21726.92,37,Up,0
2026-08-03T19:07:00+00:00,sol-updown-15m-1785783600,3292871,0x391fd5aa73f62686eed94100010f79de660bd7be01d43d0592e5e095cc7baeec,SOL,15min,2026-08-03T19:15:00+00:00,480,479.4,0.555,Up,0.77,299.94,0.76,8503.51,21,Up,1
2026-08-03T19:10:00+00:00,eth-updown-15m-1785783600,3292869,0xb54e1f8a58a844358df4f26db625b30fcf93b0d741b0732e22d76ecba0d9bda5,ETH,15min,2026-08-03T19:15:00+00:00,300,299.9,0.755,Up,0.82,1193.63,0.81,12088.6,18,Up,1
2026-08-03T19:11:00+00:00,sol-updown-5m-1785784200,3293074,0x0f2169b7a85a502c20c07de7a89421a697bcef04b26f2db4d97b32d979028f2e,SOL,5min,2026-08-03T19:15:00+00:00,240,239.7,0.5,Up,0.23,47.32,0.22,17390.36,75,Down,0
2026-08-03T19:12:00+00:00,eth-updown-5m-1785784200,3293070,0x5be108bf9874915e23c44fc591aab2c5ffeb79d9d7dc69a59562dbf82c7aff7d,ETH,5min,2026-08-03T19:15:00+00:00,180,179.9,0.495,Down,0.29,272.99,0.28,22875.81,71,Up,0
2026-08-03T19:14:00+00:00,btc-updown-15m-1785783600,3292874,0xf6b1b247e4ec99c2d7749e0e3578d317eb04b5af715f3666a571e1107740fdcb,BTC,15min,2026-08-03T19:15:00+00:00,60,59.8,0.655,Up,0.97,6535.97,0.96,6535.97,8,Up,1
2026-08-03T19:16:00+00:00,sol-updown-5m-1785784500,3293180,0xf5de58bcd8274e0b3215050f706528076b37e1cc2cd9d102c809838cdce58a2d,SOL,5min,2026-08-03T19:20:00+00:00,240,239.8,0.5,Up,0.74,231.26,0.73,14890.57,26,Down,0
2026-08-03T19:17:00+00:00,eth-updown-5m-1785784500,3293176,0xb40489ea18701f02cc65c92a02c6c1db9c5a625e97aab60674cdbb10fb6748ee,ETH,5min,2026-08-03T19:20:00+00:00,180,179.3,0.495,Down,0.46,169.95,0.45,21252.59,53,Down,1
2026-08-03T19:17:00+00:00,xrp-updown-15m-1785784500,3293181,0xd9dc26f0fcae2113fb4703e66b9bdd78cf85cc3646abf1b739cfbbe1e27cec0a,XRP,15min,2026-08-03T19:30:00+00:00,780,779.1,0.505,Up,0.65,103.62,0.63,10691.42,31,Up,1
2026-08-03T19:21:00+00:00,sol-updown-5m-1785784800,3293193,0xa1c6383f2385aaba77c122defb54123c636a7c8dbf1a88013b3f05c136e28448,SOL,5min,2026-08-03T19:25:00+00:00,240,239.6,0.5,Up,0.46,103.76,0.45,17510.64,52,Up,1
2026-08-03T19:22:00+00:00,eth-updown-5m-1785784800,3293194,0x1801a84d3fb1cde03e53144bba6b9457b4099516aaa5830a2c9081bf7978460b,ETH,5min,2026-08-03T19:25:00+00:00,180,179.6,0.495,Down,0.31,217.68,0.3,23581.18,69,Up,0
2026-08-03T19:22:00+00:00,sol-updown-15m-1785784500,3293184,0x2412866bd92798da21ae239a6e4aeba14b0269eb393250706b001f5f029e3c98,SOL,15min,2026-08-03T19:30:00+00:00,480,479.5,0.715,Up,0.51,36.9,0.5,9525.27,49,Up,1
2026-08-03T19:25:00+00:00,eth-updown-15m-1785784500,3293186,0x3476d77e3edd595ac6a5dd33ef9df4d663ab9d4a5870c93efa59a3c2096062be,ETH,15min,2026-08-03T19:30:00+00:00,300,299.9,0.805,Up,0.74,713.49,0.73,13438.38,26,Up,1
2026-08-03T19:26:00+00:00,sol-updown-5m-1785785100,3293202,0x05ac575087829a46757e7e371f6a237e68a2f858b254c5eaa1c04e041b8bcae0,SOL,5min,2026-08-03T19:30:00+00:00,240,239.8,0.495,Down,0.51,5.68,0.5,15999.06,45,Up,0
2026-08-03T19:27:00+00:00,eth-updown-5m-1785785100,3293205,0xccad2b86ab1e7f5ddea52355d520fabece12e054e5dbcf12d994a9b31ef2de8d,ETH,5min,2026-08-03T19:30:00+00:00,180,179.9,0.495,Down,0.7,432.24,0.69,19971.44,30,Up,0
2026-08-03T19:29:00+00:00,btc-updown-15m-1785784500,3293182,0xdb4bd9f53d744cc61bcdec98c229dd4000301a855f3f9f59471f708e518117a3,BTC,15min,2026-08-03T19:30:00+00:00,60,59.9,0.815,Up,,0,0.99,0,0,Up,1
2026-08-03T19:31:00+00:00,sol-updown-5m-1785785400,3293222,0xfa872a24e014479f3c9bc077fd31f97a9c040cb9777ba293d38bebe7c5dc42ec,SOL,5min,2026-08-03T19:35:00+00:00,240,239.9,0.495,Down,0.26,42.63,0.23,17709.08,74,Up,0
2026-08-03T19:32:00+00:00,eth-updown-5m-1785785400,3293214,0xdf4cda06a49bd5c72489f29cca4764695f75feaee37cb937f97f2d9b20ae41da,ETH,5min,2026-08-03T19:35:00+00:00,180,179.4,0.495,Down,0.32,294.68,0.31,23319.26,68,Up,0
2026-08-03T19:32:00+00:00,xrp-updown-15m-1785785400,3293224,0x68063049c961a9ceecd9c57ba561aae1bb06d165be50c927e83d1fdfe3513d18,XRP,15min,2026-08-03T19:45:00+00:00,780,779.3,0.495,Down,0.51,48.92,0.49,10921.64,21,Down,1
2026-08-03T19:36:00+00:00,sol-updown-5m-1785785700,3293232,0x34934f00eb1fa860119b208ebd14024df9d2c7ec60e0713ff0a5a9de7b878c84,SOL,5min,2026-08-03T19:40:00+00:00,240,239.9,0.495,Down,0.55,47.11,0.54,15773.59,45,Down,1
2026-08-03T19:37:00+00:00,eth-updown-5m-1785785700,3293233,0xb678a3f85ba87939f3a70fa9a68dfa14b1629dacff970da6c6171b82febb6791,ETH,5min,2026-08-03T19:40:00+00:00,180,179.6,0.495,Down,0.99,1221.18,0.98,1221.18,1,Down,1
2026-08-03T19:37:00+00:00,sol-updown-15m-1785785400,3293216,0xf59928a16d2cfb8ca88b63b1fc3bab6bb42f886b4692d1443e2842e44abe8676,SOL,15min,2026-08-03T19:45:00+00:00,480,479.5,0.615,Up,0.43,68.04,0.42,9722.37,57,Down,0
2026-08-03T19:40:00+00:00,eth-updown-15m-1785785400,3293220,0x53b45a3c7f9a6b651fc7a6a192ae61b919e6cac39ea23b873c3950cc7d31be28,ETH,15min,2026-08-03T19:45:00+00:00,300,299.7,0.855,Up,0.14,224.24,0.13,17205.47,86,Down,0
2026-08-03T19:40:00+00:00,ethereum-up-or-down-august-3-2026-3pm-et,3270655,0xaa633a164217089ada28c0c7e726b52c4b5b4e26a99ea238f3c4bf513f7319ed,ETH,60min,2026-08-03T20:00:00+00:00,1200,1199.6,0.765,Up,0.68,595.76,0.67,17957.96,32,Up,1
2026-08-03T19:41:00+00:00,sol-updown-5m-1785786000,3293241,0xb34dd3282c582f36b77c6fb898d590080361bb490978d97e60919bb099e657e9,SOL,5min,2026-08-03T19:45:00+00:00,240,239.7,0.495,Down,0.36,8.52,0.35,16772.41,60,Up,0
2026-08-03T19:42:00+00:00,eth-updown-5m-1785786000,3293245,0x9362c105bdfab3d34f7d1ac7da361afcff331f85ffc04e78c1bf2b324fa1541d,ETH,5min,2026-08-03T19:45:00+00:00,180,179.9,0.495,Down,0.3,236.52,0.29,23946.51,70,Up,0
2026-08-03T19:44:00+00:00,btc-updown-15m-1785785400,3293219,0xa58f5fbc058eab5bcaa153205f12032b5f5f02184f3a9b49e05eaa1291e620e6,BTC,15min,2026-08-03T19:45:00+00:00,60,59.9,0.105,Down,0.93,2954.76,0.92,9133.32,7,Down,1
2026-08-03T19:46:00+00:00,sol-updown-5m-1785786300,3293249,0x5d7024e4842d2294e4e871864b690c93edb4ebeff80085f9a277e6d19becd82b,SOL,5min,2026-08-03T19:50:00+00:00,240,239.9,0.5,Up,0.44,38.86,0.42,15343.4,55,Down,0
2026-08-03T19:47:00+00:00,eth-updown-5m-1785786300,3293251,0x92b9e20929f00faaf32a003a5a8448c640182984a80e3e8fbac438274e3a2ed7,ETH,5min,2026-08-03T19:50:00+00:00,180,179.4,0.495,Down,0.63,640.14,0.62,21691.19,37,Up,0
2026-08-03T19:47:00+00:00,xrp-updown-15m-1785786300,3293254,0xd33276210f9d42c9f9a28325c097185e805bdff795cf692205434d1c05ea1eef,XRP,15min,2026-08-03T20:00:00+00:00,780,779.3,0.505,Up,0.41,48.91,0.4,11025.82,38,Down,0
2026-08-03T19:51:00+00:00,sol-updown-5m-1785786600,3293268,0xbe9c6855dd2154212503d1b844d9da57ca161bcc55cec0e90cff18a0be16648d,SOL,5min,2026-08-03T19:55:00+00:00,240,239.9,0.5,Up,0.58,48.28,0.56,15879.32,42,Up,1
2026-08-03T19:52:00+00:00,eth-updown-5m-1785786600,3293267,0x0cfb9854591d97668a3f270d30b4944ddb885e64b4af7579d5081fec65aa377b,ETH,5min,2026-08-03T19:55:00+00:00,180,179.7,0.795,Up,0.74,1621.26,0.73,18818.13,26,Up,1
2026-08-03T19:52:00+00:00,sol-updown-15m-1785786300,3293256,0x79d8035e74f3c65de42e2e667891305e4ee8390938d1a21f3d28650996bd1986,SOL,15min,2026-08-03T20:00:00+00:00,480,479.6,0.575,Up,0.55,66.88,0.54,10757.94,43,Down,0
2026-08-03T19:55:00+00:00,eth-updown-15m-1785786300,3293259,0xf8782bca4a5c5adb40b8378a5ea63b4c3c3881b191d4168c33879a195c5a066c,ETH,15min,2026-08-03T20:00:00+00:00,300,299.9,0.595,Up,0.55,635.56,0.54,16096.69,45,Down,0
2026-08-03T19:56:00+00:00,sol-updown-5m-1785786900,3293403,0xbe0f1305dd61ec5ed3d0c6ac91d0bc10c3635cb201d047a4caa5e4bff73d91b2,SOL,5min,2026-08-03T20:00:00+00:00,240,239.8,0.5,Up,0.2,43.82,0.18,17338.11,80,Down,0
2026-08-03T19:57:00+00:00,eth-updown-5m-1785786900,3293406,0x0da783da921f34d24356150c577a9a3b7fb9a8b44302afc707f0c045d0a14d96,ETH,5min,2026-08-03T20:00:00+00:00,180,179.9,0.495,Down,0.7,779.51,0.69,18884.97,30,Down,1
2026-08-03T19:59:00+00:00,btc-updown-15m-1785786300,3293252,0x1ee961619cacf62f91d3874ad2aa753177b88a442e524c6110da962c5ea6c776,BTC,15min,2026-08-03T20:00:00+00:00,60,59.9,0.385,Down,0.99,1417.37,0.98,1417.37,1,Down,1
2026-08-03T20:01:00+00:00,sol-updown-5m-1785787200,3293507,0x1fbe3b7db3ae4e2cbb23c01efc346d25a378c80378eefb4d274cba93d8bc3baa,SOL,5min,2026-08-03T20:05:00+00:00,240,239.8,0.5,Up,0.16,39.28,0.15,17781.75,84,Down,0
2026-08-03T20:02:00+00:00,eth-updown-5m-1785787200,3293493,0x49803ffb17c47179a7cf55ac88b16089b18a92bec194531784a759f001d42834,ETH,5min,2026-08-03T20:05:00+00:00,180,179.5,0.495,Down,0.55,279.08,0.54,19303.0,45,Up,0
2026-08-03T20:02:00+00:00,xrp-updown-15m-1785787200,3293505,0x972fa479fc7b0a6b15599edc8edbd0b9411d92248281505f5d7deb280cecbd60,XRP,15min,2026-08-03T20:15:00+00:00,780,779.4,0.305,Down,0.58,100.03,0.57,11241.99,34,Up,0
2026-08-03T20:06:00+00:00,sol-updown-5m-1785787500,3293523,0x112ac4c312f3d69c770a70b7540aaa08f832932609d3390cbcfa56fd5e7079f8,SOL,5min,2026-08-03T20:10:00+00:00,240,239.9,0.505,Up,0.8,151.72,0.79,12843.76,20,Up,1
2026-08-03T20:07:00+00:00,eth-updown-5m-1785787500,3293528,0x5ddadd3588ccb2620b563b99702bb7359e69b318343e01d592dd64ad64be2a84,ETH,5min,2026-08-03T20:10:00+00:00,180,179.5,0.495,Down,0.27,219.94,0.26,17997.33,73,Up,0
2026-08-03T20:07:00+00:00,sol-updown-15m-1785787200,3293494,0x0dda270004213c3480528e6878c22f8eab58789920db99bcb6afec10ab77306c,SOL,15min,2026-08-03T20:15:00+00:00,480,479.4,0.24,Down,0.54,70.55,0.53,10583.62,46,Down,1
2026-08-03T20:10:00+00:00,eth-updown-15m-1785787200,3293496,0x07e3aa71f6154f7aecc06d02faecad40d57a9ba50d08919c43af52f3d900ccd3,ETH,15min,2026-08-03T20:15:00+00:00,300,299.8,0.655,Up,0.91,1461.56,0.9,9188.1,9,Up,1
2026-08-03T20:11:00+00:00,sol-updown-5m-1785787800,3293657,0x6f9329ee0ef946d3fbab3c777e4e08b1354e304a1be61d14d4c3d14a4af547c9,SOL,5min,2026-08-03T20:15:00+00:00,240,239.8,0.5,Up,0.42,39.81,0.4,13013.53,49,Down,0
2026-08-03T20:12:00+00:00,eth-updown-5m-1785787800,3293660,0xf8a3e1d8bed60159a586a43566175646c8e6bd89ce328bf2ec04d1ecf8ed0bdb,ETH,5min,2026-08-03T20:15:00+00:00,180,179.8,0.495,Down,0.47,220.31,0.46,14723.21,53,Down,1
2026-08-03T20:14:00+00:00,btc-updown-15m-1785787200,3293512,0x4a6a4a5f53c7e45bc6e836b13ccb789d064db1541e61dbe311aea8798444d8f1,BTC,15min,2026-08-03T20:15:00+00:00,60,59.8,0.885,Up,0.979,720.32,0.972,720.32,9,Up,1
2026-08-03T20:16:00+00:00,sol-updown-5m-1785788100,3293672,0xc414eb63c93d4f7ef7a805b4cb611d6956a9d3720b9b182b2695481edf96b33d,SOL,5min,2026-08-03T20:20:00+00:00,240,239.9,0.5,Up,0.58,138.89,0.57,16747.32,42,Up,1
2026-08-03T20:17:00+00:00,eth-updown-5m-1785788100,3293682,0xc3375b8b437f98a9e108b5f8c267735383b05f4116a8ae7d43e0bb9bdd0b991d,ETH,5min,2026-08-03T20:20:00+00:00,180,179.1,0.495,Down,0.33,226.09,0.32,10684.48,67,Up,0
2026-08-03T20:17:01+00:00,xrp-updown-15m-1785788100,3293680,0x66dd4c4050cb45c41a7c6e09cfb53bce876ab6278627c51751357d9d5d2e1a18,XRP,15min,2026-08-03T20:30:00+00:00,780,779.0,0.495,Down,0.42,48.99,0.41,1899.1,25,Down,1
2026-08-03T20:21:00+00:00,sol-updown-5m-1785788400,3293720,0x8542906c7a38d1a1f46cff0c051712472c0b8276635ced6ad4496a62db9a188c,SOL,5min,2026-08-03T20:25:00+00:00,240,239.8,0.505,Up,0.36,39.97,0.35,17068.53,63,Down,0
2026-08-03T20:22:00+00:00,eth-updown-5m-1785788400,3293726,0x741ea7563522e0c4836dc7c90653036395e4a378ccfa37c1aa75c4f80ff01dc8,ETH,5min,2026-08-03T20:25:00+00:00,180,179.6,0.495,Down,0.34,157.91,0.33,10845.17,66,Down,1
2026-08-03T20:22:00+00:00,sol-updown-15m-1785788100,3293684,0xf03af98c0e25277da93ec649622b944182cfe9ea4e59028de49a764de6cb6623,SOL,15min,2026-08-03T20:30:00+00:00,480,479.5,0.585,Up,0.92,1384.82,0.85,7908.32,8,Up,1
2026-08-03T20:25:00+00:00,eth-updown-15m-1785788100,3293675,0x592cd98758c418d303a61d130c9a649c9849882d09a78494fe048e8578a18c3a,ETH,15min,2026-08-03T20:30:00+00:00,300,299.6,0.935,Up,0.85,547.08,0.84,8557.66,15,Up,1
2026-08-03T20:26:00+00:00,sol-updown-5m-1785788700,3294322,0x0f93bf6668665f67b40f441badc51f9c6455acae801ba4881815fd062fa233a6,SOL,5min,2026-08-03T20:30:00+00:00,240,239.9,0.495,Down,0.54,52.7,0.52,16936.83,46,Down,1
2026-08-03T20:27:00+00:00,eth-updown-5m-1785788700,3294324,0x919a3ac1331b2e244b3494f1ee236304dac6c2b35e112822baaa2311c033cf5a,ETH,5min,2026-08-03T20:30:00+00:00,180,179.9,0.495,Down,0.84,430.63,0.83,15292.29,16,Down,1
2026-08-03T20:29:00+00:00,btc-updown-15m-1785788100,3293674,0x5484efbbca271efa439a112cf0e808b7eca52bdc40c6b08859a5fb9e0b273d34,BTC,15min,2026-08-03T20:30:00+00:00,60,59.9,0.925,Up,0.98,244.08,0.97,244.08,2,Up,1
2026-08-03T20:31:00+00:00,sol-updown-5m-1785789000,3294924,0x10f5cbe0ef9f7c8944700146a481a0bde62936fca298c4b06eed9ec25dff9da6,SOL,5min,2026-08-03T20:35:00+00:00,240,239.9,0.505,Up,0.54,18.77,0.53,16319.37,42,Down,0
2026-08-03T20:32:00+00:00,eth-updown-5m-1785789000,3294922,0x0ee08badba38191b5ea38d3f0b5eccaa83639d473b86ea5c1c4b7a15be42b392,ETH,5min,2026-08-03T20:35:00+00:00,180,179.0,0.495,Down,0.33,206.25,0.32,18436.65,67,Up,0
2026-08-03T20:32:01+00:00,xrp-updown-15m-1785789000,3294912,0x1eac0d94db622bdec359c1cb464a0e2e705ff25ea35ce42160acf7817f033632,XRP,15min,2026-08-03T20:45:00+00:00,780,778.9,0.505,Up,0.6,74.06,0.59,11017.67,21,Up,1
2026-08-03T20:36:00+00:00,sol-updown-5m-1785789300,3294992,0xbd3e5bc5c140ad0eac71a660f66fee79321257d26938a9926b2d3304e85f0b66,SOL,5min,2026-08-03T20:40:00+00:00,240,239.9,0.495,Down,0.35,16.73,0.33,16703.71,64,Up,0
2026-08-03T20:37:00+00:00,eth-updown-5m-1785789300,3294990,0xb5bb6f74555bf6e9fdec7f51a34cb0d20b4a68fca3515c98f05e42b49a319b98,ETH,5min,2026-08-03T20:40:00+00:00,180,179.6,0.495,Down,0.3,70.51,0.29,17756.88,70,Down,1
2026-08-03T20:37:00+00:00,sol-updown-15m-1785789000,3294921,0xb44310acff742491a10c84c031679b30aac34a9752ea3ca93f3e88482e2c0143,SOL,15min,2026-08-03T20:45:00+00:00,480,479.5,0.485,Down,0.66,178.82,0.62,10227.99,34,Down,1
2026-08-03T20:40:00+00:00,eth-updown-15m-1785789000,3294911,0x784bfdffb46f6e5dd3ef538a694d63d2d1ef996fcc373fe14c09f97bb9c3da2f,ETH,15min,2026-08-03T20:45:00+00:00,300,299.9,0.53,Up,0.44,245.02,0.43,10552.81,56,Up,1
2026-08-03T20:40:00+00:00,ethereum-up-or-down-august-3-2026-4pm-et,3273239,0x1d4d72d228035a9c7e9d48c1d11ba55e1dda377c9ded4182b639d20cd5bef254,ETH,60min,2026-08-03T21:00:00+00:00,1200,1199.7,0.845,Up,0.82,406.39,0.81,6076.74,14,Down,0
2026-08-03T20:41:00+00:00,sol-updown-5m-1785789600,3295011,0x1a507c75a7d016eaac4dbec1f74703e4c770f5af488ae37676843e1d93c3ea71,SOL,5min,2026-08-03T20:45:00+00:00,240,239.8,0.505,Up,0.36,23.43,0.35,16992.87,60,Up,1
2026-08-03T20:42:00+00:00,eth-updown-5m-1785789600,3295009,0xd6f090a5022f4de51e7718bb576b2d90035ba2f6706abfd1d9eebb9b542c64ac,ETH,5min,2026-08-03T20:45:00+00:00,180,179.9,0.505,Up,0.38,224.17,0.37,17974.98,62,Up,1
2026-08-03T20:44:00+00:00,btc-updown-15m-1785789000,3294914,0x5af8a2f4fe798e2b025bcb30f2548a63e00fd3a4f1a21e92fa8ef2497ea2f687,BTC,15min,2026-08-03T20:45:00+00:00,60,59.9,0.095,Down,0.996,5835.34,0.995,5835.34,4,Down,1
2026-08-03T20:46:00+00:00,sol-updown-5m-1785789900,3295038,0x9b1e6691eebd2b26ef4ae556e0de5076ce78f9895d27b5089766082b2fee08fd,SOL,5min,2026-08-03T20:50:00+00:00,240,239.9,0.505,Up,0.18,13.49,0.17,17129.7,82,Down,0
2026-08-03T20:47:00+00:00,eth-updown-5m-1785789900,3295039,0xd1f2c08683735ccd4bbf33d2b965e90afa694100ad3b16fddbbe650b3f64980a,ETH,5min,2026-08-03T20:50:00+00:00,180,179.6,0.495,Down,0.95,2794.02,0.94,2794.02,5,Down,1
2026-08-03T20:47:00+00:00,xrp-updown-15m-1785789900,3295031,0xe3877d4ee25b73e36e788c9c9c71cede3db9681bf941f49ce52c355a780d6180,XRP,15min,2026-08-03T21:00:00+00:00,780,779.5,0.495,Down,0.6,121.87,0.59,10266.99,27,Up,0
2026-08-03T20:51:00+00:00,sol-updown-5m-1785790200,3295062,0xa64d0ff5078871b1d7394ea7045ba8e8bfd9c84281c70772396ad645dbb403b8,SOL,5min,2026-08-03T20:55:00+00:00,240,239.9,0.505,Up,0.41,17.24,0.4,16104.21,57,Down,0
2026-08-03T20:52:00+00:00,eth-updown-5m-1785790200,3295059,0x875d9f9a2e9dde2c21de006e01eddd621b7d447977db0295b78c8e627acedde0,ETH,5min,2026-08-03T20:55:00+00:00,180,179.6,0.505,Up,0.45,109.98,0.44,9582.5,55,Up,1
2026-08-03T20:52:00+00:00,sol-updown-15m-1785789900,3295037,0xb80b3c23404eb0e5fcf6864f09a3c93b2cad3f01ac86e69f3ef0152e6b0a5bbf,SOL,15min,2026-08-03T21:00:00+00:00,480,479.5,0.045,Down,0.96,785.73,0.93,785.73,4,Down,1
2026-08-03T20:55:00+00:00,eth-updown-15m-1785789900,3295036,0xb33f9accbbae66b4505fa58ee2e883cd56881ef39a05494e593d99e47febd313,ETH,15min,2026-08-03T21:00:00+00:00,300,299.9,0.065,Down,0.99,1483.93,0.98,1483.93,6,Down,1
2026-08-03T20:56:00+00:00,sol-updown-5m-1785790500,3295170,0xce24673f5bebdfe94940df3dc8b37c59ec2a7ea1c4b5828a620659987def8c9f,SOL,5min,2026-08-03T21:00:00+00:00,240,239.8,0.5,Up,0.75,379.14,0.74,14325.93,25,Up,1
2026-08-03T20:57:00+00:00,eth-updown-5m-1785790500,3295169,0x5f758ddd35d89708ca302c98dac505b67c6d2d607ca10af47c98f48db9db5017,ETH,5min,2026-08-03T21:00:00+00:00,180,179.9,0.505,Up,0.69,138.56,0.68,16354.5,31,Up,1
2026-08-03T20:59:00+00:00,btc-updown-15m-1785789900,3295040,0xfffb127fef19226b8ce1885abbf9c1840569ec00cbb88d7fb1baa5c633241f24,BTC,15min,2026-08-03T21:00:00+00:00,60,59.9,0.0115,Down,,0,0.999,0,0,Down,1
2026-08-03T21:01:00+00:00,sol-updown-5m-1785790800,3295176,0xb460844df325707882788fcd69bd70e82abbeca678c9a67f8a2b25e1616a1574,SOL,5min,2026-08-03T21:05:00+00:00,240,239.9,0.505,Up,0.7,349.48,0.69,15347.74,30,Down,0
2026-08-03T21:02:00+00:00,eth-updown-5m-1785790800,3295181,0xb9af746533699b965aec063fae4ea46e79a499a419cff3ebfe4a73a279f8913f,ETH,5min,2026-08-03T21:05:00+00:00,180,179.6,0.505,Up,0.19,106.0,0.18,16661.08,81,Down,0
2026-08-03T21:02:00+00:00,xrp-updown-15m-1785790800,3295174,0x113570611908af720a30c2926a6eb4ecb4d8f028171c95d97085076355010efd,XRP,15min,2026-08-03T21:15:00+00:00,780,779.5,0.505,Up,0.42,69.83,0.4,10958.11,27,Down,0
2026-08-03T21:06:00+00:00,sol-updown-5m-1785791100,3295192,0x4bff14e11c1037e4ede0fa693cb27bac420c4017863e77705d5a972d38ebc446,SOL,5min,2026-08-03T21:10:00+00:00,240,239.9,0.505,Up,0.64,71.01,0.63,16284.07,36,Up,1
2026-08-03T21:07:00+00:00,eth-updown-5m-1785791100,3295191,0x97e3453df2c2c405a5630d95f3cb06a6378b3c2b4446f5238eb8f347a8fe4b66,ETH,5min,2026-08-03T21:10:00+00:00,180,179.6,0.505,Up,0.87,615.24,0.86,12951.42,13,Down,0
2026-08-03T21:07:00+00:00,sol-updown-15m-1785790800,3295175,0x1725026974f436a0dbdbc544f679baba5a57cc157c42701c56d2152dfd17714b,SOL,15min,2026-08-03T21:15:00+00:00,480,479.5,0.235,Down,0.77,260.59,0.74,8440.3,23,Down,1
2026-08-03T21:10:00+00:00,eth-updown-15m-1785790800,3295177,0x6c9e57e68ec3d8854b1877afe6f7ec7fb6d93904795d1e8b3a6f0162305b31e9,ETH,15min,2026-08-03T21:15:00+00:00,300,299.8,0.195,Down,0.96,6391.05,0.95,6391.05,4,Down,1
2026-08-03T21:11:00+00:00,sol-updown-5m-1785791400,3295566,0x5405d20bc873c0314f9b794a27b2942433a9b154ee761ccc712d8349b3234402,SOL,5min,2026-08-03T21:15:00+00:00,240,239.7,0.505,Up,0.4,4.92,0.39,16754.32,56,Down,0
2026-08-03T21:12:00+00:00,eth-updown-5m-1785791400,3295567,0xbd61b7a0bef34cbc8521122280a193cf96b0ca6f4e6e999c88f6f6aae76e3e50,ETH,5min,2026-08-03T21:15:00+00:00,180,179.8,0.505,Up,0.5,125.51,0.49,7048.7,50,Down,0
2026-08-03T21:14:00+00:00,btc-updown-15m-1785790800,3295183,0xfc230af5b3bc3991d05a9350a972bf8828e64df1bbac90fed15520b08a0e3f08,BTC,15min,2026-08-03T21:15:00+00:00,60,59.6,0.045,Down,0.997,259.56,0.994,259.56,2,Down,1
2026-08-03T21:16:00+00:00,sol-updown-5m-1785791700,3295589,0xe917887f5d15f8a97008fed3cf9b952c48eb3b947a17a4c4ac50ffdff7b1c479,SOL,5min,2026-08-03T21:20:00+00:00,240,239.9,0.515,Up,0.26,36.55,0.25,17031.88,73,Down,0
2026-08-03T21:17:00+00:00,eth-updown-5m-1785791700,3295586,0x88bb231275ee5bb82dcbaf0e4394552dc9329b6233228f7586086522b2bacdf5,ETH,5min,2026-08-03T21:20:00+00:00,180,179.4,0.505,Up,0.53,322.35,0.52,16725.77,47,Down,0
2026-08-03T21:17:00+00:00,xrp-updown-15m-1785791700,3295590,0x708975981d63990f47d625734779217d97ca9155739c6bc706e0d6a8ab5fcbfb,XRP,15min,2026-08-03T21:30:00+00:00,780,779.3,0.505,Up,0.64,155.6,0.63,11281.42,26,Up,1
2026-08-03T21:21:00+00:00,sol-updown-5m-1785792000,3295598,0x52e1e97e01ff3895c79c4671e8b04712d1ab90ca736d6ba5120996b8dda0daa9,SOL,5min,2026-08-03T21:25:00+00:00,240,239.7,0.405,Down,0.65,160.27,0.64,16151.36,35,Down,1
2026-08-03T21:22:00+00:00,eth-updown-5m-1785792000,3295592,0xcc6d2123c88c34c0d00d7f3d491e065cf42a2357ff08b144a05f26004a25f8d6,ETH,5min,2026-08-03T21:25:00+00:00,180,179.4,0.505,Up,0.77,358.86,0.76,14847.32,23,Up,1
2026-08-03T21:22:00+00:00,sol-updown-15m-1785791700,3295584,0x84fc3b37f66ba058624fcd117c646dbabb6ff6d82711d3b6e2c5d8c325bd4689,SOL,15min,2026-08-03T21:30:00+00:00,480,479.3,0.555,Up,0.38,70.51,0.37,10484.57,57,Up,1
2026-08-03T21:25:00+00:00,eth-updown-15m-1785791700,3295579,0x67d9b689ce539ec148f4f790ea36db43a139a97c00e8b69722844052e7e9f4a3,ETH,15min,2026-08-03T21:30:00+00:00,300,299.9,0.235,Down,0.81,231.63,0.8,10200.35,19,Up,0
2026-08-03T21:26:00+00:00,sol-updown-5m-1785792300,3295715,0xa5ed6aaafc37d7706b573043173334908db957cb69da4d988187c06a0bdfd973,SOL,5min,2026-08-03T21:30:00+00:00,240,239.8,0.505,Up,0.64,111.45,0.63,15117.97,36,Up,1
2026-08-03T21:27:00+00:00,eth-updown-5m-1785792300,3295716,0x27f3a703d0ca903f9806424545b0abcfe16627cd2d1ade88ab956af4cd3f2e42,ETH,5min,2026-08-03T21:30:00+00:00,180,179.9,0.505,Up,0.81,292.47,0.8,14351.73,19,Up,1
2026-08-03T21:29:00+00:00,btc-updown-15m-1785791700,3295583,0xe20771b583f37f61d27547dc82f671bb2158cb2613fd07b76b9af7e3d61502fa,BTC,15min,2026-08-03T21:30:00+00:00,60,59.9,0.735,Up,0.44,29.88,0.36,12018.41,52,Up,1
2026-08-03T21:31:00+00:00,sol-updown-5m-1785792600,3295721,0x0020f5158923e737e55de245641136f6de48aa7ebc6bb795d94ebbddf2802b8d,SOL,5min,2026-08-03T21:35:00+00:00,240,239.9,0.505,Up,0.67,75.99,0.66,15893.55,33,Down,0
2026-08-03T21:32:00+00:00,eth-updown-5m-1785792600,3295720,0x227d8f834f12d3ec33811e997c504a5d58e2f047e4ae9db58fa28892a9431138,ETH,5min,2026-08-03T21:35:00+00:00,180,179.7,0.505,Up,0.77,110.99,0.76,12574.81,23,Up,1
2026-08-03T21:32:00+00:00,xrp-updown-15m-1785792600,3295726,0xf49e26c6b90d3c2b8a9b803e9746c977179f67e2f9042aa7e8f133055c31ef9f,XRP,15min,2026-08-03T21:45:00+00:00,780,779.6,0.505,Up,0.48,46.16,0.47,10991.78,26,Up,1
2026-08-03T21:36:00+00:00,sol-updown-5m-1785792900,3295803,0x9d123a88647d125757337c88d9483427b1f2c449fdbdb98c930e524dbee9b04e,SOL,5min,2026-08-03T21:40:00+00:00,240,239.9,0.495,Down,0.48,50.71,0.47,16822.33,50,Up,0
2026-08-03T21:37:00+00:00,eth-updown-5m-1785792900,3295802,0x2ae6e63eb03db95fb1e406940aa84bef2e8bedd881d8567e1437a5a02af4bcfe,ETH,5min,2026-08-03T21:40:00+00:00,180,179.7,0.595,Up,0.41,19.58,0.4,16223.69,58,Up,1
2026-08-03T21:37:00+00:00,sol-updown-15m-1785792600,3295730,0xa3a9b64492841519da2dffa39bede232e36db5d420311bc713a3418d9d515883,SOL,15min,2026-08-03T21:45:00+00:00,480,479.6,0.525,Up,0.36,39.06,0.35,11026.31,63,Up,1
2026-08-03T21:40:00+00:00,eth-updown-15m-1785792600,3295725,0xf7c1c97d81bee676ecc8978c789e447913d80be715e9697fb2a936f6b18205f9,ETH,15min,2026-08-03T21:45:00+00:00,300,299.9,0.925,Up,0.94,6123.53,0.93,6123.53,6,Up,1
2026-08-03T21:40:00+00:00,ethereum-up-or-down-august-3-2026-5pm-et,3274297,0xe82c7a22e6873d389cd2cfa3a684a0adc722ae8c96855adc75f77fb78ce18699,ETH,60min,2026-08-03T22:00:00+00:00,1200,1199.7,0.235,Down,0.57,610.17,0.55,25118.72,19,Down,1
2026-08-03T21:41:00+00:00,sol-updown-5m-1785793200,3295809,0xe2e7840bd36329553a9d6dafe4398ff4c1e7d8a07edaf70496e6426cf2308ad4,SOL,5min,2026-08-03T21:45:00+00:00,240,239.8,0.505,Up,0.4,27.86,0.38,16843.89,58,Down,0
2026-08-03T21:42:00+00:00,eth-updown-5m-1785793200,3295808,0x24c34b9c26ff9b03e9dbf5d3e7397211cd94888392c1cb70d9ea83cefdd838ab,ETH,5min,2026-08-03T21:45:00+00:00,180,179.7,0.505,Up,0.23,20.29,0.22,16163.09,73,Down,0
2026-08-03T21:44:00+00:00,btc-updown-15m-1785792600,3295722,0x8d3eec48d3c8d1e9db4913c81acb0d22d505a86150b34469627889821fe14790,BTC,15min,2026-08-03T21:45:00+00:00,60,59.9,0.115,Down,0.99,253.03,0.98,253.03,1,Down,1
2026-08-03T21:46:00+00:00,sol-updown-5m-1785793500,3295859,0x92651c088e6812459a87c25a90aa38977b8abdd7c61758a6ee50761f150ae92a,SOL,5min,2026-08-03T21:50:00+00:00,240,239.9,0.505,Up,0.37,24.85,0.36,16902.82,63,Down,0
2026-08-03T21:47:00+00:00,eth-updown-5m-1785793500,3295854,0x201ff21febbde439d81b3a33d2edca8fa539b3efc07105c9847b9b3fcde211d5,ETH,5min,2026-08-03T21:50:00+00:00,180,179.7,0.505,Up,0.28,59.73,0.27,16580.63,72,Down,0
2026-08-03T21:47:00+00:00,xrp-updown-15m-1785793500,3295847,0xd1bfc908bcabdf89cfdf22ace90e9204bbee960d56ace3d3ee858de9b2a39778,XRP,15min,2026-08-03T22:00:00+00:00,780,779.6,0.495,Down,0.65,115.3,0.64,10961.17,18,Down,1
2026-08-03T21:51:00+00:00,sol-updown-5m-1785793800,3295862,0x5f2af56fd88915c94db0929eda3ead131b71903cabbf2c23a1ec04b52bfaaec9,SOL,5min,2026-08-03T21:55:00+00:00,240,239.9,0.505,Up,0.66,40.55,0.65,16236.31,32,Down,0
2026-08-03T21:52:00+00:00,eth-updown-5m-1785793800,3295866,0x6b7a67d912bdbc6d16562a87f0b182f9c995ccb3c467ce5eb55b511fdece6a60,ETH,5min,2026-08-03T21:55:00+00:00,180,179.7,0.495,Down,0.44,169.33,0.43,16115.52,54,Down,1
2026-08-03T21:52:00+00:00,sol-updown-15m-1785793500,3295860,0xaf351d39a904041fdf6aae60b22c465b8a1c1d27b40448dc17f2af36877e3e9a,SOL,15min,2026-08-03T22:00:00+00:00,480,479.6,0.215,Down,0.76,246.95,0.75,8714.12,23,Down,1
2026-08-03T21:55:00+00:00,eth-updown-15m-1785793500,3295858,0xe6cd3944f25e7f0aaf80d6fa79c3d03de19f0c4f2a4fcb9f8458bb0d1ae8af74,ETH,15min,2026-08-03T22:00:00+00:00,300,299.9,0.055,Down,,0,0.99,0,0,Down,1
2026-08-03T21:56:00+00:00,sol-updown-5m-1785794100,3295876,0x8a6eddb0bcfbc155c92b8ef99606aff200c17924bf3878a01f8dc9f801f9d5f5,SOL,5min,2026-08-03T22:00:00+00:00,240,239.7,0.475,Down,0.7,324.08,0.69,15517.04,30,Up,0
2026-08-03T21:57:00+00:00,eth-updown-5m-1785794100,3295879,0xb80a4e80956c19809d3a5b3600dd61abec58e46780f5bc216a8a9db5fde73c33,ETH,5min,2026-08-03T22:00:00+00:00,180,179.9,0.505,Up,0.5,75.12,0.49,15819.47,50,Down,0
2026-08-03T21:59:00+00:00,btc-updown-15m-1785793500,3295852,0xc7a984111a5a0fbc99c02b71adcda4f3eb7d82e52e01f8364f965fb8b0d2883b,BTC,15min,2026-08-03T22:00:00+00:00,60,59.9,0.065,Down,,0,0.999,0,0,Down,1
2026-08-03T22:01:00+00:00,sol-updown-5m-1785794400,3295902,0xb50168724e36b24e92c76cdf2e1ebcf196737d6a7d917781e715b4fe249c3ce4,SOL,5min,2026-08-03T22:05:00+00:00,240,239.9,0.505,Up,0.66,44.77,0.65,16014.02,32,Down,0
2026-08-03T22:02:00+00:00,eth-updown-5m-1785794400,3295910,0xfd6b13c0447cd0e04b1261d470b4c58ac3fb7dcba664df904fdabccd56dd6b1e,ETH,5min,2026-08-03T22:05:00+00:00,180,179.6,0.505,Up,0.61,140.87,0.6,15732.61,39,Down,0
2026-08-03T22:02:00+00:00,xrp-updown-15m-1785794400,3295908,0x7b8ec5f61fd81b8b98d2ae9f9fcc9aab9bcd8eb8357a8eb8eb54bd599a1a6785,XRP,15min,2026-08-03T22:15:00+00:00,780,779.6,0.485,Down,0.57,37.76,0.54,10980.49,22,Down,1
2026-08-03T22:06:00+00:00,sol-updown-5m-1785794700,3295915,0x3bd28fa789713ac67975d9051761b240634e7a1f3b537fd6e3bdd6141f8fc29e,SOL,5min,2026-08-03T22:10:00+00:00,240,239.9,0.505,Up,0.28,11.16,0.25,16996.25,69,Down,0
2026-08-03T22:07:00+00:00,eth-updown-5m-1785794700,3295918,0x9211302fad0888e66f6157d1e3eb91c9f305fa98261e52159c227732493403bc,ETH,5min,2026-08-03T22:10:00+00:00,180,179.8,0.505,Up,0.04,18.01,0.03,15845.97,96,Down,0
2026-08-03T22:07:00+00:00,sol-updown-15m-1785794400,3295906,0x5b96522efa2ac88f72b9ef2769c8d6d4e232173103acb130cb7e506b82dcec07,SOL,15min,2026-08-03T22:15:00+00:00,480,479.6,0.065,Down,0.99,556.38,0.93,556.38,1,Down,1
2026-08-03T22:10:00+00:00,eth-updown-15m-1785794400,3295901,0xf215bbe06e2466d06e4c1cf1855aad20bc9ed72cdddbca6a844bb87555ee5e98,ETH,15min,2026-08-03T22:15:00+00:00,300,299.8,0.015,Down,0.99,1291.98,0.98,1291.98,3,Down,1
2026-08-03T22:11:00+00:00,sol-updown-5m-1785795000,3295988,0xa44f7fa641e76358406b3a5eb666dea822efa84b7a3c964616ef62e659077b0f,SOL,5min,2026-08-03T22:15:00+00:00,240,239.8,0.505,Up,0.65,143.51,0.64,16155.51,35,Up,1
2026-08-03T22:12:00+00:00,eth-updown-5m-1785795000,3295989,0x8a7cdd994735cb528a57eab8c9112e86ca9d2ae8bc59e740b6c66463620c097d,ETH,5min,2026-08-03T22:15:00+00:00,180,179.9,0.525,Up,0.67,191.84,0.66,17444.34,33,Up,1
2026-08-03T22:14:00+00:00,btc-updown-15m-1785794400,3295914,0xb1b3157d27c5beac9c6c2182b989462fe80f8785e85c3b06573110e80b359b38,BTC,15min,2026-08-03T22:15:00+00:00,60,59.9,0.021,Down,0.997,2198.21,0.996,2198.21,3,Down,1
2026-08-03T22:16:00+00:00,sol-updown-5m-1785795300,3296004,0x70f62148a2a1a50ec9089fae85870ddcd457b8b25fb473eebe5b7633e8deb4d0,SOL,5min,2026-08-03T22:20:00+00:00,240,239.9,0.515,Up,0.77,49.3,0.76,11821.3,20,Up,1
2026-08-03T22:17:00+00:00,eth-updown-5m-1785795300,3295999,0xb2a1e1c267c829fbc1f43b9dc2dee191edb73703eaeb615c04558b3770418f6f,ETH,5min,2026-08-03T22:20:00+00:00,180,179.6,0.505,Up,0.97,8734.22,0.96,8734.22,3,Up,1
2026-08-03T22:17:00+00:00,xrp-updown-15m-1785795300,3295996,0x28d28101dc81cf8dbb49b49b568daddbb87caa5ef56b0f95029f599ee164e6a0,XRP,15min,2026-08-03T22:30:00+00:00,780,779.6,0.525,Up,0.82,175.85,0.81,10687.72,17,Up,1
2026-08-03T22:21:00+00:00,sol-updown-5m-1785795600,3296010,0x29e201484c1cfec15e435c494990805ecfd31f2445b76701a754a3c37cc1b785,SOL,5min,2026-08-03T22:25:00+00:00,240,239.9,0.495,Down,0.62,131.85,0.61,16857.3,37,Down,1
2026-08-03T22:22:00+00:00,eth-updown-5m-1785795600,3296015,0x75bc546dffdcfec0214ab73dcf6fbfa1166f0b68912ecfec262f2c0d81178254,ETH,5min,2026-08-03T22:25:00+00:00,180,179.7,0.505,Up,0.1,78.11,0.09,17949.72,90,Down,0
2026-08-03T22:22:00+00:00,sol-updown-15m-1785795300,3296005,0x92cfca217f8a891de23d51c65f5a1239b324272ded731f02399c6e1c403ffeda,SOL,15min,2026-08-03T22:30:00+00:00,480,479.6,0.745,Up,0.66,52.64,0.65,9016.4,34,Up,1
2026-08-03T22:25:00+00:00,eth-updown-15m-1785795300,3296002,0x80ba00954cd9971601c60130df9d6f7818d630561cd3c1424f00196406770c20,ETH,15min,2026-08-03T22:30:00+00:00,300,299.9,0.7065,Up,0.82,277.93,0.81,9452.7,31,Up,1
2026-08-03T22:26:00+00:00,sol-updown-5m-1785795900,3296170,0x6f90ea219fddc1ef538ad2aea399353a85cc9ceb8defbcf076fb4da887839f0a,SOL,5min,2026-08-03T22:30:00+00:00,240,239.8,0.5,Up,0.29,21.71,0.28,17504.91,71,Down,0
2026-08-03T22:27:00+00:00,eth-updown-5m-1785795900,3296174,0xa7e83a3573af3d50f5b95d3cd301573c6bae4cbea10b8c9c402d3faf56d1dc35,ETH,5min,2026-08-03T22:30:00+00:00,180,179.9,0.505,Up,0.22,117.38,0.21,19051.47,78,Down,0
2026-08-03T22:29:00+00:00,btc-updown-15m-1785795300,3296000,0xb0e0d1d87d49647d93dea01c2f109b8bc24575949a6149a3cb05a9d2e9a14b03,BTC,15min,2026-08-03T22:30:00+00:00,60,59.9,0.935,Up,0.98,926.63,0.97,926.63,2,Up,1
2026-08-03T22:31:00+00:00,sol-updown-5m-1785796200,3296193,0x1770d1272c50c0ef1b2b7ab469fbd10a4529032db140b7833b0076381ea11dd8,SOL,5min,2026-08-03T22:35:00+00:00,240,239.9,0.505,Up,0.39,23.18,0.37,16839.51,61,Down,0
2026-08-03T22:32:00+00:00,eth-updown-5m-1785796200,3296195,0x2ddc960bb972eaedea3d6773a1c247a3af4cc5f4dbe4b21a66426647ba150cbc,ETH,5min,2026-08-03T22:35:00+00:00,180,179.7,0.505,Up,0.43,69.3,0.42,17529.53,57,Down,0
2026-08-03T22:32:00+00:00,xrp-updown-15m-1785796200,3296183,0xd0cc94287a5c051d7cfbddbe6b8a3f51bc8b9694b201e3ea2d69e72a9d661d36,XRP,15min,2026-08-03T22:45:00+00:00,780,779.6,0.445,Down,0.49,50.82,0.48,11018.41,30,Down,1
2026-08-03T22:36:00+00:00,sol-updown-5m-1785796500,3296200,0x80e7e8e20f9a6f70233e326556154aaa1deb2803e1f292f13c0122f7922c2511,SOL,5min,2026-08-03T22:40:00+00:00,240,239.8,0.505,Up,0.21,48.09,0.2,17077.23,79,Down,0
2026-08-03T22:37:00+00:00,eth-updown-5m-1785796500,3296201,0xbb2d21bde885d53693d300f820d981265c56e3ce044640b814543f8ca41759e6,ETH,5min,2026-08-03T22:40:00+00:00,180,179.7,0.505,Up,0.33,100.29,0.32,19052.61,67,Down,0
2026-08-03T22:37:00+00:00,sol-updown-15m-1785796200,3296185,0xb39584d60135fa0f263d952ef67b4c25118576720e342e08f067092475fc27c8,SOL,15min,2026-08-03T22:45:00+00:00,480,479.6,0.435,Down,0.79,322.31,0.78,10569.49,21,Down,1
2026-08-03T22:40:00+00:00,eth-updown-15m-1785796200,3296191,0x853e8cb8eef737790606957a6b5741ca1a47da34b3116eb817889b87e5eaee13,ETH,15min,2026-08-03T22:45:00+00:00,300,299.9,0.07,Down,0.98,1248.45,0.96,1248.45,2,Down,1
2026-08-03T22:40:00+00:00,ethereum-up-or-down-august-3-2026-6pm-et,3275572,0x033a5db9d0e4709bc2b52baf791cc0fe4437cfa800ab9152d9439dc6b5b55b33,ETH,60min,2026-08-03T23:00:00+00:00,1200,1199.8,0.085,Down,0.99,421.9,0.98,421.9,1,Down,1
2026-08-03T22:41:00+00:00,sol-updown-5m-1785796800,3296306,0x58e2e184567f4e9ae3c0d2e337f449afdf67ec6fce29119b5283bcc8c33722a5,SOL,5min,2026-08-03T22:45:00+00:00,240,239.8,0.505,Up,0.69,100.63,0.67,15809.06,31,Up,1
2026-08-03T22:42:00+00:00,eth-updown-5m-1785796800,3296308,0x07c7c2cb51079f2bca13836c63845c5e1a3af4ef3ed80d3d20db325240286504,ETH,5min,2026-08-03T22:45:00+00:00,180,179.9,0.505,Up,0.78,300.5,0.77,14944.46,22,Up,1
2026-08-03T22:44:00+00:00,btc-updown-15m-1785796200,3296190,0x1f77ec394e843d9aafa0d61ef7a18377a5b9bd52ab5ae2abd712ee0030cb16ba,BTC,15min,2026-08-03T22:45:00+00:00,60,59.9,0.145,Down,0.96,1763.19,0.95,1763.19,4,Down,1
2026-08-03T22:46:00+00:00,sol-updown-5m-1785797100,3296320,0xf89463699e663e3f764a86df3f78034cb530f55b778530164a133e7a55424aeb,SOL,5min,2026-08-03T22:50:00+00:00,240,239.9,0.505,Up,0.36,33.41,0.35,16633.97,64,Up,1
2026-08-03T22:47:00+00:00,eth-updown-5m-1785797100,3296321,0x1303ed46c424e80d0aff4a33ecd885bb7860c6244ea940cb20ff5272519c5c73,ETH,5min,2026-08-03T22:50:00+00:00,180,179.7,0.505,Up,0.72,257.52,0.71,16821.28,28,Up,1
2026-08-03T22:47:00+00:00,xrp-updown-15m-1785797100,3296324,0x0c4a52389f8f40c9ebd96cefbdc56709e4370454ef5d1eb69aee6218344e2d0d,XRP,15min,2026-08-03T23:00:00+00:00,780,779.6,0.505,Up,0.6,137.88,0.57,11004.85,18,Up,1
2026-08-03T22:51:00+00:00,sol-updown-5m-1785797400,3296333,0xce994bba236e6248a5ba6c7245078ed0f532a75627d32201409e1d1076b32cdb,SOL,5min,2026-08-03T22:55:00+00:00,240,239.9,0.505,Up,0.6,61.18,0.58,16098.53,39,Up,1
2026-08-03T22:52:00+00:00,eth-updown-5m-1785797400,3296328,0x1b3b5b003250455954cd1b93b7fc264341424aacc87551c1296021afeeb4eb15,ETH,5min,2026-08-03T22:55:00+00:00,180,179.8,0.505,Up,0.38,113.43,0.37,18927.84,62,Up,1
2026-08-03T22:52:00+00:00,sol-updown-15m-1785797100,3296316,0x936cff41714c5fa3a93385fb595ecfa23e5df1ac7332936d55039b92adbca896,SOL,15min,2026-08-03T23:00:00+00:00,480,479.7,0.875,Up,0.89,505.8,0.88,7719.91,11,Up,1
2026-08-03T22:55:00+00:00,eth-updown-15m-1785797100,3296315,0x51377d270077ba9c02c11c894d1cd80d3959cebda656b78d43d0a3b2163f33c2,ETH,15min,2026-08-03T23:00:00+00:00,300,299.9,0.975,Up,,0,0.99,0,0,Up,1
2026-08-03T22:56:00+00:00,sol-updown-5m-1785797700,3296346,0x5a9a64610c80ff8d7d1e813a998f2f4bd0c5d74222ab3cf56a41669337b5384d,SOL,5min,2026-08-03T23:00:00+00:00,240,239.9,0.505,Up,0.39,19.77,0.38,16595.8,60,Down,0
2026-08-03T22:57:00+00:00,eth-updown-5m-1785797700,3296351,0xa26e95a34067a121019071363d9e25183b1304141a8c601d360794f36b92e9d7,ETH,5min,2026-08-03T23:00:00+00:00,180,179.9,0.505,Up,0.24,87.22,0.23,18570.77,76,Down,0
2026-08-03T22:59:00+00:00,btc-updown-15m-1785797100,3296323,0xb97bb4112c0ea9d0026a14ed6d607ea5b4c390475faf2979e0e984e241872392,BTC,15min,2026-08-03T23:00:00+00:00,60,59.9,0.9975,Up,,0,0.999,0,0,Up,1
2026-08-03T23:01:00+00:00,sol-updown-5m-1785798000,3296365,0x5f12a8aec26c36add5894ec28ca98156aa4aa306d449bc400148abef6ce9e2de,SOL,5min,2026-08-03T23:05:00+00:00,240,239.9,0.495,Down,0.87,152.98,0.86,9972.84,10,Down,1
2026-08-03T23:02:00+00:00,eth-updown-5m-1785798000,3296354,0x317cc672a76501087a3e5972e4e9076ffe13fd07ab40386a126da4e353902135,ETH,5min,2026-08-03T23:05:00+00:00,180,179.6,0.505,Up,0.05,41.31,0.04,18849.36,95,Down,0
2026-08-03T23:02:00+00:00,xrp-updown-15m-1785798000,3296359,0x2f2cc8d3cec48e8896f296da8687f5341cfeeb7bdf3a9a12f6ea9bd1906ff002,XRP,15min,2026-08-03T23:15:00+00:00,780,779.5,0.505,Up,0.18,20.48,0.17,10846.13,27,Down,0
2026-08-03T23:06:00+00:00,sol-updown-5m-1785798300,3296368,0x56d2e45f814bb83d306d7c300bc31bc832309d8abd9c98a47491b960e2866053,SOL,5min,2026-08-03T23:10:00+00:00,240,239.9,0.505,Up,0.28,20.0,0.26,17073.45,66,Down,0
2026-08-03T23:07:00+00:00,eth-updown-5m-1785798300,3296371,0xb186f6b43090c4cd1b930083285c415674a25917c914636a4451745685b36105,ETH,5min,2026-08-03T23:10:00+00:00,180,179.8,0.505,Up,0.1,83.75,0.09,19226.36,90,Down,0
2026-08-03T23:07:00+00:00,sol-updown-15m-1785798000,3296360,0x0a2fcda5320c2bbc776d3873cb9de8ab264b15177aecdf42a6eb3b4024837c20,SOL,15min,2026-08-03T23:15:00+00:00,480,479.7,0.08,Down,0.94,7456.96,0.92,7456.96,6,Down,1
2026-08-03T23:10:00+00:00,eth-updown-15m-1785798000,3296353,0xb16bd612c87f43eba0e3cf8886c5682fb87d388bdb7725ac2c7198ea39946dce,ETH,15min,2026-08-03T23:15:00+00:00,300,299.9,0.135,Down,0.92,1197.1,0.91,7754.82,7,Down,1
2026-08-03T23:11:00+00:00,sol-updown-5m-1785798600,3296395,0x0ec0e174732229349b82de9a2e5bdcf2bf16c06f33d76e11f82eacf35645dde1,SOL,5min,2026-08-03T23:15:00+00:00,240,239.8,0.505,Up,0.52,14.65,0.51,16803.5,45,Down,0
2026-08-03T23:12:00+00:00,eth-updown-5m-1785798600,3296391,0xf54d095174dcda7ae406709f9c6d3220660611bc6173d300ac7e64d786b77b41,ETH,5min,2026-08-03T23:15:00+00:00,180,179.9,0.505,Up,0.45,89.03,0.44,18603.51,55,Down,0
2026-08-03T23:14:00+00:00,btc-updown-15m-1785798000,3296364,0x90466a9005cb70fc140103ba13d410ed09dc2c9224741712b767de1f33bf404e,BTC,15min,2026-08-03T23:15:00+00:00,60,59.9,0.025,Down,0.999,169.83,0.995,169.83,1,Down,1
2026-08-03T23:16:00+00:00,sol-updown-5m-1785798900,3296410,0xa1e130b8a9886e61ba219b425a606f836f3e172039046aeb755184cb5285c648,SOL,5min,2026-08-03T23:20:00+00:00,240,239.9,0.505,Up,0.82,26.58,0.81,10215.59,12,Up,1
2026-08-03T23:17:00+00:00,eth-updown-5m-1785798900,3296412,0x7be30dd87a05054bfa12a12cac8811d8b31f9b5cb1c2426e48e0aff4ff9006f0,ETH,5min,2026-08-03T23:20:00+00:00,180,179.5,0.505,Up,0.9,656.62,0.89,9881.05,10,Up,1
2026-08-03T23:17:00+00:00,xrp-updown-15m-1785798900,3296404,0xd018dbe108280807d7413a70914ad6b3dd0d8e1b9fe038e9f478f2f0893411b6,XRP,15min,2026-08-03T23:30:00+00:00,780,779.3,0.505,Up,0.61,108.35,0.6,10962.15,19,Up,1
2026-08-03T23:21:00+00:00,sol-updown-5m-1785799200,3296421,0xc81cf3676fb9084e468a34d202230eac20ac833d76613822838a6be8fe784777,SOL,5min,2026-08-03T23:25:00+00:00,240,239.9,0.5,Up,0.55,71.67,0.52,15700.12,44,Up,1
2026-08-03T23:22:00+00:00,eth-updown-5m-1785799200,3296422,0xe211c1f0c13cd97a1461078d80b93424920ba1f8a481216322878b82de9d0029,ETH,5min,2026-08-03T23:25:00+00:00,180,179.8,0.505,Up,0.68,267.09,0.67,16901.55,32,Up,1
2026-08-03T23:22:00+00:00,sol-updown-15m-1785798900,3296401,0x2baa77f62958e5a9ac8477dbb2c6b603297f30cfff2c571f6dafe29fefa7d848,SOL,15min,2026-08-03T23:30:00+00:00,480,479.7,0.585,Up,0.6,139.12,0.59,8441.83,23,Up,1
2026-08-03T23:25:00+00:00,eth-updown-15m-1785798900,3296413,0xe8d9a9ebbe1926e5d725ec6b4d93677dce78e79c515ccce77013b7f31f038693,ETH,15min,2026-08-03T23:30:00+00:00,300,299.9,0.755,Up,0.93,1771.41,0.92,8166.83,7,Up,1
2026-08-03T23:26:00+00:00,sol-updown-5m-1785799500,3296427,0xb5e54b8e4dc0b3364846e3fb13c4cf101c8c8b8552a47d13e03be8379b69794c,SOL,5min,2026-08-03T23:30:00+00:00,240,239.9,0.425,Down,0.58,67.69,0.57,16617.63,42,Up,0
2026-08-03T23:27:00+00:00,eth-updown-5m-1785799500,3296429,0x5e7ee88e36380e55781302ec8981d361af6fded2c91bbffc208ac4c74023165e,ETH,5min,2026-08-03T23:30:00+00:00,180,179.9,0.505,Up,0.42,56.73,0.41,18169.01,57,Up,1
2026-08-03T23:29:00+00:00,btc-updown-15m-1785798900,3296409,0x0f2c8293d7ed86aab2f52f7f7ecf2f1e32dd5bde8f88779909fac3939b3fc46b,BTC,15min,2026-08-03T23:30:00+00:00,60,59.9,0.855,Up,0.97,834.67,0.96,834.67,3,Up,1
2026-08-03T23:31:00+00:00,sol-updown-5m-1785799800,3296444,0xc59c7f305bcb4ae8d384524a6790b663054effd529fc4f434a7653d3f98491a1,SOL,5min,2026-08-03T23:35:00+00:00,240,239.9,0.505,Up,0.27,20.94,0.26,17195.91,72,Down,0
2026-08-03T23:32:00+00:00,eth-updown-5m-1785799800,3296441,0xb990d069962f9269ea30a8cb42de21890ed3b3f3fd14833d45f8a2ff63d03cda,ETH,5min,2026-08-03T23:35:00+00:00,180,179.7,0.505,Up,0.18,25.88,0.17,18493.92,82,Down,0
2026-08-03T23:32:00+00:00,xrp-updown-15m-1785799800,3296437,0xefaf7dbcea03fde2385c964b7df7f3c590ffe10c19c0b2796141ff1ac98f3670,XRP,15min,2026-08-03T23:45:00+00:00,780,779.6,0.505,Up,0.36,51.22,0.35,10925.37,23,Down,0
2026-08-03T23:36:00+00:00,sol-updown-5m-1785800100,3296488,0x3ec20a25290e1f613bf2eb78f96e9de741469dc6bc3258ca084c3d402e8d4e34,SOL,5min,2026-08-03T23:40:00+00:00,240,239.9,0.495,Down,0.73,135.06,0.72,16261.57,27,Down,1
2026-08-03T23:37:00+00:00,eth-updown-5m-1785800100,3296487,0x9d16f06d02a9a5aaff09550ec026174d284c6b16cb6deff0ec367575a2d99005,ETH,5min,2026-08-03T23:40:00+00:00,180,179.8,0.255,Down,0.63,111.21,0.62,16195.23,37,Down,1
2026-08-03T23:37:00+00:00,sol-updown-15m-1785799800,3296445,0x538ad797a898834b31abe9ba824fb904b7051b120ce344f13dddb3528c7078de,SOL,15min,2026-08-03T23:45:00+00:00,480,479.7,0.175,Down,0.8,327.0,0.78,9663.12,20,Down,1
2026-08-03T23:40:00+00:00,eth-updown-15m-1785799800,3296433,0x5316c8217cefa6c404b35a975017c6cfcd48e5bf2e53798b867ee77d570d540e,ETH,15min,2026-08-03T23:45:00+00:00,300,299.9,0.065,Down,0.96,7164.73,0.95,7164.73,4,Down,1
2026-08-03T23:40:00+00:00,ethereum-up-or-down-august-3-2026-7pm-et,3276502,0x0df20791a9fb6af2942ca0b24815aeacf652b854737307506d77d5ac634bc895,ETH,60min,2026-08-04T00:00:00+00:00,1200,1199.8,0.315,Down,0.87,671.63,0.86,7866.77,13,Up,0
2026-08-03T23:41:00+00:00,sol-updown-5m-1785800400,3296501,0xcd640f3131c9c24025163f7031c70e5ab7ecbd83417a74ec2d3e755df995254b,SOL,5min,2026-08-03T23:45:00+00:00,240,239.8,0.5,Up,0.68,145.78,0.66,7179.53,32,Up,1
2026-08-03T23:42:00+00:00,eth-updown-5m-1785800400,3296496,0x476c78e5db2c6ba9667c50585dbc618ab329a34438eb9310971a162ac909a7a1,ETH,5min,2026-08-03T23:45:00+00:00,180,179.9,0.505,Up,0.42,46.93,0.41,18067.0,58,Up,1
2026-08-03T23:44:00+00:00,btc-updown-15m-1785799800,3296438,0x6d4d6ed66d2c20623d0c3fba65ac8d4c17a597bf5a691ef94c5d4348b9780ede,BTC,15min,2026-08-03T23:45:00+00:00,60,59.9,0.0025,Down,0.999,7.81,0.998,7.81,1,Down,1
2026-08-03T23:46:00+00:00,sol-updown-5m-1785800700,3296510,0x663358087b2929a2d56a5214486a74b722eac6407155f63a1efb8a3907188da0,SOL,5min,2026-08-03T23:50:00+00:00,240,239.9,0.5,Up,0.73,179.39,0.72,15592.51,27,Up,1
2026-08-03T23:47:00+00:00,eth-updown-5m-1785800700,3296513,0x2482e4f42aeb84db6eb4833030eedee92f2fcdd662eb77fc5d9e459dcd6a9a71,ETH,5min,2026-08-03T23:50:00+00:00,180,179.7,0.725,Up,0.8,482.54,0.79,15841.26,20,Down,0
2026-08-03T23:47:00+00:00,xrp-updown-15m-1785800700,3296512,0x9fa074c46944c75f94005fac91d2f29550584dc4cb23638002da7b07b6bd27fa,XRP,15min,2026-08-04T00:00:00+00:00,780,779.6,0.505,Up,0.82,136.75,0.81,10024.51,13,Up,1
2026-08-03T23:51:00+00:00,sol-updown-5m-1785801000,3296523,0x431719865f75f2130affb8424d03139dbdfc95ad32e5945d62cf4852d8404b1d,SOL,5min,2026-08-03T23:55:00+00:00,240,239.9,0.5,Up,0.64,66.86,0.63,15947.83,36,Up,1
2026-08-03T23:52:00+00:00,eth-updown-5m-1785801000,3296518,0x4589d94be320a2e5ab1ef30f387e2b4708f8b0289bf6ce862d8921d6f12b2c54,ETH,5min,2026-08-03T23:55:00+00:00,180,179.8,0.505,Up,0.46,130.81,0.45,17868.75,54,Up,1
2026-08-03T23:52:00+00:00,sol-updown-15m-1785800700,3296505,0x2dfb0cd5e1fb9f4b6bc573500fac83c5e75008d2fc5524221785ee7fa7714421,SOL,15min,2026-08-04T00:00:00+00:00,480,479.7,0.495,Down,0.47,77.88,0.46,11061.49,53,Up,0
2026-08-03T23:55:00+00:00,eth-updown-15m-1785800700,3296507,0xe0c523ead347ebc75895dd5bc745ea5b20863eb2e542edbf832126de2b4f9e52,ETH,15min,2026-08-04T00:00:00+00:00,300,299.9,0.725,Up,0.73,75.31,0.72,12028.21,27,Up,1
2026-08-03T23:56:00+00:00,sol-updown-5m-1785801300,3296530,0x9af912974481144ca1c34f5a3ddab53a58fdf4c1e5ba1c269e9115f560e8f622,SOL,5min,2026-08-04T00:00:00+00:00,240,239.8,0.495,Down,0.48,91.87,0.47,16346.2,52,Up,0
2026-08-03T23:57:00+00:00,eth-updown-5m-1785801300,3296531,0x4f242ba157debb880be0f592caafb75d296508b7e639eb70f0dbf8fa1f9b58c9,ETH,5min,2026-08-04T00:00:00+00:00,180,179.9,0.485,Down,0.18,28.33,0.17,9211.68,82,Up,0
2026-08-03T23:59:00+00:00,btc-updown-15m-1785800700,3296503,0x313f4848fdc5b08953e57d755193861f0f70d5191233ab4e9c39861bc6f614d8,BTC,15min,2026-08-04T00:00:00+00:00,60,59.9,0.725,Up,0.89,320.26,0.88,7091.86,11,Up,1
