timestamp_utc,asset,price_usd,change_1h_pct,change_24h_pct,source
2026-08-01T00:00:03+00:00,BTC,62816.0,,,coingecko
2026-08-01T00:00:03+00:00,ETH,1860.45,,,coingecko
2026-08-01T00:00:03+00:00,SOL,72.79,,,coingecko
2026-08-01T00:00:03+00:00,XRP,1.06,,,coingecko
2026-08-01T00:00:03+00:00,DOGE,0.069524,,,coingecko
2026-08-01T00:00:03+00:00,BNB,586.44,,,coingecko
2026-08-01T00:00:03+00:00,ADA,0.167959,,,coingecko
2026-08-01T00:00:03+00:00,LINK,8.16,,,coingecko
2026-08-01T00:00:03+00:00,AVAX,6.38,,,coingecko
2026-08-01T00:00:03+00:00,DOT,0.758229,,,coingecko
2026-08-01T00:00:03+00:00,MATIC,0.126156,,,coingecko
2026-08-01T00:00:03+00:00,LTC,44.25,,,coingecko
2026-08-01T00:00:54+00:00,BTC,62832.675,,,consenso
2026-08-01T00:00:54+00:00,ETH,1861.52,,,consenso
2026-08-01T00:00:54+00:00,SOL,72.82,,,consenso
2026-08-01T00:00:54+00:00,XRP,1.0615,,,consenso
2026-08-01T00:00:54+00:00,DOGE,0.06964,,,binance
2026-08-01T00:00:54+00:00,BNB,587.54,,,binance
2026-08-01T00:01:11+00:00,BTC,62820.0,,,coingecko
2026-08-01T00:01:11+00:00,ETH,1860.59,,,coingecko
2026-08-01T00:01:11+00:00,SOL,72.79,,,coingecko
2026-08-01T00:01:11+00:00,XRP,1.06,,,coingecko
2026-08-01T00:01:11+00:00,DOGE,0.069533,,,coingecko
2026-08-01T00:01:11+00:00,BNB,586.46,,,coingecko
2026-08-01T00:01:11+00:00,ADA,0.168048,,,coingecko
2026-08-01T00:01:11+00:00,LINK,8.16,,,coingecko
2026-08-01T00:01:11+00:00,AVAX,6.38,,,coingecko
2026-08-01T00:01:11+00:00,DOT,0.758249,,,coingecko
2026-08-01T00:01:11+00:00,MATIC,0.126156,,,coingecko
2026-08-01T00:01:11+00:00,LTC,44.26,,,coingecko
2026-08-01T00:01:37+00:00,BTC,62832.675,,,consenso
2026-08-01T00:01:37+00:00,ETH,1861.52,,,consenso
2026-08-01T00:01:37+00:00,SOL,72.9,,,consenso
2026-08-01T00:01:37+00:00,XRP,1.0624,,,consenso
2026-08-01T00:01:37+00:00,DOGE,0.06965,,,binance
2026-08-01T00:01:37+00:00,BNB,587.7,,,binance
2026-08-01T00:02:13+00:00,BTC,62832.0,,,coingecko
2026-08-01T00:02:13+00:00,ETH,1860.85,,,coingecko
2026-08-01T00:02:13+00:00,SOL,72.81,,,coingecko
2026-08-01T00:02:13+00:00,XRP,1.061,,,coingecko
2026-08-01T00:02:13+00:00,DOGE,0.06956,,,coingecko
2026-08-01T00:02:13+00:00,BNB,586.62,,,coingecko
2026-08-01T00:02:13+00:00,ADA,0.168089,,,coingecko
2026-08-01T00:02:13+00:00,LINK,8.16,,,coingecko
2026-08-01T00:02:13+00:00,AVAX,6.38,,,coingecko
2026-08-01T00:02:13+00:00,DOT,0.758606,,,coingecko
2026-08-01T00:02:13+00:00,MATIC,0.126156,,,coingecko
2026-08-01T00:02:13+00:00,LTC,44.26,,,coingecko
2026-08-01T00:02:15+00:00,BTC,62832.675,,,consenso
2026-08-01T00:02:15+00:00,ETH,1861.52,,,consenso
2026-08-01T00:02:15+00:00,SOL,72.95,,,consenso
2026-08-01T00:02:15+00:00,XRP,1.0632,,,consenso
2026-08-01T00:02:15+00:00,DOGE,0.06969,,,binance
2026-08-01T00:02:15+00:00,BNB,587.85,,,binance
2026-08-01T00:03:16+00:00,BTC,62838.0,,,coingecko
2026-08-01T00:03:16+00:00,ETH,1861.91,,,coingecko
2026-08-01T00:03:16+00:00,SOL,72.83,,,coingecko
2026-08-01T00:03:16+00:00,XRP,1.061,,,coingecko
2026-08-01T00:03:16+00:00,DOGE,0.069574,,,coingecko
2026-08-01T00:03:16+00:00,BNB,587.07,,,coingecko
2026-08-01T00:03:16+00:00,ADA,0.168145,,,coingecko
2026-08-01T00:03:16+00:00,LINK,8.17,,,coingecko
2026-08-01T00:03:16+00:00,AVAX,6.38,,,coingecko
2026-08-01T00:03:16+00:00,DOT,0.758878,,,coingecko
2026-08-01T00:03:16+00:00,MATIC,0.126156,,,coingecko
2026-08-01T00:03:16+00:00,LTC,44.31,,,coingecko
2026-08-01T00:04:19+00:00,BTC,62897.0,,,coingecko
2026-08-01T00:04:19+00:00,ETH,1863.14,,,coingecko
2026-08-01T00:04:19+00:00,SOL,72.88,,,coingecko
2026-08-01T00:04:19+00:00,XRP,1.062,,,coingecko
2026-08-01T00:04:19+00:00,DOGE,0.069684,,,coingecko
2026-08-01T00:04:19+00:00,BNB,587.21,,,coingecko
2026-08-01T00:04:19+00:00,ADA,0.168382,,,coingecko
2026-08-01T00:04:19+00:00,LINK,8.17,,,coingecko
2026-08-01T00:04:19+00:00,AVAX,6.39,,,coingecko
2026-08-01T00:04:19+00:00,DOT,0.758928,,,coingecko
2026-08-01T00:04:19+00:00,MATIC,0.126156,,,coingecko
2026-08-01T00:04:19+00:00,LTC,44.34,,,coingecko
2026-08-01T00:05:23+00:00,BTC,62891.0,,,coingecko
2026-08-01T00:05:23+00:00,ETH,1862.91,,,coingecko
2026-08-01T00:05:23+00:00,SOL,72.87,,,coingecko
2026-08-01T00:05:23+00:00,XRP,1.062,,,coingecko
2026-08-01T00:05:23+00:00,DOGE,0.069666,,,coingecko
2026-08-01T00:05:23+00:00,BNB,587.33,,,coingecko
2026-08-01T00:05:23+00:00,ADA,0.168428,,,coingecko
2026-08-01T00:05:23+00:00,LINK,8.18,,,coingecko
2026-08-01T00:05:23+00:00,AVAX,6.39,,,coingecko
2026-08-01T00:05:23+00:00,DOT,0.758953,,,coingecko
2026-08-01T00:05:23+00:00,MATIC,0.126156,,,coingecko
2026-08-01T00:05:23+00:00,LTC,44.31,,,coingecko
2026-08-01T00:06:26+00:00,BTC,62885.0,,,coingecko
2026-08-01T00:06:26+00:00,ETH,1862.96,,,coingecko
2026-08-01T00:06:26+00:00,SOL,72.86,,,coingecko
2026-08-01T00:06:26+00:00,XRP,1.062,,,coingecko
2026-08-01T00:06:26+00:00,DOGE,0.069653,,,coingecko
2026-08-01T00:06:26+00:00,BNB,587.37,,,coingecko
2026-08-01T00:06:26+00:00,ADA,0.168403,,,coingecko
2026-08-01T00:06:26+00:00,LINK,8.17,,,coingecko
2026-08-01T00:06:26+00:00,AVAX,6.39,,,coingecko
2026-08-01T00:06:26+00:00,DOT,0.759005,,,coingecko
2026-08-01T00:06:26+00:00,MATIC,0.126156,,,coingecko
2026-08-01T00:06:26+00:00,LTC,44.3,,,coingecko
2026-08-01T00:07:04+00:00,BTC,62873.505,,,consenso
2026-08-01T00:07:04+00:00,ETH,1861.905,,,consenso
2026-08-01T00:07:04+00:00,SOL,72.85,,,consenso
2026-08-01T00:07:04+00:00,XRP,1.0618,,,consenso
2026-08-01T00:07:04+00:00,DOGE,0.06968,,,binance
2026-08-01T00:07:04+00:00,BNB,587.65,,,binance
2026-08-01T00:07:30+00:00,BTC,62879.0,,,coingecko
2026-08-01T00:07:30+00:00,ETH,1862.5,,,coingecko
2026-08-01T00:07:30+00:00,SOL,72.85,,,coingecko
2026-08-01T00:07:30+00:00,XRP,1.062,,,coingecko
2026-08-01T00:07:30+00:00,DOGE,0.069621,,,coingecko
2026-08-01T00:07:30+00:00,BNB,587.12,,,coingecko
2026-08-01T00:07:30+00:00,ADA,0.168288,,,coingecko
2026-08-01T00:07:30+00:00,LINK,8.17,,,coingecko
2026-08-01T00:07:30+00:00,AVAX,6.39,,,coingecko
2026-08-01T00:07:30+00:00,DOT,0.758957,,,coingecko
2026-08-01T00:07:30+00:00,MATIC,0.126156,,,coingecko
2026-08-01T00:07:30+00:00,LTC,44.27,,,coingecko
2026-08-01T00:08:02+00:00,BTC,62873.505,,,consenso
2026-08-01T00:08:02+00:00,ETH,1861.905,,,consenso
2026-08-01T00:08:02+00:00,SOL,72.95,,,consenso
2026-08-01T00:08:02+00:00,XRP,1.063,,,consenso
2026-08-01T00:08:02+00:00,DOGE,0.06967,,,binance
2026-08-01T00:08:02+00:00,BNB,587.85,,,binance
2026-08-01T00:08:32+00:00,BTC,62880.0,,,coingecko
2026-08-01T00:08:32+00:00,ETH,1862.0,,,coingecko
2026-08-01T00:08:32+00:00,SOL,72.86,,,coingecko
2026-08-01T00:08:32+00:00,XRP,1.062,,,coingecko
2026-08-01T00:08:32+00:00,DOGE,0.069617,,,coingecko
2026-08-01T00:08:32+00:00,BNB,587.1,,,coingecko
2026-08-01T00:08:32+00:00,ADA,0.168282,,,coingecko
2026-08-01T00:08:32+00:00,LINK,8.17,,,coingecko
2026-08-01T00:08:32+00:00,AVAX,6.38,,,coingecko
2026-08-01T00:08:32+00:00,DOT,0.758227,,,coingecko
2026-08-01T00:08:32+00:00,MATIC,0.126156,,,coingecko
2026-08-01T00:08:32+00:00,LTC,44.24,,,coingecko
2026-08-01T00:08:58+00:00,BTC,62873.505,,,consenso
2026-08-01T00:08:58+00:00,ETH,1861.905,,,consenso
2026-08-01T00:08:58+00:00,SOL,72.99,,,consenso
2026-08-01T00:08:58+00:00,XRP,1.0633,,,consenso
2026-08-01T00:08:58+00:00,DOGE,0.06972,,,binance
2026-08-01T00:08:58+00:00,BNB,588.02,,,binance
2026-08-01T00:11:42+00:00,BTC,62893.0,,,coingecko
2026-08-01T00:11:42+00:00,ETH,1862.7,,,coingecko
2026-08-01T00:11:42+00:00,SOL,72.89,,,coingecko
2026-08-01T00:11:42+00:00,XRP,1.062,,,coingecko
2026-08-01T00:11:42+00:00,DOGE,0.069609,,,coingecko
2026-08-01T00:11:42+00:00,BNB,587.31,,,coingecko
2026-08-01T00:11:42+00:00,ADA,0.168371,,,coingecko
2026-08-01T00:11:42+00:00,LINK,8.18,,,coingecko
2026-08-01T00:11:42+00:00,AVAX,6.39,,,coingecko
2026-08-01T00:11:42+00:00,DOT,0.758119,,,coingecko
2026-08-01T00:11:42+00:00,MATIC,0.126156,,,coingecko
2026-08-01T00:11:42+00:00,LTC,44.28,,,coingecko
2026-08-01T00:12:47+00:00,BTC,62900.0,,,coingecko
2026-08-01T00:12:47+00:00,ETH,1862.94,,,coingecko
2026-08-01T00:12:47+00:00,SOL,72.9,,,coingecko
2026-08-01T00:12:47+00:00,XRP,1.062,,,coingecko
2026-08-01T00:12:47+00:00,DOGE,0.069612,,,coingecko
2026-08-01T00:12:47+00:00,BNB,587.34,,,coingecko
2026-08-01T00:12:47+00:00,ADA,0.168478,,,coingecko
2026-08-01T00:12:47+00:00,LINK,8.18,,,coingecko
2026-08-01T00:12:47+00:00,AVAX,6.39,,,coingecko
2026-08-01T00:12:47+00:00,DOT,0.758043,,,coingecko
2026-08-01T00:12:47+00:00,MATIC,0.126156,,,coingecko
2026-08-01T00:12:47+00:00,LTC,44.23,,,coingecko
2026-08-01T00:13:51+00:00,BTC,62903.0,,,coingecko
2026-08-01T00:13:51+00:00,ETH,1863.25,,,coingecko
2026-08-01T00:13:51+00:00,SOL,72.9,,,coingecko
2026-08-01T00:13:51+00:00,XRP,1.062,,,coingecko
2026-08-01T00:13:51+00:00,DOGE,0.069627,,,coingecko
2026-08-01T00:13:51+00:00,BNB,587.34,,,coingecko
2026-08-01T00:13:51+00:00,ADA,0.168607,,,coingecko
2026-08-01T00:13:51+00:00,LINK,8.18,,,coingecko
2026-08-01T00:13:51+00:00,AVAX,6.39,,,coingecko
2026-08-01T00:13:51+00:00,DOT,0.757855,,,coingecko
2026-08-01T00:13:51+00:00,MATIC,0.126156,,,coingecko
2026-08-01T00:13:51+00:00,LTC,44.21,,,coingecko
2026-08-01T00:14:55+00:00,BTC,62907.0,,,coingecko
2026-08-01T00:14:55+00:00,ETH,1863.4,,,coingecko
2026-08-01T00:14:55+00:00,SOL,72.89,,,coingecko
2026-08-01T00:14:55+00:00,XRP,1.062,,,coingecko
2026-08-01T00:14:55+00:00,DOGE,0.069607,,,coingecko
2026-08-01T00:14:55+00:00,BNB,587.35,,,coingecko
2026-08-01T00:14:55+00:00,ADA,0.168594,,,coingecko
2026-08-01T00:14:55+00:00,LINK,8.18,,,coingecko
2026-08-01T00:14:55+00:00,AVAX,6.39,,,coingecko
2026-08-01T00:14:55+00:00,DOT,0.757954,,,coingecko
2026-08-01T00:14:55+00:00,MATIC,0.126156,,,coingecko
2026-08-01T00:14:55+00:00,LTC,44.22,,,coingecko
2026-08-01T00:15:58+00:00,BTC,62905.0,,,coingecko
2026-08-01T00:15:58+00:00,ETH,1863.37,,,coingecko
2026-08-01T00:15:58+00:00,SOL,72.89,,,coingecko
2026-08-01T00:15:58+00:00,XRP,1.062,,,coingecko
2026-08-01T00:15:58+00:00,DOGE,0.069599,,,coingecko
2026-08-01T00:15:58+00:00,BNB,587.39,,,coingecko
2026-08-01T00:15:58+00:00,ADA,0.168643,,,coingecko
2026-08-01T00:15:58+00:00,LINK,8.18,,,coingecko
2026-08-01T00:15:58+00:00,AVAX,6.39,,,coingecko
2026-08-01T00:15:58+00:00,DOT,0.758178,,,coingecko
2026-08-01T00:15:58+00:00,MATIC,0.126156,,,coingecko
2026-08-01T00:15:58+00:00,LTC,44.24,,,coingecko
2026-08-01T00:16:02+00:00,BTC,62903.005,,,consenso
2026-08-01T00:16:02+00:00,ETH,1863.81,,,consenso
2026-08-01T00:16:02+00:00,SOL,72.895,,,consenso
2026-08-01T00:16:02+00:00,XRP,1.06235,,,consenso
2026-08-01T00:16:02+00:00,DOGE,0.06967,,,binance
2026-08-01T00:16:02+00:00,BNB,588.25,,,binance
2026-08-01T00:16:48+00:00,BTC,62903.005,,,consenso
2026-08-01T00:16:48+00:00,ETH,1863.81,,,consenso
2026-08-01T00:16:48+00:00,SOL,72.97,,,consenso
2026-08-01T00:16:48+00:00,XRP,1.0633,,,consenso
2026-08-01T00:16:48+00:00,DOGE,0.06967,,,binance
2026-08-01T00:16:48+00:00,BNB,588.26,,,binance
2026-08-01T00:17:01+00:00,BTC,62895.0,,,coingecko
2026-08-01T00:17:01+00:00,ETH,1863.14,,,coingecko
2026-08-01T00:17:01+00:00,SOL,72.89,,,coingecko
2026-08-01T00:17:01+00:00,XRP,1.062,,,coingecko
2026-08-01T00:17:01+00:00,DOGE,0.069592,,,coingecko
2026-08-01T00:17:01+00:00,BNB,587.47,,,coingecko
2026-08-01T00:17:01+00:00,ADA,0.168696,,,coingecko
2026-08-01T00:17:01+00:00,LINK,8.18,,,coingecko
2026-08-01T00:17:01+00:00,AVAX,6.39,,,coingecko
2026-08-01T00:17:01+00:00,DOT,0.758145,,,coingecko
2026-08-01T00:17:01+00:00,MATIC,0.126156,,,coingecko
2026-08-01T00:17:01+00:00,LTC,44.26,,,coingecko
2026-08-01T00:17:33+00:00,BTC,62903.005,,,consenso
2026-08-01T00:17:33+00:00,ETH,1863.81,,,consenso
2026-08-01T00:17:33+00:00,SOL,72.98,,,consenso
2026-08-01T00:17:33+00:00,XRP,1.0635,,,consenso
2026-08-01T00:17:33+00:00,DOGE,0.06968,,,binance
2026-08-01T00:17:33+00:00,BNB,588.41,,,binance
2026-08-01T00:18:07+00:00,BTC,62901.0,,,coingecko
2026-08-01T00:18:07+00:00,ETH,1863.47,,,coingecko
2026-08-01T00:18:07+00:00,SOL,72.9,,,coingecko
2026-08-01T00:18:07+00:00,XRP,1.062,,,coingecko
2026-08-01T00:18:07+00:00,DOGE,0.0696,,,coingecko
2026-08-01T00:18:07+00:00,BNB,587.61,,,coingecko
2026-08-01T00:18:07+00:00,ADA,0.168889,,,coingecko
2026-08-01T00:18:07+00:00,LINK,8.18,,,coingecko
2026-08-01T00:18:07+00:00,AVAX,6.4,,,coingecko
2026-08-01T00:18:07+00:00,DOT,0.75814,,,coingecko
2026-08-01T00:18:07+00:00,MATIC,0.126156,,,coingecko
2026-08-01T00:18:07+00:00,LTC,44.28,,,coingecko
2026-08-01T00:19:10+00:00,BTC,62905.0,,,coingecko
2026-08-01T00:19:10+00:00,ETH,1863.66,,,coingecko
2026-08-01T00:19:10+00:00,SOL,72.9,,,coingecko
2026-08-01T00:19:10+00:00,XRP,1.062,,,coingecko
2026-08-01T00:19:10+00:00,DOGE,0.069622,,,coingecko
2026-08-01T00:19:10+00:00,BNB,587.77,,,coingecko
2026-08-01T00:19:10+00:00,ADA,0.169048,,,coingecko
2026-08-01T00:19:10+00:00,LINK,8.18,,,coingecko
2026-08-01T00:19:10+00:00,AVAX,6.39,,,coingecko
2026-08-01T00:19:10+00:00,DOT,0.758617,,,coingecko
2026-08-01T00:19:10+00:00,MATIC,0.126156,,,coingecko
2026-08-01T00:19:10+00:00,LTC,44.3,,,coingecko
2026-08-01T00:20:14+00:00,BTC,62892.0,,,coingecko
2026-08-01T00:20:14+00:00,ETH,1862.9,,,coingecko
2026-08-01T00:20:14+00:00,SOL,72.87,,,coingecko
2026-08-01T00:20:14+00:00,XRP,1.062,,,coingecko
2026-08-01T00:20:14+00:00,DOGE,0.069592,,,coingecko
2026-08-01T00:20:14+00:00,BNB,587.62,,,coingecko
2026-08-01T00:20:14+00:00,ADA,0.168935,,,coingecko
2026-08-01T00:20:14+00:00,LINK,8.18,,,coingecko
2026-08-01T00:20:14+00:00,AVAX,6.39,,,coingecko
2026-08-01T00:20:14+00:00,DOT,0.75846,,,coingecko
2026-08-01T00:20:14+00:00,MATIC,0.126156,,,coingecko
2026-08-01T00:20:14+00:00,LTC,44.3,,,coingecko
2026-08-01T00:21:17+00:00,BTC,62891.0,,,coingecko
2026-08-01T00:21:17+00:00,ETH,1863.38,,,coingecko
2026-08-01T00:21:17+00:00,SOL,72.89,,,coingecko
2026-08-01T00:21:17+00:00,XRP,1.062,,,coingecko
2026-08-01T00:21:17+00:00,DOGE,0.069597,,,coingecko
2026-08-01T00:21:17+00:00,BNB,587.61,,,coingecko
2026-08-01T00:21:17+00:00,ADA,0.169086,,,coingecko
2026-08-01T00:21:17+00:00,LINK,8.18,,,coingecko
2026-08-01T00:21:17+00:00,AVAX,6.39,,,coingecko
2026-08-01T00:21:17+00:00,DOT,0.758119,,,coingecko
2026-08-01T00:21:17+00:00,MATIC,0.126156,,,coingecko
2026-08-01T00:21:17+00:00,LTC,44.29,,,coingecko
2026-08-01T00:23:04+00:00,BTC,62904.995,,,consenso
2026-08-01T00:23:04+00:00,ETH,1863.705,,,consenso
2026-08-01T00:23:04+00:00,SOL,72.905,,,consenso
2026-08-01T00:23:04+00:00,XRP,1.0617,,,consenso
2026-08-01T00:23:04+00:00,DOGE,0.06964,,,binance
2026-08-01T00:23:04+00:00,BNB,588.06,,,binance
2026-08-01T00:24:05+00:00,BTC,62904.995,,,consenso
2026-08-01T00:24:05+00:00,ETH,1863.705,,,consenso
2026-08-01T00:24:05+00:00,SOL,72.97,,,consenso
2026-08-01T00:24:05+00:00,XRP,1.0626,,,consenso
2026-08-01T00:24:05+00:00,DOGE,0.06963,,,binance
2026-08-01T00:24:05+00:00,BNB,588.06,,,binance
2026-08-01T00:24:08+00:00,BTC,62902.0,,,coingecko
2026-08-01T00:24:08+00:00,ETH,1863.47,,,coingecko
2026-08-01T00:24:08+00:00,SOL,72.9,,,coingecko
2026-08-01T00:24:08+00:00,XRP,1.062,,,coingecko
2026-08-01T00:24:08+00:00,DOGE,0.06958,,,coingecko
2026-08-01T00:24:08+00:00,BNB,587.47,,,coingecko
2026-08-01T00:24:08+00:00,ADA,0.168777,,,coingecko
2026-08-01T00:24:08+00:00,LINK,8.18,,,coingecko
2026-08-01T00:24:08+00:00,AVAX,6.39,,,coingecko
2026-08-01T00:24:08+00:00,DOT,0.758189,,,coingecko
2026-08-01T00:24:08+00:00,MATIC,0.126156,,,coingecko
2026-08-01T00:24:08+00:00,LTC,44.28,,,coingecko
2026-08-01T00:24:47+00:00,BTC,62904.995,,,consenso
2026-08-01T00:24:47+00:00,ETH,1863.705,,,consenso
2026-08-01T00:24:47+00:00,SOL,72.97,,,consenso
2026-08-01T00:24:47+00:00,XRP,1.0627,,,consenso
2026-08-01T00:24:47+00:00,DOGE,0.06963,,,binance
2026-08-01T00:24:47+00:00,BNB,588.06,,,binance
2026-08-01T00:25:13+00:00,BTC,62909.0,,,coingecko
2026-08-01T00:25:13+00:00,ETH,1863.61,,,coingecko
2026-08-01T00:25:13+00:00,SOL,72.9,,,coingecko
2026-08-01T00:25:13+00:00,XRP,1.062,,,coingecko
2026-08-01T00:25:13+00:00,DOGE,0.069574,,,coingecko
2026-08-01T00:25:13+00:00,BNB,587.48,,,coingecko
2026-08-01T00:25:13+00:00,ADA,0.168821,,,coingecko
2026-08-01T00:25:13+00:00,LINK,8.18,,,coingecko
2026-08-01T00:25:13+00:00,AVAX,6.39,,,coingecko
2026-08-01T00:25:13+00:00,DOT,0.758026,,,coingecko
2026-08-01T00:25:13+00:00,MATIC,0.126156,,,coingecko
2026-08-01T00:25:13+00:00,LTC,44.27,,,coingecko
2026-08-01T00:26:16+00:00,BTC,62910.0,,,coingecko
2026-08-01T00:26:16+00:00,ETH,1863.87,,,coingecko
2026-08-01T00:26:16+00:00,SOL,72.9,,,coingecko
2026-08-01T00:26:16+00:00,XRP,1.062,,,coingecko
2026-08-01T00:26:16+00:00,DOGE,0.069566,,,coingecko
2026-08-01T00:26:16+00:00,BNB,587.48,,,coingecko
2026-08-01T00:26:16+00:00,ADA,0.168818,,,coingecko
2026-08-01T00:26:16+00:00,LINK,8.18,,,coingecko
2026-08-01T00:26:16+00:00,AVAX,6.39,,,coingecko
2026-08-01T00:26:16+00:00,DOT,0.758062,,,coingecko
2026-08-01T00:26:16+00:00,MATIC,0.126156,,,coingecko
2026-08-01T00:26:16+00:00,LTC,44.26,,,coingecko
2026-08-01T00:27:19+00:00,BTC,62919.0,,,coingecko
2026-08-01T00:27:19+00:00,ETH,1864.07,,,coingecko
2026-08-01T00:27:19+00:00,SOL,72.9,,,coingecko
2026-08-01T00:27:19+00:00,XRP,1.062,,,coingecko
2026-08-01T00:27:19+00:00,DOGE,0.069538,,,coingecko
2026-08-01T00:27:19+00:00,BNB,587.54,,,coingecko
2026-08-01T00:27:19+00:00,ADA,0.168764,,,coingecko
2026-08-01T00:27:19+00:00,LINK,8.18,,,coingecko
2026-08-01T00:27:19+00:00,AVAX,6.38,,,coingecko
2026-08-01T00:27:19+00:00,DOT,0.757914,,,coingecko
2026-08-01T00:27:19+00:00,MATIC,0.126156,,,coingecko
2026-08-01T00:27:19+00:00,LTC,44.27,,,coingecko
2026-08-01T00:28:22+00:00,BTC,62927.0,,,coingecko
2026-08-01T00:28:22+00:00,ETH,1864.43,,,coingecko
2026-08-01T00:28:22+00:00,SOL,72.91,,,coingecko
2026-08-01T00:28:22+00:00,XRP,1.062,,,coingecko
2026-08-01T00:28:22+00:00,DOGE,0.069589,,,coingecko
2026-08-01T00:28:22+00:00,BNB,587.68,,,coingecko
2026-08-01T00:28:22+00:00,ADA,0.168796,,,coingecko
2026-08-01T00:28:22+00:00,LINK,8.18,,,coingecko
2026-08-01T00:28:22+00:00,AVAX,6.38,,,coingecko
2026-08-01T00:28:22+00:00,DOT,0.758103,,,coingecko
2026-08-01T00:28:22+00:00,MATIC,0.126156,,,coingecko
2026-08-01T00:28:22+00:00,LTC,44.29,,,coingecko
2026-08-01T00:29:25+00:00,BTC,62934.0,,,coingecko
2026-08-01T00:29:25+00:00,ETH,1864.83,,,coingecko
2026-08-01T00:29:25+00:00,SOL,72.94,,,coingecko
2026-08-01T00:29:25+00:00,XRP,1.062,,,coingecko
2026-08-01T00:29:25+00:00,DOGE,0.069603,,,coingecko
2026-08-01T00:29:25+00:00,BNB,587.89,,,coingecko
2026-08-01T00:29:25+00:00,ADA,0.168731,,,coingecko
2026-08-01T00:29:25+00:00,LINK,8.18,,,coingecko
2026-08-01T00:29:25+00:00,AVAX,6.38,,,coingecko
2026-08-01T00:29:25+00:00,DOT,0.75813,,,coingecko
2026-08-01T00:29:25+00:00,MATIC,0.126156,,,coingecko
2026-08-01T00:29:25+00:00,LTC,44.31,,,coingecko
2026-08-01T00:29:39+00:00,BTC,62940.775,,,consenso
2026-08-01T00:29:39+00:00,ETH,1865.165,,,consenso
2026-08-01T00:29:39+00:00,SOL,72.96,,,consenso
2026-08-01T00:29:39+00:00,XRP,1.06269,,,consenso
2026-08-01T00:29:39+00:00,DOGE,0.06971,,,binance
2026-08-01T00:29:39+00:00,BNB,588.58,,,binance
2026-08-01T00:30:24+00:00,BTC,62940.775,,,consenso
2026-08-01T00:30:24+00:00,ETH,1865.165,,,consenso
2026-08-01T00:30:24+00:00,SOL,73.01,,,consenso
2026-08-01T00:30:24+00:00,XRP,1.0633,,,consenso
2026-08-01T00:30:24+00:00,DOGE,0.06969,,,binance
2026-08-01T00:30:24+00:00,BNB,588.48,,,binance
2026-08-01T00:30:30+00:00,BTC,62937.0,,,coingecko
2026-08-01T00:30:30+00:00,ETH,1864.66,,,coingecko
2026-08-01T00:30:30+00:00,SOL,72.94,,,coingecko
2026-08-01T00:30:30+00:00,XRP,1.063,,,coingecko
2026-08-01T00:30:30+00:00,DOGE,0.069626,,,coingecko
2026-08-01T00:30:30+00:00,BNB,587.97,,,coingecko
2026-08-01T00:30:30+00:00,ADA,0.168857,,,coingecko
2026-08-01T00:30:30+00:00,LINK,8.18,,,coingecko
2026-08-01T00:30:30+00:00,AVAX,6.38,,,coingecko
2026-08-01T00:30:30+00:00,DOT,0.758096,,,coingecko
2026-08-01T00:30:30+00:00,MATIC,0.126156,,,coingecko
2026-08-01T00:30:30+00:00,LTC,44.32,,,coingecko
2026-08-01T00:31:02+00:00,BTC,62940.775,,,consenso
2026-08-01T00:31:02+00:00,ETH,1865.165,,,consenso
2026-08-01T00:31:02+00:00,SOL,73.0,,,consenso
2026-08-01T00:31:02+00:00,XRP,1.0633,,,consenso
2026-08-01T00:31:02+00:00,DOGE,0.06968,,,binance
2026-08-01T00:31:02+00:00,BNB,588.36,,,binance
2026-08-01T00:31:33+00:00,BTC,62915.0,,,coingecko
2026-08-01T00:31:33+00:00,ETH,1864.26,,,coingecko
2026-08-01T00:31:33+00:00,SOL,72.93,,,coingecko
2026-08-01T00:31:33+00:00,XRP,1.063,,,coingecko
2026-08-01T00:31:33+00:00,DOGE,0.06961,,,coingecko
2026-08-01T00:31:33+00:00,BNB,587.79,,,coingecko
2026-08-01T00:31:33+00:00,ADA,0.168791,,,coingecko
2026-08-01T00:31:33+00:00,LINK,8.17,,,coingecko
2026-08-01T00:31:33+00:00,AVAX,6.38,,,coingecko
2026-08-01T00:31:33+00:00,DOT,0.758158,,,coingecko
2026-08-01T00:31:33+00:00,MATIC,0.126156,,,coingecko
2026-08-01T00:31:33+00:00,LTC,44.33,,,coingecko
2026-08-01T00:32:36+00:00,BTC,62925.0,,,coingecko
2026-08-01T00:32:36+00:00,ETH,1864.36,,,coingecko
2026-08-01T00:32:36+00:00,SOL,72.94,,,coingecko
2026-08-01T00:32:36+00:00,XRP,1.062,,,coingecko
2026-08-01T00:32:36+00:00,DOGE,0.06961,,,coingecko
2026-08-01T00:32:36+00:00,BNB,587.79,,,coingecko
2026-08-01T00:32:36+00:00,ADA,0.168877,,,coingecko
2026-08-01T00:32:36+00:00,LINK,8.17,,,coingecko
2026-08-01T00:32:36+00:00,AVAX,6.38,,,coingecko
2026-08-01T00:32:36+00:00,DOT,0.758164,,,coingecko
2026-08-01T00:32:36+00:00,MATIC,0.126156,,,coingecko
2026-08-01T00:32:36+00:00,LTC,44.3,,,coingecko
2026-08-01T00:33:39+00:00,BTC,62909.0,,,coingecko
2026-08-01T00:33:39+00:00,ETH,1864.03,,,coingecko
2026-08-01T00:33:39+00:00,SOL,72.92,,,coingecko
2026-08-01T00:33:39+00:00,XRP,1.062,,,coingecko
2026-08-01T00:33:39+00:00,DOGE,0.069603,,,coingecko
2026-08-01T00:33:39+00:00,BNB,587.69,,,coingecko
2026-08-01T00:33:39+00:00,ADA,0.168867,,,coingecko
2026-08-01T00:33:39+00:00,LINK,8.17,,,coingecko
2026-08-01T00:33:39+00:00,AVAX,6.38,,,coingecko
2026-08-01T00:33:39+00:00,DOT,0.758171,,,coingecko
2026-08-01T00:33:39+00:00,MATIC,0.126156,,,coingecko
2026-08-01T00:33:39+00:00,LTC,44.29,,,coingecko
2026-08-01T00:35:52+00:00,BTC,62917.615,,,consenso
2026-08-01T00:35:52+00:00,ETH,1864.44,,,consenso
2026-08-01T00:35:52+00:00,SOL,72.915,,,consenso
2026-08-01T00:35:52+00:00,XRP,1.06245,,,consenso
2026-08-01T00:35:52+00:00,DOGE,0.06975,,,binance
2026-08-01T00:35:52+00:00,BNB,588.08,,,binance
2026-08-01T00:36:53+00:00,BTC,62921.0,,,coingecko
2026-08-01T00:36:53+00:00,ETH,1864.35,,,coingecko
2026-08-01T00:36:53+00:00,SOL,72.91,,,coingecko
2026-08-01T00:36:53+00:00,XRP,1.062,,,coingecko
2026-08-01T00:36:53+00:00,DOGE,0.069663,,,coingecko
2026-08-01T00:36:53+00:00,BNB,587.48,,,coingecko
2026-08-01T00:36:53+00:00,ADA,0.168993,,,coingecko
2026-08-01T00:36:53+00:00,LINK,8.18,,,coingecko
2026-08-01T00:36:53+00:00,AVAX,6.38,,,coingecko
2026-08-01T00:36:53+00:00,DOT,0.758679,,,coingecko
2026-08-01T00:36:53+00:00,MATIC,0.126156,,,coingecko
2026-08-01T00:36:53+00:00,LTC,44.31,,,coingecko
2026-08-01T00:36:51+00:00,BTC,62917.615,,,consenso
2026-08-01T00:36:51+00:00,ETH,1864.44,,,consenso
2026-08-01T00:36:51+00:00,SOL,72.96,,,consenso
2026-08-01T00:36:51+00:00,XRP,1.0633,,,consenso
2026-08-01T00:36:51+00:00,DOGE,0.06977,,,binance
2026-08-01T00:36:51+00:00,BNB,588.07,,,binance
2026-08-01T00:37:34+00:00,BTC,62917.615,,,consenso
2026-08-01T00:37:34+00:00,ETH,1864.44,,,consenso
2026-08-01T00:37:34+00:00,SOL,72.97,,,consenso
2026-08-01T00:37:34+00:00,XRP,1.0634,,,consenso
2026-08-01T00:37:34+00:00,DOGE,0.06977,,,binance
2026-08-01T00:37:34+00:00,BNB,588.07,,,binance
2026-08-01T00:37:58+00:00,BTC,62920.0,,,coingecko
2026-08-01T00:37:58+00:00,ETH,1864.35,,,coingecko
2026-08-01T00:37:58+00:00,SOL,72.9,,,coingecko
2026-08-01T00:37:58+00:00,XRP,1.062,,,coingecko
2026-08-01T00:37:58+00:00,DOGE,0.069682,,,coingecko
2026-08-01T00:37:58+00:00,BNB,587.5,,,coingecko
2026-08-01T00:37:58+00:00,ADA,0.169012,,,coingecko
2026-08-01T00:37:58+00:00,LINK,8.18,,,coingecko
2026-08-01T00:37:58+00:00,AVAX,6.38,,,coingecko
2026-08-01T00:37:58+00:00,DOT,0.758333,,,coingecko
2026-08-01T00:37:58+00:00,MATIC,0.126156,,,coingecko
2026-08-01T00:37:58+00:00,LTC,44.31,,,coingecko
2026-08-01T00:39:00+00:00,BTC,62919.0,,,coingecko
2026-08-01T00:39:00+00:00,ETH,1864.4,,,coingecko
2026-08-01T00:39:00+00:00,SOL,72.9,,,coingecko
2026-08-01T00:39:00+00:00,XRP,1.062,,,coingecko
2026-08-01T00:39:00+00:00,DOGE,0.069689,,,coingecko
2026-08-01T00:39:00+00:00,BNB,587.47,,,coingecko
2026-08-01T00:39:00+00:00,ADA,0.168988,,,coingecko
2026-08-01T00:39:00+00:00,LINK,8.18,,,coingecko
2026-08-01T00:39:00+00:00,AVAX,6.38,,,coingecko
2026-08-01T00:39:00+00:00,DOT,0.758457,,,coingecko
2026-08-01T00:39:00+00:00,MATIC,0.126156,,,coingecko
2026-08-01T00:39:00+00:00,LTC,44.29,,,coingecko
2026-08-01T00:40:03+00:00,BTC,62921.0,,,coingecko
2026-08-01T00:40:03+00:00,ETH,1864.58,,,coingecko
2026-08-01T00:40:03+00:00,SOL,72.9,,,coingecko
2026-08-01T00:40:03+00:00,XRP,1.062,,,coingecko
2026-08-01T00:40:03+00:00,DOGE,0.069698,,,coingecko
2026-08-01T00:40:03+00:00,BNB,587.49,,,coingecko
2026-08-01T00:40:03+00:00,ADA,0.16899,,,coingecko
2026-08-01T00:40:03+00:00,LINK,8.18,,,coingecko
2026-08-01T00:40:03+00:00,AVAX,6.39,,,coingecko
2026-08-01T00:40:03+00:00,DOT,0.758073,,,coingecko
2026-08-01T00:40:03+00:00,MATIC,0.126156,,,coingecko
2026-08-01T00:40:03+00:00,LTC,44.29,,,coingecko
2026-08-01T00:41:07+00:00,BTC,62912.0,,,coingecko
2026-08-01T00:41:07+00:00,ETH,1864.35,,,coingecko
2026-08-01T00:41:07+00:00,SOL,72.9,,,coingecko
2026-08-01T00:41:07+00:00,XRP,1.062,,,coingecko
2026-08-01T00:41:07+00:00,DOGE,0.069761,,,coingecko
2026-08-01T00:41:07+00:00,BNB,587.45,,,coingecko
2026-08-01T00:41:07+00:00,ADA,0.168837,,,coingecko
2026-08-01T00:41:07+00:00,LINK,8.18,,,coingecko
2026-08-01T00:41:07+00:00,AVAX,6.39,,,coingecko
2026-08-01T00:41:07+00:00,DOT,0.758324,,,coingecko
2026-08-01T00:41:07+00:00,MATIC,0.126156,,,coingecko
2026-08-01T00:41:07+00:00,LTC,44.3,,,coingecko
2026-08-01T00:42:10+00:00,BTC,62924.0,,,coingecko
2026-08-01T00:42:10+00:00,ETH,1864.49,,,coingecko
2026-08-01T00:42:10+00:00,SOL,72.91,,,coingecko
2026-08-01T00:42:10+00:00,XRP,1.062,,,coingecko
2026-08-01T00:42:10+00:00,DOGE,0.069791,,,coingecko
2026-08-01T00:42:10+00:00,BNB,587.7,,,coingecko
2026-08-01T00:42:10+00:00,ADA,0.168893,,,coingecko
2026-08-01T00:42:10+00:00,LINK,8.18,,,coingecko
2026-08-01T00:42:10+00:00,AVAX,6.38,,,coingecko
2026-08-01T00:42:10+00:00,DOT,0.758054,,,coingecko
2026-08-01T00:42:10+00:00,MATIC,0.126156,,,coingecko
2026-08-01T00:42:10+00:00,LTC,44.32,,,coingecko
2026-08-01T00:42:38+00:00,BTC,62928.895,,,consenso
2026-08-01T00:42:38+00:00,ETH,1864.965,,,consenso
2026-08-01T00:42:38+00:00,SOL,72.915,,,consenso
2026-08-01T00:42:38+00:00,XRP,1.0625,,,consenso
2026-08-01T00:42:38+00:00,DOGE,0.06989,,,binance
2026-08-01T00:42:38+00:00,BNB,588.6,,,binance
2026-08-01T00:43:15+00:00,BTC,62928.0,,,coingecko
2026-08-01T00:43:15+00:00,ETH,1864.5,,,coingecko
2026-08-01T00:43:15+00:00,SOL,72.91,,,coingecko
2026-08-01T00:43:15+00:00,XRP,1.062,,,coingecko
2026-08-01T00:43:15+00:00,DOGE,0.069801,,,coingecko
2026-08-01T00:43:15+00:00,BNB,587.75,,,coingecko
2026-08-01T00:43:15+00:00,ADA,0.168879,,,coingecko
2026-08-01T00:43:15+00:00,LINK,8.18,,,coingecko
2026-08-01T00:43:15+00:00,AVAX,6.39,,,coingecko
2026-08-01T00:43:15+00:00,DOT,0.757891,,,coingecko
2026-08-01T00:43:15+00:00,MATIC,0.126156,,,coingecko
2026-08-01T00:43:15+00:00,LTC,44.31,,,coingecko
2026-08-01T00:43:27+00:00,BTC,62928.895,,,consenso
2026-08-01T00:43:27+00:00,ETH,1864.965,,,consenso
2026-08-01T00:43:27+00:00,SOL,73.01,,,consenso
2026-08-01T00:43:27+00:00,XRP,1.0636,,,consenso
2026-08-01T00:43:27+00:00,DOGE,0.0699,,,binance
2026-08-01T00:43:27+00:00,BNB,588.71,,,binance
2026-08-01T00:44:11+00:00,BTC,62928.895,,,consenso
2026-08-01T00:44:11+00:00,ETH,1864.965,,,consenso
2026-08-01T00:44:11+00:00,SOL,73.01,,,consenso
2026-08-01T00:44:11+00:00,XRP,1.0634,,,consenso
2026-08-01T00:44:11+00:00,DOGE,0.06991,,,binance
2026-08-01T00:44:11+00:00,BNB,588.7,,,binance
2026-08-01T00:44:18+00:00,BTC,62934.0,,,coingecko
2026-08-01T00:44:18+00:00,ETH,1864.8,,,coingecko
2026-08-01T00:44:18+00:00,SOL,72.92,,,coingecko
2026-08-01T00:44:18+00:00,XRP,1.062,,,coingecko
2026-08-01T00:44:18+00:00,DOGE,0.069818,,,coingecko
2026-08-01T00:44:18+00:00,BNB,587.92,,,coingecko
2026-08-01T00:44:18+00:00,ADA,0.168946,,,coingecko
2026-08-01T00:44:18+00:00,LINK,8.18,,,coingecko
2026-08-01T00:44:18+00:00,AVAX,6.38,,,coingecko
2026-08-01T00:44:18+00:00,DOT,0.758051,,,coingecko
2026-08-01T00:44:18+00:00,MATIC,0.126156,,,coingecko
2026-08-01T00:44:18+00:00,LTC,44.31,,,coingecko
2026-08-01T00:45:20+00:00,BTC,62936.0,,,coingecko
2026-08-01T00:45:20+00:00,ETH,1864.76,,,coingecko
2026-08-01T00:45:20+00:00,SOL,72.93,,,coingecko
2026-08-01T00:45:20+00:00,XRP,1.063,,,coingecko
2026-08-01T00:45:20+00:00,DOGE,0.069835,,,coingecko
2026-08-01T00:45:20+00:00,BNB,587.99,,,coingecko
2026-08-01T00:45:20+00:00,ADA,0.168954,,,coingecko
2026-08-01T00:45:20+00:00,LINK,8.18,,,coingecko
2026-08-01T00:45:20+00:00,AVAX,6.39,,,coingecko
2026-08-01T00:45:20+00:00,DOT,0.758132,,,coingecko
2026-08-01T00:45:20+00:00,MATIC,0.126156,,,coingecko
2026-08-01T00:45:20+00:00,LTC,44.32,,,coingecko
2026-08-01T00:46:23+00:00,BTC,62935.0,,,coingecko
2026-08-01T00:46:23+00:00,ETH,1864.97,,,coingecko
2026-08-01T00:46:23+00:00,SOL,72.96,,,coingecko
2026-08-01T00:46:23+00:00,XRP,1.062,,,coingecko
2026-08-01T00:46:23+00:00,DOGE,0.069846,,,coingecko
2026-08-01T00:46:23+00:00,BNB,587.91,,,coingecko
2026-08-01T00:46:23+00:00,ADA,0.169049,,,coingecko
2026-08-01T00:46:23+00:00,LINK,8.18,,,coingecko
2026-08-01T00:46:23+00:00,AVAX,6.39,,,coingecko
2026-08-01T00:46:23+00:00,DOT,0.758768,,,coingecko
2026-08-01T00:46:23+00:00,MATIC,0.126156,,,coingecko
2026-08-01T00:46:23+00:00,LTC,44.33,,,coingecko
2026-08-01T00:49:05+00:00,BTC,62951.0,,,coingecko
2026-08-01T00:49:05+00:00,ETH,1865.19,,,coingecko
2026-08-01T00:49:05+00:00,SOL,73.01,,,coingecko
2026-08-01T00:49:05+00:00,XRP,1.062,,,coingecko
2026-08-01T00:49:05+00:00,DOGE,0.069834,,,coingecko
2026-08-01T00:49:05+00:00,BNB,588.25,,,coingecko
2026-08-01T00:49:05+00:00,ADA,0.169173,,,coingecko
2026-08-01T00:49:05+00:00,LINK,8.19,,,coingecko
2026-08-01T00:49:05+00:00,AVAX,6.39,,,coingecko
2026-08-01T00:49:05+00:00,DOT,0.759742,,,coingecko
2026-08-01T00:49:05+00:00,MATIC,0.126156,,,coingecko
2026-08-01T00:49:05+00:00,LTC,44.33,,,coingecko
2026-08-01T00:50:10+00:00,BTC,62951.0,,,coingecko
2026-08-01T00:50:10+00:00,ETH,1865.01,,,coingecko
2026-08-01T00:50:10+00:00,SOL,73.05,,,coingecko
2026-08-01T00:50:10+00:00,XRP,1.062,,,coingecko
2026-08-01T00:50:10+00:00,DOGE,0.069837,,,coingecko
2026-08-01T00:50:10+00:00,BNB,588.31,,,coingecko
2026-08-01T00:50:10+00:00,ADA,0.169123,,,coingecko
2026-08-01T00:50:10+00:00,LINK,8.19,,,coingecko
2026-08-01T00:50:10+00:00,AVAX,6.39,,,coingecko
2026-08-01T00:50:10+00:00,DOT,0.759806,,,coingecko
2026-08-01T00:50:10+00:00,MATIC,0.126156,,,coingecko
2026-08-01T00:50:10+00:00,LTC,44.33,,,coingecko
2026-08-01T00:50:09+00:00,BTC,62942.105,,,consenso
2026-08-01T00:50:09+00:00,ETH,1865.195,,,consenso
2026-08-01T00:50:09+00:00,SOL,73.08,,,consenso
2026-08-01T00:50:09+00:00,XRP,1.0627,,,consenso
2026-08-01T00:50:09+00:00,DOGE,0.06994,,,binance
2026-08-01T00:50:09+00:00,BNB,589.1,,,binance
2026-08-01T00:50:58+00:00,BTC,62942.105,,,consenso
2026-08-01T00:50:58+00:00,ETH,1865.195,,,consenso
2026-08-01T00:50:58+00:00,SOL,73.12,,,consenso
2026-08-01T00:50:58+00:00,XRP,1.0636,,,consenso
2026-08-01T00:50:58+00:00,DOGE,0.06992,,,binance
2026-08-01T00:50:58+00:00,BNB,589.02,,,binance
2026-08-01T00:51:12+00:00,BTC,62947.0,,,coingecko
2026-08-01T00:51:12+00:00,ETH,1865.02,,,coingecko
2026-08-01T00:51:12+00:00,SOL,73.06,,,coingecko
2026-08-01T00:51:12+00:00,XRP,1.062,,,coingecko
2026-08-01T00:51:12+00:00,DOGE,0.069826,,,coingecko
2026-08-01T00:51:12+00:00,BNB,588.36,,,coingecko
2026-08-01T00:51:12+00:00,ADA,0.169129,,,coingecko
2026-08-01T00:51:12+00:00,LINK,8.19,,,coingecko
2026-08-01T00:51:12+00:00,AVAX,6.39,,,coingecko
2026-08-01T00:51:12+00:00,DOT,0.759679,,,coingecko
2026-08-01T00:51:12+00:00,MATIC,0.126156,,,coingecko
2026-08-01T00:51:12+00:00,LTC,44.33,,,coingecko
2026-08-01T00:51:40+00:00,BTC,62942.105,,,consenso
2026-08-01T00:51:40+00:00,ETH,1865.195,,,consenso
2026-08-01T00:51:40+00:00,SOL,73.07,,,consenso
2026-08-01T00:51:40+00:00,XRP,1.0634,,,consenso
2026-08-01T00:51:40+00:00,DOGE,0.0699,,,binance
2026-08-01T00:51:40+00:00,BNB,588.74,,,binance
2026-08-01T00:52:15+00:00,BTC,62951.0,,,coingecko
2026-08-01T00:52:15+00:00,ETH,1865.12,,,coingecko
2026-08-01T00:52:15+00:00,SOL,73.05,,,coingecko
2026-08-01T00:52:15+00:00,XRP,1.063,,,coingecko
2026-08-01T00:52:15+00:00,DOGE,0.069861,,,coingecko
2026-08-01T00:52:15+00:00,BNB,588.4,,,coingecko
2026-08-01T00:52:15+00:00,ADA,0.169249,,,coingecko
2026-08-01T00:52:15+00:00,LINK,8.19,,,coingecko
2026-08-01T00:52:15+00:00,AVAX,6.39,,,coingecko
2026-08-01T00:52:15+00:00,DOT,0.759699,,,coingecko
2026-08-01T00:52:15+00:00,MATIC,0.126156,,,coingecko
2026-08-01T00:52:15+00:00,LTC,44.32,,,coingecko
2026-08-01T00:53:18+00:00,BTC,62931.0,,,coingecko
2026-08-01T00:53:18+00:00,ETH,1864.61,,,coingecko
2026-08-01T00:53:18+00:00,SOL,73.02,,,coingecko
2026-08-01T00:53:18+00:00,XRP,1.062,,,coingecko
2026-08-01T00:53:18+00:00,DOGE,0.069847,,,coingecko
2026-08-01T00:53:18+00:00,BNB,588.22,,,coingecko
2026-08-01T00:53:18+00:00,ADA,0.169151,,,coingecko
2026-08-01T00:53:18+00:00,LINK,8.18,,,coingecko
2026-08-01T00:53:18+00:00,AVAX,6.39,,,coingecko
2026-08-01T00:53:18+00:00,DOT,0.759664,,,coingecko
2026-08-01T00:53:18+00:00,MATIC,0.126156,,,coingecko
2026-08-01T00:53:18+00:00,LTC,44.3,,,coingecko
2026-08-01T00:54:21+00:00,BTC,62922.0,,,coingecko
2026-08-01T00:54:21+00:00,ETH,1864.51,,,coingecko
2026-08-01T00:54:21+00:00,SOL,73.0,,,coingecko
2026-08-01T00:54:21+00:00,XRP,1.062,,,coingecko
2026-08-01T00:54:21+00:00,DOGE,0.06987,,,coingecko
2026-08-01T00:54:21+00:00,BNB,588.26,,,coingecko
2026-08-01T00:54:21+00:00,ADA,0.169086,,,coingecko
2026-08-01T00:54:21+00:00,LINK,8.18,,,coingecko
2026-08-01T00:54:21+00:00,AVAX,6.39,,,coingecko
2026-08-01T00:54:21+00:00,DOT,0.759355,,,coingecko
2026-08-01T00:54:21+00:00,MATIC,0.126156,,,coingecko
2026-08-01T00:54:21+00:00,LTC,44.3,,,coingecko
2026-08-01T00:55:26+00:00,BTC,62923.0,,,coingecko
2026-08-01T00:55:26+00:00,ETH,1864.51,,,coingecko
2026-08-01T00:55:26+00:00,SOL,72.98,,,coingecko
2026-08-01T00:55:26+00:00,XRP,1.062,,,coingecko
2026-08-01T00:55:26+00:00,DOGE,0.069874,,,coingecko
2026-08-01T00:55:26+00:00,BNB,588.35,,,coingecko
2026-08-01T00:55:26+00:00,ADA,0.169046,,,coingecko
2026-08-01T00:55:26+00:00,LINK,8.18,,,coingecko
2026-08-01T00:55:26+00:00,AVAX,6.39,,,coingecko
2026-08-01T00:55:26+00:00,DOT,0.759656,,,coingecko
2026-08-01T00:55:26+00:00,MATIC,0.126156,,,coingecko
2026-08-01T00:55:26+00:00,LTC,44.26,,,coingecko
2026-08-01T00:56:28+00:00,BTC,62919.0,,,coingecko
2026-08-01T00:56:28+00:00,ETH,1864.41,,,coingecko
2026-08-01T00:56:28+00:00,SOL,72.98,,,coingecko
2026-08-01T00:56:28+00:00,XRP,1.062,,,coingecko
2026-08-01T00:56:28+00:00,DOGE,0.069877,,,coingecko
2026-08-01T00:56:28+00:00,BNB,588.35,,,coingecko
2026-08-01T00:56:28+00:00,ADA,0.168945,,,coingecko
2026-08-01T00:56:28+00:00,LINK,8.18,,,coingecko
2026-08-01T00:56:28+00:00,AVAX,6.39,,,coingecko
2026-08-01T00:56:28+00:00,DOT,0.759666,,,coingecko
2026-08-01T00:56:28+00:00,MATIC,0.126156,,,coingecko
2026-08-01T00:56:28+00:00,LTC,44.27,,,coingecko
2026-08-01T00:56:31+00:00,BTC,62896.965,,,consenso
2026-08-01T00:56:31+00:00,ETH,1863.835,,,consenso
2026-08-01T00:56:31+00:00,SOL,72.97,,,consenso
2026-08-01T00:56:31+00:00,XRP,1.06231,,,consenso
2026-08-01T00:56:31+00:00,DOGE,0.06991,,,binance
2026-08-01T00:56:31+00:00,BNB,588.84,,,binance
2026-08-01T00:57:18+00:00,BTC,62896.965,,,consenso
2026-08-01T00:57:18+00:00,ETH,1863.835,,,consenso
2026-08-01T00:57:18+00:00,SOL,72.98,,,consenso
2026-08-01T00:57:18+00:00,XRP,1.0624,,,consenso
2026-08-01T00:57:18+00:00,DOGE,0.06986,,,binance
2026-08-01T00:57:18+00:00,BNB,588.8,,,binance
2026-08-01T00:57:31+00:00,BTC,62918.0,,,coingecko
2026-08-01T00:57:31+00:00,ETH,1864.32,,,coingecko
2026-08-01T00:57:31+00:00,SOL,72.98,,,coingecko
2026-08-01T00:57:31+00:00,XRP,1.062,,,coingecko
2026-08-01T00:57:31+00:00,DOGE,0.069852,,,coingecko
2026-08-01T00:57:31+00:00,BNB,588.27,,,coingecko
2026-08-01T00:57:31+00:00,ADA,0.168923,,,coingecko
2026-08-01T00:57:31+00:00,LINK,8.18,,,coingecko
2026-08-01T00:57:31+00:00,AVAX,6.39,,,coingecko
2026-08-01T00:57:31+00:00,DOT,0.75924,,,coingecko
2026-08-01T00:57:31+00:00,MATIC,0.126156,,,coingecko
2026-08-01T00:57:31+00:00,LTC,44.25,,,coingecko
2026-08-01T00:58:00+00:00,BTC,62896.965,,,consenso
2026-08-01T00:58:00+00:00,ETH,1863.835,,,consenso
2026-08-01T00:58:00+00:00,SOL,72.98,,,consenso
2026-08-01T00:58:00+00:00,XRP,1.0625,,,consenso
2026-08-01T00:58:00+00:00,DOGE,0.06985,,,binance
2026-08-01T00:58:00+00:00,BNB,588.44,,,binance
2026-08-01T00:58:34+00:00,BTC,62896.0,,,coingecko
2026-08-01T00:58:34+00:00,ETH,1863.42,,,coingecko
2026-08-01T00:58:34+00:00,SOL,72.94,,,coingecko
2026-08-01T00:58:34+00:00,XRP,1.062,,,coingecko
2026-08-01T00:58:34+00:00,DOGE,0.06985,,,coingecko
2026-08-01T00:58:34+00:00,BNB,588.26,,,coingecko
2026-08-01T00:58:34+00:00,ADA,0.168818,,,coingecko
2026-08-01T00:58:34+00:00,LINK,8.17,,,coingecko
2026-08-01T00:58:34+00:00,AVAX,6.38,,,coingecko
2026-08-01T00:58:34+00:00,DOT,0.758272,,,coingecko
2026-08-01T00:58:34+00:00,MATIC,0.126156,,,coingecko
2026-08-01T00:58:34+00:00,LTC,44.2,,,coingecko
2026-08-01T01:01:41+00:00,BTC,62883.0,,,coingecko
2026-08-01T01:01:41+00:00,ETH,1862.99,,,coingecko
2026-08-01T01:01:41+00:00,SOL,72.94,,,coingecko
2026-08-01T01:01:41+00:00,XRP,1.062,,,coingecko
2026-08-01T01:01:41+00:00,DOGE,0.069869,,,coingecko
2026-08-01T01:01:41+00:00,BNB,588.1,,,coingecko
2026-08-01T01:01:41+00:00,ADA,0.168824,,,coingecko
2026-08-01T01:01:41+00:00,LINK,8.17,,,coingecko
2026-08-01T01:01:41+00:00,AVAX,6.38,,,coingecko
2026-08-01T01:01:41+00:00,DOT,0.758176,,,coingecko
2026-08-01T01:01:41+00:00,MATIC,0.126156,,,coingecko
2026-08-01T01:01:41+00:00,LTC,44.24,,,coingecko
2026-08-01T01:02:46+00:00,BTC,62898.0,,,coingecko
2026-08-01T01:02:46+00:00,ETH,1864.08,,,coingecko
2026-08-01T01:02:46+00:00,SOL,72.99,,,coingecko
2026-08-01T01:02:46+00:00,XRP,1.063,,,coingecko
2026-08-01T01:02:46+00:00,DOGE,0.069951,,,coingecko
2026-08-01T01:02:46+00:00,BNB,588.35,,,coingecko
2026-08-01T01:02:46+00:00,ADA,0.169019,,,coingecko
2026-08-01T01:02:46+00:00,LINK,8.18,,,coingecko
2026-08-01T01:02:46+00:00,AVAX,6.39,,,coingecko
2026-08-01T01:02:46+00:00,DOT,0.759056,,,coingecko
2026-08-01T01:02:46+00:00,MATIC,0.126156,,,coingecko
2026-08-01T01:02:46+00:00,LTC,44.23,,,coingecko
2026-08-01T01:03:49+00:00,BTC,62897.0,,,coingecko
2026-08-01T01:03:49+00:00,ETH,1864.35,,,coingecko
2026-08-01T01:03:49+00:00,SOL,73.0,,,coingecko
2026-08-01T01:03:49+00:00,XRP,1.063,,,coingecko
2026-08-01T01:03:49+00:00,DOGE,0.069947,,,coingecko
2026-08-01T01:03:49+00:00,BNB,588.39,,,coingecko
2026-08-01T01:03:49+00:00,ADA,0.169068,,,coingecko
2026-08-01T01:03:49+00:00,LINK,8.18,,,coingecko
2026-08-01T01:03:49+00:00,AVAX,6.39,,,coingecko
2026-08-01T01:03:49+00:00,DOT,0.759214,,,coingecko
2026-08-01T01:03:49+00:00,MATIC,0.126156,,,coingecko
2026-08-01T01:03:49+00:00,LTC,44.22,,,coingecko
2026-08-01T01:03:55+00:00,BTC,62890.095,,,consenso
2026-08-01T01:03:55+00:00,ETH,1864.435,,,consenso
2026-08-01T01:03:55+00:00,SOL,73.01,,,consenso
2026-08-01T01:03:55+00:00,XRP,1.0632,,,consenso
2026-08-01T01:03:55+00:00,DOGE,0.07005,,,binance
2026-08-01T01:03:55+00:00,BNB,589.16,,,binance
2026-08-01T01:04:42+00:00,BTC,62890.095,,,consenso
2026-08-01T01:04:42+00:00,ETH,1864.435,,,consenso
2026-08-01T01:04:42+00:00,SOL,73.08,,,consenso
2026-08-01T01:04:42+00:00,XRP,1.0641,,,consenso
2026-08-01T01:04:42+00:00,DOGE,0.07008,,,binance
2026-08-01T01:04:42+00:00,BNB,589.41,,,binance
2026-08-01T01:04:52+00:00,BTC,62900.0,,,coingecko
2026-08-01T01:04:52+00:00,ETH,1864.56,,,coingecko
2026-08-01T01:04:52+00:00,SOL,73.01,,,coingecko
2026-08-01T01:04:52+00:00,XRP,1.063,,,coingecko
2026-08-01T01:04:52+00:00,DOGE,0.06997,,,coingecko
2026-08-01T01:04:52+00:00,BNB,588.53,,,coingecko
2026-08-01T01:04:52+00:00,ADA,0.16914,,,coingecko
2026-08-01T01:04:52+00:00,LINK,8.18,,,coingecko
2026-08-01T01:04:52+00:00,AVAX,6.39,,,coingecko
2026-08-01T01:04:52+00:00,DOT,0.759082,,,coingecko
2026-08-01T01:04:52+00:00,MATIC,0.126156,,,coingecko
2026-08-01T01:04:52+00:00,LTC,44.22,,,coingecko
2026-08-01T01:05:26+00:00,BTC,62890.095,,,consenso
2026-08-01T01:05:26+00:00,ETH,1864.435,,,consenso
2026-08-01T01:05:26+00:00,SOL,73.08,,,consenso
2026-08-01T01:05:26+00:00,XRP,1.0642,,,consenso
2026-08-01T01:05:26+00:00,DOGE,0.07009,,,binance
2026-08-01T01:05:26+00:00,BNB,589.26,,,binance
2026-08-01T01:05:55+00:00,BTC,62897.0,,,coingecko
2026-08-01T01:05:55+00:00,ETH,1864.52,,,coingecko
2026-08-01T01:05:55+00:00,SOL,73.01,,,coingecko
2026-08-01T01:05:55+00:00,XRP,1.063,,,coingecko
2026-08-01T01:05:55+00:00,DOGE,0.069987,,,coingecko
2026-08-01T01:05:55+00:00,BNB,588.57,,,coingecko
2026-08-01T01:05:55+00:00,ADA,0.16917,,,coingecko
2026-08-01T01:05:55+00:00,LINK,8.18,,,coingecko
2026-08-01T01:05:55+00:00,AVAX,6.39,,,coingecko
2026-08-01T01:05:55+00:00,DOT,0.75893,,,coingecko
2026-08-01T01:05:55+00:00,MATIC,0.126156,,,coingecko
2026-08-01T01:05:55+00:00,LTC,44.22,,,coingecko
2026-08-01T01:06:57+00:00,BTC,62900.0,,,coingecko
2026-08-01T01:06:57+00:00,ETH,1864.63,,,coingecko
2026-08-01T01:06:57+00:00,SOL,73.01,,,coingecko
2026-08-01T01:06:57+00:00,XRP,1.063,,,coingecko
2026-08-01T01:06:57+00:00,DOGE,0.069995,,,coingecko
2026-08-01T01:06:57+00:00,BNB,588.63,,,coingecko
2026-08-01T01:06:57+00:00,ADA,0.169162,,,coingecko
2026-08-01T01:06:57+00:00,LINK,8.18,,,coingecko
2026-08-01T01:06:57+00:00,AVAX,6.39,,,coingecko
2026-08-01T01:06:57+00:00,DOT,0.759157,,,coingecko
2026-08-01T01:06:57+00:00,MATIC,0.126156,,,coingecko
2026-08-01T01:06:57+00:00,LTC,44.23,,,coingecko
2026-08-01T01:08:02+00:00,BTC,62900.0,,,coingecko
2026-08-01T01:08:02+00:00,ETH,1865.13,,,coingecko
2026-08-01T01:08:02+00:00,SOL,73.01,,,coingecko
2026-08-01T01:08:02+00:00,XRP,1.063,,,coingecko
2026-08-01T01:08:02+00:00,DOGE,0.069973,,,coingecko
2026-08-01T01:08:02+00:00,BNB,588.59,,,coingecko
2026-08-01T01:08:02+00:00,ADA,0.169091,,,coingecko
2026-08-01T01:08:02+00:00,LINK,8.18,,,coingecko
2026-08-01T01:08:02+00:00,AVAX,6.39,,,coingecko
2026-08-01T01:08:02+00:00,DOT,0.759198,,,coingecko
2026-08-01T01:08:02+00:00,MATIC,0.126156,,,coingecko
2026-08-01T01:08:02+00:00,LTC,44.22,,,coingecko
2026-08-01T01:09:06+00:00,BTC,62901.0,,,coingecko
2026-08-01T01:09:06+00:00,ETH,1865.17,,,coingecko
2026-08-01T01:09:06+00:00,SOL,73.01,,,coingecko
2026-08-01T01:09:06+00:00,XRP,1.063,,,coingecko
2026-08-01T01:09:06+00:00,DOGE,0.07001,,,coingecko
2026-08-01T01:09:06+00:00,BNB,588.61,,,coingecko
2026-08-01T01:09:06+00:00,ADA,0.169108,,,coingecko
2026-08-01T01:09:06+00:00,LINK,8.18,,,coingecko
2026-08-01T01:09:06+00:00,AVAX,6.39,,,coingecko
2026-08-01T01:09:06+00:00,DOT,0.75916,,,coingecko
2026-08-01T01:09:06+00:00,MATIC,0.126156,,,coingecko
2026-08-01T01:09:06+00:00,LTC,44.23,,,coingecko
2026-08-01T01:10:09+00:00,BTC,62895.0,,,coingecko
2026-08-01T01:10:09+00:00,ETH,1864.81,,,coingecko
2026-08-01T01:10:09+00:00,SOL,72.99,,,coingecko
2026-08-01T01:10:09+00:00,XRP,1.063,,,coingecko
2026-08-01T01:10:09+00:00,DOGE,0.069961,,,coingecko
2026-08-01T01:10:09+00:00,BNB,588.55,,,coingecko
2026-08-01T01:10:09+00:00,ADA,0.169091,,,coingecko
2026-08-01T01:10:09+00:00,LINK,8.18,,,coingecko
2026-08-01T01:10:09+00:00,AVAX,6.39,,,coingecko
2026-08-01T01:10:09+00:00,DOT,0.759129,,,coingecko
2026-08-01T01:10:09+00:00,MATIC,0.126156,,,coingecko
2026-08-01T01:10:09+00:00,LTC,44.24,,,coingecko
2026-08-01T01:11:14+00:00,BTC,62902.0,,,coingecko
2026-08-01T01:11:14+00:00,ETH,1865.02,,,coingecko
2026-08-01T01:11:14+00:00,SOL,72.99,,,coingecko
2026-08-01T01:11:14+00:00,XRP,1.063,,,coingecko
2026-08-01T01:11:14+00:00,DOGE,0.069986,,,coingecko
2026-08-01T01:11:14+00:00,BNB,588.54,,,coingecko
2026-08-01T01:11:14+00:00,ADA,0.169245,,,coingecko
2026-08-01T01:11:14+00:00,LINK,8.18,,,coingecko
2026-08-01T01:11:14+00:00,AVAX,6.39,,,coingecko
2026-08-01T01:11:14+00:00,DOT,0.759582,,,coingecko
2026-08-01T01:11:14+00:00,MATIC,0.126156,,,coingecko
2026-08-01T01:11:14+00:00,LTC,44.24,,,coingecko
2026-08-01T01:11:12+00:00,BTC,62888.385,,,consenso
2026-08-01T01:11:12+00:00,ETH,1864.515,,,consenso
2026-08-01T01:11:12+00:00,SOL,72.98,,,consenso
2026-08-01T01:11:12+00:00,XRP,1.06305,,,consenso
2026-08-01T01:11:12+00:00,DOGE,0.07011,,,binance
2026-08-01T01:11:12+00:00,BNB,589.1,,,binance
2026-08-01T01:12:19+00:00,BTC,62888.385,,,consenso
2026-08-01T01:12:19+00:00,ETH,1864.515,,,consenso
2026-08-01T01:12:19+00:00,SOL,73.07,,,consenso
2026-08-01T01:12:19+00:00,XRP,1.0648,,,consenso
2026-08-01T01:12:19+00:00,DOGE,0.07008,,,binance
2026-08-01T01:12:19+00:00,BNB,589.09,,,binance
2026-08-01T01:13:53+00:00,BTC,62888.385,,,consenso
2026-08-01T01:13:53+00:00,ETH,1864.515,,,consenso
2026-08-01T01:13:53+00:00,SOL,73.08,,,consenso
2026-08-01T01:13:53+00:00,XRP,1.0647,,,consenso
2026-08-01T01:13:53+00:00,DOGE,0.07013,,,binance
2026-08-01T01:13:53+00:00,BNB,589.01,,,binance
2026-08-01T01:14:33+00:00,BTC,62909.0,,,coingecko
2026-08-01T01:14:33+00:00,ETH,1864.73,,,coingecko
2026-08-01T01:14:33+00:00,SOL,73.0,,,coingecko
2026-08-01T01:14:33+00:00,XRP,1.064,,,coingecko
2026-08-01T01:14:33+00:00,DOGE,0.070038,,,coingecko
2026-08-01T01:14:33+00:00,BNB,588.55,,,coingecko
2026-08-01T01:14:33+00:00,ADA,0.169399,,,coingecko
2026-08-01T01:14:33+00:00,LINK,8.18,,,coingecko
2026-08-01T01:14:33+00:00,AVAX,6.39,,,coingecko
2026-08-01T01:14:33+00:00,DOT,0.759314,,,coingecko
2026-08-01T01:14:33+00:00,MATIC,0.126156,,,coingecko
2026-08-01T01:14:33+00:00,LTC,44.23,,,coingecko
2026-08-01T01:15:38+00:00,BTC,62910.0,,,coingecko
2026-08-01T01:15:38+00:00,ETH,1864.63,,,coingecko
2026-08-01T01:15:38+00:00,SOL,73.01,,,coingecko
2026-08-01T01:15:38+00:00,XRP,1.063,,,coingecko
2026-08-01T01:15:38+00:00,DOGE,0.070038,,,coingecko
2026-08-01T01:15:38+00:00,BNB,588.48,,,coingecko
2026-08-01T01:15:38+00:00,ADA,0.169286,,,coingecko
2026-08-01T01:15:38+00:00,LINK,8.18,,,coingecko
2026-08-01T01:15:38+00:00,AVAX,6.39,,,coingecko
2026-08-01T01:15:38+00:00,DOT,0.759175,,,coingecko
2026-08-01T01:15:38+00:00,MATIC,0.126156,,,coingecko
2026-08-01T01:15:38+00:00,LTC,44.25,,,coingecko
2026-08-01T01:16:41+00:00,BTC,62911.0,,,coingecko
2026-08-01T01:16:41+00:00,ETH,1864.73,,,coingecko
2026-08-01T01:16:41+00:00,SOL,73.02,,,coingecko
2026-08-01T01:16:41+00:00,XRP,1.063,,,coingecko
2026-08-01T01:16:41+00:00,DOGE,0.070042,,,coingecko
2026-08-01T01:16:41+00:00,BNB,588.58,,,coingecko
2026-08-01T01:16:41+00:00,ADA,0.169342,,,coingecko
2026-08-01T01:16:41+00:00,LINK,8.18,,,coingecko
2026-08-01T01:16:41+00:00,AVAX,6.39,,,coingecko
2026-08-01T01:16:41+00:00,DOT,0.759399,,,coingecko
2026-08-01T01:16:41+00:00,MATIC,0.126156,,,coingecko
2026-08-01T01:16:41+00:00,LTC,44.24,,,coingecko
2026-08-01T01:17:45+00:00,BTC,62919.0,,,coingecko
2026-08-01T01:17:45+00:00,ETH,1864.78,,,coingecko
2026-08-01T01:17:45+00:00,SOL,73.03,,,coingecko
2026-08-01T01:17:45+00:00,XRP,1.064,,,coingecko
2026-08-01T01:17:45+00:00,DOGE,0.070033,,,coingecko
2026-08-01T01:17:45+00:00,BNB,588.5,,,coingecko
2026-08-01T01:17:45+00:00,ADA,0.169318,,,coingecko
2026-08-01T01:17:45+00:00,LINK,8.18,,,coingecko
2026-08-01T01:17:45+00:00,AVAX,6.39,,,coingecko
2026-08-01T01:17:45+00:00,DOT,0.759815,,,coingecko
2026-08-01T01:17:45+00:00,MATIC,0.126156,,,coingecko
2026-08-01T01:17:45+00:00,LTC,44.25,,,coingecko
2026-08-01T01:18:49+00:00,BTC,62914.0,,,coingecko
2026-08-01T01:18:49+00:00,ETH,1864.77,,,coingecko
2026-08-01T01:18:49+00:00,SOL,73.04,,,coingecko
2026-08-01T01:18:49+00:00,XRP,1.064,,,coingecko
2026-08-01T01:18:49+00:00,DOGE,0.070051,,,coingecko
2026-08-01T01:18:49+00:00,BNB,588.45,,,coingecko
2026-08-01T01:18:49+00:00,ADA,0.169229,,,coingecko
2026-08-01T01:18:49+00:00,LINK,8.19,,,coingecko
2026-08-01T01:18:49+00:00,AVAX,6.39,,,coingecko
2026-08-01T01:18:49+00:00,DOT,0.75984,,,coingecko
2026-08-01T01:18:49+00:00,MATIC,0.126156,,,coingecko
2026-08-01T01:18:49+00:00,LTC,44.25,,,coingecko
2026-08-01T01:19:52+00:00,BTC,62916.0,,,coingecko
2026-08-01T01:19:52+00:00,ETH,1864.75,,,coingecko
2026-08-01T01:19:52+00:00,SOL,73.05,,,coingecko
2026-08-01T01:19:52+00:00,XRP,1.064,,,coingecko
2026-08-01T01:19:52+00:00,DOGE,0.070039,,,coingecko
2026-08-01T01:19:52+00:00,BNB,588.46,,,coingecko
2026-08-01T01:19:52+00:00,ADA,0.169217,,,coingecko
2026-08-01T01:19:52+00:00,LINK,8.19,,,coingecko
2026-08-01T01:19:52+00:00,AVAX,6.39,,,coingecko
2026-08-01T01:19:52+00:00,DOT,0.759842,,,coingecko
2026-08-01T01:19:52+00:00,MATIC,0.126156,,,coingecko
2026-08-01T01:19:52+00:00,LTC,44.25,,,coingecko
2026-08-01T01:20:25+00:00,BTC,62892.475,,,consenso
2026-08-01T01:20:25+00:00,ETH,1863.895,,,consenso
2026-08-01T01:20:25+00:00,SOL,73.015,,,consenso
2026-08-01T01:20:25+00:00,XRP,1.06326,,,consenso
2026-08-01T01:20:25+00:00,DOGE,0.07005,,,binance
2026-08-01T01:20:25+00:00,BNB,588.53,,,binance
2026-08-01T01:20:57+00:00,BTC,62909.0,,,coingecko
2026-08-01T01:20:57+00:00,ETH,1863.96,,,coingecko
2026-08-01T01:20:57+00:00,SOL,73.03,,,coingecko
2026-08-01T01:20:57+00:00,XRP,1.063,,,coingecko
2026-08-01T01:20:57+00:00,DOGE,0.069974,,,coingecko
2026-08-01T01:20:57+00:00,BNB,588.27,,,coingecko
2026-08-01T01:20:57+00:00,ADA,0.169063,,,coingecko
2026-08-01T01:20:57+00:00,LINK,8.18,,,coingecko
2026-08-01T01:20:57+00:00,AVAX,6.39,,,coingecko
2026-08-01T01:20:57+00:00,DOT,0.76,,,coingecko
2026-08-01T01:20:57+00:00,MATIC,0.126156,,,coingecko
2026-08-01T01:20:57+00:00,LTC,44.22,,,coingecko
2026-08-01T01:21:13+00:00,BTC,62892.475,,,consenso
2026-08-01T01:21:13+00:00,ETH,1863.895,,,consenso
2026-08-01T01:21:13+00:00,SOL,73.09,,,consenso
2026-08-01T01:21:13+00:00,XRP,1.0644,,,consenso
2026-08-01T01:21:13+00:00,DOGE,0.07009,,,binance
2026-08-01T01:21:13+00:00,BNB,588.54,,,binance
2026-08-01T01:21:55+00:00,BTC,62892.475,,,consenso
2026-08-01T01:21:55+00:00,ETH,1863.895,,,consenso
2026-08-01T01:21:55+00:00,SOL,73.09,,,consenso
2026-08-01T01:21:55+00:00,XRP,1.0646,,,consenso
2026-08-01T01:21:55+00:00,DOGE,0.07009,,,binance
2026-08-01T01:21:55+00:00,BNB,588.55,,,binance
2026-08-01T01:21:59+00:00,BTC,62900.0,,,coingecko
2026-08-01T01:21:59+00:00,ETH,1864.12,,,coingecko
2026-08-01T01:21:59+00:00,SOL,73.02,,,coingecko
2026-08-01T01:21:59+00:00,XRP,1.063,,,coingecko
2026-08-01T01:21:59+00:00,DOGE,0.069989,,,coingecko
2026-08-01T01:21:59+00:00,BNB,588.07,,,coingecko
2026-08-01T01:21:59+00:00,ADA,0.169086,,,coingecko
2026-08-01T01:21:59+00:00,LINK,8.18,,,coingecko
2026-08-01T01:21:59+00:00,AVAX,6.39,,,coingecko
2026-08-01T01:21:59+00:00,DOT,0.760098,,,coingecko
2026-08-01T01:21:59+00:00,MATIC,0.126156,,,coingecko
2026-08-01T01:21:59+00:00,LTC,44.23,,,coingecko
2026-08-01T01:23:02+00:00,BTC,62902.0,,,coingecko
2026-08-01T01:23:02+00:00,ETH,1864.57,,,coingecko
2026-08-01T01:23:02+00:00,SOL,73.02,,,coingecko
2026-08-01T01:23:02+00:00,XRP,1.063,,,coingecko
2026-08-01T01:23:02+00:00,DOGE,0.070028,,,coingecko
2026-08-01T01:23:02+00:00,BNB,588.05,,,coingecko
2026-08-01T01:23:02+00:00,ADA,0.169074,,,coingecko
2026-08-01T01:23:02+00:00,LINK,8.18,,,coingecko
2026-08-01T01:23:02+00:00,AVAX,6.39,,,coingecko
2026-08-01T01:23:02+00:00,DOT,0.760108,,,coingecko
2026-08-01T01:23:02+00:00,MATIC,0.126156,,,coingecko
2026-08-01T01:23:02+00:00,LTC,44.23,,,coingecko
2026-08-01T01:24:05+00:00,BTC,62901.0,,,coingecko
2026-08-01T01:24:05+00:00,ETH,1864.36,,,coingecko
2026-08-01T01:24:05+00:00,SOL,73.03,,,coingecko
2026-08-01T01:24:05+00:00,XRP,1.063,,,coingecko
2026-08-01T01:24:05+00:00,DOGE,0.070026,,,coingecko
2026-08-01T01:24:05+00:00,BNB,588.18,,,coingecko
2026-08-01T01:24:05+00:00,ADA,0.169087,,,coingecko
2026-08-01T01:24:05+00:00,LINK,8.18,,,coingecko
2026-08-01T01:24:05+00:00,AVAX,6.39,,,coingecko
2026-08-01T01:24:05+00:00,DOT,0.760021,,,coingecko
2026-08-01T01:24:05+00:00,MATIC,0.126156,,,coingecko
2026-08-01T01:24:05+00:00,LTC,44.23,,,coingecko
2026-08-01T01:26:51+00:00,BTC,62893.0,,,coingecko
2026-08-01T01:26:51+00:00,ETH,1864.45,,,coingecko
2026-08-01T01:26:51+00:00,SOL,73.02,,,coingecko
2026-08-01T01:26:51+00:00,XRP,1.063,,,coingecko
2026-08-01T01:26:51+00:00,DOGE,0.070033,,,coingecko
2026-08-01T01:26:51+00:00,BNB,587.95,,,coingecko
2026-08-01T01:26:51+00:00,ADA,0.16904,,,coingecko
2026-08-01T01:26:51+00:00,LINK,8.18,,,coingecko
2026-08-01T01:26:51+00:00,AVAX,6.39,,,coingecko
2026-08-01T01:26:51+00:00,DOT,0.760859,,,coingecko
2026-08-01T01:26:51+00:00,MATIC,0.126156,,,coingecko
2026-08-01T01:26:51+00:00,LTC,44.23,,,coingecko
2026-08-01T01:27:56+00:00,BTC,62896.0,,,coingecko
2026-08-01T01:27:56+00:00,ETH,1864.72,,,coingecko
2026-08-01T01:27:56+00:00,SOL,73.02,,,coingecko
2026-08-01T01:27:56+00:00,XRP,1.063,,,coingecko
2026-08-01T01:27:56+00:00,DOGE,0.070025,,,coingecko
2026-08-01T01:27:56+00:00,BNB,588.05,,,coingecko
2026-08-01T01:27:56+00:00,ADA,0.169043,,,coingecko
2026-08-01T01:27:56+00:00,LINK,8.18,,,coingecko
2026-08-01T01:27:56+00:00,AVAX,6.39,,,coingecko
2026-08-01T01:27:56+00:00,DOT,0.760909,,,coingecko
2026-08-01T01:27:56+00:00,MATIC,0.126156,,,coingecko
2026-08-01T01:27:56+00:00,LTC,44.24,,,coingecko
2026-08-01T01:27:57+00:00,BTC,62860.015,,,consenso
2026-08-01T01:27:57+00:00,ETH,1863.735,,,consenso
2026-08-01T01:27:57+00:00,SOL,72.99,,,consenso
2026-08-01T01:27:57+00:00,XRP,1.06318,,,consenso
2026-08-01T01:27:57+00:00,DOGE,0.07005,,,binance
2026-08-01T01:27:57+00:00,BNB,588.41,,,binance
2026-08-01T01:28:46+00:00,BTC,62860.015,,,consenso
2026-08-01T01:28:46+00:00,ETH,1863.735,,,consenso
2026-08-01T01:28:46+00:00,SOL,73.05,,,consenso
2026-08-01T01:28:46+00:00,XRP,1.0642,,,consenso
2026-08-01T01:28:46+00:00,DOGE,0.07006,,,binance
2026-08-01T01:28:46+00:00,BNB,588.42,,,binance
2026-08-01T01:28:58+00:00,BTC,62876.0,,,coingecko
2026-08-01T01:28:58+00:00,ETH,1863.91,,,coingecko
2026-08-01T01:28:58+00:00,SOL,72.99,,,coingecko
2026-08-01T01:28:58+00:00,XRP,1.063,,,coingecko
2026-08-01T01:28:58+00:00,DOGE,0.069999,,,coingecko
2026-08-01T01:28:58+00:00,BNB,587.97,,,coingecko
2026-08-01T01:28:58+00:00,ADA,0.168966,,,coingecko
2026-08-01T01:28:58+00:00,LINK,8.18,,,coingecko
2026-08-01T01:28:58+00:00,AVAX,6.39,,,coingecko
2026-08-01T01:28:58+00:00,DOT,0.760903,,,coingecko
2026-08-01T01:28:58+00:00,MATIC,0.126156,,,coingecko
2026-08-01T01:28:58+00:00,LTC,44.22,,,coingecko
2026-08-01T01:29:30+00:00,BTC,62860.015,,,consenso
2026-08-01T01:29:30+00:00,ETH,1863.735,,,consenso
2026-08-01T01:29:30+00:00,SOL,73.05,,,consenso
2026-08-01T01:29:30+00:00,XRP,1.0643,,,consenso
2026-08-01T01:29:30+00:00,DOGE,0.07009,,,binance
2026-08-01T01:29:30+00:00,BNB,588.31,,,binance
2026-08-01T01:30:01+00:00,BTC,62876.0,,,coingecko
2026-08-01T01:30:01+00:00,ETH,1863.96,,,coingecko
2026-08-01T01:30:01+00:00,SOL,72.99,,,coingecko
2026-08-01T01:30:01+00:00,XRP,1.063,,,coingecko
2026-08-01T01:30:01+00:00,DOGE,0.069999,,,coingecko
2026-08-01T01:30:01+00:00,BNB,587.9,,,coingecko
2026-08-01T01:30:01+00:00,ADA,0.168946,,,coingecko
2026-08-01T01:30:01+00:00,LINK,8.18,,,coingecko
2026-08-01T01:30:01+00:00,AVAX,6.39,,,coingecko
2026-08-01T01:30:01+00:00,DOT,0.7608,,,coingecko
2026-08-01T01:30:01+00:00,MATIC,0.126156,,,coingecko
2026-08-01T01:30:01+00:00,LTC,44.23,,,coingecko
2026-08-01T01:31:05+00:00,BTC,62873.0,,,coingecko
2026-08-01T01:31:05+00:00,ETH,1864.1,,,coingecko
2026-08-01T01:31:05+00:00,SOL,72.99,,,coingecko
2026-08-01T01:31:05+00:00,XRP,1.063,,,coingecko
2026-08-01T01:31:05+00:00,DOGE,0.070026,,,coingecko
2026-08-01T01:31:05+00:00,BNB,587.91,,,coingecko
2026-08-01T01:31:05+00:00,ADA,0.168929,,,coingecko
2026-08-01T01:31:05+00:00,LINK,8.18,,,coingecko
2026-08-01T01:31:05+00:00,AVAX,6.39,,,coingecko
2026-08-01T01:31:05+00:00,DOT,0.760864,,,coingecko
2026-08-01T01:31:05+00:00,MATIC,0.126156,,,coingecko
2026-08-01T01:31:05+00:00,LTC,44.22,,,coingecko
2026-08-01T01:32:08+00:00,BTC,62882.0,,,coingecko
2026-08-01T01:32:08+00:00,ETH,1864.09,,,coingecko
2026-08-01T01:32:08+00:00,SOL,73.0,,,coingecko
2026-08-01T01:32:08+00:00,XRP,1.064,,,coingecko
2026-08-01T01:32:08+00:00,DOGE,0.070086,,,coingecko
2026-08-01T01:32:08+00:00,BNB,587.94,,,coingecko
2026-08-01T01:32:08+00:00,ADA,0.169048,,,coingecko
2026-08-01T01:32:08+00:00,LINK,8.18,,,coingecko
2026-08-01T01:32:08+00:00,AVAX,6.4,,,coingecko
2026-08-01T01:32:08+00:00,DOT,0.761003,,,coingecko
2026-08-01T01:32:08+00:00,MATIC,0.126156,,,coingecko
2026-08-01T01:32:08+00:00,LTC,44.22,,,coingecko
2026-08-01T01:33:14+00:00,BTC,62881.0,,,coingecko
2026-08-01T01:33:14+00:00,ETH,1864.35,,,coingecko
2026-08-01T01:33:14+00:00,SOL,73.0,,,coingecko
2026-08-01T01:33:14+00:00,XRP,1.064,,,coingecko
2026-08-01T01:33:14+00:00,DOGE,0.070096,,,coingecko
2026-08-01T01:33:14+00:00,BNB,588.02,,,coingecko
2026-08-01T01:33:14+00:00,ADA,0.169115,,,coingecko
2026-08-01T01:33:14+00:00,LINK,8.18,,,coingecko
2026-08-01T01:33:14+00:00,AVAX,6.4,,,coingecko
2026-08-01T01:33:14+00:00,DOT,0.761055,,,coingecko
2026-08-01T01:33:14+00:00,MATIC,0.126156,,,coingecko
2026-08-01T01:33:14+00:00,LTC,44.23,,,coingecko
2026-08-01T01:34:16+00:00,BTC,62885.0,,,coingecko
2026-08-01T01:34:16+00:00,ETH,1864.66,,,coingecko
2026-08-01T01:34:16+00:00,SOL,73.0,,,coingecko
2026-08-01T01:34:16+00:00,XRP,1.064,,,coingecko
2026-08-01T01:34:16+00:00,DOGE,0.07009,,,coingecko
2026-08-01T01:34:16+00:00,BNB,588.06,,,coingecko
2026-08-01T01:34:16+00:00,ADA,0.169154,,,coingecko
2026-08-01T01:34:16+00:00,LINK,8.19,,,coingecko
2026-08-01T01:34:16+00:00,AVAX,6.4,,,coingecko
2026-08-01T01:34:16+00:00,DOT,0.761083,,,coingecko
2026-08-01T01:34:16+00:00,MATIC,0.126156,,,coingecko
2026-08-01T01:34:16+00:00,LTC,44.24,,,coingecko
2026-08-01T01:34:58+00:00,BTC,62862.565,,,consenso
2026-08-01T01:34:58+00:00,ETH,1864.245,,,consenso
2026-08-01T01:34:58+00:00,SOL,72.975,,,consenso
2026-08-01T01:34:58+00:00,XRP,1.06384,,,consenso
2026-08-01T01:34:58+00:00,DOGE,0.07012,,,binance
2026-08-01T01:34:58+00:00,BNB,588.4,,,binance
2026-08-01T01:35:20+00:00,BTC,62886.0,,,coingecko
2026-08-01T01:35:20+00:00,ETH,1864.29,,,coingecko
2026-08-01T01:35:20+00:00,SOL,72.98,,,coingecko
2026-08-01T01:35:20+00:00,XRP,1.064,,,coingecko
2026-08-01T01:35:20+00:00,DOGE,0.07009,,,coingecko
2026-08-01T01:35:20+00:00,BNB,587.95,,,coingecko
2026-08-01T01:35:20+00:00,ADA,0.169229,,,coingecko
2026-08-01T01:35:20+00:00,LINK,8.19,,,coingecko
2026-08-01T01:35:20+00:00,AVAX,6.4,,,coingecko
2026-08-01T01:35:20+00:00,DOT,0.761118,,,coingecko
2026-08-01T01:35:20+00:00,MATIC,0.126156,,,coingecko
2026-08-01T01:35:20+00:00,LTC,44.24,,,coingecko
2026-08-01T01:35:47+00:00,BTC,62862.565,,,consenso
2026-08-01T01:35:47+00:00,ETH,1864.245,,,consenso
2026-08-01T01:35:47+00:00,SOL,73.04,,,consenso
2026-08-01T01:35:47+00:00,XRP,1.0649,,,consenso
2026-08-01T01:35:47+00:00,DOGE,0.07014,,,binance
2026-08-01T01:35:47+00:00,BNB,588.4,,,binance
2026-08-01T01:36:23+00:00,BTC,62875.0,,,coingecko
2026-08-01T01:36:23+00:00,ETH,1864.22,,,coingecko
2026-08-01T01:36:23+00:00,SOL,72.98,,,coingecko
2026-08-01T01:36:23+00:00,XRP,1.064,,,coingecko
2026-08-01T01:36:23+00:00,DOGE,0.070061,,,coingecko
2026-08-01T01:36:23+00:00,BNB,587.89,,,coingecko
2026-08-01T01:36:23+00:00,ADA,0.16907,,,coingecko
2026-08-01T01:36:23+00:00,LINK,8.18,,,coingecko
2026-08-01T01:36:23+00:00,AVAX,6.4,,,coingecko
2026-08-01T01:36:23+00:00,DOT,0.761101,,,coingecko
2026-08-01T01:36:23+00:00,MATIC,0.126156,,,coingecko
2026-08-01T01:36:23+00:00,LTC,44.23,,,coingecko
2026-08-01T01:36:28+00:00,BTC,62862.565,,,consenso
2026-08-01T01:36:28+00:00,ETH,1864.245,,,consenso
2026-08-01T01:36:28+00:00,SOL,73.05,,,consenso
2026-08-01T01:36:28+00:00,XRP,1.0648,,,consenso
2026-08-01T01:36:28+00:00,DOGE,0.07012,,,binance
2026-08-01T01:36:28+00:00,BNB,588.55,,,binance
2026-08-01T01:39:11+00:00,BTC,62882.0,,,coingecko
2026-08-01T01:39:11+00:00,ETH,1864.37,,,coingecko
2026-08-01T01:39:11+00:00,SOL,73.0,,,coingecko
2026-08-01T01:39:11+00:00,XRP,1.064,,,coingecko
2026-08-01T01:39:11+00:00,DOGE,0.070061,,,coingecko
2026-08-01T01:39:11+00:00,BNB,588.07,,,coingecko
2026-08-01T01:39:11+00:00,ADA,0.16898,,,coingecko
2026-08-01T01:39:11+00:00,LINK,8.18,,,coingecko
2026-08-01T01:39:11+00:00,AVAX,6.4,,,coingecko
2026-08-01T01:39:11+00:00,DOT,0.761096,,,coingecko
2026-08-01T01:39:11+00:00,MATIC,0.126156,,,coingecko
2026-08-01T01:39:11+00:00,LTC,44.24,,,coingecko
2026-08-01T01:40:16+00:00,BTC,62890.0,,,coingecko
2026-08-01T01:40:16+00:00,ETH,1864.69,,,coingecko
2026-08-01T01:40:16+00:00,SOL,73.01,,,coingecko
2026-08-01T01:40:16+00:00,XRP,1.064,,,coingecko
2026-08-01T01:40:16+00:00,DOGE,0.070058,,,coingecko
2026-08-01T01:40:16+00:00,BNB,588.19,,,coingecko
2026-08-01T01:40:16+00:00,ADA,0.168989,,,coingecko
2026-08-01T01:40:16+00:00,LINK,8.19,,,coingecko
2026-08-01T01:40:16+00:00,AVAX,6.4,,,coingecko
2026-08-01T01:40:16+00:00,DOT,0.761501,,,coingecko
2026-08-01T01:40:16+00:00,MATIC,0.126156,,,coingecko
2026-08-01T01:40:16+00:00,LTC,44.24,,,coingecko
2026-08-01T01:41:20+00:00,BTC,62891.0,,,coingecko
2026-08-01T01:41:20+00:00,ETH,1864.73,,,coingecko
2026-08-01T01:41:20+00:00,SOL,73.01,,,coingecko
2026-08-01T01:41:20+00:00,XRP,1.064,,,coingecko
2026-08-01T01:41:20+00:00,DOGE,0.070062,,,coingecko
2026-08-01T01:41:20+00:00,BNB,588.19,,,coingecko
2026-08-01T01:41:20+00:00,ADA,0.168991,,,coingecko
2026-08-01T01:41:20+00:00,LINK,8.19,,,coingecko
2026-08-01T01:41:20+00:00,AVAX,6.4,,,coingecko
2026-08-01T01:41:20+00:00,DOT,0.761503,,,coingecko
2026-08-01T01:41:20+00:00,MATIC,0.126156,,,coingecko
2026-08-01T01:41:20+00:00,LTC,44.25,,,coingecko
2026-08-01T01:42:24+00:00,BTC,62903.0,,,coingecko
2026-08-01T01:42:24+00:00,ETH,1864.94,,,coingecko
2026-08-01T01:42:24+00:00,SOL,73.01,,,coingecko
2026-08-01T01:42:24+00:00,XRP,1.064,,,coingecko
2026-08-01T01:42:24+00:00,DOGE,0.070072,,,coingecko
2026-08-01T01:42:24+00:00,BNB,588.28,,,coingecko
2026-08-01T01:42:24+00:00,ADA,0.169,,,coingecko
2026-08-01T01:42:24+00:00,LINK,8.19,,,coingecko
2026-08-01T01:42:24+00:00,AVAX,6.4,,,coingecko
2026-08-01T01:42:24+00:00,DOT,0.761576,,,coingecko
2026-08-01T01:42:24+00:00,MATIC,0.126156,,,coingecko
2026-08-01T01:42:24+00:00,LTC,44.26,,,coingecko
2026-08-01T01:42:34+00:00,BTC,62912.595,,,consenso
2026-08-01T01:42:34+00:00,ETH,1865.115,,,consenso
2026-08-01T01:42:34+00:00,SOL,73.01,,,consenso
2026-08-01T01:42:34+00:00,XRP,1.06384,,,consenso
2026-08-01T01:42:34+00:00,DOGE,0.07013,,,binance
2026-08-01T01:42:34+00:00,BNB,588.77,,,binance
2026-08-01T01:43:25+00:00,BTC,62912.595,,,consenso
2026-08-01T01:43:25+00:00,ETH,1865.115,,,consenso
2026-08-01T01:43:25+00:00,SOL,73.05,,,consenso
2026-08-01T01:43:25+00:00,XRP,1.0649,,,consenso
2026-08-01T01:43:25+00:00,DOGE,0.07012,,,binance
2026-08-01T01:43:25+00:00,BNB,588.76,,,binance
2026-08-01T01:43:28+00:00,BTC,62917.0,,,coingecko
2026-08-01T01:43:28+00:00,ETH,1865.15,,,coingecko
2026-08-01T01:43:28+00:00,SOL,73.01,,,coingecko
2026-08-01T01:43:28+00:00,XRP,1.064,,,coingecko
2026-08-01T01:43:28+00:00,DOGE,0.070077,,,coingecko
2026-08-01T01:43:28+00:00,BNB,588.27,,,coingecko
2026-08-01T01:43:28+00:00,ADA,0.168914,,,coingecko
2026-08-01T01:43:28+00:00,LINK,8.19,,,coingecko
2026-08-01T01:43:28+00:00,AVAX,6.41,,,coingecko
2026-08-01T01:43:28+00:00,DOT,0.761922,,,coingecko
2026-08-01T01:43:28+00:00,MATIC,0.126156,,,coingecko
2026-08-01T01:43:28+00:00,LTC,44.27,,,coingecko
2026-08-01T01:44:07+00:00,BTC,62912.595,,,consenso
2026-08-01T01:44:07+00:00,ETH,1865.115,,,consenso
2026-08-01T01:44:07+00:00,SOL,73.06,,,consenso
2026-08-01T01:44:07+00:00,XRP,1.0649,,,consenso
2026-08-01T01:44:07+00:00,DOGE,0.07012,,,binance
2026-08-01T01:44:07+00:00,BNB,588.84,,,binance
2026-08-01T01:44:30+00:00,BTC,62919.0,,,coingecko
2026-08-01T01:44:30+00:00,ETH,1865.02,,,coingecko
2026-08-01T01:44:30+00:00,SOL,72.99,,,coingecko
2026-08-01T01:44:30+00:00,XRP,1.064,,,coingecko
2026-08-01T01:44:30+00:00,DOGE,0.070069,,,coingecko
2026-08-01T01:44:30+00:00,BNB,588.2,,,coingecko
2026-08-01T01:44:30+00:00,ADA,0.16884,,,coingecko
2026-08-01T01:44:30+00:00,LINK,8.19,,,coingecko
2026-08-01T01:44:30+00:00,AVAX,6.41,,,coingecko
2026-08-01T01:44:30+00:00,DOT,0.761794,,,coingecko
2026-08-01T01:44:30+00:00,MATIC,0.126156,,,coingecko
2026-08-01T01:44:30+00:00,LTC,44.28,,,coingecko
2026-08-01T01:45:35+00:00,BTC,62914.0,,,coingecko
2026-08-01T01:45:35+00:00,ETH,1864.8,,,coingecko
2026-08-01T01:45:35+00:00,SOL,72.99,,,coingecko
2026-08-01T01:45:35+00:00,XRP,1.064,,,coingecko
2026-08-01T01:45:35+00:00,DOGE,0.070056,,,coingecko
2026-08-01T01:45:35+00:00,BNB,588.26,,,coingecko
2026-08-01T01:45:35+00:00,ADA,0.168766,,,coingecko
2026-08-01T01:45:35+00:00,LINK,8.19,,,coingecko
2026-08-01T01:45:35+00:00,AVAX,6.41,,,coingecko
2026-08-01T01:45:35+00:00,DOT,0.76166,,,coingecko
2026-08-01T01:45:35+00:00,MATIC,0.126156,,,coingecko
2026-08-01T01:45:35+00:00,LTC,44.28,,,coingecko
2026-08-01T01:46:38+00:00,BTC,62913.0,,,coingecko
2026-08-01T01:46:38+00:00,ETH,1864.78,,,coingecko
2026-08-01T01:46:38+00:00,SOL,72.99,,,coingecko
2026-08-01T01:46:38+00:00,XRP,1.064,,,coingecko
2026-08-01T01:46:38+00:00,DOGE,0.070056,,,coingecko
2026-08-01T01:46:38+00:00,BNB,588.28,,,coingecko
2026-08-01T01:46:38+00:00,ADA,0.168756,,,coingecko
2026-08-01T01:46:38+00:00,LINK,8.19,,,coingecko
2026-08-01T01:46:38+00:00,AVAX,6.41,,,coingecko
2026-08-01T01:46:38+00:00,DOT,0.761594,,,coingecko
2026-08-01T01:46:38+00:00,MATIC,0.126156,,,coingecko
2026-08-01T01:46:38+00:00,LTC,44.27,,,coingecko
2026-08-01T01:47:40+00:00,BTC,62914.0,,,coingecko
2026-08-01T01:47:40+00:00,ETH,1864.91,,,coingecko
2026-08-01T01:47:40+00:00,SOL,72.98,,,coingecko
2026-08-01T01:47:40+00:00,XRP,1.064,,,coingecko
2026-08-01T01:47:40+00:00,DOGE,0.070042,,,coingecko
2026-08-01T01:47:40+00:00,BNB,588.36,,,coingecko
2026-08-01T01:47:40+00:00,ADA,0.168729,,,coingecko
2026-08-01T01:47:40+00:00,LINK,8.19,,,coingecko
2026-08-01T01:47:40+00:00,AVAX,6.41,,,coingecko
2026-08-01T01:47:40+00:00,DOT,0.761621,,,coingecko
2026-08-01T01:47:40+00:00,MATIC,0.126156,,,coingecko
2026-08-01T01:47:40+00:00,LTC,44.27,,,coingecko
2026-08-01T01:48:44+00:00,BTC,62915.0,,,coingecko
2026-08-01T01:48:44+00:00,ETH,1864.98,,,coingecko
2026-08-01T01:48:44+00:00,SOL,72.97,,,coingecko
2026-08-01T01:48:44+00:00,XRP,1.064,,,coingecko
2026-08-01T01:48:44+00:00,DOGE,0.070039,,,coingecko
2026-08-01T01:48:44+00:00,BNB,588.38,,,coingecko
2026-08-01T01:48:44+00:00,ADA,0.16872,,,coingecko
2026-08-01T01:48:44+00:00,LINK,8.19,,,coingecko
2026-08-01T01:48:44+00:00,AVAX,6.41,,,coingecko
2026-08-01T01:48:44+00:00,DOT,0.761822,,,coingecko
2026-08-01T01:48:44+00:00,MATIC,0.126156,,,coingecko
2026-08-01T01:48:44+00:00,LTC,44.26,,,coingecko
2026-08-01T01:49:16+00:00,BTC,62914.155,,,consenso
2026-08-01T01:49:16+00:00,ETH,1865.595,,,consenso
2026-08-01T01:49:16+00:00,SOL,72.99,,,consenso
2026-08-01T01:49:16+00:00,XRP,1.06415,,,consenso
2026-08-01T01:49:16+00:00,DOGE,0.07013,,,binance
2026-08-01T01:49:16+00:00,BNB,588.81,,,binance
2026-08-01T01:50:04+00:00,BTC,62914.155,,,consenso
2026-08-01T01:50:04+00:00,ETH,1865.595,,,consenso
2026-08-01T01:50:04+00:00,SOL,73.03,,,consenso
2026-08-01T01:50:04+00:00,XRP,1.0649,,,consenso
2026-08-01T01:50:04+00:00,DOGE,0.0701,,,binance
2026-08-01T01:50:04+00:00,BNB,588.81,,,binance
2026-08-01T01:51:12+00:00,BTC,62914.155,,,consenso
2026-08-01T01:51:12+00:00,ETH,1865.595,,,consenso
2026-08-01T01:51:12+00:00,SOL,72.99,,,consenso
2026-08-01T01:51:12+00:00,XRP,1.0644,,,consenso
2026-08-01T01:51:12+00:00,DOGE,0.07007,,,binance
2026-08-01T01:51:12+00:00,BNB,588.8,,,binance
2026-08-01T01:51:43+00:00,BTC,62908.0,,,coingecko
2026-08-01T01:51:43+00:00,ETH,1864.81,,,coingecko
2026-08-01T01:51:43+00:00,SOL,72.96,,,coingecko
2026-08-01T01:51:43+00:00,XRP,1.064,,,coingecko
2026-08-01T01:51:43+00:00,DOGE,0.070057,,,coingecko
2026-08-01T01:51:43+00:00,BNB,588.27,,,coingecko
2026-08-01T01:51:43+00:00,ADA,0.168698,,,coingecko
2026-08-01T01:51:43+00:00,LINK,8.19,,,coingecko
2026-08-01T01:51:43+00:00,AVAX,6.4,,,coingecko
2026-08-01T01:51:43+00:00,DOT,0.761887,,,coingecko
2026-08-01T01:51:43+00:00,MATIC,0.126156,,,coingecko
2026-08-01T01:51:43+00:00,LTC,44.23,,,coingecko
2026-08-01T01:52:48+00:00,BTC,62893.0,,,coingecko
2026-08-01T01:52:48+00:00,ETH,1864.12,,,coingecko
2026-08-01T01:52:48+00:00,SOL,72.93,,,coingecko
2026-08-01T01:52:48+00:00,XRP,1.063,,,coingecko
2026-08-01T01:52:48+00:00,DOGE,0.069995,,,coingecko
2026-08-01T01:52:48+00:00,BNB,588.23,,,coingecko
2026-08-01T01:52:48+00:00,ADA,0.168619,,,coingecko
2026-08-01T01:52:48+00:00,LINK,8.19,,,coingecko
2026-08-01T01:52:48+00:00,AVAX,6.4,,,coingecko
2026-08-01T01:52:48+00:00,DOT,0.76118,,,coingecko
2026-08-01T01:52:48+00:00,MATIC,0.126156,,,coingecko
2026-08-01T01:52:48+00:00,LTC,44.22,,,coingecko
2026-08-01T01:53:51+00:00,BTC,62894.0,,,coingecko
2026-08-01T01:53:51+00:00,ETH,1864.08,,,coingecko
2026-08-01T01:53:51+00:00,SOL,72.93,,,coingecko
2026-08-01T01:53:51+00:00,XRP,1.064,,,coingecko
2026-08-01T01:53:51+00:00,DOGE,0.069997,,,coingecko
2026-08-01T01:53:51+00:00,BNB,588.44,,,coingecko
2026-08-01T01:53:51+00:00,ADA,0.168636,,,coingecko
2026-08-01T01:53:51+00:00,LINK,8.19,,,coingecko
2026-08-01T01:53:51+00:00,AVAX,6.4,,,coingecko
2026-08-01T01:53:51+00:00,DOT,0.761677,,,coingecko
2026-08-01T01:53:51+00:00,MATIC,0.126156,,,coingecko
2026-08-01T01:53:51+00:00,LTC,44.21,,,coingecko
2026-08-01T01:54:53+00:00,BTC,62908.0,,,coingecko
2026-08-01T01:54:53+00:00,ETH,1864.55,,,coingecko
2026-08-01T01:54:53+00:00,SOL,72.97,,,coingecko
2026-08-01T01:54:53+00:00,XRP,1.064,,,coingecko
2026-08-01T01:54:53+00:00,DOGE,0.070026,,,coingecko
2026-08-01T01:54:53+00:00,BNB,588.77,,,coingecko
2026-08-01T01:54:53+00:00,ADA,0.168959,,,coingecko
2026-08-01T01:54:53+00:00,LINK,8.19,,,coingecko
2026-08-01T01:54:53+00:00,AVAX,6.4,,,coingecko
2026-08-01T01:54:53+00:00,DOT,0.761752,,,coingecko
2026-08-01T01:54:53+00:00,MATIC,0.126156,,,coingecko
2026-08-01T01:54:53+00:00,LTC,44.23,,,coingecko
2026-08-01T01:55:56+00:00,BTC,62909.0,,,coingecko
2026-08-01T01:55:56+00:00,ETH,1864.75,,,coingecko
2026-08-01T01:55:56+00:00,SOL,72.95,,,coingecko
2026-08-01T01:55:56+00:00,XRP,1.064,,,coingecko
2026-08-01T01:55:56+00:00,DOGE,0.070032,,,coingecko
2026-08-01T01:55:56+00:00,BNB,589.05,,,coingecko
2026-08-01T01:55:56+00:00,ADA,0.168895,,,coingecko
2026-08-01T01:55:56+00:00,LINK,8.19,,,coingecko
2026-08-01T01:55:56+00:00,AVAX,6.4,,,coingecko
2026-08-01T01:55:56+00:00,DOT,0.761812,,,coingecko
2026-08-01T01:55:56+00:00,MATIC,0.126156,,,coingecko
2026-08-01T01:55:56+00:00,LTC,44.23,,,coingecko
2026-08-01T01:56:30+00:00,BTC,62892.765,,,consenso
2026-08-01T01:56:30+00:00,ETH,1864.565,,,consenso
2026-08-01T01:56:30+00:00,SOL,72.94,,,consenso
2026-08-01T01:56:30+00:00,XRP,1.06373,,,consenso
2026-08-01T01:56:30+00:00,DOGE,0.07012,,,binance
2026-08-01T01:56:30+00:00,BNB,589.94,,,binance
2026-08-01T01:56:59+00:00,BTC,62906.0,,,coingecko
2026-08-01T01:56:59+00:00,ETH,1864.75,,,coingecko
2026-08-01T01:56:59+00:00,SOL,72.97,,,coingecko
2026-08-01T01:56:59+00:00,XRP,1.064,,,coingecko
2026-08-01T01:56:59+00:00,DOGE,0.07008,,,coingecko
2026-08-01T01:56:59+00:00,BNB,589.16,,,coingecko
2026-08-01T01:56:59+00:00,ADA,0.169062,,,coingecko
2026-08-01T01:56:59+00:00,LINK,8.19,,,coingecko
2026-08-01T01:56:59+00:00,AVAX,6.4,,,coingecko
2026-08-01T01:56:59+00:00,DOT,0.761872,,,coingecko
2026-08-01T01:56:59+00:00,MATIC,0.126156,,,coingecko
2026-08-01T01:56:59+00:00,LTC,44.22,,,coingecko
2026-08-01T01:57:17+00:00,BTC,62892.765,,,consenso
2026-08-01T01:57:17+00:00,ETH,1864.565,,,consenso
2026-08-01T01:57:17+00:00,SOL,73.01,,,consenso
2026-08-01T01:57:17+00:00,XRP,1.0648,,,consenso
2026-08-01T01:57:17+00:00,DOGE,0.07012,,,binance
2026-08-01T01:57:17+00:00,BNB,589.95,,,binance
2026-08-01T01:58:04+00:00,BTC,62899.0,,,coingecko
2026-08-01T01:58:04+00:00,ETH,1864.33,,,coingecko
2026-08-01T01:58:04+00:00,SOL,72.94,,,coingecko
2026-08-01T01:58:04+00:00,XRP,1.064,,,coingecko
2026-08-01T01:58:04+00:00,DOGE,0.070054,,,coingecko
2026-08-01T01:58:04+00:00,BNB,589.26,,,coingecko
2026-08-01T01:58:04+00:00,ADA,0.16898,,,coingecko
2026-08-01T01:58:04+00:00,LINK,8.19,,,coingecko
2026-08-01T01:58:04+00:00,AVAX,6.4,,,coingecko
2026-08-01T01:58:04+00:00,DOT,0.762001,,,coingecko
2026-08-01T01:58:04+00:00,MATIC,0.126156,,,coingecko
2026-08-01T01:58:04+00:00,LTC,44.22,,,coingecko
2026-08-01T01:58:03+00:00,BTC,62892.765,,,consenso
2026-08-01T01:58:03+00:00,ETH,1864.565,,,consenso
2026-08-01T01:58:03+00:00,SOL,73.0,,,consenso
2026-08-01T01:58:03+00:00,XRP,1.0647,,,consenso
2026-08-01T01:58:03+00:00,DOGE,0.07014,,,binance
2026-08-01T01:58:03+00:00,BNB,589.99,,,binance
2026-08-01T01:59:07+00:00,BTC,62899.0,,,coingecko
2026-08-01T01:59:07+00:00,ETH,1864.4,,,coingecko
2026-08-01T01:59:07+00:00,SOL,72.94,,,coingecko
2026-08-01T01:59:07+00:00,XRP,1.064,,,coingecko
2026-08-01T01:59:07+00:00,DOGE,0.070048,,,coingecko
2026-08-01T01:59:07+00:00,BNB,589.35,,,coingecko
2026-08-01T01:59:07+00:00,ADA,0.169075,,,coingecko
2026-08-01T01:59:07+00:00,LINK,8.19,,,coingecko
2026-08-01T01:59:07+00:00,AVAX,6.4,,,coingecko
2026-08-01T01:59:07+00:00,DOT,0.762088,,,coingecko
2026-08-01T01:59:07+00:00,MATIC,0.126156,,,coingecko
2026-08-01T01:59:07+00:00,LTC,44.21,,,coingecko
2026-08-01T02:00:10+00:00,BTC,62900.0,,,coingecko
2026-08-01T02:00:10+00:00,ETH,1864.39,,,coingecko
2026-08-01T02:00:10+00:00,SOL,72.95,,,coingecko
2026-08-01T02:00:10+00:00,XRP,1.064,,,coingecko
2026-08-01T02:00:10+00:00,DOGE,0.070059,,,coingecko
2026-08-01T02:00:10+00:00,BNB,589.38,,,coingecko
2026-08-01T02:00:10+00:00,ADA,0.169109,,,coingecko
2026-08-01T02:00:10+00:00,LINK,8.19,,,coingecko
2026-08-01T02:00:10+00:00,AVAX,6.4,,,coingecko
2026-08-01T02:00:10+00:00,DOT,0.762044,,,coingecko
2026-08-01T02:00:10+00:00,MATIC,0.126156,,,coingecko
2026-08-01T02:00:10+00:00,LTC,44.22,,,coingecko
2026-08-01T02:01:15+00:00,BTC,62908.0,,,coingecko
2026-08-01T02:01:15+00:00,ETH,1864.68,,,coingecko
2026-08-01T02:01:15+00:00,SOL,72.95,,,coingecko
2026-08-01T02:01:15+00:00,XRP,1.064,,,coingecko
2026-08-01T02:01:15+00:00,DOGE,0.070059,,,coingecko
2026-08-01T02:01:15+00:00,BNB,589.39,,,coingecko
2026-08-01T02:01:15+00:00,ADA,0.169311,,,coingecko
2026-08-01T02:01:15+00:00,LINK,8.2,,,coingecko
2026-08-01T02:01:15+00:00,AVAX,6.41,,,coingecko
2026-08-01T02:01:15+00:00,DOT,0.762094,,,coingecko
2026-08-01T02:01:15+00:00,MATIC,0.126156,,,coingecko
2026-08-01T02:01:15+00:00,LTC,44.23,,,coingecko
2026-08-01T02:03:34+00:00,BTC,62920.305,,,consenso
2026-08-01T02:03:34+00:00,ETH,1865.685,,,consenso
2026-08-01T02:03:34+00:00,SOL,72.99,,,consenso
2026-08-01T02:03:34+00:00,XRP,1.0643,,,consenso
2026-08-01T02:03:34+00:00,DOGE,0.07015,,,binance
2026-08-01T02:03:34+00:00,BNB,590.19,,,binance
2026-08-01T02:04:35+00:00,BTC,62931.0,,,coingecko
2026-08-01T02:04:35+00:00,ETH,1865.47,,,coingecko
2026-08-01T02:04:35+00:00,SOL,72.99,,,coingecko
2026-08-01T02:04:35+00:00,XRP,1.064,,,coingecko
2026-08-01T02:04:35+00:00,DOGE,0.070084,,,coingecko
2026-08-01T02:04:35+00:00,BNB,589.38,,,coingecko
2026-08-01T02:04:35+00:00,ADA,0.169649,,,coingecko
2026-08-01T02:04:35+00:00,LINK,8.21,,,coingecko
2026-08-01T02:04:35+00:00,AVAX,6.41,,,coingecko
2026-08-01T02:04:35+00:00,DOT,0.761986,,,coingecko
2026-08-01T02:04:35+00:00,MATIC,0.126156,,,coingecko
2026-08-01T02:04:35+00:00,LTC,44.23,,,coingecko
2026-08-01T02:04:43+00:00,BTC,62920.305,,,consenso
2026-08-01T02:04:43+00:00,ETH,1865.685,,,consenso
2026-08-01T02:04:43+00:00,SOL,73.05,,,consenso
2026-08-01T02:04:43+00:00,XRP,1.0656,,,consenso
2026-08-01T02:04:43+00:00,DOGE,0.07014,,,binance
2026-08-01T02:04:43+00:00,BNB,590.3,,,binance
2026-08-01T02:05:24+00:00,BTC,62920.305,,,consenso
2026-08-01T02:05:24+00:00,ETH,1865.685,,,consenso
2026-08-01T02:05:24+00:00,SOL,73.06,,,consenso
2026-08-01T02:05:24+00:00,XRP,1.0657,,,consenso
2026-08-01T02:05:24+00:00,DOGE,0.07014,,,binance
2026-08-01T02:05:24+00:00,BNB,590.16,,,binance
2026-08-01T02:05:40+00:00,BTC,62930.0,,,coingecko
2026-08-01T02:05:40+00:00,ETH,1865.54,,,coingecko
2026-08-01T02:05:40+00:00,SOL,72.98,,,coingecko
2026-08-01T02:05:40+00:00,XRP,1.064,,,coingecko
2026-08-01T02:05:40+00:00,DOGE,0.070077,,,coingecko
2026-08-01T02:05:40+00:00,BNB,589.55,,,coingecko
2026-08-01T02:05:40+00:00,ADA,0.169734,,,coingecko
2026-08-01T02:05:40+00:00,LINK,8.22,,,coingecko
2026-08-01T02:05:40+00:00,AVAX,6.41,,,coingecko
2026-08-01T02:05:40+00:00,DOT,0.762116,,,coingecko
2026-08-01T02:05:40+00:00,MATIC,0.126156,,,coingecko
2026-08-01T02:05:40+00:00,LTC,44.23,,,coingecko
2026-08-01T02:06:42+00:00,BTC,62932.0,,,coingecko
2026-08-01T02:06:42+00:00,ETH,1865.64,,,coingecko
2026-08-01T02:06:42+00:00,SOL,72.99,,,coingecko
2026-08-01T02:06:42+00:00,XRP,1.064,,,coingecko
2026-08-01T02:06:42+00:00,DOGE,0.070079,,,coingecko
2026-08-01T02:06:42+00:00,BNB,589.65,,,coingecko
2026-08-01T02:06:42+00:00,ADA,0.169727,,,coingecko
2026-08-01T02:06:42+00:00,LINK,8.22,,,coingecko
2026-08-01T02:06:42+00:00,AVAX,6.41,,,coingecko
2026-08-01T02:06:42+00:00,DOT,0.761849,,,coingecko
2026-08-01T02:06:42+00:00,MATIC,0.126156,,,coingecko
2026-08-01T02:06:42+00:00,LTC,44.23,,,coingecko
2026-08-01T02:07:45+00:00,BTC,62931.0,,,coingecko
2026-08-01T02:07:45+00:00,ETH,1865.69,,,coingecko
2026-08-01T02:07:45+00:00,SOL,72.97,,,coingecko
2026-08-01T02:07:45+00:00,XRP,1.064,,,coingecko
2026-08-01T02:07:45+00:00,DOGE,0.070086,,,coingecko
2026-08-01T02:07:45+00:00,BNB,589.43,,,coingecko
2026-08-01T02:07:45+00:00,ADA,0.169701,,,coingecko
2026-08-01T02:07:45+00:00,LINK,8.22,,,coingecko
2026-08-01T02:07:45+00:00,AVAX,6.41,,,coingecko
2026-08-01T02:07:45+00:00,DOT,0.761897,,,coingecko
2026-08-01T02:07:45+00:00,MATIC,0.126156,,,coingecko
2026-08-01T02:07:45+00:00,LTC,44.24,,,coingecko
2026-08-01T02:08:47+00:00,BTC,62930.0,,,coingecko
2026-08-01T02:08:47+00:00,ETH,1865.61,,,coingecko
2026-08-01T02:08:47+00:00,SOL,72.97,,,coingecko
2026-08-01T02:08:47+00:00,XRP,1.064,,,coingecko
2026-08-01T02:08:47+00:00,DOGE,0.070079,,,coingecko
2026-08-01T02:08:47+00:00,BNB,589.28,,,coingecko
2026-08-01T02:08:47+00:00,ADA,0.169743,,,coingecko
2026-08-01T02:08:47+00:00,LINK,8.22,,,coingecko
2026-08-01T02:08:47+00:00,AVAX,6.41,,,coingecko
2026-08-01T02:08:47+00:00,DOT,0.76176,,,coingecko
2026-08-01T02:08:47+00:00,MATIC,0.126156,,,coingecko
2026-08-01T02:08:47+00:00,LTC,44.25,,,coingecko
2026-08-01T02:09:51+00:00,BTC,62930.0,,,coingecko
2026-08-01T02:09:51+00:00,ETH,1865.55,,,coingecko
2026-08-01T02:09:51+00:00,SOL,72.97,,,coingecko
2026-08-01T02:09:51+00:00,XRP,1.065,,,coingecko
2026-08-01T02:09:51+00:00,DOGE,0.070069,,,coingecko
2026-08-01T02:09:51+00:00,BNB,589.33,,,coingecko
2026-08-01T02:09:51+00:00,ADA,0.169759,,,coingecko
2026-08-01T02:09:51+00:00,LINK,8.21,,,coingecko
2026-08-01T02:09:51+00:00,AVAX,6.41,,,coingecko
2026-08-01T02:09:51+00:00,DOT,0.761718,,,coingecko
2026-08-01T02:09:51+00:00,MATIC,0.126156,,,coingecko
2026-08-01T02:09:51+00:00,LTC,44.25,,,coingecko
2026-08-01T02:10:57+00:00,BTC,62928.0,,,coingecko
2026-08-01T02:10:57+00:00,ETH,1865.16,,,coingecko
2026-08-01T02:10:57+00:00,SOL,72.95,,,coingecko
2026-08-01T02:10:57+00:00,XRP,1.065,,,coingecko
2026-08-01T02:10:57+00:00,DOGE,0.070036,,,coingecko
2026-08-01T02:10:57+00:00,BNB,589.1,,,coingecko
2026-08-01T02:10:57+00:00,ADA,0.169944,,,coingecko
2026-08-01T02:10:57+00:00,LINK,8.21,,,coingecko
2026-08-01T02:10:57+00:00,AVAX,6.41,,,coingecko
2026-08-01T02:10:57+00:00,DOT,0.761808,,,coingecko
2026-08-01T02:10:57+00:00,MATIC,0.126156,,,coingecko
2026-08-01T02:10:57+00:00,LTC,44.25,,,coingecko
2026-08-01T02:11:39+00:00,BTC,62919.115,,,consenso
2026-08-01T02:11:39+00:00,ETH,1865.285,,,consenso
2026-08-01T02:11:39+00:00,SOL,73.015,,,consenso
2026-08-01T02:11:39+00:00,XRP,1.06481,,,consenso
2026-08-01T02:11:39+00:00,DOGE,0.07012,,,binance
2026-08-01T02:11:39+00:00,BNB,589.58,,,binance
2026-08-01T02:12:03+00:00,BTC,62927.0,,,coingecko
2026-08-01T02:12:03+00:00,ETH,1865.16,,,coingecko
2026-08-01T02:12:03+00:00,SOL,72.98,,,coingecko
2026-08-01T02:12:03+00:00,XRP,1.065,,,coingecko
2026-08-01T02:12:03+00:00,DOGE,0.070041,,,coingecko
2026-08-01T02:12:03+00:00,BNB,589.07,,,coingecko
2026-08-01T02:12:03+00:00,ADA,0.169962,,,coingecko
2026-08-01T02:12:03+00:00,LINK,8.21,,,coingecko
2026-08-01T02:12:03+00:00,AVAX,6.41,,,coingecko
2026-08-01T02:12:03+00:00,DOT,0.761796,,,coingecko
2026-08-01T02:12:03+00:00,MATIC,0.126156,,,coingecko
2026-08-01T02:12:03+00:00,LTC,44.25,,,coingecko
2026-08-01T02:12:44+00:00,BTC,62919.115,,,consenso
2026-08-01T02:12:44+00:00,ETH,1865.285,,,consenso
2026-08-01T02:12:44+00:00,SOL,73.04,,,consenso
2026-08-01T02:12:44+00:00,XRP,1.0654,,,consenso
2026-08-01T02:12:44+00:00,DOGE,0.07013,,,binance
2026-08-01T02:12:44+00:00,BNB,589.5,,,binance
2026-08-01T02:13:06+00:00,BTC,62927.0,,,coingecko
2026-08-01T02:13:06+00:00,ETH,1865.27,,,coingecko
2026-08-01T02:13:06+00:00,SOL,73.0,,,coingecko
2026-08-01T02:13:06+00:00,XRP,1.065,,,coingecko
2026-08-01T02:13:06+00:00,DOGE,0.070052,,,coingecko
2026-08-01T02:13:06+00:00,BNB,589.08,,,coingecko
2026-08-01T02:13:06+00:00,ADA,0.169918,,,coingecko
2026-08-01T02:13:06+00:00,LINK,8.22,,,coingecko
2026-08-01T02:13:06+00:00,AVAX,6.41,,,coingecko
2026-08-01T02:13:06+00:00,DOT,0.762024,,,coingecko
2026-08-01T02:13:06+00:00,MATIC,0.126156,,,coingecko
2026-08-01T02:13:06+00:00,LTC,44.25,,,coingecko
2026-08-01T02:13:49+00:00,BTC,62919.115,,,consenso
2026-08-01T02:13:49+00:00,ETH,1865.285,,,consenso
2026-08-01T02:13:49+00:00,SOL,73.11,,,consenso
2026-08-01T02:13:49+00:00,XRP,1.0662,,,consenso
2026-08-01T02:13:49+00:00,DOGE,0.07018,,,binance
2026-08-01T02:13:49+00:00,BNB,589.58,,,binance
2026-08-01T02:14:11+00:00,BTC,62927.0,,,coingecko
2026-08-01T02:14:11+00:00,ETH,1865.15,,,coingecko
2026-08-01T02:14:11+00:00,SOL,72.98,,,coingecko
2026-08-01T02:14:11+00:00,XRP,1.064,,,coingecko
2026-08-01T02:14:11+00:00,DOGE,0.070055,,,coingecko
2026-08-01T02:14:11+00:00,BNB,588.97,,,coingecko
2026-08-01T02:14:11+00:00,ADA,0.169815,,,coingecko
2026-08-01T02:14:11+00:00,LINK,8.22,,,coingecko
2026-08-01T02:14:11+00:00,AVAX,6.41,,,coingecko
2026-08-01T02:14:11+00:00,DOT,0.762804,,,coingecko
2026-08-01T02:14:11+00:00,MATIC,0.126156,,,coingecko
2026-08-01T02:14:11+00:00,LTC,44.26,,,coingecko
2026-08-01T02:17:56+00:00,BTC,62983.0,,,coingecko
2026-08-01T02:17:56+00:00,ETH,1866.44,,,coingecko
2026-08-01T02:17:56+00:00,SOL,73.0,,,coingecko
2026-08-01T02:17:56+00:00,XRP,1.065,,,coingecko
2026-08-01T02:17:56+00:00,DOGE,0.070108,,,coingecko
2026-08-01T02:17:56+00:00,BNB,589.24,,,coingecko
2026-08-01T02:17:56+00:00,ADA,0.170219,,,coingecko
2026-08-01T02:17:56+00:00,LINK,8.22,,,coingecko
2026-08-01T02:17:56+00:00,AVAX,6.41,,,coingecko
2026-08-01T02:17:56+00:00,DOT,0.764003,,,coingecko
2026-08-01T02:17:56+00:00,MATIC,0.126156,,,coingecko
2026-08-01T02:17:56+00:00,LTC,44.29,,,coingecko
2026-08-01T02:19:01+00:00,BTC,62975.0,,,coingecko
2026-08-01T02:19:01+00:00,ETH,1866.17,,,coingecko
2026-08-01T02:19:01+00:00,SOL,72.99,,,coingecko
2026-08-01T02:19:01+00:00,XRP,1.065,,,coingecko
2026-08-01T02:19:01+00:00,DOGE,0.070113,,,coingecko
2026-08-01T02:19:01+00:00,BNB,589.25,,,coingecko
2026-08-01T02:19:01+00:00,ADA,0.170044,,,coingecko
2026-08-01T02:19:01+00:00,LINK,8.23,,,coingecko
2026-08-01T02:19:01+00:00,AVAX,6.41,,,coingecko
2026-08-01T02:19:01+00:00,DOT,0.764004,,,coingecko
2026-08-01T02:19:01+00:00,MATIC,0.126156,,,coingecko
2026-08-01T02:19:01+00:00,LTC,44.32,,,coingecko
2026-08-01T02:20:04+00:00,BTC,62975.0,,,coingecko
2026-08-01T02:20:04+00:00,ETH,1866.45,,,coingecko
2026-08-01T02:20:04+00:00,SOL,73.0,,,coingecko
2026-08-01T02:20:04+00:00,XRP,1.065,,,coingecko
2026-08-01T02:20:04+00:00,DOGE,0.070113,,,coingecko
2026-08-01T02:20:04+00:00,BNB,589.3,,,coingecko
2026-08-01T02:20:04+00:00,ADA,0.170165,,,coingecko
2026-08-01T02:20:04+00:00,LINK,8.23,,,coingecko
2026-08-01T02:20:04+00:00,AVAX,6.41,,,coingecko
2026-08-01T02:20:04+00:00,DOT,0.763969,,,coingecko
2026-08-01T02:20:04+00:00,MATIC,0.126156,,,coingecko
2026-08-01T02:20:04+00:00,LTC,44.33,,,coingecko
2026-08-01T02:21:08+00:00,BTC,62981.0,,,coingecko
2026-08-01T02:21:08+00:00,ETH,1866.65,,,coingecko
2026-08-01T02:21:08+00:00,SOL,73.0,,,coingecko
2026-08-01T02:21:08+00:00,XRP,1.065,,,coingecko
2026-08-01T02:21:08+00:00,DOGE,0.070145,,,coingecko
2026-08-01T02:21:08+00:00,BNB,589.33,,,coingecko
2026-08-01T02:21:08+00:00,ADA,0.170164,,,coingecko
2026-08-01T02:21:08+00:00,LINK,8.23,,,coingecko
2026-08-01T02:21:08+00:00,AVAX,6.41,,,coingecko
2026-08-01T02:21:08+00:00,DOT,0.763923,,,coingecko
2026-08-01T02:21:08+00:00,MATIC,0.126156,,,coingecko
2026-08-01T02:21:08+00:00,LTC,44.33,,,coingecko
2026-08-01T02:21:40+00:00,BTC,63000.025,,,consenso
2026-08-01T02:21:40+00:00,ETH,1867.905,,,consenso
2026-08-01T02:21:40+00:00,SOL,73.06,,,consenso
2026-08-01T02:21:40+00:00,XRP,1.0656,,,consenso
2026-08-01T02:21:40+00:00,DOGE,0.07024,,,binance
2026-08-01T02:21:40+00:00,BNB,590.49,,,binance
2026-08-01T02:22:12+00:00,BTC,62995.0,,,coingecko
2026-08-01T02:22:12+00:00,ETH,1867.2,,,coingecko
2026-08-01T02:22:12+00:00,SOL,73.03,,,coingecko
2026-08-01T02:22:12+00:00,XRP,1.065,,,coingecko
2026-08-01T02:22:12+00:00,DOGE,0.070155,,,coingecko
2026-08-01T02:22:12+00:00,BNB,589.51,,,coingecko
2026-08-01T02:22:12+00:00,ADA,0.170066,,,coingecko
2026-08-01T02:22:12+00:00,LINK,8.23,,,coingecko
2026-08-01T02:22:12+00:00,AVAX,6.41,,,coingecko
2026-08-01T02:22:12+00:00,DOT,0.763668,,,coingecko
2026-08-01T02:22:12+00:00,MATIC,0.126156,,,coingecko
2026-08-01T02:22:12+00:00,LTC,44.37,,,coingecko
2026-08-01T02:22:38+00:00,BTC,63000.025,,,consenso
2026-08-01T02:22:38+00:00,ETH,1867.905,,,consenso
2026-08-01T02:22:38+00:00,SOL,73.12,,,consenso
2026-08-01T02:22:38+00:00,XRP,1.0667,,,consenso
2026-08-01T02:22:38+00:00,DOGE,0.07023,,,binance
2026-08-01T02:22:38+00:00,BNB,590.53,,,binance
2026-08-01T02:23:15+00:00,BTC,63011.0,,,coingecko
2026-08-01T02:23:15+00:00,ETH,1867.81,,,coingecko
2026-08-01T02:23:15+00:00,SOL,73.05,,,coingecko
2026-08-01T02:23:15+00:00,XRP,1.065,,,coingecko
2026-08-01T02:23:15+00:00,DOGE,0.070176,,,coingecko
2026-08-01T02:23:15+00:00,BNB,589.8,,,coingecko
2026-08-01T02:23:15+00:00,ADA,0.170047,,,coingecko
2026-08-01T02:23:15+00:00,LINK,8.23,,,coingecko
2026-08-01T02:23:15+00:00,AVAX,6.41,,,coingecko
2026-08-01T02:23:15+00:00,DOT,0.763819,,,coingecko
2026-08-01T02:23:15+00:00,MATIC,0.126156,,,coingecko
2026-08-01T02:23:15+00:00,LTC,44.42,,,coingecko
2026-08-01T02:23:26+00:00,BTC,63000.025,,,consenso
2026-08-01T02:23:26+00:00,ETH,1867.905,,,consenso
2026-08-01T02:23:26+00:00,SOL,73.15,,,consenso
2026-08-01T02:23:26+00:00,XRP,1.0667,,,consenso
2026-08-01T02:23:26+00:00,DOGE,0.07023,,,binance
2026-08-01T02:23:26+00:00,BNB,590.68,,,binance
2026-08-01T02:24:20+00:00,BTC,63016.0,,,coingecko
2026-08-01T02:24:20+00:00,ETH,1867.85,,,coingecko
2026-08-01T02:24:20+00:00,SOL,73.07,,,coingecko
2026-08-01T02:24:20+00:00,XRP,1.065,,,coingecko
2026-08-01T02:24:20+00:00,DOGE,0.070157,,,coingecko
2026-08-01T02:24:20+00:00,BNB,589.91,,,coingecko
2026-08-01T02:24:20+00:00,ADA,0.170127,,,coingecko
2026-08-01T02:24:20+00:00,LINK,8.24,,,coingecko
2026-08-01T02:24:20+00:00,AVAX,6.41,,,coingecko
2026-08-01T02:24:20+00:00,DOT,0.763944,,,coingecko
2026-08-01T02:24:20+00:00,MATIC,0.126156,,,coingecko
2026-08-01T02:24:20+00:00,LTC,44.43,,,coingecko
2026-08-01T02:25:23+00:00,BTC,63018.0,,,coingecko
2026-08-01T02:25:23+00:00,ETH,1867.73,,,coingecko
2026-08-01T02:25:23+00:00,SOL,73.07,,,coingecko
2026-08-01T02:25:23+00:00,XRP,1.065,,,coingecko
2026-08-01T02:25:23+00:00,DOGE,0.07016,,,coingecko
2026-08-01T02:25:23+00:00,BNB,590.0,,,coingecko
2026-08-01T02:25:23+00:00,ADA,0.170155,,,coingecko
2026-08-01T02:25:23+00:00,LINK,8.24,,,coingecko
2026-08-01T02:25:23+00:00,AVAX,6.41,,,coingecko
2026-08-01T02:25:23+00:00,DOT,0.763909,,,coingecko
2026-08-01T02:25:23+00:00,MATIC,0.126156,,,coingecko
2026-08-01T02:25:23+00:00,LTC,44.44,,,coingecko
2026-08-01T02:26:26+00:00,BTC,63012.0,,,coingecko
2026-08-01T02:26:26+00:00,ETH,1867.36,,,coingecko
2026-08-01T02:26:26+00:00,SOL,73.06,,,coingecko
2026-08-01T02:26:26+00:00,XRP,1.065,,,coingecko
2026-08-01T02:26:26+00:00,DOGE,0.070154,,,coingecko
2026-08-01T02:26:26+00:00,BNB,590.01,,,coingecko
2026-08-01T02:26:26+00:00,ADA,0.170104,,,coingecko
2026-08-01T02:26:26+00:00,LINK,8.24,,,coingecko
2026-08-01T02:26:26+00:00,AVAX,6.41,,,coingecko
2026-08-01T02:26:26+00:00,DOT,0.763951,,,coingecko
2026-08-01T02:26:26+00:00,MATIC,0.126156,,,coingecko
2026-08-01T02:26:26+00:00,LTC,44.44,,,coingecko
2026-08-01T02:27:29+00:00,BTC,63001.0,,,coingecko
2026-08-01T02:27:29+00:00,ETH,1867.24,,,coingecko
2026-08-01T02:27:29+00:00,SOL,73.07,,,coingecko
2026-08-01T02:27:29+00:00,XRP,1.065,,,coingecko
2026-08-01T02:27:29+00:00,DOGE,0.070154,,,coingecko
2026-08-01T02:27:29+00:00,BNB,590.01,,,coingecko
2026-08-01T02:27:29+00:00,ADA,0.170096,,,coingecko
2026-08-01T02:27:29+00:00,LINK,8.23,,,coingecko
2026-08-01T02:27:29+00:00,AVAX,6.41,,,coingecko
2026-08-01T02:27:29+00:00,DOT,0.763872,,,coingecko
2026-08-01T02:27:29+00:00,MATIC,0.126156,,,coingecko
2026-08-01T02:27:29+00:00,LTC,44.43,,,coingecko
2026-08-01T02:28:40+00:00,BTC,62998.595,,,consenso
2026-08-01T02:28:40+00:00,ETH,1867.135,,,consenso
2026-08-01T02:28:40+00:00,SOL,73.07,,,consenso
2026-08-01T02:28:40+00:00,XRP,1.06533,,,consenso
2026-08-01T02:28:40+00:00,DOGE,0.07022,,,binance
2026-08-01T02:28:40+00:00,BNB,590.59,,,binance
2026-08-01T02:29:59+00:00,BTC,62998.595,,,consenso
2026-08-01T02:29:59+00:00,ETH,1867.135,,,consenso
2026-08-01T02:29:59+00:00,SOL,73.14,,,consenso
2026-08-01T02:29:59+00:00,XRP,1.0662,,,consenso
2026-08-01T02:29:59+00:00,DOGE,0.07022,,,binance
2026-08-01T02:29:59+00:00,BNB,590.35,,,binance
2026-08-01T02:30:13+00:00,BTC,63008.0,,,coingecko
2026-08-01T02:30:13+00:00,ETH,1867.16,,,coingecko
2026-08-01T02:30:13+00:00,SOL,73.06,,,coingecko
2026-08-01T02:30:13+00:00,XRP,1.065,,,coingecko
2026-08-01T02:30:13+00:00,DOGE,0.070168,,,coingecko
2026-08-01T02:30:13+00:00,BNB,589.97,,,coingecko
2026-08-01T02:30:13+00:00,ADA,0.170073,,,coingecko
2026-08-01T02:30:13+00:00,LINK,8.24,,,coingecko
2026-08-01T02:30:13+00:00,AVAX,6.41,,,coingecko
2026-08-01T02:30:13+00:00,DOT,0.764106,,,coingecko
2026-08-01T02:30:13+00:00,MATIC,0.126156,,,coingecko
2026-08-01T02:30:13+00:00,LTC,44.43,,,coingecko
2026-08-01T02:30:46+00:00,BTC,62998.595,,,consenso
2026-08-01T02:30:46+00:00,ETH,1867.135,,,consenso
2026-08-01T02:30:46+00:00,SOL,73.13,,,consenso
2026-08-01T02:30:46+00:00,XRP,1.0663,,,consenso
2026-08-01T02:30:46+00:00,DOGE,0.07022,,,binance
2026-08-01T02:30:46+00:00,BNB,590.43,,,binance
2026-08-01T02:31:19+00:00,BTC,63009.0,,,coingecko
2026-08-01T02:31:19+00:00,ETH,1867.03,,,coingecko
2026-08-01T02:31:19+00:00,SOL,73.07,,,coingecko
2026-08-01T02:31:19+00:00,XRP,1.065,,,coingecko
2026-08-01T02:31:19+00:00,DOGE,0.070155,,,coingecko
2026-08-01T02:31:19+00:00,BNB,589.8,,,coingecko
2026-08-01T02:31:19+00:00,ADA,0.17002,,,coingecko
2026-08-01T02:31:19+00:00,LINK,8.24,,,coingecko
2026-08-01T02:31:19+00:00,AVAX,6.41,,,coingecko
2026-08-01T02:31:19+00:00,DOT,0.764137,,,coingecko
2026-08-01T02:31:19+00:00,MATIC,0.126156,,,coingecko
2026-08-01T02:31:19+00:00,LTC,44.44,,,coingecko
2026-08-01T02:32:22+00:00,BTC,63007.0,,,coingecko
2026-08-01T02:32:22+00:00,ETH,1867.16,,,coingecko
2026-08-01T02:32:22+00:00,SOL,73.06,,,coingecko
2026-08-01T02:32:22+00:00,XRP,1.065,,,coingecko
2026-08-01T02:32:22+00:00,DOGE,0.070153,,,coingecko
2026-08-01T02:32:22+00:00,BNB,589.9,,,coingecko
2026-08-01T02:32:22+00:00,ADA,0.169949,,,coingecko
2026-08-01T02:32:22+00:00,LINK,8.23,,,coingecko
2026-08-01T02:32:22+00:00,AVAX,6.41,,,coingecko
2026-08-01T02:32:22+00:00,DOT,0.764188,,,coingecko
2026-08-01T02:32:22+00:00,MATIC,0.126156,,,coingecko
2026-08-01T02:32:22+00:00,LTC,44.45,,,coingecko
2026-08-01T02:33:25+00:00,BTC,63008.0,,,coingecko
2026-08-01T02:33:25+00:00,ETH,1866.87,,,coingecko
2026-08-01T02:33:25+00:00,SOL,73.05,,,coingecko
2026-08-01T02:33:25+00:00,XRP,1.065,,,coingecko
2026-08-01T02:33:25+00:00,DOGE,0.070136,,,coingecko
2026-08-01T02:33:25+00:00,BNB,589.84,,,coingecko
2026-08-01T02:33:25+00:00,ADA,0.169844,,,coingecko
2026-08-01T02:33:25+00:00,LINK,8.23,,,coingecko
2026-08-01T02:33:25+00:00,AVAX,6.41,,,coingecko
2026-08-01T02:33:25+00:00,DOT,0.763809,,,coingecko
2026-08-01T02:33:25+00:00,MATIC,0.126156,,,coingecko
2026-08-01T02:33:25+00:00,LTC,44.45,,,coingecko
2026-08-01T02:34:28+00:00,BTC,63014.0,,,coingecko
2026-08-01T02:34:28+00:00,ETH,1867.21,,,coingecko
2026-08-01T02:34:28+00:00,SOL,73.06,,,coingecko
2026-08-01T02:34:28+00:00,XRP,1.065,,,coingecko
2026-08-01T02:34:28+00:00,DOGE,0.070147,,,coingecko
2026-08-01T02:34:28+00:00,BNB,589.86,,,coingecko
2026-08-01T02:34:28+00:00,ADA,0.16995,,,coingecko
2026-08-01T02:34:28+00:00,LINK,8.23,,,coingecko
2026-08-01T02:34:28+00:00,AVAX,6.41,,,coingecko
2026-08-01T02:34:28+00:00,DOT,0.763979,,,coingecko
2026-08-01T02:34:28+00:00,MATIC,0.126156,,,coingecko
2026-08-01T02:34:28+00:00,LTC,44.44,,,coingecko
2026-08-01T02:35:31+00:00,BTC,63018.0,,,coingecko
2026-08-01T02:35:31+00:00,ETH,1867.2,,,coingecko
2026-08-01T02:35:31+00:00,SOL,73.05,,,coingecko
2026-08-01T02:35:31+00:00,XRP,1.065,,,coingecko
2026-08-01T02:35:31+00:00,DOGE,0.070118,,,coingecko
2026-08-01T02:35:31+00:00,BNB,589.88,,,coingecko
2026-08-01T02:35:31+00:00,ADA,0.169904,,,coingecko
2026-08-01T02:35:31+00:00,LINK,8.23,,,coingecko
2026-08-01T02:35:31+00:00,AVAX,6.41,,,coingecko
2026-08-01T02:35:31+00:00,DOT,0.763839,,,coingecko
2026-08-01T02:35:31+00:00,MATIC,0.126156,,,coingecko
2026-08-01T02:35:31+00:00,LTC,44.45,,,coingecko
2026-08-01T02:35:45+00:00,BTC,63014.525,,,consenso
2026-08-01T02:35:45+00:00,ETH,1867.035,,,consenso
2026-08-01T02:35:45+00:00,SOL,73.08,,,consenso
2026-08-01T02:35:45+00:00,XRP,1.0651,,,consenso
2026-08-01T02:35:45+00:00,DOGE,0.07013,,,binance
2026-08-01T02:35:45+00:00,BNB,590.33,,,binance
2026-08-01T02:36:33+00:00,BTC,63014.525,,,consenso
2026-08-01T02:36:33+00:00,ETH,1867.035,,,consenso
2026-08-01T02:36:33+00:00,SOL,73.12,,,consenso
2026-08-01T02:36:33+00:00,XRP,1.0662,,,consenso
2026-08-01T02:36:33+00:00,DOGE,0.07008,,,binance
2026-08-01T02:36:33+00:00,BNB,590.41,,,binance
2026-08-01T02:36:36+00:00,BTC,63016.0,,,coingecko
2026-08-01T02:36:36+00:00,ETH,1867.08,,,coingecko
2026-08-01T02:36:36+00:00,SOL,73.05,,,coingecko
2026-08-01T02:36:36+00:00,XRP,1.065,,,coingecko
2026-08-01T02:36:36+00:00,DOGE,0.070094,,,coingecko
2026-08-01T02:36:36+00:00,BNB,589.84,,,coingecko
2026-08-01T02:36:36+00:00,ADA,0.169909,,,coingecko
2026-08-01T02:36:36+00:00,LINK,8.23,,,coingecko
2026-08-01T02:36:36+00:00,AVAX,6.4,,,coingecko
2026-08-01T02:36:36+00:00,DOT,0.763696,,,coingecko
2026-08-01T02:36:36+00:00,MATIC,0.126156,,,coingecko
2026-08-01T02:36:36+00:00,LTC,44.46,,,coingecko
2026-08-01T02:37:18+00:00,BTC,63014.525,,,consenso
2026-08-01T02:37:18+00:00,ETH,1867.035,,,consenso
2026-08-01T02:37:18+00:00,SOL,73.11,,,consenso
2026-08-01T02:37:18+00:00,XRP,1.0662,,,consenso
2026-08-01T02:37:18+00:00,DOGE,0.07007,,,binance
2026-08-01T02:37:18+00:00,BNB,590.41,,,binance
2026-08-01T02:37:39+00:00,BTC,63033.0,,,coingecko
2026-08-01T02:37:39+00:00,ETH,1866.93,,,coingecko
2026-08-01T02:37:39+00:00,SOL,73.06,,,coingecko
2026-08-01T02:37:39+00:00,XRP,1.065,,,coingecko
2026-08-01T02:37:39+00:00,DOGE,0.070067,,,coingecko
2026-08-01T02:37:39+00:00,BNB,589.77,,,coingecko
2026-08-01T02:37:39+00:00,ADA,0.169892,,,coingecko
2026-08-01T02:37:39+00:00,LINK,8.23,,,coingecko
2026-08-01T02:37:39+00:00,AVAX,6.4,,,coingecko
2026-08-01T02:37:39+00:00,DOT,0.763651,,,coingecko
2026-08-01T02:37:39+00:00,MATIC,0.126156,,,coingecko
2026-08-01T02:37:39+00:00,LTC,44.47,,,coingecko
2026-08-01T02:38:41+00:00,BTC,63033.0,,,coingecko
2026-08-01T02:38:41+00:00,ETH,1866.61,,,coingecko
2026-08-01T02:38:41+00:00,SOL,73.06,,,coingecko
2026-08-01T02:38:41+00:00,XRP,1.065,,,coingecko
2026-08-01T02:38:41+00:00,DOGE,0.070033,,,coingecko
2026-08-01T02:38:41+00:00,BNB,589.79,,,coingecko
2026-08-01T02:38:41+00:00,ADA,0.169958,,,coingecko
2026-08-01T02:38:41+00:00,LINK,8.22,,,coingecko
2026-08-01T02:38:41+00:00,AVAX,6.4,,,coingecko
2026-08-01T02:38:41+00:00,DOT,0.763652,,,coingecko
2026-08-01T02:38:41+00:00,MATIC,0.126156,,,coingecko
2026-08-01T02:38:41+00:00,LTC,44.48,,,coingecko
2026-08-01T02:39:44+00:00,BTC,63029.0,,,coingecko
2026-08-01T02:39:44+00:00,ETH,1866.53,,,coingecko
2026-08-01T02:39:44+00:00,SOL,73.04,,,coingecko
2026-08-01T02:39:44+00:00,XRP,1.065,,,coingecko
2026-08-01T02:39:44+00:00,DOGE,0.069999,,,coingecko
2026-08-01T02:39:44+00:00,BNB,589.8,,,coingecko
2026-08-01T02:39:44+00:00,ADA,0.169956,,,coingecko
2026-08-01T02:39:44+00:00,LINK,8.22,,,coingecko
2026-08-01T02:39:44+00:00,AVAX,6.41,,,coingecko
2026-08-01T02:39:44+00:00,DOT,0.76369,,,coingecko
2026-08-01T02:39:44+00:00,MATIC,0.126156,,,coingecko
2026-08-01T02:39:44+00:00,LTC,44.47,,,coingecko
2026-08-01T02:42:40+00:00,BTC,63020.0,,,coingecko
2026-08-01T02:42:40+00:00,ETH,1866.02,,,coingecko
2026-08-01T02:42:40+00:00,SOL,72.98,,,coingecko
2026-08-01T02:42:40+00:00,XRP,1.064,,,coingecko
2026-08-01T02:42:40+00:00,DOGE,0.06998,,,coingecko
2026-08-01T02:42:40+00:00,BNB,589.77,,,coingecko
2026-08-01T02:42:40+00:00,ADA,0.170034,,,coingecko
2026-08-01T02:42:40+00:00,LINK,8.22,,,coingecko
2026-08-01T02:42:40+00:00,AVAX,6.4,,,coingecko
2026-08-01T02:42:40+00:00,DOT,0.763244,,,coingecko
2026-08-01T02:42:40+00:00,MATIC,0.126156,,,coingecko
2026-08-01T02:42:40+00:00,LTC,44.45,,,coingecko
2026-08-01T02:43:45+00:00,BTC,63019.0,,,coingecko
2026-08-01T02:43:45+00:00,ETH,1866.01,,,coingecko
2026-08-01T02:43:45+00:00,SOL,72.97,,,coingecko
2026-08-01T02:43:45+00:00,XRP,1.064,,,coingecko
2026-08-01T02:43:45+00:00,DOGE,0.069974,,,coingecko
2026-08-01T02:43:45+00:00,BNB,589.8,,,coingecko
2026-08-01T02:43:45+00:00,ADA,0.170051,,,coingecko
2026-08-01T02:43:45+00:00,LINK,8.22,,,coingecko
2026-08-01T02:43:45+00:00,AVAX,6.4,,,coingecko
2026-08-01T02:43:45+00:00,DOT,0.763406,,,coingecko
2026-08-01T02:43:45+00:00,MATIC,0.126156,,,coingecko
2026-08-01T02:43:45+00:00,LTC,44.45,,,coingecko
2026-08-01T02:43:45+00:00,BTC,63010.525,,,consenso
2026-08-01T02:43:45+00:00,ETH,1865.985,,,consenso
2026-08-01T02:43:45+00:00,SOL,72.945,,,consenso
2026-08-01T02:43:45+00:00,XRP,1.06444,,,consenso
2026-08-01T02:43:45+00:00,DOGE,0.07003,,,binance
2026-08-01T02:43:45+00:00,BNB,590.44,,,binance
2026-08-01T02:44:33+00:00,BTC,63010.525,,,consenso
2026-08-01T02:44:33+00:00,ETH,1865.985,,,consenso
2026-08-01T02:44:33+00:00,SOL,73.0,,,consenso
2026-08-01T02:44:33+00:00,XRP,1.0654,,,consenso
2026-08-01T02:44:33+00:00,DOGE,0.07003,,,binance
2026-08-01T02:44:33+00:00,BNB,590.45,,,binance
2026-08-01T02:44:48+00:00,BTC,63018.0,,,coingecko
2026-08-01T02:44:48+00:00,ETH,1865.96,,,coingecko
2026-08-01T02:44:48+00:00,SOL,72.95,,,coingecko
2026-08-01T02:44:48+00:00,XRP,1.064,,,coingecko
2026-08-01T02:44:48+00:00,DOGE,0.069978,,,coingecko
2026-08-01T02:44:48+00:00,BNB,589.81,,,coingecko
2026-08-01T02:44:48+00:00,ADA,0.169959,,,coingecko
2026-08-01T02:44:48+00:00,LINK,8.21,,,coingecko
2026-08-01T02:44:48+00:00,AVAX,6.4,,,coingecko
2026-08-01T02:44:48+00:00,DOT,0.763451,,,coingecko
2026-08-01T02:44:48+00:00,MATIC,0.126156,,,coingecko
2026-08-01T02:44:48+00:00,LTC,44.45,,,coingecko
2026-08-01T02:45:18+00:00,BTC,63010.525,,,consenso
2026-08-01T02:45:18+00:00,ETH,1865.985,,,consenso
2026-08-01T02:45:18+00:00,SOL,73.01,,,consenso
2026-08-01T02:45:18+00:00,XRP,1.0656,,,consenso
2026-08-01T02:45:18+00:00,DOGE,0.07002,,,binance
2026-08-01T02:45:18+00:00,BNB,590.47,,,binance
2026-08-01T02:45:50+00:00,BTC,63017.0,,,coingecko
2026-08-01T02:45:50+00:00,ETH,1865.96,,,coingecko
2026-08-01T02:45:50+00:00,SOL,72.94,,,coingecko
2026-08-01T02:45:50+00:00,XRP,1.064,,,coingecko
2026-08-01T02:45:50+00:00,DOGE,0.069965,,,coingecko
2026-08-01T02:45:50+00:00,BNB,589.83,,,coingecko
2026-08-01T02:45:50+00:00,ADA,0.169919,,,coingecko
2026-08-01T02:45:50+00:00,LINK,8.21,,,coingecko
2026-08-01T02:45:50+00:00,AVAX,6.4,,,coingecko
2026-08-01T02:45:50+00:00,DOT,0.763613,,,coingecko
2026-08-01T02:45:50+00:00,MATIC,0.126156,,,coingecko
2026-08-01T02:45:50+00:00,LTC,44.44,,,coingecko
2026-08-01T02:46:53+00:00,BTC,63014.0,,,coingecko
2026-08-01T02:46:53+00:00,ETH,1866.21,,,coingecko
2026-08-01T02:46:53+00:00,SOL,72.94,,,coingecko
2026-08-01T02:46:53+00:00,XRP,1.064,,,coingecko
2026-08-01T02:46:53+00:00,DOGE,0.06996,,,coingecko
2026-08-01T02:46:53+00:00,BNB,589.83,,,coingecko
2026-08-01T02:46:53+00:00,ADA,0.169885,,,coingecko
2026-08-01T02:46:53+00:00,LINK,8.21,,,coingecko
2026-08-01T02:46:53+00:00,AVAX,6.4,,,coingecko
2026-08-01T02:46:53+00:00,DOT,0.76356,,,coingecko
2026-08-01T02:46:53+00:00,MATIC,0.126156,,,coingecko
2026-08-01T02:46:53+00:00,LTC,44.44,,,coingecko
2026-08-01T02:47:56+00:00,BTC,63012.0,,,coingecko
2026-08-01T02:47:56+00:00,ETH,1866.24,,,coingecko
2026-08-01T02:47:56+00:00,SOL,72.94,,,coingecko
2026-08-01T02:47:56+00:00,XRP,1.064,,,coingecko
2026-08-01T02:47:56+00:00,DOGE,0.069962,,,coingecko
2026-08-01T02:47:56+00:00,BNB,589.74,,,coingecko
2026-08-01T02:47:56+00:00,ADA,0.169841,,,coingecko
2026-08-01T02:47:56+00:00,LINK,8.21,,,coingecko
2026-08-01T02:47:56+00:00,AVAX,6.4,,,coingecko
2026-08-01T02:47:56+00:00,DOT,0.763615,,,coingecko
2026-08-01T02:47:56+00:00,MATIC,0.126156,,,coingecko
2026-08-01T02:47:56+00:00,LTC,44.44,,,coingecko
2026-08-01T02:49:01+00:00,BTC,63018.0,,,coingecko
2026-08-01T02:49:01+00:00,ETH,1866.67,,,coingecko
2026-08-01T02:49:01+00:00,SOL,72.98,,,coingecko
2026-08-01T02:49:01+00:00,XRP,1.065,,,coingecko
2026-08-01T02:49:01+00:00,DOGE,0.070012,,,coingecko
2026-08-01T02:49:01+00:00,BNB,589.85,,,coingecko
2026-08-01T02:49:01+00:00,ADA,0.169903,,,coingecko
2026-08-01T02:49:01+00:00,LINK,8.21,,,coingecko
2026-08-01T02:49:01+00:00,AVAX,6.4,,,coingecko
2026-08-01T02:49:01+00:00,DOT,0.763784,,,coingecko
2026-08-01T02:49:01+00:00,MATIC,0.126156,,,coingecko
2026-08-01T02:49:01+00:00,LTC,44.46,,,coingecko
2026-08-01T02:50:04+00:00,BTC,63024.0,,,coingecko
2026-08-01T02:50:04+00:00,ETH,1866.76,,,coingecko
2026-08-01T02:50:04+00:00,SOL,72.98,,,coingecko
2026-08-01T02:50:04+00:00,XRP,1.065,,,coingecko
2026-08-01T02:50:04+00:00,DOGE,0.070014,,,coingecko
2026-08-01T02:50:04+00:00,BNB,589.86,,,coingecko
2026-08-01T02:50:04+00:00,ADA,0.16993,,,coingecko
2026-08-01T02:50:04+00:00,LINK,8.22,,,coingecko
2026-08-01T02:50:04+00:00,AVAX,6.4,,,coingecko
2026-08-01T02:50:04+00:00,DOT,0.763659,,,coingecko
2026-08-01T02:50:04+00:00,MATIC,0.126156,,,coingecko
2026-08-01T02:50:04+00:00,LTC,44.46,,,coingecko
2026-08-01T02:50:21+00:00,BTC,62993.985,,,consenso
2026-08-01T02:50:21+00:00,ETH,1867.195,,,consenso
2026-08-01T02:50:21+00:00,SOL,72.98,,,consenso
2026-08-01T02:50:21+00:00,XRP,1.06475,,,consenso
2026-08-01T02:50:21+00:00,DOGE,0.07012,,,binance
2026-08-01T02:50:21+00:00,BNB,590.6,,,binance
2026-08-01T02:51:11+00:00,BTC,63032.0,,,coingecko
2026-08-01T02:51:11+00:00,ETH,1867.11,,,coingecko
2026-08-01T02:51:11+00:00,SOL,72.99,,,coingecko
2026-08-01T02:51:11+00:00,XRP,1.065,,,coingecko
2026-08-01T02:51:11+00:00,DOGE,0.070055,,,coingecko
2026-08-01T02:51:11+00:00,BNB,589.85,,,coingecko
2026-08-01T02:51:11+00:00,ADA,0.170053,,,coingecko
2026-08-01T02:51:11+00:00,LINK,8.22,,,coingecko
2026-08-01T02:51:11+00:00,AVAX,6.41,,,coingecko
2026-08-01T02:51:11+00:00,DOT,0.763801,,,coingecko
2026-08-01T02:51:11+00:00,MATIC,0.126156,,,coingecko
2026-08-01T02:51:11+00:00,LTC,44.48,,,coingecko
2026-08-01T02:51:14+00:00,BTC,62993.985,,,consenso
2026-08-01T02:51:14+00:00,ETH,1867.195,,,consenso
2026-08-01T02:51:14+00:00,SOL,73.07,,,consenso
2026-08-01T02:51:14+00:00,XRP,1.066,,,consenso
2026-08-01T02:51:14+00:00,DOGE,0.07011,,,binance
2026-08-01T02:51:14+00:00,BNB,590.63,,,binance
2026-08-01T02:52:00+00:00,BTC,62993.985,,,consenso
2026-08-01T02:52:00+00:00,ETH,1867.195,,,consenso
2026-08-01T02:52:00+00:00,SOL,73.07,,,consenso
2026-08-01T02:52:00+00:00,XRP,1.0659,,,consenso
2026-08-01T02:52:00+00:00,DOGE,0.07011,,,binance
2026-08-01T02:52:00+00:00,BNB,590.55,,,binance
2026-08-01T02:52:14+00:00,BTC,63005.0,,,coingecko
2026-08-01T02:52:14+00:00,ETH,1867.0,,,coingecko
2026-08-01T02:52:14+00:00,SOL,72.98,,,coingecko
2026-08-01T02:52:14+00:00,XRP,1.065,,,coingecko
2026-08-01T02:52:14+00:00,DOGE,0.070041,,,coingecko
2026-08-01T02:52:14+00:00,BNB,589.98,,,coingecko
2026-08-01T02:52:14+00:00,ADA,0.170042,,,coingecko
2026-08-01T02:52:14+00:00,LINK,8.22,,,coingecko
2026-08-01T02:52:14+00:00,AVAX,6.41,,,coingecko
2026-08-01T02:52:14+00:00,DOT,0.763685,,,coingecko
2026-08-01T02:52:14+00:00,MATIC,0.126156,,,coingecko
2026-08-01T02:52:14+00:00,LTC,44.46,,,coingecko
2026-08-01T02:55:06+00:00,BTC,63003.0,,,coingecko
2026-08-01T02:55:06+00:00,ETH,1866.62,,,coingecko
2026-08-01T02:55:06+00:00,SOL,73.0,,,coingecko
2026-08-01T02:55:06+00:00,XRP,1.065,,,coingecko
2026-08-01T02:55:06+00:00,DOGE,0.070029,,,coingecko
2026-08-01T02:55:06+00:00,BNB,590.05,,,coingecko
2026-08-01T02:55:06+00:00,ADA,0.169999,,,coingecko
2026-08-01T02:55:06+00:00,LINK,8.21,,,coingecko
2026-08-01T02:55:06+00:00,AVAX,6.41,,,coingecko
2026-08-01T02:55:06+00:00,DOT,0.763727,,,coingecko
2026-08-01T02:55:06+00:00,MATIC,0.126156,,,coingecko
2026-08-01T02:55:06+00:00,LTC,44.46,,,coingecko
2026-08-01T02:56:11+00:00,BTC,63002.0,,,coingecko
2026-08-01T02:56:11+00:00,ETH,1866.61,,,coingecko
2026-08-01T02:56:11+00:00,SOL,73.0,,,coingecko
2026-08-01T02:56:11+00:00,XRP,1.065,,,coingecko
2026-08-01T02:56:11+00:00,DOGE,0.070028,,,coingecko
2026-08-01T02:56:11+00:00,BNB,590.09,,,coingecko
2026-08-01T02:56:11+00:00,ADA,0.169935,,,coingecko
2026-08-01T02:56:11+00:00,LINK,8.21,,,coingecko
2026-08-01T02:56:11+00:00,AVAX,6.41,,,coingecko
2026-08-01T02:56:11+00:00,DOT,0.763896,,,coingecko
2026-08-01T02:56:11+00:00,MATIC,0.126156,,,coingecko
2026-08-01T02:56:11+00:00,LTC,44.46,,,coingecko
2026-08-01T02:57:14+00:00,BTC,63002.0,,,coingecko
2026-08-01T02:57:14+00:00,ETH,1866.57,,,coingecko
2026-08-01T02:57:14+00:00,SOL,72.99,,,coingecko
2026-08-01T02:57:14+00:00,XRP,1.065,,,coingecko
2026-08-01T02:57:14+00:00,DOGE,0.07003,,,coingecko
2026-08-01T02:57:14+00:00,BNB,590.09,,,coingecko
2026-08-01T02:57:14+00:00,ADA,0.169936,,,coingecko
2026-08-01T02:57:14+00:00,LINK,8.21,,,coingecko
2026-08-01T02:57:14+00:00,AVAX,6.41,,,coingecko
2026-08-01T02:57:14+00:00,DOT,0.763902,,,coingecko
2026-08-01T02:57:14+00:00,MATIC,0.126156,,,coingecko
2026-08-01T02:57:14+00:00,LTC,44.46,,,coingecko
2026-08-01T02:57:57+00:00,BTC,62989.035,,,consenso
2026-08-01T02:57:57+00:00,ETH,1866.545,,,consenso
2026-08-01T02:57:57+00:00,SOL,73.02,,,consenso
2026-08-01T02:57:57+00:00,XRP,1.06471,,,consenso
2026-08-01T02:57:57+00:00,DOGE,0.07014,,,binance
2026-08-01T02:57:57+00:00,BNB,590.66,,,binance
2026-08-01T02:58:18+00:00,BTC,62996.0,,,coingecko
2026-08-01T02:58:18+00:00,ETH,1866.27,,,coingecko
2026-08-01T02:58:18+00:00,SOL,73.0,,,coingecko
2026-08-01T02:58:18+00:00,XRP,1.065,,,coingecko
2026-08-01T02:58:18+00:00,DOGE,0.070038,,,coingecko
2026-08-01T02:58:18+00:00,BNB,590.05,,,coingecko
2026-08-01T02:58:18+00:00,ADA,0.169886,,,coingecko
2026-08-01T02:58:18+00:00,LINK,8.21,,,coingecko
2026-08-01T02:58:18+00:00,AVAX,6.41,,,coingecko
2026-08-01T02:58:18+00:00,DOT,0.763896,,,coingecko
2026-08-01T02:58:18+00:00,MATIC,0.126156,,,coingecko
2026-08-01T02:58:18+00:00,LTC,44.43,,,coingecko
2026-08-01T02:58:50+00:00,BTC,62989.035,,,consenso
2026-08-01T02:58:50+00:00,ETH,1866.545,,,consenso
2026-08-01T02:58:50+00:00,SOL,73.08,,,consenso
2026-08-01T02:58:50+00:00,XRP,1.0659,,,consenso
2026-08-01T02:58:50+00:00,DOGE,0.07016,,,binance
2026-08-01T02:58:50+00:00,BNB,590.74,,,binance
2026-08-01T02:59:21+00:00,BTC,62995.0,,,coingecko
2026-08-01T02:59:21+00:00,ETH,1866.43,,,coingecko
2026-08-01T02:59:21+00:00,SOL,73.01,,,coingecko
2026-08-01T02:59:21+00:00,XRP,1.064,,,coingecko
2026-08-01T02:59:21+00:00,DOGE,0.070056,,,coingecko
2026-08-01T02:59:21+00:00,BNB,590.06,,,coingecko
2026-08-01T02:59:21+00:00,ADA,0.169961,,,coingecko
2026-08-01T02:59:21+00:00,LINK,8.21,,,coingecko
2026-08-01T02:59:21+00:00,AVAX,6.41,,,coingecko
2026-08-01T02:59:21+00:00,DOT,0.763885,,,coingecko
2026-08-01T02:59:21+00:00,MATIC,0.126156,,,coingecko
2026-08-01T02:59:21+00:00,LTC,44.45,,,coingecko
2026-08-01T02:59:36+00:00,BTC,62989.035,,,consenso
2026-08-01T02:59:36+00:00,ETH,1866.545,,,consenso
2026-08-01T02:59:36+00:00,SOL,73.09,,,consenso
2026-08-01T02:59:36+00:00,XRP,1.0658,,,consenso
2026-08-01T02:59:36+00:00,DOGE,0.07015,,,binance
2026-08-01T02:59:36+00:00,BNB,590.69,,,binance
2026-08-01T03:00:23+00:00,BTC,63004.0,,,coingecko
2026-08-01T03:00:23+00:00,ETH,1866.56,,,coingecko
2026-08-01T03:00:23+00:00,SOL,73.01,,,coingecko
2026-08-01T03:00:23+00:00,XRP,1.065,,,coingecko
2026-08-01T03:00:23+00:00,DOGE,0.07008,,,coingecko
2026-08-01T03:00:23+00:00,BNB,590.12,,,coingecko
2026-08-01T03:00:23+00:00,ADA,0.170024,,,coingecko
2026-08-01T03:00:23+00:00,LINK,8.21,,,coingecko
2026-08-01T03:00:23+00:00,AVAX,6.41,,,coingecko
2026-08-01T03:00:23+00:00,DOT,0.764149,,,coingecko
2026-08-01T03:00:23+00:00,MATIC,0.126156,,,coingecko
2026-08-01T03:00:23+00:00,LTC,44.46,,,coingecko
2026-08-01T03:01:29+00:00,BTC,63005.0,,,coingecko
2026-08-01T03:01:29+00:00,ETH,1866.48,,,coingecko
2026-08-01T03:01:29+00:00,SOL,73.01,,,coingecko
2026-08-01T03:01:29+00:00,XRP,1.065,,,coingecko
2026-08-01T03:01:29+00:00,DOGE,0.070068,,,coingecko
2026-08-01T03:01:29+00:00,BNB,590.13,,,coingecko
2026-08-01T03:01:29+00:00,ADA,0.169946,,,coingecko
2026-08-01T03:01:29+00:00,LINK,8.21,,,coingecko
2026-08-01T03:01:29+00:00,AVAX,6.41,,,coingecko
2026-08-01T03:01:29+00:00,DOT,0.764106,,,coingecko
2026-08-01T03:01:29+00:00,MATIC,0.126156,,,coingecko
2026-08-01T03:01:29+00:00,LTC,44.46,,,coingecko
2026-08-01T03:02:31+00:00,BTC,63012.0,,,coingecko
2026-08-01T03:02:31+00:00,ETH,1866.58,,,coingecko
2026-08-01T03:02:31+00:00,SOL,73.01,,,coingecko
2026-08-01T03:02:31+00:00,XRP,1.065,,,coingecko
2026-08-01T03:02:31+00:00,DOGE,0.070091,,,coingecko
2026-08-01T03:02:31+00:00,BNB,590.49,,,coingecko
2026-08-01T03:02:31+00:00,ADA,0.169931,,,coingecko
2026-08-01T03:02:31+00:00,LINK,8.21,,,coingecko
2026-08-01T03:02:31+00:00,AVAX,6.41,,,coingecko
2026-08-01T03:02:31+00:00,DOT,0.764156,,,coingecko
2026-08-01T03:02:31+00:00,MATIC,0.126156,,,coingecko
2026-08-01T03:02:31+00:00,LTC,44.47,,,coingecko
2026-08-01T03:03:34+00:00,BTC,63004.0,,,coingecko
2026-08-01T03:03:34+00:00,ETH,1866.33,,,coingecko
2026-08-01T03:03:34+00:00,SOL,73.01,,,coingecko
2026-08-01T03:03:34+00:00,XRP,1.065,,,coingecko
2026-08-01T03:03:34+00:00,DOGE,0.070088,,,coingecko
2026-08-01T03:03:34+00:00,BNB,590.33,,,coingecko
2026-08-01T03:03:34+00:00,ADA,0.16993,,,coingecko
2026-08-01T03:03:34+00:00,LINK,8.22,,,coingecko
2026-08-01T03:03:34+00:00,AVAX,6.41,,,coingecko
2026-08-01T03:03:34+00:00,DOT,0.763966,,,coingecko
2026-08-01T03:03:34+00:00,MATIC,0.126156,,,coingecko
2026-08-01T03:03:34+00:00,LTC,44.46,,,coingecko
2026-08-01T03:04:38+00:00,BTC,63001.0,,,coingecko
2026-08-01T03:04:38+00:00,ETH,1866.34,,,coingecko
2026-08-01T03:04:38+00:00,SOL,73.01,,,coingecko
2026-08-01T03:04:38+00:00,XRP,1.065,,,coingecko
2026-08-01T03:04:38+00:00,DOGE,0.07009,,,coingecko
2026-08-01T03:04:38+00:00,BNB,590.25,,,coingecko
2026-08-01T03:04:38+00:00,ADA,0.169949,,,coingecko
2026-08-01T03:04:38+00:00,LINK,8.22,,,coingecko
2026-08-01T03:04:38+00:00,AVAX,6.41,,,coingecko
2026-08-01T03:04:38+00:00,DOT,0.763944,,,coingecko
2026-08-01T03:04:38+00:00,MATIC,0.126156,,,coingecko
2026-08-01T03:04:38+00:00,LTC,44.47,,,coingecko
2026-08-01T03:05:01+00:00,BTC,62982.965,,,consenso
2026-08-01T03:05:01+00:00,ETH,1866.015,,,consenso
2026-08-01T03:05:01+00:00,SOL,72.99,,,consenso
2026-08-01T03:05:01+00:00,XRP,1.065,,,consenso
2026-08-01T03:05:01+00:00,DOGE,0.07017,,,binance
2026-08-01T03:05:01+00:00,BNB,590.48,,,binance
2026-08-01T03:05:49+00:00,BTC,62982.965,,,consenso
2026-08-01T03:05:49+00:00,ETH,1866.015,,,consenso
2026-08-01T03:05:49+00:00,SOL,73.05,,,consenso
2026-08-01T03:05:49+00:00,XRP,1.0659,,,consenso
2026-08-01T03:05:49+00:00,DOGE,0.07016,,,binance
2026-08-01T03:05:49+00:00,BNB,590.54,,,binance
2026-08-01T03:06:47+00:00,BTC,62982.965,,,consenso
2026-08-01T03:06:47+00:00,ETH,1866.015,,,consenso
2026-08-01T03:06:47+00:00,SOL,73.04,,,consenso
2026-08-01T03:06:47+00:00,XRP,1.066,,,consenso
2026-08-01T03:06:47+00:00,DOGE,0.07015,,,binance
2026-08-01T03:06:47+00:00,BNB,590.45,,,binance
2026-08-01T03:07:27+00:00,BTC,62982.0,,,coingecko
2026-08-01T03:07:27+00:00,ETH,1865.54,,,coingecko
2026-08-01T03:07:27+00:00,SOL,72.97,,,coingecko
2026-08-01T03:07:27+00:00,XRP,1.065,,,coingecko
2026-08-01T03:07:27+00:00,DOGE,0.070097,,,coingecko
2026-08-01T03:07:27+00:00,BNB,589.99,,,coingecko
2026-08-01T03:07:27+00:00,ADA,0.170006,,,coingecko
2026-08-01T03:07:27+00:00,LINK,8.22,,,coingecko
2026-08-01T03:07:27+00:00,AVAX,6.41,,,coingecko
2026-08-01T03:07:27+00:00,DOT,0.763752,,,coingecko
2026-08-01T03:07:27+00:00,MATIC,0.126156,,,coingecko
2026-08-01T03:07:27+00:00,LTC,44.48,,,coingecko
2026-08-01T03:08:33+00:00,BTC,62981.0,,,coingecko
2026-08-01T03:08:33+00:00,ETH,1865.54,,,coingecko
2026-08-01T03:08:33+00:00,SOL,72.97,,,coingecko
2026-08-01T03:08:33+00:00,XRP,1.065,,,coingecko
2026-08-01T03:08:33+00:00,DOGE,0.070092,,,coingecko
2026-08-01T03:08:33+00:00,BNB,590.05,,,coingecko
2026-08-01T03:08:33+00:00,ADA,0.169994,,,coingecko
2026-08-01T03:08:33+00:00,LINK,8.22,,,coingecko
2026-08-01T03:08:33+00:00,AVAX,6.41,,,coingecko
2026-08-01T03:08:33+00:00,DOT,0.763635,,,coingecko
2026-08-01T03:08:33+00:00,MATIC,0.126156,,,coingecko
2026-08-01T03:08:33+00:00,LTC,44.47,,,coingecko
2026-08-01T03:09:38+00:00,BTC,62991.0,,,coingecko
2026-08-01T03:09:38+00:00,ETH,1866.2,,,coingecko
2026-08-01T03:09:38+00:00,SOL,73.0,,,coingecko
2026-08-01T03:09:38+00:00,XRP,1.065,,,coingecko
2026-08-01T03:09:38+00:00,DOGE,0.070101,,,coingecko
2026-08-01T03:09:38+00:00,BNB,590.26,,,coingecko
2026-08-01T03:09:38+00:00,ADA,0.170019,,,coingecko
2026-08-01T03:09:38+00:00,LINK,8.23,,,coingecko
2026-08-01T03:09:38+00:00,AVAX,6.41,,,coingecko
2026-08-01T03:09:38+00:00,DOT,0.763631,,,coingecko
2026-08-01T03:09:38+00:00,MATIC,0.126156,,,coingecko
2026-08-01T03:09:38+00:00,LTC,44.49,,,coingecko
2026-08-01T03:10:41+00:00,BTC,62996.0,,,coingecko
2026-08-01T03:10:41+00:00,ETH,1866.37,,,coingecko
2026-08-01T03:10:41+00:00,SOL,73.01,,,coingecko
2026-08-01T03:10:41+00:00,XRP,1.065,,,coingecko
2026-08-01T03:10:41+00:00,DOGE,0.070087,,,coingecko
2026-08-01T03:10:41+00:00,BNB,590.18,,,coingecko
2026-08-01T03:10:41+00:00,ADA,0.169984,,,coingecko
2026-08-01T03:10:41+00:00,LINK,8.22,,,coingecko
2026-08-01T03:10:41+00:00,AVAX,6.4,,,coingecko
2026-08-01T03:10:41+00:00,DOT,0.763735,,,coingecko
2026-08-01T03:10:41+00:00,MATIC,0.126156,,,coingecko
2026-08-01T03:10:41+00:00,LTC,44.49,,,coingecko
2026-08-01T03:11:47+00:00,BTC,62990.0,,,coingecko
2026-08-01T03:11:47+00:00,ETH,1866.04,,,coingecko
2026-08-01T03:11:47+00:00,SOL,73.0,,,coingecko
2026-08-01T03:11:47+00:00,XRP,1.065,,,coingecko
2026-08-01T03:11:47+00:00,DOGE,0.070083,,,coingecko
2026-08-01T03:11:47+00:00,BNB,590.0,,,coingecko
2026-08-01T03:11:47+00:00,ADA,0.170045,,,coingecko
2026-08-01T03:11:47+00:00,LINK,8.22,,,coingecko
2026-08-01T03:11:47+00:00,AVAX,6.4,,,coingecko
2026-08-01T03:11:47+00:00,DOT,0.763556,,,coingecko
2026-08-01T03:11:47+00:00,MATIC,0.126156,,,coingecko
2026-08-01T03:11:47+00:00,LTC,44.52,,,coingecko
2026-08-01T03:12:51+00:00,BTC,62968.0,,,coingecko
2026-08-01T03:12:51+00:00,ETH,1865.67,,,coingecko
2026-08-01T03:12:51+00:00,SOL,72.98,,,coingecko
2026-08-01T03:12:51+00:00,XRP,1.065,,,coingecko
2026-08-01T03:12:51+00:00,DOGE,0.070054,,,coingecko
2026-08-01T03:12:51+00:00,BNB,589.64,,,coingecko
2026-08-01T03:12:51+00:00,ADA,0.170019,,,coingecko
2026-08-01T03:12:51+00:00,LINK,8.22,,,coingecko
2026-08-01T03:12:51+00:00,AVAX,6.4,,,coingecko
2026-08-01T03:12:51+00:00,DOT,0.763143,,,coingecko
2026-08-01T03:12:51+00:00,MATIC,0.126156,,,coingecko
2026-08-01T03:12:51+00:00,LTC,44.5,,,coingecko
2026-08-01T03:13:57+00:00,BTC,62940.0,,,coingecko
2026-08-01T03:13:57+00:00,ETH,1864.95,,,coingecko
2026-08-01T03:13:57+00:00,SOL,72.93,,,coingecko
2026-08-01T03:13:57+00:00,XRP,1.064,,,coingecko
2026-08-01T03:13:57+00:00,DOGE,0.070014,,,coingecko
2026-08-01T03:13:57+00:00,BNB,589.35,,,coingecko
2026-08-01T03:13:57+00:00,ADA,0.169957,,,coingecko
2026-08-01T03:13:57+00:00,LINK,8.22,,,coingecko
2026-08-01T03:13:57+00:00,AVAX,6.39,,,coingecko
2026-08-01T03:13:57+00:00,DOT,0.76294,,,coingecko
2026-08-01T03:13:57+00:00,MATIC,0.126156,,,coingecko
2026-08-01T03:13:57+00:00,LTC,44.46,,,coingecko
2026-08-01T03:15:02+00:00,BTC,62931.0,,,coingecko
2026-08-01T03:15:02+00:00,ETH,1864.92,,,coingecko
2026-08-01T03:15:02+00:00,SOL,72.92,,,coingecko
2026-08-01T03:15:02+00:00,XRP,1.064,,,coingecko
2026-08-01T03:15:02+00:00,DOGE,0.070033,,,coingecko
2026-08-01T03:15:02+00:00,BNB,589.27,,,coingecko
2026-08-01T03:15:02+00:00,ADA,0.169967,,,coingecko
2026-08-01T03:15:02+00:00,LINK,8.21,,,coingecko
2026-08-01T03:15:02+00:00,AVAX,6.4,,,coingecko
2026-08-01T03:15:02+00:00,DOT,0.763062,,,coingecko
2026-08-01T03:15:02+00:00,MATIC,0.126156,,,coingecko
2026-08-01T03:15:02+00:00,LTC,44.45,,,coingecko
2026-08-01T03:15:23+00:00,BTC,62921.045,,,consenso
2026-08-01T03:15:23+00:00,ETH,1865.34,,,consenso
2026-08-01T03:15:23+00:00,SOL,72.91,,,consenso
2026-08-01T03:15:23+00:00,XRP,1.0643,,,consenso
2026-08-01T03:15:23+00:00,DOGE,0.0701,,,binance
2026-08-01T03:15:23+00:00,BNB,589.97,,,binance
2026-08-01T03:16:09+00:00,BTC,62931.0,,,coingecko
2026-08-01T03:16:09+00:00,ETH,1865.32,,,coingecko
2026-08-01T03:16:09+00:00,SOL,72.91,,,coingecko
2026-08-01T03:16:09+00:00,XRP,1.064,,,coingecko
2026-08-01T03:16:09+00:00,DOGE,0.070042,,,coingecko
2026-08-01T03:16:09+00:00,BNB,589.42,,,coingecko
2026-08-01T03:16:09+00:00,ADA,0.169985,,,coingecko
2026-08-01T03:16:09+00:00,LINK,8.21,,,coingecko
2026-08-01T03:16:09+00:00,AVAX,6.39,,,coingecko
2026-08-01T03:16:09+00:00,DOT,0.763028,,,coingecko
2026-08-01T03:16:09+00:00,MATIC,0.126156,,,coingecko
2026-08-01T03:16:09+00:00,LTC,44.46,,,coingecko
2026-08-01T03:16:21+00:00,BTC,62921.045,,,consenso
2026-08-01T03:16:21+00:00,ETH,1865.34,,,consenso
2026-08-01T03:16:21+00:00,SOL,72.96,,,consenso
2026-08-01T03:16:21+00:00,XRP,1.0652,,,consenso
2026-08-01T03:16:21+00:00,DOGE,0.07011,,,binance
2026-08-01T03:16:21+00:00,BNB,589.95,,,binance
2026-08-01T03:17:10+00:00,BTC,62921.045,,,consenso
2026-08-01T03:17:10+00:00,ETH,1865.34,,,consenso
2026-08-01T03:17:10+00:00,SOL,72.96,,,consenso
2026-08-01T03:17:10+00:00,XRP,1.0651,,,consenso
2026-08-01T03:17:10+00:00,DOGE,0.0701,,,binance
2026-08-01T03:17:10+00:00,BNB,589.83,,,binance
2026-08-01T03:17:13+00:00,BTC,62931.0,,,coingecko
2026-08-01T03:17:13+00:00,ETH,1865.38,,,coingecko
2026-08-01T03:17:13+00:00,SOL,72.9,,,coingecko
2026-08-01T03:17:13+00:00,XRP,1.064,,,coingecko
2026-08-01T03:17:13+00:00,DOGE,0.070037,,,coingecko
2026-08-01T03:17:13+00:00,BNB,589.38,,,coingecko
2026-08-01T03:17:13+00:00,ADA,0.16998,,,coingecko
2026-08-01T03:17:13+00:00,LINK,8.21,,,coingecko
2026-08-01T03:17:13+00:00,AVAX,6.39,,,coingecko
2026-08-01T03:17:13+00:00,DOT,0.763174,,,coingecko
2026-08-01T03:17:13+00:00,MATIC,0.126156,,,coingecko
2026-08-01T03:17:13+00:00,LTC,44.46,,,coingecko
2026-08-01T03:21:24+00:00,BTC,62942.0,,,coingecko
2026-08-01T03:21:24+00:00,ETH,1865.79,,,coingecko
2026-08-01T03:21:24+00:00,SOL,72.9,,,coingecko
2026-08-01T03:21:24+00:00,XRP,1.064,,,coingecko
2026-08-01T03:21:24+00:00,DOGE,0.070041,,,coingecko
2026-08-01T03:21:24+00:00,BNB,589.17,,,coingecko
2026-08-01T03:21:24+00:00,ADA,0.170259,,,coingecko
2026-08-01T03:21:24+00:00,LINK,8.21,,,coingecko
2026-08-01T03:21:24+00:00,AVAX,6.4,,,coingecko
2026-08-01T03:21:24+00:00,DOT,0.76375,,,coingecko
2026-08-01T03:21:24+00:00,MATIC,0.126156,,,coingecko
2026-08-01T03:21:24+00:00,LTC,44.48,,,coingecko
2026-08-01T03:22:30+00:00,BTC,62954.0,,,coingecko
2026-08-01T03:22:30+00:00,ETH,1865.74,,,coingecko
2026-08-01T03:22:30+00:00,SOL,72.88,,,coingecko
2026-08-01T03:22:30+00:00,XRP,1.064,,,coingecko
2026-08-01T03:22:30+00:00,DOGE,0.070014,,,coingecko
2026-08-01T03:22:30+00:00,BNB,589.16,,,coingecko
2026-08-01T03:22:30+00:00,ADA,0.170231,,,coingecko
2026-08-01T03:22:30+00:00,LINK,8.21,,,coingecko
2026-08-01T03:22:30+00:00,AVAX,6.4,,,coingecko
2026-08-01T03:22:30+00:00,DOT,0.763815,,,coingecko
2026-08-01T03:22:30+00:00,MATIC,0.126156,,,coingecko
2026-08-01T03:22:30+00:00,LTC,44.47,,,coingecko
2026-08-01T03:23:33+00:00,BTC,62952.0,,,coingecko
2026-08-01T03:23:33+00:00,ETH,1866.03,,,coingecko
2026-08-01T03:23:33+00:00,SOL,72.89,,,coingecko
2026-08-01T03:23:33+00:00,XRP,1.064,,,coingecko
2026-08-01T03:23:33+00:00,DOGE,0.070015,,,coingecko
2026-08-01T03:23:33+00:00,BNB,589.14,,,coingecko
2026-08-01T03:23:33+00:00,ADA,0.170237,,,coingecko
2026-08-01T03:23:33+00:00,LINK,8.21,,,coingecko
2026-08-01T03:23:33+00:00,AVAX,6.4,,,coingecko
2026-08-01T03:23:33+00:00,DOT,0.763819,,,coingecko
2026-08-01T03:23:33+00:00,MATIC,0.126156,,,coingecko
2026-08-01T03:23:33+00:00,LTC,44.47,,,coingecko
2026-08-01T03:24:37+00:00,BTC,62969.0,,,coingecko
2026-08-01T03:24:37+00:00,ETH,1866.66,,,coingecko
2026-08-01T03:24:37+00:00,SOL,72.91,,,coingecko
2026-08-01T03:24:37+00:00,XRP,1.064,,,coingecko
2026-08-01T03:24:37+00:00,DOGE,0.070055,,,coingecko
2026-08-01T03:24:37+00:00,BNB,589.37,,,coingecko
2026-08-01T03:24:37+00:00,ADA,0.170326,,,coingecko
2026-08-01T03:24:37+00:00,LINK,8.21,,,coingecko
2026-08-01T03:24:37+00:00,AVAX,6.4,,,coingecko
2026-08-01T03:24:37+00:00,DOT,0.76374,,,coingecko
2026-08-01T03:24:37+00:00,MATIC,0.126156,,,coingecko
2026-08-01T03:24:37+00:00,LTC,44.48,,,coingecko
2026-08-01T03:25:18+00:00,BTC,62986.435,,,consenso
2026-08-01T03:25:18+00:00,ETH,1866.985,,,consenso
2026-08-01T03:25:18+00:00,SOL,72.94,,,consenso
2026-08-01T03:25:18+00:00,XRP,1.06463,,,consenso
2026-08-01T03:25:18+00:00,DOGE,0.07014,,,binance
2026-08-01T03:25:18+00:00,BNB,590.13,,,binance
2026-08-01T03:25:40+00:00,BTC,62986.0,,,coingecko
2026-08-01T03:25:40+00:00,ETH,1866.88,,,coingecko
2026-08-01T03:25:40+00:00,SOL,72.92,,,coingecko
2026-08-01T03:25:40+00:00,XRP,1.065,,,coingecko
2026-08-01T03:25:40+00:00,DOGE,0.070077,,,coingecko
2026-08-01T03:25:40+00:00,BNB,589.5,,,coingecko
2026-08-01T03:25:40+00:00,ADA,0.170439,,,coingecko
2026-08-01T03:25:40+00:00,LINK,8.21,,,coingecko
2026-08-01T03:25:40+00:00,AVAX,6.4,,,coingecko
2026-08-01T03:25:40+00:00,DOT,0.763966,,,coingecko
2026-08-01T03:25:40+00:00,MATIC,0.126156,,,coingecko
2026-08-01T03:25:40+00:00,LTC,44.48,,,coingecko
2026-08-01T03:26:08+00:00,BTC,62986.435,,,consenso
2026-08-01T03:26:08+00:00,ETH,1866.985,,,consenso
2026-08-01T03:26:08+00:00,SOL,72.99,,,consenso
2026-08-01T03:26:08+00:00,XRP,1.0657,,,consenso
2026-08-01T03:26:08+00:00,DOGE,0.07014,,,binance
2026-08-01T03:26:08+00:00,BNB,590.01,,,binance
2026-08-01T03:26:44+00:00,BTC,62987.0,,,coingecko
2026-08-01T03:26:44+00:00,ETH,1866.88,,,coingecko
2026-08-01T03:26:44+00:00,SOL,72.93,,,coingecko
2026-08-01T03:26:44+00:00,XRP,1.065,,,coingecko
2026-08-01T03:26:44+00:00,DOGE,0.07008,,,coingecko
2026-08-01T03:26:44+00:00,BNB,589.52,,,coingecko
2026-08-01T03:26:44+00:00,ADA,0.170324,,,coingecko
2026-08-01T03:26:44+00:00,LINK,8.21,,,coingecko
2026-08-01T03:26:44+00:00,AVAX,6.4,,,coingecko
2026-08-01T03:26:44+00:00,DOT,0.764008,,,coingecko
2026-08-01T03:26:44+00:00,MATIC,0.126156,,,coingecko
2026-08-01T03:26:44+00:00,LTC,44.48,,,coingecko
2026-08-01T03:26:52+00:00,BTC,62986.435,,,consenso
2026-08-01T03:26:52+00:00,ETH,1866.985,,,consenso
2026-08-01T03:26:52+00:00,SOL,72.97,,,consenso
2026-08-01T03:26:52+00:00,XRP,1.0654,,,consenso
2026-08-01T03:26:52+00:00,DOGE,0.07012,,,binance
2026-08-01T03:26:52+00:00,BNB,589.92,,,binance
2026-08-01T03:27:49+00:00,BTC,62986.0,,,coingecko
2026-08-01T03:27:49+00:00,ETH,1866.89,,,coingecko
2026-08-01T03:27:49+00:00,SOL,72.92,,,coingecko
2026-08-01T03:27:49+00:00,XRP,1.065,,,coingecko
2026-08-01T03:27:49+00:00,DOGE,0.070069,,,coingecko
2026-08-01T03:27:49+00:00,BNB,589.42,,,coingecko
2026-08-01T03:27:49+00:00,ADA,0.170235,,,coingecko
2026-08-01T03:27:49+00:00,LINK,8.21,,,coingecko
2026-08-01T03:27:49+00:00,AVAX,6.4,,,coingecko
2026-08-01T03:27:49+00:00,DOT,0.763807,,,coingecko
2026-08-01T03:27:49+00:00,MATIC,0.126156,,,coingecko
2026-08-01T03:27:49+00:00,LTC,44.48,,,coingecko
2026-08-01T03:28:51+00:00,BTC,62977.0,,,coingecko
2026-08-01T03:28:51+00:00,ETH,1866.58,,,coingecko
2026-08-01T03:28:51+00:00,SOL,72.9,,,coingecko
2026-08-01T03:28:51+00:00,XRP,1.064,,,coingecko
2026-08-01T03:28:51+00:00,DOGE,0.070054,,,coingecko
2026-08-01T03:28:51+00:00,BNB,589.37,,,coingecko
2026-08-01T03:28:51+00:00,ADA,0.170214,,,coingecko
2026-08-01T03:28:51+00:00,LINK,8.21,,,coingecko
2026-08-01T03:28:51+00:00,AVAX,6.4,,,coingecko
2026-08-01T03:28:51+00:00,DOT,0.763514,,,coingecko
2026-08-01T03:28:51+00:00,MATIC,0.126156,,,coingecko
2026-08-01T03:28:51+00:00,LTC,44.47,,,coingecko
2026-08-01T03:29:55+00:00,BTC,62971.0,,,coingecko
2026-08-01T03:29:55+00:00,ETH,1866.36,,,coingecko
2026-08-01T03:29:55+00:00,SOL,72.86,,,coingecko
2026-08-01T03:29:55+00:00,XRP,1.064,,,coingecko
2026-08-01T03:29:55+00:00,DOGE,0.070044,,,coingecko
2026-08-01T03:29:55+00:00,BNB,589.22,,,coingecko
2026-08-01T03:29:55+00:00,ADA,0.170139,,,coingecko
2026-08-01T03:29:55+00:00,LINK,8.21,,,coingecko
2026-08-01T03:29:55+00:00,AVAX,6.4,,,coingecko
2026-08-01T03:29:55+00:00,DOT,0.762985,,,coingecko
2026-08-01T03:29:55+00:00,MATIC,0.126156,,,coingecko
2026-08-01T03:29:55+00:00,LTC,44.46,,,coingecko
2026-08-01T03:30:58+00:00,BTC,62961.0,,,coingecko
2026-08-01T03:30:58+00:00,ETH,1866.11,,,coingecko
2026-08-01T03:30:58+00:00,SOL,72.86,,,coingecko
2026-08-01T03:30:58+00:00,XRP,1.064,,,coingecko
2026-08-01T03:30:58+00:00,DOGE,0.070041,,,coingecko
2026-08-01T03:30:58+00:00,BNB,589.12,,,coingecko
2026-08-01T03:30:58+00:00,ADA,0.170141,,,coingecko
2026-08-01T03:30:58+00:00,LINK,8.2,,,coingecko
2026-08-01T03:30:58+00:00,AVAX,6.4,,,coingecko
2026-08-01T03:30:58+00:00,DOT,0.762852,,,coingecko
2026-08-01T03:30:58+00:00,MATIC,0.126156,,,coingecko
2026-08-01T03:30:58+00:00,LTC,44.46,,,coingecko
2026-08-01T03:32:34+00:00,BTC,62960.485,,,consenso
2026-08-01T03:32:34+00:00,ETH,1866.595,,,consenso
2026-08-01T03:32:34+00:00,SOL,72.855,,,consenso
2026-08-01T03:32:34+00:00,XRP,1.06405,,,consenso
2026-08-01T03:32:34+00:00,DOGE,0.07011,,,binance
2026-08-01T03:32:34+00:00,BNB,589.8,,,binance
2026-08-01T03:33:40+00:00,BTC,62960.485,,,consenso
2026-08-01T03:33:40+00:00,ETH,1866.595,,,consenso
2026-08-01T03:33:40+00:00,SOL,72.94,,,consenso
2026-08-01T03:33:40+00:00,XRP,1.0654,,,consenso
2026-08-01T03:33:40+00:00,DOGE,0.07015,,,binance
2026-08-01T03:33:40+00:00,BNB,589.89,,,binance
2026-08-01T03:34:00+00:00,BTC,62969.0,,,coingecko
2026-08-01T03:34:00+00:00,ETH,1866.37,,,coingecko
2026-08-01T03:34:00+00:00,SOL,72.85,,,coingecko
2026-08-01T03:34:00+00:00,XRP,1.064,,,coingecko
2026-08-01T03:34:00+00:00,DOGE,0.070044,,,coingecko
2026-08-01T03:34:00+00:00,BNB,589.28,,,coingecko
2026-08-01T03:34:00+00:00,ADA,0.17001,,,coingecko
2026-08-01T03:34:00+00:00,LINK,8.2,,,coingecko
2026-08-01T03:34:00+00:00,AVAX,6.4,,,coingecko
2026-08-01T03:34:00+00:00,DOT,0.762859,,,coingecko
2026-08-01T03:34:00+00:00,MATIC,0.126156,,,coingecko
2026-08-01T03:34:00+00:00,LTC,44.54,,,coingecko
2026-08-01T03:34:31+00:00,BTC,62960.485,,,consenso
2026-08-01T03:34:31+00:00,ETH,1866.595,,,consenso
2026-08-01T03:34:31+00:00,SOL,72.94,,,consenso
2026-08-01T03:34:31+00:00,XRP,1.0655,,,consenso
2026-08-01T03:34:31+00:00,DOGE,0.07014,,,binance
2026-08-01T03:34:31+00:00,BNB,589.89,,,binance
2026-08-01T03:35:04+00:00,BTC,62969.0,,,coingecko
2026-08-01T03:35:04+00:00,ETH,1866.58,,,coingecko
2026-08-01T03:35:04+00:00,SOL,72.87,,,coingecko
2026-08-01T03:35:04+00:00,XRP,1.064,,,coingecko
2026-08-01T03:35:04+00:00,DOGE,0.070074,,,coingecko
2026-08-01T03:35:04+00:00,BNB,589.26,,,coingecko
2026-08-01T03:35:04+00:00,ADA,0.170064,,,coingecko
2026-08-01T03:35:04+00:00,LINK,8.2,,,coingecko
2026-08-01T03:35:04+00:00,AVAX,6.4,,,coingecko
2026-08-01T03:35:04+00:00,DOT,0.762924,,,coingecko
2026-08-01T03:35:04+00:00,MATIC,0.126156,,,coingecko
2026-08-01T03:35:04+00:00,LTC,44.55,,,coingecko
2026-08-01T03:36:08+00:00,BTC,62954.0,,,coingecko
2026-08-01T03:36:08+00:00,ETH,1866.26,,,coingecko
2026-08-01T03:36:08+00:00,SOL,72.85,,,coingecko
2026-08-01T03:36:08+00:00,XRP,1.064,,,coingecko
2026-08-01T03:36:08+00:00,DOGE,0.070039,,,coingecko
2026-08-01T03:36:08+00:00,BNB,589.15,,,coingecko
2026-08-01T03:36:08+00:00,ADA,0.170024,,,coingecko
2026-08-01T03:36:08+00:00,LINK,8.19,,,coingecko
2026-08-01T03:36:08+00:00,AVAX,6.39,,,coingecko
2026-08-01T03:36:08+00:00,DOT,0.76289,,,coingecko
2026-08-01T03:36:08+00:00,MATIC,0.126156,,,coingecko
2026-08-01T03:36:08+00:00,LTC,44.54,,,coingecko
2026-08-01T03:37:12+00:00,BTC,62940.0,,,coingecko
2026-08-01T03:37:12+00:00,ETH,1865.99,,,coingecko
2026-08-01T03:37:12+00:00,SOL,72.82,,,coingecko
2026-08-01T03:37:12+00:00,XRP,1.064,,,coingecko
2026-08-01T03:37:12+00:00,DOGE,0.070031,,,coingecko
2026-08-01T03:37:12+00:00,BNB,588.95,,,coingecko
2026-08-01T03:37:12+00:00,ADA,0.169896,,,coingecko
2026-08-01T03:37:12+00:00,LINK,8.19,,,coingecko
2026-08-01T03:37:12+00:00,AVAX,6.39,,,coingecko
2026-08-01T03:37:12+00:00,DOT,0.762917,,,coingecko
2026-08-01T03:37:12+00:00,MATIC,0.126156,,,coingecko
2026-08-01T03:37:12+00:00,LTC,44.53,,,coingecko
2026-08-01T03:38:16+00:00,BTC,62949.0,,,coingecko
2026-08-01T03:38:16+00:00,ETH,1866.11,,,coingecko
2026-08-01T03:38:16+00:00,SOL,72.84,,,coingecko
2026-08-01T03:38:16+00:00,XRP,1.064,,,coingecko
2026-08-01T03:38:16+00:00,DOGE,0.070032,,,coingecko
2026-08-01T03:38:16+00:00,BNB,589.02,,,coingecko
2026-08-01T03:38:16+00:00,ADA,0.169967,,,coingecko
2026-08-01T03:38:16+00:00,LINK,8.19,,,coingecko
2026-08-01T03:38:16+00:00,AVAX,6.39,,,coingecko
2026-08-01T03:38:16+00:00,DOT,0.762933,,,coingecko
2026-08-01T03:38:16+00:00,MATIC,0.126156,,,coingecko
2026-08-01T03:38:16+00:00,LTC,44.53,,,coingecko
2026-08-01T03:39:19+00:00,BTC,62949.0,,,coingecko
2026-08-01T03:39:19+00:00,ETH,1866.11,,,coingecko
2026-08-01T03:39:19+00:00,SOL,72.85,,,coingecko
2026-08-01T03:39:19+00:00,XRP,1.064,,,coingecko
2026-08-01T03:39:19+00:00,DOGE,0.070036,,,coingecko
2026-08-01T03:39:19+00:00,BNB,588.9,,,coingecko
2026-08-01T03:39:19+00:00,ADA,0.169901,,,coingecko
2026-08-01T03:39:19+00:00,LINK,8.19,,,coingecko
2026-08-01T03:39:19+00:00,AVAX,6.39,,,coingecko
2026-08-01T03:39:19+00:00,DOT,0.762966,,,coingecko
2026-08-01T03:39:19+00:00,MATIC,0.126156,,,coingecko
2026-08-01T03:39:19+00:00,LTC,44.55,,,coingecko
2026-08-01T03:40:20+00:00,BTC,62931.355,,,consenso
2026-08-01T03:40:20+00:00,ETH,1866.415,,,consenso
2026-08-01T03:40:20+00:00,SOL,72.87,,,consenso
2026-08-01T03:40:20+00:00,XRP,1.06405,,,consenso
2026-08-01T03:40:20+00:00,DOGE,0.07011,,,binance
2026-08-01T03:40:20+00:00,BNB,589.24,,,binance
2026-08-01T03:40:25+00:00,BTC,62959.0,,,coingecko
2026-08-01T03:40:25+00:00,ETH,1866.43,,,coingecko
2026-08-01T03:40:25+00:00,SOL,72.88,,,coingecko
2026-08-01T03:40:25+00:00,XRP,1.064,,,coingecko
2026-08-01T03:40:25+00:00,DOGE,0.07006,,,coingecko
2026-08-01T03:40:25+00:00,BNB,588.94,,,coingecko
2026-08-01T03:40:25+00:00,ADA,0.169949,,,coingecko
2026-08-01T03:40:25+00:00,LINK,8.19,,,coingecko
2026-08-01T03:40:25+00:00,AVAX,6.4,,,coingecko
2026-08-01T03:40:25+00:00,DOT,0.762896,,,coingecko
2026-08-01T03:40:25+00:00,MATIC,0.126156,,,coingecko
2026-08-01T03:40:25+00:00,LTC,44.56,,,coingecko
2026-08-01T03:41:21+00:00,BTC,62931.355,,,consenso
2026-08-01T03:41:21+00:00,ETH,1866.415,,,consenso
2026-08-01T03:41:21+00:00,SOL,72.91,,,consenso
2026-08-01T03:41:21+00:00,XRP,1.0651,,,consenso
2026-08-01T03:41:21+00:00,DOGE,0.0701,,,binance
2026-08-01T03:41:21+00:00,BNB,589.22,,,binance
2026-08-01T03:41:31+00:00,BTC,62943.0,,,coingecko
2026-08-01T03:41:31+00:00,ETH,1866.4,,,coingecko
2026-08-01T03:41:31+00:00,SOL,72.86,,,coingecko
2026-08-01T03:41:31+00:00,XRP,1.064,,,coingecko
2026-08-01T03:41:31+00:00,DOGE,0.070041,,,coingecko
2026-08-01T03:41:31+00:00,BNB,588.77,,,coingecko
2026-08-01T03:41:31+00:00,ADA,0.170071,,,coingecko
2026-08-01T03:41:31+00:00,LINK,8.19,,,coingecko
2026-08-01T03:41:31+00:00,AVAX,6.4,,,coingecko
2026-08-01T03:41:31+00:00,DOT,0.762872,,,coingecko
2026-08-01T03:41:31+00:00,MATIC,0.126156,,,coingecko
2026-08-01T03:41:31+00:00,LTC,44.52,,,coingecko
2026-08-01T03:42:06+00:00,BTC,62931.355,,,consenso
2026-08-01T03:42:06+00:00,ETH,1866.415,,,consenso
2026-08-01T03:42:06+00:00,SOL,72.91,,,consenso
2026-08-01T03:42:06+00:00,XRP,1.0648,,,consenso
2026-08-01T03:42:06+00:00,DOGE,0.07008,,,binance
2026-08-01T03:42:06+00:00,BNB,589.11,,,binance
2026-08-01T03:42:34+00:00,BTC,62935.0,,,coingecko
2026-08-01T03:42:34+00:00,ETH,1866.43,,,coingecko
2026-08-01T03:42:34+00:00,SOL,72.85,,,coingecko
2026-08-01T03:42:34+00:00,XRP,1.064,,,coingecko
2026-08-01T03:42:34+00:00,DOGE,0.070036,,,coingecko
2026-08-01T03:42:34+00:00,BNB,588.73,,,coingecko
2026-08-01T03:42:34+00:00,ADA,0.170098,,,coingecko
2026-08-01T03:42:34+00:00,LINK,8.19,,,coingecko
2026-08-01T03:42:34+00:00,AVAX,6.4,,,coingecko
2026-08-01T03:42:34+00:00,DOT,0.762904,,,coingecko
2026-08-01T03:42:34+00:00,MATIC,0.126156,,,coingecko
2026-08-01T03:42:34+00:00,LTC,44.51,,,coingecko
2026-08-01T03:43:37+00:00,BTC,62932.0,,,coingecko
2026-08-01T03:43:37+00:00,ETH,1866.43,,,coingecko
2026-08-01T03:43:37+00:00,SOL,72.85,,,coingecko
2026-08-01T03:43:37+00:00,XRP,1.064,,,coingecko
2026-08-01T03:43:37+00:00,DOGE,0.070029,,,coingecko
2026-08-01T03:43:37+00:00,BNB,588.62,,,coingecko
2026-08-01T03:43:37+00:00,ADA,0.170007,,,coingecko
2026-08-01T03:43:37+00:00,LINK,8.2,,,coingecko
2026-08-01T03:43:37+00:00,AVAX,6.4,,,coingecko
2026-08-01T03:43:37+00:00,DOT,0.762925,,,coingecko
2026-08-01T03:43:37+00:00,MATIC,0.126156,,,coingecko
2026-08-01T03:43:37+00:00,LTC,44.51,,,coingecko
2026-08-01T03:46:42+00:00,BTC,62939.0,,,coingecko
2026-08-01T03:46:42+00:00,ETH,1866.62,,,coingecko
2026-08-01T03:46:42+00:00,SOL,72.87,,,coingecko
2026-08-01T03:46:42+00:00,XRP,1.064,,,coingecko
2026-08-01T03:46:42+00:00,DOGE,0.07,,,coingecko
2026-08-01T03:46:42+00:00,BNB,588.52,,,coingecko
2026-08-01T03:46:42+00:00,ADA,0.169986,,,coingecko
2026-08-01T03:46:42+00:00,LINK,8.2,,,coingecko
2026-08-01T03:46:42+00:00,AVAX,6.4,,,coingecko
2026-08-01T03:46:42+00:00,DOT,0.76348,,,coingecko
2026-08-01T03:46:42+00:00,MATIC,0.126156,,,coingecko
2026-08-01T03:46:42+00:00,LTC,44.52,,,coingecko
2026-08-01T03:47:47+00:00,BTC,62941.0,,,coingecko
2026-08-01T03:47:47+00:00,ETH,1866.83,,,coingecko
2026-08-01T03:47:47+00:00,SOL,72.88,,,coingecko
2026-08-01T03:47:47+00:00,XRP,1.064,,,coingecko
2026-08-01T03:47:47+00:00,DOGE,0.069996,,,coingecko
2026-08-01T03:47:47+00:00,BNB,588.47,,,coingecko
2026-08-01T03:47:47+00:00,ADA,0.170213,,,coingecko
2026-08-01T03:47:47+00:00,LINK,8.2,,,coingecko
2026-08-01T03:47:47+00:00,AVAX,6.4,,,coingecko
2026-08-01T03:47:47+00:00,DOT,0.763477,,,coingecko
2026-08-01T03:47:47+00:00,MATIC,0.126156,,,coingecko
2026-08-01T03:47:47+00:00,LTC,44.52,,,coingecko
2026-08-01T03:48:23+00:00,BTC,62934.925,,,consenso
2026-08-01T03:48:23+00:00,ETH,1867.125,,,consenso
2026-08-01T03:48:23+00:00,SOL,72.9,,,consenso
2026-08-01T03:48:23+00:00,XRP,1.0646,,,consenso
2026-08-01T03:48:23+00:00,DOGE,0.07014,,,binance
2026-08-01T03:48:23+00:00,BNB,589.15,,,binance
2026-08-01T03:48:51+00:00,BTC,62939.0,,,coingecko
2026-08-01T03:48:51+00:00,ETH,1866.81,,,coingecko
2026-08-01T03:48:51+00:00,SOL,72.88,,,coingecko
2026-08-01T03:48:51+00:00,XRP,1.064,,,coingecko
2026-08-01T03:48:51+00:00,DOGE,0.069999,,,coingecko
2026-08-01T03:48:51+00:00,BNB,588.46,,,coingecko
2026-08-01T03:48:51+00:00,ADA,0.170224,,,coingecko
2026-08-01T03:48:51+00:00,LINK,8.2,,,coingecko
2026-08-01T03:48:51+00:00,AVAX,6.41,,,coingecko
2026-08-01T03:48:51+00:00,DOT,0.763575,,,coingecko
2026-08-01T03:48:51+00:00,MATIC,0.126156,,,coingecko
2026-08-01T03:48:51+00:00,LTC,44.52,,,coingecko
2026-08-01T03:49:13+00:00,BTC,62934.925,,,consenso
2026-08-01T03:49:13+00:00,ETH,1867.125,,,consenso
2026-08-01T03:49:13+00:00,SOL,72.91,,,consenso
2026-08-01T03:49:13+00:00,XRP,1.0652,,,consenso
2026-08-01T03:49:13+00:00,DOGE,0.07012,,,binance
2026-08-01T03:49:13+00:00,BNB,589.02,,,binance
2026-08-01T03:49:54+00:00,BTC,62937.0,,,coingecko
2026-08-01T03:49:54+00:00,ETH,1867.02,,,coingecko
2026-08-01T03:49:54+00:00,SOL,72.89,,,coingecko
2026-08-01T03:49:54+00:00,XRP,1.064,,,coingecko
2026-08-01T03:49:54+00:00,DOGE,0.070044,,,coingecko
2026-08-01T03:49:54+00:00,BNB,588.55,,,coingecko
2026-08-01T03:49:54+00:00,ADA,0.170495,,,coingecko
2026-08-01T03:49:54+00:00,LINK,8.2,,,coingecko
2026-08-01T03:49:54+00:00,AVAX,6.4,,,coingecko
2026-08-01T03:49:54+00:00,DOT,0.76367,,,coingecko
2026-08-01T03:49:54+00:00,MATIC,0.126156,,,coingecko
2026-08-01T03:49:54+00:00,LTC,44.52,,,coingecko
2026-08-01T03:49:57+00:00,BTC,62934.925,,,consenso
2026-08-01T03:49:57+00:00,ETH,1867.125,,,consenso
2026-08-01T03:49:57+00:00,SOL,72.93,,,consenso
2026-08-01T03:49:57+00:00,XRP,1.0652,,,consenso
2026-08-01T03:49:57+00:00,DOGE,0.07014,,,binance
2026-08-01T03:49:57+00:00,BNB,589.11,,,binance
2026-08-01T03:50:56+00:00,BTC,62929.0,,,coingecko
2026-08-01T03:50:56+00:00,ETH,1866.8,,,coingecko
2026-08-01T03:50:56+00:00,SOL,72.86,,,coingecko
2026-08-01T03:50:56+00:00,XRP,1.064,,,coingecko
2026-08-01T03:50:56+00:00,DOGE,0.070056,,,coingecko
2026-08-01T03:50:56+00:00,BNB,588.51,,,coingecko
2026-08-01T03:50:56+00:00,ADA,0.170486,,,coingecko
2026-08-01T03:50:56+00:00,LINK,8.2,,,coingecko
2026-08-01T03:50:56+00:00,AVAX,6.4,,,coingecko
2026-08-01T03:50:56+00:00,DOT,0.763773,,,coingecko
2026-08-01T03:50:56+00:00,MATIC,0.126156,,,coingecko
2026-08-01T03:50:56+00:00,LTC,44.52,,,coingecko
2026-08-01T03:51:59+00:00,BTC,62950.0,,,coingecko
2026-08-01T03:51:59+00:00,ETH,1866.95,,,coingecko
2026-08-01T03:51:59+00:00,SOL,72.87,,,coingecko
2026-08-01T03:51:59+00:00,XRP,1.064,,,coingecko
2026-08-01T03:51:59+00:00,DOGE,0.070051,,,coingecko
2026-08-01T03:51:59+00:00,BNB,588.54,,,coingecko
2026-08-01T03:51:59+00:00,ADA,0.170392,,,coingecko
2026-08-01T03:51:59+00:00,LINK,8.2,,,coingecko
2026-08-01T03:51:59+00:00,AVAX,6.4,,,coingecko
2026-08-01T03:51:59+00:00,DOT,0.763771,,,coingecko
2026-08-01T03:51:59+00:00,MATIC,0.126156,,,coingecko
2026-08-01T03:51:59+00:00,LTC,44.52,,,coingecko
2026-08-01T03:53:05+00:00,BTC,62948.0,,,coingecko
2026-08-01T03:53:05+00:00,ETH,1867.34,,,coingecko
2026-08-01T03:53:05+00:00,SOL,72.88,,,coingecko
2026-08-01T03:53:05+00:00,XRP,1.064,,,coingecko
2026-08-01T03:53:05+00:00,DOGE,0.070061,,,coingecko
2026-08-01T03:53:05+00:00,BNB,588.66,,,coingecko
2026-08-01T03:53:05+00:00,ADA,0.170453,,,coingecko
2026-08-01T03:53:05+00:00,LINK,8.19,,,coingecko
2026-08-01T03:53:05+00:00,AVAX,6.4,,,coingecko
2026-08-01T03:53:05+00:00,DOT,0.763787,,,coingecko
2026-08-01T03:53:05+00:00,MATIC,0.126156,,,coingecko
2026-08-01T03:53:05+00:00,LTC,44.51,,,coingecko
2026-08-01T03:54:08+00:00,BTC,62946.0,,,coingecko
2026-08-01T03:54:08+00:00,ETH,1867.2,,,coingecko
2026-08-01T03:54:08+00:00,SOL,72.88,,,coingecko
2026-08-01T03:54:08+00:00,XRP,1.064,,,coingecko
2026-08-01T03:54:08+00:00,DOGE,0.07005,,,coingecko
2026-08-01T03:54:08+00:00,BNB,588.63,,,coingecko
2026-08-01T03:54:08+00:00,ADA,0.170377,,,coingecko
2026-08-01T03:54:08+00:00,LINK,8.2,,,coingecko
2026-08-01T03:54:08+00:00,AVAX,6.4,,,coingecko
2026-08-01T03:54:08+00:00,DOT,0.763726,,,coingecko
2026-08-01T03:54:08+00:00,MATIC,0.126156,,,coingecko
2026-08-01T03:54:08+00:00,LTC,44.51,,,coingecko
2026-08-01T03:55:11+00:00,BTC,62949.0,,,coingecko
2026-08-01T03:55:11+00:00,ETH,1867.3,,,coingecko
2026-08-01T03:55:11+00:00,SOL,72.91,,,coingecko
2026-08-01T03:55:11+00:00,XRP,1.064,,,coingecko
2026-08-01T03:55:11+00:00,DOGE,0.070053,,,coingecko
2026-08-01T03:55:11+00:00,BNB,588.71,,,coingecko
2026-08-01T03:55:11+00:00,ADA,0.170397,,,coingecko
2026-08-01T03:55:11+00:00,LINK,8.2,,,coingecko
2026-08-01T03:55:11+00:00,AVAX,6.4,,,coingecko
2026-08-01T03:55:11+00:00,DOT,0.763719,,,coingecko
2026-08-01T03:55:11+00:00,MATIC,0.126156,,,coingecko
2026-08-01T03:55:11+00:00,LTC,44.52,,,coingecko
2026-08-01T03:55:22+00:00,BTC,62933.355,,,consenso
2026-08-01T03:55:22+00:00,ETH,1867.605,,,consenso
2026-08-01T03:55:22+00:00,SOL,72.95,,,consenso
2026-08-01T03:55:22+00:00,XRP,1.06494,,,consenso
2026-08-01T03:55:22+00:00,DOGE,0.07014,,,binance
2026-08-01T03:55:22+00:00,BNB,589.74,,,binance
2026-08-01T03:56:13+00:00,BTC,62933.355,,,consenso
2026-08-01T03:56:13+00:00,ETH,1867.605,,,consenso
2026-08-01T03:56:13+00:00,SOL,73.01,,,consenso
2026-08-01T03:56:13+00:00,XRP,1.0658,,,consenso
2026-08-01T03:56:13+00:00,DOGE,0.07011,,,binance
2026-08-01T03:56:13+00:00,BNB,589.42,,,binance
2026-08-01T03:56:16+00:00,BTC,62956.0,,,coingecko
2026-08-01T03:56:16+00:00,ETH,1867.53,,,coingecko
2026-08-01T03:56:16+00:00,SOL,72.94,,,coingecko
2026-08-01T03:56:16+00:00,XRP,1.065,,,coingecko
2026-08-01T03:56:16+00:00,DOGE,0.070084,,,coingecko
2026-08-01T03:56:16+00:00,BNB,588.97,,,coingecko
2026-08-01T03:56:16+00:00,ADA,0.170627,,,coingecko
2026-08-01T03:56:16+00:00,LINK,8.2,,,coingecko
2026-08-01T03:56:16+00:00,AVAX,6.4,,,coingecko
2026-08-01T03:56:16+00:00,DOT,0.763725,,,coingecko
2026-08-01T03:56:16+00:00,MATIC,0.126156,,,coingecko
2026-08-01T03:56:16+00:00,LTC,44.52,,,coingecko
2026-08-01T03:56:59+00:00,BTC,62933.355,,,consenso
2026-08-01T03:56:59+00:00,ETH,1867.605,,,consenso
2026-08-01T03:56:59+00:00,SOL,73.01,,,consenso
2026-08-01T03:56:59+00:00,XRP,1.0657,,,consenso
2026-08-01T03:56:59+00:00,DOGE,0.0701,,,binance
2026-08-01T03:56:59+00:00,BNB,589.36,,,binance
2026-08-01T03:59:10+00:00,BTC,62939.0,,,coingecko
2026-08-01T03:59:10+00:00,ETH,1867.82,,,coingecko
2026-08-01T03:59:10+00:00,SOL,72.95,,,coingecko
2026-08-01T03:59:10+00:00,XRP,1.065,,,coingecko
2026-08-01T03:59:10+00:00,DOGE,0.070041,,,coingecko
2026-08-01T03:59:10+00:00,BNB,588.86,,,coingecko
2026-08-01T03:59:10+00:00,ADA,0.170802,,,coingecko
2026-08-01T03:59:10+00:00,LINK,8.2,,,coingecko
2026-08-01T03:59:10+00:00,AVAX,6.4,,,coingecko
2026-08-01T03:59:10+00:00,DOT,0.763776,,,coingecko
2026-08-01T03:59:10+00:00,MATIC,0.126156,,,coingecko
2026-08-01T03:59:10+00:00,LTC,44.54,,,coingecko
2026-08-01T04:00:15+00:00,BTC,62938.0,,,coingecko
2026-08-01T04:00:15+00:00,ETH,1867.83,,,coingecko
2026-08-01T04:00:15+00:00,SOL,72.95,,,coingecko
2026-08-01T04:00:15+00:00,XRP,1.065,,,coingecko
2026-08-01T04:00:15+00:00,DOGE,0.070049,,,coingecko
2026-08-01T04:00:15+00:00,BNB,588.93,,,coingecko
2026-08-01T04:00:15+00:00,ADA,0.170829,,,coingecko
2026-08-01T04:00:15+00:00,LINK,8.2,,,coingecko
2026-08-01T04:00:15+00:00,AVAX,6.4,,,coingecko
2026-08-01T04:00:15+00:00,DOT,0.763842,,,coingecko
2026-08-01T04:00:15+00:00,MATIC,0.126156,,,coingecko
2026-08-01T04:00:15+00:00,LTC,44.54,,,coingecko
2026-08-01T04:01:20+00:00,BTC,62942.0,,,coingecko
2026-08-01T04:01:20+00:00,ETH,1867.84,,,coingecko
2026-08-01T04:01:20+00:00,SOL,72.95,,,coingecko
2026-08-01T04:01:20+00:00,XRP,1.065,,,coingecko
2026-08-01T04:01:20+00:00,DOGE,0.070057,,,coingecko
2026-08-01T04:01:20+00:00,BNB,588.89,,,coingecko
2026-08-01T04:01:20+00:00,ADA,0.170854,,,coingecko
2026-08-01T04:01:20+00:00,LINK,8.2,,,coingecko
2026-08-01T04:01:20+00:00,AVAX,6.4,,,coingecko
2026-08-01T04:01:20+00:00,DOT,0.763933,,,coingecko
2026-08-01T04:01:20+00:00,MATIC,0.126156,,,coingecko
2026-08-01T04:01:20+00:00,LTC,44.55,,,coingecko
2026-08-01T04:02:23+00:00,BTC,62943.0,,,coingecko
2026-08-01T04:02:23+00:00,ETH,1867.86,,,coingecko
2026-08-01T04:02:23+00:00,SOL,72.97,,,coingecko
2026-08-01T04:02:23+00:00,XRP,1.065,,,coingecko
2026-08-01T04:02:23+00:00,DOGE,0.070082,,,coingecko
2026-08-01T04:02:23+00:00,BNB,588.85,,,coingecko
2026-08-01T04:02:23+00:00,ADA,0.170988,,,coingecko
2026-08-01T04:02:23+00:00,LINK,8.2,,,coingecko
2026-08-01T04:02:23+00:00,AVAX,6.4,,,coingecko
2026-08-01T04:02:23+00:00,DOT,0.76383,,,coingecko
2026-08-01T04:02:23+00:00,MATIC,0.126156,,,coingecko
2026-08-01T04:02:23+00:00,LTC,44.58,,,coingecko
2026-08-01T04:03:26+00:00,BTC,62945.0,,,coingecko
2026-08-01T04:03:26+00:00,ETH,1868.14,,,coingecko
2026-08-01T04:03:26+00:00,SOL,72.99,,,coingecko
2026-08-01T04:03:26+00:00,XRP,1.065,,,coingecko
2026-08-01T04:03:26+00:00,DOGE,0.070092,,,coingecko
2026-08-01T04:03:26+00:00,BNB,588.93,,,coingecko
2026-08-01T04:03:26+00:00,ADA,0.170897,,,coingecko
2026-08-01T04:03:26+00:00,LINK,8.21,,,coingecko
2026-08-01T04:03:26+00:00,AVAX,6.4,,,coingecko
2026-08-01T04:03:26+00:00,DOT,0.764084,,,coingecko
2026-08-01T04:03:26+00:00,MATIC,0.126156,,,coingecko
2026-08-01T04:03:26+00:00,LTC,44.55,,,coingecko
2026-08-01T04:03:34+00:00,BTC,62948.555,,,consenso
2026-08-01T04:03:34+00:00,ETH,1868.145,,,consenso
2026-08-01T04:03:34+00:00,SOL,73.03,,,consenso
2026-08-01T04:03:34+00:00,XRP,1.06545,,,consenso
2026-08-01T04:03:34+00:00,DOGE,0.07016,,,binance
2026-08-01T04:03:34+00:00,BNB,589.48,,,binance
2026-08-01T04:04:20+00:00,BTC,62948.555,,,consenso
2026-08-01T04:04:20+00:00,ETH,1868.145,,,consenso
2026-08-01T04:04:20+00:00,SOL,73.1,,,consenso
2026-08-01T04:04:20+00:00,XRP,1.0664,,,consenso
2026-08-01T04:04:20+00:00,DOGE,0.07015,,,binance
2026-08-01T04:04:20+00:00,BNB,589.47,,,binance
2026-08-01T04:04:30+00:00,BTC,62947.0,,,coingecko
2026-08-01T04:04:30+00:00,ETH,1868.13,,,coingecko
2026-08-01T04:04:30+00:00,SOL,73.01,,,coingecko
2026-08-01T04:04:30+00:00,XRP,1.065,,,coingecko
2026-08-01T04:04:30+00:00,DOGE,0.070093,,,coingecko
2026-08-01T04:04:30+00:00,BNB,588.94,,,coingecko
2026-08-01T04:04:30+00:00,ADA,0.170974,,,coingecko
2026-08-01T04:04:30+00:00,LINK,8.21,,,coingecko
2026-08-01T04:04:30+00:00,AVAX,6.41,,,coingecko
2026-08-01T04:04:30+00:00,DOT,0.764063,,,coingecko
2026-08-01T04:04:30+00:00,MATIC,0.126156,,,coingecko
2026-08-01T04:04:30+00:00,LTC,44.55,,,coingecko
2026-08-01T04:05:00+00:00,BTC,62948.555,,,consenso
2026-08-01T04:05:00+00:00,ETH,1868.145,,,consenso
2026-08-01T04:05:00+00:00,SOL,73.08,,,consenso
2026-08-01T04:05:00+00:00,XRP,1.066,,,consenso
2026-08-01T04:05:00+00:00,DOGE,0.07012,,,binance
2026-08-01T04:05:00+00:00,BNB,589.48,,,binance
2026-08-01T04:05:34+00:00,BTC,62953.0,,,coingecko
2026-08-01T04:05:34+00:00,ETH,1868.01,,,coingecko
2026-08-01T04:05:34+00:00,SOL,73.02,,,coingecko
2026-08-01T04:05:34+00:00,XRP,1.065,,,coingecko
2026-08-01T04:05:34+00:00,DOGE,0.070093,,,coingecko
2026-08-01T04:05:34+00:00,BNB,588.92,,,coingecko
2026-08-01T04:05:34+00:00,ADA,0.17102,,,coingecko
2026-08-01T04:05:34+00:00,LINK,8.21,,,coingecko
2026-08-01T04:05:34+00:00,AVAX,6.41,,,coingecko
2026-08-01T04:05:34+00:00,DOT,0.764082,,,coingecko
2026-08-01T04:05:34+00:00,MATIC,0.126156,,,coingecko
2026-08-01T04:05:34+00:00,LTC,44.55,,,coingecko
2026-08-01T04:06:37+00:00,BTC,62944.0,,,coingecko
2026-08-01T04:06:37+00:00,ETH,1867.49,,,coingecko
2026-08-01T04:06:37+00:00,SOL,73.02,,,coingecko
2026-08-01T04:06:37+00:00,XRP,1.065,,,coingecko
2026-08-01T04:06:37+00:00,DOGE,0.070066,,,coingecko
2026-08-01T04:06:37+00:00,BNB,588.93,,,coingecko
2026-08-01T04:06:37+00:00,ADA,0.171139,,,coingecko
2026-08-01T04:06:37+00:00,LINK,8.2,,,coingecko
2026-08-01T04:06:37+00:00,AVAX,6.42,,,coingecko
2026-08-01T04:06:37+00:00,DOT,0.764483,,,coingecko
2026-08-01T04:06:37+00:00,MATIC,0.126156,,,coingecko
2026-08-01T04:06:37+00:00,LTC,44.52,,,coingecko
2026-08-01T04:07:40+00:00,BTC,62943.0,,,coingecko
2026-08-01T04:07:40+00:00,ETH,1867.09,,,coingecko
2026-08-01T04:07:40+00:00,SOL,72.99,,,coingecko
2026-08-01T04:07:40+00:00,XRP,1.065,,,coingecko
2026-08-01T04:07:40+00:00,DOGE,0.070059,,,coingecko
2026-08-01T04:07:40+00:00,BNB,588.99,,,coingecko
2026-08-01T04:07:40+00:00,ADA,0.1711,,,coingecko
2026-08-01T04:07:40+00:00,LINK,8.2,,,coingecko
2026-08-01T04:07:40+00:00,AVAX,6.41,,,coingecko
2026-08-01T04:07:40+00:00,DOT,0.764175,,,coingecko
2026-08-01T04:07:40+00:00,MATIC,0.126156,,,coingecko
2026-08-01T04:07:40+00:00,LTC,44.51,,,coingecko
2026-08-01T04:08:43+00:00,BTC,62939.0,,,coingecko
2026-08-01T04:08:43+00:00,ETH,1866.89,,,coingecko
2026-08-01T04:08:43+00:00,SOL,72.99,,,coingecko
2026-08-01T04:08:43+00:00,XRP,1.065,,,coingecko
2026-08-01T04:08:43+00:00,DOGE,0.070057,,,coingecko
2026-08-01T04:08:43+00:00,BNB,588.65,,,coingecko
2026-08-01T04:08:43+00:00,ADA,0.171024,,,coingecko
2026-08-01T04:08:43+00:00,LINK,8.2,,,coingecko
2026-08-01T04:08:43+00:00,AVAX,6.41,,,coingecko
2026-08-01T04:08:43+00:00,DOT,0.764161,,,coingecko
2026-08-01T04:08:43+00:00,MATIC,0.126156,,,coingecko
2026-08-01T04:08:43+00:00,LTC,44.54,,,coingecko
2026-08-01T04:12:07+00:00,BTC,62943.3,,,consenso
2026-08-01T04:12:07+00:00,ETH,1867.535,,,consenso
2026-08-01T04:12:07+00:00,SOL,73.005,,,consenso
2026-08-01T04:12:07+00:00,XRP,1.06491,,,consenso
2026-08-01T04:12:07+00:00,DOGE,0.0701,,,binance
2026-08-01T04:12:07+00:00,BNB,588.9,,,binance
2026-08-01T04:13:08+00:00,BTC,62944.0,,,coingecko
2026-08-01T04:13:08+00:00,ETH,1867.41,,,coingecko
2026-08-01T04:13:08+00:00,SOL,72.99,,,coingecko
2026-08-01T04:13:08+00:00,XRP,1.065,,,coingecko
2026-08-01T04:13:08+00:00,DOGE,0.070057,,,coingecko
2026-08-01T04:13:08+00:00,BNB,588.44,,,coingecko
2026-08-01T04:13:08+00:00,ADA,0.171001,,,coingecko
2026-08-01T04:13:08+00:00,LINK,8.2,,,coingecko
2026-08-01T04:13:08+00:00,AVAX,6.41,,,coingecko
2026-08-01T04:13:08+00:00,DOT,0.763718,,,coingecko
2026-08-01T04:13:08+00:00,MATIC,0.126156,,,coingecko
2026-08-01T04:13:08+00:00,LTC,44.59,,,coingecko
2026-08-01T04:13:52+00:00,BTC,62943.3,,,consenso
2026-08-01T04:13:52+00:00,ETH,1867.535,,,consenso
2026-08-01T04:13:52+00:00,SOL,73.09,,,consenso
2026-08-01T04:13:52+00:00,XRP,1.0663,,,consenso
2026-08-01T04:13:52+00:00,DOGE,0.07012,,,binance
2026-08-01T04:13:52+00:00,BNB,589.08,,,binance
2026-08-01T04:14:14+00:00,BTC,62952.0,,,coingecko
2026-08-01T04:14:14+00:00,ETH,1867.73,,,coingecko
2026-08-01T04:14:14+00:00,SOL,73.02,,,coingecko
2026-08-01T04:14:14+00:00,XRP,1.065,,,coingecko
2026-08-01T04:14:14+00:00,DOGE,0.07005,,,coingecko
2026-08-01T04:14:14+00:00,BNB,588.43,,,coingecko
2026-08-01T04:14:14+00:00,ADA,0.170993,,,coingecko
2026-08-01T04:14:14+00:00,LINK,8.2,,,coingecko
2026-08-01T04:14:14+00:00,AVAX,6.42,,,coingecko
2026-08-01T04:14:14+00:00,DOT,0.763686,,,coingecko
2026-08-01T04:14:14+00:00,MATIC,0.126156,,,coingecko
2026-08-01T04:14:14+00:00,LTC,44.6,,,coingecko
2026-08-01T04:15:06+00:00,BTC,62943.3,,,consenso
2026-08-01T04:15:06+00:00,ETH,1867.535,,,consenso
2026-08-01T04:15:06+00:00,SOL,73.09,,,consenso
2026-08-01T04:15:06+00:00,XRP,1.066,,,consenso
2026-08-01T04:15:06+00:00,DOGE,0.07013,,,binance
2026-08-01T04:15:06+00:00,BNB,588.95,,,binance
2026-08-01T04:15:18+00:00,BTC,62954.0,,,coingecko
2026-08-01T04:15:18+00:00,ETH,1868.0,,,coingecko
2026-08-01T04:15:18+00:00,SOL,73.02,,,coingecko
2026-08-01T04:15:18+00:00,XRP,1.065,,,coingecko
2026-08-01T04:15:18+00:00,DOGE,0.070059,,,coingecko
2026-08-01T04:15:18+00:00,BNB,588.47,,,coingecko
2026-08-01T04:15:18+00:00,ADA,0.170988,,,coingecko
2026-08-01T04:15:18+00:00,LINK,8.2,,,coingecko
2026-08-01T04:15:18+00:00,AVAX,6.42,,,coingecko
2026-08-01T04:15:18+00:00,DOT,0.763771,,,coingecko
2026-08-01T04:15:18+00:00,MATIC,0.126156,,,coingecko
2026-08-01T04:15:18+00:00,LTC,44.61,,,coingecko
2026-08-01T04:16:21+00:00,BTC,62956.0,,,coingecko
2026-08-01T04:16:21+00:00,ETH,1868.04,,,coingecko
2026-08-01T04:16:21+00:00,SOL,73.03,,,coingecko
2026-08-01T04:16:21+00:00,XRP,1.065,,,coingecko
2026-08-01T04:16:21+00:00,DOGE,0.070055,,,coingecko
2026-08-01T04:16:21+00:00,BNB,588.5,,,coingecko
2026-08-01T04:16:21+00:00,ADA,0.170924,,,coingecko
2026-08-01T04:16:21+00:00,LINK,8.2,,,coingecko
2026-08-01T04:16:21+00:00,AVAX,6.42,,,coingecko
2026-08-01T04:16:21+00:00,DOT,0.76387,,,coingecko
2026-08-01T04:16:21+00:00,MATIC,0.126156,,,coingecko
2026-08-01T04:16:21+00:00,LTC,44.61,,,coingecko
2026-08-01T04:17:26+00:00,BTC,62957.0,,,coingecko
2026-08-01T04:17:26+00:00,ETH,1868.05,,,coingecko
2026-08-01T04:17:26+00:00,SOL,73.03,,,coingecko
2026-08-01T04:17:26+00:00,XRP,1.065,,,coingecko
2026-08-01T04:17:26+00:00,DOGE,0.070051,,,coingecko
2026-08-01T04:17:26+00:00,BNB,588.53,,,coingecko
2026-08-01T04:17:26+00:00,ADA,0.170676,,,coingecko
2026-08-01T04:17:26+00:00,LINK,8.2,,,coingecko
2026-08-01T04:17:26+00:00,AVAX,6.41,,,coingecko
2026-08-01T04:17:26+00:00,DOT,0.763821,,,coingecko
2026-08-01T04:17:26+00:00,MATIC,0.126156,,,coingecko
2026-08-01T04:17:26+00:00,LTC,44.6,,,coingecko
2026-08-01T04:18:30+00:00,BTC,62956.0,,,coingecko
2026-08-01T04:18:30+00:00,ETH,1868.0,,,coingecko
2026-08-01T04:18:30+00:00,SOL,73.01,,,coingecko
2026-08-01T04:18:30+00:00,XRP,1.065,,,coingecko
2026-08-01T04:18:30+00:00,DOGE,0.070063,,,coingecko
2026-08-01T04:18:30+00:00,BNB,588.62,,,coingecko
2026-08-01T04:18:30+00:00,ADA,0.170606,,,coingecko
2026-08-01T04:18:30+00:00,LINK,8.2,,,coingecko
2026-08-01T04:18:30+00:00,AVAX,6.42,,,coingecko
2026-08-01T04:18:30+00:00,DOT,0.763821,,,coingecko
2026-08-01T04:18:30+00:00,MATIC,0.126156,,,coingecko
2026-08-01T04:18:30+00:00,LTC,44.61,,,coingecko
2026-08-01T04:19:35+00:00,BTC,62958.0,,,coingecko
2026-08-01T04:19:35+00:00,ETH,1867.96,,,coingecko
2026-08-01T04:19:35+00:00,SOL,73.01,,,coingecko
2026-08-01T04:19:35+00:00,XRP,1.065,,,coingecko
2026-08-01T04:19:35+00:00,DOGE,0.070055,,,coingecko
2026-08-01T04:19:35+00:00,BNB,588.68,,,coingecko
2026-08-01T04:19:35+00:00,ADA,0.170588,,,coingecko
2026-08-01T04:19:35+00:00,LINK,8.2,,,coingecko
2026-08-01T04:19:35+00:00,AVAX,6.41,,,coingecko
2026-08-01T04:19:35+00:00,DOT,0.76371,,,coingecko
2026-08-01T04:19:35+00:00,MATIC,0.126156,,,coingecko
2026-08-01T04:19:35+00:00,LTC,44.62,,,coingecko
2026-08-01T04:20:39+00:00,BTC,62961.0,,,coingecko
2026-08-01T04:20:39+00:00,ETH,1867.96,,,coingecko
2026-08-01T04:20:39+00:00,SOL,73.01,,,coingecko
2026-08-01T04:20:39+00:00,XRP,1.065,,,coingecko
2026-08-01T04:20:39+00:00,DOGE,0.070047,,,coingecko
2026-08-01T04:20:39+00:00,BNB,588.76,,,coingecko
2026-08-01T04:20:39+00:00,ADA,0.170538,,,coingecko
2026-08-01T04:20:39+00:00,LINK,8.2,,,coingecko
2026-08-01T04:20:39+00:00,AVAX,6.41,,,coingecko
2026-08-01T04:20:39+00:00,DOT,0.763742,,,coingecko
2026-08-01T04:20:39+00:00,MATIC,0.126156,,,coingecko
2026-08-01T04:20:39+00:00,LTC,44.63,,,coingecko
2026-08-01T04:21:44+00:00,BTC,62967.0,,,coingecko
2026-08-01T04:21:44+00:00,ETH,1868.12,,,coingecko
2026-08-01T04:21:44+00:00,SOL,73.04,,,coingecko
2026-08-01T04:21:44+00:00,XRP,1.065,,,coingecko
2026-08-01T04:21:44+00:00,DOGE,0.070058,,,coingecko
2026-08-01T04:21:44+00:00,BNB,588.86,,,coingecko
2026-08-01T04:21:44+00:00,ADA,0.170534,,,coingecko
2026-08-01T04:21:44+00:00,LINK,8.2,,,coingecko
2026-08-01T04:21:44+00:00,AVAX,6.41,,,coingecko
2026-08-01T04:21:44+00:00,DOT,0.763633,,,coingecko
2026-08-01T04:21:44+00:00,MATIC,0.126156,,,coingecko
2026-08-01T04:21:44+00:00,LTC,44.63,,,coingecko
2026-08-01T04:22:00+00:00,BTC,62979.985,,,consenso
2026-08-01T04:22:00+00:00,ETH,1868.415,,,consenso
2026-08-01T04:22:00+00:00,SOL,73.04,,,consenso
2026-08-01T04:22:00+00:00,XRP,1.0649,,,consenso
2026-08-01T04:22:00+00:00,DOGE,0.07013,,,binance
2026-08-01T04:22:00+00:00,BNB,589.6,,,binance
2026-08-01T04:22:47+00:00,BTC,62970.0,,,coingecko
2026-08-01T04:22:47+00:00,ETH,1868.04,,,coingecko
2026-08-01T04:22:47+00:00,SOL,73.03,,,coingecko
2026-08-01T04:22:47+00:00,XRP,1.065,,,coingecko
2026-08-01T04:22:47+00:00,DOGE,0.070042,,,coingecko
2026-08-01T04:22:47+00:00,BNB,588.85,,,coingecko
2026-08-01T04:22:47+00:00,ADA,0.170438,,,coingecko
2026-08-01T04:22:47+00:00,LINK,8.2,,,coingecko
2026-08-01T04:22:47+00:00,AVAX,6.41,,,coingecko
2026-08-01T04:22:47+00:00,DOT,0.763738,,,coingecko
2026-08-01T04:22:47+00:00,MATIC,0.126156,,,coingecko
2026-08-01T04:22:47+00:00,LTC,44.63,,,coingecko
2026-08-01T04:22:56+00:00,BTC,62979.985,,,consenso
2026-08-01T04:22:56+00:00,ETH,1868.415,,,consenso
2026-08-01T04:22:56+00:00,SOL,73.12,,,consenso
2026-08-01T04:22:56+00:00,XRP,1.0661,,,consenso
2026-08-01T04:22:56+00:00,DOGE,0.07021,,,binance
2026-08-01T04:22:56+00:00,BNB,589.62,,,binance
2026-08-01T04:23:46+00:00,BTC,62979.985,,,consenso
2026-08-01T04:23:46+00:00,ETH,1868.415,,,consenso
2026-08-01T04:23:46+00:00,SOL,73.13,,,consenso
2026-08-01T04:23:46+00:00,XRP,1.0662,,,consenso
2026-08-01T04:23:46+00:00,DOGE,0.07021,,,binance
2026-08-01T04:23:46+00:00,BNB,589.74,,,binance
2026-08-01T04:25:42+00:00,BTC,62987.0,,,coingecko
2026-08-01T04:25:42+00:00,ETH,1868.52,,,coingecko
2026-08-01T04:25:42+00:00,SOL,73.05,,,coingecko
2026-08-01T04:25:42+00:00,XRP,1.065,,,coingecko
2026-08-01T04:25:42+00:00,DOGE,0.070135,,,coingecko
2026-08-01T04:25:42+00:00,BNB,589.09,,,coingecko
2026-08-01T04:25:42+00:00,ADA,0.170508,,,coingecko
2026-08-01T04:25:42+00:00,LINK,8.21,,,coingecko
2026-08-01T04:25:42+00:00,AVAX,6.42,,,coingecko
2026-08-01T04:25:42+00:00,DOT,0.763691,,,coingecko
2026-08-01T04:25:42+00:00,MATIC,0.126156,,,coingecko
2026-08-01T04:25:42+00:00,LTC,44.61,,,coingecko
2026-08-01T04:26:47+00:00,BTC,62988.0,,,coingecko
2026-08-01T04:26:47+00:00,ETH,1868.28,,,coingecko
2026-08-01T04:26:47+00:00,SOL,73.05,,,coingecko
2026-08-01T04:26:47+00:00,XRP,1.065,,,coingecko
2026-08-01T04:26:47+00:00,DOGE,0.070127,,,coingecko
2026-08-01T04:26:47+00:00,BNB,589.1,,,coingecko
2026-08-01T04:26:47+00:00,ADA,0.170476,,,coingecko
2026-08-01T04:26:47+00:00,LINK,8.21,,,coingecko
2026-08-01T04:26:47+00:00,AVAX,6.42,,,coingecko
2026-08-01T04:26:47+00:00,DOT,0.763676,,,coingecko
2026-08-01T04:26:47+00:00,MATIC,0.126156,,,coingecko
2026-08-01T04:26:47+00:00,LTC,44.61,,,coingecko
2026-08-01T04:27:50+00:00,BTC,62987.0,,,coingecko
2026-08-01T04:27:50+00:00,ETH,1868.06,,,coingecko
2026-08-01T04:27:50+00:00,SOL,73.05,,,coingecko
2026-08-01T04:27:50+00:00,XRP,1.065,,,coingecko
2026-08-01T04:27:50+00:00,DOGE,0.070127,,,coingecko
2026-08-01T04:27:50+00:00,BNB,589.06,,,coingecko
2026-08-01T04:27:50+00:00,ADA,0.170419,,,coingecko
2026-08-01T04:27:50+00:00,LINK,8.2,,,coingecko
2026-08-01T04:27:50+00:00,AVAX,6.42,,,coingecko
2026-08-01T04:27:50+00:00,DOT,0.763765,,,coingecko
2026-08-01T04:27:50+00:00,MATIC,0.126156,,,coingecko
2026-08-01T04:27:50+00:00,LTC,44.61,,,coingecko
2026-08-01T04:28:53+00:00,BTC,62987.0,,,coingecko
2026-08-01T04:28:53+00:00,ETH,1868.02,,,coingecko
2026-08-01T04:28:53+00:00,SOL,73.04,,,coingecko
2026-08-01T04:28:53+00:00,XRP,1.065,,,coingecko
2026-08-01T04:28:53+00:00,DOGE,0.070131,,,coingecko
2026-08-01T04:28:53+00:00,BNB,589.06,,,coingecko
2026-08-01T04:28:53+00:00,ADA,0.17042,,,coingecko
2026-08-01T04:28:53+00:00,LINK,8.2,,,coingecko
2026-08-01T04:28:53+00:00,AVAX,6.42,,,coingecko
2026-08-01T04:28:53+00:00,DOT,0.76373,,,coingecko
2026-08-01T04:28:53+00:00,MATIC,0.126156,,,coingecko
2026-08-01T04:28:53+00:00,LTC,44.61,,,coingecko
2026-08-01T04:29:56+00:00,BTC,62987.0,,,coingecko
2026-08-01T04:29:56+00:00,ETH,1868.0,,,coingecko
2026-08-01T04:29:56+00:00,SOL,73.05,,,coingecko
2026-08-01T04:29:56+00:00,XRP,1.065,,,coingecko
2026-08-01T04:29:56+00:00,DOGE,0.070134,,,coingecko
2026-08-01T04:29:56+00:00,BNB,589.1,,,coingecko
2026-08-01T04:29:56+00:00,ADA,0.170426,,,coingecko
2026-08-01T04:29:56+00:00,LINK,8.2,,,coingecko
2026-08-01T04:29:56+00:00,AVAX,6.42,,,coingecko
2026-08-01T04:29:56+00:00,DOT,0.763651,,,coingecko
2026-08-01T04:29:56+00:00,MATIC,0.126156,,,coingecko
2026-08-01T04:29:56+00:00,LTC,44.61,,,coingecko
2026-08-01T04:29:58+00:00,BTC,62978.295,,,consenso
2026-08-01T04:29:58+00:00,ETH,1867.675,,,consenso
2026-08-01T04:29:58+00:00,SOL,73.04,,,consenso
2026-08-01T04:29:58+00:00,XRP,1.0651,,,consenso
2026-08-01T04:29:58+00:00,DOGE,0.07023,,,binance
2026-08-01T04:29:58+00:00,BNB,589.79,,,binance
2026-08-01T04:30:52+00:00,BTC,62978.295,,,consenso
2026-08-01T04:30:52+00:00,ETH,1867.675,,,consenso
2026-08-01T04:30:52+00:00,SOL,73.11,,,consenso
2026-08-01T04:30:52+00:00,XRP,1.0659,,,consenso
2026-08-01T04:30:52+00:00,DOGE,0.07021,,,binance
2026-08-01T04:30:52+00:00,BNB,589.8,,,binance
2026-08-01T04:30:59+00:00,BTC,62986.0,,,coingecko
2026-08-01T04:30:59+00:00,ETH,1867.86,,,coingecko
2026-08-01T04:30:59+00:00,SOL,73.04,,,coingecko
2026-08-01T04:30:59+00:00,XRP,1.065,,,coingecko
2026-08-01T04:30:59+00:00,DOGE,0.070159,,,coingecko
2026-08-01T04:30:59+00:00,BNB,589.19,,,coingecko
2026-08-01T04:30:59+00:00,ADA,0.170341,,,coingecko
2026-08-01T04:30:59+00:00,LINK,8.2,,,coingecko
2026-08-01T04:30:59+00:00,AVAX,6.42,,,coingecko
2026-08-01T04:30:59+00:00,DOT,0.763665,,,coingecko
2026-08-01T04:30:59+00:00,MATIC,0.126156,,,coingecko
2026-08-01T04:30:59+00:00,LTC,44.6,,,coingecko
2026-08-01T04:31:35+00:00,BTC,62978.295,,,consenso
2026-08-01T04:31:35+00:00,ETH,1867.675,,,consenso
2026-08-01T04:31:35+00:00,SOL,73.12,,,consenso
2026-08-01T04:31:35+00:00,XRP,1.0659,,,consenso
2026-08-01T04:31:35+00:00,DOGE,0.07027,,,binance
2026-08-01T04:31:35+00:00,BNB,589.98,,,binance
2026-08-01T04:32:05+00:00,BTC,62988.0,,,coingecko
2026-08-01T04:32:05+00:00,ETH,1867.82,,,coingecko
2026-08-01T04:32:05+00:00,SOL,73.04,,,coingecko
2026-08-01T04:32:05+00:00,XRP,1.065,,,coingecko
2026-08-01T04:32:05+00:00,DOGE,0.070147,,,coingecko
2026-08-01T04:32:05+00:00,BNB,589.19,,,coingecko
2026-08-01T04:32:05+00:00,ADA,0.170287,,,coingecko
2026-08-01T04:32:05+00:00,LINK,8.2,,,coingecko
2026-08-01T04:32:05+00:00,AVAX,6.42,,,coingecko
2026-08-01T04:32:05+00:00,DOT,0.763766,,,coingecko
2026-08-01T04:32:05+00:00,MATIC,0.126156,,,coingecko
2026-08-01T04:32:05+00:00,LTC,44.6,,,coingecko
2026-08-01T04:33:07+00:00,BTC,62992.0,,,coingecko
2026-08-01T04:33:07+00:00,ETH,1868.06,,,coingecko
2026-08-01T04:33:07+00:00,SOL,73.05,,,coingecko
2026-08-01T04:33:07+00:00,XRP,1.065,,,coingecko
2026-08-01T04:33:07+00:00,DOGE,0.070167,,,coingecko
2026-08-01T04:33:07+00:00,BNB,589.35,,,coingecko
2026-08-01T04:33:07+00:00,ADA,0.170299,,,coingecko
2026-08-01T04:33:07+00:00,LINK,8.2,,,coingecko
2026-08-01T04:33:07+00:00,AVAX,6.41,,,coingecko
2026-08-01T04:33:07+00:00,DOT,0.763697,,,coingecko
2026-08-01T04:33:07+00:00,MATIC,0.126156,,,coingecko
2026-08-01T04:33:07+00:00,LTC,44.6,,,coingecko
2026-08-01T04:34:11+00:00,BTC,62992.0,,,coingecko
2026-08-01T04:34:11+00:00,ETH,1868.09,,,coingecko
2026-08-01T04:34:11+00:00,SOL,73.05,,,coingecko
2026-08-01T04:34:11+00:00,XRP,1.065,,,coingecko
2026-08-01T04:34:11+00:00,DOGE,0.070182,,,coingecko
2026-08-01T04:34:11+00:00,BNB,589.31,,,coingecko
2026-08-01T04:34:11+00:00,ADA,0.170368,,,coingecko
2026-08-01T04:34:11+00:00,LINK,8.2,,,coingecko
2026-08-01T04:34:11+00:00,AVAX,6.42,,,coingecko
2026-08-01T04:34:11+00:00,DOT,0.763586,,,coingecko
2026-08-01T04:34:11+00:00,MATIC,0.126156,,,coingecko
2026-08-01T04:34:11+00:00,LTC,44.59,,,coingecko
2026-08-01T04:35:14+00:00,BTC,62990.0,,,coingecko
2026-08-01T04:35:14+00:00,ETH,1867.96,,,coingecko
2026-08-01T04:35:14+00:00,SOL,73.04,,,coingecko
2026-08-01T04:35:14+00:00,XRP,1.065,,,coingecko
2026-08-01T04:35:14+00:00,DOGE,0.070163,,,coingecko
2026-08-01T04:35:14+00:00,BNB,589.27,,,coingecko
2026-08-01T04:35:14+00:00,ADA,0.1704,,,coingecko
2026-08-01T04:35:14+00:00,LINK,8.2,,,coingecko
2026-08-01T04:35:14+00:00,AVAX,6.42,,,coingecko
2026-08-01T04:35:14+00:00,DOT,0.76367,,,coingecko
2026-08-01T04:35:14+00:00,MATIC,0.126156,,,coingecko
2026-08-01T04:35:14+00:00,LTC,44.57,,,coingecko
2026-08-01T04:36:55+00:00,BTC,62977.625,,,consenso
2026-08-01T04:36:55+00:00,ETH,1867.825,,,consenso
2026-08-01T04:36:55+00:00,SOL,73.03,,,consenso
2026-08-01T04:36:55+00:00,XRP,1.06482,,,consenso
2026-08-01T04:36:55+00:00,DOGE,0.07021,,,binance
2026-08-01T04:36:55+00:00,BNB,589.91,,,binance
2026-08-01T04:38:17+00:00,BTC,62977.625,,,consenso
2026-08-01T04:38:17+00:00,ETH,1867.825,,,consenso
2026-08-01T04:38:17+00:00,SOL,73.07,,,consenso
2026-08-01T04:38:17+00:00,XRP,1.0657,,,consenso
2026-08-01T04:38:17+00:00,DOGE,0.07018,,,binance
2026-08-01T04:38:17+00:00,BNB,589.76,,,binance
2026-08-01T04:38:36+00:00,BTC,62985.0,,,coingecko
2026-08-01T04:38:36+00:00,ETH,1867.7,,,coingecko
2026-08-01T04:38:36+00:00,SOL,73.02,,,coingecko
2026-08-01T04:38:36+00:00,XRP,1.065,,,coingecko
2026-08-01T04:38:36+00:00,DOGE,0.07014,,,coingecko
2026-08-01T04:38:36+00:00,BNB,589.28,,,coingecko
2026-08-01T04:38:36+00:00,ADA,0.17054,,,coingecko
2026-08-01T04:38:36+00:00,LINK,8.2,,,coingecko
2026-08-01T04:38:36+00:00,AVAX,6.42,,,coingecko
2026-08-01T04:38:36+00:00,DOT,0.763793,,,coingecko
2026-08-01T04:38:36+00:00,MATIC,0.126156,,,coingecko
2026-08-01T04:38:36+00:00,LTC,44.56,,,coingecko
2026-08-01T04:39:06+00:00,BTC,62977.625,,,consenso
2026-08-01T04:39:06+00:00,ETH,1867.825,,,consenso
2026-08-01T04:39:06+00:00,SOL,73.06,,,consenso
2026-08-01T04:39:06+00:00,XRP,1.0657,,,consenso
2026-08-01T04:39:06+00:00,DOGE,0.07017,,,binance
2026-08-01T04:39:06+00:00,BNB,589.82,,,binance
2026-08-01T04:39:41+00:00,BTC,62986.0,,,coingecko
2026-08-01T04:39:41+00:00,ETH,1867.72,,,coingecko
2026-08-01T04:39:41+00:00,SOL,73.01,,,coingecko
2026-08-01T04:39:41+00:00,XRP,1.065,,,coingecko
2026-08-01T04:39:41+00:00,DOGE,0.070119,,,coingecko
2026-08-01T04:39:41+00:00,BNB,589.21,,,coingecko
2026-08-01T04:39:41+00:00,ADA,0.170498,,,coingecko
2026-08-01T04:39:41+00:00,LINK,8.2,,,coingecko
2026-08-01T04:39:41+00:00,AVAX,6.42,,,coingecko
2026-08-01T04:39:41+00:00,DOT,0.764244,,,coingecko
2026-08-01T04:39:41+00:00,MATIC,0.126156,,,coingecko
2026-08-01T04:39:41+00:00,LTC,44.56,,,coingecko
2026-08-01T04:40:44+00:00,BTC,62986.0,,,coingecko
2026-08-01T04:40:44+00:00,ETH,1867.59,,,coingecko
2026-08-01T04:40:44+00:00,SOL,73.01,,,coingecko
2026-08-01T04:40:44+00:00,XRP,1.065,,,coingecko
2026-08-01T04:40:44+00:00,DOGE,0.070116,,,coingecko
2026-08-01T04:40:44+00:00,BNB,589.26,,,coingecko
2026-08-01T04:40:44+00:00,ADA,0.170496,,,coingecko
2026-08-01T04:40:44+00:00,LINK,8.2,,,coingecko
2026-08-01T04:40:44+00:00,AVAX,6.41,,,coingecko
2026-08-01T04:40:44+00:00,DOT,0.764481,,,coingecko
2026-08-01T04:40:44+00:00,MATIC,0.126156,,,coingecko
2026-08-01T04:40:44+00:00,LTC,44.57,,,coingecko
2026-08-01T04:41:48+00:00,BTC,62990.0,,,coingecko
2026-08-01T04:41:48+00:00,ETH,1867.73,,,coingecko
2026-08-01T04:41:48+00:00,SOL,73.01,,,coingecko
2026-08-01T04:41:48+00:00,XRP,1.065,,,coingecko
2026-08-01T04:41:48+00:00,DOGE,0.070118,,,coingecko
2026-08-01T04:41:48+00:00,BNB,589.25,,,coingecko
2026-08-01T04:41:48+00:00,ADA,0.170567,,,coingecko
2026-08-01T04:41:48+00:00,LINK,8.2,,,coingecko
2026-08-01T04:41:48+00:00,AVAX,6.41,,,coingecko
2026-08-01T04:41:48+00:00,DOT,0.76446,,,coingecko
2026-08-01T04:41:48+00:00,MATIC,0.126156,,,coingecko
2026-08-01T04:41:48+00:00,LTC,44.57,,,coingecko
2026-08-01T04:42:51+00:00,BTC,62991.0,,,coingecko
2026-08-01T04:42:51+00:00,ETH,1867.87,,,coingecko
2026-08-01T04:42:51+00:00,SOL,73.01,,,coingecko
2026-08-01T04:42:51+00:00,XRP,1.065,,,coingecko
2026-08-01T04:42:51+00:00,DOGE,0.070129,,,coingecko
2026-08-01T04:42:51+00:00,BNB,589.36,,,coingecko
2026-08-01T04:42:51+00:00,ADA,0.17063,,,coingecko
2026-08-01T04:42:51+00:00,LINK,8.2,,,coingecko
2026-08-01T04:42:51+00:00,AVAX,6.42,,,coingecko
2026-08-01T04:42:51+00:00,DOT,0.764627,,,coingecko
2026-08-01T04:42:51+00:00,MATIC,0.126156,,,coingecko
2026-08-01T04:42:51+00:00,LTC,44.57,,,coingecko
2026-08-01T04:43:54+00:00,BTC,62993.0,,,coingecko
2026-08-01T04:43:54+00:00,ETH,1868.13,,,coingecko
2026-08-01T04:43:54+00:00,SOL,73.04,,,coingecko
2026-08-01T04:43:54+00:00,XRP,1.065,,,coingecko
2026-08-01T04:43:54+00:00,DOGE,0.070163,,,coingecko
2026-08-01T04:43:54+00:00,BNB,589.66,,,coingecko
2026-08-01T04:43:54+00:00,ADA,0.170761,,,coingecko
2026-08-01T04:43:54+00:00,LINK,8.2,,,coingecko
2026-08-01T04:43:54+00:00,AVAX,6.42,,,coingecko
2026-08-01T04:43:54+00:00,DOT,0.764578,,,coingecko
2026-08-01T04:43:54+00:00,MATIC,0.126156,,,coingecko
2026-08-01T04:43:54+00:00,LTC,44.59,,,coingecko
2026-08-01T04:44:38+00:00,BTC,63004.855,,,consenso
2026-08-01T04:44:38+00:00,ETH,1868.485,,,consenso
2026-08-01T04:44:38+00:00,SOL,73.065,,,consenso
2026-08-01T04:44:38+00:00,XRP,1.06516,,,consenso
2026-08-01T04:44:38+00:00,DOGE,0.07024,,,binance
2026-08-01T04:44:38+00:00,BNB,592.05,,,binance
2026-08-01T04:45:00+00:00,BTC,63002.0,,,coingecko
2026-08-01T04:45:00+00:00,ETH,1868.22,,,coingecko
2026-08-01T04:45:00+00:00,SOL,73.05,,,coingecko
2026-08-01T04:45:00+00:00,XRP,1.065,,,coingecko
2026-08-01T04:45:00+00:00,DOGE,0.07017,,,coingecko
2026-08-01T04:45:00+00:00,BNB,591.27,,,coingecko
2026-08-01T04:45:00+00:00,ADA,0.170827,,,coingecko
2026-08-01T04:45:00+00:00,LINK,8.2,,,coingecko
2026-08-01T04:45:00+00:00,AVAX,6.42,,,coingecko
2026-08-01T04:45:00+00:00,DOT,0.764927,,,coingecko
2026-08-01T04:45:00+00:00,MATIC,0.126156,,,coingecko
2026-08-01T04:45:00+00:00,LTC,44.59,,,coingecko
2026-08-01T04:45:28+00:00,BTC,63004.855,,,consenso
2026-08-01T04:45:28+00:00,ETH,1868.485,,,consenso
2026-08-01T04:45:28+00:00,SOL,73.13,,,consenso
2026-08-01T04:45:28+00:00,XRP,1.0662,,,consenso
2026-08-01T04:45:28+00:00,DOGE,0.07024,,,binance
2026-08-01T04:45:28+00:00,BNB,592.14,,,binance
2026-08-01T04:46:02+00:00,BTC,63005.0,,,coingecko
2026-08-01T04:46:02+00:00,ETH,1868.29,,,coingecko
2026-08-01T04:46:02+00:00,SOL,73.05,,,coingecko
2026-08-01T04:46:02+00:00,XRP,1.065,,,coingecko
2026-08-01T04:46:02+00:00,DOGE,0.070171,,,coingecko
2026-08-01T04:46:02+00:00,BNB,591.43,,,coingecko
2026-08-01T04:46:02+00:00,ADA,0.17084,,,coingecko
2026-08-01T04:46:02+00:00,LINK,8.2,,,coingecko
2026-08-01T04:46:02+00:00,AVAX,6.42,,,coingecko
2026-08-01T04:46:02+00:00,DOT,0.764855,,,coingecko
2026-08-01T04:46:02+00:00,MATIC,0.126156,,,coingecko
2026-08-01T04:46:02+00:00,LTC,44.6,,,coingecko
2026-08-01T04:46:09+00:00,BTC,63004.855,,,consenso
2026-08-01T04:46:09+00:00,ETH,1868.485,,,consenso
2026-08-01T04:46:09+00:00,SOL,73.13,,,consenso
2026-08-01T04:46:09+00:00,XRP,1.0663,,,consenso
2026-08-01T04:46:09+00:00,DOGE,0.07026,,,binance
2026-08-01T04:46:09+00:00,BNB,592.04,,,binance
2026-08-01T04:47:06+00:00,BTC,63006.0,,,coingecko
2026-08-01T04:47:06+00:00,ETH,1868.35,,,coingecko
2026-08-01T04:47:06+00:00,SOL,73.06,,,coingecko
2026-08-01T04:47:06+00:00,XRP,1.065,,,coingecko
2026-08-01T04:47:06+00:00,DOGE,0.070174,,,coingecko
2026-08-01T04:47:06+00:00,BNB,591.44,,,coingecko
2026-08-01T04:47:06+00:00,ADA,0.170815,,,coingecko
2026-08-01T04:47:06+00:00,LINK,8.2,,,coingecko
2026-08-01T04:47:06+00:00,AVAX,6.42,,,coingecko
2026-08-01T04:47:06+00:00,DOT,0.764852,,,coingecko
2026-08-01T04:47:06+00:00,MATIC,0.126156,,,coingecko
2026-08-01T04:47:06+00:00,LTC,44.61,,,coingecko
2026-08-01T04:48:09+00:00,BTC,63009.0,,,coingecko
2026-08-01T04:48:09+00:00,ETH,1868.39,,,coingecko
2026-08-01T04:48:09+00:00,SOL,73.06,,,coingecko
2026-08-01T04:48:09+00:00,XRP,1.065,,,coingecko
2026-08-01T04:48:09+00:00,DOGE,0.070185,,,coingecko
2026-08-01T04:48:09+00:00,BNB,591.48,,,coingecko
2026-08-01T04:48:09+00:00,ADA,0.170928,,,coingecko
2026-08-01T04:48:09+00:00,LINK,8.2,,,coingecko
2026-08-01T04:48:09+00:00,AVAX,6.43,,,coingecko
2026-08-01T04:48:09+00:00,DOT,0.765059,,,coingecko
2026-08-01T04:48:09+00:00,MATIC,0.126156,,,coingecko
2026-08-01T04:48:09+00:00,LTC,44.63,,,coingecko
2026-08-01T04:51:16+00:00,BTC,63025.0,,,coingecko
2026-08-01T04:51:16+00:00,ETH,1868.25,,,coingecko
2026-08-01T04:51:16+00:00,SOL,73.09,,,coingecko
2026-08-01T04:51:16+00:00,XRP,1.065,,,coingecko
2026-08-01T04:51:16+00:00,DOGE,0.070149,,,coingecko
2026-08-01T04:51:16+00:00,BNB,591.23,,,coingecko
2026-08-01T04:51:16+00:00,ADA,0.17073,,,coingecko
2026-08-01T04:51:16+00:00,LINK,8.2,,,coingecko
2026-08-01T04:51:16+00:00,AVAX,6.43,,,coingecko
2026-08-01T04:51:16+00:00,DOT,0.765554,,,coingecko
2026-08-01T04:51:16+00:00,MATIC,0.126156,,,coingecko
2026-08-01T04:51:16+00:00,LTC,44.66,,,coingecko
2026-08-01T04:52:21+00:00,BTC,63027.0,,,coingecko
2026-08-01T04:52:21+00:00,ETH,1868.33,,,coingecko
2026-08-01T04:52:21+00:00,SOL,73.09,,,coingecko
2026-08-01T04:52:21+00:00,XRP,1.065,,,coingecko
2026-08-01T04:52:21+00:00,DOGE,0.070126,,,coingecko
2026-08-01T04:52:21+00:00,BNB,591.42,,,coingecko
2026-08-01T04:52:21+00:00,ADA,0.170718,,,coingecko
2026-08-01T04:52:21+00:00,LINK,8.21,,,coingecko
2026-08-01T04:52:21+00:00,AVAX,6.43,,,coingecko
2026-08-01T04:52:21+00:00,DOT,0.765646,,,coingecko
2026-08-01T04:52:21+00:00,MATIC,0.126156,,,coingecko
2026-08-01T04:52:21+00:00,LTC,44.66,,,coingecko
2026-08-01T04:52:23+00:00,BTC,63025.465,,,consenso
2026-08-01T04:52:23+00:00,ETH,1868.205,,,consenso
2026-08-01T04:52:23+00:00,SOL,73.09,,,consenso
2026-08-01T04:52:23+00:00,XRP,1.0658,,,consenso
2026-08-01T04:52:23+00:00,DOGE,0.07019,,,binance
2026-08-01T04:52:23+00:00,BNB,591.94,,,binance
2026-08-01T04:53:24+00:00,BTC,63028.0,,,coingecko
2026-08-01T04:53:24+00:00,ETH,1868.17,,,coingecko
2026-08-01T04:53:24+00:00,SOL,73.09,,,coingecko
2026-08-01T04:53:24+00:00,XRP,1.066,,,coingecko
2026-08-01T04:53:24+00:00,DOGE,0.07011,,,coingecko
2026-08-01T04:53:24+00:00,BNB,591.5,,,coingecko
2026-08-01T04:53:24+00:00,ADA,0.170756,,,coingecko
2026-08-01T04:53:24+00:00,LINK,8.21,,,coingecko
2026-08-01T04:53:24+00:00,AVAX,6.43,,,coingecko
2026-08-01T04:53:24+00:00,DOT,0.765711,,,coingecko
2026-08-01T04:53:24+00:00,MATIC,0.126156,,,coingecko
2026-08-01T04:53:24+00:00,LTC,44.67,,,coingecko
2026-08-01T04:53:23+00:00,BTC,63025.465,,,consenso
2026-08-01T04:53:23+00:00,ETH,1868.205,,,consenso
2026-08-01T04:53:23+00:00,SOL,73.17,,,consenso
2026-08-01T04:53:23+00:00,XRP,1.0668,,,consenso
2026-08-01T04:53:23+00:00,DOGE,0.07018,,,binance
2026-08-01T04:53:23+00:00,BNB,592.12,,,binance
2026-08-01T04:54:12+00:00,BTC,63025.465,,,consenso
2026-08-01T04:54:12+00:00,ETH,1868.205,,,consenso
2026-08-01T04:54:12+00:00,SOL,73.2,,,consenso
2026-08-01T04:54:12+00:00,XRP,1.067,,,consenso
2026-08-01T04:54:12+00:00,DOGE,0.07018,,,binance
2026-08-01T04:54:12+00:00,BNB,591.94,,,binance
2026-08-01T04:54:27+00:00,BTC,63029.0,,,coingecko
2026-08-01T04:54:27+00:00,ETH,1868.32,,,coingecko
2026-08-01T04:54:27+00:00,SOL,73.09,,,coingecko
2026-08-01T04:54:27+00:00,XRP,1.066,,,coingecko
2026-08-01T04:54:27+00:00,DOGE,0.070113,,,coingecko
2026-08-01T04:54:27+00:00,BNB,591.37,,,coingecko
2026-08-01T04:54:27+00:00,ADA,0.170753,,,coingecko
2026-08-01T04:54:27+00:00,LINK,8.21,,,coingecko
2026-08-01T04:54:27+00:00,AVAX,6.43,,,coingecko
2026-08-01T04:54:27+00:00,DOT,0.765892,,,coingecko
2026-08-01T04:54:27+00:00,MATIC,0.126156,,,coingecko
2026-08-01T04:54:27+00:00,LTC,44.67,,,coingecko
2026-08-01T04:55:30+00:00,BTC,63036.0,,,coingecko
2026-08-01T04:55:30+00:00,ETH,1868.49,,,coingecko
2026-08-01T04:55:30+00:00,SOL,73.13,,,coingecko
2026-08-01T04:55:30+00:00,XRP,1.066,,,coingecko
2026-08-01T04:55:30+00:00,DOGE,0.070107,,,coingecko
2026-08-01T04:55:30+00:00,BNB,591.45,,,coingecko
2026-08-01T04:55:30+00:00,ADA,0.170877,,,coingecko
2026-08-01T04:55:30+00:00,LINK,8.21,,,coingecko
2026-08-01T04:55:30+00:00,AVAX,6.44,,,coingecko
2026-08-01T04:55:30+00:00,DOT,0.765983,,,coingecko
2026-08-01T04:55:30+00:00,MATIC,0.126156,,,coingecko
2026-08-01T04:55:30+00:00,LTC,44.69,,,coingecko
2026-08-01T04:56:33+00:00,BTC,63040.0,,,coingecko
2026-08-01T04:56:33+00:00,ETH,1868.42,,,coingecko
2026-08-01T04:56:33+00:00,SOL,73.11,,,coingecko
2026-08-01T04:56:33+00:00,XRP,1.066,,,coingecko
2026-08-01T04:56:33+00:00,DOGE,0.070098,,,coingecko
2026-08-01T04:56:33+00:00,BNB,591.32,,,coingecko
2026-08-01T04:56:33+00:00,ADA,0.170822,,,coingecko
2026-08-01T04:56:33+00:00,LINK,8.21,,,coingecko
2026-08-01T04:56:33+00:00,AVAX,6.44,,,coingecko
2026-08-01T04:56:33+00:00,DOT,0.765909,,,coingecko
2026-08-01T04:56:33+00:00,MATIC,0.126156,,,coingecko
2026-08-01T04:56:33+00:00,LTC,44.7,,,coingecko
2026-08-01T04:57:38+00:00,BTC,63037.0,,,coingecko
2026-08-01T04:57:38+00:00,ETH,1868.25,,,coingecko
2026-08-01T04:57:38+00:00,SOL,73.1,,,coingecko
2026-08-01T04:57:38+00:00,XRP,1.066,,,coingecko
2026-08-01T04:57:38+00:00,DOGE,0.07009,,,coingecko
2026-08-01T04:57:38+00:00,BNB,591.28,,,coingecko
2026-08-01T04:57:38+00:00,ADA,0.170759,,,coingecko
2026-08-01T04:57:38+00:00,LINK,8.21,,,coingecko
2026-08-01T04:57:38+00:00,AVAX,6.44,,,coingecko
2026-08-01T04:57:38+00:00,DOT,0.765813,,,coingecko
2026-08-01T04:57:38+00:00,MATIC,0.126156,,,coingecko
2026-08-01T04:57:38+00:00,LTC,44.7,,,coingecko
2026-08-01T04:58:41+00:00,BTC,63035.0,,,coingecko
2026-08-01T04:58:41+00:00,ETH,1867.94,,,coingecko
2026-08-01T04:58:41+00:00,SOL,73.09,,,coingecko
2026-08-01T04:58:41+00:00,XRP,1.066,,,coingecko
2026-08-01T04:58:41+00:00,DOGE,0.070087,,,coingecko
2026-08-01T04:58:41+00:00,BNB,591.22,,,coingecko
2026-08-01T04:58:41+00:00,ADA,0.170813,,,coingecko
2026-08-01T04:58:41+00:00,LINK,8.22,,,coingecko
2026-08-01T04:58:41+00:00,AVAX,6.44,,,coingecko
2026-08-01T04:58:41+00:00,DOT,0.7659,,,coingecko
2026-08-01T04:58:41+00:00,MATIC,0.126156,,,coingecko
2026-08-01T04:58:41+00:00,LTC,44.71,,,coingecko
2026-08-01T04:59:33+00:00,BTC,63026.655,,,consenso
2026-08-01T04:59:33+00:00,ETH,1867.985,,,consenso
2026-08-01T04:59:33+00:00,SOL,73.09,,,consenso
2026-08-01T04:59:33+00:00,XRP,1.06607,,,consenso
2026-08-01T04:59:33+00:00,DOGE,0.07017,,,binance
2026-08-01T04:59:33+00:00,BNB,591.95,,,binance
2026-08-01T04:59:45+00:00,BTC,63036.0,,,coingecko
2026-08-01T04:59:45+00:00,ETH,1867.96,,,coingecko
2026-08-01T04:59:45+00:00,SOL,73.1,,,coingecko
2026-08-01T04:59:45+00:00,XRP,1.066,,,coingecko
2026-08-01T04:59:45+00:00,DOGE,0.070106,,,coingecko
2026-08-01T04:59:45+00:00,BNB,591.34,,,coingecko
2026-08-01T04:59:45+00:00,ADA,0.170964,,,coingecko
2026-08-01T04:59:45+00:00,LINK,8.22,,,coingecko
2026-08-01T04:59:45+00:00,AVAX,6.44,,,coingecko
2026-08-01T04:59:45+00:00,DOT,0.765968,,,coingecko
2026-08-01T04:59:45+00:00,MATIC,0.126156,,,coingecko
2026-08-01T04:59:45+00:00,LTC,44.69,,,coingecko
2026-08-01T05:00:31+00:00,BTC,63026.655,,,consenso
2026-08-01T05:00:31+00:00,ETH,1867.985,,,consenso
2026-08-01T05:00:31+00:00,SOL,73.16,,,consenso
2026-08-01T05:00:31+00:00,XRP,1.0667,,,consenso
2026-08-01T05:00:31+00:00,DOGE,0.0702,,,binance
2026-08-01T05:00:31+00:00,BNB,591.9,,,binance
2026-08-01T05:00:48+00:00,BTC,63043.0,,,coingecko
2026-08-01T05:00:48+00:00,ETH,1867.99,,,coingecko
2026-08-01T05:00:48+00:00,SOL,73.09,,,coingecko
2026-08-01T05:00:48+00:00,XRP,1.066,,,coingecko
2026-08-01T05:00:48+00:00,DOGE,0.070106,,,coingecko
2026-08-01T05:00:48+00:00,BNB,591.34,,,coingecko
2026-08-01T05:00:48+00:00,ADA,0.170997,,,coingecko
2026-08-01T05:00:48+00:00,LINK,8.22,,,coingecko
2026-08-01T05:00:48+00:00,AVAX,6.44,,,coingecko
2026-08-01T05:00:48+00:00,DOT,0.765981,,,coingecko
2026-08-01T05:00:48+00:00,MATIC,0.126156,,,coingecko
2026-08-01T05:00:48+00:00,LTC,44.68,,,coingecko
2026-08-01T05:01:12+00:00,BTC,63026.655,,,consenso
2026-08-01T05:01:12+00:00,ETH,1867.985,,,consenso
2026-08-01T05:01:12+00:00,SOL,73.17,,,consenso
2026-08-01T05:01:12+00:00,XRP,1.0664,,,consenso
2026-08-01T05:01:12+00:00,DOGE,0.07018,,,binance
2026-08-01T05:01:12+00:00,BNB,592.0,,,binance
2026-08-01T05:03:56+00:00,BTC,63040.0,,,coingecko
2026-08-01T05:03:56+00:00,ETH,1868.09,,,coingecko
2026-08-01T05:03:56+00:00,SOL,73.09,,,coingecko
2026-08-01T05:03:56+00:00,XRP,1.065,,,coingecko
2026-08-01T05:03:56+00:00,DOGE,0.070107,,,coingecko
2026-08-01T05:03:56+00:00,BNB,591.35,,,coingecko
2026-08-01T05:03:56+00:00,ADA,0.170891,,,coingecko
2026-08-01T05:03:56+00:00,LINK,8.22,,,coingecko
2026-08-01T05:03:56+00:00,AVAX,6.44,,,coingecko
2026-08-01T05:03:56+00:00,DOT,0.765823,,,coingecko
2026-08-01T05:03:56+00:00,MATIC,0.126156,,,coingecko
2026-08-01T05:03:56+00:00,LTC,44.67,,,coingecko
2026-08-01T05:05:02+00:00,BTC,63012.0,,,coingecko
2026-08-01T05:05:02+00:00,ETH,1867.73,,,coingecko
2026-08-01T05:05:02+00:00,SOL,73.08,,,coingecko
2026-08-01T05:05:02+00:00,XRP,1.065,,,coingecko
2026-08-01T05:05:02+00:00,DOGE,0.070105,,,coingecko
2026-08-01T05:05:02+00:00,BNB,591.31,,,coingecko
2026-08-01T05:05:02+00:00,ADA,0.170862,,,coingecko
2026-08-01T05:05:02+00:00,LINK,8.22,,,coingecko
2026-08-01T05:05:02+00:00,AVAX,6.43,,,coingecko
2026-08-01T05:05:02+00:00,DOT,0.765769,,,coingecko
2026-08-01T05:05:02+00:00,MATIC,0.126156,,,coingecko
2026-08-01T05:05:02+00:00,LTC,44.65,,,coingecko
2026-08-01T05:06:06+00:00,BTC,63023.0,,,coingecko
2026-08-01T05:06:06+00:00,ETH,1868.05,,,coingecko
2026-08-01T05:06:06+00:00,SOL,73.09,,,coingecko
2026-08-01T05:06:06+00:00,XRP,1.065,,,coingecko
2026-08-01T05:06:06+00:00,DOGE,0.070101,,,coingecko
2026-08-01T05:06:06+00:00,BNB,591.32,,,coingecko
2026-08-01T05:06:06+00:00,ADA,0.170881,,,coingecko
2026-08-01T05:06:06+00:00,LINK,8.23,,,coingecko
2026-08-01T05:06:06+00:00,AVAX,6.43,,,coingecko
2026-08-01T05:06:06+00:00,DOT,0.765887,,,coingecko
2026-08-01T05:06:06+00:00,MATIC,0.126156,,,coingecko
2026-08-01T05:06:06+00:00,LTC,44.65,,,coingecko
2026-08-01T05:07:10+00:00,BTC,63043.0,,,coingecko
2026-08-01T05:07:10+00:00,ETH,1868.48,,,coingecko
2026-08-01T05:07:10+00:00,SOL,73.1,,,coingecko
2026-08-01T05:07:10+00:00,XRP,1.066,,,coingecko
2026-08-01T05:07:10+00:00,DOGE,0.070117,,,coingecko
2026-08-01T05:07:10+00:00,BNB,591.37,,,coingecko
2026-08-01T05:07:10+00:00,ADA,0.170969,,,coingecko
2026-08-01T05:07:10+00:00,LINK,8.23,,,coingecko
2026-08-01T05:07:10+00:00,AVAX,6.43,,,coingecko
2026-08-01T05:07:10+00:00,DOT,0.766532,,,coingecko
2026-08-01T05:07:10+00:00,MATIC,0.126156,,,coingecko
2026-08-01T05:07:10+00:00,LTC,44.65,,,coingecko
2026-08-01T05:07:44+00:00,BTC,63039.835,,,consenso
2026-08-01T05:07:44+00:00,ETH,1868.695,,,consenso
2026-08-01T05:07:44+00:00,SOL,73.115,,,consenso
2026-08-01T05:07:44+00:00,XRP,1.06575,,,consenso
2026-08-01T05:07:44+00:00,DOGE,0.0702,,,binance
2026-08-01T05:07:44+00:00,BNB,591.79,,,binance
2026-08-01T05:08:15+00:00,BTC,63046.0,,,coingecko
2026-08-01T05:08:15+00:00,ETH,1868.55,,,coingecko
2026-08-01T05:08:15+00:00,SOL,73.1,,,coingecko
2026-08-01T05:08:15+00:00,XRP,1.066,,,coingecko
2026-08-01T05:08:15+00:00,DOGE,0.070131,,,coingecko
2026-08-01T05:08:15+00:00,BNB,591.43,,,coingecko
2026-08-01T05:08:15+00:00,ADA,0.170995,,,coingecko
2026-08-01T05:08:15+00:00,LINK,8.23,,,coingecko
2026-08-01T05:08:15+00:00,AVAX,6.44,,,coingecko
2026-08-01T05:08:15+00:00,DOT,0.766667,,,coingecko
2026-08-01T05:08:15+00:00,MATIC,0.126156,,,coingecko
2026-08-01T05:08:15+00:00,LTC,44.65,,,coingecko
2026-08-01T05:08:46+00:00,BTC,63039.835,,,consenso
2026-08-01T05:08:46+00:00,ETH,1868.695,,,consenso
2026-08-01T05:08:46+00:00,SOL,73.18,,,consenso
2026-08-01T05:08:46+00:00,XRP,1.0667,,,consenso
2026-08-01T05:08:46+00:00,DOGE,0.0702,,,binance
2026-08-01T05:08:46+00:00,BNB,591.7,,,binance
2026-08-01T05:09:18+00:00,BTC,63047.0,,,coingecko
2026-08-01T05:09:18+00:00,ETH,1868.49,,,coingecko
2026-08-01T05:09:18+00:00,SOL,73.11,,,coingecko
2026-08-01T05:09:18+00:00,XRP,1.066,,,coingecko
2026-08-01T05:09:18+00:00,DOGE,0.070133,,,coingecko
2026-08-01T05:09:18+00:00,BNB,591.49,,,coingecko
2026-08-01T05:09:18+00:00,ADA,0.170955,,,coingecko
2026-08-01T05:09:18+00:00,LINK,8.23,,,coingecko
2026-08-01T05:09:18+00:00,AVAX,6.44,,,coingecko
2026-08-01T05:09:18+00:00,DOT,0.766556,,,coingecko
2026-08-01T05:09:18+00:00,MATIC,0.126156,,,coingecko
2026-08-01T05:09:18+00:00,LTC,44.65,,,coingecko
2026-08-01T05:09:48+00:00,BTC,63039.835,,,consenso
2026-08-01T05:09:48+00:00,ETH,1868.695,,,consenso
2026-08-01T05:09:48+00:00,SOL,73.18,,,consenso
2026-08-01T05:09:48+00:00,XRP,1.0667,,,consenso
2026-08-01T05:09:48+00:00,DOGE,0.07019,,,binance
2026-08-01T05:09:48+00:00,BNB,591.63,,,binance
2026-08-01T05:10:25+00:00,BTC,63047.0,,,coingecko
2026-08-01T05:10:25+00:00,ETH,1868.58,,,coingecko
2026-08-01T05:10:25+00:00,SOL,73.1,,,coingecko
2026-08-01T05:10:25+00:00,XRP,1.066,,,coingecko
2026-08-01T05:10:25+00:00,DOGE,0.070127,,,coingecko
2026-08-01T05:10:25+00:00,BNB,591.2,,,coingecko
2026-08-01T05:10:25+00:00,ADA,0.170957,,,coingecko
2026-08-01T05:10:25+00:00,LINK,8.23,,,coingecko
2026-08-01T05:10:25+00:00,AVAX,6.43,,,coingecko
2026-08-01T05:10:25+00:00,DOT,0.766578,,,coingecko
2026-08-01T05:10:25+00:00,MATIC,0.126156,,,coingecko
2026-08-01T05:10:25+00:00,LTC,44.65,,,coingecko
2026-08-01T05:11:28+00:00,BTC,63058.0,,,coingecko
2026-08-01T05:11:28+00:00,ETH,1868.67,,,coingecko
2026-08-01T05:11:28+00:00,SOL,73.11,,,coingecko
2026-08-01T05:11:28+00:00,XRP,1.066,,,coingecko
2026-08-01T05:11:28+00:00,DOGE,0.070121,,,coingecko
2026-08-01T05:11:28+00:00,BNB,591.09,,,coingecko
2026-08-01T05:11:28+00:00,ADA,0.171067,,,coingecko
2026-08-01T05:11:28+00:00,LINK,8.23,,,coingecko
2026-08-01T05:11:28+00:00,AVAX,6.44,,,coingecko
2026-08-01T05:11:28+00:00,DOT,0.766562,,,coingecko
2026-08-01T05:11:28+00:00,MATIC,0.126156,,,coingecko
2026-08-01T05:11:28+00:00,LTC,44.66,,,coingecko
2026-08-01T05:12:33+00:00,BTC,63063.0,,,coingecko
2026-08-01T05:12:33+00:00,ETH,1868.77,,,coingecko
2026-08-01T05:12:33+00:00,SOL,73.11,,,coingecko
2026-08-01T05:12:33+00:00,XRP,1.066,,,coingecko
2026-08-01T05:12:33+00:00,DOGE,0.070125,,,coingecko
2026-08-01T05:12:33+00:00,BNB,591.08,,,coingecko
2026-08-01T05:12:33+00:00,ADA,0.171108,,,coingecko
2026-08-01T05:12:33+00:00,LINK,8.23,,,coingecko
2026-08-01T05:12:33+00:00,AVAX,6.44,,,coingecko
2026-08-01T05:12:33+00:00,DOT,0.766451,,,coingecko
2026-08-01T05:12:33+00:00,MATIC,0.126156,,,coingecko
2026-08-01T05:12:33+00:00,LTC,44.64,,,coingecko
2026-08-01T05:13:37+00:00,BTC,63067.0,,,coingecko
2026-08-01T05:13:37+00:00,ETH,1868.77,,,coingecko
2026-08-01T05:13:37+00:00,SOL,73.11,,,coingecko
2026-08-01T05:13:37+00:00,XRP,1.066,,,coingecko
2026-08-01T05:13:37+00:00,DOGE,0.070094,,,coingecko
2026-08-01T05:13:37+00:00,BNB,590.98,,,coingecko
2026-08-01T05:13:37+00:00,ADA,0.171081,,,coingecko
2026-08-01T05:13:37+00:00,LINK,8.23,,,coingecko
2026-08-01T05:13:37+00:00,AVAX,6.44,,,coingecko
2026-08-01T05:13:37+00:00,DOT,0.766452,,,coingecko
2026-08-01T05:13:37+00:00,MATIC,0.126156,,,coingecko
2026-08-01T05:13:37+00:00,LTC,44.63,,,coingecko
2026-08-01T05:17:55+00:00,BTC,63049.0,,,coingecko
2026-08-01T05:17:55+00:00,ETH,1868.02,,,coingecko
2026-08-01T05:17:55+00:00,SOL,73.07,,,coingecko
2026-08-01T05:17:55+00:00,XRP,1.065,,,coingecko
2026-08-01T05:17:55+00:00,DOGE,0.070059,,,coingecko
2026-08-01T05:17:55+00:00,BNB,590.64,,,coingecko
2026-08-01T05:17:55+00:00,ADA,0.170764,,,coingecko
2026-08-01T05:17:55+00:00,LINK,8.23,,,coingecko
2026-08-01T05:17:55+00:00,AVAX,6.43,,,coingecko
2026-08-01T05:17:55+00:00,DOT,0.766875,,,coingecko
2026-08-01T05:17:55+00:00,MATIC,0.126156,,,coingecko
2026-08-01T05:17:55+00:00,LTC,44.6,,,coingecko
2026-08-01T05:19:01+00:00,BTC,63029.0,,,coingecko
2026-08-01T05:19:01+00:00,ETH,1867.63,,,coingecko
2026-08-01T05:19:01+00:00,SOL,73.05,,,coingecko
2026-08-01T05:19:01+00:00,XRP,1.064,,,coingecko
2026-08-01T05:19:01+00:00,DOGE,0.070038,,,coingecko
2026-08-01T05:19:01+00:00,BNB,590.57,,,coingecko
2026-08-01T05:19:01+00:00,ADA,0.1707,,,coingecko
2026-08-01T05:19:01+00:00,LINK,8.23,,,coingecko
2026-08-01T05:19:01+00:00,AVAX,6.43,,,coingecko
2026-08-01T05:19:01+00:00,DOT,0.76677,,,coingecko
2026-08-01T05:19:01+00:00,MATIC,0.126156,,,coingecko
2026-08-01T05:19:01+00:00,LTC,44.58,,,coingecko
2026-08-01T05:19:49+00:00,BTC,63051.665,,,consenso
2026-08-01T05:19:49+00:00,ETH,1868.65,,,consenso
2026-08-01T05:19:49+00:00,SOL,73.11,,,consenso
2026-08-01T05:19:49+00:00,XRP,1.0654,,,consenso
2026-08-01T05:19:49+00:00,DOGE,0.07009,,,binance
2026-08-01T05:19:49+00:00,BNB,591.12,,,binance
2026-08-01T05:20:05+00:00,BTC,63031.0,,,coingecko
2026-08-01T05:20:05+00:00,ETH,1867.7,,,coingecko
2026-08-01T05:20:05+00:00,SOL,73.05,,,coingecko
2026-08-01T05:20:05+00:00,XRP,1.064,,,coingecko
2026-08-01T05:20:05+00:00,DOGE,0.07003,,,coingecko
2026-08-01T05:20:05+00:00,BNB,590.55,,,coingecko
2026-08-01T05:20:05+00:00,ADA,0.170715,,,coingecko
2026-08-01T05:20:05+00:00,LINK,8.23,,,coingecko
2026-08-01T05:20:05+00:00,AVAX,6.43,,,coingecko
2026-08-01T05:20:05+00:00,DOT,0.76666,,,coingecko
2026-08-01T05:20:05+00:00,MATIC,0.126156,,,coingecko
2026-08-01T05:20:05+00:00,LTC,44.58,,,coingecko
2026-08-01T05:20:51+00:00,BTC,63051.665,,,consenso
2026-08-01T05:20:51+00:00,ETH,1868.65,,,consenso
2026-08-01T05:20:51+00:00,SOL,73.1,,,consenso
2026-08-01T05:20:51+00:00,XRP,1.0655,,,consenso
2026-08-01T05:20:51+00:00,DOGE,0.07011,,,binance
2026-08-01T05:20:51+00:00,BNB,591.18,,,binance
2026-08-01T05:21:10+00:00,BTC,63034.0,,,coingecko
2026-08-01T05:21:10+00:00,ETH,1867.75,,,coingecko
2026-08-01T05:21:10+00:00,SOL,73.04,,,coingecko
2026-08-01T05:21:10+00:00,XRP,1.064,,,coingecko
2026-08-01T05:21:10+00:00,DOGE,0.070032,,,coingecko
2026-08-01T05:21:10+00:00,BNB,590.57,,,coingecko
2026-08-01T05:21:10+00:00,ADA,0.170624,,,coingecko
2026-08-01T05:21:10+00:00,LINK,8.23,,,coingecko
2026-08-01T05:21:10+00:00,AVAX,6.43,,,coingecko
2026-08-01T05:21:10+00:00,DOT,0.766656,,,coingecko
2026-08-01T05:21:10+00:00,MATIC,0.126156,,,coingecko
2026-08-01T05:21:10+00:00,LTC,44.58,,,coingecko
2026-08-01T05:21:37+00:00,BTC,63051.665,,,consenso
2026-08-01T05:21:37+00:00,ETH,1868.65,,,consenso
2026-08-01T05:21:37+00:00,SOL,73.08,,,consenso
2026-08-01T05:21:37+00:00,XRP,1.0652,,,consenso
2026-08-01T05:21:37+00:00,DOGE,0.0701,,,binance
2026-08-01T05:21:37+00:00,BNB,590.95,,,binance
2026-08-01T05:22:13+00:00,BTC,63033.0,,,coingecko
2026-08-01T05:22:13+00:00,ETH,1867.7,,,coingecko
2026-08-01T05:22:13+00:00,SOL,73.04,,,coingecko
2026-08-01T05:22:13+00:00,XRP,1.064,,,coingecko
2026-08-01T05:22:13+00:00,DOGE,0.070048,,,coingecko
2026-08-01T05:22:13+00:00,BNB,590.6,,,coingecko
2026-08-01T05:22:13+00:00,ADA,0.170609,,,coingecko
2026-08-01T05:22:13+00:00,LINK,8.23,,,coingecko
2026-08-01T05:22:13+00:00,AVAX,6.43,,,coingecko
2026-08-01T05:22:13+00:00,DOT,0.766847,,,coingecko
2026-08-01T05:22:13+00:00,MATIC,0.126156,,,coingecko
2026-08-01T05:22:13+00:00,LTC,44.58,,,coingecko
2026-08-01T05:23:16+00:00,BTC,63026.0,,,coingecko
2026-08-01T05:23:16+00:00,ETH,1867.27,,,coingecko
2026-08-01T05:23:16+00:00,SOL,73.03,,,coingecko
2026-08-01T05:23:16+00:00,XRP,1.064,,,coingecko
2026-08-01T05:23:16+00:00,DOGE,0.070039,,,coingecko
2026-08-01T05:23:16+00:00,BNB,590.45,,,coingecko
2026-08-01T05:23:16+00:00,ADA,0.170558,,,coingecko
2026-08-01T05:23:16+00:00,LINK,8.22,,,coingecko
2026-08-01T05:23:16+00:00,AVAX,6.43,,,coingecko
2026-08-01T05:23:16+00:00,DOT,0.766945,,,coingecko
2026-08-01T05:23:16+00:00,MATIC,0.126156,,,coingecko
2026-08-01T05:23:16+00:00,LTC,44.58,,,coingecko
2026-08-01T05:24:22+00:00,BTC,63022.0,,,coingecko
2026-08-01T05:24:22+00:00,ETH,1867.18,,,coingecko
2026-08-01T05:24:22+00:00,SOL,73.0,,,coingecko
2026-08-01T05:24:22+00:00,XRP,1.064,,,coingecko
2026-08-01T05:24:22+00:00,DOGE,0.070029,,,coingecko
2026-08-01T05:24:22+00:00,BNB,590.35,,,coingecko
2026-08-01T05:24:22+00:00,ADA,0.170493,,,coingecko
2026-08-01T05:24:22+00:00,LINK,8.22,,,coingecko
2026-08-01T05:24:22+00:00,AVAX,6.44,,,coingecko
2026-08-01T05:24:22+00:00,DOT,0.766727,,,coingecko
2026-08-01T05:24:22+00:00,MATIC,0.126156,,,coingecko
2026-08-01T05:24:22+00:00,LTC,44.56,,,coingecko
2026-08-01T05:25:26+00:00,BTC,63018.0,,,coingecko
2026-08-01T05:25:26+00:00,ETH,1867.0,,,coingecko
2026-08-01T05:25:26+00:00,SOL,73.0,,,coingecko
2026-08-01T05:25:26+00:00,XRP,1.064,,,coingecko
2026-08-01T05:25:26+00:00,DOGE,0.070033,,,coingecko
2026-08-01T05:25:26+00:00,BNB,590.53,,,coingecko
2026-08-01T05:25:26+00:00,ADA,0.170412,,,coingecko
2026-08-01T05:25:26+00:00,LINK,8.22,,,coingecko
2026-08-01T05:25:26+00:00,AVAX,6.44,,,coingecko
2026-08-01T05:25:26+00:00,DOT,0.766646,,,coingecko
2026-08-01T05:25:26+00:00,MATIC,0.126156,,,coingecko
2026-08-01T05:25:26+00:00,LTC,44.58,,,coingecko
2026-08-01T05:26:29+00:00,BTC,63034.0,,,coingecko
2026-08-01T05:26:29+00:00,ETH,1867.24,,,coingecko
2026-08-01T05:26:29+00:00,SOL,73.01,,,coingecko
2026-08-01T05:26:29+00:00,XRP,1.064,,,coingecko
2026-08-01T05:26:29+00:00,DOGE,0.070033,,,coingecko
2026-08-01T05:26:29+00:00,BNB,590.61,,,coingecko
2026-08-01T05:26:29+00:00,ADA,0.170234,,,coingecko
2026-08-01T05:26:29+00:00,LINK,8.22,,,coingecko
2026-08-01T05:26:29+00:00,AVAX,6.44,,,coingecko
2026-08-01T05:26:29+00:00,DOT,0.766688,,,coingecko
2026-08-01T05:26:29+00:00,MATIC,0.126156,,,coingecko
2026-08-01T05:26:29+00:00,LTC,44.56,,,coingecko
2026-08-01T05:27:17+00:00,BTC,63028.125,,,consenso
2026-08-01T05:27:17+00:00,ETH,1867.205,,,consenso
2026-08-01T05:27:17+00:00,SOL,73.01,,,consenso
2026-08-01T05:27:17+00:00,XRP,1.0641,,,consenso
2026-08-01T05:27:17+00:00,DOGE,0.07009,,,binance
2026-08-01T05:27:17+00:00,BNB,591.27,,,binance
2026-08-01T05:27:34+00:00,BTC,63039.0,,,coingecko
2026-08-01T05:27:34+00:00,ETH,1867.38,,,coingecko
2026-08-01T05:27:34+00:00,SOL,73.02,,,coingecko
2026-08-01T05:27:34+00:00,XRP,1.064,,,coingecko
2026-08-01T05:27:34+00:00,DOGE,0.070046,,,coingecko
2026-08-01T05:27:34+00:00,BNB,590.68,,,coingecko
2026-08-01T05:27:34+00:00,ADA,0.170146,,,coingecko
2026-08-01T05:27:34+00:00,LINK,8.22,,,coingecko
2026-08-01T05:27:34+00:00,AVAX,6.44,,,coingecko
2026-08-01T05:27:34+00:00,DOT,0.766298,,,coingecko
2026-08-01T05:27:34+00:00,MATIC,0.126156,,,coingecko
2026-08-01T05:27:34+00:00,LTC,44.55,,,coingecko
2026-08-01T05:28:14+00:00,BTC,63028.125,,,consenso
2026-08-01T05:28:14+00:00,ETH,1867.205,,,consenso
2026-08-01T05:28:14+00:00,SOL,73.03,,,consenso
2026-08-01T05:28:14+00:00,XRP,1.0646,,,consenso
2026-08-01T05:28:14+00:00,DOGE,0.07007,,,binance
2026-08-01T05:28:14+00:00,BNB,591.35,,,binance
2026-08-01T05:29:10+00:00,BTC,63028.125,,,consenso
2026-08-01T05:29:10+00:00,ETH,1867.205,,,consenso
2026-08-01T05:29:10+00:00,SOL,73.04,,,consenso
2026-08-01T05:29:10+00:00,XRP,1.0645,,,consenso
2026-08-01T05:29:10+00:00,DOGE,0.07006,,,binance
2026-08-01T05:29:10+00:00,BNB,591.25,,,binance
2026-08-01T05:30:33+00:00,BTC,63029.0,,,coingecko
2026-08-01T05:30:33+00:00,ETH,1866.89,,,coingecko
2026-08-01T05:30:33+00:00,SOL,72.97,,,coingecko
2026-08-01T05:30:33+00:00,XRP,1.064,,,coingecko
2026-08-01T05:30:33+00:00,DOGE,0.070002,,,coingecko
2026-08-01T05:30:33+00:00,BNB,590.71,,,coingecko
2026-08-01T05:30:33+00:00,ADA,0.170052,,,coingecko
2026-08-01T05:30:33+00:00,LINK,8.22,,,coingecko
2026-08-01T05:30:33+00:00,AVAX,6.43,,,coingecko
2026-08-01T05:30:33+00:00,DOT,0.765927,,,coingecko
2026-08-01T05:30:33+00:00,MATIC,0.126156,,,coingecko
2026-08-01T05:30:33+00:00,LTC,44.52,,,coingecko
2026-08-01T05:31:38+00:00,BTC,63035.0,,,coingecko
2026-08-01T05:31:38+00:00,ETH,1866.92,,,coingecko
2026-08-01T05:31:38+00:00,SOL,72.98,,,coingecko
2026-08-01T05:31:38+00:00,XRP,1.064,,,coingecko
2026-08-01T05:31:38+00:00,DOGE,0.07002,,,coingecko
2026-08-01T05:31:38+00:00,BNB,590.65,,,coingecko
2026-08-01T05:31:38+00:00,ADA,0.170145,,,coingecko
2026-08-01T05:31:38+00:00,LINK,8.22,,,coingecko
2026-08-01T05:31:38+00:00,AVAX,6.44,,,coingecko
2026-08-01T05:31:38+00:00,DOT,0.76586,,,coingecko
2026-08-01T05:31:38+00:00,MATIC,0.126156,,,coingecko
2026-08-01T05:31:38+00:00,LTC,44.52,,,coingecko
2026-08-01T05:32:41+00:00,BTC,63037.0,,,coingecko
2026-08-01T05:32:41+00:00,ETH,1867.21,,,coingecko
2026-08-01T05:32:41+00:00,SOL,73.0,,,coingecko
2026-08-01T05:32:41+00:00,XRP,1.064,,,coingecko
2026-08-01T05:32:41+00:00,DOGE,0.070058,,,coingecko
2026-08-01T05:32:41+00:00,BNB,590.69,,,coingecko
2026-08-01T05:32:41+00:00,ADA,0.170502,,,coingecko
2026-08-01T05:32:41+00:00,LINK,8.22,,,coingecko
2026-08-01T05:32:41+00:00,AVAX,6.43,,,coingecko
2026-08-01T05:32:41+00:00,DOT,0.765859,,,coingecko
2026-08-01T05:32:41+00:00,MATIC,0.126156,,,coingecko
2026-08-01T05:32:41+00:00,LTC,44.52,,,coingecko
2026-08-01T05:33:45+00:00,BTC,63037.0,,,coingecko
2026-08-01T05:33:45+00:00,ETH,1866.78,,,coingecko
2026-08-01T05:33:45+00:00,SOL,73.0,,,coingecko
2026-08-01T05:33:45+00:00,XRP,1.064,,,coingecko
2026-08-01T05:33:45+00:00,DOGE,0.070059,,,coingecko
2026-08-01T05:33:45+00:00,BNB,590.66,,,coingecko
2026-08-01T05:33:45+00:00,ADA,0.170542,,,coingecko
2026-08-01T05:33:45+00:00,LINK,8.22,,,coingecko
2026-08-01T05:33:45+00:00,AVAX,6.44,,,coingecko
2026-08-01T05:33:45+00:00,DOT,0.765667,,,coingecko
2026-08-01T05:33:45+00:00,MATIC,0.126156,,,coingecko
2026-08-01T05:33:45+00:00,LTC,44.52,,,coingecko
2026-08-01T05:34:48+00:00,BTC,63041.0,,,coingecko
2026-08-01T05:34:48+00:00,ETH,1867.05,,,coingecko
2026-08-01T05:34:48+00:00,SOL,73.01,,,coingecko
2026-08-01T05:34:48+00:00,XRP,1.064,,,coingecko
2026-08-01T05:34:48+00:00,DOGE,0.070058,,,coingecko
2026-08-01T05:34:48+00:00,BNB,590.59,,,coingecko
2026-08-01T05:34:48+00:00,ADA,0.170638,,,coingecko
2026-08-01T05:34:48+00:00,LINK,8.22,,,coingecko
2026-08-01T05:34:48+00:00,AVAX,6.44,,,coingecko
2026-08-01T05:34:48+00:00,DOT,0.765781,,,coingecko
2026-08-01T05:34:48+00:00,MATIC,0.126156,,,coingecko
2026-08-01T05:34:48+00:00,LTC,44.55,,,coingecko
2026-08-01T05:35:25+00:00,BTC,63026.615,,,consenso
2026-08-01T05:35:25+00:00,ETH,1866.695,,,consenso
2026-08-01T05:35:25+00:00,SOL,72.99,,,consenso
2026-08-01T05:35:25+00:00,XRP,1.064,,,consenso
2026-08-01T05:35:25+00:00,DOGE,0.07013,,,binance
2026-08-01T05:35:25+00:00,BNB,591.07,,,binance
2026-08-01T05:35:53+00:00,BTC,63037.0,,,coingecko
2026-08-01T05:35:53+00:00,ETH,1867.0,,,coingecko
2026-08-01T05:35:53+00:00,SOL,73.01,,,coingecko
2026-08-01T05:35:53+00:00,XRP,1.064,,,coingecko
2026-08-01T05:35:53+00:00,DOGE,0.070068,,,coingecko
2026-08-01T05:35:53+00:00,BNB,590.57,,,coingecko
2026-08-01T05:35:53+00:00,ADA,0.170611,,,coingecko
2026-08-01T05:35:53+00:00,LINK,8.22,,,coingecko
2026-08-01T05:35:53+00:00,AVAX,6.44,,,coingecko
2026-08-01T05:35:53+00:00,DOT,0.765751,,,coingecko
2026-08-01T05:35:53+00:00,MATIC,0.126156,,,coingecko
2026-08-01T05:35:53+00:00,LTC,44.55,,,coingecko
2026-08-01T05:36:14+00:00,BTC,63026.615,,,consenso
2026-08-01T05:36:14+00:00,ETH,1866.695,,,consenso
2026-08-01T05:36:14+00:00,SOL,73.06,,,consenso
2026-08-01T05:36:14+00:00,XRP,1.0649,,,consenso
2026-08-01T05:36:14+00:00,DOGE,0.07015,,,binance
2026-08-01T05:36:14+00:00,BNB,591.08,,,binance
2026-08-01T05:36:58+00:00,BTC,63033.0,,,coingecko
2026-08-01T05:36:58+00:00,ETH,1866.81,,,coingecko
2026-08-01T05:36:58+00:00,SOL,72.99,,,coingecko
2026-08-01T05:36:58+00:00,XRP,1.064,,,coingecko
2026-08-01T05:36:58+00:00,DOGE,0.070069,,,coingecko
2026-08-01T05:36:58+00:00,BNB,590.54,,,coingecko
2026-08-01T05:36:58+00:00,ADA,0.17052,,,coingecko
2026-08-01T05:36:58+00:00,LINK,8.22,,,coingecko
2026-08-01T05:36:58+00:00,AVAX,6.44,,,coingecko
2026-08-01T05:36:58+00:00,DOT,0.76587,,,coingecko
2026-08-01T05:36:58+00:00,MATIC,0.126156,,,coingecko
2026-08-01T05:36:58+00:00,LTC,44.53,,,coingecko
2026-08-01T05:36:58+00:00,BTC,63026.615,,,consenso
2026-08-01T05:36:58+00:00,ETH,1866.695,,,consenso
2026-08-01T05:36:58+00:00,SOL,73.05,,,consenso
2026-08-01T05:36:58+00:00,XRP,1.0648,,,consenso
2026-08-01T05:36:58+00:00,DOGE,0.07018,,,binance
2026-08-01T05:36:58+00:00,BNB,591.07,,,binance
2026-08-01T05:38:00+00:00,BTC,63032.0,,,coingecko
2026-08-01T05:38:00+00:00,ETH,1866.8,,,coingecko
2026-08-01T05:38:00+00:00,SOL,72.99,,,coingecko
2026-08-01T05:38:00+00:00,XRP,1.064,,,coingecko
2026-08-01T05:38:00+00:00,DOGE,0.070088,,,coingecko
2026-08-01T05:38:00+00:00,BNB,590.5,,,coingecko
2026-08-01T05:38:00+00:00,ADA,0.170499,,,coingecko
2026-08-01T05:38:00+00:00,LINK,8.22,,,coingecko
2026-08-01T05:38:00+00:00,AVAX,6.44,,,coingecko
2026-08-01T05:38:00+00:00,DOT,0.76598,,,coingecko
2026-08-01T05:38:00+00:00,MATIC,0.126156,,,coingecko
2026-08-01T05:38:00+00:00,LTC,44.54,,,coingecko
2026-08-01T05:39:04+00:00,BTC,63032.0,,,coingecko
2026-08-01T05:39:04+00:00,ETH,1866.75,,,coingecko
2026-08-01T05:39:04+00:00,SOL,72.98,,,coingecko
2026-08-01T05:39:04+00:00,XRP,1.064,,,coingecko
2026-08-01T05:39:04+00:00,DOGE,0.07011,,,coingecko
2026-08-01T05:39:04+00:00,BNB,590.35,,,coingecko
2026-08-01T05:39:04+00:00,ADA,0.170513,,,coingecko
2026-08-01T05:39:04+00:00,LINK,8.22,,,coingecko
2026-08-01T05:39:04+00:00,AVAX,6.44,,,coingecko
2026-08-01T05:39:04+00:00,DOT,0.765942,,,coingecko
2026-08-01T05:39:04+00:00,MATIC,0.126156,,,coingecko
2026-08-01T05:39:04+00:00,LTC,44.53,,,coingecko
2026-08-01T05:40:08+00:00,BTC,63033.0,,,coingecko
2026-08-01T05:40:08+00:00,ETH,1866.77,,,coingecko
2026-08-01T05:40:08+00:00,SOL,72.99,,,coingecko
2026-08-01T05:40:08+00:00,XRP,1.064,,,coingecko
2026-08-01T05:40:08+00:00,DOGE,0.070123,,,coingecko
2026-08-01T05:40:08+00:00,BNB,590.46,,,coingecko
2026-08-01T05:40:08+00:00,ADA,0.170558,,,coingecko
2026-08-01T05:40:08+00:00,LINK,8.22,,,coingecko
2026-08-01T05:40:08+00:00,AVAX,6.44,,,coingecko
2026-08-01T05:40:08+00:00,DOT,0.765793,,,coingecko
2026-08-01T05:40:08+00:00,MATIC,0.126156,,,coingecko
2026-08-01T05:40:08+00:00,LTC,44.53,,,coingecko
2026-08-01T05:43:11+00:00,BTC,62954.565,,,consenso
2026-08-01T05:43:11+00:00,ETH,1864.395,,,consenso
2026-08-01T05:43:11+00:00,SOL,72.89,,,consenso
2026-08-01T05:43:11+00:00,XRP,1.0625,,,consenso
2026-08-01T05:43:11+00:00,DOGE,0.07006,,,binance
2026-08-01T05:43:11+00:00,BNB,590.52,,,binance
2026-08-01T05:44:12+00:00,BTC,62956.0,,,coingecko
2026-08-01T05:44:12+00:00,ETH,1864.24,,,coingecko
2026-08-01T05:44:12+00:00,SOL,72.88,,,coingecko
2026-08-01T05:44:12+00:00,XRP,1.063,,,coingecko
2026-08-01T05:44:12+00:00,DOGE,0.070005,,,coingecko
2026-08-01T05:44:12+00:00,BNB,589.93,,,coingecko
2026-08-01T05:44:12+00:00,ADA,0.170196,,,coingecko
2026-08-01T05:44:12+00:00,LINK,8.2,,,coingecko
2026-08-01T05:44:12+00:00,AVAX,6.42,,,coingecko
2026-08-01T05:44:12+00:00,DOT,0.764994,,,coingecko
2026-08-01T05:44:12+00:00,MATIC,0.126156,,,coingecko
2026-08-01T05:44:12+00:00,LTC,44.46,,,coingecko
2026-08-01T05:44:31+00:00,BTC,62954.565,,,consenso
2026-08-01T05:44:31+00:00,ETH,1864.395,,,consenso
2026-08-01T05:44:31+00:00,SOL,72.94,,,consenso
2026-08-01T05:44:31+00:00,XRP,1.0632,,,consenso
2026-08-01T05:44:31+00:00,DOGE,0.07003,,,binance
2026-08-01T05:44:31+00:00,BNB,590.51,,,binance
2026-08-01T05:45:15+00:00,BTC,62954.565,,,consenso
2026-08-01T05:45:15+00:00,ETH,1864.395,,,consenso
2026-08-01T05:45:15+00:00,SOL,72.94,,,consenso
2026-08-01T05:45:15+00:00,XRP,1.0632,,,consenso
2026-08-01T05:45:15+00:00,DOGE,0.07003,,,binance
2026-08-01T05:45:15+00:00,BNB,590.5,,,binance
2026-08-01T05:45:18+00:00,BTC,62955.0,,,coingecko
2026-08-01T05:45:18+00:00,ETH,1864.29,,,coingecko
2026-08-01T05:45:18+00:00,SOL,72.86,,,coingecko
2026-08-01T05:45:18+00:00,XRP,1.062,,,coingecko
2026-08-01T05:45:18+00:00,DOGE,0.069988,,,coingecko
2026-08-01T05:45:18+00:00,BNB,589.96,,,coingecko
2026-08-01T05:45:18+00:00,ADA,0.170105,,,coingecko
2026-08-01T05:45:18+00:00,LINK,8.2,,,coingecko
2026-08-01T05:45:18+00:00,AVAX,6.41,,,coingecko
2026-08-01T05:45:18+00:00,DOT,0.765064,,,coingecko
2026-08-01T05:45:18+00:00,MATIC,0.126156,,,coingecko
2026-08-01T05:45:18+00:00,LTC,44.45,,,coingecko
2026-08-01T05:46:21+00:00,BTC,62955.0,,,coingecko
2026-08-01T05:46:21+00:00,ETH,1863.97,,,coingecko
2026-08-01T05:46:21+00:00,SOL,72.87,,,coingecko
2026-08-01T05:46:21+00:00,XRP,1.062,,,coingecko
2026-08-01T05:46:21+00:00,DOGE,0.069973,,,coingecko
2026-08-01T05:46:21+00:00,BNB,589.94,,,coingecko
2026-08-01T05:46:21+00:00,ADA,0.170089,,,coingecko
2026-08-01T05:46:21+00:00,LINK,8.2,,,coingecko
2026-08-01T05:46:21+00:00,AVAX,6.41,,,coingecko
2026-08-01T05:46:21+00:00,DOT,0.764987,,,coingecko
2026-08-01T05:46:21+00:00,MATIC,0.126156,,,coingecko
2026-08-01T05:46:21+00:00,LTC,44.44,,,coingecko
2026-08-01T05:47:25+00:00,BTC,62956.0,,,coingecko
2026-08-01T05:47:25+00:00,ETH,1864.05,,,coingecko
2026-08-01T05:47:25+00:00,SOL,72.87,,,coingecko
2026-08-01T05:47:25+00:00,XRP,1.062,,,coingecko
2026-08-01T05:47:25+00:00,DOGE,0.069991,,,coingecko
2026-08-01T05:47:25+00:00,BNB,589.99,,,coingecko
2026-08-01T05:47:25+00:00,ADA,0.170018,,,coingecko
2026-08-01T05:47:25+00:00,LINK,8.19,,,coingecko
2026-08-01T05:47:25+00:00,AVAX,6.41,,,coingecko
2026-08-01T05:47:25+00:00,DOT,0.764891,,,coingecko
2026-08-01T05:47:25+00:00,MATIC,0.126156,,,coingecko
2026-08-01T05:47:25+00:00,LTC,44.42,,,coingecko
2026-08-01T05:48:28+00:00,BTC,62955.0,,,coingecko
2026-08-01T05:48:28+00:00,ETH,1863.74,,,coingecko
2026-08-01T05:48:28+00:00,SOL,72.85,,,coingecko
2026-08-01T05:48:28+00:00,XRP,1.062,,,coingecko
2026-08-01T05:48:28+00:00,DOGE,0.069968,,,coingecko
2026-08-01T05:48:28+00:00,BNB,589.9,,,coingecko
2026-08-01T05:48:28+00:00,ADA,0.169939,,,coingecko
2026-08-01T05:48:28+00:00,LINK,8.19,,,coingecko
2026-08-01T05:48:28+00:00,AVAX,6.4,,,coingecko
2026-08-01T05:48:28+00:00,DOT,0.763658,,,coingecko
2026-08-01T05:48:28+00:00,MATIC,0.126156,,,coingecko
2026-08-01T05:48:28+00:00,LTC,44.37,,,coingecko
2026-08-01T05:49:31+00:00,BTC,62949.0,,,coingecko
2026-08-01T05:49:31+00:00,ETH,1863.84,,,coingecko
2026-08-01T05:49:31+00:00,SOL,72.85,,,coingecko
2026-08-01T05:49:31+00:00,XRP,1.062,,,coingecko
2026-08-01T05:49:31+00:00,DOGE,0.06999,,,coingecko
2026-08-01T05:49:31+00:00,BNB,589.81,,,coingecko
2026-08-01T05:49:31+00:00,ADA,0.169909,,,coingecko
2026-08-01T05:49:31+00:00,LINK,8.18,,,coingecko
2026-08-01T05:49:31+00:00,AVAX,6.4,,,coingecko
2026-08-01T05:49:31+00:00,DOT,0.763253,,,coingecko
2026-08-01T05:49:31+00:00,MATIC,0.126156,,,coingecko
2026-08-01T05:49:31+00:00,LTC,44.37,,,coingecko
2026-08-01T05:50:27+00:00,BTC,62939.405,,,consenso
2026-08-01T05:50:27+00:00,ETH,1863.735,,,consenso
2026-08-01T05:50:27+00:00,SOL,72.84,,,consenso
2026-08-01T05:50:27+00:00,XRP,1.06185,,,consenso
2026-08-01T05:50:27+00:00,DOGE,0.07003,,,binance
2026-08-01T05:50:27+00:00,BNB,590.6,,,binance
2026-08-01T05:50:38+00:00,BTC,62946.0,,,coingecko
2026-08-01T05:50:38+00:00,ETH,1863.72,,,coingecko
2026-08-01T05:50:38+00:00,SOL,72.85,,,coingecko
2026-08-01T05:50:38+00:00,XRP,1.062,,,coingecko
2026-08-01T05:50:38+00:00,DOGE,0.069975,,,coingecko
2026-08-01T05:50:38+00:00,BNB,589.84,,,coingecko
2026-08-01T05:50:38+00:00,ADA,0.169813,,,coingecko
2026-08-01T05:50:38+00:00,LINK,8.18,,,coingecko
2026-08-01T05:50:38+00:00,AVAX,6.4,,,coingecko
2026-08-01T05:50:38+00:00,DOT,0.763207,,,coingecko
2026-08-01T05:50:38+00:00,MATIC,0.126156,,,coingecko
2026-08-01T05:50:38+00:00,LTC,44.38,,,coingecko
2026-08-01T05:51:25+00:00,BTC,62939.405,,,consenso
2026-08-01T05:51:25+00:00,ETH,1863.735,,,consenso
2026-08-01T05:51:25+00:00,SOL,72.91,,,consenso
2026-08-01T05:51:25+00:00,XRP,1.063,,,consenso
2026-08-01T05:51:25+00:00,DOGE,0.07003,,,binance
2026-08-01T05:51:25+00:00,BNB,590.65,,,binance
2026-08-01T05:51:41+00:00,BTC,62942.0,,,coingecko
2026-08-01T05:51:41+00:00,ETH,1863.74,,,coingecko
2026-08-01T05:51:41+00:00,SOL,72.84,,,coingecko
2026-08-01T05:51:41+00:00,XRP,1.062,,,coingecko
2026-08-01T05:51:41+00:00,DOGE,0.069969,,,coingecko
2026-08-01T05:51:41+00:00,BNB,590.01,,,coingecko
2026-08-01T05:51:41+00:00,ADA,0.169844,,,coingecko
2026-08-01T05:51:41+00:00,LINK,8.18,,,coingecko
2026-08-01T05:51:41+00:00,AVAX,6.39,,,coingecko
2026-08-01T05:51:41+00:00,DOT,0.763232,,,coingecko
2026-08-01T05:51:41+00:00,MATIC,0.126156,,,coingecko
2026-08-01T05:51:41+00:00,LTC,44.37,,,coingecko
2026-08-01T05:52:13+00:00,BTC,62939.405,,,consenso
2026-08-01T05:52:13+00:00,ETH,1863.735,,,consenso
2026-08-01T05:52:13+00:00,SOL,72.9,,,consenso
2026-08-01T05:52:13+00:00,XRP,1.0634,,,consenso
2026-08-01T05:52:13+00:00,DOGE,0.07007,,,binance
2026-08-01T05:52:13+00:00,BNB,590.8,,,binance
2026-08-01T05:52:45+00:00,BTC,62953.0,,,coingecko
2026-08-01T05:52:45+00:00,ETH,1863.98,,,coingecko
2026-08-01T05:52:45+00:00,SOL,72.84,,,coingecko
2026-08-01T05:52:45+00:00,XRP,1.062,,,coingecko
2026-08-01T05:52:45+00:00,DOGE,0.069975,,,coingecko
2026-08-01T05:52:45+00:00,BNB,590.1,,,coingecko
2026-08-01T05:52:45+00:00,ADA,0.169903,,,coingecko
2026-08-01T05:52:45+00:00,LINK,8.18,,,coingecko
2026-08-01T05:52:45+00:00,AVAX,6.4,,,coingecko
2026-08-01T05:52:45+00:00,DOT,0.763017,,,coingecko
2026-08-01T05:52:45+00:00,MATIC,0.126156,,,coingecko
2026-08-01T05:52:45+00:00,LTC,44.37,,,coingecko
2026-08-01T05:53:48+00:00,BTC,62964.0,,,coingecko
2026-08-01T05:53:48+00:00,ETH,1864.29,,,coingecko
2026-08-01T05:53:48+00:00,SOL,72.84,,,coingecko
2026-08-01T05:53:48+00:00,XRP,1.062,,,coingecko
2026-08-01T05:53:48+00:00,DOGE,0.069981,,,coingecko
2026-08-01T05:53:48+00:00,BNB,590.15,,,coingecko
2026-08-01T05:53:48+00:00,ADA,0.169947,,,coingecko
2026-08-01T05:53:48+00:00,LINK,8.18,,,coingecko
2026-08-01T05:53:48+00:00,AVAX,6.4,,,coingecko
2026-08-01T05:53:48+00:00,DOT,0.762946,,,coingecko
2026-08-01T05:53:48+00:00,MATIC,0.126156,,,coingecko
2026-08-01T05:53:48+00:00,LTC,44.38,,,coingecko
2026-08-01T05:57:04+00:00,BTC,62970.0,,,coingecko
2026-08-01T05:57:04+00:00,ETH,1865.16,,,coingecko
2026-08-01T05:57:04+00:00,SOL,72.86,,,coingecko
2026-08-01T05:57:04+00:00,XRP,1.063,,,coingecko
2026-08-01T05:57:04+00:00,DOGE,0.070028,,,coingecko
2026-08-01T05:57:04+00:00,BNB,590.37,,,coingecko
2026-08-01T05:57:04+00:00,ADA,0.170081,,,coingecko
2026-08-01T05:57:04+00:00,LINK,8.19,,,coingecko
2026-08-01T05:57:04+00:00,AVAX,6.4,,,coingecko
2026-08-01T05:57:04+00:00,DOT,0.763529,,,coingecko
2026-08-01T05:57:04+00:00,MATIC,0.126156,,,coingecko
2026-08-01T05:57:04+00:00,LTC,44.39,,,coingecko
2026-08-01T05:58:10+00:00,BTC,62978.0,,,coingecko
2026-08-01T05:58:10+00:00,ETH,1865.54,,,coingecko
2026-08-01T05:58:10+00:00,SOL,72.87,,,coingecko
2026-08-01T05:58:10+00:00,XRP,1.063,,,coingecko
2026-08-01T05:58:10+00:00,DOGE,0.070044,,,coingecko
2026-08-01T05:58:10+00:00,BNB,590.46,,,coingecko
2026-08-01T05:58:10+00:00,ADA,0.170094,,,coingecko
2026-08-01T05:58:10+00:00,LINK,8.19,,,coingecko
2026-08-01T05:58:10+00:00,AVAX,6.4,,,coingecko
2026-08-01T05:58:10+00:00,DOT,0.763622,,,coingecko
2026-08-01T05:58:10+00:00,MATIC,0.126156,,,coingecko
2026-08-01T05:58:10+00:00,LTC,44.41,,,coingecko
2026-08-01T05:58:50+00:00,BTC,62977.615,,,consenso
2026-08-01T05:58:50+00:00,ETH,1865.535,,,consenso
2026-08-01T05:58:50+00:00,SOL,72.86,,,consenso
2026-08-01T05:58:50+00:00,XRP,1.06277,,,consenso
2026-08-01T05:58:50+00:00,DOGE,0.07012,,,binance
2026-08-01T05:58:50+00:00,BNB,590.88,,,binance
2026-08-01T05:59:15+00:00,BTC,62978.0,,,coingecko
2026-08-01T05:59:15+00:00,ETH,1865.54,,,coingecko
2026-08-01T05:59:15+00:00,SOL,72.86,,,coingecko
2026-08-01T05:59:15+00:00,XRP,1.063,,,coingecko
2026-08-01T05:59:15+00:00,DOGE,0.070051,,,coingecko
2026-08-01T05:59:15+00:00,BNB,590.25,,,coingecko
2026-08-01T05:59:15+00:00,ADA,0.17006,,,coingecko
2026-08-01T05:59:15+00:00,LINK,8.19,,,coingecko
2026-08-01T05:59:15+00:00,AVAX,6.4,,,coingecko
2026-08-01T05:59:15+00:00,DOT,0.763493,,,coingecko
2026-08-01T05:59:15+00:00,MATIC,0.126156,,,coingecko
2026-08-01T05:59:15+00:00,LTC,44.41,,,coingecko
2026-08-01T05:59:47+00:00,BTC,62977.615,,,consenso
2026-08-01T05:59:47+00:00,ETH,1865.535,,,consenso
2026-08-01T05:59:47+00:00,SOL,72.93,,,consenso
2026-08-01T05:59:47+00:00,XRP,1.064,,,consenso
2026-08-01T05:59:47+00:00,DOGE,0.07013,,,binance
2026-08-01T05:59:47+00:00,BNB,590.83,,,binance
2026-08-01T06:00:18+00:00,BTC,62978.0,,,coingecko
2026-08-01T06:00:18+00:00,ETH,1865.63,,,coingecko
2026-08-01T06:00:18+00:00,SOL,72.87,,,coingecko
2026-08-01T06:00:18+00:00,XRP,1.063,,,coingecko
2026-08-01T06:00:18+00:00,DOGE,0.070046,,,coingecko
2026-08-01T06:00:18+00:00,BNB,590.29,,,coingecko
2026-08-01T06:00:18+00:00,ADA,0.169984,,,coingecko
2026-08-01T06:00:18+00:00,LINK,8.19,,,coingecko
2026-08-01T06:00:18+00:00,AVAX,6.4,,,coingecko
2026-08-01T06:00:18+00:00,DOT,0.763192,,,coingecko
2026-08-01T06:00:18+00:00,MATIC,0.126156,,,coingecko
2026-08-01T06:00:18+00:00,LTC,44.41,,,coingecko
2026-08-01T06:00:37+00:00,BTC,62977.615,,,consenso
2026-08-01T06:00:37+00:00,ETH,1865.535,,,consenso
2026-08-01T06:00:37+00:00,SOL,72.93,,,consenso
2026-08-01T06:00:37+00:00,XRP,1.0641,,,consenso
2026-08-01T06:00:37+00:00,DOGE,0.07012,,,binance
2026-08-01T06:00:37+00:00,BNB,590.77,,,binance
2026-08-01T06:01:23+00:00,BTC,62973.0,,,coingecko
2026-08-01T06:01:23+00:00,ETH,1865.69,,,coingecko
2026-08-01T06:01:23+00:00,SOL,72.87,,,coingecko
2026-08-01T06:01:23+00:00,XRP,1.063,,,coingecko
2026-08-01T06:01:23+00:00,DOGE,0.070066,,,coingecko
2026-08-01T06:01:23+00:00,BNB,590.28,,,coingecko
2026-08-01T06:01:23+00:00,ADA,0.170275,,,coingecko
2026-08-01T06:01:23+00:00,LINK,8.2,,,coingecko
2026-08-01T06:01:23+00:00,AVAX,6.4,,,coingecko
2026-08-01T06:01:23+00:00,DOT,0.763084,,,coingecko
2026-08-01T06:01:23+00:00,MATIC,0.126156,,,coingecko
2026-08-01T06:01:23+00:00,LTC,44.42,,,coingecko
2026-08-01T06:02:26+00:00,BTC,62982.0,,,coingecko
2026-08-01T06:02:26+00:00,ETH,1865.72,,,coingecko
2026-08-01T06:02:26+00:00,SOL,72.87,,,coingecko
2026-08-01T06:02:26+00:00,XRP,1.063,,,coingecko
2026-08-01T06:02:26+00:00,DOGE,0.070067,,,coingecko
2026-08-01T06:02:26+00:00,BNB,590.24,,,coingecko
2026-08-01T06:02:26+00:00,ADA,0.170265,,,coingecko
2026-08-01T06:02:26+00:00,LINK,8.19,,,coingecko
2026-08-01T06:02:26+00:00,AVAX,6.4,,,coingecko
2026-08-01T06:02:26+00:00,DOT,0.763235,,,coingecko
2026-08-01T06:02:26+00:00,MATIC,0.126156,,,coingecko
2026-08-01T06:02:26+00:00,LTC,44.43,,,coingecko
2026-08-01T06:03:31+00:00,BTC,62974.0,,,coingecko
2026-08-01T06:03:31+00:00,ETH,1865.47,,,coingecko
2026-08-01T06:03:31+00:00,SOL,72.86,,,coingecko
2026-08-01T06:03:31+00:00,XRP,1.063,,,coingecko
2026-08-01T06:03:31+00:00,DOGE,0.070064,,,coingecko
2026-08-01T06:03:31+00:00,BNB,590.14,,,coingecko
2026-08-01T06:03:31+00:00,ADA,0.170272,,,coingecko
2026-08-01T06:03:31+00:00,LINK,8.19,,,coingecko
2026-08-01T06:03:31+00:00,AVAX,6.4,,,coingecko
2026-08-01T06:03:31+00:00,DOT,0.763077,,,coingecko
2026-08-01T06:03:31+00:00,MATIC,0.126156,,,coingecko
2026-08-01T06:03:31+00:00,LTC,44.46,,,coingecko
2026-08-01T06:04:34+00:00,BTC,62974.0,,,coingecko
2026-08-01T06:04:34+00:00,ETH,1865.46,,,coingecko
2026-08-01T06:04:34+00:00,SOL,72.86,,,coingecko
2026-08-01T06:04:34+00:00,XRP,1.063,,,coingecko
2026-08-01T06:04:34+00:00,DOGE,0.070091,,,coingecko
2026-08-01T06:04:34+00:00,BNB,590.34,,,coingecko
2026-08-01T06:04:34+00:00,ADA,0.170338,,,coingecko
2026-08-01T06:04:34+00:00,LINK,8.18,,,coingecko
2026-08-01T06:04:34+00:00,AVAX,6.4,,,coingecko
2026-08-01T06:04:34+00:00,DOT,0.763109,,,coingecko
2026-08-01T06:04:34+00:00,MATIC,0.126156,,,coingecko
2026-08-01T06:04:34+00:00,LTC,44.48,,,coingecko
2026-08-01T06:05:38+00:00,BTC,62978.0,,,coingecko
2026-08-01T06:05:38+00:00,ETH,1865.74,,,coingecko
2026-08-01T06:05:38+00:00,SOL,72.88,,,coingecko
2026-08-01T06:05:38+00:00,XRP,1.063,,,coingecko
2026-08-01T06:05:38+00:00,DOGE,0.070105,,,coingecko
2026-08-01T06:05:38+00:00,BNB,590.46,,,coingecko
2026-08-01T06:05:38+00:00,ADA,0.170255,,,coingecko
2026-08-01T06:05:38+00:00,LINK,8.18,,,coingecko
2026-08-01T06:05:38+00:00,AVAX,6.4,,,coingecko
2026-08-01T06:05:38+00:00,DOT,0.763024,,,coingecko
2026-08-01T06:05:38+00:00,MATIC,0.126156,,,coingecko
2026-08-01T06:05:38+00:00,LTC,44.5,,,coingecko
2026-08-01T06:05:45+00:00,BTC,62937.865,,,consenso
2026-08-01T06:05:45+00:00,ETH,1864.71,,,consenso
2026-08-01T06:05:45+00:00,SOL,72.83,,,consenso
2026-08-01T06:05:45+00:00,XRP,1.06311,,,consenso
2026-08-01T06:05:45+00:00,DOGE,0.0701,,,binance
2026-08-01T06:05:45+00:00,BNB,590.96,,,binance
2026-08-01T06:06:37+00:00,BTC,62937.865,,,consenso
2026-08-01T06:06:37+00:00,ETH,1864.71,,,consenso
2026-08-01T06:06:37+00:00,SOL,72.89,,,consenso
2026-08-01T06:06:37+00:00,XRP,1.0635,,,consenso
2026-08-01T06:06:37+00:00,DOGE,0.07011,,,binance
2026-08-01T06:06:37+00:00,BNB,590.98,,,binance
2026-08-01T06:06:42+00:00,BTC,62946.0,,,coingecko
2026-08-01T06:06:42+00:00,ETH,1865.51,,,coingecko
2026-08-01T06:06:42+00:00,SOL,72.84,,,coingecko
2026-08-01T06:06:42+00:00,XRP,1.063,,,coingecko
2026-08-01T06:06:42+00:00,DOGE,0.07006,,,coingecko
2026-08-01T06:06:42+00:00,BNB,590.32,,,coingecko
2026-08-01T06:06:42+00:00,ADA,0.170038,,,coingecko
2026-08-01T06:06:42+00:00,LINK,8.17,,,coingecko
2026-08-01T06:06:42+00:00,AVAX,6.4,,,coingecko
2026-08-01T06:06:42+00:00,DOT,0.763095,,,coingecko
2026-08-01T06:06:42+00:00,MATIC,0.126156,,,coingecko
2026-08-01T06:06:42+00:00,LTC,44.49,,,coingecko
2026-08-01T06:07:28+00:00,BTC,62937.865,,,consenso
2026-08-01T06:07:28+00:00,ETH,1864.71,,,consenso
2026-08-01T06:07:28+00:00,SOL,72.93,,,consenso
2026-08-01T06:07:28+00:00,XRP,1.0636,,,consenso
2026-08-01T06:07:28+00:00,DOGE,0.07013,,,binance
2026-08-01T06:07:28+00:00,BNB,591.0,,,binance
2026-08-01T06:10:21+00:00,BTC,62953.0,,,coingecko
2026-08-01T06:10:21+00:00,ETH,1865.04,,,coingecko
2026-08-01T06:10:21+00:00,SOL,72.86,,,coingecko
2026-08-01T06:10:21+00:00,XRP,1.063,,,coingecko
2026-08-01T06:10:21+00:00,DOGE,0.070055,,,coingecko
2026-08-01T06:10:21+00:00,BNB,590.5,,,coingecko
2026-08-01T06:10:21+00:00,ADA,0.169901,,,coingecko
2026-08-01T06:10:21+00:00,LINK,8.16,,,coingecko
2026-08-01T06:10:21+00:00,AVAX,6.4,,,coingecko
2026-08-01T06:10:21+00:00,DOT,0.762871,,,coingecko
2026-08-01T06:10:21+00:00,MATIC,0.126156,,,coingecko
2026-08-01T06:10:21+00:00,LTC,44.52,,,coingecko
2026-08-01T06:11:28+00:00,BTC,62941.0,,,coingecko
2026-08-01T06:11:28+00:00,ETH,1864.84,,,coingecko
2026-08-01T06:11:28+00:00,SOL,72.85,,,coingecko
2026-08-01T06:11:28+00:00,XRP,1.062,,,coingecko
2026-08-01T06:11:28+00:00,DOGE,0.070047,,,coingecko
2026-08-01T06:11:28+00:00,BNB,590.65,,,coingecko
2026-08-01T06:11:28+00:00,ADA,0.169892,,,coingecko
2026-08-01T06:11:28+00:00,LINK,8.16,,,coingecko
2026-08-01T06:11:28+00:00,AVAX,6.39,,,coingecko
2026-08-01T06:11:28+00:00,DOT,0.762867,,,coingecko
2026-08-01T06:11:28+00:00,MATIC,0.126156,,,coingecko
2026-08-01T06:11:28+00:00,LTC,44.5,,,coingecko
2026-08-01T06:12:32+00:00,BTC,62944.0,,,coingecko
2026-08-01T06:12:32+00:00,ETH,1864.89,,,coingecko
2026-08-01T06:12:32+00:00,SOL,72.85,,,coingecko
2026-08-01T06:12:32+00:00,XRP,1.062,,,coingecko
2026-08-01T06:12:32+00:00,DOGE,0.070042,,,coingecko
2026-08-01T06:12:32+00:00,BNB,590.82,,,coingecko
2026-08-01T06:12:32+00:00,ADA,0.169889,,,coingecko
2026-08-01T06:12:32+00:00,LINK,8.16,,,coingecko
2026-08-01T06:12:32+00:00,AVAX,6.39,,,coingecko
2026-08-01T06:12:32+00:00,DOT,0.762864,,,coingecko
2026-08-01T06:12:32+00:00,MATIC,0.126156,,,coingecko
2026-08-01T06:12:32+00:00,LTC,44.51,,,coingecko
2026-08-01T06:13:37+00:00,BTC,62953.0,,,coingecko
2026-08-01T06:13:37+00:00,ETH,1865.22,,,coingecko
2026-08-01T06:13:37+00:00,SOL,72.87,,,coingecko
2026-08-01T06:13:37+00:00,XRP,1.063,,,coingecko
2026-08-01T06:13:37+00:00,DOGE,0.070066,,,coingecko
2026-08-01T06:13:37+00:00,BNB,591.58,,,coingecko
2026-08-01T06:13:37+00:00,ADA,0.170052,,,coingecko
2026-08-01T06:13:37+00:00,LINK,8.16,,,coingecko
2026-08-01T06:13:37+00:00,AVAX,6.4,,,coingecko
2026-08-01T06:13:37+00:00,DOT,0.762877,,,coingecko
2026-08-01T06:13:37+00:00,MATIC,0.126156,,,coingecko
2026-08-01T06:13:37+00:00,LTC,44.5,,,coingecko
2026-08-01T06:14:42+00:00,BTC,62959.0,,,coingecko
2026-08-01T06:14:42+00:00,ETH,1865.45,,,coingecko
2026-08-01T06:14:42+00:00,SOL,72.88,,,coingecko
2026-08-01T06:14:42+00:00,XRP,1.063,,,coingecko
2026-08-01T06:14:42+00:00,DOGE,0.070071,,,coingecko
2026-08-01T06:14:42+00:00,BNB,591.59,,,coingecko
2026-08-01T06:14:42+00:00,ADA,0.169986,,,coingecko
2026-08-01T06:14:42+00:00,LINK,8.17,,,coingecko
2026-08-01T06:14:42+00:00,AVAX,6.4,,,coingecko
2026-08-01T06:14:42+00:00,DOT,0.762829,,,coingecko
2026-08-01T06:14:42+00:00,MATIC,0.126156,,,coingecko
2026-08-01T06:14:42+00:00,LTC,44.52,,,coingecko
2026-08-01T06:15:47+00:00,BTC,62965.0,,,coingecko
2026-08-01T06:15:47+00:00,ETH,1865.49,,,coingecko
2026-08-01T06:15:47+00:00,SOL,72.89,,,coingecko
2026-08-01T06:15:47+00:00,XRP,1.063,,,coingecko
2026-08-01T06:15:47+00:00,DOGE,0.070054,,,coingecko
2026-08-01T06:15:47+00:00,BNB,591.81,,,coingecko
2026-08-01T06:15:47+00:00,ADA,0.170001,,,coingecko
2026-08-01T06:15:47+00:00,LINK,8.17,,,coingecko
2026-08-01T06:15:47+00:00,AVAX,6.4,,,coingecko
2026-08-01T06:15:47+00:00,DOT,0.762839,,,coingecko
2026-08-01T06:15:47+00:00,MATIC,0.126156,,,coingecko
2026-08-01T06:15:47+00:00,LTC,44.52,,,coingecko
2026-08-01T06:16:50+00:00,BTC,62967.655,,,consenso
2026-08-01T06:16:50+00:00,ETH,1866.07,,,consenso
2026-08-01T06:16:50+00:00,SOL,72.915,,,consenso
2026-08-01T06:16:50+00:00,XRP,1.06277,,,consenso
2026-08-01T06:16:50+00:00,DOGE,0.07007,,,binance
2026-08-01T06:16:50+00:00,BNB,592.01,,,binance
2026-08-01T06:16:53+00:00,BTC,62963.0,,,coingecko
2026-08-01T06:16:53+00:00,ETH,1865.69,,,coingecko
2026-08-01T06:16:53+00:00,SOL,72.9,,,coingecko
2026-08-01T06:16:53+00:00,XRP,1.063,,,coingecko
2026-08-01T06:16:53+00:00,DOGE,0.070042,,,coingecko
2026-08-01T06:16:53+00:00,BNB,591.66,,,coingecko
2026-08-01T06:16:53+00:00,ADA,0.169987,,,coingecko
2026-08-01T06:16:53+00:00,LINK,8.17,,,coingecko
2026-08-01T06:16:53+00:00,AVAX,6.39,,,coingecko
2026-08-01T06:16:53+00:00,DOT,0.762779,,,coingecko
2026-08-01T06:16:53+00:00,MATIC,0.126156,,,coingecko
2026-08-01T06:16:53+00:00,LTC,44.52,,,coingecko
2026-08-01T06:17:57+00:00,BTC,62967.0,,,coingecko
2026-08-01T06:17:57+00:00,ETH,1865.88,,,coingecko
2026-08-01T06:17:57+00:00,SOL,72.91,,,coingecko
2026-08-01T06:17:57+00:00,XRP,1.063,,,coingecko
2026-08-01T06:17:57+00:00,DOGE,0.070018,,,coingecko
2026-08-01T06:17:57+00:00,BNB,591.41,,,coingecko
2026-08-01T06:17:57+00:00,ADA,0.169838,,,coingecko
2026-08-01T06:17:57+00:00,LINK,8.17,,,coingecko
2026-08-01T06:17:57+00:00,AVAX,6.39,,,coingecko
2026-08-01T06:17:57+00:00,DOT,0.762832,,,coingecko
2026-08-01T06:17:57+00:00,MATIC,0.126156,,,coingecko
2026-08-01T06:17:57+00:00,LTC,44.51,,,coingecko
2026-08-01T06:17:57+00:00,BTC,62967.655,,,consenso
2026-08-01T06:17:57+00:00,ETH,1866.07,,,consenso
2026-08-01T06:17:57+00:00,SOL,72.99,,,consenso
2026-08-01T06:17:57+00:00,XRP,1.0638,,,consenso
2026-08-01T06:17:57+00:00,DOGE,0.07005,,,binance
2026-08-01T06:17:57+00:00,BNB,592.01,,,binance
2026-08-01T06:18:51+00:00,BTC,62967.655,,,consenso
2026-08-01T06:18:51+00:00,ETH,1866.07,,,consenso
2026-08-01T06:18:51+00:00,SOL,72.95,,,consenso
2026-08-01T06:18:51+00:00,XRP,1.0636,,,consenso
2026-08-01T06:18:51+00:00,DOGE,0.07,,,binance
2026-08-01T06:18:51+00:00,BNB,591.91,,,binance
2026-08-01T06:19:01+00:00,BTC,62966.0,,,coingecko
2026-08-01T06:19:01+00:00,ETH,1865.83,,,coingecko
2026-08-01T06:19:01+00:00,SOL,72.91,,,coingecko
2026-08-01T06:19:01+00:00,XRP,1.063,,,coingecko
2026-08-01T06:19:01+00:00,DOGE,0.070001,,,coingecko
2026-08-01T06:19:01+00:00,BNB,591.43,,,coingecko
2026-08-01T06:19:01+00:00,ADA,0.169882,,,coingecko
2026-08-01T06:19:01+00:00,LINK,8.17,,,coingecko
2026-08-01T06:19:01+00:00,AVAX,6.39,,,coingecko
2026-08-01T06:19:01+00:00,DOT,0.76269,,,coingecko
2026-08-01T06:19:01+00:00,MATIC,0.126156,,,coingecko
2026-08-01T06:19:01+00:00,LTC,44.51,,,coingecko
2026-08-01T06:20:06+00:00,BTC,62956.0,,,coingecko
2026-08-01T06:20:06+00:00,ETH,1865.56,,,coingecko
2026-08-01T06:20:06+00:00,SOL,72.9,,,coingecko
2026-08-01T06:20:06+00:00,XRP,1.063,,,coingecko
2026-08-01T06:20:06+00:00,DOGE,0.069969,,,coingecko
2026-08-01T06:20:06+00:00,BNB,591.33,,,coingecko
2026-08-01T06:20:06+00:00,ADA,0.169561,,,coingecko
2026-08-01T06:20:06+00:00,LINK,8.16,,,coingecko
2026-08-01T06:20:06+00:00,AVAX,6.39,,,coingecko
2026-08-01T06:20:06+00:00,DOT,0.762405,,,coingecko
2026-08-01T06:20:06+00:00,MATIC,0.126156,,,coingecko
2026-08-01T06:20:06+00:00,LTC,44.49,,,coingecko
2026-08-01T06:24:06+00:00,BTC,63003.0,,,coingecko
2026-08-01T06:24:06+00:00,ETH,1867.15,,,coingecko
2026-08-01T06:24:06+00:00,SOL,72.94,,,coingecko
2026-08-01T06:24:06+00:00,XRP,1.064,,,coingecko
2026-08-01T06:24:06+00:00,DOGE,0.070002,,,coingecko
2026-08-01T06:24:06+00:00,BNB,591.27,,,coingecko
2026-08-01T06:24:06+00:00,ADA,0.169685,,,coingecko
2026-08-01T06:24:06+00:00,LINK,8.17,,,coingecko
2026-08-01T06:24:06+00:00,AVAX,6.4,,,coingecko
2026-08-01T06:24:06+00:00,DOT,0.763475,,,coingecko
2026-08-01T06:24:06+00:00,MATIC,0.126156,,,coingecko
2026-08-01T06:24:06+00:00,LTC,44.53,,,coingecko
2026-08-01T06:25:12+00:00,BTC,63003.0,,,coingecko
2026-08-01T06:25:12+00:00,ETH,1867.42,,,coingecko
2026-08-01T06:25:12+00:00,SOL,72.94,,,coingecko
2026-08-01T06:25:12+00:00,XRP,1.064,,,coingecko
2026-08-01T06:25:12+00:00,DOGE,0.069997,,,coingecko
2026-08-01T06:25:12+00:00,BNB,591.45,,,coingecko
2026-08-01T06:25:12+00:00,ADA,0.169788,,,coingecko
2026-08-01T06:25:12+00:00,LINK,8.17,,,coingecko
2026-08-01T06:25:12+00:00,AVAX,6.4,,,coingecko
2026-08-01T06:25:12+00:00,DOT,0.763625,,,coingecko
2026-08-01T06:25:12+00:00,MATIC,0.126156,,,coingecko
2026-08-01T06:25:12+00:00,LTC,44.54,,,coingecko
2026-08-01T06:26:16+00:00,BTC,63006.0,,,coingecko
2026-08-01T06:26:16+00:00,ETH,1867.6,,,coingecko
2026-08-01T06:26:16+00:00,SOL,72.93,,,coingecko
2026-08-01T06:26:16+00:00,XRP,1.063,,,coingecko
2026-08-01T06:26:16+00:00,DOGE,0.06997,,,coingecko
2026-08-01T06:26:16+00:00,BNB,591.4,,,coingecko
2026-08-01T06:26:16+00:00,ADA,0.169692,,,coingecko
2026-08-01T06:26:16+00:00,LINK,8.17,,,coingecko
2026-08-01T06:26:16+00:00,AVAX,6.4,,,coingecko
2026-08-01T06:26:16+00:00,DOT,0.762303,,,coingecko
2026-08-01T06:26:16+00:00,MATIC,0.126156,,,coingecko
2026-08-01T06:26:16+00:00,LTC,44.56,,,coingecko
2026-08-01T06:27:08+00:00,BTC,63013.965,,,consenso
2026-08-01T06:27:08+00:00,ETH,1867.885,,,consenso
2026-08-01T06:27:08+00:00,SOL,72.93,,,consenso
2026-08-01T06:27:08+00:00,XRP,1.06396,,,consenso
2026-08-01T06:27:08+00:00,DOGE,0.07008,,,binance
2026-08-01T06:27:08+00:00,BNB,591.77,,,binance
2026-08-01T06:27:20+00:00,BTC,63007.0,,,coingecko
2026-08-01T06:27:20+00:00,ETH,1867.59,,,coingecko
2026-08-01T06:27:20+00:00,SOL,72.93,,,coingecko
2026-08-01T06:27:20+00:00,XRP,1.063,,,coingecko
2026-08-01T06:27:20+00:00,DOGE,0.069987,,,coingecko
2026-08-01T06:27:20+00:00,BNB,591.32,,,coingecko
2026-08-01T06:27:20+00:00,ADA,0.169699,,,coingecko
2026-08-01T06:27:20+00:00,LINK,8.17,,,coingecko
2026-08-01T06:27:20+00:00,AVAX,6.4,,,coingecko
2026-08-01T06:27:20+00:00,DOT,0.762321,,,coingecko
2026-08-01T06:27:20+00:00,MATIC,0.126156,,,coingecko
2026-08-01T06:27:20+00:00,LTC,44.58,,,coingecko
2026-08-01T06:28:05+00:00,BTC,63013.965,,,consenso
2026-08-01T06:28:05+00:00,ETH,1867.885,,,consenso
2026-08-01T06:28:05+00:00,SOL,73.01,,,consenso
2026-08-01T06:28:05+00:00,XRP,1.0652,,,consenso
2026-08-01T06:28:05+00:00,DOGE,0.07008,,,binance
2026-08-01T06:28:05+00:00,BNB,591.87,,,binance
2026-08-01T06:28:23+00:00,BTC,63012.0,,,coingecko
2026-08-01T06:28:23+00:00,ETH,1867.72,,,coingecko
2026-08-01T06:28:23+00:00,SOL,72.92,,,coingecko
2026-08-01T06:28:23+00:00,XRP,1.063,,,coingecko
2026-08-01T06:28:23+00:00,DOGE,0.069984,,,coingecko
2026-08-01T06:28:23+00:00,BNB,591.25,,,coingecko
2026-08-01T06:28:23+00:00,ADA,0.169757,,,coingecko
2026-08-01T06:28:23+00:00,LINK,8.17,,,coingecko
2026-08-01T06:28:23+00:00,AVAX,6.4,,,coingecko
2026-08-01T06:28:23+00:00,DOT,0.762549,,,coingecko
2026-08-01T06:28:23+00:00,MATIC,0.126156,,,coingecko
2026-08-01T06:28:23+00:00,LTC,44.58,,,coingecko
2026-08-01T06:28:53+00:00,BTC,63013.965,,,consenso
2026-08-01T06:28:53+00:00,ETH,1867.885,,,consenso
2026-08-01T06:28:53+00:00,SOL,73.01,,,consenso
2026-08-01T06:28:53+00:00,XRP,1.0652,,,consenso
2026-08-01T06:28:53+00:00,DOGE,0.07008,,,binance
2026-08-01T06:28:53+00:00,BNB,592.3,,,binance
2026-08-01T06:29:27+00:00,BTC,63013.0,,,coingecko
2026-08-01T06:29:27+00:00,ETH,1868.05,,,coingecko
2026-08-01T06:29:27+00:00,SOL,72.93,,,coingecko
2026-08-01T06:29:27+00:00,XRP,1.064,,,coingecko
2026-08-01T06:29:27+00:00,DOGE,0.070018,,,coingecko
2026-08-01T06:29:27+00:00,BNB,591.3,,,coingecko
2026-08-01T06:29:27+00:00,ADA,0.169894,,,coingecko
2026-08-01T06:29:27+00:00,LINK,8.17,,,coingecko
2026-08-01T06:29:27+00:00,AVAX,6.4,,,coingecko
2026-08-01T06:29:27+00:00,DOT,0.76198,,,coingecko
2026-08-01T06:29:27+00:00,MATIC,0.126156,,,coingecko
2026-08-01T06:29:27+00:00,LTC,44.58,,,coingecko
2026-08-01T06:30:32+00:00,BTC,63013.0,,,coingecko
2026-08-01T06:30:32+00:00,ETH,1868.24,,,coingecko
2026-08-01T06:30:32+00:00,SOL,72.94,,,coingecko
2026-08-01T06:30:32+00:00,XRP,1.064,,,coingecko
2026-08-01T06:30:32+00:00,DOGE,0.070001,,,coingecko
2026-08-01T06:30:32+00:00,BNB,591.5,,,coingecko
2026-08-01T06:30:32+00:00,ADA,0.169908,,,coingecko
2026-08-01T06:30:32+00:00,LINK,8.16,,,coingecko
2026-08-01T06:30:32+00:00,AVAX,6.4,,,coingecko
2026-08-01T06:30:32+00:00,DOT,0.76201,,,coingecko
2026-08-01T06:30:32+00:00,MATIC,0.126156,,,coingecko
2026-08-01T06:30:32+00:00,LTC,44.57,,,coingecko
2026-08-01T06:31:35+00:00,BTC,63009.0,,,coingecko
2026-08-01T06:31:35+00:00,ETH,1868.23,,,coingecko
2026-08-01T06:31:35+00:00,SOL,72.93,,,coingecko
2026-08-01T06:31:35+00:00,XRP,1.064,,,coingecko
2026-08-01T06:31:35+00:00,DOGE,0.06999,,,coingecko
2026-08-01T06:31:35+00:00,BNB,591.25,,,coingecko
2026-08-01T06:31:35+00:00,ADA,0.169813,,,coingecko
2026-08-01T06:31:35+00:00,LINK,8.16,,,coingecko
2026-08-01T06:31:35+00:00,AVAX,6.4,,,coingecko
2026-08-01T06:31:35+00:00,DOT,0.761955,,,coingecko
2026-08-01T06:31:35+00:00,MATIC,0.126156,,,coingecko
2026-08-01T06:31:35+00:00,LTC,44.57,,,coingecko
2026-08-01T06:32:39+00:00,BTC,63009.0,,,coingecko
2026-08-01T06:32:39+00:00,ETH,1868.35,,,coingecko
2026-08-01T06:32:39+00:00,SOL,72.94,,,coingecko
2026-08-01T06:32:39+00:00,XRP,1.064,,,coingecko
2026-08-01T06:32:39+00:00,DOGE,0.069996,,,coingecko
2026-08-01T06:32:39+00:00,BNB,591.12,,,coingecko
2026-08-01T06:32:39+00:00,ADA,0.169794,,,coingecko
2026-08-01T06:32:39+00:00,LINK,8.16,,,coingecko
2026-08-01T06:32:39+00:00,AVAX,6.4,,,coingecko
2026-08-01T06:32:39+00:00,DOT,0.761984,,,coingecko
2026-08-01T06:32:39+00:00,MATIC,0.126156,,,coingecko
2026-08-01T06:32:39+00:00,LTC,44.57,,,coingecko
2026-08-01T06:33:43+00:00,BTC,63002.0,,,coingecko
2026-08-01T06:33:43+00:00,ETH,1868.22,,,coingecko
2026-08-01T06:33:43+00:00,SOL,72.92,,,coingecko
2026-08-01T06:33:43+00:00,XRP,1.064,,,coingecko
2026-08-01T06:33:43+00:00,DOGE,0.069977,,,coingecko
2026-08-01T06:33:43+00:00,BNB,590.93,,,coingecko
2026-08-01T06:33:43+00:00,ADA,0.169783,,,coingecko
2026-08-01T06:33:43+00:00,LINK,8.17,,,coingecko
2026-08-01T06:33:43+00:00,AVAX,6.4,,,coingecko
2026-08-01T06:33:43+00:00,DOT,0.762005,,,coingecko
2026-08-01T06:33:43+00:00,MATIC,0.126156,,,coingecko
2026-08-01T06:33:43+00:00,LTC,44.56,,,coingecko
2026-08-01T06:34:39+00:00,BTC,62992.12,,,consenso
2026-08-01T06:34:39+00:00,ETH,1867.805,,,consenso
2026-08-01T06:34:39+00:00,SOL,72.9,,,consenso
2026-08-01T06:34:39+00:00,XRP,1.06347,,,consenso
2026-08-01T06:34:39+00:00,DOGE,0.07,,,binance
2026-08-01T06:34:39+00:00,BNB,591.5,,,binance
2026-08-01T06:35:56+00:00,BTC,62992.12,,,consenso
2026-08-01T06:35:56+00:00,ETH,1867.805,,,consenso
2026-08-01T06:35:56+00:00,SOL,72.98,,,consenso
2026-08-01T06:35:56+00:00,XRP,1.0646,,,consenso
2026-08-01T06:35:56+00:00,DOGE,0.07,,,binance
2026-08-01T06:35:56+00:00,BNB,591.38,,,binance
2026-08-01T06:36:54+00:00,BTC,63010.0,,,coingecko
2026-08-01T06:36:54+00:00,ETH,1867.94,,,coingecko
2026-08-01T06:36:54+00:00,SOL,72.91,,,coingecko
2026-08-01T06:36:54+00:00,XRP,1.064,,,coingecko
2026-08-01T06:36:54+00:00,DOGE,0.069951,,,coingecko
2026-08-01T06:36:54+00:00,BNB,590.82,,,coingecko
2026-08-01T06:36:54+00:00,ADA,0.169673,,,coingecko
2026-08-01T06:36:54+00:00,LINK,8.16,,,coingecko
2026-08-01T06:36:54+00:00,AVAX,6.4,,,coingecko
2026-08-01T06:36:54+00:00,DOT,0.761595,,,coingecko
2026-08-01T06:36:54+00:00,MATIC,0.126156,,,coingecko
2026-08-01T06:36:54+00:00,LTC,44.57,,,coingecko
2026-08-01T06:37:15+00:00,BTC,62992.12,,,consenso
2026-08-01T06:37:15+00:00,ETH,1867.805,,,consenso
2026-08-01T06:37:15+00:00,SOL,72.97,,,consenso
2026-08-01T06:37:15+00:00,XRP,1.0645,,,consenso
2026-08-01T06:37:15+00:00,DOGE,0.07,,,binance
2026-08-01T06:37:15+00:00,BNB,591.37,,,binance
2026-08-01T06:38:00+00:00,BTC,63009.0,,,coingecko
2026-08-01T06:38:00+00:00,ETH,1867.85,,,coingecko
2026-08-01T06:38:00+00:00,SOL,72.91,,,coingecko
2026-08-01T06:38:00+00:00,XRP,1.063,,,coingecko
2026-08-01T06:38:00+00:00,DOGE,0.069946,,,coingecko
2026-08-01T06:38:00+00:00,BNB,590.8,,,coingecko
2026-08-01T06:38:00+00:00,ADA,0.169677,,,coingecko
2026-08-01T06:38:00+00:00,LINK,8.16,,,coingecko
2026-08-01T06:38:00+00:00,AVAX,6.4,,,coingecko
2026-08-01T06:38:00+00:00,DOT,0.761241,,,coingecko
2026-08-01T06:38:00+00:00,MATIC,0.126156,,,coingecko
2026-08-01T06:38:00+00:00,LTC,44.57,,,coingecko
2026-08-01T06:39:03+00:00,BTC,63010.0,,,coingecko
2026-08-01T06:39:03+00:00,ETH,1867.86,,,coingecko
2026-08-01T06:39:03+00:00,SOL,72.91,,,coingecko
2026-08-01T06:39:03+00:00,XRP,1.063,,,coingecko
2026-08-01T06:39:03+00:00,DOGE,0.069943,,,coingecko
2026-08-01T06:39:03+00:00,BNB,590.8,,,coingecko
2026-08-01T06:39:03+00:00,ADA,0.169679,,,coingecko
2026-08-01T06:39:03+00:00,LINK,8.16,,,coingecko
2026-08-01T06:39:03+00:00,AVAX,6.39,,,coingecko
2026-08-01T06:39:03+00:00,DOT,0.761066,,,coingecko
2026-08-01T06:39:03+00:00,MATIC,0.126156,,,coingecko
2026-08-01T06:39:03+00:00,LTC,44.55,,,coingecko
2026-08-01T06:40:06+00:00,BTC,63011.0,,,coingecko
2026-08-01T06:40:06+00:00,ETH,1867.91,,,coingecko
2026-08-01T06:40:06+00:00,SOL,72.91,,,coingecko
2026-08-01T06:40:06+00:00,XRP,1.063,,,coingecko
2026-08-01T06:40:06+00:00,DOGE,0.069943,,,coingecko
2026-08-01T06:40:06+00:00,BNB,590.82,,,coingecko
2026-08-01T06:40:06+00:00,ADA,0.169697,,,coingecko
2026-08-01T06:40:06+00:00,LINK,8.16,,,coingecko
2026-08-01T06:40:06+00:00,AVAX,6.39,,,coingecko
2026-08-01T06:40:06+00:00,DOT,0.760996,,,coingecko
2026-08-01T06:40:06+00:00,MATIC,0.126156,,,coingecko
2026-08-01T06:40:06+00:00,LTC,44.54,,,coingecko
2026-08-01T06:41:11+00:00,BTC,63012.0,,,coingecko
2026-08-01T06:41:11+00:00,ETH,1867.94,,,coingecko
2026-08-01T06:41:11+00:00,SOL,72.91,,,coingecko
2026-08-01T06:41:11+00:00,XRP,1.064,,,coingecko
2026-08-01T06:41:11+00:00,DOGE,0.069944,,,coingecko
2026-08-01T06:41:11+00:00,BNB,590.81,,,coingecko
2026-08-01T06:41:11+00:00,ADA,0.169747,,,coingecko
2026-08-01T06:41:11+00:00,LINK,8.16,,,coingecko
2026-08-01T06:41:11+00:00,AVAX,6.4,,,coingecko
2026-08-01T06:41:11+00:00,DOT,0.761009,,,coingecko
2026-08-01T06:41:11+00:00,MATIC,0.126156,,,coingecko
2026-08-01T06:41:11+00:00,LTC,44.52,,,coingecko
2026-08-01T06:42:15+00:00,BTC,63011.0,,,coingecko
2026-08-01T06:42:15+00:00,ETH,1868.01,,,coingecko
2026-08-01T06:42:15+00:00,SOL,72.92,,,coingecko
2026-08-01T06:42:15+00:00,XRP,1.063,,,coingecko
2026-08-01T06:42:15+00:00,DOGE,0.069945,,,coingecko
2026-08-01T06:42:15+00:00,BNB,591.01,,,coingecko
2026-08-01T06:42:15+00:00,ADA,0.169857,,,coingecko
2026-08-01T06:42:15+00:00,LINK,8.16,,,coingecko
2026-08-01T06:42:15+00:00,AVAX,6.4,,,coingecko
2026-08-01T06:42:15+00:00,DOT,0.761535,,,coingecko
2026-08-01T06:42:15+00:00,MATIC,0.126156,,,coingecko
2026-08-01T06:42:15+00:00,LTC,44.52,,,coingecko
2026-08-01T06:43:06+00:00,BTC,63011.085,,,consenso
2026-08-01T06:43:06+00:00,ETH,1868.465,,,consenso
2026-08-01T06:43:06+00:00,SOL,72.925,,,consenso
2026-08-01T06:43:06+00:00,XRP,1.06352,,,consenso
2026-08-01T06:43:06+00:00,DOGE,0.07002,,,binance
2026-08-01T06:43:06+00:00,BNB,591.71,,,binance
2026-08-01T06:43:22+00:00,BTC,63012.0,,,coingecko
2026-08-01T06:43:22+00:00,ETH,1868.44,,,coingecko
2026-08-01T06:43:22+00:00,SOL,72.92,,,coingecko
2026-08-01T06:43:22+00:00,XRP,1.063,,,coingecko
2026-08-01T06:43:22+00:00,DOGE,0.069949,,,coingecko
2026-08-01T06:43:22+00:00,BNB,591.11,,,coingecko
2026-08-01T06:43:22+00:00,ADA,0.169818,,,coingecko
2026-08-01T06:43:22+00:00,LINK,8.16,,,coingecko
2026-08-01T06:43:22+00:00,AVAX,6.4,,,coingecko
2026-08-01T06:43:22+00:00,DOT,0.761934,,,coingecko
2026-08-01T06:43:22+00:00,MATIC,0.126156,,,coingecko
2026-08-01T06:43:22+00:00,LTC,44.52,,,coingecko
2026-08-01T06:44:04+00:00,BTC,63011.085,,,consenso
2026-08-01T06:44:04+00:00,ETH,1868.465,,,consenso
2026-08-01T06:44:04+00:00,SOL,72.99,,,consenso
2026-08-01T06:44:04+00:00,XRP,1.0643,,,consenso
2026-08-01T06:44:04+00:00,DOGE,0.07003,,,binance
2026-08-01T06:44:04+00:00,BNB,591.53,,,binance
2026-08-01T06:44:25+00:00,BTC,63013.0,,,coingecko
2026-08-01T06:44:25+00:00,ETH,1868.22,,,coingecko
2026-08-01T06:44:25+00:00,SOL,72.92,,,coingecko
2026-08-01T06:44:25+00:00,XRP,1.063,,,coingecko
2026-08-01T06:44:25+00:00,DOGE,0.06996,,,coingecko
2026-08-01T06:44:25+00:00,BNB,591.0,,,coingecko
2026-08-01T06:44:25+00:00,ADA,0.16982,,,coingecko
2026-08-01T06:44:25+00:00,LINK,8.16,,,coingecko
2026-08-01T06:44:25+00:00,AVAX,6.4,,,coingecko
2026-08-01T06:44:25+00:00,DOT,0.761884,,,coingecko
2026-08-01T06:44:25+00:00,MATIC,0.126156,,,coingecko
2026-08-01T06:44:25+00:00,LTC,44.53,,,coingecko
2026-08-01T06:44:52+00:00,BTC,63011.085,,,consenso
2026-08-01T06:44:52+00:00,ETH,1868.465,,,consenso
2026-08-01T06:44:52+00:00,SOL,72.99,,,consenso
2026-08-01T06:44:52+00:00,XRP,1.0644,,,consenso
2026-08-01T06:44:52+00:00,DOGE,0.07002,,,binance
2026-08-01T06:44:52+00:00,BNB,591.52,,,binance
2026-08-01T06:45:28+00:00,BTC,63012.0,,,coingecko
2026-08-01T06:45:28+00:00,ETH,1868.24,,,coingecko
2026-08-01T06:45:28+00:00,SOL,72.92,,,coingecko
2026-08-01T06:45:28+00:00,XRP,1.063,,,coingecko
2026-08-01T06:45:28+00:00,DOGE,0.06996,,,coingecko
2026-08-01T06:45:28+00:00,BNB,590.98,,,coingecko
2026-08-01T06:45:28+00:00,ADA,0.169826,,,coingecko
2026-08-01T06:45:28+00:00,LINK,8.16,,,coingecko
2026-08-01T06:45:28+00:00,AVAX,6.4,,,coingecko
2026-08-01T06:45:28+00:00,DOT,0.761903,,,coingecko
2026-08-01T06:45:28+00:00,MATIC,0.126156,,,coingecko
2026-08-01T06:45:28+00:00,LTC,44.53,,,coingecko
2026-08-01T06:46:32+00:00,BTC,63003.0,,,coingecko
2026-08-01T06:46:32+00:00,ETH,1868.29,,,coingecko
2026-08-01T06:46:32+00:00,SOL,72.92,,,coingecko
2026-08-01T06:46:32+00:00,XRP,1.063,,,coingecko
2026-08-01T06:46:32+00:00,DOGE,0.069962,,,coingecko
2026-08-01T06:46:32+00:00,BNB,590.97,,,coingecko
2026-08-01T06:46:32+00:00,ADA,0.16984,,,coingecko
2026-08-01T06:46:32+00:00,LINK,8.16,,,coingecko
2026-08-01T06:46:32+00:00,AVAX,6.4,,,coingecko
2026-08-01T06:46:32+00:00,DOT,0.761899,,,coingecko
2026-08-01T06:46:32+00:00,MATIC,0.126156,,,coingecko
2026-08-01T06:46:32+00:00,LTC,44.53,,,coingecko
2026-08-01T06:49:54+00:00,BTC,63007.0,,,coingecko
2026-08-01T06:49:54+00:00,ETH,1868.34,,,coingecko
2026-08-01T06:49:54+00:00,SOL,72.92,,,coingecko
2026-08-01T06:49:54+00:00,XRP,1.063,,,coingecko
2026-08-01T06:49:54+00:00,DOGE,0.06998,,,coingecko
2026-08-01T06:49:54+00:00,BNB,590.73,,,coingecko
2026-08-01T06:49:54+00:00,ADA,0.169966,,,coingecko
2026-08-01T06:49:54+00:00,LINK,8.16,,,coingecko
2026-08-01T06:49:54+00:00,AVAX,6.4,,,coingecko
2026-08-01T06:49:54+00:00,DOT,0.761753,,,coingecko
2026-08-01T06:49:54+00:00,MATIC,0.126156,,,coingecko
2026-08-01T06:49:54+00:00,LTC,44.51,,,coingecko
2026-08-01T06:51:00+00:00,BTC,63008.0,,,coingecko
2026-08-01T06:51:00+00:00,ETH,1868.34,,,coingecko
2026-08-01T06:51:00+00:00,SOL,72.92,,,coingecko
2026-08-01T06:51:00+00:00,XRP,1.063,,,coingecko
2026-08-01T06:51:00+00:00,DOGE,0.06998,,,coingecko
2026-08-01T06:51:00+00:00,BNB,590.85,,,coingecko
2026-08-01T06:51:00+00:00,ADA,0.169976,,,coingecko
2026-08-01T06:51:00+00:00,LINK,8.17,,,coingecko
2026-08-01T06:51:00+00:00,AVAX,6.4,,,coingecko
2026-08-01T06:51:00+00:00,DOT,0.761668,,,coingecko
2026-08-01T06:51:00+00:00,MATIC,0.126156,,,coingecko
2026-08-01T06:51:00+00:00,LTC,44.5,,,coingecko
2026-08-01T06:51:48+00:00,BTC,63019.545,,,consenso
2026-08-01T06:51:48+00:00,ETH,1868.735,,,consenso
2026-08-01T06:51:48+00:00,SOL,72.95,,,consenso
2026-08-01T06:51:48+00:00,XRP,1.06375,,,consenso
2026-08-01T06:51:48+00:00,DOGE,0.07009,,,binance
2026-08-01T06:51:48+00:00,BNB,591.61,,,binance
2026-08-01T06:52:04+00:00,BTC,63020.0,,,coingecko
2026-08-01T06:52:04+00:00,ETH,1868.41,,,coingecko
2026-08-01T06:52:04+00:00,SOL,72.93,,,coingecko
2026-08-01T06:52:04+00:00,XRP,1.064,,,coingecko
2026-08-01T06:52:04+00:00,DOGE,0.069987,,,coingecko
2026-08-01T06:52:04+00:00,BNB,591.1,,,coingecko
2026-08-01T06:52:04+00:00,ADA,0.170099,,,coingecko
2026-08-01T06:52:04+00:00,LINK,8.17,,,coingecko
2026-08-01T06:52:04+00:00,AVAX,6.41,,,coingecko
2026-08-01T06:52:04+00:00,DOT,0.761821,,,coingecko
2026-08-01T06:52:04+00:00,MATIC,0.126156,,,coingecko
2026-08-01T06:52:04+00:00,LTC,44.52,,,coingecko
2026-08-01T06:52:50+00:00,BTC,63019.545,,,consenso
2026-08-01T06:52:50+00:00,ETH,1868.735,,,consenso
2026-08-01T06:52:50+00:00,SOL,73.02,,,consenso
2026-08-01T06:52:50+00:00,XRP,1.0646,,,consenso
2026-08-01T06:52:50+00:00,DOGE,0.07007,,,binance
2026-08-01T06:52:50+00:00,BNB,591.58,,,binance
2026-08-01T06:53:09+00:00,BTC,63023.0,,,coingecko
2026-08-01T06:53:09+00:00,ETH,1868.77,,,coingecko
2026-08-01T06:53:09+00:00,SOL,72.94,,,coingecko
2026-08-01T06:53:09+00:00,XRP,1.064,,,coingecko
2026-08-01T06:53:09+00:00,DOGE,0.07001,,,coingecko
2026-08-01T06:53:09+00:00,BNB,591.03,,,coingecko
2026-08-01T06:53:09+00:00,ADA,0.170323,,,coingecko
2026-08-01T06:53:09+00:00,LINK,8.18,,,coingecko
2026-08-01T06:53:09+00:00,AVAX,6.41,,,coingecko
2026-08-01T06:53:09+00:00,DOT,0.761923,,,coingecko
2026-08-01T06:53:09+00:00,MATIC,0.126156,,,coingecko
2026-08-01T06:53:09+00:00,LTC,44.53,,,coingecko
2026-08-01T06:53:39+00:00,BTC,63019.545,,,consenso
2026-08-01T06:53:39+00:00,ETH,1868.735,,,consenso
2026-08-01T06:53:39+00:00,SOL,73.02,,,consenso
2026-08-01T06:53:39+00:00,XRP,1.0646,,,consenso
2026-08-01T06:53:39+00:00,DOGE,0.07007,,,binance
2026-08-01T06:53:39+00:00,BNB,591.49,,,binance
2026-08-01T06:54:12+00:00,BTC,63024.0,,,coingecko
2026-08-01T06:54:12+00:00,ETH,1869.04,,,coingecko
2026-08-01T06:54:12+00:00,SOL,72.95,,,coingecko
2026-08-01T06:54:12+00:00,XRP,1.064,,,coingecko
2026-08-01T06:54:12+00:00,DOGE,0.070002,,,coingecko
2026-08-01T06:54:12+00:00,BNB,590.98,,,coingecko
2026-08-01T06:54:12+00:00,ADA,0.170393,,,coingecko
2026-08-01T06:54:12+00:00,LINK,8.18,,,coingecko
2026-08-01T06:54:12+00:00,AVAX,6.41,,,coingecko
2026-08-01T06:54:12+00:00,DOT,0.762029,,,coingecko
2026-08-01T06:54:12+00:00,MATIC,0.126156,,,coingecko
2026-08-01T06:54:12+00:00,LTC,44.53,,,coingecko
2026-08-01T06:55:16+00:00,BTC,63024.0,,,coingecko
2026-08-01T06:55:16+00:00,ETH,1869.01,,,coingecko
2026-08-01T06:55:16+00:00,SOL,72.95,,,coingecko
2026-08-01T06:55:16+00:00,XRP,1.064,,,coingecko
2026-08-01T06:55:16+00:00,DOGE,0.069999,,,coingecko
2026-08-01T06:55:16+00:00,BNB,590.94,,,coingecko
2026-08-01T06:55:16+00:00,ADA,0.170309,,,coingecko
2026-08-01T06:55:16+00:00,LINK,8.18,,,coingecko
2026-08-01T06:55:16+00:00,AVAX,6.41,,,coingecko
2026-08-01T06:55:16+00:00,DOT,0.762125,,,coingecko
2026-08-01T06:55:16+00:00,MATIC,0.126156,,,coingecko
2026-08-01T06:55:16+00:00,LTC,44.53,,,coingecko
2026-08-01T06:56:22+00:00,BTC,63021.0,,,coingecko
2026-08-01T06:56:22+00:00,ETH,1868.69,,,coingecko
2026-08-01T06:56:22+00:00,SOL,72.93,,,coingecko
2026-08-01T06:56:22+00:00,XRP,1.063,,,coingecko
2026-08-01T06:56:22+00:00,DOGE,0.069988,,,coingecko
2026-08-01T06:56:22+00:00,BNB,590.92,,,coingecko
2026-08-01T06:56:22+00:00,ADA,0.170055,,,coingecko
2026-08-01T06:56:22+00:00,LINK,8.18,,,coingecko
2026-08-01T06:56:22+00:00,AVAX,6.41,,,coingecko
2026-08-01T06:56:22+00:00,DOT,0.761882,,,coingecko
2026-08-01T06:56:22+00:00,MATIC,0.126156,,,coingecko
2026-08-01T06:56:22+00:00,LTC,44.53,,,coingecko
2026-08-01T06:57:25+00:00,BTC,63022.0,,,coingecko
2026-08-01T06:57:25+00:00,ETH,1868.64,,,coingecko
2026-08-01T06:57:25+00:00,SOL,72.93,,,coingecko
2026-08-01T06:57:25+00:00,XRP,1.063,,,coingecko
2026-08-01T06:57:25+00:00,DOGE,0.069983,,,coingecko
2026-08-01T06:57:25+00:00,BNB,590.83,,,coingecko
2026-08-01T06:57:25+00:00,ADA,0.169958,,,coingecko
2026-08-01T06:57:25+00:00,LINK,8.18,,,coingecko
2026-08-01T06:57:25+00:00,AVAX,6.4,,,coingecko
2026-08-01T06:57:25+00:00,DOT,0.761826,,,coingecko
2026-08-01T06:57:25+00:00,MATIC,0.126156,,,coingecko
2026-08-01T06:57:25+00:00,LTC,44.53,,,coingecko
2026-08-01T06:58:29+00:00,BTC,63021.0,,,coingecko
2026-08-01T06:58:29+00:00,ETH,1868.62,,,coingecko
2026-08-01T06:58:29+00:00,SOL,72.92,,,coingecko
2026-08-01T06:58:29+00:00,XRP,1.063,,,coingecko
2026-08-01T06:58:29+00:00,DOGE,0.069983,,,coingecko
2026-08-01T06:58:29+00:00,BNB,590.81,,,coingecko
2026-08-01T06:58:29+00:00,ADA,0.169865,,,coingecko
2026-08-01T06:58:29+00:00,LINK,8.18,,,coingecko
2026-08-01T06:58:29+00:00,AVAX,6.4,,,coingecko
2026-08-01T06:58:29+00:00,DOT,0.761763,,,coingecko
2026-08-01T06:58:29+00:00,MATIC,0.126156,,,coingecko
2026-08-01T06:58:29+00:00,LTC,44.53,,,coingecko
2026-08-01T06:59:15+00:00,BTC,63016.475,,,consenso
2026-08-01T06:59:15+00:00,ETH,1868.895,,,consenso
2026-08-01T06:59:15+00:00,SOL,72.915,,,consenso
2026-08-01T06:59:15+00:00,XRP,1.06315,,,consenso
2026-08-01T06:59:15+00:00,DOGE,0.07006,,,binance
2026-08-01T06:59:15+00:00,BNB,591.35,,,binance
2026-08-01T06:59:33+00:00,BTC,63020.0,,,coingecko
2026-08-01T06:59:33+00:00,ETH,1868.54,,,coingecko
2026-08-01T06:59:33+00:00,SOL,72.92,,,coingecko
2026-08-01T06:59:33+00:00,XRP,1.063,,,coingecko
2026-08-01T06:59:33+00:00,DOGE,0.069982,,,coingecko
2026-08-01T06:59:33+00:00,BNB,590.53,,,coingecko
2026-08-01T06:59:33+00:00,ADA,0.169865,,,coingecko
2026-08-01T06:59:33+00:00,LINK,8.18,,,coingecko
2026-08-01T06:59:33+00:00,AVAX,6.4,,,coingecko
2026-08-01T06:59:33+00:00,DOT,0.761473,,,coingecko
2026-08-01T06:59:33+00:00,MATIC,0.126156,,,coingecko
2026-08-01T06:59:33+00:00,LTC,44.52,,,coingecko
2026-08-01T07:00:13+00:00,BTC,63016.475,,,consenso
2026-08-01T07:00:13+00:00,ETH,1868.895,,,consenso
2026-08-01T07:00:13+00:00,SOL,73.0,,,consenso
2026-08-01T07:00:13+00:00,XRP,1.0639,,,consenso
2026-08-01T07:00:13+00:00,DOGE,0.07006,,,binance
2026-08-01T07:00:13+00:00,BNB,591.29,,,binance
2026-08-01T07:01:07+00:00,BTC,63016.475,,,consenso
2026-08-01T07:01:07+00:00,ETH,1868.895,,,consenso
2026-08-01T07:01:07+00:00,SOL,72.99,,,consenso
2026-08-01T07:01:07+00:00,XRP,1.0639,,,consenso
2026-08-01T07:01:07+00:00,DOGE,0.07007,,,binance
2026-08-01T07:01:07+00:00,BNB,591.25,,,binance
2026-08-01T07:02:32+00:00,BTC,63022.0,,,coingecko
2026-08-01T07:02:32+00:00,ETH,1868.64,,,coingecko
2026-08-01T07:02:32+00:00,SOL,72.92,,,coingecko
2026-08-01T07:02:32+00:00,XRP,1.063,,,coingecko
2026-08-01T07:02:32+00:00,DOGE,0.069996,,,coingecko
2026-08-01T07:02:32+00:00,BNB,590.72,,,coingecko
2026-08-01T07:02:32+00:00,ADA,0.169784,,,coingecko
2026-08-01T07:02:32+00:00,LINK,8.18,,,coingecko
2026-08-01T07:02:32+00:00,AVAX,6.41,,,coingecko
2026-08-01T07:02:32+00:00,DOT,0.761144,,,coingecko
2026-08-01T07:02:32+00:00,MATIC,0.126156,,,coingecko
2026-08-01T07:02:32+00:00,LTC,44.54,,,coingecko
2026-08-01T07:03:37+00:00,BTC,63021.0,,,coingecko
2026-08-01T07:03:37+00:00,ETH,1868.68,,,coingecko
2026-08-01T07:03:37+00:00,SOL,72.92,,,coingecko
2026-08-01T07:03:37+00:00,XRP,1.063,,,coingecko
2026-08-01T07:03:37+00:00,DOGE,0.070022,,,coingecko
2026-08-01T07:03:37+00:00,BNB,590.79,,,coingecko
2026-08-01T07:03:37+00:00,ADA,0.170017,,,coingecko
2026-08-01T07:03:37+00:00,LINK,8.18,,,coingecko
2026-08-01T07:03:37+00:00,AVAX,6.41,,,coingecko
2026-08-01T07:03:37+00:00,DOT,0.761151,,,coingecko
2026-08-01T07:03:37+00:00,MATIC,0.126156,,,coingecko
2026-08-01T07:03:37+00:00,LTC,44.53,,,coingecko
2026-08-01T07:04:41+00:00,BTC,63022.0,,,coingecko
2026-08-01T07:04:41+00:00,ETH,1868.67,,,coingecko
2026-08-01T07:04:41+00:00,SOL,72.92,,,coingecko
2026-08-01T07:04:41+00:00,XRP,1.063,,,coingecko
2026-08-01T07:04:41+00:00,DOGE,0.070021,,,coingecko
2026-08-01T07:04:41+00:00,BNB,590.71,,,coingecko
2026-08-01T07:04:41+00:00,ADA,0.170094,,,coingecko
2026-08-01T07:04:41+00:00,LINK,8.18,,,coingecko
2026-08-01T07:04:41+00:00,AVAX,6.41,,,coingecko
2026-08-01T07:04:41+00:00,DOT,0.761048,,,coingecko
2026-08-01T07:04:41+00:00,MATIC,0.126156,,,coingecko
2026-08-01T07:04:41+00:00,LTC,44.53,,,coingecko
2026-08-01T07:05:44+00:00,BTC,63024.0,,,coingecko
2026-08-01T07:05:44+00:00,ETH,1868.67,,,coingecko
2026-08-01T07:05:44+00:00,SOL,72.93,,,coingecko
2026-08-01T07:05:44+00:00,XRP,1.063,,,coingecko
2026-08-01T07:05:44+00:00,DOGE,0.070028,,,coingecko
2026-08-01T07:05:44+00:00,BNB,590.75,,,coingecko
2026-08-01T07:05:44+00:00,ADA,0.170159,,,coingecko
2026-08-01T07:05:44+00:00,LINK,8.19,,,coingecko
2026-08-01T07:05:44+00:00,AVAX,6.41,,,coingecko
2026-08-01T07:05:44+00:00,DOT,0.761682,,,coingecko
2026-08-01T07:05:44+00:00,MATIC,0.126156,,,coingecko
2026-08-01T07:05:44+00:00,LTC,44.53,,,coingecko
2026-08-01T07:06:47+00:00,BTC,63024.0,,,coingecko
2026-08-01T07:06:47+00:00,ETH,1868.75,,,coingecko
2026-08-01T07:06:47+00:00,SOL,72.93,,,coingecko
2026-08-01T07:06:47+00:00,XRP,1.063,,,coingecko
2026-08-01T07:06:47+00:00,DOGE,0.070037,,,coingecko
2026-08-01T07:06:47+00:00,BNB,590.84,,,coingecko
2026-08-01T07:06:47+00:00,ADA,0.170161,,,coingecko
2026-08-01T07:06:47+00:00,LINK,8.18,,,coingecko
2026-08-01T07:06:47+00:00,AVAX,6.41,,,coingecko
2026-08-01T07:06:47+00:00,DOT,0.761722,,,coingecko
2026-08-01T07:06:47+00:00,MATIC,0.126156,,,coingecko
2026-08-01T07:06:47+00:00,LTC,44.53,,,coingecko
2026-08-01T07:07:01+00:00,BTC,63024.665,,,consenso
2026-08-01T07:07:01+00:00,ETH,1868.675,,,consenso
2026-08-01T07:07:01+00:00,SOL,72.95,,,consenso
2026-08-01T07:07:01+00:00,XRP,1.0627,,,consenso
2026-08-01T07:07:01+00:00,DOGE,0.07013,,,binance
2026-08-01T07:07:01+00:00,BNB,591.47,,,binance
2026-08-01T07:07:51+00:00,BTC,63024.0,,,coingecko
2026-08-01T07:07:51+00:00,ETH,1868.65,,,coingecko
2026-08-01T07:07:51+00:00,SOL,72.94,,,coingecko
2026-08-01T07:07:51+00:00,XRP,1.063,,,coingecko
2026-08-01T07:07:51+00:00,DOGE,0.070057,,,coingecko
2026-08-01T07:07:51+00:00,BNB,590.86,,,coingecko
2026-08-01T07:07:51+00:00,ADA,0.170317,,,coingecko
2026-08-01T07:07:51+00:00,LINK,8.18,,,coingecko
2026-08-01T07:07:51+00:00,AVAX,6.41,,,coingecko
2026-08-01T07:07:51+00:00,DOT,0.761761,,,coingecko
2026-08-01T07:07:51+00:00,MATIC,0.126156,,,coingecko
2026-08-01T07:07:51+00:00,LTC,44.52,,,coingecko
2026-08-01T07:08:01+00:00,BTC,63024.665,,,consenso
2026-08-01T07:08:01+00:00,ETH,1868.675,,,consenso
2026-08-01T07:08:01+00:00,SOL,73.02,,,consenso
2026-08-01T07:08:01+00:00,XRP,1.0635,,,consenso
2026-08-01T07:08:01+00:00,DOGE,0.07016,,,binance
2026-08-01T07:08:01+00:00,BNB,591.19,,,binance
2026-08-01T07:08:56+00:00,BTC,63024.0,,,coingecko
2026-08-01T07:08:56+00:00,ETH,1868.63,,,coingecko
2026-08-01T07:08:56+00:00,SOL,72.95,,,coingecko
2026-08-01T07:08:56+00:00,XRP,1.063,,,coingecko
2026-08-01T07:08:56+00:00,DOGE,0.070079,,,coingecko
2026-08-01T07:08:56+00:00,BNB,590.78,,,coingecko
2026-08-01T07:08:56+00:00,ADA,0.170443,,,coingecko
2026-08-01T07:08:56+00:00,LINK,8.18,,,coingecko
2026-08-01T07:08:56+00:00,AVAX,6.41,,,coingecko
2026-08-01T07:08:56+00:00,DOT,0.761666,,,coingecko
2026-08-01T07:08:56+00:00,MATIC,0.126156,,,coingecko
2026-08-01T07:08:56+00:00,LTC,44.53,,,coingecko
2026-08-01T07:08:59+00:00,BTC,63024.665,,,consenso
2026-08-01T07:08:59+00:00,ETH,1868.675,,,consenso
2026-08-01T07:08:59+00:00,SOL,73.02,,,consenso
2026-08-01T07:08:59+00:00,XRP,1.0635,,,consenso
2026-08-01T07:08:59+00:00,DOGE,0.07018,,,binance
2026-08-01T07:08:59+00:00,BNB,591.25,,,binance
2026-08-01T07:10:00+00:00,BTC,63025.0,,,coingecko
2026-08-01T07:10:00+00:00,ETH,1868.64,,,coingecko
2026-08-01T07:10:00+00:00,SOL,72.95,,,coingecko
2026-08-01T07:10:00+00:00,XRP,1.063,,,coingecko
2026-08-01T07:10:00+00:00,DOGE,0.070101,,,coingecko
2026-08-01T07:10:00+00:00,BNB,590.74,,,coingecko
2026-08-01T07:10:00+00:00,ADA,0.170521,,,coingecko
2026-08-01T07:10:00+00:00,LINK,8.18,,,coingecko
2026-08-01T07:10:00+00:00,AVAX,6.41,,,coingecko
2026-08-01T07:10:00+00:00,DOT,0.761725,,,coingecko
2026-08-01T07:10:00+00:00,MATIC,0.126156,,,coingecko
2026-08-01T07:10:00+00:00,LTC,44.54,,,coingecko
2026-08-01T07:11:04+00:00,BTC,63025.0,,,coingecko
2026-08-01T07:11:04+00:00,ETH,1868.69,,,coingecko
2026-08-01T07:11:04+00:00,SOL,72.95,,,coingecko
2026-08-01T07:11:04+00:00,XRP,1.063,,,coingecko
2026-08-01T07:11:04+00:00,DOGE,0.07012,,,coingecko
2026-08-01T07:11:04+00:00,BNB,590.74,,,coingecko
2026-08-01T07:11:04+00:00,ADA,0.170524,,,coingecko
2026-08-01T07:11:04+00:00,LINK,8.18,,,coingecko
2026-08-01T07:11:04+00:00,AVAX,6.41,,,coingecko
2026-08-01T07:11:04+00:00,DOT,0.761825,,,coingecko
2026-08-01T07:11:04+00:00,MATIC,0.126156,,,coingecko
2026-08-01T07:11:04+00:00,LTC,44.54,,,coingecko
2026-08-01T07:12:09+00:00,BTC,63027.0,,,coingecko
2026-08-01T07:12:09+00:00,ETH,1869.08,,,coingecko
2026-08-01T07:12:09+00:00,SOL,72.97,,,coingecko
2026-08-01T07:12:09+00:00,XRP,1.063,,,coingecko
2026-08-01T07:12:09+00:00,DOGE,0.070127,,,coingecko
2026-08-01T07:12:09+00:00,BNB,591.02,,,coingecko
2026-08-01T07:12:09+00:00,ADA,0.170563,,,coingecko
2026-08-01T07:12:09+00:00,LINK,8.18,,,coingecko
2026-08-01T07:12:09+00:00,AVAX,6.42,,,coingecko
2026-08-01T07:12:09+00:00,DOT,0.761825,,,coingecko
2026-08-01T07:12:09+00:00,MATIC,0.126156,,,coingecko
2026-08-01T07:12:09+00:00,LTC,44.58,,,coingecko
2026-08-01T07:16:26+00:00,BTC,63050.0,,,coingecko
2026-08-01T07:16:26+00:00,ETH,1869.74,,,coingecko
2026-08-01T07:16:26+00:00,SOL,73.02,,,coingecko
2026-08-01T07:16:26+00:00,XRP,1.063,,,coingecko
2026-08-01T07:16:26+00:00,DOGE,0.070047,,,coingecko
2026-08-01T07:16:26+00:00,BNB,591.15,,,coingecko
2026-08-01T07:16:26+00:00,ADA,0.171455,,,coingecko
2026-08-01T07:16:26+00:00,LINK,8.18,,,coingecko
2026-08-01T07:16:26+00:00,AVAX,6.41,,,coingecko
2026-08-01T07:16:26+00:00,DOT,0.762537,,,coingecko
2026-08-01T07:16:26+00:00,MATIC,0.126156,,,coingecko
2026-08-01T07:16:26+00:00,LTC,44.58,,,coingecko
2026-08-01T07:17:33+00:00,BTC,63050.0,,,coingecko
2026-08-01T07:17:33+00:00,ETH,1869.53,,,coingecko
2026-08-01T07:17:33+00:00,SOL,73.01,,,coingecko
2026-08-01T07:17:33+00:00,XRP,1.063,,,coingecko
2026-08-01T07:17:33+00:00,DOGE,0.070028,,,coingecko
2026-08-01T07:17:33+00:00,BNB,591.15,,,coingecko
2026-08-01T07:17:33+00:00,ADA,0.171254,,,coingecko
2026-08-01T07:17:33+00:00,LINK,8.18,,,coingecko
2026-08-01T07:17:33+00:00,AVAX,6.41,,,coingecko
2026-08-01T07:17:33+00:00,DOT,0.762177,,,coingecko
2026-08-01T07:17:33+00:00,MATIC,0.126156,,,coingecko
2026-08-01T07:17:33+00:00,LTC,44.59,,,coingecko
2026-08-01T07:18:38+00:00,BTC,63050.0,,,coingecko
2026-08-01T07:18:38+00:00,ETH,1869.54,,,coingecko
2026-08-01T07:18:38+00:00,SOL,73.01,,,coingecko
2026-08-01T07:18:38+00:00,XRP,1.063,,,coingecko
2026-08-01T07:18:38+00:00,DOGE,0.070013,,,coingecko
2026-08-01T07:18:38+00:00,BNB,591.18,,,coingecko
2026-08-01T07:18:38+00:00,ADA,0.171316,,,coingecko
2026-08-01T07:18:38+00:00,LINK,8.18,,,coingecko
2026-08-01T07:18:38+00:00,AVAX,6.41,,,coingecko
2026-08-01T07:18:38+00:00,DOT,0.762298,,,coingecko
2026-08-01T07:18:38+00:00,MATIC,0.126156,,,coingecko
2026-08-01T07:18:38+00:00,LTC,44.59,,,coingecko
2026-08-01T07:18:56+00:00,BTC,63006.385,,,consenso
2026-08-01T07:18:56+00:00,ETH,1867.935,,,consenso
2026-08-01T07:18:56+00:00,SOL,72.95,,,consenso
2026-08-01T07:18:56+00:00,XRP,1.06205,,,consenso
2026-08-01T07:18:56+00:00,DOGE,0.07001,,,binance
2026-08-01T07:18:56+00:00,BNB,591.58,,,binance
2026-08-01T07:19:44+00:00,BTC,63025.0,,,coingecko
2026-08-01T07:19:44+00:00,ETH,1868.29,,,coingecko
2026-08-01T07:19:44+00:00,SOL,72.97,,,coingecko
2026-08-01T07:19:44+00:00,XRP,1.062,,,coingecko
2026-08-01T07:19:44+00:00,DOGE,0.069973,,,coingecko
2026-08-01T07:19:44+00:00,BNB,591.09,,,coingecko
2026-08-01T07:19:44+00:00,ADA,0.17129,,,coingecko
2026-08-01T07:19:44+00:00,LINK,8.18,,,coingecko
2026-08-01T07:19:44+00:00,AVAX,6.4,,,coingecko
2026-08-01T07:19:44+00:00,DOT,0.761423,,,coingecko
2026-08-01T07:19:44+00:00,MATIC,0.126156,,,coingecko
2026-08-01T07:19:44+00:00,LTC,44.56,,,coingecko
2026-08-01T07:19:51+00:00,BTC,63006.385,,,consenso
2026-08-01T07:19:51+00:00,ETH,1867.935,,,consenso
2026-08-01T07:19:51+00:00,SOL,73.02,,,consenso
2026-08-01T07:19:51+00:00,XRP,1.0629,,,consenso
2026-08-01T07:19:51+00:00,DOGE,0.07004,,,binance
2026-08-01T07:19:51+00:00,BNB,591.29,,,binance
2026-08-01T07:20:47+00:00,BTC,63017.0,,,coingecko
2026-08-01T07:20:47+00:00,ETH,1868.17,,,coingecko
2026-08-01T07:20:47+00:00,SOL,72.95,,,coingecko
2026-08-01T07:20:47+00:00,XRP,1.062,,,coingecko
2026-08-01T07:20:47+00:00,DOGE,0.069965,,,coingecko
2026-08-01T07:20:47+00:00,BNB,590.98,,,coingecko
2026-08-01T07:20:47+00:00,ADA,0.171251,,,coingecko
2026-08-01T07:20:47+00:00,LINK,8.17,,,coingecko
2026-08-01T07:20:47+00:00,AVAX,6.4,,,coingecko
2026-08-01T07:20:47+00:00,DOT,0.761323,,,coingecko
2026-08-01T07:20:47+00:00,MATIC,0.126156,,,coingecko
2026-08-01T07:20:47+00:00,LTC,44.56,,,coingecko
2026-08-01T07:20:51+00:00,BTC,63006.385,,,consenso
2026-08-01T07:20:51+00:00,ETH,1867.935,,,consenso
2026-08-01T07:20:51+00:00,SOL,73.03,,,consenso
2026-08-01T07:20:51+00:00,XRP,1.063,,,consenso
2026-08-01T07:20:51+00:00,DOGE,0.07003,,,binance
2026-08-01T07:20:51+00:00,BNB,591.24,,,binance
2026-08-01T07:21:50+00:00,BTC,63016.0,,,coingecko
2026-08-01T07:21:50+00:00,ETH,1868.16,,,coingecko
2026-08-01T07:21:50+00:00,SOL,72.96,,,coingecko
2026-08-01T07:21:50+00:00,XRP,1.062,,,coingecko
2026-08-01T07:21:50+00:00,DOGE,0.069979,,,coingecko
2026-08-01T07:21:50+00:00,BNB,590.84,,,coingecko
2026-08-01T07:21:50+00:00,ADA,0.171314,,,coingecko
2026-08-01T07:21:50+00:00,LINK,8.17,,,coingecko
2026-08-01T07:21:50+00:00,AVAX,6.4,,,coingecko
2026-08-01T07:21:50+00:00,DOT,0.761225,,,coingecko
2026-08-01T07:21:50+00:00,MATIC,0.126156,,,coingecko
2026-08-01T07:21:50+00:00,LTC,44.56,,,coingecko
2026-08-01T07:22:56+00:00,BTC,63015.0,,,coingecko
2026-08-01T07:22:56+00:00,ETH,1868.15,,,coingecko
2026-08-01T07:22:56+00:00,SOL,72.96,,,coingecko
2026-08-01T07:22:56+00:00,XRP,1.062,,,coingecko
2026-08-01T07:22:56+00:00,DOGE,0.069975,,,coingecko
2026-08-01T07:22:56+00:00,BNB,590.71,,,coingecko
2026-08-01T07:22:56+00:00,ADA,0.171351,,,coingecko
2026-08-01T07:22:56+00:00,LINK,8.17,,,coingecko
2026-08-01T07:22:56+00:00,AVAX,6.4,,,coingecko
2026-08-01T07:22:56+00:00,DOT,0.761288,,,coingecko
2026-08-01T07:22:56+00:00,MATIC,0.126156,,,coingecko
2026-08-01T07:22:56+00:00,LTC,44.55,,,coingecko
2026-08-01T07:23:59+00:00,BTC,63019.0,,,coingecko
2026-08-01T07:23:59+00:00,ETH,1868.43,,,coingecko
2026-08-01T07:23:59+00:00,SOL,72.97,,,coingecko
2026-08-01T07:23:59+00:00,XRP,1.062,,,coingecko
2026-08-01T07:23:59+00:00,DOGE,0.069989,,,coingecko
2026-08-01T07:23:59+00:00,BNB,590.73,,,coingecko
2026-08-01T07:23:59+00:00,ADA,0.171656,,,coingecko
2026-08-01T07:23:59+00:00,LINK,8.17,,,coingecko
2026-08-01T07:23:59+00:00,AVAX,6.4,,,coingecko
2026-08-01T07:23:59+00:00,DOT,0.761589,,,coingecko
2026-08-01T07:23:59+00:00,MATIC,0.126156,,,coingecko
2026-08-01T07:23:59+00:00,LTC,44.55,,,coingecko
2026-08-01T07:25:03+00:00,BTC,63019.0,,,coingecko
2026-08-01T07:25:03+00:00,ETH,1868.19,,,coingecko
2026-08-01T07:25:03+00:00,SOL,72.98,,,coingecko
2026-08-01T07:25:03+00:00,XRP,1.062,,,coingecko
2026-08-01T07:25:03+00:00,DOGE,0.069971,,,coingecko
2026-08-01T07:25:03+00:00,BNB,590.57,,,coingecko
2026-08-01T07:25:03+00:00,ADA,0.171742,,,coingecko
2026-08-01T07:25:03+00:00,LINK,8.17,,,coingecko
2026-08-01T07:25:03+00:00,AVAX,6.4,,,coingecko
2026-08-01T07:25:03+00:00,DOT,0.761864,,,coingecko
2026-08-01T07:25:03+00:00,MATIC,0.126156,,,coingecko
2026-08-01T07:25:03+00:00,LTC,44.52,,,coingecko
2026-08-01T07:26:08+00:00,BTC,63019.0,,,coingecko
2026-08-01T07:26:08+00:00,ETH,1868.14,,,coingecko
2026-08-01T07:26:08+00:00,SOL,72.98,,,coingecko
2026-08-01T07:26:08+00:00,XRP,1.062,,,coingecko
2026-08-01T07:26:08+00:00,DOGE,0.069967,,,coingecko
2026-08-01T07:26:08+00:00,BNB,590.56,,,coingecko
2026-08-01T07:26:08+00:00,ADA,0.171828,,,coingecko
2026-08-01T07:26:08+00:00,LINK,8.17,,,coingecko
2026-08-01T07:26:08+00:00,AVAX,6.4,,,coingecko
2026-08-01T07:26:08+00:00,DOT,0.761809,,,coingecko
2026-08-01T07:26:08+00:00,MATIC,0.126156,,,coingecko
2026-08-01T07:26:08+00:00,LTC,44.51,,,coingecko
2026-08-01T07:26:35+00:00,BTC,63018.595,,,consenso
2026-08-01T07:26:35+00:00,ETH,1868.245,,,consenso
2026-08-01T07:26:35+00:00,SOL,72.98,,,consenso
2026-08-01T07:26:35+00:00,XRP,1.0619,,,consenso
2026-08-01T07:26:35+00:00,DOGE,0.07,,,binance
2026-08-01T07:26:35+00:00,BNB,591.08,,,binance
2026-08-01T07:27:33+00:00,BTC,63018.595,,,consenso
2026-08-01T07:27:33+00:00,ETH,1868.245,,,consenso
2026-08-01T07:27:33+00:00,SOL,73.01,,,consenso
2026-08-01T07:27:33+00:00,XRP,1.0626,,,consenso
2026-08-01T07:27:33+00:00,DOGE,0.07,,,binance
2026-08-01T07:27:33+00:00,BNB,591.07,,,binance
2026-08-01T07:28:54+00:00,BTC,63018.595,,,consenso
2026-08-01T07:28:54+00:00,ETH,1868.245,,,consenso
2026-08-01T07:28:54+00:00,SOL,73.0,,,consenso
2026-08-01T07:28:54+00:00,XRP,1.062,,,consenso
2026-08-01T07:28:54+00:00,DOGE,0.06997,,,binance
2026-08-01T07:28:54+00:00,BNB,590.98,,,binance
2026-08-01T07:29:15+00:00,BTC,63019.0,,,coingecko
2026-08-01T07:29:15+00:00,ETH,1868.11,,,coingecko
2026-08-01T07:29:15+00:00,SOL,72.95,,,coingecko
2026-08-01T07:29:15+00:00,XRP,1.062,,,coingecko
2026-08-01T07:29:15+00:00,DOGE,0.069951,,,coingecko
2026-08-01T07:29:15+00:00,BNB,590.52,,,coingecko
2026-08-01T07:29:15+00:00,ADA,0.17161,,,coingecko
2026-08-01T07:29:15+00:00,LINK,8.16,,,coingecko
2026-08-01T07:29:15+00:00,AVAX,6.4,,,coingecko
2026-08-01T07:29:15+00:00,DOT,0.761835,,,coingecko
2026-08-01T07:29:15+00:00,MATIC,0.126156,,,coingecko
2026-08-01T07:29:15+00:00,LTC,44.52,,,coingecko
2026-08-01T07:30:20+00:00,BTC,63009.0,,,coingecko
2026-08-01T07:30:20+00:00,ETH,1867.76,,,coingecko
2026-08-01T07:30:20+00:00,SOL,72.93,,,coingecko
2026-08-01T07:30:20+00:00,XRP,1.061,,,coingecko
2026-08-01T07:30:20+00:00,DOGE,0.069917,,,coingecko
2026-08-01T07:30:20+00:00,BNB,590.44,,,coingecko
2026-08-01T07:30:20+00:00,ADA,0.171411,,,coingecko
2026-08-01T07:30:20+00:00,LINK,8.16,,,coingecko
2026-08-01T07:30:20+00:00,AVAX,6.4,,,coingecko
2026-08-01T07:30:20+00:00,DOT,0.761984,,,coingecko
2026-08-01T07:30:20+00:00,MATIC,0.126156,,,coingecko
2026-08-01T07:30:20+00:00,LTC,44.5,,,coingecko
2026-08-01T07:31:24+00:00,BTC,63011.0,,,coingecko
2026-08-01T07:31:24+00:00,ETH,1867.81,,,coingecko
2026-08-01T07:31:24+00:00,SOL,72.93,,,coingecko
2026-08-01T07:31:24+00:00,XRP,1.061,,,coingecko
2026-08-01T07:31:24+00:00,DOGE,0.069918,,,coingecko
2026-08-01T07:31:24+00:00,BNB,590.39,,,coingecko
2026-08-01T07:31:24+00:00,ADA,0.17131,,,coingecko
2026-08-01T07:31:24+00:00,LINK,8.15,,,coingecko
2026-08-01T07:31:24+00:00,AVAX,6.4,,,coingecko
2026-08-01T07:31:24+00:00,DOT,0.761987,,,coingecko
2026-08-01T07:31:24+00:00,MATIC,0.126156,,,coingecko
2026-08-01T07:31:24+00:00,LTC,44.51,,,coingecko
2026-08-01T07:32:28+00:00,BTC,63010.0,,,coingecko
2026-08-01T07:32:28+00:00,ETH,1867.69,,,coingecko
2026-08-01T07:32:28+00:00,SOL,72.92,,,coingecko
2026-08-01T07:32:28+00:00,XRP,1.061,,,coingecko
2026-08-01T07:32:28+00:00,DOGE,0.069883,,,coingecko
2026-08-01T07:32:28+00:00,BNB,590.34,,,coingecko
2026-08-01T07:32:28+00:00,ADA,0.171226,,,coingecko
2026-08-01T07:32:28+00:00,LINK,8.15,,,coingecko
2026-08-01T07:32:28+00:00,AVAX,6.4,,,coingecko
2026-08-01T07:32:28+00:00,DOT,0.761791,,,coingecko
2026-08-01T07:32:28+00:00,MATIC,0.126156,,,coingecko
2026-08-01T07:32:28+00:00,LTC,44.51,,,coingecko
2026-08-01T07:33:32+00:00,BTC,63006.0,,,coingecko
2026-08-01T07:33:32+00:00,ETH,1867.49,,,coingecko
2026-08-01T07:33:32+00:00,SOL,72.91,,,coingecko
2026-08-01T07:33:32+00:00,XRP,1.061,,,coingecko
2026-08-01T07:33:32+00:00,DOGE,0.069863,,,coingecko
2026-08-01T07:33:32+00:00,BNB,590.38,,,coingecko
2026-08-01T07:33:32+00:00,ADA,0.171177,,,coingecko
2026-08-01T07:33:32+00:00,LINK,8.15,,,coingecko
2026-08-01T07:33:32+00:00,AVAX,6.4,,,coingecko
2026-08-01T07:33:32+00:00,DOT,0.761588,,,coingecko
2026-08-01T07:33:32+00:00,MATIC,0.126156,,,coingecko
2026-08-01T07:33:32+00:00,LTC,44.51,,,coingecko
2026-08-01T07:34:36+00:00,BTC,62989.0,,,coingecko
2026-08-01T07:34:36+00:00,ETH,1867.17,,,coingecko
2026-08-01T07:34:36+00:00,SOL,72.9,,,coingecko
2026-08-01T07:34:36+00:00,XRP,1.061,,,coingecko
2026-08-01T07:34:36+00:00,DOGE,0.069813,,,coingecko
2026-08-01T07:34:36+00:00,BNB,590.26,,,coingecko
2026-08-01T07:34:36+00:00,ADA,0.171174,,,coingecko
2026-08-01T07:34:36+00:00,LINK,8.14,,,coingecko
2026-08-01T07:34:36+00:00,AVAX,6.39,,,coingecko
2026-08-01T07:34:36+00:00,DOT,0.761361,,,coingecko
2026-08-01T07:34:36+00:00,MATIC,0.126156,,,coingecko
2026-08-01T07:34:36+00:00,LTC,44.51,,,coingecko
2026-08-01T07:34:55+00:00,BTC,62983.015,,,consenso
2026-08-01T07:34:55+00:00,ETH,1867.295,,,consenso
2026-08-01T07:34:55+00:00,SOL,72.91,,,consenso
2026-08-01T07:34:55+00:00,XRP,1.0614,,,consenso
2026-08-01T07:34:55+00:00,DOGE,0.06986,,,binance
2026-08-01T07:34:55+00:00,BNB,590.77,,,binance
2026-08-01T07:35:41+00:00,BTC,62987.0,,,coingecko
2026-08-01T07:35:41+00:00,ETH,1867.29,,,coingecko
2026-08-01T07:35:41+00:00,SOL,72.9,,,coingecko
2026-08-01T07:35:41+00:00,XRP,1.061,,,coingecko
2026-08-01T07:35:41+00:00,DOGE,0.069825,,,coingecko
2026-08-01T07:35:41+00:00,BNB,590.21,,,coingecko
2026-08-01T07:35:41+00:00,ADA,0.171239,,,coingecko
2026-08-01T07:35:41+00:00,LINK,8.14,,,coingecko
2026-08-01T07:35:41+00:00,AVAX,6.39,,,coingecko
2026-08-01T07:35:41+00:00,DOT,0.761209,,,coingecko
2026-08-01T07:35:41+00:00,MATIC,0.126156,,,coingecko
2026-08-01T07:35:41+00:00,LTC,44.51,,,coingecko
2026-08-01T07:35:46+00:00,BTC,62983.015,,,consenso
2026-08-01T07:35:46+00:00,ETH,1867.295,,,consenso
2026-08-01T07:35:46+00:00,SOL,72.97,,,consenso
2026-08-01T07:35:46+00:00,XRP,1.0623,,,consenso
2026-08-01T07:35:46+00:00,DOGE,0.06988,,,binance
2026-08-01T07:35:46+00:00,BNB,590.76,,,binance
2026-08-01T07:36:33+00:00,BTC,62983.015,,,consenso
2026-08-01T07:36:33+00:00,ETH,1867.295,,,consenso
2026-08-01T07:36:33+00:00,SOL,72.99,,,consenso
2026-08-01T07:36:33+00:00,XRP,1.0623,,,consenso
2026-08-01T07:36:33+00:00,DOGE,0.06989,,,binance
2026-08-01T07:36:33+00:00,BNB,590.77,,,binance
2026-08-01T07:36:44+00:00,BTC,62985.0,,,coingecko
2026-08-01T07:36:44+00:00,ETH,1867.36,,,coingecko
2026-08-01T07:36:44+00:00,SOL,72.91,,,coingecko
2026-08-01T07:36:44+00:00,XRP,1.061,,,coingecko
2026-08-01T07:36:44+00:00,DOGE,0.069812,,,coingecko
2026-08-01T07:36:44+00:00,BNB,590.21,,,coingecko
2026-08-01T07:36:44+00:00,ADA,0.171171,,,coingecko
2026-08-01T07:36:44+00:00,LINK,8.14,,,coingecko
2026-08-01T07:36:44+00:00,AVAX,6.39,,,coingecko
2026-08-01T07:36:44+00:00,DOT,0.760973,,,coingecko
2026-08-01T07:36:44+00:00,MATIC,0.126156,,,coingecko
2026-08-01T07:36:44+00:00,LTC,44.51,,,coingecko
2026-08-01T07:37:48+00:00,BTC,62982.0,,,coingecko
2026-08-01T07:37:48+00:00,ETH,1867.51,,,coingecko
2026-08-01T07:37:48+00:00,SOL,72.92,,,coingecko
2026-08-01T07:37:48+00:00,XRP,1.061,,,coingecko
2026-08-01T07:37:48+00:00,DOGE,0.069835,,,coingecko
2026-08-01T07:37:48+00:00,BNB,590.21,,,coingecko
2026-08-01T07:37:48+00:00,ADA,0.171231,,,coingecko
2026-08-01T07:37:48+00:00,LINK,8.14,,,coingecko
2026-08-01T07:37:48+00:00,AVAX,6.39,,,coingecko
2026-08-01T07:37:48+00:00,DOT,0.760859,,,coingecko
2026-08-01T07:37:48+00:00,MATIC,0.126156,,,coingecko
2026-08-01T07:37:48+00:00,LTC,44.55,,,coingecko
2026-08-01T07:38:51+00:00,BTC,62981.0,,,coingecko
2026-08-01T07:38:51+00:00,ETH,1867.39,,,coingecko
2026-08-01T07:38:51+00:00,SOL,72.9,,,coingecko
2026-08-01T07:38:51+00:00,XRP,1.061,,,coingecko
2026-08-01T07:38:51+00:00,DOGE,0.069834,,,coingecko
2026-08-01T07:38:51+00:00,BNB,590.14,,,coingecko
2026-08-01T07:38:51+00:00,ADA,0.171151,,,coingecko
2026-08-01T07:38:51+00:00,LINK,8.14,,,coingecko
2026-08-01T07:38:51+00:00,AVAX,6.39,,,coingecko
2026-08-01T07:38:51+00:00,DOT,0.760926,,,coingecko
2026-08-01T07:38:51+00:00,MATIC,0.126156,,,coingecko
2026-08-01T07:38:51+00:00,LTC,44.57,,,coingecko
2026-08-01T07:42:33+00:00,BTC,62982.0,,,coingecko
2026-08-01T07:42:33+00:00,ETH,1867.47,,,coingecko
2026-08-01T07:42:33+00:00,SOL,72.89,,,coingecko
2026-08-01T07:42:33+00:00,XRP,1.061,,,coingecko
2026-08-01T07:42:33+00:00,DOGE,0.0698,,,coingecko
2026-08-01T07:42:33+00:00,BNB,590.08,,,coingecko
2026-08-01T07:42:33+00:00,ADA,0.171245,,,coingecko
2026-08-01T07:42:33+00:00,LINK,8.14,,,coingecko
2026-08-01T07:42:33+00:00,AVAX,6.37,,,coingecko
2026-08-01T07:42:33+00:00,DOT,0.76077,,,coingecko
2026-08-01T07:42:33+00:00,MATIC,0.126156,,,coingecko
2026-08-01T07:42:33+00:00,LTC,44.52,,,coingecko
2026-08-01T07:43:39+00:00,BTC,62982.0,,,coingecko
2026-08-01T07:43:39+00:00,ETH,1867.7,,,coingecko
2026-08-01T07:43:39+00:00,SOL,72.9,,,coingecko
2026-08-01T07:43:39+00:00,XRP,1.061,,,coingecko
2026-08-01T07:43:39+00:00,DOGE,0.069796,,,coingecko
2026-08-01T07:43:39+00:00,BNB,590.13,,,coingecko
2026-08-01T07:43:39+00:00,ADA,0.171316,,,coingecko
2026-08-01T07:43:39+00:00,LINK,8.14,,,coingecko
2026-08-01T07:43:39+00:00,AVAX,6.38,,,coingecko
2026-08-01T07:43:39+00:00,DOT,0.761055,,,coingecko
2026-08-01T07:43:39+00:00,MATIC,0.126156,,,coingecko
2026-08-01T07:43:39+00:00,LTC,44.52,,,coingecko
2026-08-01T07:43:54+00:00,BTC,62984.985,,,consenso
2026-08-01T07:43:54+00:00,ETH,1867.685,,,consenso
2026-08-01T07:43:54+00:00,SOL,72.89,,,consenso
2026-08-01T07:43:54+00:00,XRP,1.0613,,,consenso
2026-08-01T07:43:54+00:00,DOGE,0.06983,,,binance
2026-08-01T07:43:54+00:00,BNB,590.72,,,binance
2026-08-01T07:44:44+00:00,BTC,62989.0,,,coingecko
2026-08-01T07:44:44+00:00,ETH,1867.75,,,coingecko
2026-08-01T07:44:44+00:00,SOL,72.9,,,coingecko
2026-08-01T07:44:44+00:00,XRP,1.061,,,coingecko
2026-08-01T07:44:44+00:00,DOGE,0.069773,,,coingecko
2026-08-01T07:44:44+00:00,BNB,590.17,,,coingecko
2026-08-01T07:44:44+00:00,ADA,0.171258,,,coingecko
2026-08-01T07:44:44+00:00,LINK,8.14,,,coingecko
2026-08-01T07:44:44+00:00,AVAX,6.38,,,coingecko
2026-08-01T07:44:44+00:00,DOT,0.761049,,,coingecko
2026-08-01T07:44:44+00:00,MATIC,0.126156,,,coingecko
2026-08-01T07:44:44+00:00,LTC,44.52,,,coingecko
2026-08-01T07:44:47+00:00,BTC,62984.985,,,consenso
2026-08-01T07:44:47+00:00,ETH,1867.685,,,consenso
2026-08-01T07:44:47+00:00,SOL,72.97,,,consenso
2026-08-01T07:44:47+00:00,XRP,1.0622,,,consenso
2026-08-01T07:44:47+00:00,DOGE,0.06984,,,binance
2026-08-01T07:44:47+00:00,BNB,590.68,,,binance
2026-08-01T07:45:30+00:00,BTC,62984.985,,,consenso
2026-08-01T07:45:30+00:00,ETH,1867.685,,,consenso
2026-08-01T07:45:30+00:00,SOL,72.96,,,consenso
2026-08-01T07:45:30+00:00,XRP,1.0625,,,consenso
2026-08-01T07:45:30+00:00,DOGE,0.06984,,,binance
2026-08-01T07:45:30+00:00,BNB,590.61,,,binance
2026-08-01T07:45:46+00:00,BTC,62986.0,,,coingecko
2026-08-01T07:45:46+00:00,ETH,1867.86,,,coingecko
2026-08-01T07:45:46+00:00,SOL,72.9,,,coingecko
2026-08-01T07:45:46+00:00,XRP,1.061,,,coingecko
2026-08-01T07:45:46+00:00,DOGE,0.069769,,,coingecko
2026-08-01T07:45:46+00:00,BNB,590.14,,,coingecko
2026-08-01T07:45:46+00:00,ADA,0.171153,,,coingecko
2026-08-01T07:45:46+00:00,LINK,8.14,,,coingecko
2026-08-01T07:45:46+00:00,AVAX,6.38,,,coingecko
2026-08-01T07:45:46+00:00,DOT,0.761041,,,coingecko
2026-08-01T07:45:46+00:00,MATIC,0.126156,,,coingecko
2026-08-01T07:45:46+00:00,LTC,44.52,,,coingecko
2026-08-01T07:46:50+00:00,BTC,62985.0,,,coingecko
2026-08-01T07:46:50+00:00,ETH,1867.92,,,coingecko
2026-08-01T07:46:50+00:00,SOL,72.9,,,coingecko
2026-08-01T07:46:50+00:00,XRP,1.061,,,coingecko
2026-08-01T07:46:50+00:00,DOGE,0.069773,,,coingecko
2026-08-01T07:46:50+00:00,BNB,590.1,,,coingecko
2026-08-01T07:46:50+00:00,ADA,0.171147,,,coingecko
2026-08-01T07:46:50+00:00,LINK,8.14,,,coingecko
2026-08-01T07:46:50+00:00,AVAX,6.38,,,coingecko
2026-08-01T07:46:50+00:00,DOT,0.760869,,,coingecko
2026-08-01T07:46:50+00:00,MATIC,0.126156,,,coingecko
2026-08-01T07:46:50+00:00,LTC,44.51,,,coingecko
2026-08-01T07:47:54+00:00,BTC,62986.0,,,coingecko
2026-08-01T07:47:54+00:00,ETH,1867.83,,,coingecko
2026-08-01T07:47:54+00:00,SOL,72.89,,,coingecko
2026-08-01T07:47:54+00:00,XRP,1.061,,,coingecko
2026-08-01T07:47:54+00:00,DOGE,0.069776,,,coingecko
2026-08-01T07:47:54+00:00,BNB,589.99,,,coingecko
2026-08-01T07:47:54+00:00,ADA,0.171097,,,coingecko
2026-08-01T07:47:54+00:00,LINK,8.13,,,coingecko
2026-08-01T07:47:54+00:00,AVAX,6.38,,,coingecko
2026-08-01T07:47:54+00:00,DOT,0.760995,,,coingecko
2026-08-01T07:47:54+00:00,MATIC,0.126156,,,coingecko
2026-08-01T07:47:54+00:00,LTC,44.51,,,coingecko
2026-08-01T07:48:59+00:00,BTC,62988.0,,,coingecko
2026-08-01T07:48:59+00:00,ETH,1867.92,,,coingecko
2026-08-01T07:48:59+00:00,SOL,72.89,,,coingecko
2026-08-01T07:48:59+00:00,XRP,1.061,,,coingecko
2026-08-01T07:48:59+00:00,DOGE,0.069785,,,coingecko
2026-08-01T07:48:59+00:00,BNB,589.99,,,coingecko
2026-08-01T07:48:59+00:00,ADA,0.171005,,,coingecko
2026-08-01T07:48:59+00:00,LINK,8.13,,,coingecko
2026-08-01T07:48:59+00:00,AVAX,6.37,,,coingecko
2026-08-01T07:48:59+00:00,DOT,0.76112,,,coingecko
2026-08-01T07:48:59+00:00,MATIC,0.126156,,,coingecko
2026-08-01T07:48:59+00:00,LTC,44.5,,,coingecko
2026-08-01T07:50:02+00:00,BTC,62990.0,,,coingecko
2026-08-01T07:50:02+00:00,ETH,1867.81,,,coingecko
2026-08-01T07:50:02+00:00,SOL,72.89,,,coingecko
2026-08-01T07:50:02+00:00,XRP,1.061,,,coingecko
2026-08-01T07:50:02+00:00,DOGE,0.069791,,,coingecko
2026-08-01T07:50:02+00:00,BNB,589.98,,,coingecko
2026-08-01T07:50:02+00:00,ADA,0.170991,,,coingecko
2026-08-01T07:50:02+00:00,LINK,8.13,,,coingecko
2026-08-01T07:50:02+00:00,AVAX,6.37,,,coingecko
2026-08-01T07:50:02+00:00,DOT,0.761074,,,coingecko
2026-08-01T07:50:02+00:00,MATIC,0.126156,,,coingecko
2026-08-01T07:50:02+00:00,LTC,44.51,,,coingecko
2026-08-01T07:50:53+00:00,BTC,62987.735,,,consenso
2026-08-01T07:50:53+00:00,ETH,1867.965,,,consenso
2026-08-01T07:50:53+00:00,SOL,72.89,,,consenso
2026-08-01T07:50:53+00:00,XRP,1.0615,,,consenso
2026-08-01T07:50:53+00:00,DOGE,0.06987,,,binance
2026-08-01T07:50:53+00:00,BNB,590.39,,,binance
2026-08-01T07:51:08+00:00,BTC,62990.0,,,coingecko
2026-08-01T07:51:08+00:00,ETH,1867.66,,,coingecko
2026-08-01T07:51:08+00:00,SOL,72.89,,,coingecko
2026-08-01T07:51:08+00:00,XRP,1.061,,,coingecko
2026-08-01T07:51:08+00:00,DOGE,0.069802,,,coingecko
2026-08-01T07:51:08+00:00,BNB,589.93,,,coingecko
2026-08-01T07:51:08+00:00,ADA,0.171002,,,coingecko
2026-08-01T07:51:08+00:00,LINK,8.13,,,coingecko
2026-08-01T07:51:08+00:00,AVAX,6.37,,,coingecko
2026-08-01T07:51:08+00:00,DOT,0.761143,,,coingecko
2026-08-01T07:51:08+00:00,MATIC,0.126156,,,coingecko
2026-08-01T07:51:08+00:00,LTC,44.51,,,coingecko
2026-08-01T07:51:43+00:00,BTC,62987.735,,,consenso
2026-08-01T07:51:43+00:00,ETH,1867.965,,,consenso
2026-08-01T07:51:43+00:00,SOL,72.95,,,consenso
2026-08-01T07:51:43+00:00,XRP,1.0625,,,consenso
2026-08-01T07:51:43+00:00,DOGE,0.06985,,,binance
2026-08-01T07:51:43+00:00,BNB,590.44,,,binance
2026-08-01T07:52:12+00:00,BTC,62990.0,,,coingecko
2026-08-01T07:52:12+00:00,ETH,1867.91,,,coingecko
2026-08-01T07:52:12+00:00,SOL,72.89,,,coingecko
2026-08-01T07:52:12+00:00,XRP,1.061,,,coingecko
2026-08-01T07:52:12+00:00,DOGE,0.069807,,,coingecko
2026-08-01T07:52:12+00:00,BNB,589.83,,,coingecko
2026-08-01T07:52:12+00:00,ADA,0.170988,,,coingecko
2026-08-01T07:52:12+00:00,LINK,8.13,,,coingecko
2026-08-01T07:52:12+00:00,AVAX,6.37,,,coingecko
2026-08-01T07:52:12+00:00,DOT,0.761049,,,coingecko
2026-08-01T07:52:12+00:00,MATIC,0.126156,,,coingecko
2026-08-01T07:52:12+00:00,LTC,44.52,,,coingecko
2026-08-01T07:52:28+00:00,BTC,62987.735,,,consenso
2026-08-01T07:52:28+00:00,ETH,1867.965,,,consenso
2026-08-01T07:52:28+00:00,SOL,72.96,,,consenso
2026-08-01T07:52:28+00:00,XRP,1.0625,,,consenso
2026-08-01T07:52:28+00:00,DOGE,0.06985,,,binance
2026-08-01T07:52:28+00:00,BNB,590.24,,,binance
2026-08-01T07:55:35+00:00,BTC,62994.0,,,coingecko
2026-08-01T07:55:35+00:00,ETH,1868.09,,,coingecko
2026-08-01T07:55:35+00:00,SOL,72.91,,,coingecko
2026-08-01T07:55:35+00:00,XRP,1.062,,,coingecko
2026-08-01T07:55:35+00:00,DOGE,0.06983,,,coingecko
2026-08-01T07:55:35+00:00,BNB,589.78,,,coingecko
2026-08-01T07:55:35+00:00,ADA,0.171138,,,coingecko
2026-08-01T07:55:35+00:00,LINK,8.14,,,coingecko
2026-08-01T07:55:35+00:00,AVAX,6.38,,,coingecko
2026-08-01T07:55:35+00:00,DOT,0.761177,,,coingecko
2026-08-01T07:55:35+00:00,MATIC,0.126156,,,coingecko
2026-08-01T07:55:35+00:00,LTC,44.5,,,coingecko
2026-08-01T07:56:40+00:00,BTC,62992.0,,,coingecko
2026-08-01T07:56:40+00:00,ETH,1867.85,,,coingecko
2026-08-01T07:56:40+00:00,SOL,72.92,,,coingecko
2026-08-01T07:56:40+00:00,XRP,1.062,,,coingecko
2026-08-01T07:56:40+00:00,DOGE,0.06981,,,coingecko
2026-08-01T07:56:40+00:00,BNB,589.72,,,coingecko
2026-08-01T07:56:40+00:00,ADA,0.171043,,,coingecko
2026-08-01T07:56:40+00:00,LINK,8.13,,,coingecko
2026-08-01T07:56:40+00:00,AVAX,6.38,,,coingecko
2026-08-01T07:56:40+00:00,DOT,0.761414,,,coingecko
2026-08-01T07:56:40+00:00,MATIC,0.126156,,,coingecko
2026-08-01T07:56:40+00:00,LTC,44.49,,,coingecko
2026-08-01T07:57:45+00:00,BTC,62996.0,,,coingecko
2026-08-01T07:57:45+00:00,ETH,1867.94,,,coingecko
2026-08-01T07:57:45+00:00,SOL,72.92,,,coingecko
2026-08-01T07:57:45+00:00,XRP,1.062,,,coingecko
2026-08-01T07:57:45+00:00,DOGE,0.069822,,,coingecko
2026-08-01T07:57:45+00:00,BNB,589.73,,,coingecko
2026-08-01T07:57:45+00:00,ADA,0.171105,,,coingecko
2026-08-01T07:57:45+00:00,LINK,8.13,,,coingecko
2026-08-01T07:57:45+00:00,AVAX,6.38,,,coingecko
2026-08-01T07:57:45+00:00,DOT,0.761152,,,coingecko
2026-08-01T07:57:45+00:00,MATIC,0.126156,,,coingecko
2026-08-01T07:57:45+00:00,LTC,44.49,,,coingecko
2026-08-01T07:58:48+00:00,BTC,62997.0,,,coingecko
2026-08-01T07:58:48+00:00,ETH,1867.94,,,coingecko
2026-08-01T07:58:48+00:00,SOL,72.92,,,coingecko
2026-08-01T07:58:48+00:00,XRP,1.062,,,coingecko
2026-08-01T07:58:48+00:00,DOGE,0.06982,,,coingecko
2026-08-01T07:58:48+00:00,BNB,589.75,,,coingecko
2026-08-01T07:58:48+00:00,ADA,0.17116,,,coingecko
2026-08-01T07:58:48+00:00,LINK,8.13,,,coingecko
2026-08-01T07:58:48+00:00,AVAX,6.37,,,coingecko
2026-08-01T07:58:48+00:00,DOT,0.761112,,,coingecko
2026-08-01T07:58:48+00:00,MATIC,0.126156,,,coingecko
2026-08-01T07:58:48+00:00,LTC,44.5,,,coingecko
2026-08-01T07:59:06+00:00,BTC,62989.845,,,consenso
2026-08-01T07:59:06+00:00,ETH,1867.575,,,consenso
2026-08-01T07:59:06+00:00,SOL,72.91,,,consenso
2026-08-01T07:59:06+00:00,XRP,1.0613,,,consenso
2026-08-01T07:59:06+00:00,DOGE,0.06987,,,binance
2026-08-01T07:59:06+00:00,BNB,590.09,,,binance
2026-08-01T07:59:53+00:00,BTC,62997.0,,,coingecko
2026-08-01T07:59:53+00:00,ETH,1867.95,,,coingecko
2026-08-01T07:59:53+00:00,SOL,72.91,,,coingecko
2026-08-01T07:59:53+00:00,XRP,1.061,,,coingecko
2026-08-01T07:59:53+00:00,DOGE,0.069807,,,coingecko
2026-08-01T07:59:53+00:00,BNB,589.69,,,coingecko
2026-08-01T07:59:53+00:00,ADA,0.171168,,,coingecko
2026-08-01T07:59:53+00:00,LINK,8.13,,,coingecko
2026-08-01T07:59:53+00:00,AVAX,6.38,,,coingecko
2026-08-01T07:59:53+00:00,DOT,0.76098,,,coingecko
2026-08-01T07:59:53+00:00,MATIC,0.126156,,,coingecko
2026-08-01T07:59:53+00:00,LTC,44.49,,,coingecko
2026-08-01T07:59:56+00:00,BTC,62989.845,,,consenso
2026-08-01T07:59:56+00:00,ETH,1867.575,,,consenso
2026-08-01T07:59:56+00:00,SOL,72.98,,,consenso
2026-08-01T07:59:56+00:00,XRP,1.0619,,,consenso
2026-08-01T07:59:56+00:00,DOGE,0.06989,,,binance
2026-08-01T07:59:56+00:00,BNB,590.09,,,binance
2026-08-01T08:00:45+00:00,BTC,62989.845,,,consenso
2026-08-01T08:00:45+00:00,ETH,1867.575,,,consenso
2026-08-01T08:00:45+00:00,SOL,73.0,,,consenso
2026-08-01T08:00:45+00:00,XRP,1.0619,,,consenso
2026-08-01T08:00:45+00:00,DOGE,0.0699,,,binance
2026-08-01T08:00:45+00:00,BNB,590.22,,,binance
2026-08-01T08:00:55+00:00,BTC,62993.0,,,coingecko
2026-08-01T08:00:55+00:00,ETH,1867.78,,,coingecko
2026-08-01T08:00:55+00:00,SOL,72.9,,,coingecko
2026-08-01T08:00:55+00:00,XRP,1.061,,,coingecko
2026-08-01T08:00:55+00:00,DOGE,0.069807,,,coingecko
2026-08-01T08:00:55+00:00,BNB,589.58,,,coingecko
2026-08-01T08:00:55+00:00,ADA,0.171122,,,coingecko
2026-08-01T08:00:55+00:00,LINK,8.13,,,coingecko
2026-08-01T08:00:55+00:00,AVAX,6.37,,,coingecko
2026-08-01T08:00:55+00:00,DOT,0.760421,,,coingecko
2026-08-01T08:00:55+00:00,MATIC,0.126156,,,coingecko
2026-08-01T08:00:55+00:00,LTC,44.48,,,coingecko
2026-08-01T08:02:00+00:00,BTC,62995.0,,,coingecko
2026-08-01T08:02:00+00:00,ETH,1867.87,,,coingecko
2026-08-01T08:02:00+00:00,SOL,72.91,,,coingecko
2026-08-01T08:02:00+00:00,XRP,1.061,,,coingecko
2026-08-01T08:02:00+00:00,DOGE,0.069838,,,coingecko
2026-08-01T08:02:00+00:00,BNB,589.59,,,coingecko
2026-08-01T08:02:00+00:00,ADA,0.171096,,,coingecko
2026-08-01T08:02:00+00:00,LINK,8.13,,,coingecko
2026-08-01T08:02:00+00:00,AVAX,6.37,,,coingecko
2026-08-01T08:02:00+00:00,DOT,0.76055,,,coingecko
2026-08-01T08:02:00+00:00,MATIC,0.126156,,,coingecko
2026-08-01T08:02:00+00:00,LTC,44.53,,,coingecko
2026-08-01T08:03:05+00:00,BTC,63008.0,,,coingecko
2026-08-01T08:03:05+00:00,ETH,1867.69,,,coingecko
2026-08-01T08:03:05+00:00,SOL,72.92,,,coingecko
2026-08-01T08:03:05+00:00,XRP,1.061,,,coingecko
2026-08-01T08:03:05+00:00,DOGE,0.069841,,,coingecko
2026-08-01T08:03:05+00:00,BNB,589.62,,,coingecko
2026-08-01T08:03:05+00:00,ADA,0.171152,,,coingecko
2026-08-01T08:03:05+00:00,LINK,8.13,,,coingecko
2026-08-01T08:03:05+00:00,AVAX,6.37,,,coingecko
2026-08-01T08:03:05+00:00,DOT,0.760852,,,coingecko
2026-08-01T08:03:05+00:00,MATIC,0.126156,,,coingecko
2026-08-01T08:03:05+00:00,LTC,44.51,,,coingecko
2026-08-01T08:04:09+00:00,BTC,63021.0,,,coingecko
2026-08-01T08:04:09+00:00,ETH,1867.76,,,coingecko
2026-08-01T08:04:09+00:00,SOL,72.91,,,coingecko
2026-08-01T08:04:09+00:00,XRP,1.061,,,coingecko
2026-08-01T08:04:09+00:00,DOGE,0.069815,,,coingecko
2026-08-01T08:04:09+00:00,BNB,589.61,,,coingecko
2026-08-01T08:04:09+00:00,ADA,0.171117,,,coingecko
2026-08-01T08:04:09+00:00,LINK,8.13,,,coingecko
2026-08-01T08:04:09+00:00,AVAX,6.36,,,coingecko
2026-08-01T08:04:09+00:00,DOT,0.76095,,,coingecko
2026-08-01T08:04:09+00:00,MATIC,0.126156,,,coingecko
2026-08-01T08:04:09+00:00,LTC,44.51,,,coingecko
2026-08-01T08:05:13+00:00,BTC,63018.0,,,coingecko
2026-08-01T08:05:13+00:00,ETH,1867.68,,,coingecko
2026-08-01T08:05:13+00:00,SOL,72.92,,,coingecko
2026-08-01T08:05:13+00:00,XRP,1.061,,,coingecko
2026-08-01T08:05:13+00:00,DOGE,0.069812,,,coingecko
2026-08-01T08:05:13+00:00,BNB,589.61,,,coingecko
2026-08-01T08:05:13+00:00,ADA,0.171117,,,coingecko
2026-08-01T08:05:13+00:00,LINK,8.13,,,coingecko
2026-08-01T08:05:13+00:00,AVAX,6.36,,,coingecko
2026-08-01T08:05:13+00:00,DOT,0.760925,,,coingecko
2026-08-01T08:05:13+00:00,MATIC,0.126156,,,coingecko
2026-08-01T08:05:13+00:00,LTC,44.5,,,coingecko
2026-08-01T08:06:02+00:00,BTC,63022.755,,,consenso
2026-08-01T08:06:02+00:00,ETH,1867.765,,,consenso
2026-08-01T08:06:02+00:00,SOL,72.915,,,consenso
2026-08-01T08:06:02+00:00,XRP,1.06065,,,consenso
2026-08-01T08:06:02+00:00,DOGE,0.06987,,,binance
2026-08-01T08:06:02+00:00,BNB,590.1,,,binance
2026-08-01T08:07:05+00:00,BTC,63022.755,,,consenso
2026-08-01T08:07:05+00:00,ETH,1867.765,,,consenso
2026-08-01T08:07:05+00:00,SOL,72.97,,,consenso
2026-08-01T08:07:05+00:00,XRP,1.0616,,,consenso
2026-08-01T08:07:05+00:00,DOGE,0.0699,,,binance
2026-08-01T08:07:05+00:00,BNB,590.02,,,binance
2026-08-01T08:08:36+00:00,BTC,63022.0,,,coingecko
2026-08-01T08:08:36+00:00,ETH,1867.33,,,coingecko
2026-08-01T08:08:36+00:00,SOL,72.91,,,coingecko
2026-08-01T08:08:36+00:00,XRP,1.061,,,coingecko
2026-08-01T08:08:36+00:00,DOGE,0.069822,,,coingecko
2026-08-01T08:08:36+00:00,BNB,589.52,,,coingecko
2026-08-01T08:08:36+00:00,ADA,0.171413,,,coingecko
2026-08-01T08:08:36+00:00,LINK,8.13,,,coingecko
2026-08-01T08:08:36+00:00,AVAX,6.36,,,coingecko
2026-08-01T08:08:36+00:00,DOT,0.760946,,,coingecko
2026-08-01T08:08:36+00:00,MATIC,0.126156,,,coingecko
2026-08-01T08:08:36+00:00,LTC,44.47,,,coingecko
2026-08-01T08:08:41+00:00,BTC,63022.755,,,consenso
2026-08-01T08:08:41+00:00,ETH,1867.765,,,consenso
2026-08-01T08:08:41+00:00,SOL,72.97,,,consenso
2026-08-01T08:08:41+00:00,XRP,1.0616,,,consenso
2026-08-01T08:08:41+00:00,DOGE,0.06985,,,binance
2026-08-01T08:08:41+00:00,BNB,589.99,,,binance
2026-08-01T08:09:41+00:00,BTC,63024.0,,,coingecko
2026-08-01T08:09:41+00:00,ETH,1867.07,,,coingecko
2026-08-01T08:09:41+00:00,SOL,72.9,,,coingecko
2026-08-01T08:09:41+00:00,XRP,1.061,,,coingecko
2026-08-01T08:09:41+00:00,DOGE,0.069799,,,coingecko
2026-08-01T08:09:41+00:00,BNB,589.47,,,coingecko
2026-08-01T08:09:41+00:00,ADA,0.171456,,,coingecko
2026-08-01T08:09:41+00:00,LINK,8.13,,,coingecko
2026-08-01T08:09:41+00:00,AVAX,6.36,,,coingecko
2026-08-01T08:09:41+00:00,DOT,0.760941,,,coingecko
2026-08-01T08:09:41+00:00,MATIC,0.126156,,,coingecko
2026-08-01T08:09:41+00:00,LTC,44.47,,,coingecko
2026-08-01T08:10:44+00:00,BTC,63023.0,,,coingecko
2026-08-01T08:10:44+00:00,ETH,1867.07,,,coingecko
2026-08-01T08:10:44+00:00,SOL,72.9,,,coingecko
2026-08-01T08:10:44+00:00,XRP,1.061,,,coingecko
2026-08-01T08:10:44+00:00,DOGE,0.069792,,,coingecko
2026-08-01T08:10:44+00:00,BNB,589.46,,,coingecko
2026-08-01T08:10:44+00:00,ADA,0.171475,,,coingecko
2026-08-01T08:10:44+00:00,LINK,8.13,,,coingecko
2026-08-01T08:10:44+00:00,AVAX,6.36,,,coingecko
2026-08-01T08:10:44+00:00,DOT,0.761107,,,coingecko
2026-08-01T08:10:44+00:00,MATIC,0.126156,,,coingecko
2026-08-01T08:10:44+00:00,LTC,44.48,,,coingecko
2026-08-01T08:11:50+00:00,BTC,63022.0,,,coingecko
2026-08-01T08:11:50+00:00,ETH,1866.98,,,coingecko
2026-08-01T08:11:50+00:00,SOL,72.9,,,coingecko
2026-08-01T08:11:50+00:00,XRP,1.061,,,coingecko
2026-08-01T08:11:50+00:00,DOGE,0.069795,,,coingecko
2026-08-01T08:11:50+00:00,BNB,589.41,,,coingecko
2026-08-01T08:11:50+00:00,ADA,0.171681,,,coingecko
2026-08-01T08:11:50+00:00,LINK,8.13,,,coingecko
2026-08-01T08:11:50+00:00,AVAX,6.36,,,coingecko
2026-08-01T08:11:50+00:00,DOT,0.760876,,,coingecko
2026-08-01T08:11:50+00:00,MATIC,0.126156,,,coingecko
2026-08-01T08:11:50+00:00,LTC,44.47,,,coingecko
2026-08-01T08:12:55+00:00,BTC,63024.0,,,coingecko
2026-08-01T08:12:55+00:00,ETH,1866.82,,,coingecko
2026-08-01T08:12:55+00:00,SOL,72.9,,,coingecko
2026-08-01T08:12:55+00:00,XRP,1.061,,,coingecko
2026-08-01T08:12:55+00:00,DOGE,0.069799,,,coingecko
2026-08-01T08:12:55+00:00,BNB,589.41,,,coingecko
2026-08-01T08:12:55+00:00,ADA,0.171682,,,coingecko
2026-08-01T08:12:55+00:00,LINK,8.13,,,coingecko
2026-08-01T08:12:55+00:00,AVAX,6.36,,,coingecko
2026-08-01T08:12:55+00:00,DOT,0.760926,,,coingecko
2026-08-01T08:12:55+00:00,MATIC,0.126156,,,coingecko
2026-08-01T08:12:55+00:00,LTC,44.47,,,coingecko
2026-08-01T08:13:59+00:00,BTC,63032.0,,,coingecko
2026-08-01T08:13:59+00:00,ETH,1866.9,,,coingecko
2026-08-01T08:13:59+00:00,SOL,72.91,,,coingecko
2026-08-01T08:13:59+00:00,XRP,1.061,,,coingecko
2026-08-01T08:13:59+00:00,DOGE,0.069797,,,coingecko
2026-08-01T08:13:59+00:00,BNB,589.48,,,coingecko
2026-08-01T08:13:59+00:00,ADA,0.171327,,,coingecko
2026-08-01T08:13:59+00:00,LINK,8.13,,,coingecko
2026-08-01T08:13:59+00:00,AVAX,6.36,,,coingecko
2026-08-01T08:13:59+00:00,DOT,0.760857,,,coingecko
2026-08-01T08:13:59+00:00,MATIC,0.126156,,,coingecko
2026-08-01T08:13:59+00:00,LTC,44.48,,,coingecko
2026-08-01T08:15:06+00:00,BTC,63036.0,,,coingecko
2026-08-01T08:15:06+00:00,ETH,1867.08,,,coingecko
2026-08-01T08:15:06+00:00,SOL,72.91,,,coingecko
2026-08-01T08:15:06+00:00,XRP,1.061,,,coingecko
2026-08-01T08:15:06+00:00,DOGE,0.069799,,,coingecko
2026-08-01T08:15:06+00:00,BNB,589.46,,,coingecko
2026-08-01T08:15:06+00:00,ADA,0.171462,,,coingecko
2026-08-01T08:15:06+00:00,LINK,8.13,,,coingecko
2026-08-01T08:15:06+00:00,AVAX,6.36,,,coingecko
2026-08-01T08:15:06+00:00,DOT,0.760891,,,coingecko
2026-08-01T08:15:06+00:00,MATIC,0.126156,,,coingecko
2026-08-01T08:15:06+00:00,LTC,44.48,,,coingecko
2026-08-01T08:16:11+00:00,BTC,63038.0,,,coingecko
2026-08-01T08:16:11+00:00,ETH,1867.16,,,coingecko
2026-08-01T08:16:11+00:00,SOL,72.91,,,coingecko
2026-08-01T08:16:11+00:00,XRP,1.061,,,coingecko
2026-08-01T08:16:11+00:00,DOGE,0.069793,,,coingecko
2026-08-01T08:16:11+00:00,BNB,589.41,,,coingecko
2026-08-01T08:16:11+00:00,ADA,0.171504,,,coingecko
2026-08-01T08:16:11+00:00,LINK,8.13,,,coingecko
2026-08-01T08:16:11+00:00,AVAX,6.36,,,coingecko
2026-08-01T08:16:11+00:00,DOT,0.760852,,,coingecko
2026-08-01T08:16:11+00:00,MATIC,0.126156,,,coingecko
2026-08-01T08:16:11+00:00,LTC,44.48,,,coingecko
2026-08-01T08:17:06+00:00,BTC,63039.735,,,consenso
2026-08-01T08:17:06+00:00,ETH,1867.345,,,consenso
2026-08-01T08:17:06+00:00,SOL,72.93,,,consenso
2026-08-01T08:17:06+00:00,XRP,1.06098,,,consenso
2026-08-01T08:17:06+00:00,DOGE,0.06985,,,binance
2026-08-01T08:17:06+00:00,BNB,589.82,,,binance
2026-08-01T08:17:17+00:00,BTC,63039.0,,,coingecko
2026-08-01T08:17:17+00:00,ETH,1867.21,,,coingecko
2026-08-01T08:17:17+00:00,SOL,72.92,,,coingecko
2026-08-01T08:17:17+00:00,XRP,1.061,,,coingecko
2026-08-01T08:17:17+00:00,DOGE,0.069798,,,coingecko
2026-08-01T08:17:17+00:00,BNB,589.29,,,coingecko
2026-08-01T08:17:17+00:00,ADA,0.171491,,,coingecko
2026-08-01T08:17:17+00:00,LINK,8.13,,,coingecko
2026-08-01T08:17:17+00:00,AVAX,6.36,,,coingecko
2026-08-01T08:17:17+00:00,DOT,0.760951,,,coingecko
2026-08-01T08:17:17+00:00,MATIC,0.126156,,,coingecko
2026-08-01T08:17:17+00:00,LTC,44.48,,,coingecko
2026-08-01T08:18:02+00:00,BTC,63039.735,,,consenso
2026-08-01T08:18:02+00:00,ETH,1867.345,,,consenso
2026-08-01T08:18:02+00:00,SOL,73.0,,,consenso
2026-08-01T08:18:02+00:00,XRP,1.0621,,,consenso
2026-08-01T08:18:02+00:00,DOGE,0.06986,,,binance
2026-08-01T08:18:02+00:00,BNB,589.78,,,binance
2026-08-01T08:18:21+00:00,BTC,63040.0,,,coingecko
2026-08-01T08:18:21+00:00,ETH,1867.21,,,coingecko
2026-08-01T08:18:21+00:00,SOL,72.92,,,coingecko
2026-08-01T08:18:21+00:00,XRP,1.061,,,coingecko
2026-08-01T08:18:21+00:00,DOGE,0.069795,,,coingecko
2026-08-01T08:18:21+00:00,BNB,589.3,,,coingecko
2026-08-01T08:18:21+00:00,ADA,0.171503,,,coingecko
2026-08-01T08:18:21+00:00,LINK,8.13,,,coingecko
2026-08-01T08:18:21+00:00,AVAX,6.36,,,coingecko
2026-08-01T08:18:21+00:00,DOT,0.760997,,,coingecko
2026-08-01T08:18:21+00:00,MATIC,0.126156,,,coingecko
2026-08-01T08:18:21+00:00,LTC,44.48,,,coingecko
2026-08-01T08:18:50+00:00,BTC,63039.735,,,consenso
2026-08-01T08:18:50+00:00,ETH,1867.345,,,consenso
2026-08-01T08:18:50+00:00,SOL,73.01,,,consenso
2026-08-01T08:18:50+00:00,XRP,1.0622,,,consenso
2026-08-01T08:18:50+00:00,DOGE,0.06986,,,binance
2026-08-01T08:18:50+00:00,BNB,589.77,,,binance
2026-08-01T08:21:58+00:00,BTC,63041.0,,,coingecko
2026-08-01T08:21:58+00:00,ETH,1867.42,,,coingecko
2026-08-01T08:21:58+00:00,SOL,72.93,,,coingecko
2026-08-01T08:21:58+00:00,XRP,1.061,,,coingecko
2026-08-01T08:21:58+00:00,DOGE,0.069764,,,coingecko
2026-08-01T08:21:58+00:00,BNB,589.06,,,coingecko
2026-08-01T08:21:58+00:00,ADA,0.171543,,,coingecko
2026-08-01T08:21:58+00:00,LINK,8.13,,,coingecko
2026-08-01T08:21:58+00:00,AVAX,6.37,,,coingecko
2026-08-01T08:21:58+00:00,DOT,0.761647,,,coingecko
2026-08-01T08:21:58+00:00,MATIC,0.126156,,,coingecko
2026-08-01T08:21:58+00:00,LTC,44.49,,,coingecko
2026-08-01T08:23:04+00:00,BTC,63042.0,,,coingecko
2026-08-01T08:23:04+00:00,ETH,1867.43,,,coingecko
2026-08-01T08:23:04+00:00,SOL,72.94,,,coingecko
2026-08-01T08:23:04+00:00,XRP,1.061,,,coingecko
2026-08-01T08:23:04+00:00,DOGE,0.069767,,,coingecko
2026-08-01T08:23:04+00:00,BNB,588.77,,,coingecko
2026-08-01T08:23:04+00:00,ADA,0.171635,,,coingecko
2026-08-01T08:23:04+00:00,LINK,8.13,,,coingecko
2026-08-01T08:23:04+00:00,AVAX,6.37,,,coingecko
2026-08-01T08:23:04+00:00,DOT,0.76156,,,coingecko
2026-08-01T08:23:04+00:00,MATIC,0.126156,,,coingecko
2026-08-01T08:23:04+00:00,LTC,44.47,,,coingecko
2026-08-01T08:24:07+00:00,BTC,63042.0,,,coingecko
2026-08-01T08:24:07+00:00,ETH,1867.48,,,coingecko
2026-08-01T08:24:07+00:00,SOL,72.94,,,coingecko
2026-08-01T08:24:07+00:00,XRP,1.061,,,coingecko
2026-08-01T08:24:07+00:00,DOGE,0.069752,,,coingecko
2026-08-01T08:24:07+00:00,BNB,588.63,,,coingecko
2026-08-01T08:24:07+00:00,ADA,0.171604,,,coingecko
2026-08-01T08:24:07+00:00,LINK,8.13,,,coingecko
2026-08-01T08:24:07+00:00,AVAX,6.37,,,coingecko
2026-08-01T08:24:07+00:00,DOT,0.761413,,,coingecko
2026-08-01T08:24:07+00:00,MATIC,0.126156,,,coingecko
2026-08-01T08:24:07+00:00,LTC,44.46,,,coingecko
2026-08-01T08:25:11+00:00,BTC,63043.0,,,coingecko
2026-08-01T08:25:11+00:00,ETH,1867.62,,,coingecko
2026-08-01T08:25:11+00:00,SOL,72.95,,,coingecko
2026-08-01T08:25:11+00:00,XRP,1.061,,,coingecko
2026-08-01T08:25:11+00:00,DOGE,0.069766,,,coingecko
2026-08-01T08:25:11+00:00,BNB,588.62,,,coingecko
2026-08-01T08:25:11+00:00,ADA,0.171672,,,coingecko
2026-08-01T08:25:11+00:00,LINK,8.13,,,coingecko
2026-08-01T08:25:11+00:00,AVAX,6.37,,,coingecko
2026-08-01T08:25:11+00:00,DOT,0.761259,,,coingecko
2026-08-01T08:25:11+00:00,MATIC,0.126156,,,coingecko
2026-08-01T08:25:11+00:00,LTC,44.45,,,coingecko
2026-08-01T08:25:43+00:00,BTC,63042.755,,,consenso
2026-08-01T08:25:43+00:00,ETH,1867.735,,,consenso
2026-08-01T08:25:43+00:00,SOL,72.95,,,consenso
2026-08-01T08:25:43+00:00,XRP,1.06111,,,consenso
2026-08-01T08:25:43+00:00,DOGE,0.06983,,,binance
2026-08-01T08:25:43+00:00,BNB,589.09,,,binance
2026-08-01T08:26:17+00:00,BTC,63042.0,,,coingecko
2026-08-01T08:26:17+00:00,ETH,1867.61,,,coingecko
2026-08-01T08:26:17+00:00,SOL,72.95,,,coingecko
2026-08-01T08:26:17+00:00,XRP,1.061,,,coingecko
2026-08-01T08:26:17+00:00,DOGE,0.069777,,,coingecko
2026-08-01T08:26:17+00:00,BNB,588.51,,,coingecko
2026-08-01T08:26:17+00:00,ADA,0.171753,,,coingecko
2026-08-01T08:26:17+00:00,LINK,8.13,,,coingecko
2026-08-01T08:26:17+00:00,AVAX,6.37,,,coingecko
2026-08-01T08:26:17+00:00,DOT,0.761002,,,coingecko
2026-08-01T08:26:17+00:00,MATIC,0.126156,,,coingecko
2026-08-01T08:26:17+00:00,LTC,44.45,,,coingecko
2026-08-01T08:26:36+00:00,BTC,63042.755,,,consenso
2026-08-01T08:26:36+00:00,ETH,1867.735,,,consenso
2026-08-01T08:26:36+00:00,SOL,73.01,,,consenso
2026-08-01T08:26:36+00:00,XRP,1.062,,,consenso
2026-08-01T08:26:36+00:00,DOGE,0.06983,,,binance
2026-08-01T08:26:36+00:00,BNB,588.63,,,binance
2026-08-01T08:27:21+00:00,BTC,63043.0,,,coingecko
2026-08-01T08:27:21+00:00,ETH,1867.67,,,coingecko
2026-08-01T08:27:21+00:00,SOL,72.95,,,coingecko
2026-08-01T08:27:21+00:00,XRP,1.061,,,coingecko
2026-08-01T08:27:21+00:00,DOGE,0.069766,,,coingecko
2026-08-01T08:27:21+00:00,BNB,588.5,,,coingecko
2026-08-01T08:27:21+00:00,ADA,0.17189,,,coingecko
2026-08-01T08:27:21+00:00,LINK,8.13,,,coingecko
2026-08-01T08:27:21+00:00,AVAX,6.37,,,coingecko
2026-08-01T08:27:21+00:00,DOT,0.761013,,,coingecko
2026-08-01T08:27:21+00:00,MATIC,0.126156,,,coingecko
2026-08-01T08:27:21+00:00,LTC,44.45,,,coingecko
2026-08-01T08:27:22+00:00,BTC,63042.755,,,consenso
2026-08-01T08:27:22+00:00,ETH,1867.735,,,consenso
2026-08-01T08:27:22+00:00,SOL,73.05,,,consenso
2026-08-01T08:27:22+00:00,XRP,1.0622,,,consenso
2026-08-01T08:27:22+00:00,DOGE,0.06985,,,binance
2026-08-01T08:27:22+00:00,BNB,588.29,,,binance
2026-08-01T08:28:26+00:00,BTC,63043.0,,,coingecko
2026-08-01T08:28:26+00:00,ETH,1867.86,,,coingecko
2026-08-01T08:28:26+00:00,SOL,72.96,,,coingecko
2026-08-01T08:28:26+00:00,XRP,1.061,,,coingecko
2026-08-01T08:28:26+00:00,DOGE,0.069774,,,coingecko
2026-08-01T08:28:26+00:00,BNB,588.3,,,coingecko
2026-08-01T08:28:26+00:00,ADA,0.172163,,,coingecko
2026-08-01T08:28:26+00:00,LINK,8.13,,,coingecko
2026-08-01T08:28:26+00:00,AVAX,6.37,,,coingecko
2026-08-01T08:28:26+00:00,DOT,0.761106,,,coingecko
2026-08-01T08:28:26+00:00,MATIC,0.126156,,,coingecko
2026-08-01T08:28:26+00:00,LTC,44.45,,,coingecko
2026-08-01T08:29:29+00:00,BTC,63043.0,,,coingecko
2026-08-01T08:29:29+00:00,ETH,1867.88,,,coingecko
2026-08-01T08:29:29+00:00,SOL,72.98,,,coingecko
2026-08-01T08:29:29+00:00,XRP,1.061,,,coingecko
2026-08-01T08:29:29+00:00,DOGE,0.069799,,,coingecko
2026-08-01T08:29:29+00:00,BNB,587.87,,,coingecko
2026-08-01T08:29:29+00:00,ADA,0.172151,,,coingecko
2026-08-01T08:29:29+00:00,LINK,8.13,,,coingecko
2026-08-01T08:29:29+00:00,AVAX,6.37,,,coingecko
2026-08-01T08:29:29+00:00,DOT,0.761206,,,coingecko
2026-08-01T08:29:29+00:00,MATIC,0.126156,,,coingecko
2026-08-01T08:29:29+00:00,LTC,44.46,,,coingecko
2026-08-01T08:30:32+00:00,BTC,63035.0,,,coingecko
2026-08-01T08:30:32+00:00,ETH,1868.03,,,coingecko
2026-08-01T08:30:32+00:00,SOL,72.98,,,coingecko
2026-08-01T08:30:32+00:00,XRP,1.061,,,coingecko
2026-08-01T08:30:32+00:00,DOGE,0.069803,,,coingecko
2026-08-01T08:30:32+00:00,BNB,587.12,,,coingecko
2026-08-01T08:30:32+00:00,ADA,0.172101,,,coingecko
2026-08-01T08:30:32+00:00,LINK,8.13,,,coingecko
2026-08-01T08:30:32+00:00,AVAX,6.37,,,coingecko
2026-08-01T08:30:32+00:00,DOT,0.761493,,,coingecko
2026-08-01T08:30:32+00:00,MATIC,0.126156,,,coingecko
2026-08-01T08:30:32+00:00,LTC,44.46,,,coingecko
2026-08-01T08:31:37+00:00,BTC,63034.0,,,coingecko
2026-08-01T08:31:37+00:00,ETH,1867.42,,,coingecko
2026-08-01T08:31:37+00:00,SOL,72.97,,,coingecko
2026-08-01T08:31:37+00:00,XRP,1.061,,,coingecko
2026-08-01T08:31:37+00:00,DOGE,0.069789,,,coingecko
2026-08-01T08:31:37+00:00,BNB,586.67,,,coingecko
2026-08-01T08:31:37+00:00,ADA,0.172135,,,coingecko
2026-08-01T08:31:37+00:00,LINK,8.12,,,coingecko
2026-08-01T08:31:37+00:00,AVAX,6.37,,,coingecko
2026-08-01T08:31:37+00:00,DOT,0.761628,,,coingecko
2026-08-01T08:31:37+00:00,MATIC,0.126156,,,coingecko
2026-08-01T08:31:37+00:00,LTC,44.45,,,coingecko
2026-08-01T08:33:07+00:00,BTC,63050.095,,,consenso
2026-08-01T08:33:07+00:00,ETH,1867.09,,,consenso
2026-08-01T08:33:07+00:00,SOL,72.965,,,consenso
2026-08-01T08:33:07+00:00,XRP,1.06143,,,consenso
2026-08-01T08:33:07+00:00,DOGE,0.06988,,,binance
2026-08-01T08:33:07+00:00,BNB,586.28,,,binance
2026-08-01T08:34:27+00:00,BTC,63050.095,,,consenso
2026-08-01T08:34:27+00:00,ETH,1867.09,,,consenso
2026-08-01T08:34:27+00:00,SOL,73.05,,,consenso
2026-08-01T08:34:27+00:00,XRP,1.0624,,,consenso
2026-08-01T08:34:27+00:00,DOGE,0.0699,,,binance
2026-08-01T08:34:27+00:00,BNB,586.61,,,binance
2026-08-01T08:34:51+00:00,BTC,63046.0,,,coingecko
2026-08-01T08:34:51+00:00,ETH,1866.96,,,coingecko
2026-08-01T08:34:51+00:00,SOL,72.97,,,coingecko
2026-08-01T08:34:51+00:00,XRP,1.061,,,coingecko
2026-08-01T08:34:51+00:00,DOGE,0.069826,,,coingecko
2026-08-01T08:34:51+00:00,BNB,586.04,,,coingecko
2026-08-01T08:34:51+00:00,ADA,0.172444,,,coingecko
2026-08-01T08:34:51+00:00,LINK,8.12,,,coingecko
2026-08-01T08:34:51+00:00,AVAX,6.37,,,coingecko
2026-08-01T08:34:51+00:00,DOT,0.761037,,,coingecko
2026-08-01T08:34:51+00:00,MATIC,0.126156,,,coingecko
2026-08-01T08:34:51+00:00,LTC,44.42,,,coingecko
2026-08-01T08:35:27+00:00,BTC,63050.095,,,consenso
2026-08-01T08:35:27+00:00,ETH,1867.09,,,consenso
2026-08-01T08:35:27+00:00,SOL,73.04,,,consenso
2026-08-01T08:35:27+00:00,XRP,1.0627,,,consenso
2026-08-01T08:35:27+00:00,DOGE,0.06991,,,binance
2026-08-01T08:35:27+00:00,BNB,586.34,,,binance
2026-08-01T08:35:55+00:00,BTC,63046.0,,,coingecko
2026-08-01T08:35:55+00:00,ETH,1866.99,,,coingecko
2026-08-01T08:35:55+00:00,SOL,72.97,,,coingecko
2026-08-01T08:35:55+00:00,XRP,1.061,,,coingecko
2026-08-01T08:35:55+00:00,DOGE,0.069838,,,coingecko
2026-08-01T08:35:55+00:00,BNB,585.93,,,coingecko
2026-08-01T08:35:55+00:00,ADA,0.172587,,,coingecko
2026-08-01T08:35:55+00:00,LINK,8.12,,,coingecko
2026-08-01T08:35:55+00:00,AVAX,6.37,,,coingecko
2026-08-01T08:35:55+00:00,DOT,0.761122,,,coingecko
2026-08-01T08:35:55+00:00,MATIC,0.126156,,,coingecko
2026-08-01T08:35:55+00:00,LTC,44.43,,,coingecko
2026-08-01T08:36:59+00:00,BTC,63045.0,,,coingecko
2026-08-01T08:36:59+00:00,ETH,1866.85,,,coingecko
2026-08-01T08:36:59+00:00,SOL,72.97,,,coingecko
2026-08-01T08:36:59+00:00,XRP,1.062,,,coingecko
2026-08-01T08:36:59+00:00,DOGE,0.069832,,,coingecko
2026-08-01T08:36:59+00:00,BNB,585.77,,,coingecko
2026-08-01T08:36:59+00:00,ADA,0.172813,,,coingecko
2026-08-01T08:36:59+00:00,LINK,8.13,,,coingecko
2026-08-01T08:36:59+00:00,AVAX,6.37,,,coingecko
2026-08-01T08:36:59+00:00,DOT,0.761737,,,coingecko
2026-08-01T08:36:59+00:00,MATIC,0.126156,,,coingecko
2026-08-01T08:36:59+00:00,LTC,44.42,,,coingecko
2026-08-01T08:38:02+00:00,BTC,63046.0,,,coingecko
2026-08-01T08:38:02+00:00,ETH,1866.75,,,coingecko
2026-08-01T08:38:02+00:00,SOL,72.96,,,coingecko
2026-08-01T08:38:02+00:00,XRP,1.062,,,coingecko
2026-08-01T08:38:02+00:00,DOGE,0.069821,,,coingecko
2026-08-01T08:38:02+00:00,BNB,585.79,,,coingecko
2026-08-01T08:38:02+00:00,ADA,0.172768,,,coingecko
2026-08-01T08:38:02+00:00,LINK,8.13,,,coingecko
2026-08-01T08:38:02+00:00,AVAX,6.37,,,coingecko
2026-08-01T08:38:02+00:00,DOT,0.761832,,,coingecko
2026-08-01T08:38:02+00:00,MATIC,0.126156,,,coingecko
2026-08-01T08:38:02+00:00,LTC,44.41,,,coingecko
2026-08-01T08:39:06+00:00,BTC,63046.0,,,coingecko
2026-08-01T08:39:06+00:00,ETH,1866.71,,,coingecko
2026-08-01T08:39:06+00:00,SOL,72.95,,,coingecko
2026-08-01T08:39:06+00:00,XRP,1.061,,,coingecko
2026-08-01T08:39:06+00:00,DOGE,0.06981,,,coingecko
2026-08-01T08:39:06+00:00,BNB,585.92,,,coingecko
2026-08-01T08:39:06+00:00,ADA,0.172761,,,coingecko
2026-08-01T08:39:06+00:00,LINK,8.12,,,coingecko
2026-08-01T08:39:06+00:00,AVAX,6.37,,,coingecko
2026-08-01T08:39:06+00:00,DOT,0.761846,,,coingecko
2026-08-01T08:39:06+00:00,MATIC,0.126156,,,coingecko
2026-08-01T08:39:06+00:00,LTC,44.41,,,coingecko
2026-08-01T08:40:09+00:00,BTC,63044.0,,,coingecko
2026-08-01T08:40:09+00:00,ETH,1866.69,,,coingecko
2026-08-01T08:40:09+00:00,SOL,72.94,,,coingecko
2026-08-01T08:40:09+00:00,XRP,1.061,,,coingecko
2026-08-01T08:40:09+00:00,DOGE,0.069811,,,coingecko
2026-08-01T08:40:09+00:00,BNB,585.89,,,coingecko
2026-08-01T08:40:09+00:00,ADA,0.172793,,,coingecko
2026-08-01T08:40:09+00:00,LINK,8.12,,,coingecko
2026-08-01T08:40:09+00:00,AVAX,6.37,,,coingecko
2026-08-01T08:40:09+00:00,DOT,0.761573,,,coingecko
2026-08-01T08:40:09+00:00,MATIC,0.126156,,,coingecko
2026-08-01T08:40:09+00:00,LTC,44.39,,,coingecko
2026-08-01T08:41:17+00:00,BTC,63042.0,,,coingecko
2026-08-01T08:41:17+00:00,ETH,1866.14,,,coingecko
2026-08-01T08:41:17+00:00,SOL,72.92,,,coingecko
2026-08-01T08:41:17+00:00,XRP,1.061,,,coingecko
2026-08-01T08:41:17+00:00,DOGE,0.069809,,,coingecko
2026-08-01T08:41:17+00:00,BNB,585.82,,,coingecko
2026-08-01T08:41:17+00:00,ADA,0.172711,,,coingecko
2026-08-01T08:41:17+00:00,LINK,8.12,,,coingecko
2026-08-01T08:41:17+00:00,AVAX,6.37,,,coingecko
2026-08-01T08:41:17+00:00,DOT,0.760988,,,coingecko
2026-08-01T08:41:17+00:00,MATIC,0.126156,,,coingecko
2026-08-01T08:41:17+00:00,LTC,44.37,,,coingecko
2026-08-01T08:41:29+00:00,BTC,63041.645,,,consenso
2026-08-01T08:41:29+00:00,ETH,1866.255,,,consenso
2026-08-01T08:41:29+00:00,SOL,72.925,,,consenso
2026-08-01T08:41:29+00:00,XRP,1.06135,,,consenso
2026-08-01T08:41:29+00:00,DOGE,0.0699,,,binance
2026-08-01T08:41:29+00:00,BNB,586.79,,,binance
2026-08-01T08:42:22+00:00,BTC,63043.0,,,coingecko
2026-08-01T08:42:22+00:00,ETH,1866.2,,,coingecko
2026-08-01T08:42:22+00:00,SOL,72.93,,,coingecko
2026-08-01T08:42:22+00:00,XRP,1.061,,,coingecko
2026-08-01T08:42:22+00:00,DOGE,0.069808,,,coingecko
2026-08-01T08:42:22+00:00,BNB,585.94,,,coingecko
2026-08-01T08:42:22+00:00,ADA,0.172546,,,coingecko
2026-08-01T08:42:22+00:00,LINK,8.12,,,coingecko
2026-08-01T08:42:22+00:00,AVAX,6.37,,,coingecko
2026-08-01T08:42:22+00:00,DOT,0.761068,,,coingecko
2026-08-01T08:42:22+00:00,MATIC,0.126156,,,coingecko
2026-08-01T08:42:22+00:00,LTC,44.36,,,coingecko
2026-08-01T08:42:22+00:00,BTC,63041.645,,,consenso
2026-08-01T08:42:22+00:00,ETH,1866.255,,,consenso
2026-08-01T08:42:22+00:00,SOL,72.98,,,consenso
2026-08-01T08:42:22+00:00,XRP,1.0621,,,consenso
2026-08-01T08:42:22+00:00,DOGE,0.06985,,,binance
2026-08-01T08:42:22+00:00,BNB,586.78,,,binance
2026-08-01T08:43:10+00:00,BTC,63041.645,,,consenso
2026-08-01T08:43:10+00:00,ETH,1866.255,,,consenso
2026-08-01T08:43:10+00:00,SOL,72.99,,,consenso
2026-08-01T08:43:10+00:00,XRP,1.0621,,,consenso
2026-08-01T08:43:10+00:00,DOGE,0.06986,,,binance
2026-08-01T08:43:10+00:00,BNB,586.85,,,binance
2026-08-01T08:43:24+00:00,BTC,63043.0,,,coingecko
2026-08-01T08:43:24+00:00,ETH,1866.16,,,coingecko
2026-08-01T08:43:24+00:00,SOL,72.94,,,coingecko
2026-08-01T08:43:24+00:00,XRP,1.061,,,coingecko
2026-08-01T08:43:24+00:00,DOGE,0.069819,,,coingecko
2026-08-01T08:43:24+00:00,BNB,586.11,,,coingecko
2026-08-01T08:43:24+00:00,ADA,0.172645,,,coingecko
2026-08-01T08:43:24+00:00,LINK,8.12,,,coingecko
2026-08-01T08:43:24+00:00,AVAX,6.37,,,coingecko
2026-08-01T08:43:24+00:00,DOT,0.761129,,,coingecko
2026-08-01T08:43:24+00:00,MATIC,0.126156,,,coingecko
2026-08-01T08:43:24+00:00,LTC,44.37,,,coingecko
2026-08-01T08:44:28+00:00,BTC,63043.0,,,coingecko
2026-08-01T08:44:28+00:00,ETH,1866.01,,,coingecko
2026-08-01T08:44:28+00:00,SOL,72.92,,,coingecko
2026-08-01T08:44:28+00:00,XRP,1.061,,,coingecko
2026-08-01T08:44:28+00:00,DOGE,0.069794,,,coingecko
2026-08-01T08:44:28+00:00,BNB,586.23,,,coingecko
2026-08-01T08:44:28+00:00,ADA,0.172541,,,coingecko
2026-08-01T08:44:28+00:00,LINK,8.12,,,coingecko
2026-08-01T08:44:28+00:00,AVAX,6.37,,,coingecko
2026-08-01T08:44:28+00:00,DOT,0.761021,,,coingecko
2026-08-01T08:44:28+00:00,MATIC,0.126156,,,coingecko
2026-08-01T08:44:28+00:00,LTC,44.37,,,coingecko
2026-08-01T08:47:47+00:00,BTC,63038.0,,,coingecko
2026-08-01T08:47:47+00:00,ETH,1866.14,,,coingecko
2026-08-01T08:47:47+00:00,SOL,72.92,,,coingecko
2026-08-01T08:47:47+00:00,XRP,1.061,,,coingecko
2026-08-01T08:47:47+00:00,DOGE,0.069786,,,coingecko
2026-08-01T08:47:47+00:00,BNB,585.93,,,coingecko
2026-08-01T08:47:47+00:00,ADA,0.172518,,,coingecko
2026-08-01T08:47:47+00:00,LINK,8.12,,,coingecko
2026-08-01T08:47:47+00:00,AVAX,6.37,,,coingecko
2026-08-01T08:47:47+00:00,DOT,0.760891,,,coingecko
2026-08-01T08:47:47+00:00,MATIC,0.126156,,,coingecko
2026-08-01T08:47:47+00:00,LTC,44.35,,,coingecko
2026-08-01T08:48:52+00:00,BTC,63041.0,,,coingecko
2026-08-01T08:48:52+00:00,ETH,1866.23,,,coingecko
2026-08-01T08:48:52+00:00,SOL,72.93,,,coingecko
2026-08-01T08:48:52+00:00,XRP,1.061,,,coingecko
2026-08-01T08:48:52+00:00,DOGE,0.069769,,,coingecko
2026-08-01T08:48:52+00:00,BNB,585.75,,,coingecko
2026-08-01T08:48:52+00:00,ADA,0.172529,,,coingecko
2026-08-01T08:48:52+00:00,LINK,8.12,,,coingecko
2026-08-01T08:48:52+00:00,AVAX,6.37,,,coingecko
2026-08-01T08:48:52+00:00,DOT,0.760981,,,coingecko
2026-08-01T08:48:52+00:00,MATIC,0.126156,,,coingecko
2026-08-01T08:48:52+00:00,LTC,44.34,,,coingecko
2026-08-01T08:49:43+00:00,BTC,63049.885,,,consenso
2026-08-01T08:49:43+00:00,ETH,1866.365,,,consenso
2026-08-01T08:49:43+00:00,SOL,72.94,,,consenso
2026-08-01T08:49:43+00:00,XRP,1.06115,,,consenso
2026-08-01T08:49:43+00:00,DOGE,0.06985,,,binance
2026-08-01T08:49:43+00:00,BNB,586.36,,,binance
2026-08-01T08:49:57+00:00,BTC,63043.0,,,coingecko
2026-08-01T08:49:57+00:00,ETH,1866.27,,,coingecko
2026-08-01T08:49:57+00:00,SOL,72.93,,,coingecko
2026-08-01T08:49:57+00:00,XRP,1.061,,,coingecko
2026-08-01T08:49:57+00:00,DOGE,0.06979,,,coingecko
2026-08-01T08:49:57+00:00,BNB,585.74,,,coingecko
2026-08-01T08:49:57+00:00,ADA,0.172653,,,coingecko
2026-08-01T08:49:57+00:00,LINK,8.12,,,coingecko
2026-08-01T08:49:57+00:00,AVAX,6.37,,,coingecko
2026-08-01T08:49:57+00:00,DOT,0.760971,,,coingecko
2026-08-01T08:49:57+00:00,MATIC,0.126156,,,coingecko
2026-08-01T08:49:57+00:00,LTC,44.34,,,coingecko
2026-08-01T08:50:39+00:00,BTC,63049.885,,,consenso
2026-08-01T08:50:39+00:00,ETH,1866.365,,,consenso
2026-08-01T08:50:39+00:00,SOL,73.01,,,consenso
2026-08-01T08:50:39+00:00,XRP,1.0621,,,consenso
2026-08-01T08:50:39+00:00,DOGE,0.06984,,,binance
2026-08-01T08:50:39+00:00,BNB,586.09,,,binance
2026-08-01T08:51:00+00:00,BTC,63049.0,,,coingecko
2026-08-01T08:51:00+00:00,ETH,1866.3,,,coingecko
2026-08-01T08:51:00+00:00,SOL,72.94,,,coingecko
2026-08-01T08:51:00+00:00,XRP,1.061,,,coingecko
2026-08-01T08:51:00+00:00,DOGE,0.069789,,,coingecko
2026-08-01T08:51:00+00:00,BNB,585.8,,,coingecko
2026-08-01T08:51:00+00:00,ADA,0.172523,,,coingecko
2026-08-01T08:51:00+00:00,LINK,8.12,,,coingecko
2026-08-01T08:51:00+00:00,AVAX,6.37,,,coingecko
2026-08-01T08:51:00+00:00,DOT,0.761096,,,coingecko
2026-08-01T08:51:00+00:00,MATIC,0.126156,,,coingecko
2026-08-01T08:51:00+00:00,LTC,44.37,,,coingecko
2026-08-01T08:51:25+00:00,BTC,63049.885,,,consenso
2026-08-01T08:51:25+00:00,ETH,1866.365,,,consenso
2026-08-01T08:51:25+00:00,SOL,73.01,,,consenso
2026-08-01T08:51:25+00:00,XRP,1.0622,,,consenso
2026-08-01T08:51:25+00:00,DOGE,0.06987,,,binance
2026-08-01T08:51:25+00:00,BNB,586.18,,,binance
2026-08-01T08:52:03+00:00,BTC,63050.0,,,coingecko
2026-08-01T08:52:03+00:00,ETH,1866.32,,,coingecko
2026-08-01T08:52:03+00:00,SOL,72.94,,,coingecko
2026-08-01T08:52:03+00:00,XRP,1.061,,,coingecko
2026-08-01T08:52:03+00:00,DOGE,0.069789,,,coingecko
2026-08-01T08:52:03+00:00,BNB,585.71,,,coingecko
2026-08-01T08:52:03+00:00,ADA,0.172509,,,coingecko
2026-08-01T08:52:03+00:00,LINK,8.12,,,coingecko
2026-08-01T08:52:03+00:00,AVAX,6.37,,,coingecko
2026-08-01T08:52:03+00:00,DOT,0.761089,,,coingecko
2026-08-01T08:52:03+00:00,MATIC,0.126156,,,coingecko
2026-08-01T08:52:03+00:00,LTC,44.37,,,coingecko
2026-08-01T08:53:07+00:00,BTC,63054.0,,,coingecko
2026-08-01T08:53:07+00:00,ETH,1866.35,,,coingecko
2026-08-01T08:53:07+00:00,SOL,72.94,,,coingecko
2026-08-01T08:53:07+00:00,XRP,1.061,,,coingecko
2026-08-01T08:53:07+00:00,DOGE,0.069799,,,coingecko
2026-08-01T08:53:07+00:00,BNB,585.65,,,coingecko
2026-08-01T08:53:07+00:00,ADA,0.172655,,,coingecko
2026-08-01T08:53:07+00:00,LINK,8.12,,,coingecko
2026-08-01T08:53:07+00:00,AVAX,6.37,,,coingecko
2026-08-01T08:53:07+00:00,DOT,0.761031,,,coingecko
2026-08-01T08:53:07+00:00,MATIC,0.126156,,,coingecko
2026-08-01T08:53:07+00:00,LTC,44.36,,,coingecko
2026-08-01T08:54:12+00:00,BTC,63066.0,,,coingecko
2026-08-01T08:54:12+00:00,ETH,1866.66,,,coingecko
2026-08-01T08:54:12+00:00,SOL,72.96,,,coingecko
2026-08-01T08:54:12+00:00,XRP,1.061,,,coingecko
2026-08-01T08:54:12+00:00,DOGE,0.069841,,,coingecko
2026-08-01T08:54:12+00:00,BNB,585.7,,,coingecko
2026-08-01T08:54:12+00:00,ADA,0.172719,,,coingecko
2026-08-01T08:54:12+00:00,LINK,8.12,,,coingecko
2026-08-01T08:54:12+00:00,AVAX,6.37,,,coingecko
2026-08-01T08:54:12+00:00,DOT,0.761561,,,coingecko
2026-08-01T08:54:12+00:00,MATIC,0.126156,,,coingecko
2026-08-01T08:54:12+00:00,LTC,44.36,,,coingecko
2026-08-01T08:55:15+00:00,BTC,63071.0,,,coingecko
2026-08-01T08:55:15+00:00,ETH,1866.88,,,coingecko
2026-08-01T08:55:15+00:00,SOL,72.98,,,coingecko
2026-08-01T08:55:15+00:00,XRP,1.062,,,coingecko
2026-08-01T08:55:15+00:00,DOGE,0.069855,,,coingecko
2026-08-01T08:55:15+00:00,BNB,585.79,,,coingecko
2026-08-01T08:55:15+00:00,ADA,0.172754,,,coingecko
2026-08-01T08:55:15+00:00,LINK,8.12,,,coingecko
2026-08-01T08:55:15+00:00,AVAX,6.37,,,coingecko
2026-08-01T08:55:15+00:00,DOT,0.761822,,,coingecko
2026-08-01T08:55:15+00:00,MATIC,0.126156,,,coingecko
2026-08-01T08:55:15+00:00,LTC,44.38,,,coingecko
2026-08-01T08:56:19+00:00,BTC,63073.0,,,coingecko
2026-08-01T08:56:19+00:00,ETH,1866.91,,,coingecko
2026-08-01T08:56:19+00:00,SOL,72.98,,,coingecko
2026-08-01T08:56:19+00:00,XRP,1.062,,,coingecko
2026-08-01T08:56:19+00:00,DOGE,0.069855,,,coingecko
2026-08-01T08:56:19+00:00,BNB,585.86,,,coingecko
2026-08-01T08:56:19+00:00,ADA,0.172763,,,coingecko
2026-08-01T08:56:19+00:00,LINK,8.12,,,coingecko
2026-08-01T08:56:19+00:00,AVAX,6.37,,,coingecko
2026-08-01T08:56:19+00:00,DOT,0.761776,,,coingecko
2026-08-01T08:56:19+00:00,MATIC,0.126156,,,coingecko
2026-08-01T08:56:19+00:00,LTC,44.37,,,coingecko
2026-08-01T08:56:55+00:00,BTC,63085.545,,,consenso
2026-08-01T08:56:55+00:00,ETH,1867.275,,,consenso
2026-08-01T08:56:55+00:00,SOL,72.975,,,consenso
2026-08-01T08:56:55+00:00,XRP,1.06175,,,consenso
2026-08-01T08:56:55+00:00,DOGE,0.06992,,,binance
2026-08-01T08:56:55+00:00,BNB,586.5,,,binance
2026-08-01T08:57:24+00:00,BTC,63080.0,,,coingecko
2026-08-01T08:57:24+00:00,ETH,1866.99,,,coingecko
2026-08-01T08:57:24+00:00,SOL,72.98,,,coingecko
2026-08-01T08:57:24+00:00,XRP,1.062,,,coingecko
2026-08-01T08:57:24+00:00,DOGE,0.069854,,,coingecko
2026-08-01T08:57:24+00:00,BNB,585.8,,,coingecko
2026-08-01T08:57:24+00:00,ADA,0.172612,,,coingecko
2026-08-01T08:57:24+00:00,LINK,8.12,,,coingecko
2026-08-01T08:57:24+00:00,AVAX,6.37,,,coingecko
2026-08-01T08:57:24+00:00,DOT,0.761743,,,coingecko
2026-08-01T08:57:24+00:00,MATIC,0.126156,,,coingecko
2026-08-01T08:57:24+00:00,LTC,44.37,,,coingecko
2026-08-01T08:57:47+00:00,BTC,63085.545,,,consenso
2026-08-01T08:57:47+00:00,ETH,1867.275,,,consenso
2026-08-01T08:57:47+00:00,SOL,73.04,,,consenso
2026-08-01T08:57:47+00:00,XRP,1.0629,,,consenso
2026-08-01T08:57:47+00:00,DOGE,0.06995,,,binance
2026-08-01T08:57:47+00:00,BNB,586.19,,,binance
2026-08-01T08:58:33+00:00,BTC,63085.545,,,consenso
2026-08-01T08:58:33+00:00,ETH,1867.275,,,consenso
2026-08-01T08:58:33+00:00,SOL,73.05,,,consenso
2026-08-01T08:58:33+00:00,XRP,1.0628,,,consenso
2026-08-01T08:58:33+00:00,DOGE,0.06995,,,binance
2026-08-01T08:58:33+00:00,BNB,586.01,,,binance
2026-08-01T09:00:29+00:00,BTC,63088.0,,,coingecko
2026-08-01T09:00:29+00:00,ETH,1867.53,,,coingecko
2026-08-01T09:00:29+00:00,SOL,72.98,,,coingecko
2026-08-01T09:00:29+00:00,XRP,1.062,,,coingecko
2026-08-01T09:00:29+00:00,DOGE,0.069888,,,coingecko
2026-08-01T09:00:29+00:00,BNB,585.57,,,coingecko
2026-08-01T09:00:29+00:00,ADA,0.17243,,,coingecko
2026-08-01T09:00:29+00:00,LINK,8.12,,,coingecko
2026-08-01T09:00:29+00:00,AVAX,6.37,,,coingecko
2026-08-01T09:00:29+00:00,DOT,0.761715,,,coingecko
2026-08-01T09:00:29+00:00,MATIC,0.126156,,,coingecko
2026-08-01T09:00:29+00:00,LTC,44.42,,,coingecko
2026-08-01T09:01:36+00:00,BTC,63076.0,,,coingecko
2026-08-01T09:01:36+00:00,ETH,1867.67,,,coingecko
2026-08-01T09:01:36+00:00,SOL,72.97,,,coingecko
2026-08-01T09:01:36+00:00,XRP,1.062,,,coingecko
2026-08-01T09:01:36+00:00,DOGE,0.069881,,,coingecko
2026-08-01T09:01:36+00:00,BNB,585.38,,,coingecko
2026-08-01T09:01:36+00:00,ADA,0.172453,,,coingecko
2026-08-01T09:01:36+00:00,LINK,8.12,,,coingecko
2026-08-01T09:01:36+00:00,AVAX,6.37,,,coingecko
2026-08-01T09:01:36+00:00,DOT,0.761289,,,coingecko
2026-08-01T09:01:36+00:00,MATIC,0.126156,,,coingecko
2026-08-01T09:01:36+00:00,LTC,44.42,,,coingecko
2026-08-01T09:02:40+00:00,BTC,63077.0,,,coingecko
2026-08-01T09:02:40+00:00,ETH,1867.81,,,coingecko
2026-08-01T09:02:40+00:00,SOL,73.0,,,coingecko
2026-08-01T09:02:40+00:00,XRP,1.062,,,coingecko
2026-08-01T09:02:40+00:00,DOGE,0.069892,,,coingecko
2026-08-01T09:02:40+00:00,BNB,585.43,,,coingecko
2026-08-01T09:02:40+00:00,ADA,0.172417,,,coingecko
2026-08-01T09:02:40+00:00,LINK,8.12,,,coingecko
2026-08-01T09:02:40+00:00,AVAX,6.37,,,coingecko
2026-08-01T09:02:40+00:00,DOT,0.76165,,,coingecko
2026-08-01T09:02:40+00:00,MATIC,0.126156,,,coingecko
2026-08-01T09:02:40+00:00,LTC,44.43,,,coingecko
2026-08-01T09:03:43+00:00,BTC,63080.0,,,coingecko
2026-08-01T09:03:43+00:00,ETH,1867.83,,,coingecko
2026-08-01T09:03:43+00:00,SOL,73.01,,,coingecko
2026-08-01T09:03:43+00:00,XRP,1.061,,,coingecko
2026-08-01T09:03:43+00:00,DOGE,0.069887,,,coingecko
2026-08-01T09:03:43+00:00,BNB,585.46,,,coingecko
2026-08-01T09:03:43+00:00,ADA,0.172458,,,coingecko
2026-08-01T09:03:43+00:00,LINK,8.12,,,coingecko
2026-08-01T09:03:43+00:00,AVAX,6.37,,,coingecko
2026-08-01T09:03:43+00:00,DOT,0.761794,,,coingecko
2026-08-01T09:03:43+00:00,MATIC,0.126156,,,coingecko
2026-08-01T09:03:43+00:00,LTC,44.44,,,coingecko
2026-08-01T09:04:47+00:00,BTC,63059.0,,,coingecko
2026-08-01T09:04:47+00:00,ETH,1867.36,,,coingecko
2026-08-01T09:04:47+00:00,SOL,72.97,,,coingecko
2026-08-01T09:04:47+00:00,XRP,1.061,,,coingecko
2026-08-01T09:04:47+00:00,DOGE,0.069831,,,coingecko
2026-08-01T09:04:47+00:00,BNB,585.23,,,coingecko
2026-08-01T09:04:47+00:00,ADA,0.172591,,,coingecko
2026-08-01T09:04:47+00:00,LINK,8.11,,,coingecko
2026-08-01T09:04:47+00:00,AVAX,6.36,,,coingecko
2026-08-01T09:04:47+00:00,DOT,0.76175,,,coingecko
2026-08-01T09:04:47+00:00,MATIC,0.126156,,,coingecko
2026-08-01T09:04:47+00:00,LTC,44.43,,,coingecko
2026-08-01T09:05:00+00:00,BTC,63064.305,,,consenso
2026-08-01T09:05:00+00:00,ETH,1867.205,,,consenso
2026-08-01T09:05:00+00:00,SOL,72.955,,,consenso
2026-08-01T09:05:00+00:00,XRP,1.06125,,,consenso
2026-08-01T09:05:00+00:00,DOGE,0.06989,,,binance
2026-08-01T09:05:00+00:00,BNB,585.75,,,binance
2026-08-01T09:05:51+00:00,BTC,63057.0,,,coingecko
2026-08-01T09:05:51+00:00,ETH,1867.22,,,coingecko
2026-08-01T09:05:51+00:00,SOL,72.96,,,coingecko
2026-08-01T09:05:51+00:00,XRP,1.061,,,coingecko
2026-08-01T09:05:51+00:00,DOGE,0.069829,,,coingecko
2026-08-01T09:05:51+00:00,BNB,585.18,,,coingecko
2026-08-01T09:05:51+00:00,ADA,0.172646,,,coingecko
2026-08-01T09:05:51+00:00,LINK,8.11,,,coingecko
2026-08-01T09:05:51+00:00,AVAX,6.36,,,coingecko
2026-08-01T09:05:51+00:00,DOT,0.761696,,,coingecko
2026-08-01T09:05:51+00:00,MATIC,0.126156,,,coingecko
2026-08-01T09:05:51+00:00,LTC,44.45,,,coingecko
2026-08-01T09:05:50+00:00,BTC,63064.305,,,consenso
2026-08-01T09:05:50+00:00,ETH,1867.205,,,consenso
2026-08-01T09:05:50+00:00,SOL,73.02,,,consenso
2026-08-01T09:05:50+00:00,XRP,1.0623,,,consenso
2026-08-01T09:05:50+00:00,DOGE,0.06987,,,binance
2026-08-01T09:05:50+00:00,BNB,585.61,,,binance
2026-08-01T09:06:30+00:00,BTC,63064.305,,,consenso
2026-08-01T09:06:30+00:00,ETH,1867.205,,,consenso
2026-08-01T09:06:30+00:00,SOL,73.01,,,consenso
2026-08-01T09:06:30+00:00,XRP,1.0623,,,consenso
2026-08-01T09:06:30+00:00,DOGE,0.06985,,,binance
2026-08-01T09:06:30+00:00,BNB,585.53,,,binance
2026-08-01T09:06:56+00:00,BTC,63065.0,,,coingecko
2026-08-01T09:06:56+00:00,ETH,1867.2,,,coingecko
2026-08-01T09:06:56+00:00,SOL,72.96,,,coingecko
2026-08-01T09:06:56+00:00,XRP,1.061,,,coingecko
2026-08-01T09:06:56+00:00,DOGE,0.069822,,,coingecko
2026-08-01T09:06:56+00:00,BNB,585.14,,,coingecko
2026-08-01T09:06:56+00:00,ADA,0.172578,,,coingecko
2026-08-01T09:06:56+00:00,LINK,8.11,,,coingecko
2026-08-01T09:06:56+00:00,AVAX,6.36,,,coingecko
2026-08-01T09:06:56+00:00,DOT,0.761605,,,coingecko
2026-08-01T09:06:56+00:00,MATIC,0.126156,,,coingecko
2026-08-01T09:06:56+00:00,LTC,44.45,,,coingecko
2026-08-01T09:07:59+00:00,BTC,63060.0,,,coingecko
2026-08-01T09:07:59+00:00,ETH,1866.81,,,coingecko
2026-08-01T09:07:59+00:00,SOL,72.95,,,coingecko
2026-08-01T09:07:59+00:00,XRP,1.061,,,coingecko
2026-08-01T09:07:59+00:00,DOGE,0.069799,,,coingecko
2026-08-01T09:07:59+00:00,BNB,585.0,,,coingecko
2026-08-01T09:07:59+00:00,ADA,0.172592,,,coingecko
2026-08-01T09:07:59+00:00,LINK,8.11,,,coingecko
2026-08-01T09:07:59+00:00,AVAX,6.36,,,coingecko
2026-08-01T09:07:59+00:00,DOT,0.760975,,,coingecko
2026-08-01T09:07:59+00:00,MATIC,0.126156,,,coingecko
2026-08-01T09:07:59+00:00,LTC,44.45,,,coingecko
2026-08-01T09:09:03+00:00,BTC,63060.0,,,coingecko
2026-08-01T09:09:03+00:00,ETH,1866.7,,,coingecko
2026-08-01T09:09:03+00:00,SOL,72.94,,,coingecko
2026-08-01T09:09:03+00:00,XRP,1.061,,,coingecko
2026-08-01T09:09:03+00:00,DOGE,0.069785,,,coingecko
2026-08-01T09:09:03+00:00,BNB,584.92,,,coingecko
2026-08-01T09:09:03+00:00,ADA,0.172381,,,coingecko
2026-08-01T09:09:03+00:00,LINK,8.11,,,coingecko
2026-08-01T09:09:03+00:00,AVAX,6.36,,,coingecko
2026-08-01T09:09:03+00:00,DOT,0.761031,,,coingecko
2026-08-01T09:09:03+00:00,MATIC,0.126156,,,coingecko
2026-08-01T09:09:03+00:00,LTC,44.45,,,coingecko
2026-08-01T09:10:07+00:00,BTC,63060.0,,,coingecko
2026-08-01T09:10:07+00:00,ETH,1866.62,,,coingecko
2026-08-01T09:10:07+00:00,SOL,72.94,,,coingecko
2026-08-01T09:10:07+00:00,XRP,1.061,,,coingecko
2026-08-01T09:10:07+00:00,DOGE,0.069777,,,coingecko
2026-08-01T09:10:07+00:00,BNB,584.86,,,coingecko
2026-08-01T09:10:07+00:00,ADA,0.172272,,,coingecko
2026-08-01T09:10:07+00:00,LINK,8.11,,,coingecko
2026-08-01T09:10:07+00:00,AVAX,6.36,,,coingecko
2026-08-01T09:10:07+00:00,DOT,0.760937,,,coingecko
2026-08-01T09:10:07+00:00,MATIC,0.126156,,,coingecko
2026-08-01T09:10:07+00:00,LTC,44.45,,,coingecko
2026-08-01T09:14:32+00:00,BTC,63068.0,,,coingecko
2026-08-01T09:14:32+00:00,ETH,1867.89,,,coingecko
2026-08-01T09:14:32+00:00,SOL,72.93,,,coingecko
2026-08-01T09:14:32+00:00,XRP,1.061,,,coingecko
2026-08-01T09:14:32+00:00,DOGE,0.069801,,,coingecko
2026-08-01T09:14:32+00:00,BNB,585.04,,,coingecko
2026-08-01T09:14:32+00:00,ADA,0.172482,,,coingecko
2026-08-01T09:14:32+00:00,LINK,8.11,,,coingecko
2026-08-01T09:14:32+00:00,AVAX,6.36,,,coingecko
2026-08-01T09:14:32+00:00,DOT,0.761699,,,coingecko
2026-08-01T09:14:32+00:00,MATIC,0.126156,,,coingecko
2026-08-01T09:14:32+00:00,LTC,44.42,,,coingecko
2026-08-01T09:15:38+00:00,BTC,63062.0,,,coingecko
2026-08-01T09:15:38+00:00,ETH,1867.74,,,coingecko
2026-08-01T09:15:38+00:00,SOL,72.92,,,coingecko
2026-08-01T09:15:38+00:00,XRP,1.062,,,coingecko
2026-08-01T09:15:38+00:00,DOGE,0.069811,,,coingecko
2026-08-01T09:15:38+00:00,BNB,584.98,,,coingecko
2026-08-01T09:15:38+00:00,ADA,0.1725,,,coingecko
2026-08-01T09:15:38+00:00,LINK,8.11,,,coingecko
2026-08-01T09:15:38+00:00,AVAX,6.36,,,coingecko
2026-08-01T09:15:38+00:00,DOT,0.761688,,,coingecko
2026-08-01T09:15:38+00:00,MATIC,0.126156,,,coingecko
2026-08-01T09:15:38+00:00,LTC,44.43,,,coingecko
2026-08-01T09:16:15+00:00,BTC,63064.445,,,consenso
2026-08-01T09:16:15+00:00,ETH,1868.885,,,consenso
2026-08-01T09:16:15+00:00,SOL,72.95,,,consenso
2026-08-01T09:16:15+00:00,XRP,1.06229,,,consenso
2026-08-01T09:16:15+00:00,DOGE,0.0699,,,binance
2026-08-01T09:16:15+00:00,BNB,585.95,,,binance
2026-08-01T09:16:44+00:00,BTC,63060.0,,,coingecko
2026-08-01T09:16:44+00:00,ETH,1867.92,,,coingecko
2026-08-01T09:16:44+00:00,SOL,72.92,,,coingecko
2026-08-01T09:16:44+00:00,XRP,1.062,,,coingecko
2026-08-01T09:16:44+00:00,DOGE,0.069823,,,coingecko
2026-08-01T09:16:44+00:00,BNB,585.04,,,coingecko
2026-08-01T09:16:44+00:00,ADA,0.172955,,,coingecko
2026-08-01T09:16:44+00:00,LINK,8.11,,,coingecko
2026-08-01T09:16:44+00:00,AVAX,6.36,,,coingecko
2026-08-01T09:16:44+00:00,DOT,0.761547,,,coingecko
2026-08-01T09:16:44+00:00,MATIC,0.126156,,,coingecko
2026-08-01T09:16:44+00:00,LTC,44.45,,,coingecko
2026-08-01T09:17:19+00:00,BTC,63064.445,,,consenso
2026-08-01T09:17:19+00:00,ETH,1868.885,,,consenso
2026-08-01T09:17:19+00:00,SOL,73.0,,,consenso
2026-08-01T09:17:19+00:00,XRP,1.0627,,,consenso
2026-08-01T09:17:19+00:00,DOGE,0.06989,,,binance
2026-08-01T09:17:19+00:00,BNB,585.95,,,binance
2026-08-01T09:17:49+00:00,BTC,63064.0,,,coingecko
2026-08-01T09:17:49+00:00,ETH,1868.2,,,coingecko
2026-08-01T09:17:49+00:00,SOL,72.94,,,coingecko
2026-08-01T09:17:49+00:00,XRP,1.062,,,coingecko
2026-08-01T09:17:49+00:00,DOGE,0.069836,,,coingecko
2026-08-01T09:17:49+00:00,BNB,585.18,,,coingecko
2026-08-01T09:17:49+00:00,ADA,0.173449,,,coingecko
2026-08-01T09:17:49+00:00,LINK,8.11,,,coingecko
2026-08-01T09:17:49+00:00,AVAX,6.36,,,coingecko
2026-08-01T09:17:49+00:00,DOT,0.762086,,,coingecko
2026-08-01T09:17:49+00:00,MATIC,0.126156,,,coingecko
2026-08-01T09:17:49+00:00,LTC,44.46,,,coingecko
2026-08-01T09:18:16+00:00,BTC,63064.445,,,consenso
2026-08-01T09:18:16+00:00,ETH,1868.885,,,consenso
2026-08-01T09:18:16+00:00,SOL,72.97,,,consenso
2026-08-01T09:18:16+00:00,XRP,1.0627,,,consenso
2026-08-01T09:18:16+00:00,DOGE,0.06984,,,binance
2026-08-01T09:18:16+00:00,BNB,585.44,,,binance
2026-08-01T09:18:52+00:00,BTC,63063.0,,,coingecko
2026-08-01T09:18:52+00:00,ETH,1868.61,,,coingecko
2026-08-01T09:18:52+00:00,SOL,72.92,,,coingecko
2026-08-01T09:18:52+00:00,XRP,1.062,,,coingecko
2026-08-01T09:18:52+00:00,DOGE,0.06982,,,coingecko
2026-08-01T09:18:52+00:00,BNB,585.34,,,coingecko
2026-08-01T09:18:52+00:00,ADA,0.173463,,,coingecko
2026-08-01T09:18:52+00:00,LINK,8.11,,,coingecko
2026-08-01T09:18:52+00:00,AVAX,6.36,,,coingecko
2026-08-01T09:18:52+00:00,DOT,0.762336,,,coingecko
2026-08-01T09:18:52+00:00,MATIC,0.126156,,,coingecko
2026-08-01T09:18:52+00:00,LTC,44.47,,,coingecko
2026-08-01T09:19:57+00:00,BTC,63047.0,,,coingecko
2026-08-01T09:19:57+00:00,ETH,1868.41,,,coingecko
2026-08-01T09:19:57+00:00,SOL,72.91,,,coingecko
2026-08-01T09:19:57+00:00,XRP,1.062,,,coingecko
2026-08-01T09:19:57+00:00,DOGE,0.069786,,,coingecko
2026-08-01T09:19:57+00:00,BNB,584.93,,,coingecko
2026-08-01T09:19:57+00:00,ADA,0.173496,,,coingecko
2026-08-01T09:19:57+00:00,LINK,8.11,,,coingecko
2026-08-01T09:19:57+00:00,AVAX,6.36,,,coingecko
2026-08-01T09:19:57+00:00,DOT,0.762295,,,coingecko
2026-08-01T09:19:57+00:00,MATIC,0.126156,,,coingecko
2026-08-01T09:19:57+00:00,LTC,44.47,,,coingecko
2026-08-01T09:21:07+00:00,BTC,63048.0,,,coingecko
2026-08-01T09:21:07+00:00,ETH,1868.29,,,coingecko
2026-08-01T09:21:07+00:00,SOL,72.9,,,coingecko
2026-08-01T09:21:07+00:00,XRP,1.062,,,coingecko
2026-08-01T09:21:07+00:00,DOGE,0.069784,,,coingecko
2026-08-01T09:21:07+00:00,BNB,584.87,,,coingecko
2026-08-01T09:21:07+00:00,ADA,0.173531,,,coingecko
2026-08-01T09:21:07+00:00,LINK,8.11,,,coingecko
2026-08-01T09:21:07+00:00,AVAX,6.36,,,coingecko
2026-08-01T09:21:07+00:00,DOT,0.762161,,,coingecko
2026-08-01T09:21:07+00:00,MATIC,0.126156,,,coingecko
2026-08-01T09:21:07+00:00,LTC,44.47,,,coingecko
2026-08-01T09:22:12+00:00,BTC,63052.0,,,coingecko
2026-08-01T09:22:12+00:00,ETH,1868.43,,,coingecko
2026-08-01T09:22:12+00:00,SOL,72.91,,,coingecko
2026-08-01T09:22:12+00:00,XRP,1.062,,,coingecko
2026-08-01T09:22:12+00:00,DOGE,0.06978,,,coingecko
2026-08-01T09:22:12+00:00,BNB,584.78,,,coingecko
2026-08-01T09:22:12+00:00,ADA,0.173512,,,coingecko
2026-08-01T09:22:12+00:00,LINK,8.11,,,coingecko
2026-08-01T09:22:12+00:00,AVAX,6.36,,,coingecko
2026-08-01T09:22:12+00:00,DOT,0.762172,,,coingecko
2026-08-01T09:22:12+00:00,MATIC,0.126156,,,coingecko
2026-08-01T09:22:12+00:00,LTC,44.47,,,coingecko
2026-08-01T09:23:16+00:00,BTC,63052.0,,,coingecko
2026-08-01T09:23:16+00:00,ETH,1868.15,,,coingecko
2026-08-01T09:23:16+00:00,SOL,72.91,,,coingecko
2026-08-01T09:23:16+00:00,XRP,1.061,,,coingecko
2026-08-01T09:23:16+00:00,DOGE,0.069791,,,coingecko
2026-08-01T09:23:16+00:00,BNB,584.79,,,coingecko
2026-08-01T09:23:16+00:00,ADA,0.17349,,,coingecko
2026-08-01T09:23:16+00:00,LINK,8.1,,,coingecko
2026-08-01T09:23:16+00:00,AVAX,6.36,,,coingecko
2026-08-01T09:23:16+00:00,DOT,0.762059,,,coingecko
2026-08-01T09:23:16+00:00,MATIC,0.126156,,,coingecko
2026-08-01T09:23:16+00:00,LTC,44.47,,,coingecko
2026-08-01T09:24:20+00:00,BTC,63058.0,,,coingecko
2026-08-01T09:24:20+00:00,ETH,1868.52,,,coingecko
2026-08-01T09:24:20+00:00,SOL,72.91,,,coingecko
2026-08-01T09:24:20+00:00,XRP,1.062,,,coingecko
2026-08-01T09:24:20+00:00,DOGE,0.069777,,,coingecko
2026-08-01T09:24:20+00:00,BNB,584.88,,,coingecko
2026-08-01T09:24:20+00:00,ADA,0.173453,,,coingecko
2026-08-01T09:24:20+00:00,LINK,8.11,,,coingecko
2026-08-01T09:24:20+00:00,AVAX,6.36,,,coingecko
2026-08-01T09:24:20+00:00,DOT,0.762195,,,coingecko
2026-08-01T09:24:20+00:00,MATIC,0.126156,,,coingecko
2026-08-01T09:24:20+00:00,LTC,44.47,,,coingecko
2026-08-01T09:25:18+00:00,BTC,63044.555,,,consenso
2026-08-01T09:25:18+00:00,ETH,1868.245,,,consenso
2026-08-01T09:25:18+00:00,SOL,72.91,,,consenso
2026-08-01T09:25:18+00:00,XRP,1.06125,,,consenso
2026-08-01T09:25:18+00:00,DOGE,0.06981,,,binance
2026-08-01T09:25:18+00:00,BNB,585.05,,,binance
2026-08-01T09:26:33+00:00,BTC,63044.555,,,consenso
2026-08-01T09:26:33+00:00,ETH,1868.245,,,consenso
2026-08-01T09:26:33+00:00,SOL,72.96,,,consenso
2026-08-01T09:26:33+00:00,XRP,1.062,,,consenso
2026-08-01T09:26:33+00:00,DOGE,0.0698,,,binance
2026-08-01T09:26:33+00:00,BNB,584.95,,,binance
2026-08-01T09:27:34+00:00,BTC,63051.0,,,coingecko
2026-08-01T09:27:34+00:00,ETH,1868.15,,,coingecko
2026-08-01T09:27:34+00:00,SOL,72.9,,,coingecko
2026-08-01T09:27:34+00:00,XRP,1.061,,,coingecko
2026-08-01T09:27:34+00:00,DOGE,0.069744,,,coingecko
2026-08-01T09:27:34+00:00,BNB,584.51,,,coingecko
2026-08-01T09:27:34+00:00,ADA,0.172957,,,coingecko
2026-08-01T09:27:34+00:00,LINK,8.1,,,coingecko
2026-08-01T09:27:34+00:00,AVAX,6.36,,,coingecko
2026-08-01T09:27:34+00:00,DOT,0.763987,,,coingecko
2026-08-01T09:27:34+00:00,MATIC,0.126156,,,coingecko
2026-08-01T09:27:34+00:00,LTC,44.43,,,coingecko
2026-08-01T09:27:48+00:00,BTC,63044.555,,,consenso
2026-08-01T09:27:48+00:00,ETH,1868.245,,,consenso
2026-08-01T09:27:48+00:00,SOL,72.96,,,consenso
2026-08-01T09:27:48+00:00,XRP,1.062,,,consenso
2026-08-01T09:27:48+00:00,DOGE,0.06982,,,binance
2026-08-01T09:27:48+00:00,BNB,585.05,,,binance
2026-08-01T09:28:39+00:00,BTC,63049.0,,,coingecko
2026-08-01T09:28:39+00:00,ETH,1868.11,,,coingecko
2026-08-01T09:28:39+00:00,SOL,72.89,,,coingecko
2026-08-01T09:28:39+00:00,XRP,1.061,,,coingecko
2026-08-01T09:28:39+00:00,DOGE,0.069751,,,coingecko
2026-08-01T09:28:39+00:00,BNB,584.49,,,coingecko
2026-08-01T09:28:39+00:00,ADA,0.172856,,,coingecko
2026-08-01T09:28:39+00:00,LINK,8.1,,,coingecko
2026-08-01T09:28:39+00:00,AVAX,6.36,,,coingecko
2026-08-01T09:28:39+00:00,DOT,0.763938,,,coingecko
2026-08-01T09:28:39+00:00,MATIC,0.126156,,,coingecko
2026-08-01T09:28:39+00:00,LTC,44.43,,,coingecko
2026-08-01T09:29:44+00:00,BTC,63049.0,,,coingecko
2026-08-01T09:29:44+00:00,ETH,1868.09,,,coingecko
2026-08-01T09:29:44+00:00,SOL,72.89,,,coingecko
2026-08-01T09:29:44+00:00,XRP,1.061,,,coingecko
2026-08-01T09:29:44+00:00,DOGE,0.069767,,,coingecko
2026-08-01T09:29:44+00:00,BNB,584.53,,,coingecko
2026-08-01T09:29:44+00:00,ADA,0.17286,,,coingecko
2026-08-01T09:29:44+00:00,LINK,8.1,,,coingecko
2026-08-01T09:29:44+00:00,AVAX,6.36,,,coingecko
2026-08-01T09:29:44+00:00,DOT,0.764221,,,coingecko
2026-08-01T09:29:44+00:00,MATIC,0.126156,,,coingecko
2026-08-01T09:29:44+00:00,LTC,44.43,,,coingecko
2026-08-01T09:30:47+00:00,BTC,63053.0,,,coingecko
2026-08-01T09:30:47+00:00,ETH,1868.05,,,coingecko
2026-08-01T09:30:47+00:00,SOL,72.89,,,coingecko
2026-08-01T09:30:47+00:00,XRP,1.061,,,coingecko
2026-08-01T09:30:47+00:00,DOGE,0.069756,,,coingecko
2026-08-01T09:30:47+00:00,BNB,584.5,,,coingecko
2026-08-01T09:30:47+00:00,ADA,0.172573,,,coingecko
2026-08-01T09:30:47+00:00,LINK,8.1,,,coingecko
2026-08-01T09:30:47+00:00,AVAX,6.36,,,coingecko
2026-08-01T09:30:47+00:00,DOT,0.764193,,,coingecko
2026-08-01T09:30:47+00:00,MATIC,0.126156,,,coingecko
2026-08-01T09:30:47+00:00,LTC,44.42,,,coingecko
2026-08-01T09:31:51+00:00,BTC,63054.0,,,coingecko
2026-08-01T09:31:51+00:00,ETH,1868.06,,,coingecko
2026-08-01T09:31:51+00:00,SOL,72.88,,,coingecko
2026-08-01T09:31:51+00:00,XRP,1.061,,,coingecko
2026-08-01T09:31:51+00:00,DOGE,0.069741,,,coingecko
2026-08-01T09:31:51+00:00,BNB,584.51,,,coingecko
2026-08-01T09:31:51+00:00,ADA,0.172405,,,coingecko
2026-08-01T09:31:51+00:00,LINK,8.1,,,coingecko
2026-08-01T09:31:51+00:00,AVAX,6.36,,,coingecko
2026-08-01T09:31:51+00:00,DOT,0.763785,,,coingecko
2026-08-01T09:31:51+00:00,MATIC,0.126156,,,coingecko
2026-08-01T09:31:51+00:00,LTC,44.42,,,coingecko
2026-08-01T09:32:55+00:00,BTC,63057.0,,,coingecko
2026-08-01T09:32:55+00:00,ETH,1868.26,,,coingecko
2026-08-01T09:32:55+00:00,SOL,72.88,,,coingecko
2026-08-01T09:32:55+00:00,XRP,1.061,,,coingecko
2026-08-01T09:32:55+00:00,DOGE,0.069747,,,coingecko
2026-08-01T09:32:55+00:00,BNB,584.73,,,coingecko
2026-08-01T09:32:55+00:00,ADA,0.172159,,,coingecko
2026-08-01T09:32:55+00:00,LINK,8.1,,,coingecko
2026-08-01T09:32:55+00:00,AVAX,6.36,,,coingecko
2026-08-01T09:32:55+00:00,DOT,0.763758,,,coingecko
2026-08-01T09:32:55+00:00,MATIC,0.126156,,,coingecko
2026-08-01T09:32:55+00:00,LTC,44.42,,,coingecko
2026-08-01T09:33:40+00:00,BTC,63057.765,,,consenso
2026-08-01T09:33:40+00:00,ETH,1868.355,,,consenso
2026-08-01T09:33:40+00:00,SOL,72.885,,,consenso
2026-08-01T09:33:40+00:00,XRP,1.0607,,,consenso
2026-08-01T09:33:40+00:00,DOGE,0.06986,,,binance
2026-08-01T09:33:40+00:00,BNB,585.28,,,binance
2026-08-01T09:34:01+00:00,BTC,63057.0,,,coingecko
2026-08-01T09:34:01+00:00,ETH,1868.3,,,coingecko
2026-08-01T09:34:01+00:00,SOL,72.88,,,coingecko
2026-08-01T09:34:01+00:00,XRP,1.061,,,coingecko
2026-08-01T09:34:01+00:00,DOGE,0.069768,,,coingecko
2026-08-01T09:34:01+00:00,BNB,584.82,,,coingecko
2026-08-01T09:34:01+00:00,ADA,0.172203,,,coingecko
2026-08-01T09:34:01+00:00,LINK,8.1,,,coingecko
2026-08-01T09:34:01+00:00,AVAX,6.36,,,coingecko
2026-08-01T09:34:01+00:00,DOT,0.763939,,,coingecko
2026-08-01T09:34:01+00:00,MATIC,0.126156,,,coingecko
2026-08-01T09:34:01+00:00,LTC,44.42,,,coingecko
2026-08-01T09:34:30+00:00,BTC,63057.765,,,consenso
2026-08-01T09:34:30+00:00,ETH,1868.355,,,consenso
2026-08-01T09:34:30+00:00,SOL,72.98,,,consenso
2026-08-01T09:34:30+00:00,XRP,1.062,,,consenso
2026-08-01T09:34:30+00:00,DOGE,0.06987,,,binance
2026-08-01T09:34:30+00:00,BNB,585.12,,,binance
2026-08-01T09:35:05+00:00,BTC,63057.0,,,coingecko
2026-08-01T09:35:05+00:00,ETH,1868.29,,,coingecko
2026-08-01T09:35:05+00:00,SOL,72.89,,,coingecko
2026-08-01T09:35:05+00:00,XRP,1.061,,,coingecko
2026-08-01T09:35:05+00:00,DOGE,0.069792,,,coingecko
2026-08-01T09:35:05+00:00,BNB,584.73,,,coingecko
2026-08-01T09:35:05+00:00,ADA,0.172217,,,coingecko
2026-08-01T09:35:05+00:00,LINK,8.1,,,coingecko
2026-08-01T09:35:05+00:00,AVAX,6.36,,,coingecko
2026-08-01T09:35:05+00:00,DOT,0.764196,,,coingecko
2026-08-01T09:35:05+00:00,MATIC,0.126156,,,coingecko
2026-08-01T09:35:05+00:00,LTC,44.43,,,coingecko
2026-08-01T09:35:18+00:00,BTC,63057.765,,,consenso
2026-08-01T09:35:18+00:00,ETH,1868.355,,,consenso
2026-08-01T09:35:18+00:00,SOL,72.98,,,consenso
2026-08-01T09:35:18+00:00,XRP,1.062,,,consenso
2026-08-01T09:35:18+00:00,DOGE,0.06985,,,binance
2026-08-01T09:35:18+00:00,BNB,584.91,,,binance
2026-08-01T09:36:10+00:00,BTC,63056.0,,,coingecko
2026-08-01T09:36:10+00:00,ETH,1868.32,,,coingecko
2026-08-01T09:36:10+00:00,SOL,72.91,,,coingecko
2026-08-01T09:36:10+00:00,XRP,1.061,,,coingecko
2026-08-01T09:36:10+00:00,DOGE,0.069799,,,coingecko
2026-08-01T09:36:10+00:00,BNB,584.58,,,coingecko
2026-08-01T09:36:10+00:00,ADA,0.172116,,,coingecko
2026-08-01T09:36:10+00:00,LINK,8.1,,,coingecko
2026-08-01T09:36:10+00:00,AVAX,6.36,,,coingecko
2026-08-01T09:36:10+00:00,DOT,0.765486,,,coingecko
2026-08-01T09:36:10+00:00,MATIC,0.126156,,,coingecko
2026-08-01T09:36:10+00:00,LTC,44.43,,,coingecko
2026-08-01T09:37:13+00:00,BTC,63051.0,,,coingecko
2026-08-01T09:37:13+00:00,ETH,1868.28,,,coingecko
2026-08-01T09:37:13+00:00,SOL,72.91,,,coingecko
2026-08-01T09:37:13+00:00,XRP,1.061,,,coingecko
2026-08-01T09:37:13+00:00,DOGE,0.069793,,,coingecko
2026-08-01T09:37:13+00:00,BNB,584.41,,,coingecko
2026-08-01T09:37:13+00:00,ADA,0.171999,,,coingecko
2026-08-01T09:37:13+00:00,LINK,8.1,,,coingecko
2026-08-01T09:37:13+00:00,AVAX,6.36,,,coingecko
2026-08-01T09:37:13+00:00,DOT,0.766257,,,coingecko
2026-08-01T09:37:13+00:00,MATIC,0.126156,,,coingecko
2026-08-01T09:37:13+00:00,LTC,44.43,,,coingecko
2026-08-01T09:40:48+00:00,BTC,63051.0,,,coingecko
2026-08-01T09:40:48+00:00,ETH,1868.72,,,coingecko
2026-08-01T09:40:48+00:00,SOL,72.91,,,coingecko
2026-08-01T09:40:48+00:00,XRP,1.061,,,coingecko
2026-08-01T09:40:48+00:00,DOGE,0.069838,,,coingecko
2026-08-01T09:40:48+00:00,BNB,584.58,,,coingecko
2026-08-01T09:40:48+00:00,ADA,0.171642,,,coingecko
2026-08-01T09:40:48+00:00,LINK,8.1,,,coingecko
2026-08-01T09:40:48+00:00,AVAX,6.36,,,coingecko
2026-08-01T09:40:48+00:00,DOT,0.765366,,,coingecko
2026-08-01T09:40:48+00:00,MATIC,0.126156,,,coingecko
2026-08-01T09:40:48+00:00,LTC,44.37,,,coingecko
2026-08-01T09:41:55+00:00,BTC,63051.0,,,coingecko
2026-08-01T09:41:55+00:00,ETH,1868.64,,,coingecko
2026-08-01T09:41:55+00:00,SOL,72.91,,,coingecko
2026-08-01T09:41:55+00:00,XRP,1.061,,,coingecko
2026-08-01T09:41:55+00:00,DOGE,0.069849,,,coingecko
2026-08-01T09:41:55+00:00,BNB,584.63,,,coingecko
2026-08-01T09:41:55+00:00,ADA,0.171728,,,coingecko
2026-08-01T09:41:55+00:00,LINK,8.1,,,coingecko
2026-08-01T09:41:55+00:00,AVAX,6.36,,,coingecko
2026-08-01T09:41:55+00:00,DOT,0.764766,,,coingecko
2026-08-01T09:41:55+00:00,MATIC,0.126156,,,coingecko
2026-08-01T09:41:55+00:00,LTC,44.35,,,coingecko
2026-08-01T09:42:22+00:00,BTC,63048.635,,,consenso
2026-08-01T09:42:22+00:00,ETH,1868.985,,,consenso
2026-08-01T09:42:22+00:00,SOL,72.91,,,consenso
2026-08-01T09:42:22+00:00,XRP,1.06121,,,consenso
2026-08-01T09:42:22+00:00,DOGE,0.06989,,,binance
2026-08-01T09:42:22+00:00,BNB,584.85,,,binance
2026-08-01T09:42:59+00:00,BTC,63051.0,,,coingecko
2026-08-01T09:42:59+00:00,ETH,1868.63,,,coingecko
2026-08-01T09:42:59+00:00,SOL,72.91,,,coingecko
2026-08-01T09:42:59+00:00,XRP,1.061,,,coingecko
2026-08-01T09:42:59+00:00,DOGE,0.069838,,,coingecko
2026-08-01T09:42:59+00:00,BNB,584.26,,,coingecko
2026-08-01T09:42:59+00:00,ADA,0.171804,,,coingecko
2026-08-01T09:42:59+00:00,LINK,8.1,,,coingecko
2026-08-01T09:42:59+00:00,AVAX,6.36,,,coingecko
2026-08-01T09:42:59+00:00,DOT,0.764827,,,coingecko
2026-08-01T09:42:59+00:00,MATIC,0.126156,,,coingecko
2026-08-01T09:42:59+00:00,LTC,44.34,,,coingecko
2026-08-01T09:43:15+00:00,BTC,63048.635,,,consenso
2026-08-01T09:43:15+00:00,ETH,1868.985,,,consenso
2026-08-01T09:43:15+00:00,SOL,72.98,,,consenso
2026-08-01T09:43:15+00:00,XRP,1.0621,,,consenso
2026-08-01T09:43:15+00:00,DOGE,0.06989,,,binance
2026-08-01T09:43:15+00:00,BNB,585.02,,,binance
2026-08-01T09:44:02+00:00,BTC,63052.0,,,coingecko
2026-08-01T09:44:02+00:00,ETH,1868.86,,,coingecko
2026-08-01T09:44:02+00:00,SOL,72.91,,,coingecko
2026-08-01T09:44:02+00:00,XRP,1.061,,,coingecko
2026-08-01T09:44:02+00:00,DOGE,0.069834,,,coingecko
2026-08-01T09:44:02+00:00,BNB,584.33,,,coingecko
2026-08-01T09:44:02+00:00,ADA,0.171736,,,coingecko
2026-08-01T09:44:02+00:00,LINK,8.1,,,coingecko
2026-08-01T09:44:02+00:00,AVAX,6.36,,,coingecko
2026-08-01T09:44:02+00:00,DOT,0.765203,,,coingecko
2026-08-01T09:44:02+00:00,MATIC,0.126156,,,coingecko
2026-08-01T09:44:02+00:00,LTC,44.34,,,coingecko
2026-08-01T09:44:01+00:00,BTC,63048.635,,,consenso
2026-08-01T09:44:01+00:00,ETH,1868.985,,,consenso
2026-08-01T09:44:01+00:00,SOL,72.98,,,consenso
2026-08-01T09:44:01+00:00,XRP,1.062,,,consenso
2026-08-01T09:44:01+00:00,DOGE,0.06988,,,binance
2026-08-01T09:44:01+00:00,BNB,584.94,,,binance
2026-08-01T09:45:05+00:00,BTC,63051.0,,,coingecko
2026-08-01T09:45:05+00:00,ETH,1868.72,,,coingecko
2026-08-01T09:45:05+00:00,SOL,72.91,,,coingecko
2026-08-01T09:45:05+00:00,XRP,1.061,,,coingecko
2026-08-01T09:45:05+00:00,DOGE,0.069829,,,coingecko
2026-08-01T09:45:05+00:00,BNB,584.42,,,coingecko
2026-08-01T09:45:05+00:00,ADA,0.171875,,,coingecko
2026-08-01T09:45:05+00:00,LINK,8.1,,,coingecko
2026-08-01T09:45:05+00:00,AVAX,6.36,,,coingecko
2026-08-01T09:45:05+00:00,DOT,0.76497,,,coingecko
2026-08-01T09:45:05+00:00,MATIC,0.126156,,,coingecko
2026-08-01T09:45:05+00:00,LTC,44.34,,,coingecko
2026-08-01T09:46:09+00:00,BTC,63048.0,,,coingecko
2026-08-01T09:46:09+00:00,ETH,1868.52,,,coingecko
2026-08-01T09:46:09+00:00,SOL,72.91,,,coingecko
2026-08-01T09:46:09+00:00,XRP,1.061,,,coingecko
2026-08-01T09:46:09+00:00,DOGE,0.069831,,,coingecko
2026-08-01T09:46:09+00:00,BNB,584.38,,,coingecko
2026-08-01T09:46:09+00:00,ADA,0.171888,,,coingecko
2026-08-01T09:46:09+00:00,LINK,8.1,,,coingecko
2026-08-01T09:46:09+00:00,AVAX,6.36,,,coingecko
2026-08-01T09:46:09+00:00,DOT,0.765046,,,coingecko
2026-08-01T09:46:09+00:00,MATIC,0.126156,,,coingecko
2026-08-01T09:46:09+00:00,LTC,44.34,,,coingecko
2026-08-01T09:47:15+00:00,BTC,63044.0,,,coingecko
2026-08-01T09:47:15+00:00,ETH,1868.23,,,coingecko
2026-08-01T09:47:15+00:00,SOL,72.9,,,coingecko
2026-08-01T09:47:15+00:00,XRP,1.061,,,coingecko
2026-08-01T09:47:15+00:00,DOGE,0.069823,,,coingecko
2026-08-01T09:47:15+00:00,BNB,584.37,,,coingecko
2026-08-01T09:47:15+00:00,ADA,0.172007,,,coingecko
2026-08-01T09:47:15+00:00,LINK,8.1,,,coingecko
2026-08-01T09:47:15+00:00,AVAX,6.36,,,coingecko
2026-08-01T09:47:15+00:00,DOT,0.764856,,,coingecko
2026-08-01T09:47:15+00:00,MATIC,0.126156,,,coingecko
2026-08-01T09:47:15+00:00,LTC,44.35,,,coingecko
2026-08-01T09:48:18+00:00,BTC,63044.0,,,coingecko
2026-08-01T09:48:18+00:00,ETH,1868.06,,,coingecko
2026-08-01T09:48:18+00:00,SOL,72.9,,,coingecko
2026-08-01T09:48:18+00:00,XRP,1.061,,,coingecko
2026-08-01T09:48:18+00:00,DOGE,0.06982,,,coingecko
2026-08-01T09:48:18+00:00,BNB,584.34,,,coingecko
2026-08-01T09:48:18+00:00,ADA,0.172204,,,coingecko
2026-08-01T09:48:18+00:00,LINK,8.1,,,coingecko
2026-08-01T09:48:18+00:00,AVAX,6.36,,,coingecko
2026-08-01T09:48:18+00:00,DOT,0.765332,,,coingecko
2026-08-01T09:48:18+00:00,MATIC,0.126156,,,coingecko
2026-08-01T09:48:18+00:00,LTC,44.36,,,coingecko
2026-08-01T09:49:22+00:00,BTC,63042.0,,,coingecko
2026-08-01T09:49:22+00:00,ETH,1867.77,,,coingecko
2026-08-01T09:49:22+00:00,SOL,72.89,,,coingecko
2026-08-01T09:49:22+00:00,XRP,1.061,,,coingecko
2026-08-01T09:49:22+00:00,DOGE,0.069802,,,coingecko
2026-08-01T09:49:22+00:00,BNB,584.26,,,coingecko
2026-08-01T09:49:22+00:00,ADA,0.172164,,,coingecko
2026-08-01T09:49:22+00:00,LINK,8.1,,,coingecko
2026-08-01T09:49:22+00:00,AVAX,6.36,,,coingecko
2026-08-01T09:49:22+00:00,DOT,0.764948,,,coingecko
2026-08-01T09:49:22+00:00,MATIC,0.126156,,,coingecko
2026-08-01T09:49:22+00:00,LTC,44.36,,,coingecko
2026-08-01T09:49:30+00:00,BTC,63021.525,,,consenso
2026-08-01T09:49:30+00:00,ETH,1867.375,,,consenso
2026-08-01T09:49:30+00:00,SOL,72.88,,,consenso
2026-08-01T09:49:30+00:00,XRP,1.0612,,,consenso
2026-08-01T09:49:30+00:00,DOGE,0.06984,,,binance
2026-08-01T09:49:30+00:00,BNB,584.59,,,binance
2026-08-01T09:50:24+00:00,BTC,63021.525,,,consenso
2026-08-01T09:50:24+00:00,ETH,1867.375,,,consenso
2026-08-01T09:50:24+00:00,SOL,72.92,,,consenso
2026-08-01T09:50:24+00:00,XRP,1.0618,,,consenso
2026-08-01T09:50:24+00:00,DOGE,0.06982,,,binance
2026-08-01T09:50:24+00:00,BNB,584.67,,,binance
2026-08-01T09:50:26+00:00,BTC,63034.0,,,coingecko
2026-08-01T09:50:26+00:00,ETH,1867.42,,,coingecko
2026-08-01T09:50:26+00:00,SOL,72.88,,,coingecko
2026-08-01T09:50:26+00:00,XRP,1.061,,,coingecko
2026-08-01T09:50:26+00:00,DOGE,0.069792,,,coingecko
2026-08-01T09:50:26+00:00,BNB,584.17,,,coingecko
2026-08-01T09:50:26+00:00,ADA,0.172167,,,coingecko
2026-08-01T09:50:26+00:00,LINK,8.1,,,coingecko
2026-08-01T09:50:26+00:00,AVAX,6.36,,,coingecko
2026-08-01T09:50:26+00:00,DOT,0.764822,,,coingecko
2026-08-01T09:50:26+00:00,MATIC,0.126156,,,coingecko
2026-08-01T09:50:26+00:00,LTC,44.36,,,coingecko
2026-08-01T09:51:10+00:00,BTC,63021.525,,,consenso
2026-08-01T09:51:10+00:00,ETH,1867.375,,,consenso
2026-08-01T09:51:10+00:00,SOL,72.93,,,consenso
2026-08-01T09:51:10+00:00,XRP,1.0617,,,consenso
2026-08-01T09:51:10+00:00,DOGE,0.06984,,,binance
2026-08-01T09:51:10+00:00,BNB,584.62,,,binance
2026-08-01T09:53:45+00:00,BTC,63020.0,,,coingecko
2026-08-01T09:53:45+00:00,ETH,1867.23,,,coingecko
2026-08-01T09:53:45+00:00,SOL,72.87,,,coingecko
2026-08-01T09:53:45+00:00,XRP,1.061,,,coingecko
2026-08-01T09:53:45+00:00,DOGE,0.069785,,,coingecko
2026-08-01T09:53:45+00:00,BNB,584.2,,,coingecko
2026-08-01T09:53:45+00:00,ADA,0.172036,,,coingecko
2026-08-01T09:53:45+00:00,LINK,8.1,,,coingecko
2026-08-01T09:53:45+00:00,AVAX,6.35,,,coingecko
2026-08-01T09:53:45+00:00,DOT,0.76491,,,coingecko
2026-08-01T09:53:45+00:00,MATIC,0.126156,,,coingecko
2026-08-01T09:53:45+00:00,LTC,44.36,,,coingecko
2026-08-01T09:54:52+00:00,BTC,63011.0,,,coingecko
2026-08-01T09:54:52+00:00,ETH,1867.14,,,coingecko
2026-08-01T09:54:52+00:00,SOL,72.85,,,coingecko
2026-08-01T09:54:52+00:00,XRP,1.061,,,coingecko
2026-08-01T09:54:52+00:00,DOGE,0.069781,,,coingecko
2026-08-01T09:54:52+00:00,BNB,584.04,,,coingecko
2026-08-01T09:54:52+00:00,ADA,0.171919,,,coingecko
2026-08-01T09:54:52+00:00,LINK,8.1,,,coingecko
2026-08-01T09:54:52+00:00,AVAX,6.35,,,coingecko
2026-08-01T09:54:52+00:00,DOT,0.764956,,,coingecko
2026-08-01T09:54:52+00:00,MATIC,0.126156,,,coingecko
2026-08-01T09:54:52+00:00,LTC,44.36,,,coingecko
2026-08-01T09:55:56+00:00,BTC,63003.0,,,coingecko
2026-08-01T09:55:56+00:00,ETH,1867.09,,,coingecko
2026-08-01T09:55:56+00:00,SOL,72.84,,,coingecko
2026-08-01T09:55:56+00:00,XRP,1.061,,,coingecko
2026-08-01T09:55:56+00:00,DOGE,0.069779,,,coingecko
2026-08-01T09:55:56+00:00,BNB,584.04,,,coingecko
2026-08-01T09:55:56+00:00,ADA,0.171898,,,coingecko
2026-08-01T09:55:56+00:00,LINK,8.1,,,coingecko
2026-08-01T09:55:56+00:00,AVAX,6.35,,,coingecko
2026-08-01T09:55:56+00:00,DOT,0.764945,,,coingecko
2026-08-01T09:55:56+00:00,MATIC,0.126156,,,coingecko
2026-08-01T09:55:56+00:00,LTC,44.37,,,coingecko
2026-08-01T09:57:00+00:00,BTC,62999.0,,,coingecko
2026-08-01T09:57:00+00:00,ETH,1866.44,,,coingecko
2026-08-01T09:57:00+00:00,SOL,72.83,,,coingecko
2026-08-01T09:57:00+00:00,XRP,1.061,,,coingecko
2026-08-01T09:57:00+00:00,DOGE,0.069763,,,coingecko
2026-08-01T09:57:00+00:00,BNB,583.54,,,coingecko
2026-08-01T09:57:00+00:00,ADA,0.171836,,,coingecko
2026-08-01T09:57:00+00:00,LINK,8.1,,,coingecko
2026-08-01T09:57:00+00:00,AVAX,6.35,,,coingecko
2026-08-01T09:57:00+00:00,DOT,0.764976,,,coingecko
2026-08-01T09:57:00+00:00,MATIC,0.126156,,,coingecko
2026-08-01T09:57:00+00:00,LTC,44.35,,,coingecko
2026-08-01T09:57:52+00:00,BTC,63005.585,,,consenso
2026-08-01T09:57:52+00:00,ETH,1866.995,,,consenso
2026-08-01T09:57:52+00:00,SOL,72.84,,,consenso
2026-08-01T09:57:52+00:00,XRP,1.061,,,consenso
2026-08-01T09:57:52+00:00,DOGE,0.06982,,,binance
2026-08-01T09:57:52+00:00,BNB,584.08,,,binance
2026-08-01T09:58:06+00:00,BTC,62995.0,,,coingecko
2026-08-01T09:58:06+00:00,ETH,1866.57,,,coingecko
2026-08-01T09:58:06+00:00,SOL,72.82,,,coingecko
2026-08-01T09:58:06+00:00,XRP,1.061,,,coingecko
2026-08-01T09:58:06+00:00,DOGE,0.069756,,,coingecko
2026-08-01T09:58:06+00:00,BNB,583.63,,,coingecko
2026-08-01T09:58:06+00:00,ADA,0.171947,,,coingecko
2026-08-01T09:58:06+00:00,LINK,8.1,,,coingecko
2026-08-01T09:58:06+00:00,AVAX,6.35,,,coingecko
2026-08-01T09:58:06+00:00,DOT,0.765046,,,coingecko
2026-08-01T09:58:06+00:00,MATIC,0.126156,,,coingecko
2026-08-01T09:58:06+00:00,LTC,44.33,,,coingecko
2026-08-01T09:58:45+00:00,BTC,63005.585,,,consenso
2026-08-01T09:58:45+00:00,ETH,1866.995,,,consenso
2026-08-01T09:58:45+00:00,SOL,72.9,,,consenso
2026-08-01T09:58:45+00:00,XRP,1.0618,,,consenso
2026-08-01T09:58:45+00:00,DOGE,0.06981,,,binance
2026-08-01T09:58:45+00:00,BNB,583.99,,,binance
2026-08-01T09:59:10+00:00,BTC,63011.0,,,coingecko
2026-08-01T09:59:10+00:00,ETH,1866.84,,,coingecko
2026-08-01T09:59:10+00:00,SOL,72.84,,,coingecko
2026-08-01T09:59:10+00:00,XRP,1.061,,,coingecko
2026-08-01T09:59:10+00:00,DOGE,0.069764,,,coingecko
2026-08-01T09:59:10+00:00,BNB,583.66,,,coingecko
2026-08-01T09:59:10+00:00,ADA,0.172074,,,coingecko
2026-08-01T09:59:10+00:00,LINK,8.1,,,coingecko
2026-08-01T09:59:10+00:00,AVAX,6.35,,,coingecko
2026-08-01T09:59:10+00:00,DOT,0.765611,,,coingecko
2026-08-01T09:59:10+00:00,MATIC,0.126156,,,coingecko
2026-08-01T09:59:10+00:00,LTC,44.34,,,coingecko
2026-08-01T09:59:30+00:00,BTC,63005.585,,,consenso
2026-08-01T09:59:30+00:00,ETH,1866.995,,,consenso
2026-08-01T09:59:30+00:00,SOL,72.89,,,consenso
2026-08-01T09:59:30+00:00,XRP,1.0613,,,consenso
2026-08-01T09:59:30+00:00,DOGE,0.0698,,,binance
2026-08-01T09:59:30+00:00,BNB,583.88,,,binance
2026-08-01T10:01:30+00:00,BTC,63001.0,,,coingecko
2026-08-01T10:01:30+00:00,ETH,1866.34,,,coingecko
2026-08-01T10:01:30+00:00,SOL,72.81,,,coingecko
2026-08-01T10:01:30+00:00,XRP,1.06,,,coingecko
2026-08-01T10:01:30+00:00,DOGE,0.069746,,,coingecko
2026-08-01T10:01:30+00:00,BNB,583.75,,,coingecko
2026-08-01T10:01:30+00:00,ADA,0.1719,,,coingecko
2026-08-01T10:01:30+00:00,LINK,8.1,,,coingecko
2026-08-01T10:01:30+00:00,AVAX,6.34,,,coingecko
2026-08-01T10:01:30+00:00,DOT,0.765717,,,coingecko
2026-08-01T10:01:30+00:00,MATIC,0.126156,,,coingecko
2026-08-01T10:01:30+00:00,LTC,44.34,,,coingecko
2026-08-01T10:02:33+00:00,BTC,63031.0,,,coingecko
2026-08-01T10:02:33+00:00,ETH,1866.06,,,coingecko
2026-08-01T10:02:33+00:00,SOL,72.77,,,coingecko
2026-08-01T10:02:33+00:00,XRP,1.06,,,coingecko
2026-08-01T10:02:33+00:00,DOGE,0.069755,,,coingecko
2026-08-01T10:02:33+00:00,BNB,583.2,,,coingecko
2026-08-01T10:02:33+00:00,ADA,0.172033,,,coingecko
2026-08-01T10:02:33+00:00,LINK,8.09,,,coingecko
2026-08-01T10:02:33+00:00,AVAX,6.34,,,coingecko
2026-08-01T10:02:33+00:00,DOT,0.764318,,,coingecko
2026-08-01T10:02:33+00:00,MATIC,0.126156,,,coingecko
2026-08-01T10:02:33+00:00,LTC,44.34,,,coingecko
2026-08-01T10:03:37+00:00,BTC,62997.0,,,coingecko
2026-08-01T10:03:37+00:00,ETH,1865.3,,,coingecko
2026-08-01T10:03:37+00:00,SOL,72.71,,,coingecko
2026-08-01T10:03:37+00:00,XRP,1.06,,,coingecko
2026-08-01T10:03:37+00:00,DOGE,0.069698,,,coingecko
2026-08-01T10:03:37+00:00,BNB,582.88,,,coingecko
2026-08-01T10:03:37+00:00,ADA,0.171979,,,coingecko
2026-08-01T10:03:37+00:00,LINK,8.09,,,coingecko
2026-08-01T10:03:37+00:00,AVAX,6.34,,,coingecko
2026-08-01T10:03:37+00:00,DOT,0.763743,,,coingecko
2026-08-01T10:03:37+00:00,MATIC,0.126156,,,coingecko
2026-08-01T10:03:37+00:00,LTC,44.33,,,coingecko
2026-08-01T10:05:12+00:00,BTC,62928.475,,,consenso
2026-08-01T10:05:12+00:00,ETH,1861.995,,,consenso
2026-08-01T10:05:12+00:00,SOL,72.635,,,consenso
2026-08-01T10:05:12+00:00,XRP,1.0592,,,consenso
2026-08-01T10:05:12+00:00,DOGE,0.06964,,,binance
2026-08-01T10:05:12+00:00,BNB,583.03,,,binance
2026-08-01T10:06:40+00:00,BTC,62928.475,,,consenso
2026-08-01T10:06:40+00:00,ETH,1861.995,,,consenso
2026-08-01T10:06:40+00:00,SOL,72.72,,,consenso
2026-08-01T10:06:40+00:00,XRP,1.0609,,,consenso
2026-08-01T10:06:40+00:00,DOGE,0.06968,,,binance
2026-08-01T10:06:40+00:00,BNB,583.3,,,binance
2026-08-01T10:07:06+00:00,BTC,62944.0,,,coingecko
2026-08-01T10:07:06+00:00,ETH,1862.81,,,coingecko
2026-08-01T10:07:06+00:00,SOL,72.65,,,coingecko
2026-08-01T10:07:06+00:00,XRP,1.06,,,coingecko
2026-08-01T10:07:06+00:00,DOGE,0.069597,,,coingecko
2026-08-01T10:07:06+00:00,BNB,582.61,,,coingecko
2026-08-01T10:07:06+00:00,ADA,0.172001,,,coingecko
2026-08-01T10:07:06+00:00,LINK,8.09,,,coingecko
2026-08-01T10:07:06+00:00,AVAX,6.33,,,coingecko
2026-08-01T10:07:06+00:00,DOT,0.761408,,,coingecko
2026-08-01T10:07:06+00:00,MATIC,0.126156,,,coingecko
2026-08-01T10:07:06+00:00,LTC,44.28,,,coingecko
2026-08-01T10:07:46+00:00,BTC,62928.475,,,consenso
2026-08-01T10:07:46+00:00,ETH,1861.995,,,consenso
2026-08-01T10:07:46+00:00,SOL,72.77,,,consenso
2026-08-01T10:07:46+00:00,XRP,1.0611,,,consenso
2026-08-01T10:07:46+00:00,DOGE,0.06968,,,binance
2026-08-01T10:07:46+00:00,BNB,583.18,,,binance
2026-08-01T10:08:12+00:00,BTC,62948.0,,,coingecko
2026-08-01T10:08:12+00:00,ETH,1862.76,,,coingecko
2026-08-01T10:08:12+00:00,SOL,72.67,,,coingecko
2026-08-01T10:08:12+00:00,XRP,1.06,,,coingecko
2026-08-01T10:08:12+00:00,DOGE,0.069625,,,coingecko
2026-08-01T10:08:12+00:00,BNB,582.76,,,coingecko
2026-08-01T10:08:12+00:00,ADA,0.172137,,,coingecko
2026-08-01T10:08:12+00:00,LINK,8.09,,,coingecko
2026-08-01T10:08:12+00:00,AVAX,6.33,,,coingecko
2026-08-01T10:08:12+00:00,DOT,0.761861,,,coingecko
2026-08-01T10:08:12+00:00,MATIC,0.126156,,,coingecko
2026-08-01T10:08:12+00:00,LTC,44.3,,,coingecko
2026-08-01T10:09:16+00:00,BTC,62946.0,,,coingecko
2026-08-01T10:09:16+00:00,ETH,1862.44,,,coingecko
2026-08-01T10:09:16+00:00,SOL,72.7,,,coingecko
2026-08-01T10:09:16+00:00,XRP,1.06,,,coingecko
2026-08-01T10:09:16+00:00,DOGE,0.069619,,,coingecko
2026-08-01T10:09:16+00:00,BNB,582.76,,,coingecko
2026-08-01T10:09:16+00:00,ADA,0.172235,,,coingecko
2026-08-01T10:09:16+00:00,LINK,8.09,,,coingecko
2026-08-01T10:09:16+00:00,AVAX,6.33,,,coingecko
2026-08-01T10:09:16+00:00,DOT,0.762141,,,coingecko
2026-08-01T10:09:16+00:00,MATIC,0.126156,,,coingecko
2026-08-01T10:09:16+00:00,LTC,44.31,,,coingecko
2026-08-01T10:10:20+00:00,BTC,62943.0,,,coingecko
2026-08-01T10:10:20+00:00,ETH,1862.38,,,coingecko
2026-08-01T10:10:20+00:00,SOL,72.7,,,coingecko
2026-08-01T10:10:20+00:00,XRP,1.06,,,coingecko
2026-08-01T10:10:20+00:00,DOGE,0.069627,,,coingecko
2026-08-01T10:10:20+00:00,BNB,582.63,,,coingecko
2026-08-01T10:10:20+00:00,ADA,0.172271,,,coingecko
2026-08-01T10:10:20+00:00,LINK,8.09,,,coingecko
2026-08-01T10:10:20+00:00,AVAX,6.33,,,coingecko
2026-08-01T10:10:20+00:00,DOT,0.762109,,,coingecko
2026-08-01T10:10:20+00:00,MATIC,0.126156,,,coingecko
2026-08-01T10:10:20+00:00,LTC,44.32,,,coingecko
2026-08-01T10:11:25+00:00,BTC,62946.0,,,coingecko
2026-08-01T10:11:25+00:00,ETH,1862.54,,,coingecko
2026-08-01T10:11:25+00:00,SOL,72.7,,,coingecko
2026-08-01T10:11:25+00:00,XRP,1.06,,,coingecko
2026-08-01T10:11:25+00:00,DOGE,0.069627,,,coingecko
2026-08-01T10:11:25+00:00,BNB,582.48,,,coingecko
2026-08-01T10:11:25+00:00,ADA,0.172263,,,coingecko
2026-08-01T10:11:25+00:00,LINK,8.09,,,coingecko
2026-08-01T10:11:25+00:00,AVAX,6.33,,,coingecko
2026-08-01T10:11:25+00:00,DOT,0.762482,,,coingecko
2026-08-01T10:11:25+00:00,MATIC,0.126156,,,coingecko
2026-08-01T10:11:25+00:00,LTC,44.32,,,coingecko
2026-08-01T10:12:31+00:00,BTC,62936.0,,,coingecko
2026-08-01T10:12:31+00:00,ETH,1862.24,,,coingecko
2026-08-01T10:12:31+00:00,SOL,72.7,,,coingecko
2026-08-01T10:12:31+00:00,XRP,1.06,,,coingecko
2026-08-01T10:12:31+00:00,DOGE,0.069628,,,coingecko
2026-08-01T10:12:31+00:00,BNB,582.15,,,coingecko
2026-08-01T10:12:31+00:00,ADA,0.172241,,,coingecko
2026-08-01T10:12:31+00:00,LINK,8.09,,,coingecko
2026-08-01T10:12:31+00:00,AVAX,6.34,,,coingecko
2026-08-01T10:12:31+00:00,DOT,0.762828,,,coingecko
2026-08-01T10:12:31+00:00,MATIC,0.126156,,,coingecko
2026-08-01T10:12:31+00:00,LTC,44.34,,,coingecko
2026-08-01T10:13:38+00:00,BTC,62953.0,,,coingecko
2026-08-01T10:13:38+00:00,ETH,1862.86,,,coingecko
2026-08-01T10:13:38+00:00,SOL,72.73,,,coingecko
2026-08-01T10:13:38+00:00,XRP,1.061,,,coingecko
2026-08-01T10:13:38+00:00,DOGE,0.069657,,,coingecko
2026-08-01T10:13:38+00:00,BNB,582.15,,,coingecko
2026-08-01T10:13:38+00:00,ADA,0.172344,,,coingecko
2026-08-01T10:13:38+00:00,LINK,8.09,,,coingecko
2026-08-01T10:13:38+00:00,AVAX,6.34,,,coingecko
2026-08-01T10:13:38+00:00,DOT,0.762981,,,coingecko
2026-08-01T10:13:38+00:00,MATIC,0.126156,,,coingecko
2026-08-01T10:13:38+00:00,LTC,44.37,,,coingecko
2026-08-01T10:14:42+00:00,BTC,62956.0,,,coingecko
2026-08-01T10:14:42+00:00,ETH,1862.98,,,coingecko
2026-08-01T10:14:42+00:00,SOL,72.73,,,coingecko
2026-08-01T10:14:42+00:00,XRP,1.061,,,coingecko
2026-08-01T10:14:42+00:00,DOGE,0.069661,,,coingecko
2026-08-01T10:14:42+00:00,BNB,582.15,,,coingecko
2026-08-01T10:14:42+00:00,ADA,0.172371,,,coingecko
2026-08-01T10:14:42+00:00,LINK,8.09,,,coingecko
2026-08-01T10:14:42+00:00,AVAX,6.34,,,coingecko
2026-08-01T10:14:42+00:00,DOT,0.763165,,,coingecko
2026-08-01T10:14:42+00:00,MATIC,0.126156,,,coingecko
2026-08-01T10:14:42+00:00,LTC,44.39,,,coingecko
2026-08-01T10:15:48+00:00,BTC,62955.0,,,coingecko
2026-08-01T10:15:48+00:00,ETH,1862.83,,,coingecko
2026-08-01T10:15:48+00:00,SOL,72.74,,,coingecko
2026-08-01T10:15:48+00:00,XRP,1.061,,,coingecko
2026-08-01T10:15:48+00:00,DOGE,0.069646,,,coingecko
2026-08-01T10:15:48+00:00,BNB,582.1,,,coingecko
2026-08-01T10:15:48+00:00,ADA,0.172343,,,coingecko
2026-08-01T10:15:48+00:00,LINK,8.09,,,coingecko
2026-08-01T10:15:48+00:00,AVAX,6.34,,,coingecko
2026-08-01T10:15:48+00:00,DOT,0.763153,,,coingecko
2026-08-01T10:15:48+00:00,MATIC,0.126156,,,coingecko
2026-08-01T10:15:48+00:00,LTC,44.36,,,coingecko
2026-08-01T10:16:26+00:00,BTC,62955.435,,,consenso
2026-08-01T10:16:26+00:00,ETH,1862.945,,,consenso
2026-08-01T10:16:26+00:00,SOL,72.76,,,consenso
2026-08-01T10:16:26+00:00,XRP,1.0609,,,consenso
2026-08-01T10:16:26+00:00,DOGE,0.06972,,,binance
2026-08-01T10:16:26+00:00,BNB,582.5,,,binance
2026-08-01T10:16:54+00:00,BTC,62951.0,,,coingecko
2026-08-01T10:16:54+00:00,ETH,1862.7,,,coingecko
2026-08-01T10:16:54+00:00,SOL,72.74,,,coingecko
2026-08-01T10:16:54+00:00,XRP,1.061,,,coingecko
2026-08-01T10:16:54+00:00,DOGE,0.069647,,,coingecko
2026-08-01T10:16:54+00:00,BNB,582.15,,,coingecko
2026-08-01T10:16:54+00:00,ADA,0.172136,,,coingecko
2026-08-01T10:16:54+00:00,LINK,8.09,,,coingecko
2026-08-01T10:16:54+00:00,AVAX,6.33,,,coingecko
2026-08-01T10:16:54+00:00,DOT,0.762933,,,coingecko
2026-08-01T10:16:54+00:00,MATIC,0.126156,,,coingecko
2026-08-01T10:16:54+00:00,LTC,44.34,,,coingecko
2026-08-01T10:17:33+00:00,BTC,62955.435,,,consenso
2026-08-01T10:17:33+00:00,ETH,1862.945,,,consenso
2026-08-01T10:17:33+00:00,SOL,72.83,,,consenso
2026-08-01T10:17:33+00:00,XRP,1.062,,,consenso
2026-08-01T10:17:33+00:00,DOGE,0.06972,,,binance
2026-08-01T10:17:33+00:00,BNB,582.46,,,binance
2026-08-01T10:18:26+00:00,BTC,62955.435,,,consenso
2026-08-01T10:18:26+00:00,ETH,1862.945,,,consenso
2026-08-01T10:18:26+00:00,SOL,72.86,,,consenso
2026-08-01T10:18:26+00:00,XRP,1.0628,,,consenso
2026-08-01T10:18:26+00:00,DOGE,0.06978,,,binance
2026-08-01T10:18:26+00:00,BNB,583.02,,,binance
2026-08-01T10:20:21+00:00,BTC,63000.0,,,coingecko
2026-08-01T10:20:21+00:00,ETH,1863.68,,,coingecko
2026-08-01T10:20:21+00:00,SOL,72.81,,,coingecko
2026-08-01T10:20:21+00:00,XRP,1.062,,,coingecko
2026-08-01T10:20:21+00:00,DOGE,0.069712,,,coingecko
2026-08-01T10:20:21+00:00,BNB,582.44,,,coingecko
2026-08-01T10:20:21+00:00,ADA,0.172353,,,coingecko
2026-08-01T10:20:21+00:00,LINK,8.1,,,coingecko
2026-08-01T10:20:21+00:00,AVAX,6.34,,,coingecko
2026-08-01T10:20:21+00:00,DOT,0.7629,,,coingecko
2026-08-01T10:20:21+00:00,MATIC,0.126156,,,coingecko
2026-08-01T10:20:21+00:00,LTC,44.35,,,coingecko
2026-08-01T10:21:29+00:00,BTC,63006.0,,,coingecko
2026-08-01T10:21:29+00:00,ETH,1863.87,,,coingecko
2026-08-01T10:21:29+00:00,SOL,72.82,,,coingecko
2026-08-01T10:21:29+00:00,XRP,1.062,,,coingecko
2026-08-01T10:21:29+00:00,DOGE,0.069732,,,coingecko
2026-08-01T10:21:29+00:00,BNB,582.73,,,coingecko
2026-08-01T10:21:29+00:00,ADA,0.172542,,,coingecko
2026-08-01T10:21:29+00:00,LINK,8.1,,,coingecko
2026-08-01T10:21:29+00:00,AVAX,6.34,,,coingecko
2026-08-01T10:21:29+00:00,DOT,0.762896,,,coingecko
2026-08-01T10:21:29+00:00,MATIC,0.126156,,,coingecko
2026-08-01T10:21:29+00:00,LTC,44.36,,,coingecko
2026-08-01T10:22:33+00:00,BTC,63005.0,,,coingecko
2026-08-01T10:22:33+00:00,ETH,1863.98,,,coingecko
2026-08-01T10:22:33+00:00,SOL,72.8,,,coingecko
2026-08-01T10:22:33+00:00,XRP,1.062,,,coingecko
2026-08-01T10:22:33+00:00,DOGE,0.069703,,,coingecko
2026-08-01T10:22:33+00:00,BNB,582.56,,,coingecko
2026-08-01T10:22:33+00:00,ADA,0.172482,,,coingecko
2026-08-01T10:22:33+00:00,LINK,8.1,,,coingecko
2026-08-01T10:22:33+00:00,AVAX,6.34,,,coingecko
2026-08-01T10:22:33+00:00,DOT,0.762711,,,coingecko
2026-08-01T10:22:33+00:00,MATIC,0.126156,,,coingecko
2026-08-01T10:22:33+00:00,LTC,44.33,,,coingecko
2026-08-01T10:23:36+00:00,BTC,63008.0,,,coingecko
2026-08-01T10:23:36+00:00,ETH,1863.98,,,coingecko
2026-08-01T10:23:36+00:00,SOL,72.81,,,coingecko
2026-08-01T10:23:36+00:00,XRP,1.062,,,coingecko
2026-08-01T10:23:36+00:00,DOGE,0.069708,,,coingecko
2026-08-01T10:23:36+00:00,BNB,582.47,,,coingecko
2026-08-01T10:23:36+00:00,ADA,0.172454,,,coingecko
2026-08-01T10:23:36+00:00,LINK,8.1,,,coingecko
2026-08-01T10:23:36+00:00,AVAX,6.34,,,coingecko
2026-08-01T10:23:36+00:00,DOT,0.762737,,,coingecko
2026-08-01T10:23:36+00:00,MATIC,0.126156,,,coingecko
2026-08-01T10:23:36+00:00,LTC,44.33,,,coingecko
2026-08-01T10:24:40+00:00,BTC,63009.0,,,coingecko
2026-08-01T10:24:40+00:00,ETH,1863.87,,,coingecko
2026-08-01T10:24:40+00:00,SOL,72.81,,,coingecko
2026-08-01T10:24:40+00:00,XRP,1.062,,,coingecko
2026-08-01T10:24:40+00:00,DOGE,0.069722,,,coingecko
2026-08-01T10:24:40+00:00,BNB,582.5,,,coingecko
2026-08-01T10:24:40+00:00,ADA,0.172408,,,coingecko
2026-08-01T10:24:40+00:00,LINK,8.1,,,coingecko
2026-08-01T10:24:40+00:00,AVAX,6.34,,,coingecko
2026-08-01T10:24:40+00:00,DOT,0.762869,,,coingecko
2026-08-01T10:24:40+00:00,MATIC,0.126156,,,coingecko
2026-08-01T10:24:40+00:00,LTC,44.33,,,coingecko
2026-08-01T10:25:29+00:00,BTC,62978.145,,,consenso
2026-08-01T10:25:29+00:00,ETH,1863.605,,,consenso
2026-08-01T10:25:29+00:00,SOL,72.79,,,consenso
2026-08-01T10:25:29+00:00,XRP,1.0619,,,consenso
2026-08-01T10:25:29+00:00,DOGE,0.06971,,,binance
2026-08-01T10:25:29+00:00,BNB,582.54,,,binance
2026-08-01T10:25:44+00:00,BTC,63005.0,,,coingecko
2026-08-01T10:25:44+00:00,ETH,1863.75,,,coingecko
2026-08-01T10:25:44+00:00,SOL,72.81,,,coingecko
2026-08-01T10:25:44+00:00,XRP,1.062,,,coingecko
2026-08-01T10:25:44+00:00,DOGE,0.069707,,,coingecko
2026-08-01T10:25:44+00:00,BNB,582.46,,,coingecko
2026-08-01T10:25:44+00:00,ADA,0.172213,,,coingecko
2026-08-01T10:25:44+00:00,LINK,8.1,,,coingecko
2026-08-01T10:25:44+00:00,AVAX,6.34,,,coingecko
2026-08-01T10:25:44+00:00,DOT,0.762645,,,coingecko
2026-08-01T10:25:44+00:00,MATIC,0.126156,,,coingecko
2026-08-01T10:25:44+00:00,LTC,44.3,,,coingecko
2026-08-01T10:26:25+00:00,BTC,62978.145,,,consenso
2026-08-01T10:26:25+00:00,ETH,1863.605,,,consenso
2026-08-01T10:26:25+00:00,SOL,72.83,,,consenso
2026-08-01T10:26:25+00:00,XRP,1.0627,,,consenso
2026-08-01T10:26:25+00:00,DOGE,0.06972,,,binance
2026-08-01T10:26:25+00:00,BNB,582.59,,,binance
2026-08-01T10:26:50+00:00,BTC,62991.0,,,coingecko
2026-08-01T10:26:50+00:00,ETH,1863.77,,,coingecko
2026-08-01T10:26:50+00:00,SOL,72.79,,,coingecko
2026-08-01T10:26:50+00:00,XRP,1.062,,,coingecko
2026-08-01T10:26:50+00:00,DOGE,0.069667,,,coingecko
2026-08-01T10:26:50+00:00,BNB,582.12,,,coingecko
2026-08-01T10:26:50+00:00,ADA,0.172173,,,coingecko
2026-08-01T10:26:50+00:00,LINK,8.09,,,coingecko
2026-08-01T10:26:50+00:00,AVAX,6.34,,,coingecko
2026-08-01T10:26:50+00:00,DOT,0.762017,,,coingecko
2026-08-01T10:26:50+00:00,MATIC,0.126156,,,coingecko
2026-08-01T10:26:50+00:00,LTC,44.24,,,coingecko
2026-08-01T10:27:12+00:00,BTC,62978.145,,,consenso
2026-08-01T10:27:12+00:00,ETH,1863.605,,,consenso
2026-08-01T10:27:12+00:00,SOL,72.84,,,consenso
2026-08-01T10:27:12+00:00,XRP,1.0627,,,consenso
2026-08-01T10:27:12+00:00,DOGE,0.06972,,,binance
2026-08-01T10:27:12+00:00,BNB,582.43,,,binance
2026-08-01T10:27:53+00:00,BTC,62988.0,,,coingecko
2026-08-01T10:27:53+00:00,ETH,1863.7,,,coingecko
2026-08-01T10:27:53+00:00,SOL,72.78,,,coingecko
2026-08-01T10:27:53+00:00,XRP,1.062,,,coingecko
2026-08-01T10:27:53+00:00,DOGE,0.069666,,,coingecko
2026-08-01T10:27:53+00:00,BNB,582.11,,,coingecko
2026-08-01T10:27:53+00:00,ADA,0.172125,,,coingecko
2026-08-01T10:27:53+00:00,LINK,8.09,,,coingecko
2026-08-01T10:27:53+00:00,AVAX,6.33,,,coingecko
2026-08-01T10:27:53+00:00,DOT,0.761928,,,coingecko
2026-08-01T10:27:53+00:00,MATIC,0.126156,,,coingecko
2026-08-01T10:27:53+00:00,LTC,44.25,,,coingecko
2026-08-01T10:28:57+00:00,BTC,62989.0,,,coingecko
2026-08-01T10:28:57+00:00,ETH,1863.58,,,coingecko
2026-08-01T10:28:57+00:00,SOL,72.77,,,coingecko
2026-08-01T10:28:57+00:00,XRP,1.062,,,coingecko
2026-08-01T10:28:57+00:00,DOGE,0.069665,,,coingecko
2026-08-01T10:28:57+00:00,BNB,582.07,,,coingecko
2026-08-01T10:28:57+00:00,ADA,0.172088,,,coingecko
2026-08-01T10:28:57+00:00,LINK,8.09,,,coingecko
2026-08-01T10:28:57+00:00,AVAX,6.33,,,coingecko
2026-08-01T10:28:57+00:00,DOT,0.761912,,,coingecko
2026-08-01T10:28:57+00:00,MATIC,0.126156,,,coingecko
2026-08-01T10:28:57+00:00,LTC,44.24,,,coingecko
2026-08-01T10:30:00+00:00,BTC,62981.0,,,coingecko
2026-08-01T10:30:00+00:00,ETH,1863.46,,,coingecko
2026-08-01T10:30:00+00:00,SOL,72.76,,,coingecko
2026-08-01T10:30:00+00:00,XRP,1.062,,,coingecko
2026-08-01T10:30:00+00:00,DOGE,0.069675,,,coingecko
2026-08-01T10:30:00+00:00,BNB,581.91,,,coingecko
2026-08-01T10:30:00+00:00,ADA,0.172057,,,coingecko
2026-08-01T10:30:00+00:00,LINK,8.09,,,coingecko
2026-08-01T10:30:00+00:00,AVAX,6.33,,,coingecko
2026-08-01T10:30:00+00:00,DOT,0.761755,,,coingecko
2026-08-01T10:30:00+00:00,MATIC,0.126156,,,coingecko
2026-08-01T10:30:00+00:00,LTC,44.24,,,coingecko
2026-08-01T10:33:48+00:00,BTC,62998.0,,,coingecko
2026-08-01T10:33:48+00:00,ETH,1863.8,,,coingecko
2026-08-01T10:33:48+00:00,SOL,72.75,,,coingecko
2026-08-01T10:33:48+00:00,XRP,1.062,,,coingecko
2026-08-01T10:33:48+00:00,DOGE,0.069623,,,coingecko
2026-08-01T10:33:48+00:00,BNB,581.72,,,coingecko
2026-08-01T10:33:48+00:00,ADA,0.171956,,,coingecko
2026-08-01T10:33:48+00:00,LINK,8.09,,,coingecko
2026-08-01T10:33:48+00:00,AVAX,6.32,,,coingecko
2026-08-01T10:33:48+00:00,DOT,0.761769,,,coingecko
2026-08-01T10:33:48+00:00,MATIC,0.126156,,,coingecko
2026-08-01T10:33:48+00:00,LTC,44.2,,,coingecko
2026-08-01T10:34:53+00:00,BTC,62998.0,,,coingecko
2026-08-01T10:34:53+00:00,ETH,1863.94,,,coingecko
2026-08-01T10:34:53+00:00,SOL,72.75,,,coingecko
2026-08-01T10:34:53+00:00,XRP,1.062,,,coingecko
2026-08-01T10:34:53+00:00,DOGE,0.069628,,,coingecko
2026-08-01T10:34:53+00:00,BNB,581.81,,,coingecko
2026-08-01T10:34:53+00:00,ADA,0.17201,,,coingecko
2026-08-01T10:34:53+00:00,LINK,8.09,,,coingecko
2026-08-01T10:34:53+00:00,AVAX,6.32,,,coingecko
2026-08-01T10:34:53+00:00,DOT,0.761861,,,coingecko
2026-08-01T10:34:53+00:00,MATIC,0.126156,,,coingecko
2026-08-01T10:34:53+00:00,LTC,44.2,,,coingecko
2026-08-01T10:34:54+00:00,BTC,62978.835,,,consenso
2026-08-01T10:34:54+00:00,ETH,1863.705,,,consenso
2026-08-01T10:34:54+00:00,SOL,72.75,,,consenso
2026-08-01T10:34:54+00:00,XRP,1.0619,,,consenso
2026-08-01T10:34:54+00:00,DOGE,0.06974,,,binance
2026-08-01T10:34:54+00:00,BNB,582.15,,,binance
2026-08-01T10:35:44+00:00,BTC,62978.835,,,consenso
2026-08-01T10:35:44+00:00,ETH,1863.705,,,consenso
2026-08-01T10:35:44+00:00,SOL,72.82,,,consenso
2026-08-01T10:35:44+00:00,XRP,1.0629,,,consenso
2026-08-01T10:35:44+00:00,DOGE,0.06972,,,binance
2026-08-01T10:35:44+00:00,BNB,582.11,,,binance
2026-08-01T10:35:56+00:00,BTC,62991.0,,,coingecko
2026-08-01T10:35:56+00:00,ETH,1863.64,,,coingecko
2026-08-01T10:35:56+00:00,SOL,72.75,,,coingecko
2026-08-01T10:35:56+00:00,XRP,1.062,,,coingecko
2026-08-01T10:35:56+00:00,DOGE,0.069669,,,coingecko
2026-08-01T10:35:56+00:00,BNB,581.59,,,coingecko
2026-08-01T10:35:56+00:00,ADA,0.171998,,,coingecko
2026-08-01T10:35:56+00:00,LINK,8.09,,,coingecko
2026-08-01T10:35:56+00:00,AVAX,6.32,,,coingecko
2026-08-01T10:35:56+00:00,DOT,0.761734,,,coingecko
2026-08-01T10:35:56+00:00,MATIC,0.126156,,,coingecko
2026-08-01T10:35:56+00:00,LTC,44.2,,,coingecko
2026-08-01T10:36:29+00:00,BTC,62978.835,,,consenso
2026-08-01T10:36:29+00:00,ETH,1863.705,,,consenso
2026-08-01T10:36:29+00:00,SOL,72.8,,,consenso
2026-08-01T10:36:29+00:00,XRP,1.0628,,,consenso
2026-08-01T10:36:29+00:00,DOGE,0.06967,,,binance
2026-08-01T10:36:29+00:00,BNB,582.15,,,binance
2026-08-01T10:36:59+00:00,BTC,62987.0,,,coingecko
2026-08-01T10:36:59+00:00,ETH,1863.28,,,coingecko
2026-08-01T10:36:59+00:00,SOL,72.75,,,coingecko
2026-08-01T10:36:59+00:00,XRP,1.062,,,coingecko
2026-08-01T10:36:59+00:00,DOGE,0.06965,,,coingecko
2026-08-01T10:36:59+00:00,BNB,581.61,,,coingecko
2026-08-01T10:36:59+00:00,ADA,0.172013,,,coingecko
2026-08-01T10:36:59+00:00,LINK,8.09,,,coingecko
2026-08-01T10:36:59+00:00,AVAX,6.32,,,coingecko
2026-08-01T10:36:59+00:00,DOT,0.761715,,,coingecko
2026-08-01T10:36:59+00:00,MATIC,0.126156,,,coingecko
2026-08-01T10:36:59+00:00,LTC,44.21,,,coingecko
2026-08-01T10:38:02+00:00,BTC,62987.0,,,coingecko
2026-08-01T10:38:02+00:00,ETH,1863.02,,,coingecko
2026-08-01T10:38:02+00:00,SOL,72.75,,,coingecko
2026-08-01T10:38:02+00:00,XRP,1.062,,,coingecko
2026-08-01T10:38:02+00:00,DOGE,0.069631,,,coingecko
2026-08-01T10:38:02+00:00,BNB,581.63,,,coingecko
2026-08-01T10:38:02+00:00,ADA,0.171932,,,coingecko
2026-08-01T10:38:02+00:00,LINK,8.09,,,coingecko
2026-08-01T10:38:02+00:00,AVAX,6.32,,,coingecko
2026-08-01T10:38:02+00:00,DOT,0.761688,,,coingecko
2026-08-01T10:38:02+00:00,MATIC,0.126156,,,coingecko
2026-08-01T10:38:02+00:00,LTC,44.21,,,coingecko
2026-08-01T10:39:06+00:00,BTC,62984.0,,,coingecko
2026-08-01T10:39:06+00:00,ETH,1862.92,,,coingecko
2026-08-01T10:39:06+00:00,SOL,72.74,,,coingecko
2026-08-01T10:39:06+00:00,XRP,1.062,,,coingecko
2026-08-01T10:39:06+00:00,DOGE,0.069636,,,coingecko
2026-08-01T10:39:06+00:00,BNB,581.59,,,coingecko
2026-08-01T10:39:06+00:00,ADA,0.171925,,,coingecko
2026-08-01T10:39:06+00:00,LINK,8.09,,,coingecko
2026-08-01T10:39:06+00:00,AVAX,6.32,,,coingecko
2026-08-01T10:39:06+00:00,DOT,0.76168,,,coingecko
2026-08-01T10:39:06+00:00,MATIC,0.126156,,,coingecko
2026-08-01T10:39:06+00:00,LTC,44.2,,,coingecko
2026-08-01T10:40:12+00:00,BTC,62967.0,,,coingecko
2026-08-01T10:40:12+00:00,ETH,1862.76,,,coingecko
2026-08-01T10:40:12+00:00,SOL,72.75,,,coingecko
2026-08-01T10:40:12+00:00,XRP,1.062,,,coingecko
2026-08-01T10:40:12+00:00,DOGE,0.069613,,,coingecko
2026-08-01T10:40:12+00:00,BNB,581.36,,,coingecko
2026-08-01T10:40:12+00:00,ADA,0.171798,,,coingecko
2026-08-01T10:40:12+00:00,LINK,8.09,,,coingecko
2026-08-01T10:40:12+00:00,AVAX,6.32,,,coingecko
2026-08-01T10:40:12+00:00,DOT,0.761669,,,coingecko
2026-08-01T10:40:12+00:00,MATIC,0.126156,,,coingecko
2026-08-01T10:40:12+00:00,LTC,44.2,,,coingecko
2026-08-01T10:41:17+00:00,BTC,62978.0,,,coingecko
2026-08-01T10:41:17+00:00,ETH,1863.06,,,coingecko
2026-08-01T10:41:17+00:00,SOL,72.75,,,coingecko
2026-08-01T10:41:17+00:00,XRP,1.062,,,coingecko
2026-08-01T10:41:17+00:00,DOGE,0.069626,,,coingecko
2026-08-01T10:41:17+00:00,BNB,581.35,,,coingecko
2026-08-01T10:41:17+00:00,ADA,0.171436,,,coingecko
2026-08-01T10:41:17+00:00,LINK,8.09,,,coingecko
2026-08-01T10:41:17+00:00,AVAX,6.32,,,coingecko
2026-08-01T10:41:17+00:00,DOT,0.761711,,,coingecko
2026-08-01T10:41:17+00:00,MATIC,0.126156,,,coingecko
2026-08-01T10:41:17+00:00,LTC,44.2,,,coingecko
2026-08-01T10:42:21+00:00,BTC,62980.0,,,coingecko
2026-08-01T10:42:21+00:00,ETH,1863.13,,,coingecko
2026-08-01T10:42:21+00:00,SOL,72.74,,,coingecko
2026-08-01T10:42:21+00:00,XRP,1.062,,,coingecko
2026-08-01T10:42:21+00:00,DOGE,0.069635,,,coingecko
2026-08-01T10:42:21+00:00,BNB,581.34,,,coingecko
2026-08-01T10:42:21+00:00,ADA,0.171435,,,coingecko
2026-08-01T10:42:21+00:00,LINK,8.09,,,coingecko
2026-08-01T10:42:21+00:00,AVAX,6.32,,,coingecko
2026-08-01T10:42:21+00:00,DOT,0.761782,,,coingecko
2026-08-01T10:42:21+00:00,MATIC,0.126156,,,coingecko
2026-08-01T10:42:21+00:00,LTC,44.2,,,coingecko
2026-08-01T10:42:34+00:00,BTC,62996.265,,,consenso
2026-08-01T10:42:34+00:00,ETH,1863.615,,,consenso
2026-08-01T10:42:34+00:00,SOL,72.78,,,consenso
2026-08-01T10:42:34+00:00,XRP,1.06215,,,consenso
2026-08-01T10:42:34+00:00,DOGE,0.06973,,,binance
2026-08-01T10:42:34+00:00,BNB,582.07,,,binance
2026-08-01T10:43:25+00:00,BTC,62979.0,,,coingecko
2026-08-01T10:43:25+00:00,ETH,1863.13,,,coingecko
2026-08-01T10:43:25+00:00,SOL,72.75,,,coingecko
2026-08-01T10:43:25+00:00,XRP,1.062,,,coingecko
2026-08-01T10:43:25+00:00,DOGE,0.069638,,,coingecko
2026-08-01T10:43:25+00:00,BNB,581.31,,,coingecko
2026-08-01T10:43:25+00:00,ADA,0.171475,,,coingecko
2026-08-01T10:43:25+00:00,LINK,8.09,,,coingecko
2026-08-01T10:43:25+00:00,AVAX,6.32,,,coingecko
2026-08-01T10:43:25+00:00,DOT,0.761725,,,coingecko
2026-08-01T10:43:25+00:00,MATIC,0.126156,,,coingecko
2026-08-01T10:43:25+00:00,LTC,44.22,,,coingecko
2026-08-01T10:43:23+00:00,BTC,62996.265,,,consenso
2026-08-01T10:43:23+00:00,ETH,1863.615,,,consenso
2026-08-01T10:43:23+00:00,SOL,72.86,,,consenso
2026-08-01T10:43:23+00:00,XRP,1.0636,,,consenso
2026-08-01T10:43:23+00:00,DOGE,0.06975,,,binance
2026-08-01T10:43:23+00:00,BNB,582.17,,,binance
2026-08-01T10:44:11+00:00,BTC,62996.265,,,consenso
2026-08-01T10:44:11+00:00,ETH,1863.615,,,consenso
2026-08-01T10:44:11+00:00,SOL,72.89,,,consenso
2026-08-01T10:44:11+00:00,XRP,1.0638,,,consenso
2026-08-01T10:44:11+00:00,DOGE,0.06975,,,binance
2026-08-01T10:44:11+00:00,BNB,582.18,,,binance
2026-08-01T10:46:47+00:00,BTC,63005.0,,,coingecko
2026-08-01T10:46:47+00:00,ETH,1865.76,,,coingecko
2026-08-01T10:46:47+00:00,SOL,72.81,,,coingecko
2026-08-01T10:46:47+00:00,XRP,1.063,,,coingecko
2026-08-01T10:46:47+00:00,DOGE,0.069675,,,coingecko
2026-08-01T10:46:47+00:00,BNB,581.79,,,coingecko
2026-08-01T10:46:47+00:00,ADA,0.171598,,,coingecko
2026-08-01T10:46:47+00:00,LINK,8.1,,,coingecko
2026-08-01T10:46:47+00:00,AVAX,6.33,,,coingecko
2026-08-01T10:46:47+00:00,DOT,0.762697,,,coingecko
2026-08-01T10:46:47+00:00,MATIC,0.126156,,,coingecko
2026-08-01T10:46:47+00:00,LTC,44.23,,,coingecko
2026-08-01T10:47:52+00:00,BTC,63006.0,,,coingecko
2026-08-01T10:47:52+00:00,ETH,1865.72,,,coingecko
2026-08-01T10:47:52+00:00,SOL,72.82,,,coingecko
2026-08-01T10:47:52+00:00,XRP,1.062,,,coingecko
2026-08-01T10:47:52+00:00,DOGE,0.06967,,,coingecko
2026-08-01T10:47:52+00:00,BNB,581.73,,,coingecko
2026-08-01T10:47:52+00:00,ADA,0.171669,,,coingecko
2026-08-01T10:47:52+00:00,LINK,8.09,,,coingecko
2026-08-01T10:47:52+00:00,AVAX,6.33,,,coingecko
2026-08-01T10:47:52+00:00,DOT,0.76265,,,coingecko
2026-08-01T10:47:52+00:00,MATIC,0.126156,,,coingecko
2026-08-01T10:47:52+00:00,LTC,44.25,,,coingecko
2026-08-01T10:48:56+00:00,BTC,62995.0,,,coingecko
2026-08-01T10:48:56+00:00,ETH,1865.58,,,coingecko
2026-08-01T10:48:56+00:00,SOL,72.78,,,coingecko
2026-08-01T10:48:56+00:00,XRP,1.062,,,coingecko
2026-08-01T10:48:56+00:00,DOGE,0.069659,,,coingecko
2026-08-01T10:48:56+00:00,BNB,581.42,,,coingecko
2026-08-01T10:48:56+00:00,ADA,0.171657,,,coingecko
2026-08-01T10:48:56+00:00,LINK,8.09,,,coingecko
2026-08-01T10:48:56+00:00,AVAX,6.33,,,coingecko
2026-08-01T10:48:56+00:00,DOT,0.762228,,,coingecko
2026-08-01T10:48:56+00:00,MATIC,0.126156,,,coingecko
2026-08-01T10:48:56+00:00,LTC,44.25,,,coingecko
2026-08-01T10:50:00+00:00,BTC,62983.0,,,coingecko
2026-08-01T10:50:00+00:00,ETH,1865.25,,,coingecko
2026-08-01T10:50:00+00:00,SOL,72.76,,,coingecko
2026-08-01T10:50:00+00:00,XRP,1.062,,,coingecko
2026-08-01T10:50:00+00:00,DOGE,0.069653,,,coingecko
2026-08-01T10:50:00+00:00,BNB,581.16,,,coingecko
2026-08-01T10:50:00+00:00,ADA,0.171611,,,coingecko
2026-08-01T10:50:00+00:00,LINK,8.09,,,coingecko
2026-08-01T10:50:00+00:00,AVAX,6.33,,,coingecko
2026-08-01T10:50:00+00:00,DOT,0.762116,,,coingecko
2026-08-01T10:50:00+00:00,MATIC,0.126156,,,coingecko
2026-08-01T10:50:00+00:00,LTC,44.26,,,coingecko
2026-08-01T10:50:54+00:00,BTC,62986.425,,,consenso
2026-08-01T10:50:54+00:00,ETH,1866.045,,,consenso
2026-08-01T10:50:54+00:00,SOL,72.78,,,consenso
2026-08-01T10:50:54+00:00,XRP,1.06165,,,consenso
2026-08-01T10:50:54+00:00,DOGE,0.06972,,,binance
2026-08-01T10:50:54+00:00,BNB,581.51,,,binance
2026-08-01T10:51:07+00:00,BTC,62997.0,,,coingecko
2026-08-01T10:51:07+00:00,ETH,1866.16,,,coingecko
2026-08-01T10:51:07+00:00,SOL,72.8,,,coingecko
2026-08-01T10:51:07+00:00,XRP,1.062,,,coingecko
2026-08-01T10:51:07+00:00,DOGE,0.069673,,,coingecko
2026-08-01T10:51:07+00:00,BNB,581.25,,,coingecko
2026-08-01T10:51:07+00:00,ADA,0.171831,,,coingecko
2026-08-01T10:51:07+00:00,LINK,8.09,,,coingecko
2026-08-01T10:51:07+00:00,AVAX,6.34,,,coingecko
2026-08-01T10:51:07+00:00,DOT,0.762475,,,coingecko
2026-08-01T10:51:07+00:00,MATIC,0.126156,,,coingecko
2026-08-01T10:51:07+00:00,LTC,44.29,,,coingecko
2026-08-01T10:51:47+00:00,BTC,62986.425,,,consenso
2026-08-01T10:51:47+00:00,ETH,1866.045,,,consenso
2026-08-01T10:51:47+00:00,SOL,72.86,,,consenso
2026-08-01T10:51:47+00:00,XRP,1.0626,,,consenso
2026-08-01T10:51:47+00:00,DOGE,0.06975,,,binance
2026-08-01T10:51:47+00:00,BNB,581.32,,,binance
2026-08-01T10:52:11+00:00,BTC,62998.0,,,coingecko
2026-08-01T10:52:11+00:00,ETH,1866.06,,,coingecko
2026-08-01T10:52:11+00:00,SOL,72.79,,,coingecko
2026-08-01T10:52:11+00:00,XRP,1.062,,,coingecko
2026-08-01T10:52:11+00:00,DOGE,0.069652,,,coingecko
2026-08-01T10:52:11+00:00,BNB,581.02,,,coingecko
2026-08-01T10:52:11+00:00,ADA,0.171723,,,coingecko
2026-08-01T10:52:11+00:00,LINK,8.09,,,coingecko
2026-08-01T10:52:11+00:00,AVAX,6.33,,,coingecko
2026-08-01T10:52:11+00:00,DOT,0.762324,,,coingecko
2026-08-01T10:52:11+00:00,MATIC,0.126156,,,coingecko
2026-08-01T10:52:11+00:00,LTC,44.28,,,coingecko
2026-08-01T10:52:31+00:00,BTC,62986.425,,,consenso
2026-08-01T10:52:31+00:00,ETH,1866.045,,,consenso
2026-08-01T10:52:31+00:00,SOL,72.85,,,consenso
2026-08-01T10:52:31+00:00,XRP,1.0624,,,consenso
2026-08-01T10:52:31+00:00,DOGE,0.06976,,,binance
2026-08-01T10:52:31+00:00,BNB,581.14,,,binance
2026-08-01T10:53:16+00:00,BTC,62996.0,,,coingecko
2026-08-01T10:53:16+00:00,ETH,1866.04,,,coingecko
2026-08-01T10:53:16+00:00,SOL,72.79,,,coingecko
2026-08-01T10:53:16+00:00,XRP,1.062,,,coingecko
2026-08-01T10:53:16+00:00,DOGE,0.069684,,,coingecko
2026-08-01T10:53:16+00:00,BNB,580.93,,,coingecko
2026-08-01T10:53:16+00:00,ADA,0.171699,,,coingecko
2026-08-01T10:53:16+00:00,LINK,8.09,,,coingecko
2026-08-01T10:53:16+00:00,AVAX,6.34,,,coingecko
2026-08-01T10:53:16+00:00,DOT,0.762089,,,coingecko
2026-08-01T10:53:16+00:00,MATIC,0.126156,,,coingecko
2026-08-01T10:53:16+00:00,LTC,44.28,,,coingecko
2026-08-01T10:54:20+00:00,BTC,62997.0,,,coingecko
2026-08-01T10:54:20+00:00,ETH,1866.09,,,coingecko
2026-08-01T10:54:20+00:00,SOL,72.79,,,coingecko
2026-08-01T10:54:20+00:00,XRP,1.062,,,coingecko
2026-08-01T10:54:20+00:00,DOGE,0.0697,,,coingecko
2026-08-01T10:54:20+00:00,BNB,580.79,,,coingecko
2026-08-01T10:54:20+00:00,ADA,0.171753,,,coingecko
2026-08-01T10:54:20+00:00,LINK,8.09,,,coingecko
2026-08-01T10:54:20+00:00,AVAX,6.34,,,coingecko
2026-08-01T10:54:20+00:00,DOT,0.762071,,,coingecko
2026-08-01T10:54:20+00:00,MATIC,0.126156,,,coingecko
2026-08-01T10:54:20+00:00,LTC,44.28,,,coingecko
2026-08-01T10:55:23+00:00,BTC,62995.0,,,coingecko
2026-08-01T10:55:23+00:00,ETH,1866.07,,,coingecko
2026-08-01T10:55:23+00:00,SOL,72.78,,,coingecko
2026-08-01T10:55:23+00:00,XRP,1.062,,,coingecko
2026-08-01T10:55:23+00:00,DOGE,0.069725,,,coingecko
2026-08-01T10:55:23+00:00,BNB,580.68,,,coingecko
2026-08-01T10:55:23+00:00,ADA,0.17178,,,coingecko
2026-08-01T10:55:23+00:00,LINK,8.09,,,coingecko
2026-08-01T10:55:23+00:00,AVAX,6.34,,,coingecko
2026-08-01T10:55:23+00:00,DOT,0.762205,,,coingecko
2026-08-01T10:55:23+00:00,MATIC,0.126156,,,coingecko
2026-08-01T10:55:23+00:00,LTC,44.27,,,coingecko
2026-08-01T10:56:27+00:00,BTC,62996.0,,,coingecko
2026-08-01T10:56:27+00:00,ETH,1866.26,,,coingecko
2026-08-01T10:56:27+00:00,SOL,72.79,,,coingecko
2026-08-01T10:56:27+00:00,XRP,1.062,,,coingecko
2026-08-01T10:56:27+00:00,DOGE,0.069754,,,coingecko
2026-08-01T10:56:27+00:00,BNB,580.66,,,coingecko
2026-08-01T10:56:27+00:00,ADA,0.171887,,,coingecko
2026-08-01T10:56:27+00:00,LINK,8.09,,,coingecko
2026-08-01T10:56:27+00:00,AVAX,6.34,,,coingecko
2026-08-01T10:56:27+00:00,DOT,0.762226,,,coingecko
2026-08-01T10:56:27+00:00,MATIC,0.126156,,,coingecko
2026-08-01T10:56:27+00:00,LTC,44.28,,,coingecko
2026-08-01T10:58:02+00:00,BTC,62988.095,,,consenso
2026-08-01T10:58:02+00:00,ETH,1865.575,,,consenso
2026-08-01T10:58:02+00:00,SOL,72.78,,,consenso
2026-08-01T10:58:02+00:00,XRP,1.0615,,,consenso
2026-08-01T10:58:02+00:00,DOGE,0.06982,,,binance
2026-08-01T10:58:02+00:00,BNB,580.49,,,binance
2026-08-01T10:59:20+00:00,BTC,62988.095,,,consenso
2026-08-01T10:59:20+00:00,ETH,1865.575,,,consenso
2026-08-01T10:59:20+00:00,SOL,72.83,,,consenso
2026-08-01T10:59:20+00:00,XRP,1.0625,,,consenso
2026-08-01T10:59:20+00:00,DOGE,0.06981,,,binance
2026-08-01T10:59:20+00:00,BNB,580.65,,,binance
2026-08-01T10:59:56+00:00,BTC,62995.0,,,coingecko
2026-08-01T10:59:56+00:00,ETH,1865.46,,,coingecko
2026-08-01T10:59:56+00:00,SOL,72.76,,,coingecko
2026-08-01T10:59:56+00:00,XRP,1.062,,,coingecko
2026-08-01T10:59:56+00:00,DOGE,0.069751,,,coingecko
2026-08-01T10:59:56+00:00,BNB,580.06,,,coingecko
2026-08-01T10:59:56+00:00,ADA,0.171956,,,coingecko
2026-08-01T10:59:56+00:00,LINK,8.09,,,coingecko
2026-08-01T10:59:56+00:00,AVAX,6.34,,,coingecko
2026-08-01T10:59:56+00:00,DOT,0.761917,,,coingecko
2026-08-01T10:59:56+00:00,MATIC,0.126156,,,coingecko
2026-08-01T10:59:56+00:00,LTC,44.28,,,coingecko
2026-08-01T11:00:22+00:00,BTC,62988.095,,,consenso
2026-08-01T11:00:22+00:00,ETH,1865.575,,,consenso
2026-08-01T11:00:22+00:00,SOL,72.84,,,consenso
2026-08-01T11:00:22+00:00,XRP,1.0628,,,consenso
2026-08-01T11:00:22+00:00,DOGE,0.06983,,,binance
2026-08-01T11:00:22+00:00,BNB,581.07,,,binance
2026-08-01T11:01:01+00:00,BTC,62995.0,,,coingecko
2026-08-01T11:01:01+00:00,ETH,1865.53,,,coingecko
2026-08-01T11:01:01+00:00,SOL,72.77,,,coingecko
2026-08-01T11:01:01+00:00,XRP,1.062,,,coingecko
2026-08-01T11:01:01+00:00,DOGE,0.069749,,,coingecko
2026-08-01T11:01:01+00:00,BNB,580.04,,,coingecko
2026-08-01T11:01:01+00:00,ADA,0.172058,,,coingecko
2026-08-01T11:01:01+00:00,LINK,8.09,,,coingecko
2026-08-01T11:01:01+00:00,AVAX,6.34,,,coingecko
2026-08-01T11:01:01+00:00,DOT,0.762093,,,coingecko
2026-08-01T11:01:01+00:00,MATIC,0.126156,,,coingecko
2026-08-01T11:01:01+00:00,LTC,44.28,,,coingecko
2026-08-01T11:02:07+00:00,BTC,62996.0,,,coingecko
2026-08-01T11:02:07+00:00,ETH,1865.55,,,coingecko
2026-08-01T11:02:07+00:00,SOL,72.77,,,coingecko
2026-08-01T11:02:07+00:00,XRP,1.062,,,coingecko
2026-08-01T11:02:07+00:00,DOGE,0.069767,,,coingecko
2026-08-01T11:02:07+00:00,BNB,580.34,,,coingecko
2026-08-01T11:02:07+00:00,ADA,0.172329,,,coingecko
2026-08-01T11:02:07+00:00,LINK,8.09,,,coingecko
2026-08-01T11:02:07+00:00,AVAX,6.34,,,coingecko
2026-08-01T11:02:07+00:00,DOT,0.762122,,,coingecko
2026-08-01T11:02:07+00:00,MATIC,0.126156,,,coingecko
2026-08-01T11:02:07+00:00,LTC,44.31,,,coingecko
2026-08-01T11:03:11+00:00,BTC,62993.0,,,coingecko
2026-08-01T11:03:11+00:00,ETH,1865.59,,,coingecko
2026-08-01T11:03:11+00:00,SOL,72.74,,,coingecko
2026-08-01T11:03:11+00:00,XRP,1.062,,,coingecko
2026-08-01T11:03:11+00:00,DOGE,0.069755,,,coingecko
2026-08-01T11:03:11+00:00,BNB,580.24,,,coingecko
2026-08-01T11:03:11+00:00,ADA,0.172329,,,coingecko
2026-08-01T11:03:11+00:00,LINK,8.09,,,coingecko
2026-08-01T11:03:11+00:00,AVAX,6.34,,,coingecko
2026-08-01T11:03:11+00:00,DOT,0.762169,,,coingecko
2026-08-01T11:03:11+00:00,MATIC,0.126156,,,coingecko
2026-08-01T11:03:11+00:00,LTC,44.3,,,coingecko
2026-08-01T11:04:15+00:00,BTC,62994.0,,,coingecko
2026-08-01T11:04:15+00:00,ETH,1865.4,,,coingecko
2026-08-01T11:04:15+00:00,SOL,72.74,,,coingecko
2026-08-01T11:04:15+00:00,XRP,1.062,,,coingecko
2026-08-01T11:04:15+00:00,DOGE,0.069746,,,coingecko
2026-08-01T11:04:15+00:00,BNB,579.95,,,coingecko
2026-08-01T11:04:15+00:00,ADA,0.172438,,,coingecko
2026-08-01T11:04:15+00:00,LINK,8.09,,,coingecko
2026-08-01T11:04:15+00:00,AVAX,6.34,,,coingecko
2026-08-01T11:04:15+00:00,DOT,0.761976,,,coingecko
2026-08-01T11:04:15+00:00,MATIC,0.126156,,,coingecko
2026-08-01T11:04:15+00:00,LTC,44.29,,,coingecko
2026-08-01T11:05:18+00:00,BTC,62990.0,,,coingecko
2026-08-01T11:05:18+00:00,ETH,1865.31,,,coingecko
2026-08-01T11:05:18+00:00,SOL,72.74,,,coingecko
2026-08-01T11:05:18+00:00,XRP,1.062,,,coingecko
2026-08-01T11:05:18+00:00,DOGE,0.069784,,,coingecko
2026-08-01T11:05:18+00:00,BNB,579.88,,,coingecko
2026-08-01T11:05:18+00:00,ADA,0.172646,,,coingecko
2026-08-01T11:05:18+00:00,LINK,8.09,,,coingecko
2026-08-01T11:05:18+00:00,AVAX,6.34,,,coingecko
2026-08-01T11:05:18+00:00,DOT,0.761887,,,coingecko
2026-08-01T11:05:18+00:00,MATIC,0.126156,,,coingecko
2026-08-01T11:05:18+00:00,LTC,44.29,,,coingecko
2026-08-01T11:05:55+00:00,BTC,62979.685,,,consenso
2026-08-01T11:05:55+00:00,ETH,1864.885,,,consenso
2026-08-01T11:05:55+00:00,SOL,72.75,,,consenso
2026-08-01T11:05:55+00:00,XRP,1.0616,,,consenso
2026-08-01T11:05:55+00:00,DOGE,0.06987,,,binance
2026-08-01T11:05:55+00:00,BNB,580.3,,,binance
2026-08-01T11:06:25+00:00,BTC,62991.0,,,coingecko
2026-08-01T11:06:25+00:00,ETH,1865.31,,,coingecko
2026-08-01T11:06:25+00:00,SOL,72.77,,,coingecko
2026-08-01T11:06:25+00:00,XRP,1.062,,,coingecko
2026-08-01T11:06:25+00:00,DOGE,0.069822,,,coingecko
2026-08-01T11:06:25+00:00,BNB,579.78,,,coingecko
2026-08-01T11:06:25+00:00,ADA,0.172865,,,coingecko
2026-08-01T11:06:25+00:00,LINK,8.09,,,coingecko
2026-08-01T11:06:25+00:00,AVAX,6.34,,,coingecko
2026-08-01T11:06:25+00:00,DOT,0.762059,,,coingecko
2026-08-01T11:06:25+00:00,MATIC,0.126156,,,coingecko
2026-08-01T11:06:25+00:00,LTC,44.3,,,coingecko
2026-08-01T11:06:45+00:00,BTC,62979.685,,,consenso
2026-08-01T11:06:45+00:00,ETH,1864.885,,,consenso
2026-08-01T11:06:45+00:00,SOL,72.82,,,consenso
2026-08-01T11:06:45+00:00,XRP,1.0626,,,consenso
2026-08-01T11:06:45+00:00,DOGE,0.06988,,,binance
2026-08-01T11:06:45+00:00,BNB,580.63,,,binance
2026-08-01T11:07:28+00:00,BTC,62986.0,,,coingecko
2026-08-01T11:07:28+00:00,ETH,1865.02,,,coingecko
2026-08-01T11:07:28+00:00,SOL,72.76,,,coingecko
2026-08-01T11:07:28+00:00,XRP,1.062,,,coingecko
2026-08-01T11:07:28+00:00,DOGE,0.069811,,,coingecko
2026-08-01T11:07:28+00:00,BNB,579.84,,,coingecko
2026-08-01T11:07:28+00:00,ADA,0.172972,,,coingecko
2026-08-01T11:07:28+00:00,LINK,8.09,,,coingecko
2026-08-01T11:07:28+00:00,AVAX,6.34,,,coingecko
2026-08-01T11:07:28+00:00,DOT,0.762122,,,coingecko
2026-08-01T11:07:28+00:00,MATIC,0.126156,,,coingecko
2026-08-01T11:07:28+00:00,LTC,44.3,,,coingecko
2026-08-01T11:07:37+00:00,BTC,62979.685,,,consenso
2026-08-01T11:07:37+00:00,ETH,1864.885,,,consenso
2026-08-01T11:07:37+00:00,SOL,72.82,,,consenso
2026-08-01T11:07:37+00:00,XRP,1.0625,,,consenso
2026-08-01T11:07:37+00:00,DOGE,0.06989,,,binance
2026-08-01T11:07:37+00:00,BNB,580.81,,,binance
2026-08-01T11:08:31+00:00,BTC,62984.0,,,coingecko
2026-08-01T11:08:31+00:00,ETH,1864.7,,,coingecko
2026-08-01T11:08:31+00:00,SOL,72.75,,,coingecko
2026-08-01T11:08:31+00:00,XRP,1.062,,,coingecko
2026-08-01T11:08:31+00:00,DOGE,0.069821,,,coingecko
2026-08-01T11:08:31+00:00,BNB,580.07,,,coingecko
2026-08-01T11:08:31+00:00,ADA,0.172978,,,coingecko
2026-08-01T11:08:31+00:00,LINK,8.09,,,coingecko
2026-08-01T11:08:31+00:00,AVAX,6.33,,,coingecko
2026-08-01T11:08:31+00:00,DOT,0.762501,,,coingecko
2026-08-01T11:08:31+00:00,MATIC,0.126156,,,coingecko
2026-08-01T11:08:31+00:00,LTC,44.29,,,coingecko
2026-08-01T11:09:36+00:00,BTC,62984.0,,,coingecko
2026-08-01T11:09:36+00:00,ETH,1864.44,,,coingecko
2026-08-01T11:09:36+00:00,SOL,72.76,,,coingecko
2026-08-01T11:09:36+00:00,XRP,1.062,,,coingecko
2026-08-01T11:09:36+00:00,DOGE,0.069829,,,coingecko
2026-08-01T11:09:36+00:00,BNB,580.01,,,coingecko
2026-08-01T11:09:36+00:00,ADA,0.172972,,,coingecko
2026-08-01T11:09:36+00:00,LINK,8.09,,,coingecko
2026-08-01T11:09:36+00:00,AVAX,6.34,,,coingecko
2026-08-01T11:09:36+00:00,DOT,0.762662,,,coingecko
2026-08-01T11:09:36+00:00,MATIC,0.126156,,,coingecko
2026-08-01T11:09:36+00:00,LTC,44.3,,,coingecko
2026-08-01T11:14:15+00:00,BTC,62990.0,,,coingecko
2026-08-01T11:14:15+00:00,ETH,1864.5,,,coingecko
2026-08-01T11:14:15+00:00,SOL,72.79,,,coingecko
2026-08-01T11:14:15+00:00,XRP,1.062,,,coingecko
2026-08-01T11:14:15+00:00,DOGE,0.069841,,,coingecko
2026-08-01T11:14:15+00:00,BNB,580.05,,,coingecko
2026-08-01T11:14:15+00:00,ADA,0.172709,,,coingecko
2026-08-01T11:14:15+00:00,LINK,8.09,,,coingecko
2026-08-01T11:14:15+00:00,AVAX,6.33,,,coingecko
2026-08-01T11:14:15+00:00,DOT,0.762799,,,coingecko
2026-08-01T11:14:15+00:00,MATIC,0.126156,,,coingecko
2026-08-01T11:14:15+00:00,LTC,44.29,,,coingecko
2026-08-01T11:15:22+00:00,BTC,62990.0,,,coingecko
2026-08-01T11:15:22+00:00,ETH,1864.45,,,coingecko
2026-08-01T11:15:22+00:00,SOL,72.79,,,coingecko
2026-08-01T11:15:22+00:00,XRP,1.062,,,coingecko
2026-08-01T11:15:22+00:00,DOGE,0.069859,,,coingecko
2026-08-01T11:15:22+00:00,BNB,580.23,,,coingecko
2026-08-01T11:15:22+00:00,ADA,0.172859,,,coingecko
2026-08-01T11:15:22+00:00,LINK,8.09,,,coingecko
2026-08-01T11:15:22+00:00,AVAX,6.34,,,coingecko
2026-08-01T11:15:22+00:00,DOT,0.762992,,,coingecko
2026-08-01T11:15:22+00:00,MATIC,0.126156,,,coingecko
2026-08-01T11:15:22+00:00,LTC,44.3,,,coingecko
2026-08-01T11:16:27+00:00,BTC,62991.0,,,coingecko
2026-08-01T11:16:27+00:00,ETH,1864.42,,,coingecko
2026-08-01T11:16:27+00:00,SOL,72.79,,,coingecko
2026-08-01T11:16:27+00:00,XRP,1.062,,,coingecko
2026-08-01T11:16:27+00:00,DOGE,0.069847,,,coingecko
2026-08-01T11:16:27+00:00,BNB,580.2,,,coingecko
2026-08-01T11:16:27+00:00,ADA,0.172867,,,coingecko
2026-08-01T11:16:27+00:00,LINK,8.09,,,coingecko
2026-08-01T11:16:27+00:00,AVAX,6.34,,,coingecko
2026-08-01T11:16:27+00:00,DOT,0.762938,,,coingecko
2026-08-01T11:16:27+00:00,MATIC,0.126156,,,coingecko
2026-08-01T11:16:27+00:00,LTC,44.29,,,coingecko
2026-08-01T11:17:32+00:00,BTC,63000.0,,,coingecko
2026-08-01T11:17:32+00:00,ETH,1864.82,,,coingecko
2026-08-01T11:17:32+00:00,SOL,72.8,,,coingecko
2026-08-01T11:17:32+00:00,XRP,1.062,,,coingecko
2026-08-01T11:17:32+00:00,DOGE,0.069824,,,coingecko
2026-08-01T11:17:32+00:00,BNB,579.92,,,coingecko
2026-08-01T11:17:32+00:00,ADA,0.172996,,,coingecko
2026-08-01T11:17:32+00:00,LINK,8.09,,,coingecko
2026-08-01T11:17:32+00:00,AVAX,6.34,,,coingecko
2026-08-01T11:17:32+00:00,DOT,0.762887,,,coingecko
2026-08-01T11:17:32+00:00,MATIC,0.126156,,,coingecko
2026-08-01T11:17:32+00:00,LTC,44.28,,,coingecko
2026-08-01T11:18:04+00:00,BTC,62978.525,,,consenso
2026-08-01T11:18:04+00:00,ETH,1864.185,,,consenso
2026-08-01T11:18:04+00:00,SOL,72.77,,,consenso
2026-08-01T11:18:04+00:00,XRP,1.06155,,,consenso
2026-08-01T11:18:04+00:00,DOGE,0.06985,,,binance
2026-08-01T11:18:04+00:00,BNB,580.01,,,binance
2026-08-01T11:18:38+00:00,BTC,62995.0,,,coingecko
2026-08-01T11:18:38+00:00,ETH,1864.46,,,coingecko
2026-08-01T11:18:38+00:00,SOL,72.78,,,coingecko
2026-08-01T11:18:38+00:00,XRP,1.062,,,coingecko
2026-08-01T11:18:38+00:00,DOGE,0.069817,,,coingecko
2026-08-01T11:18:38+00:00,BNB,579.69,,,coingecko
2026-08-01T11:18:38+00:00,ADA,0.172797,,,coingecko
2026-08-01T11:18:38+00:00,LINK,8.09,,,coingecko
2026-08-01T11:18:38+00:00,AVAX,6.33,,,coingecko
2026-08-01T11:18:38+00:00,DOT,0.762698,,,coingecko
2026-08-01T11:18:38+00:00,MATIC,0.126156,,,coingecko
2026-08-01T11:18:38+00:00,LTC,44.25,,,coingecko
2026-08-01T11:18:59+00:00,BTC,62978.525,,,consenso
2026-08-01T11:18:59+00:00,ETH,1864.185,,,consenso
2026-08-01T11:18:59+00:00,SOL,72.83,,,consenso
2026-08-01T11:18:59+00:00,XRP,1.0626,,,consenso
2026-08-01T11:18:59+00:00,DOGE,0.06983,,,binance
2026-08-01T11:18:59+00:00,BNB,580.0,,,binance
2026-08-01T11:19:42+00:00,BTC,62986.0,,,coingecko
2026-08-01T11:19:42+00:00,ETH,1864.34,,,coingecko
2026-08-01T11:19:42+00:00,SOL,72.77,,,coingecko
2026-08-01T11:19:42+00:00,XRP,1.062,,,coingecko
2026-08-01T11:19:42+00:00,DOGE,0.069795,,,coingecko
2026-08-01T11:19:42+00:00,BNB,579.58,,,coingecko
2026-08-01T11:19:42+00:00,ADA,0.172785,,,coingecko
2026-08-01T11:19:42+00:00,LINK,8.09,,,coingecko
2026-08-01T11:19:42+00:00,AVAX,6.34,,,coingecko
2026-08-01T11:19:42+00:00,DOT,0.762759,,,coingecko
2026-08-01T11:19:42+00:00,MATIC,0.126156,,,coingecko
2026-08-01T11:19:42+00:00,LTC,44.25,,,coingecko
2026-08-01T11:19:41+00:00,BTC,62978.525,,,consenso
2026-08-01T11:19:41+00:00,ETH,1864.185,,,consenso
2026-08-01T11:19:41+00:00,SOL,72.84,,,consenso
2026-08-01T11:19:41+00:00,XRP,1.062,,,consenso
2026-08-01T11:19:41+00:00,DOGE,0.06982,,,binance
2026-08-01T11:19:41+00:00,BNB,580.3,,,binance
2026-08-01T11:20:48+00:00,BTC,62986.0,,,coingecko
2026-08-01T11:20:48+00:00,ETH,1864.36,,,coingecko
2026-08-01T11:20:48+00:00,SOL,72.78,,,coingecko
2026-08-01T11:20:48+00:00,XRP,1.061,,,coingecko
2026-08-01T11:20:48+00:00,DOGE,0.069777,,,coingecko
2026-08-01T11:20:48+00:00,BNB,579.69,,,coingecko
2026-08-01T11:20:48+00:00,ADA,0.172791,,,coingecko
2026-08-01T11:20:48+00:00,LINK,8.09,,,coingecko
2026-08-01T11:20:48+00:00,AVAX,6.33,,,coingecko
2026-08-01T11:20:48+00:00,DOT,0.762317,,,coingecko
2026-08-01T11:20:48+00:00,MATIC,0.126156,,,coingecko
2026-08-01T11:20:48+00:00,LTC,44.24,,,coingecko
2026-08-01T11:21:54+00:00,BTC,62999.0,,,coingecko
2026-08-01T11:21:54+00:00,ETH,1865.02,,,coingecko
2026-08-01T11:21:54+00:00,SOL,72.79,,,coingecko
2026-08-01T11:21:54+00:00,XRP,1.062,,,coingecko
2026-08-01T11:21:54+00:00,DOGE,0.069793,,,coingecko
2026-08-01T11:21:54+00:00,BNB,579.78,,,coingecko
2026-08-01T11:21:54+00:00,ADA,0.172831,,,coingecko
2026-08-01T11:21:54+00:00,LINK,8.09,,,coingecko
2026-08-01T11:21:54+00:00,AVAX,6.33,,,coingecko
2026-08-01T11:21:54+00:00,DOT,0.762219,,,coingecko
2026-08-01T11:21:54+00:00,MATIC,0.126156,,,coingecko
2026-08-01T11:21:54+00:00,LTC,44.27,,,coingecko
2026-08-01T11:22:57+00:00,BTC,63021.0,,,coingecko
2026-08-01T11:22:57+00:00,ETH,1865.71,,,coingecko
2026-08-01T11:22:57+00:00,SOL,72.83,,,coingecko
2026-08-01T11:22:57+00:00,XRP,1.062,,,coingecko
2026-08-01T11:22:57+00:00,DOGE,0.069825,,,coingecko
2026-08-01T11:22:57+00:00,BNB,579.77,,,coingecko
2026-08-01T11:22:57+00:00,ADA,0.17283,,,coingecko
2026-08-01T11:22:57+00:00,LINK,8.09,,,coingecko
2026-08-01T11:22:57+00:00,AVAX,6.33,,,coingecko
2026-08-01T11:22:57+00:00,DOT,0.762809,,,coingecko
2026-08-01T11:22:57+00:00,MATIC,0.126156,,,coingecko
2026-08-01T11:22:57+00:00,LTC,44.29,,,coingecko
2026-08-01T11:24:00+00:00,BTC,63024.0,,,coingecko
2026-08-01T11:24:00+00:00,ETH,1865.89,,,coingecko
2026-08-01T11:24:00+00:00,SOL,72.84,,,coingecko
2026-08-01T11:24:00+00:00,XRP,1.062,,,coingecko
2026-08-01T11:24:00+00:00,DOGE,0.069825,,,coingecko
2026-08-01T11:24:00+00:00,BNB,579.69,,,coingecko
2026-08-01T11:24:00+00:00,ADA,0.172802,,,coingecko
2026-08-01T11:24:00+00:00,LINK,8.09,,,coingecko
2026-08-01T11:24:00+00:00,AVAX,6.34,,,coingecko
2026-08-01T11:24:00+00:00,DOT,0.76271,,,coingecko
2026-08-01T11:24:00+00:00,MATIC,0.126156,,,coingecko
2026-08-01T11:24:00+00:00,LTC,44.29,,,coingecko
2026-08-01T11:25:49+00:00,BTC,63023.765,,,consenso
2026-08-01T11:25:49+00:00,ETH,1864.945,,,consenso
2026-08-01T11:25:49+00:00,SOL,72.8,,,consenso
2026-08-01T11:25:49+00:00,XRP,1.06185,,,consenso
2026-08-01T11:25:49+00:00,DOGE,0.06984,,,binance
2026-08-01T11:25:49+00:00,BNB,580.24,,,binance
2026-08-01T11:27:16+00:00,BTC,63023.765,,,consenso
2026-08-01T11:27:16+00:00,ETH,1864.945,,,consenso
2026-08-01T11:27:16+00:00,SOL,72.86,,,consenso
2026-08-01T11:27:16+00:00,XRP,1.0627,,,consenso
2026-08-01T11:27:16+00:00,DOGE,0.0698,,,binance
2026-08-01T11:27:16+00:00,BNB,580.21,,,binance
2026-08-01T11:27:35+00:00,BTC,63023.0,,,coingecko
2026-08-01T11:27:35+00:00,ETH,1865.13,,,coingecko
2026-08-01T11:27:35+00:00,SOL,72.8,,,coingecko
2026-08-01T11:27:35+00:00,XRP,1.062,,,coingecko
2026-08-01T11:27:35+00:00,DOGE,0.069791,,,coingecko
2026-08-01T11:27:35+00:00,BNB,579.66,,,coingecko
2026-08-01T11:27:35+00:00,ADA,0.172458,,,coingecko
2026-08-01T11:27:35+00:00,LINK,8.09,,,coingecko
2026-08-01T11:27:35+00:00,AVAX,6.33,,,coingecko
2026-08-01T11:27:35+00:00,DOT,0.762925,,,coingecko
2026-08-01T11:27:35+00:00,MATIC,0.126156,,,coingecko
2026-08-01T11:27:35+00:00,LTC,44.29,,,coingecko
2026-08-01T11:28:10+00:00,BTC,63023.765,,,consenso
2026-08-01T11:28:10+00:00,ETH,1864.945,,,consenso
2026-08-01T11:28:10+00:00,SOL,72.85,,,consenso
2026-08-01T11:28:10+00:00,XRP,1.0626,,,consenso
2026-08-01T11:28:10+00:00,DOGE,0.06984,,,binance
2026-08-01T11:28:10+00:00,BNB,580.98,,,binance
2026-08-01T11:28:40+00:00,BTC,63025.0,,,coingecko
2026-08-01T11:28:40+00:00,ETH,1865.16,,,coingecko
2026-08-01T11:28:40+00:00,SOL,72.8,,,coingecko
2026-08-01T11:28:40+00:00,XRP,1.062,,,coingecko
2026-08-01T11:28:40+00:00,DOGE,0.069768,,,coingecko
2026-08-01T11:28:40+00:00,BNB,579.68,,,coingecko
2026-08-01T11:28:40+00:00,ADA,0.172457,,,coingecko
2026-08-01T11:28:40+00:00,LINK,8.09,,,coingecko
2026-08-01T11:28:40+00:00,AVAX,6.33,,,coingecko
2026-08-01T11:28:40+00:00,DOT,0.763043,,,coingecko
2026-08-01T11:28:40+00:00,MATIC,0.126156,,,coingecko
2026-08-01T11:28:40+00:00,LTC,44.29,,,coingecko
2026-08-01T11:29:44+00:00,BTC,63026.0,,,coingecko
2026-08-01T11:29:44+00:00,ETH,1865.2,,,coingecko
2026-08-01T11:29:44+00:00,SOL,72.8,,,coingecko
2026-08-01T11:29:44+00:00,XRP,1.062,,,coingecko
2026-08-01T11:29:44+00:00,DOGE,0.069768,,,coingecko
2026-08-01T11:29:44+00:00,BNB,579.84,,,coingecko
2026-08-01T11:29:44+00:00,ADA,0.172424,,,coingecko
2026-08-01T11:29:44+00:00,LINK,8.09,,,coingecko
2026-08-01T11:29:44+00:00,AVAX,6.33,,,coingecko
2026-08-01T11:29:44+00:00,DOT,0.763175,,,coingecko
2026-08-01T11:29:44+00:00,MATIC,0.126156,,,coingecko
2026-08-01T11:29:44+00:00,LTC,44.3,,,coingecko
2026-08-01T11:30:48+00:00,BTC,63024.0,,,coingecko
2026-08-01T11:30:48+00:00,ETH,1865.25,,,coingecko
2026-08-01T11:30:48+00:00,SOL,72.79,,,coingecko
2026-08-01T11:30:48+00:00,XRP,1.062,,,coingecko
2026-08-01T11:30:48+00:00,DOGE,0.06976,,,coingecko
2026-08-01T11:30:48+00:00,BNB,580.35,,,coingecko
2026-08-01T11:30:48+00:00,ADA,0.172393,,,coingecko
2026-08-01T11:30:48+00:00,LINK,8.08,,,coingecko
2026-08-01T11:30:48+00:00,AVAX,6.34,,,coingecko
2026-08-01T11:30:48+00:00,DOT,0.763684,,,coingecko
2026-08-01T11:30:48+00:00,MATIC,0.126156,,,coingecko
2026-08-01T11:30:48+00:00,LTC,44.3,,,coingecko
2026-08-01T11:31:52+00:00,BTC,63027.0,,,coingecko
2026-08-01T11:31:52+00:00,ETH,1865.3,,,coingecko
2026-08-01T11:31:52+00:00,SOL,72.81,,,coingecko
2026-08-01T11:31:52+00:00,XRP,1.062,,,coingecko
2026-08-01T11:31:52+00:00,DOGE,0.069753,,,coingecko
2026-08-01T11:31:52+00:00,BNB,580.13,,,coingecko
2026-08-01T11:31:52+00:00,ADA,0.172411,,,coingecko
2026-08-01T11:31:52+00:00,LINK,8.08,,,coingecko
2026-08-01T11:31:52+00:00,AVAX,6.34,,,coingecko
2026-08-01T11:31:52+00:00,DOT,0.763754,,,coingecko
2026-08-01T11:31:52+00:00,MATIC,0.126156,,,coingecko
2026-08-01T11:31:52+00:00,LTC,44.31,,,coingecko
2026-08-01T11:32:55+00:00,BTC,63025.0,,,coingecko
2026-08-01T11:32:55+00:00,ETH,1864.77,,,coingecko
2026-08-01T11:32:55+00:00,SOL,72.78,,,coingecko
2026-08-01T11:32:55+00:00,XRP,1.062,,,coingecko
2026-08-01T11:32:55+00:00,DOGE,0.069737,,,coingecko
2026-08-01T11:32:55+00:00,BNB,579.71,,,coingecko
2026-08-01T11:32:55+00:00,ADA,0.17241,,,coingecko
2026-08-01T11:32:55+00:00,LINK,8.08,,,coingecko
2026-08-01T11:32:55+00:00,AVAX,6.33,,,coingecko
2026-08-01T11:32:55+00:00,DOT,0.763971,,,coingecko
2026-08-01T11:32:55+00:00,MATIC,0.126156,,,coingecko
2026-08-01T11:32:55+00:00,LTC,44.28,,,coingecko
2026-08-01T11:34:01+00:00,BTC,63026.0,,,coingecko
2026-08-01T11:34:01+00:00,ETH,1864.79,,,coingecko
2026-08-01T11:34:01+00:00,SOL,72.78,,,coingecko
2026-08-01T11:34:01+00:00,XRP,1.062,,,coingecko
2026-08-01T11:34:01+00:00,DOGE,0.069743,,,coingecko
2026-08-01T11:34:01+00:00,BNB,579.47,,,coingecko
2026-08-01T11:34:01+00:00,ADA,0.172464,,,coingecko
2026-08-01T11:34:01+00:00,LINK,8.08,,,coingecko
2026-08-01T11:34:01+00:00,AVAX,6.33,,,coingecko
2026-08-01T11:34:01+00:00,DOT,0.764052,,,coingecko
2026-08-01T11:34:01+00:00,MATIC,0.126156,,,coingecko
2026-08-01T11:34:01+00:00,LTC,44.27,,,coingecko
2026-08-01T11:34:10+00:00,BTC,63025.595,,,consenso
2026-08-01T11:34:10+00:00,ETH,1865.2,,,consenso
2026-08-01T11:34:10+00:00,SOL,72.815,,,consenso
2026-08-01T11:34:10+00:00,XRP,1.062,,,consenso
2026-08-01T11:34:10+00:00,DOGE,0.0698,,,binance
2026-08-01T11:34:10+00:00,BNB,580.56,,,binance
2026-08-01T11:35:02+00:00,BTC,63025.595,,,consenso
2026-08-01T11:35:02+00:00,ETH,1865.2,,,consenso
2026-08-01T11:35:02+00:00,SOL,72.87,,,consenso
2026-08-01T11:35:02+00:00,XRP,1.063,,,consenso
2026-08-01T11:35:02+00:00,DOGE,0.06984,,,binance
2026-08-01T11:35:02+00:00,BNB,580.3,,,binance
2026-08-01T11:35:06+00:00,BTC,63026.0,,,coingecko
2026-08-01T11:35:06+00:00,ETH,1865.12,,,coingecko
2026-08-01T11:35:06+00:00,SOL,72.8,,,coingecko
2026-08-01T11:35:06+00:00,XRP,1.062,,,coingecko
2026-08-01T11:35:06+00:00,DOGE,0.069757,,,coingecko
2026-08-01T11:35:06+00:00,BNB,580.04,,,coingecko
2026-08-01T11:35:06+00:00,ADA,0.17244,,,coingecko
2026-08-01T11:35:06+00:00,LINK,8.09,,,coingecko
2026-08-01T11:35:06+00:00,AVAX,6.34,,,coingecko
2026-08-01T11:35:06+00:00,DOT,0.764547,,,coingecko
2026-08-01T11:35:06+00:00,MATIC,0.126156,,,coingecko
2026-08-01T11:35:06+00:00,LTC,44.29,,,coingecko
2026-08-01T11:35:50+00:00,BTC,63025.595,,,consenso
2026-08-01T11:35:50+00:00,ETH,1865.2,,,consenso
2026-08-01T11:35:50+00:00,SOL,72.87,,,consenso
2026-08-01T11:35:50+00:00,XRP,1.063,,,consenso
2026-08-01T11:35:50+00:00,DOGE,0.06985,,,binance
2026-08-01T11:35:50+00:00,BNB,580.23,,,binance
2026-08-01T11:36:11+00:00,BTC,63027.0,,,coingecko
2026-08-01T11:36:11+00:00,ETH,1865.17,,,coingecko
2026-08-01T11:36:11+00:00,SOL,72.82,,,coingecko
2026-08-01T11:36:11+00:00,XRP,1.062,,,coingecko
2026-08-01T11:36:11+00:00,DOGE,0.069752,,,coingecko
2026-08-01T11:36:11+00:00,BNB,579.91,,,coingecko
2026-08-01T11:36:11+00:00,ADA,0.172475,,,coingecko
2026-08-01T11:36:11+00:00,LINK,8.09,,,coingecko
2026-08-01T11:36:11+00:00,AVAX,6.34,,,coingecko
2026-08-01T11:36:11+00:00,DOT,0.764198,,,coingecko
2026-08-01T11:36:11+00:00,MATIC,0.126156,,,coingecko
2026-08-01T11:36:11+00:00,LTC,44.3,,,coingecko
2026-08-01T11:37:15+00:00,BTC,63021.0,,,coingecko
2026-08-01T11:37:15+00:00,ETH,1864.86,,,coingecko
2026-08-01T11:37:15+00:00,SOL,72.81,,,coingecko
2026-08-01T11:37:15+00:00,XRP,1.062,,,coingecko
2026-08-01T11:37:15+00:00,DOGE,0.06977,,,coingecko
2026-08-01T11:37:15+00:00,BNB,579.68,,,coingecko
2026-08-01T11:37:15+00:00,ADA,0.172398,,,coingecko
2026-08-01T11:37:15+00:00,LINK,8.09,,,coingecko
2026-08-01T11:37:15+00:00,AVAX,6.34,,,coingecko
2026-08-01T11:37:15+00:00,DOT,0.764013,,,coingecko
2026-08-01T11:37:15+00:00,MATIC,0.126156,,,coingecko
2026-08-01T11:37:15+00:00,LTC,44.3,,,coingecko
2026-08-01T11:40:57+00:00,BTC,63020.0,,,coingecko
2026-08-01T11:40:57+00:00,ETH,1865.18,,,coingecko
2026-08-01T11:40:57+00:00,SOL,72.82,,,coingecko
2026-08-01T11:40:57+00:00,XRP,1.062,,,coingecko
2026-08-01T11:40:57+00:00,DOGE,0.069788,,,coingecko
2026-08-01T11:40:57+00:00,BNB,580.23,,,coingecko
2026-08-01T11:40:57+00:00,ADA,0.172351,,,coingecko
2026-08-01T11:40:57+00:00,LINK,8.09,,,coingecko
2026-08-01T11:40:57+00:00,AVAX,6.34,,,coingecko
2026-08-01T11:40:57+00:00,DOT,0.764142,,,coingecko
2026-08-01T11:40:57+00:00,MATIC,0.126156,,,coingecko
2026-08-01T11:40:57+00:00,LTC,44.33,,,coingecko
2026-08-01T11:42:04+00:00,BTC,63016.0,,,coingecko
2026-08-01T11:42:04+00:00,ETH,1865.03,,,coingecko
2026-08-01T11:42:04+00:00,SOL,72.8,,,coingecko
2026-08-01T11:42:04+00:00,XRP,1.062,,,coingecko
2026-08-01T11:42:04+00:00,DOGE,0.069784,,,coingecko
2026-08-01T11:42:04+00:00,BNB,580.1,,,coingecko
2026-08-01T11:42:04+00:00,ADA,0.172439,,,coingecko
2026-08-01T11:42:04+00:00,LINK,8.09,,,coingecko
2026-08-01T11:42:04+00:00,AVAX,6.34,,,coingecko
2026-08-01T11:42:04+00:00,DOT,0.76396,,,coingecko
2026-08-01T11:42:04+00:00,MATIC,0.126156,,,coingecko
2026-08-01T11:42:04+00:00,LTC,44.34,,,coingecko
2026-08-01T11:43:07+00:00,BTC,63015.0,,,coingecko
2026-08-01T11:43:07+00:00,ETH,1865.04,,,coingecko
2026-08-01T11:43:07+00:00,SOL,72.81,,,coingecko
2026-08-01T11:43:07+00:00,XRP,1.062,,,coingecko
2026-08-01T11:43:07+00:00,DOGE,0.069797,,,coingecko
2026-08-01T11:43:07+00:00,BNB,579.96,,,coingecko
2026-08-01T11:43:07+00:00,ADA,0.172516,,,coingecko
2026-08-01T11:43:07+00:00,LINK,8.08,,,coingecko
2026-08-01T11:43:07+00:00,AVAX,6.34,,,coingecko
2026-08-01T11:43:07+00:00,DOT,0.764048,,,coingecko
2026-08-01T11:43:07+00:00,MATIC,0.126156,,,coingecko
2026-08-01T11:43:07+00:00,LTC,44.35,,,coingecko
2026-08-01T11:43:06+00:00,BTC,63003.615,,,consenso
2026-08-01T11:43:06+00:00,ETH,1865.045,,,consenso
2026-08-01T11:43:06+00:00,SOL,72.815,,,consenso
2026-08-01T11:43:06+00:00,XRP,1.06225,,,consenso
2026-08-01T11:43:06+00:00,DOGE,0.06986,,,binance
2026-08-01T11:43:06+00:00,BNB,580.03,,,binance
2026-08-01T11:43:58+00:00,BTC,63003.615,,,consenso
2026-08-01T11:43:58+00:00,ETH,1865.045,,,consenso
2026-08-01T11:43:58+00:00,SOL,72.89,,,consenso
2026-08-01T11:43:58+00:00,XRP,1.0634,,,consenso
2026-08-01T11:43:58+00:00,DOGE,0.06988,,,binance
2026-08-01T11:43:58+00:00,BNB,580.01,,,binance
2026-08-01T11:44:10+00:00,BTC,63013.0,,,coingecko
2026-08-01T11:44:10+00:00,ETH,1864.99,,,coingecko
2026-08-01T11:44:10+00:00,SOL,72.82,,,coingecko
2026-08-01T11:44:10+00:00,XRP,1.062,,,coingecko
2026-08-01T11:44:10+00:00,DOGE,0.069798,,,coingecko
2026-08-01T11:44:10+00:00,BNB,579.74,,,coingecko
2026-08-01T11:44:10+00:00,ADA,0.172613,,,coingecko
2026-08-01T11:44:10+00:00,LINK,8.09,,,coingecko
2026-08-01T11:44:10+00:00,AVAX,6.34,,,coingecko
2026-08-01T11:44:10+00:00,DOT,0.764047,,,coingecko
2026-08-01T11:44:10+00:00,MATIC,0.126156,,,coingecko
2026-08-01T11:44:10+00:00,LTC,44.33,,,coingecko
2026-08-01T11:44:41+00:00,BTC,63003.615,,,consenso
2026-08-01T11:44:41+00:00,ETH,1865.045,,,consenso
2026-08-01T11:44:41+00:00,SOL,72.88,,,consenso
2026-08-01T11:44:41+00:00,XRP,1.0633,,,consenso
2026-08-01T11:44:41+00:00,DOGE,0.06985,,,binance
2026-08-01T11:44:41+00:00,BNB,580.01,,,binance
2026-08-01T11:45:13+00:00,BTC,63013.0,,,coingecko
2026-08-01T11:45:13+00:00,ETH,1864.99,,,coingecko
2026-08-01T11:45:13+00:00,SOL,72.82,,,coingecko
2026-08-01T11:45:13+00:00,XRP,1.062,,,coingecko
2026-08-01T11:45:13+00:00,DOGE,0.069799,,,coingecko
2026-08-01T11:45:13+00:00,BNB,579.53,,,coingecko
2026-08-01T11:45:13+00:00,ADA,0.172735,,,coingecko
2026-08-01T11:45:13+00:00,LINK,8.09,,,coingecko
2026-08-01T11:45:13+00:00,AVAX,6.34,,,coingecko
2026-08-01T11:45:13+00:00,DOT,0.763948,,,coingecko
2026-08-01T11:45:13+00:00,MATIC,0.126156,,,coingecko
2026-08-01T11:45:13+00:00,LTC,44.33,,,coingecko
2026-08-01T11:46:16+00:00,BTC,63014.0,,,coingecko
2026-08-01T11:46:16+00:00,ETH,1864.99,,,coingecko
2026-08-01T11:46:16+00:00,SOL,72.82,,,coingecko
2026-08-01T11:46:16+00:00,XRP,1.062,,,coingecko
2026-08-01T11:46:16+00:00,DOGE,0.069794,,,coingecko
2026-08-01T11:46:16+00:00,BNB,579.52,,,coingecko
2026-08-01T11:46:16+00:00,ADA,0.172759,,,coingecko
2026-08-01T11:46:16+00:00,LINK,8.09,,,coingecko
2026-08-01T11:46:16+00:00,AVAX,6.33,,,coingecko
2026-08-01T11:46:16+00:00,DOT,0.763894,,,coingecko
2026-08-01T11:46:16+00:00,MATIC,0.126156,,,coingecko
2026-08-01T11:46:16+00:00,LTC,44.34,,,coingecko
2026-08-01T11:47:22+00:00,BTC,63015.0,,,coingecko
2026-08-01T11:47:22+00:00,ETH,1864.86,,,coingecko
2026-08-01T11:47:22+00:00,SOL,72.82,,,coingecko
2026-08-01T11:47:22+00:00,XRP,1.062,,,coingecko
2026-08-01T11:47:22+00:00,DOGE,0.069787,,,coingecko
2026-08-01T11:47:22+00:00,BNB,579.71,,,coingecko
2026-08-01T11:47:22+00:00,ADA,0.172789,,,coingecko
2026-08-01T11:47:22+00:00,LINK,8.09,,,coingecko
2026-08-01T11:47:22+00:00,AVAX,6.33,,,coingecko
2026-08-01T11:47:22+00:00,DOT,0.763877,,,coingecko
2026-08-01T11:47:22+00:00,MATIC,0.126156,,,coingecko
2026-08-01T11:47:22+00:00,LTC,44.34,,,coingecko
2026-08-01T11:48:25+00:00,BTC,63015.0,,,coingecko
2026-08-01T11:48:25+00:00,ETH,1864.84,,,coingecko
2026-08-01T11:48:25+00:00,SOL,72.82,,,coingecko
2026-08-01T11:48:25+00:00,XRP,1.062,,,coingecko
2026-08-01T11:48:25+00:00,DOGE,0.069776,,,coingecko
2026-08-01T11:48:25+00:00,BNB,579.71,,,coingecko
2026-08-01T11:48:25+00:00,ADA,0.172799,,,coingecko
2026-08-01T11:48:25+00:00,LINK,8.09,,,coingecko
2026-08-01T11:48:25+00:00,AVAX,6.33,,,coingecko
2026-08-01T11:48:25+00:00,DOT,0.764181,,,coingecko
2026-08-01T11:48:25+00:00,MATIC,0.126156,,,coingecko
2026-08-01T11:48:25+00:00,LTC,44.32,,,coingecko
2026-08-01T11:49:29+00:00,BTC,63013.0,,,coingecko
2026-08-01T11:49:29+00:00,ETH,1864.77,,,coingecko
2026-08-01T11:49:29+00:00,SOL,72.82,,,coingecko
2026-08-01T11:49:29+00:00,XRP,1.062,,,coingecko
2026-08-01T11:49:29+00:00,DOGE,0.069775,,,coingecko
2026-08-01T11:49:29+00:00,BNB,579.77,,,coingecko
2026-08-01T11:49:29+00:00,ADA,0.172944,,,coingecko
2026-08-01T11:49:29+00:00,LINK,8.09,,,coingecko
2026-08-01T11:49:29+00:00,AVAX,6.33,,,coingecko
2026-08-01T11:49:29+00:00,DOT,0.764519,,,coingecko
2026-08-01T11:49:29+00:00,MATIC,0.126156,,,coingecko
2026-08-01T11:49:29+00:00,LTC,44.31,,,coingecko
2026-08-01T11:50:33+00:00,BTC,63014.0,,,coingecko
2026-08-01T11:50:33+00:00,ETH,1864.8,,,coingecko
2026-08-01T11:50:33+00:00,SOL,72.82,,,coingecko
2026-08-01T11:50:33+00:00,XRP,1.062,,,coingecko
2026-08-01T11:50:33+00:00,DOGE,0.069778,,,coingecko
2026-08-01T11:50:33+00:00,BNB,579.78,,,coingecko
2026-08-01T11:50:33+00:00,ADA,0.17298,,,coingecko
2026-08-01T11:50:33+00:00,LINK,8.08,,,coingecko
2026-08-01T11:50:33+00:00,AVAX,6.33,,,coingecko
2026-08-01T11:50:33+00:00,DOT,0.764763,,,coingecko
2026-08-01T11:50:33+00:00,MATIC,0.126156,,,coingecko
2026-08-01T11:50:33+00:00,LTC,44.31,,,coingecko
2026-08-01T11:50:37+00:00,BTC,63010.845,,,consenso
2026-08-01T11:50:37+00:00,ETH,1864.705,,,consenso
2026-08-01T11:50:37+00:00,SOL,72.825,,,consenso
2026-08-01T11:50:37+00:00,XRP,1.0623,,,consenso
2026-08-01T11:50:37+00:00,DOGE,0.06985,,,binance
2026-08-01T11:50:37+00:00,BNB,580.33,,,binance
2026-08-01T11:51:26+00:00,BTC,63010.845,,,consenso
2026-08-01T11:51:26+00:00,ETH,1864.705,,,consenso
2026-08-01T11:51:26+00:00,SOL,72.88,,,consenso
2026-08-01T11:51:26+00:00,XRP,1.0632,,,consenso
2026-08-01T11:51:26+00:00,DOGE,0.06986,,,binance
2026-08-01T11:51:26+00:00,BNB,580.47,,,binance
2026-08-01T11:52:25+00:00,BTC,63010.845,,,consenso
2026-08-01T11:52:25+00:00,ETH,1864.705,,,consenso
2026-08-01T11:52:25+00:00,SOL,72.88,,,consenso
2026-08-01T11:52:25+00:00,XRP,1.0636,,,consenso
2026-08-01T11:52:25+00:00,DOGE,0.06988,,,binance
2026-08-01T11:52:25+00:00,BNB,580.3,,,binance
2026-08-01T11:53:48+00:00,BTC,63019.0,,,coingecko
2026-08-01T11:53:48+00:00,ETH,1864.73,,,coingecko
2026-08-01T11:53:48+00:00,SOL,72.82,,,coingecko
2026-08-01T11:53:48+00:00,XRP,1.062,,,coingecko
2026-08-01T11:53:48+00:00,DOGE,0.069795,,,coingecko
2026-08-01T11:53:48+00:00,BNB,579.82,,,coingecko
2026-08-01T11:53:48+00:00,ADA,0.173062,,,coingecko
2026-08-01T11:53:48+00:00,LINK,8.08,,,coingecko
2026-08-01T11:53:48+00:00,AVAX,6.33,,,coingecko
2026-08-01T11:53:48+00:00,DOT,0.764786,,,coingecko
2026-08-01T11:53:48+00:00,MATIC,0.126156,,,coingecko
2026-08-01T11:53:48+00:00,LTC,44.29,,,coingecko
2026-08-01T11:54:53+00:00,BTC,63019.0,,,coingecko
2026-08-01T11:54:53+00:00,ETH,1864.84,,,coingecko
2026-08-01T11:54:53+00:00,SOL,72.83,,,coingecko
2026-08-01T11:54:53+00:00,XRP,1.063,,,coingecko
2026-08-01T11:54:53+00:00,DOGE,0.069798,,,coingecko
2026-08-01T11:54:53+00:00,BNB,579.85,,,coingecko
2026-08-01T11:54:53+00:00,ADA,0.173173,,,coingecko
2026-08-01T11:54:53+00:00,LINK,8.08,,,coingecko
2026-08-01T11:54:53+00:00,AVAX,6.33,,,coingecko
2026-08-01T11:54:53+00:00,DOT,0.765048,,,coingecko
2026-08-01T11:54:53+00:00,MATIC,0.126156,,,coingecko
2026-08-01T11:54:53+00:00,LTC,44.27,,,coingecko
2026-08-01T11:55:57+00:00,BTC,63018.0,,,coingecko
2026-08-01T11:55:57+00:00,ETH,1864.92,,,coingecko
2026-08-01T11:55:57+00:00,SOL,72.83,,,coingecko
2026-08-01T11:55:57+00:00,XRP,1.063,,,coingecko
2026-08-01T11:55:57+00:00,DOGE,0.069799,,,coingecko
2026-08-01T11:55:57+00:00,BNB,579.93,,,coingecko
2026-08-01T11:55:57+00:00,ADA,0.173149,,,coingecko
2026-08-01T11:55:57+00:00,LINK,8.08,,,coingecko
2026-08-01T11:55:57+00:00,AVAX,6.33,,,coingecko
2026-08-01T11:55:57+00:00,DOT,0.765408,,,coingecko
2026-08-01T11:55:57+00:00,MATIC,0.126156,,,coingecko
2026-08-01T11:55:57+00:00,LTC,44.29,,,coingecko
2026-08-01T11:57:02+00:00,BTC,63018.0,,,coingecko
2026-08-01T11:57:02+00:00,ETH,1864.92,,,coingecko
2026-08-01T11:57:02+00:00,SOL,72.83,,,coingecko
2026-08-01T11:57:02+00:00,XRP,1.063,,,coingecko
2026-08-01T11:57:02+00:00,DOGE,0.069785,,,coingecko
2026-08-01T11:57:02+00:00,BNB,579.96,,,coingecko
2026-08-01T11:57:02+00:00,ADA,0.173147,,,coingecko
2026-08-01T11:57:02+00:00,LINK,8.08,,,coingecko
2026-08-01T11:57:02+00:00,AVAX,6.33,,,coingecko
2026-08-01T11:57:02+00:00,DOT,0.765375,,,coingecko
2026-08-01T11:57:02+00:00,MATIC,0.126156,,,coingecko
2026-08-01T11:57:02+00:00,LTC,44.29,,,coingecko
2026-08-01T11:58:05+00:00,BTC,63019.0,,,coingecko
2026-08-01T11:58:05+00:00,ETH,1864.92,,,coingecko
2026-08-01T11:58:05+00:00,SOL,72.83,,,coingecko
2026-08-01T11:58:05+00:00,XRP,1.063,,,coingecko
2026-08-01T11:58:05+00:00,DOGE,0.069786,,,coingecko
2026-08-01T11:58:05+00:00,BNB,579.91,,,coingecko
2026-08-01T11:58:05+00:00,ADA,0.173049,,,coingecko
2026-08-01T11:58:05+00:00,LINK,8.08,,,coingecko
2026-08-01T11:58:05+00:00,AVAX,6.33,,,coingecko
2026-08-01T11:58:05+00:00,DOT,0.765543,,,coingecko
2026-08-01T11:58:05+00:00,MATIC,0.126156,,,coingecko
2026-08-01T11:58:05+00:00,LTC,44.29,,,coingecko
2026-08-01T11:58:47+00:00,BTC,63016.455,,,consenso
2026-08-01T11:58:47+00:00,ETH,1864.945,,,consenso
2026-08-01T11:58:47+00:00,SOL,72.83,,,consenso
2026-08-01T11:58:47+00:00,XRP,1.06275,,,consenso
2026-08-01T11:58:47+00:00,DOGE,0.06986,,,binance
2026-08-01T11:58:47+00:00,BNB,580.33,,,binance
2026-08-01T11:59:10+00:00,BTC,63019.0,,,coingecko
2026-08-01T11:59:10+00:00,ETH,1864.93,,,coingecko
2026-08-01T11:59:10+00:00,SOL,72.82,,,coingecko
2026-08-01T11:59:10+00:00,XRP,1.063,,,coingecko
2026-08-01T11:59:10+00:00,DOGE,0.069787,,,coingecko
2026-08-01T11:59:10+00:00,BNB,579.87,,,coingecko
2026-08-01T11:59:10+00:00,ADA,0.17303,,,coingecko
2026-08-01T11:59:10+00:00,LINK,8.08,,,coingecko
2026-08-01T11:59:10+00:00,AVAX,6.33,,,coingecko
2026-08-01T11:59:10+00:00,DOT,0.765472,,,coingecko
2026-08-01T11:59:10+00:00,MATIC,0.126156,,,coingecko
2026-08-01T11:59:10+00:00,LTC,44.29,,,coingecko
2026-08-01T11:59:41+00:00,BTC,63016.455,,,consenso
2026-08-01T11:59:41+00:00,ETH,1864.945,,,consenso
2026-08-01T11:59:41+00:00,SOL,72.88,,,consenso
2026-08-01T11:59:41+00:00,XRP,1.0637,,,consenso
2026-08-01T11:59:41+00:00,DOGE,0.06987,,,binance
2026-08-01T11:59:41+00:00,BNB,580.46,,,binance
2026-08-01T12:00:16+00:00,BTC,63019.0,,,coingecko
2026-08-01T12:00:16+00:00,ETH,1865.02,,,coingecko
2026-08-01T12:00:16+00:00,SOL,72.82,,,coingecko
2026-08-01T12:00:16+00:00,XRP,1.063,,,coingecko
2026-08-01T12:00:16+00:00,DOGE,0.069802,,,coingecko
2026-08-01T12:00:16+00:00,BNB,579.81,,,coingecko
2026-08-01T12:00:16+00:00,ADA,0.173062,,,coingecko
2026-08-01T12:00:16+00:00,LINK,8.08,,,coingecko
2026-08-01T12:00:16+00:00,AVAX,6.33,,,coingecko
2026-08-01T12:00:16+00:00,DOT,0.765851,,,coingecko
2026-08-01T12:00:16+00:00,MATIC,0.126156,,,coingecko
2026-08-01T12:00:16+00:00,LTC,44.28,,,coingecko
2026-08-01T12:00:37+00:00,BTC,63016.455,,,consenso
2026-08-01T12:00:37+00:00,ETH,1864.945,,,consenso
2026-08-01T12:00:37+00:00,SOL,72.91,,,consenso
2026-08-01T12:00:37+00:00,XRP,1.0641,,,consenso
2026-08-01T12:00:37+00:00,DOGE,0.06986,,,binance
2026-08-01T12:00:37+00:00,BNB,580.13,,,binance
2026-08-01T12:01:21+00:00,BTC,63023.0,,,coingecko
2026-08-01T12:01:21+00:00,ETH,1865.07,,,coingecko
2026-08-01T12:01:21+00:00,SOL,72.83,,,coingecko
2026-08-01T12:01:21+00:00,XRP,1.063,,,coingecko
2026-08-01T12:01:21+00:00,DOGE,0.069805,,,coingecko
2026-08-01T12:01:21+00:00,BNB,579.87,,,coingecko
2026-08-01T12:01:21+00:00,ADA,0.173084,,,coingecko
2026-08-01T12:01:21+00:00,LINK,8.08,,,coingecko
2026-08-01T12:01:21+00:00,AVAX,6.33,,,coingecko
2026-08-01T12:01:21+00:00,DOT,0.765646,,,coingecko
2026-08-01T12:01:21+00:00,MATIC,0.126156,,,coingecko
2026-08-01T12:01:21+00:00,LTC,44.29,,,coingecko
2026-08-01T12:02:24+00:00,BTC,63040.0,,,coingecko
2026-08-01T12:02:24+00:00,ETH,1865.49,,,coingecko
2026-08-01T12:02:24+00:00,SOL,72.85,,,coingecko
2026-08-01T12:02:24+00:00,XRP,1.063,,,coingecko
2026-08-01T12:02:24+00:00,DOGE,0.069797,,,coingecko
2026-08-01T12:02:24+00:00,BNB,579.64,,,coingecko
2026-08-01T12:02:24+00:00,ADA,0.172999,,,coingecko
2026-08-01T12:02:24+00:00,LINK,8.08,,,coingecko
2026-08-01T12:02:24+00:00,AVAX,6.32,,,coingecko
2026-08-01T12:02:24+00:00,DOT,0.766478,,,coingecko
2026-08-01T12:02:24+00:00,MATIC,0.126156,,,coingecko
2026-08-01T12:02:24+00:00,LTC,44.3,,,coingecko
2026-08-01T12:03:28+00:00,BTC,63043.0,,,coingecko
2026-08-01T12:03:28+00:00,ETH,1865.96,,,coingecko
2026-08-01T12:03:28+00:00,SOL,72.86,,,coingecko
2026-08-01T12:03:28+00:00,XRP,1.063,,,coingecko
2026-08-01T12:03:28+00:00,DOGE,0.069801,,,coingecko
2026-08-01T12:03:28+00:00,BNB,579.75,,,coingecko
2026-08-01T12:03:28+00:00,ADA,0.173018,,,coingecko
2026-08-01T12:03:28+00:00,LINK,8.08,,,coingecko
2026-08-01T12:03:28+00:00,AVAX,6.32,,,coingecko
2026-08-01T12:03:28+00:00,DOT,0.766595,,,coingecko
2026-08-01T12:03:28+00:00,MATIC,0.126156,,,coingecko
2026-08-01T12:03:28+00:00,LTC,44.31,,,coingecko
2026-08-01T12:06:37+00:00,BTC,63055.665,,,consenso
2026-08-01T12:06:37+00:00,ETH,1866.255,,,consenso
2026-08-01T12:06:37+00:00,SOL,72.86,,,consenso
2026-08-01T12:06:37+00:00,XRP,1.06299,,,consenso
2026-08-01T12:06:37+00:00,DOGE,0.06993,,,binance
2026-08-01T12:06:37+00:00,BNB,580.19,,,binance
2026-08-01T12:07:38+00:00,BTC,63055.0,,,coingecko
2026-08-01T12:07:38+00:00,ETH,1866.31,,,coingecko
2026-08-01T12:07:38+00:00,SOL,72.86,,,coingecko
2026-08-01T12:07:38+00:00,XRP,1.063,,,coingecko
2026-08-01T12:07:38+00:00,DOGE,0.069853,,,coingecko
2026-08-01T12:07:38+00:00,BNB,579.64,,,coingecko
2026-08-01T12:07:38+00:00,ADA,0.172936,,,coingecko
2026-08-01T12:07:38+00:00,LINK,8.08,,,coingecko
2026-08-01T12:07:38+00:00,AVAX,6.33,,,coingecko
2026-08-01T12:07:38+00:00,DOT,0.766946,,,coingecko
2026-08-01T12:07:38+00:00,MATIC,0.126156,,,coingecko
2026-08-01T12:07:38+00:00,LTC,44.34,,,coingecko
2026-08-01T12:08:06+00:00,BTC,63055.665,,,consenso
2026-08-01T12:08:06+00:00,ETH,1866.255,,,consenso
2026-08-01T12:08:06+00:00,SOL,72.92,,,consenso
2026-08-01T12:08:06+00:00,XRP,1.0641,,,consenso
2026-08-01T12:08:06+00:00,DOGE,0.06991,,,binance
2026-08-01T12:08:06+00:00,BNB,580.08,,,binance
2026-08-01T12:08:44+00:00,BTC,63057.0,,,coingecko
2026-08-01T12:08:44+00:00,ETH,1866.33,,,coingecko
2026-08-01T12:08:44+00:00,SOL,72.85,,,coingecko
2026-08-01T12:08:44+00:00,XRP,1.063,,,coingecko
2026-08-01T12:08:44+00:00,DOGE,0.069847,,,coingecko
2026-08-01T12:08:44+00:00,BNB,579.59,,,coingecko
2026-08-01T12:08:44+00:00,ADA,0.173009,,,coingecko
2026-08-01T12:08:44+00:00,LINK,8.08,,,coingecko
2026-08-01T12:08:44+00:00,AVAX,6.33,,,coingecko
2026-08-01T12:08:44+00:00,DOT,0.767071,,,coingecko
2026-08-01T12:08:44+00:00,MATIC,0.126156,,,coingecko
2026-08-01T12:08:44+00:00,LTC,44.33,,,coingecko
2026-08-01T12:09:15+00:00,BTC,63055.665,,,consenso
2026-08-01T12:09:15+00:00,ETH,1866.255,,,consenso
2026-08-01T12:09:15+00:00,SOL,72.9,,,consenso
2026-08-01T12:09:15+00:00,XRP,1.0639,,,consenso
2026-08-01T12:09:15+00:00,DOGE,0.0699,,,binance
2026-08-01T12:09:15+00:00,BNB,579.86,,,binance
2026-08-01T12:09:48+00:00,BTC,63058.0,,,coingecko
2026-08-01T12:09:48+00:00,ETH,1866.27,,,coingecko
2026-08-01T12:09:48+00:00,SOL,72.85,,,coingecko
2026-08-01T12:09:48+00:00,XRP,1.063,,,coingecko
2026-08-01T12:09:48+00:00,DOGE,0.069858,,,coingecko
2026-08-01T12:09:48+00:00,BNB,579.49,,,coingecko
2026-08-01T12:09:48+00:00,ADA,0.172934,,,coingecko
2026-08-01T12:09:48+00:00,LINK,8.08,,,coingecko
2026-08-01T12:09:48+00:00,AVAX,6.34,,,coingecko
2026-08-01T12:09:48+00:00,DOT,0.767457,,,coingecko
2026-08-01T12:09:48+00:00,MATIC,0.126156,,,coingecko
2026-08-01T12:09:48+00:00,LTC,44.32,,,coingecko
2026-08-01T12:10:53+00:00,BTC,63051.0,,,coingecko
2026-08-01T12:10:53+00:00,ETH,1865.86,,,coingecko
2026-08-01T12:10:53+00:00,SOL,72.84,,,coingecko
2026-08-01T12:10:53+00:00,XRP,1.063,,,coingecko
2026-08-01T12:10:53+00:00,DOGE,0.069842,,,coingecko
2026-08-01T12:10:53+00:00,BNB,579.37,,,coingecko
2026-08-01T12:10:53+00:00,ADA,0.172951,,,coingecko
2026-08-01T12:10:53+00:00,LINK,8.08,,,coingecko
2026-08-01T12:10:53+00:00,AVAX,6.34,,,coingecko
2026-08-01T12:10:53+00:00,DOT,0.767588,,,coingecko
2026-08-01T12:10:53+00:00,MATIC,0.126156,,,coingecko
2026-08-01T12:10:53+00:00,LTC,44.31,,,coingecko
2026-08-01T12:11:58+00:00,BTC,63050.0,,,coingecko
2026-08-01T12:11:58+00:00,ETH,1865.77,,,coingecko
2026-08-01T12:11:58+00:00,SOL,72.82,,,coingecko
2026-08-01T12:11:58+00:00,XRP,1.063,,,coingecko
2026-08-01T12:11:58+00:00,DOGE,0.069823,,,coingecko
2026-08-01T12:11:58+00:00,BNB,579.1,,,coingecko
2026-08-01T12:11:58+00:00,ADA,0.17272,,,coingecko
2026-08-01T12:11:58+00:00,LINK,8.08,,,coingecko
2026-08-01T12:11:58+00:00,AVAX,6.34,,,coingecko
2026-08-01T12:11:58+00:00,DOT,0.767533,,,coingecko
2026-08-01T12:11:58+00:00,MATIC,0.126156,,,coingecko
2026-08-01T12:11:58+00:00,LTC,44.31,,,coingecko
2026-08-01T12:13:03+00:00,BTC,63049.0,,,coingecko
2026-08-01T12:13:03+00:00,ETH,1866.03,,,coingecko
2026-08-01T12:13:03+00:00,SOL,72.82,,,coingecko
2026-08-01T12:13:03+00:00,XRP,1.063,,,coingecko
2026-08-01T12:13:03+00:00,DOGE,0.069803,,,coingecko
2026-08-01T12:13:03+00:00,BNB,578.93,,,coingecko
2026-08-01T12:13:03+00:00,ADA,0.172578,,,coingecko
2026-08-01T12:13:03+00:00,LINK,8.08,,,coingecko
2026-08-01T12:13:03+00:00,AVAX,6.33,,,coingecko
2026-08-01T12:13:03+00:00,DOT,0.767577,,,coingecko
2026-08-01T12:13:03+00:00,MATIC,0.126156,,,coingecko
2026-08-01T12:13:03+00:00,LTC,44.31,,,coingecko
2026-08-01T12:14:10+00:00,BTC,63049.0,,,coingecko
2026-08-01T12:14:10+00:00,ETH,1866.19,,,coingecko
2026-08-01T12:14:10+00:00,SOL,72.82,,,coingecko
2026-08-01T12:14:10+00:00,XRP,1.063,,,coingecko
2026-08-01T12:14:10+00:00,DOGE,0.069805,,,coingecko
2026-08-01T12:14:10+00:00,BNB,578.81,,,coingecko
2026-08-01T12:14:10+00:00,ADA,0.172562,,,coingecko
2026-08-01T12:14:10+00:00,LINK,8.08,,,coingecko
2026-08-01T12:14:10+00:00,AVAX,6.34,,,coingecko
2026-08-01T12:14:10+00:00,DOT,0.768027,,,coingecko
2026-08-01T12:14:10+00:00,MATIC,0.126156,,,coingecko
2026-08-01T12:14:10+00:00,LTC,44.31,,,coingecko
2026-08-01T12:15:15+00:00,BTC,63058.0,,,coingecko
2026-08-01T12:15:15+00:00,ETH,1866.3,,,coingecko
2026-08-01T12:15:15+00:00,SOL,72.84,,,coingecko
2026-08-01T12:15:15+00:00,XRP,1.063,,,coingecko
2026-08-01T12:15:15+00:00,DOGE,0.069824,,,coingecko
2026-08-01T12:15:15+00:00,BNB,578.54,,,coingecko
2026-08-01T12:15:15+00:00,ADA,0.172716,,,coingecko
2026-08-01T12:15:15+00:00,LINK,8.08,,,coingecko
2026-08-01T12:15:15+00:00,AVAX,6.34,,,coingecko
2026-08-01T12:15:15+00:00,DOT,0.768228,,,coingecko
2026-08-01T12:15:15+00:00,MATIC,0.126156,,,coingecko
2026-08-01T12:15:15+00:00,LTC,44.3,,,coingecko
2026-08-01T12:16:20+00:00,BTC,63049.0,,,coingecko
2026-08-01T12:16:20+00:00,ETH,1866.18,,,coingecko
2026-08-01T12:16:20+00:00,SOL,72.81,,,coingecko
2026-08-01T12:16:20+00:00,XRP,1.063,,,coingecko
2026-08-01T12:16:20+00:00,DOGE,0.069826,,,coingecko
2026-08-01T12:16:20+00:00,BNB,578.37,,,coingecko
2026-08-01T12:16:20+00:00,ADA,0.172764,,,coingecko
2026-08-01T12:16:20+00:00,LINK,8.09,,,coingecko
2026-08-01T12:16:20+00:00,AVAX,6.34,,,coingecko
2026-08-01T12:16:20+00:00,DOT,0.76852,,,coingecko
2026-08-01T12:16:20+00:00,MATIC,0.126156,,,coingecko
2026-08-01T12:16:20+00:00,LTC,44.29,,,coingecko
2026-08-01T12:17:24+00:00,BTC,63048.0,,,coingecko
2026-08-01T12:17:24+00:00,ETH,1866.03,,,coingecko
2026-08-01T12:17:24+00:00,SOL,72.82,,,coingecko
2026-08-01T12:17:24+00:00,XRP,1.062,,,coingecko
2026-08-01T12:17:24+00:00,DOGE,0.069825,,,coingecko
2026-08-01T12:17:24+00:00,BNB,578.62,,,coingecko
2026-08-01T12:17:24+00:00,ADA,0.17267,,,coingecko
2026-08-01T12:17:24+00:00,LINK,8.08,,,coingecko
2026-08-01T12:17:24+00:00,AVAX,6.34,,,coingecko
2026-08-01T12:17:24+00:00,DOT,0.768169,,,coingecko
2026-08-01T12:17:24+00:00,MATIC,0.126156,,,coingecko
2026-08-01T12:17:24+00:00,LTC,44.29,,,coingecko
2026-08-01T12:17:58+00:00,BTC,63041.865,,,consenso
2026-08-01T12:17:58+00:00,ETH,1866.045,,,consenso
2026-08-01T12:17:58+00:00,SOL,72.805,,,consenso
2026-08-01T12:17:58+00:00,XRP,1.06245,,,consenso
2026-08-01T12:17:58+00:00,DOGE,0.06987,,,binance
2026-08-01T12:17:58+00:00,BNB,579.05,,,binance
2026-08-01T12:19:07+00:00,BTC,63041.865,,,consenso
2026-08-01T12:19:07+00:00,ETH,1866.045,,,consenso
2026-08-01T12:19:07+00:00,SOL,72.87,,,consenso
2026-08-01T12:19:07+00:00,XRP,1.0634,,,consenso
2026-08-01T12:19:07+00:00,DOGE,0.06989,,,binance
2026-08-01T12:19:07+00:00,BNB,578.92,,,binance
2026-08-01T12:20:42+00:00,BTC,63041.865,,,consenso
2026-08-01T12:20:42+00:00,ETH,1866.045,,,consenso
2026-08-01T12:20:42+00:00,SOL,72.88,,,consenso
2026-08-01T12:20:42+00:00,XRP,1.0635,,,consenso
2026-08-01T12:20:42+00:00,DOGE,0.06985,,,binance
2026-08-01T12:20:42+00:00,BNB,579.12,,,binance
2026-08-01T12:21:45+00:00,BTC,63048.0,,,coingecko
2026-08-01T12:21:45+00:00,ETH,1866.06,,,coingecko
2026-08-01T12:21:45+00:00,SOL,72.83,,,coingecko
2026-08-01T12:21:45+00:00,XRP,1.062,,,coingecko
2026-08-01T12:21:45+00:00,DOGE,0.069835,,,coingecko
2026-08-01T12:21:45+00:00,BNB,578.57,,,coingecko
2026-08-01T12:21:45+00:00,ADA,0.172794,,,coingecko
2026-08-01T12:21:45+00:00,LINK,8.09,,,coingecko
2026-08-01T12:21:45+00:00,AVAX,6.34,,,coingecko
2026-08-01T12:21:45+00:00,DOT,0.767822,,,coingecko
2026-08-01T12:21:45+00:00,MATIC,0.126156,,,coingecko
2026-08-01T12:21:45+00:00,LTC,44.28,,,coingecko
2026-08-01T12:22:52+00:00,BTC,63042.0,,,coingecko
2026-08-01T12:22:52+00:00,ETH,1865.68,,,coingecko
2026-08-01T12:22:52+00:00,SOL,72.82,,,coingecko
2026-08-01T12:22:52+00:00,XRP,1.062,,,coingecko
2026-08-01T12:22:52+00:00,DOGE,0.069801,,,coingecko
2026-08-01T12:22:52+00:00,BNB,578.69,,,coingecko
2026-08-01T12:22:52+00:00,ADA,0.172579,,,coingecko
2026-08-01T12:22:52+00:00,LINK,8.09,,,coingecko
2026-08-01T12:22:52+00:00,AVAX,6.34,,,coingecko
2026-08-01T12:22:52+00:00,DOT,0.768089,,,coingecko
2026-08-01T12:22:52+00:00,MATIC,0.126156,,,coingecko
2026-08-01T12:22:52+00:00,LTC,44.29,,,coingecko
2026-08-01T12:23:55+00:00,BTC,63041.0,,,coingecko
2026-08-01T12:23:55+00:00,ETH,1865.87,,,coingecko
2026-08-01T12:23:55+00:00,SOL,72.82,,,coingecko
2026-08-01T12:23:55+00:00,XRP,1.063,,,coingecko
2026-08-01T12:23:55+00:00,DOGE,0.06981,,,coingecko
2026-08-01T12:23:55+00:00,BNB,578.77,,,coingecko
2026-08-01T12:23:55+00:00,ADA,0.172581,,,coingecko
2026-08-01T12:23:55+00:00,LINK,8.09,,,coingecko
2026-08-01T12:23:55+00:00,AVAX,6.35,,,coingecko
2026-08-01T12:23:55+00:00,DOT,0.768548,,,coingecko
2026-08-01T12:23:55+00:00,MATIC,0.126156,,,coingecko
2026-08-01T12:23:55+00:00,LTC,44.29,,,coingecko
2026-08-01T12:24:59+00:00,BTC,63042.0,,,coingecko
2026-08-01T12:24:59+00:00,ETH,1865.9,,,coingecko
2026-08-01T12:24:59+00:00,SOL,72.84,,,coingecko
2026-08-01T12:24:59+00:00,XRP,1.063,,,coingecko
2026-08-01T12:24:59+00:00,DOGE,0.069824,,,coingecko
2026-08-01T12:24:59+00:00,BNB,579.02,,,coingecko
2026-08-01T12:24:59+00:00,ADA,0.172489,,,coingecko
2026-08-01T12:24:59+00:00,LINK,8.09,,,coingecko
2026-08-01T12:24:59+00:00,AVAX,6.35,,,coingecko
2026-08-01T12:24:59+00:00,DOT,0.768577,,,coingecko
2026-08-01T12:24:59+00:00,MATIC,0.126156,,,coingecko
2026-08-01T12:24:59+00:00,LTC,44.31,,,coingecko
2026-08-01T12:26:04+00:00,BTC,63047.0,,,coingecko
2026-08-01T12:26:04+00:00,ETH,1866.07,,,coingecko
2026-08-01T12:26:04+00:00,SOL,72.85,,,coingecko
2026-08-01T12:26:04+00:00,XRP,1.063,,,coingecko
2026-08-01T12:26:04+00:00,DOGE,0.069827,,,coingecko
2026-08-01T12:26:04+00:00,BNB,578.86,,,coingecko
2026-08-01T12:26:04+00:00,ADA,0.172418,,,coingecko
2026-08-01T12:26:04+00:00,LINK,8.1,,,coingecko
2026-08-01T12:26:04+00:00,AVAX,6.35,,,coingecko
2026-08-01T12:26:04+00:00,DOT,0.767911,,,coingecko
2026-08-01T12:26:04+00:00,MATIC,0.126156,,,coingecko
2026-08-01T12:26:04+00:00,LTC,44.3,,,coingecko
2026-08-01T12:27:07+00:00,BTC,63046.0,,,coingecko
2026-08-01T12:27:07+00:00,ETH,1865.99,,,coingecko
2026-08-01T12:27:07+00:00,SOL,72.85,,,coingecko
2026-08-01T12:27:07+00:00,XRP,1.063,,,coingecko
2026-08-01T12:27:07+00:00,DOGE,0.069818,,,coingecko
2026-08-01T12:27:07+00:00,BNB,578.68,,,coingecko
2026-08-01T12:27:07+00:00,ADA,0.172548,,,coingecko
2026-08-01T12:27:07+00:00,LINK,8.1,,,coingecko
2026-08-01T12:27:07+00:00,AVAX,6.35,,,coingecko
2026-08-01T12:27:07+00:00,DOT,0.767989,,,coingecko
2026-08-01T12:27:07+00:00,MATIC,0.126156,,,coingecko
2026-08-01T12:27:07+00:00,LTC,44.31,,,coingecko
2026-08-01T12:27:17+00:00,BTC,63039.385,,,consenso
2026-08-01T12:27:17+00:00,ETH,1866.285,,,consenso
2026-08-01T12:27:17+00:00,SOL,72.86,,,consenso
2026-08-01T12:27:17+00:00,XRP,1.0628,,,consenso
2026-08-01T12:27:17+00:00,DOGE,0.06987,,,binance
2026-08-01T12:27:17+00:00,BNB,579.32,,,binance
2026-08-01T12:28:09+00:00,BTC,63039.385,,,consenso
2026-08-01T12:28:09+00:00,ETH,1866.285,,,consenso
2026-08-01T12:28:09+00:00,SOL,72.93,,,consenso
2026-08-01T12:28:09+00:00,XRP,1.0638,,,consenso
2026-08-01T12:28:09+00:00,DOGE,0.06987,,,binance
2026-08-01T12:28:09+00:00,BNB,579.44,,,binance
2026-08-01T12:28:13+00:00,BTC,63047.0,,,coingecko
2026-08-01T12:28:13+00:00,ETH,1866.25,,,coingecko
2026-08-01T12:28:13+00:00,SOL,72.85,,,coingecko
2026-08-01T12:28:13+00:00,XRP,1.063,,,coingecko
2026-08-01T12:28:13+00:00,DOGE,0.069819,,,coingecko
2026-08-01T12:28:13+00:00,BNB,578.71,,,coingecko
2026-08-01T12:28:13+00:00,ADA,0.172856,,,coingecko
2026-08-01T12:28:13+00:00,LINK,8.1,,,coingecko
2026-08-01T12:28:13+00:00,AVAX,6.35,,,coingecko
2026-08-01T12:28:13+00:00,DOT,0.768045,,,coingecko
2026-08-01T12:28:13+00:00,MATIC,0.126156,,,coingecko
2026-08-01T12:28:13+00:00,LTC,44.3,,,coingecko
2026-08-01T12:28:54+00:00,BTC,63039.385,,,consenso
2026-08-01T12:28:54+00:00,ETH,1866.285,,,consenso
2026-08-01T12:28:54+00:00,SOL,72.94,,,consenso
2026-08-01T12:28:54+00:00,XRP,1.0638,,,consenso
2026-08-01T12:28:54+00:00,DOGE,0.06983,,,binance
2026-08-01T12:28:54+00:00,BNB,579.51,,,binance
2026-08-01T12:29:16+00:00,BTC,63047.0,,,coingecko
2026-08-01T12:29:16+00:00,ETH,1866.18,,,coingecko
2026-08-01T12:29:16+00:00,SOL,72.85,,,coingecko
2026-08-01T12:29:16+00:00,XRP,1.063,,,coingecko
2026-08-01T12:29:16+00:00,DOGE,0.069816,,,coingecko
2026-08-01T12:29:16+00:00,BNB,578.77,,,coingecko
2026-08-01T12:29:16+00:00,ADA,0.172802,,,coingecko
2026-08-01T12:29:16+00:00,LINK,8.1,,,coingecko
2026-08-01T12:29:16+00:00,AVAX,6.35,,,coingecko
2026-08-01T12:29:16+00:00,DOT,0.767895,,,coingecko
2026-08-01T12:29:16+00:00,MATIC,0.126156,,,coingecko
2026-08-01T12:29:16+00:00,LTC,44.28,,,coingecko
2026-08-01T12:30:20+00:00,BTC,63047.0,,,coingecko
2026-08-01T12:30:20+00:00,ETH,1866.27,,,coingecko
2026-08-01T12:30:20+00:00,SOL,72.86,,,coingecko
2026-08-01T12:30:20+00:00,XRP,1.063,,,coingecko
2026-08-01T12:30:20+00:00,DOGE,0.069813,,,coingecko
2026-08-01T12:30:20+00:00,BNB,578.88,,,coingecko
2026-08-01T12:30:20+00:00,ADA,0.172871,,,coingecko
2026-08-01T12:30:20+00:00,LINK,8.1,,,coingecko
2026-08-01T12:30:20+00:00,AVAX,6.35,,,coingecko
2026-08-01T12:30:20+00:00,DOT,0.768003,,,coingecko
2026-08-01T12:30:20+00:00,MATIC,0.126156,,,coingecko
2026-08-01T12:30:20+00:00,LTC,44.24,,,coingecko
2026-08-01T12:31:24+00:00,BTC,63048.0,,,coingecko
2026-08-01T12:31:24+00:00,ETH,1866.2,,,coingecko
2026-08-01T12:31:24+00:00,SOL,72.87,,,coingecko
2026-08-01T12:31:24+00:00,XRP,1.063,,,coingecko
2026-08-01T12:31:24+00:00,DOGE,0.069763,,,coingecko
2026-08-01T12:31:24+00:00,BNB,578.97,,,coingecko
2026-08-01T12:31:24+00:00,ADA,0.172793,,,coingecko
2026-08-01T12:31:24+00:00,LINK,8.1,,,coingecko
2026-08-01T12:31:24+00:00,AVAX,6.35,,,coingecko
2026-08-01T12:31:24+00:00,DOT,0.767975,,,coingecko
2026-08-01T12:31:24+00:00,MATIC,0.126156,,,coingecko
2026-08-01T12:31:24+00:00,LTC,44.26,,,coingecko
2026-08-01T12:34:54+00:00,BTC,63038.0,,,coingecko
2026-08-01T12:34:54+00:00,ETH,1865.9,,,coingecko
2026-08-01T12:34:54+00:00,SOL,72.86,,,coingecko
2026-08-01T12:34:54+00:00,XRP,1.063,,,coingecko
2026-08-01T12:34:54+00:00,DOGE,0.069759,,,coingecko
2026-08-01T12:34:54+00:00,BNB,578.77,,,coingecko
2026-08-01T12:34:54+00:00,ADA,0.173057,,,coingecko
2026-08-01T12:34:54+00:00,LINK,8.1,,,coingecko
2026-08-01T12:34:54+00:00,AVAX,6.35,,,coingecko
2026-08-01T12:34:54+00:00,DOT,0.76806,,,coingecko
2026-08-01T12:34:54+00:00,MATIC,0.126156,,,coingecko
2026-08-01T12:34:54+00:00,LTC,44.28,,,coingecko
2026-08-01T12:35:59+00:00,BTC,63038.0,,,coingecko
2026-08-01T12:35:59+00:00,ETH,1865.96,,,coingecko
2026-08-01T12:35:59+00:00,SOL,72.86,,,coingecko
2026-08-01T12:35:59+00:00,XRP,1.063,,,coingecko
2026-08-01T12:35:59+00:00,DOGE,0.069754,,,coingecko
2026-08-01T12:35:59+00:00,BNB,578.85,,,coingecko
2026-08-01T12:35:59+00:00,ADA,0.173047,,,coingecko
2026-08-01T12:35:59+00:00,LINK,8.1,,,coingecko
2026-08-01T12:35:59+00:00,AVAX,6.35,,,coingecko
2026-08-01T12:35:59+00:00,DOT,0.768186,,,coingecko
2026-08-01T12:35:59+00:00,MATIC,0.126156,,,coingecko
2026-08-01T12:35:59+00:00,LTC,44.27,,,coingecko
2026-08-01T12:35:59+00:00,BTC,63024.245,,,consenso
2026-08-01T12:35:59+00:00,ETH,1865.715,,,consenso
2026-08-01T12:35:59+00:00,SOL,72.865,,,consenso
2026-08-01T12:35:59+00:00,XRP,1.06262,,,consenso
2026-08-01T12:35:59+00:00,DOGE,0.0698,,,binance
2026-08-01T12:35:59+00:00,BNB,579.46,,,binance
2026-08-01T12:36:50+00:00,BTC,63024.245,,,consenso
2026-08-01T12:36:50+00:00,ETH,1865.715,,,consenso
2026-08-01T12:36:50+00:00,SOL,72.94,,,consenso
2026-08-01T12:36:50+00:00,XRP,1.0639,,,consenso
2026-08-01T12:36:50+00:00,DOGE,0.06981,,,binance
2026-08-01T12:36:50+00:00,BNB,579.43,,,binance
2026-08-01T12:37:03+00:00,BTC,63036.0,,,coingecko
2026-08-01T12:37:03+00:00,ETH,1865.86,,,coingecko
2026-08-01T12:37:03+00:00,SOL,72.87,,,coingecko
2026-08-01T12:37:03+00:00,XRP,1.063,,,coingecko
2026-08-01T12:37:03+00:00,DOGE,0.069744,,,coingecko
2026-08-01T12:37:03+00:00,BNB,578.88,,,coingecko
2026-08-01T12:37:03+00:00,ADA,0.173017,,,coingecko
2026-08-01T12:37:03+00:00,LINK,8.1,,,coingecko
2026-08-01T12:37:03+00:00,AVAX,6.35,,,coingecko
2026-08-01T12:37:03+00:00,DOT,0.768517,,,coingecko
2026-08-01T12:37:03+00:00,MATIC,0.126156,,,coingecko
2026-08-01T12:37:03+00:00,LTC,44.27,,,coingecko
2026-08-01T12:37:44+00:00,BTC,63024.245,,,consenso
2026-08-01T12:37:44+00:00,ETH,1865.715,,,consenso
2026-08-01T12:37:44+00:00,SOL,72.94,,,consenso
2026-08-01T12:37:44+00:00,XRP,1.064,,,consenso
2026-08-01T12:37:44+00:00,DOGE,0.06981,,,binance
2026-08-01T12:37:44+00:00,BNB,579.53,,,binance
2026-08-01T12:38:07+00:00,BTC,63034.0,,,coingecko
2026-08-01T12:38:07+00:00,ETH,1865.7,,,coingecko
2026-08-01T12:38:07+00:00,SOL,72.87,,,coingecko
2026-08-01T12:38:07+00:00,XRP,1.063,,,coingecko
2026-08-01T12:38:07+00:00,DOGE,0.069746,,,coingecko
2026-08-01T12:38:07+00:00,BNB,578.88,,,coingecko
2026-08-01T12:38:07+00:00,ADA,0.173053,,,coingecko
2026-08-01T12:38:07+00:00,LINK,8.1,,,coingecko
2026-08-01T12:38:07+00:00,AVAX,6.35,,,coingecko
2026-08-01T12:38:07+00:00,DOT,0.768593,,,coingecko
2026-08-01T12:38:07+00:00,MATIC,0.126156,,,coingecko
2026-08-01T12:38:07+00:00,LTC,44.26,,,coingecko
2026-08-01T12:39:10+00:00,BTC,63032.0,,,coingecko
2026-08-01T12:39:10+00:00,ETH,1865.98,,,coingecko
2026-08-01T12:39:10+00:00,SOL,72.87,,,coingecko
2026-08-01T12:39:10+00:00,XRP,1.063,,,coingecko
2026-08-01T12:39:10+00:00,DOGE,0.069747,,,coingecko
2026-08-01T12:39:10+00:00,BNB,578.92,,,coingecko
2026-08-01T12:39:10+00:00,ADA,0.173103,,,coingecko
2026-08-01T12:39:10+00:00,LINK,8.1,,,coingecko
2026-08-01T12:39:10+00:00,AVAX,6.35,,,coingecko
2026-08-01T12:39:10+00:00,DOT,0.768598,,,coingecko
2026-08-01T12:39:10+00:00,MATIC,0.126156,,,coingecko
2026-08-01T12:39:10+00:00,LTC,44.26,,,coingecko
2026-08-01T12:40:14+00:00,BTC,63028.0,,,coingecko
2026-08-01T12:40:14+00:00,ETH,1865.72,,,coingecko
2026-08-01T12:40:14+00:00,SOL,72.84,,,coingecko
2026-08-01T12:40:14+00:00,XRP,1.063,,,coingecko
2026-08-01T12:40:14+00:00,DOGE,0.069738,,,coingecko
2026-08-01T12:40:14+00:00,BNB,578.62,,,coingecko
2026-08-01T12:40:14+00:00,ADA,0.172988,,,coingecko
2026-08-01T12:40:14+00:00,LINK,8.09,,,coingecko
2026-08-01T12:40:14+00:00,AVAX,6.34,,,coingecko
2026-08-01T12:40:14+00:00,DOT,0.76863,,,coingecko
2026-08-01T12:40:14+00:00,MATIC,0.126156,,,coingecko
2026-08-01T12:40:14+00:00,LTC,44.26,,,coingecko
2026-08-01T12:41:21+00:00,BTC,63030.0,,,coingecko
2026-08-01T12:41:21+00:00,ETH,1865.83,,,coingecko
2026-08-01T12:41:21+00:00,SOL,72.84,,,coingecko
2026-08-01T12:41:21+00:00,XRP,1.063,,,coingecko
2026-08-01T12:41:21+00:00,DOGE,0.069743,,,coingecko
2026-08-01T12:41:21+00:00,BNB,578.64,,,coingecko
2026-08-01T12:41:21+00:00,ADA,0.173151,,,coingecko
2026-08-01T12:41:21+00:00,LINK,8.09,,,coingecko
2026-08-01T12:41:21+00:00,AVAX,6.34,,,coingecko
2026-08-01T12:41:21+00:00,DOT,0.769119,,,coingecko
2026-08-01T12:41:21+00:00,MATIC,0.126156,,,coingecko
2026-08-01T12:41:21+00:00,LTC,44.26,,,coingecko
2026-08-01T12:42:25+00:00,BTC,63036.0,,,coingecko
2026-08-01T12:42:25+00:00,ETH,1865.85,,,coingecko
2026-08-01T12:42:25+00:00,SOL,72.84,,,coingecko
2026-08-01T12:42:25+00:00,XRP,1.063,,,coingecko
2026-08-01T12:42:25+00:00,DOGE,0.06974,,,coingecko
2026-08-01T12:42:25+00:00,BNB,578.73,,,coingecko
2026-08-01T12:42:25+00:00,ADA,0.173181,,,coingecko
2026-08-01T12:42:25+00:00,LINK,8.09,,,coingecko
2026-08-01T12:42:25+00:00,AVAX,6.34,,,coingecko
2026-08-01T12:42:25+00:00,DOT,0.768983,,,coingecko
2026-08-01T12:42:25+00:00,MATIC,0.126156,,,coingecko
2026-08-01T12:42:25+00:00,LTC,44.27,,,coingecko
2026-08-01T12:43:29+00:00,BTC,63044.0,,,coingecko
2026-08-01T12:43:29+00:00,ETH,1866.68,,,coingecko
2026-08-01T12:43:29+00:00,SOL,72.85,,,coingecko
2026-08-01T12:43:29+00:00,XRP,1.063,,,coingecko
2026-08-01T12:43:29+00:00,DOGE,0.069754,,,coingecko
2026-08-01T12:43:29+00:00,BNB,578.86,,,coingecko
2026-08-01T12:43:29+00:00,ADA,0.173191,,,coingecko
2026-08-01T12:43:29+00:00,LINK,8.09,,,coingecko
2026-08-01T12:43:29+00:00,AVAX,6.34,,,coingecko
2026-08-01T12:43:29+00:00,DOT,0.769172,,,coingecko
2026-08-01T12:43:29+00:00,MATIC,0.126156,,,coingecko
2026-08-01T12:43:29+00:00,LTC,44.27,,,coingecko
2026-08-01T12:43:28+00:00,BTC,63027.985,,,consenso
2026-08-01T12:43:28+00:00,ETH,1865.575,,,consenso
2026-08-01T12:43:28+00:00,SOL,72.825,,,consenso
2026-08-01T12:43:28+00:00,XRP,1.0628,,,consenso
2026-08-01T12:43:28+00:00,DOGE,0.0698,,,binance
2026-08-01T12:43:28+00:00,BNB,579.09,,,binance
2026-08-01T12:44:22+00:00,BTC,63027.985,,,consenso
2026-08-01T12:44:22+00:00,ETH,1865.575,,,consenso
2026-08-01T12:44:22+00:00,SOL,72.89,,,consenso
2026-08-01T12:44:22+00:00,XRP,1.0638,,,consenso
2026-08-01T12:44:22+00:00,DOGE,0.06982,,,binance
2026-08-01T12:44:22+00:00,BNB,579.12,,,binance
2026-08-01T12:44:32+00:00,BTC,63043.0,,,coingecko
2026-08-01T12:44:32+00:00,ETH,1866.0,,,coingecko
2026-08-01T12:44:32+00:00,SOL,72.83,,,coingecko
2026-08-01T12:44:32+00:00,XRP,1.063,,,coingecko
2026-08-01T12:44:32+00:00,DOGE,0.069749,,,coingecko
2026-08-01T12:44:32+00:00,BNB,578.75,,,coingecko
2026-08-01T12:44:32+00:00,ADA,0.173274,,,coingecko
2026-08-01T12:44:32+00:00,LINK,8.09,,,coingecko
2026-08-01T12:44:32+00:00,AVAX,6.34,,,coingecko
2026-08-01T12:44:32+00:00,DOT,0.768918,,,coingecko
2026-08-01T12:44:32+00:00,MATIC,0.126156,,,coingecko
2026-08-01T12:44:32+00:00,LTC,44.27,,,coingecko
2026-08-01T12:45:12+00:00,BTC,63027.985,,,consenso
2026-08-01T12:45:12+00:00,ETH,1865.575,,,consenso
2026-08-01T12:45:12+00:00,SOL,72.88,,,consenso
2026-08-01T12:45:12+00:00,XRP,1.0637,,,consenso
2026-08-01T12:45:12+00:00,DOGE,0.06983,,,binance
2026-08-01T12:45:12+00:00,BNB,579.12,,,binance
2026-08-01T12:47:50+00:00,BTC,63042.0,,,coingecko
2026-08-01T12:47:50+00:00,ETH,1866.34,,,coingecko
2026-08-01T12:47:50+00:00,SOL,72.83,,,coingecko
2026-08-01T12:47:50+00:00,XRP,1.063,,,coingecko
2026-08-01T12:47:50+00:00,DOGE,0.069813,,,coingecko
2026-08-01T12:47:50+00:00,BNB,578.59,,,coingecko
2026-08-01T12:47:50+00:00,ADA,0.173195,,,coingecko
2026-08-01T12:47:50+00:00,LINK,8.09,,,coingecko
2026-08-01T12:47:50+00:00,AVAX,6.34,,,coingecko
2026-08-01T12:47:50+00:00,DOT,0.768598,,,coingecko
2026-08-01T12:47:50+00:00,MATIC,0.126156,,,coingecko
2026-08-01T12:47:50+00:00,LTC,44.28,,,coingecko
2026-08-01T12:48:56+00:00,BTC,63042.0,,,coingecko
2026-08-01T12:48:56+00:00,ETH,1866.45,,,coingecko
2026-08-01T12:48:56+00:00,SOL,72.83,,,coingecko
2026-08-01T12:48:56+00:00,XRP,1.063,,,coingecko
2026-08-01T12:48:56+00:00,DOGE,0.069835,,,coingecko
2026-08-01T12:48:56+00:00,BNB,578.5,,,coingecko
2026-08-01T12:48:56+00:00,ADA,0.173249,,,coingecko
2026-08-01T12:48:56+00:00,LINK,8.09,,,coingecko
2026-08-01T12:48:56+00:00,AVAX,6.34,,,coingecko
2026-08-01T12:48:56+00:00,DOT,0.76863,,,coingecko
2026-08-01T12:48:56+00:00,MATIC,0.126156,,,coingecko
2026-08-01T12:48:56+00:00,LTC,44.28,,,coingecko
2026-08-01T12:49:59+00:00,BTC,63044.0,,,coingecko
2026-08-01T12:49:59+00:00,ETH,1866.82,,,coingecko
2026-08-01T12:49:59+00:00,SOL,72.85,,,coingecko
2026-08-01T12:49:59+00:00,XRP,1.063,,,coingecko
2026-08-01T12:49:59+00:00,DOGE,0.069875,,,coingecko
2026-08-01T12:49:59+00:00,BNB,578.58,,,coingecko
2026-08-01T12:49:59+00:00,ADA,0.173388,,,coingecko
2026-08-01T12:49:59+00:00,LINK,8.09,,,coingecko
2026-08-01T12:49:59+00:00,AVAX,6.34,,,coingecko
2026-08-01T12:49:59+00:00,DOT,0.768538,,,coingecko
2026-08-01T12:49:59+00:00,MATIC,0.126156,,,coingecko
2026-08-01T12:49:59+00:00,LTC,44.29,,,coingecko
2026-08-01T12:51:04+00:00,BTC,63045.0,,,coingecko
2026-08-01T12:51:04+00:00,ETH,1866.99,,,coingecko
2026-08-01T12:51:04+00:00,SOL,72.86,,,coingecko
2026-08-01T12:51:04+00:00,XRP,1.063,,,coingecko
2026-08-01T12:51:04+00:00,DOGE,0.069899,,,coingecko
2026-08-01T12:51:04+00:00,BNB,578.61,,,coingecko
2026-08-01T12:51:04+00:00,ADA,0.173475,,,coingecko
2026-08-01T12:51:04+00:00,LINK,8.09,,,coingecko
2026-08-01T12:51:04+00:00,AVAX,6.34,,,coingecko
2026-08-01T12:51:04+00:00,DOT,0.768455,,,coingecko
2026-08-01T12:51:04+00:00,MATIC,0.126156,,,coingecko
2026-08-01T12:51:04+00:00,LTC,44.3,,,coingecko
2026-08-01T12:51:49+00:00,BTC,63039.065,,,consenso
2026-08-01T12:51:49+00:00,ETH,1867.695,,,consenso
2026-08-01T12:51:49+00:00,SOL,72.855,,,consenso
2026-08-01T12:51:49+00:00,XRP,1.0634,,,consenso
2026-08-01T12:51:49+00:00,DOGE,0.06997,,,binance
2026-08-01T12:51:49+00:00,BNB,578.84,,,binance
2026-08-01T12:52:08+00:00,BTC,63049.0,,,coingecko
2026-08-01T12:52:08+00:00,ETH,1867.38,,,coingecko
2026-08-01T12:52:08+00:00,SOL,72.86,,,coingecko
2026-08-01T12:52:08+00:00,XRP,1.063,,,coingecko
2026-08-01T12:52:08+00:00,DOGE,0.069922,,,coingecko
2026-08-01T12:52:08+00:00,BNB,578.52,,,coingecko
2026-08-01T12:52:08+00:00,ADA,0.173423,,,coingecko
2026-08-01T12:52:08+00:00,LINK,8.09,,,coingecko
2026-08-01T12:52:08+00:00,AVAX,6.34,,,coingecko
2026-08-01T12:52:08+00:00,DOT,0.768156,,,coingecko
2026-08-01T12:52:08+00:00,MATIC,0.126156,,,coingecko
2026-08-01T12:52:08+00:00,LTC,44.32,,,coingecko
2026-08-01T12:52:47+00:00,BTC,63039.065,,,consenso
2026-08-01T12:52:47+00:00,ETH,1867.695,,,consenso
2026-08-01T12:52:47+00:00,SOL,72.93,,,consenso
2026-08-01T12:52:47+00:00,XRP,1.0644,,,consenso
2026-08-01T12:52:47+00:00,DOGE,0.07,,,binance
2026-08-01T12:52:47+00:00,BNB,578.93,,,binance
2026-08-01T12:53:12+00:00,BTC,63049.0,,,coingecko
2026-08-01T12:53:12+00:00,ETH,1867.42,,,coingecko
2026-08-01T12:53:12+00:00,SOL,72.86,,,coingecko
2026-08-01T12:53:12+00:00,XRP,1.063,,,coingecko
2026-08-01T12:53:12+00:00,DOGE,0.069917,,,coingecko
2026-08-01T12:53:12+00:00,BNB,578.37,,,coingecko
2026-08-01T12:53:12+00:00,ADA,0.17352,,,coingecko
2026-08-01T12:53:12+00:00,LINK,8.09,,,coingecko
2026-08-01T12:53:12+00:00,AVAX,6.35,,,coingecko
2026-08-01T12:53:12+00:00,DOT,0.768148,,,coingecko
2026-08-01T12:53:12+00:00,MATIC,0.126156,,,coingecko
2026-08-01T12:53:12+00:00,LTC,44.32,,,coingecko
2026-08-01T12:53:39+00:00,BTC,63039.065,,,consenso
2026-08-01T12:53:39+00:00,ETH,1867.695,,,consenso
2026-08-01T12:53:39+00:00,SOL,72.92,,,consenso
2026-08-01T12:53:39+00:00,XRP,1.0645,,,consenso
2026-08-01T12:53:39+00:00,DOGE,0.06997,,,binance
2026-08-01T12:53:39+00:00,BNB,578.58,,,binance
2026-08-01T12:54:17+00:00,BTC,63049.0,,,coingecko
2026-08-01T12:54:17+00:00,ETH,1867.55,,,coingecko
2026-08-01T12:54:17+00:00,SOL,72.86,,,coingecko
2026-08-01T12:54:17+00:00,XRP,1.063,,,coingecko
2026-08-01T12:54:17+00:00,DOGE,0.069921,,,coingecko
2026-08-01T12:54:17+00:00,BNB,578.38,,,coingecko
2026-08-01T12:54:17+00:00,ADA,0.174181,,,coingecko
2026-08-01T12:54:17+00:00,LINK,8.09,,,coingecko
2026-08-01T12:54:17+00:00,AVAX,6.35,,,coingecko
2026-08-01T12:54:17+00:00,DOT,0.768308,,,coingecko
2026-08-01T12:54:17+00:00,MATIC,0.126156,,,coingecko
2026-08-01T12:54:17+00:00,LTC,44.32,,,coingecko
2026-08-01T12:55:21+00:00,BTC,63051.0,,,coingecko
2026-08-01T12:55:21+00:00,ETH,1867.55,,,coingecko
2026-08-01T12:55:21+00:00,SOL,72.86,,,coingecko
2026-08-01T12:55:21+00:00,XRP,1.063,,,coingecko
2026-08-01T12:55:21+00:00,DOGE,0.069919,,,coingecko
2026-08-01T12:55:21+00:00,BNB,578.13,,,coingecko
2026-08-01T12:55:21+00:00,ADA,0.174308,,,coingecko
2026-08-01T12:55:21+00:00,LINK,8.1,,,coingecko
2026-08-01T12:55:21+00:00,AVAX,6.35,,,coingecko
2026-08-01T12:55:21+00:00,DOT,0.76891,,,coingecko
2026-08-01T12:55:21+00:00,MATIC,0.126156,,,coingecko
2026-08-01T12:55:21+00:00,LTC,44.33,,,coingecko
2026-08-01T12:56:24+00:00,BTC,63049.0,,,coingecko
2026-08-01T12:56:24+00:00,ETH,1867.48,,,coingecko
2026-08-01T12:56:24+00:00,SOL,72.86,,,coingecko
2026-08-01T12:56:24+00:00,XRP,1.063,,,coingecko
2026-08-01T12:56:24+00:00,DOGE,0.069919,,,coingecko
2026-08-01T12:56:24+00:00,BNB,578.2,,,coingecko
2026-08-01T12:56:24+00:00,ADA,0.174318,,,coingecko
2026-08-01T12:56:24+00:00,LINK,8.1,,,coingecko
2026-08-01T12:56:24+00:00,AVAX,6.35,,,coingecko
2026-08-01T12:56:24+00:00,DOT,0.769091,,,coingecko
2026-08-01T12:56:24+00:00,MATIC,0.126156,,,coingecko
2026-08-01T12:56:24+00:00,LTC,44.33,,,coingecko
2026-08-01T12:57:28+00:00,BTC,63050.0,,,coingecko
2026-08-01T12:57:28+00:00,ETH,1867.77,,,coingecko
2026-08-01T12:57:28+00:00,SOL,72.87,,,coingecko
2026-08-01T12:57:28+00:00,XRP,1.064,,,coingecko
2026-08-01T12:57:28+00:00,DOGE,0.069899,,,coingecko
2026-08-01T12:57:28+00:00,BNB,578.21,,,coingecko
2026-08-01T12:57:28+00:00,ADA,0.17428,,,coingecko
2026-08-01T12:57:28+00:00,LINK,8.1,,,coingecko
2026-08-01T12:57:28+00:00,AVAX,6.35,,,coingecko
2026-08-01T12:57:28+00:00,DOT,0.769923,,,coingecko
2026-08-01T12:57:28+00:00,MATIC,0.126156,,,coingecko
2026-08-01T12:57:28+00:00,LTC,44.33,,,coingecko
2026-08-01T12:59:19+00:00,BTC,63033.195,,,consenso
2026-08-01T12:59:19+00:00,ETH,1867.155,,,consenso
2026-08-01T12:59:19+00:00,SOL,72.86,,,consenso
2026-08-01T12:59:19+00:00,XRP,1.0636,,,consenso
2026-08-01T12:59:19+00:00,DOGE,0.06994,,,binance
2026-08-01T12:59:19+00:00,BNB,578.22,,,binance
2026-08-01T13:01:01+00:00,BTC,63047.0,,,coingecko
2026-08-01T13:01:01+00:00,ETH,1867.55,,,coingecko
2026-08-01T13:01:01+00:00,SOL,72.86,,,coingecko
2026-08-01T13:01:01+00:00,XRP,1.064,,,coingecko
2026-08-01T13:01:01+00:00,DOGE,0.06988,,,coingecko
2026-08-01T13:01:01+00:00,BNB,577.87,,,coingecko
2026-08-01T13:01:01+00:00,ADA,0.17428,,,coingecko
2026-08-01T13:01:01+00:00,LINK,8.1,,,coingecko
2026-08-01T13:01:01+00:00,AVAX,6.35,,,coingecko
2026-08-01T13:01:01+00:00,DOT,0.770028,,,coingecko
2026-08-01T13:01:01+00:00,MATIC,0.126156,,,coingecko
2026-08-01T13:01:01+00:00,LTC,44.33,,,coingecko
2026-08-01T13:01:01+00:00,BTC,63033.195,,,consenso
2026-08-01T13:01:01+00:00,ETH,1867.155,,,consenso
2026-08-01T13:01:01+00:00,SOL,72.94,,,consenso
2026-08-01T13:01:01+00:00,XRP,1.0644,,,consenso
2026-08-01T13:01:01+00:00,DOGE,0.06993,,,binance
2026-08-01T13:01:01+00:00,BNB,578.09,,,binance
2026-08-01T13:01:45+00:00,BTC,63033.195,,,consenso
2026-08-01T13:01:45+00:00,ETH,1867.155,,,consenso
2026-08-01T13:01:45+00:00,SOL,72.94,,,consenso
2026-08-01T13:01:45+00:00,XRP,1.0644,,,consenso
2026-08-01T13:01:45+00:00,DOGE,0.06994,,,binance
2026-08-01T13:01:45+00:00,BNB,578.01,,,binance
2026-08-01T13:02:06+00:00,BTC,63046.0,,,coingecko
2026-08-01T13:02:06+00:00,ETH,1867.29,,,coingecko
2026-08-01T13:02:06+00:00,SOL,72.87,,,coingecko
2026-08-01T13:02:06+00:00,XRP,1.064,,,coingecko
2026-08-01T13:02:06+00:00,DOGE,0.069882,,,coingecko
2026-08-01T13:02:06+00:00,BNB,577.86,,,coingecko
2026-08-01T13:02:06+00:00,ADA,0.174198,,,coingecko
2026-08-01T13:02:06+00:00,LINK,8.1,,,coingecko
2026-08-01T13:02:06+00:00,AVAX,6.35,,,coingecko
2026-08-01T13:02:06+00:00,DOT,0.77,,,coingecko
2026-08-01T13:02:06+00:00,MATIC,0.126156,,,coingecko
2026-08-01T13:02:06+00:00,LTC,44.34,,,coingecko
2026-08-01T13:03:10+00:00,BTC,63046.0,,,coingecko
2026-08-01T13:03:10+00:00,ETH,1867.17,,,coingecko
2026-08-01T13:03:10+00:00,SOL,72.87,,,coingecko
2026-08-01T13:03:10+00:00,XRP,1.064,,,coingecko
2026-08-01T13:03:10+00:00,DOGE,0.06989,,,coingecko
2026-08-01T13:03:10+00:00,BNB,577.65,,,coingecko
2026-08-01T13:03:10+00:00,ADA,0.174151,,,coingecko
2026-08-01T13:03:10+00:00,LINK,8.1,,,coingecko
2026-08-01T13:03:10+00:00,AVAX,6.35,,,coingecko
2026-08-01T13:03:10+00:00,DOT,0.77083,,,coingecko
2026-08-01T13:03:10+00:00,MATIC,0.126156,,,coingecko
2026-08-01T13:03:10+00:00,LTC,44.33,,,coingecko
2026-08-01T13:04:13+00:00,BTC,63047.0,,,coingecko
2026-08-01T13:04:13+00:00,ETH,1867.24,,,coingecko
2026-08-01T13:04:13+00:00,SOL,72.87,,,coingecko
2026-08-01T13:04:13+00:00,XRP,1.064,,,coingecko
2026-08-01T13:04:13+00:00,DOGE,0.069893,,,coingecko
2026-08-01T13:04:13+00:00,BNB,577.6,,,coingecko
2026-08-01T13:04:13+00:00,ADA,0.174179,,,coingecko
2026-08-01T13:04:13+00:00,LINK,8.1,,,coingecko
2026-08-01T13:04:13+00:00,AVAX,6.35,,,coingecko
2026-08-01T13:04:13+00:00,DOT,0.770884,,,coingecko
2026-08-01T13:04:13+00:00,MATIC,0.126156,,,coingecko
2026-08-01T13:04:13+00:00,LTC,44.31,,,coingecko
2026-08-01T13:05:17+00:00,BTC,63047.0,,,coingecko
2026-08-01T13:05:17+00:00,ETH,1867.34,,,coingecko
2026-08-01T13:05:17+00:00,SOL,72.88,,,coingecko
2026-08-01T13:05:17+00:00,XRP,1.064,,,coingecko
2026-08-01T13:05:17+00:00,DOGE,0.069894,,,coingecko
2026-08-01T13:05:17+00:00,BNB,577.49,,,coingecko
2026-08-01T13:05:17+00:00,ADA,0.174233,,,coingecko
2026-08-01T13:05:17+00:00,LINK,8.1,,,coingecko
2026-08-01T13:05:17+00:00,AVAX,6.35,,,coingecko
2026-08-01T13:05:17+00:00,DOT,0.770469,,,coingecko
2026-08-01T13:05:17+00:00,MATIC,0.126156,,,coingecko
2026-08-01T13:05:17+00:00,LTC,44.31,,,coingecko
2026-08-01T13:06:21+00:00,BTC,63046.0,,,coingecko
2026-08-01T13:06:21+00:00,ETH,1867.16,,,coingecko
2026-08-01T13:06:21+00:00,SOL,72.88,,,coingecko
2026-08-01T13:06:21+00:00,XRP,1.064,,,coingecko
2026-08-01T13:06:21+00:00,DOGE,0.069946,,,coingecko
2026-08-01T13:06:21+00:00,BNB,577.43,,,coingecko
2026-08-01T13:06:21+00:00,ADA,0.174201,,,coingecko
2026-08-01T13:06:21+00:00,LINK,8.1,,,coingecko
2026-08-01T13:06:21+00:00,AVAX,6.35,,,coingecko
2026-08-01T13:06:21+00:00,DOT,0.770218,,,coingecko
2026-08-01T13:06:21+00:00,MATIC,0.126156,,,coingecko
2026-08-01T13:06:21+00:00,LTC,44.32,,,coingecko
2026-08-01T13:07:27+00:00,BTC,63047.0,,,coingecko
2026-08-01T13:07:27+00:00,ETH,1867.12,,,coingecko
2026-08-01T13:07:27+00:00,SOL,72.88,,,coingecko
2026-08-01T13:07:27+00:00,XRP,1.064,,,coingecko
2026-08-01T13:07:27+00:00,DOGE,0.069961,,,coingecko
2026-08-01T13:07:27+00:00,BNB,577.47,,,coingecko
2026-08-01T13:07:27+00:00,ADA,0.17428,,,coingecko
2026-08-01T13:07:27+00:00,LINK,8.1,,,coingecko
2026-08-01T13:07:27+00:00,AVAX,6.35,,,coingecko
2026-08-01T13:07:27+00:00,DOT,0.770005,,,coingecko
2026-08-01T13:07:27+00:00,MATIC,0.126156,,,coingecko
2026-08-01T13:07:27+00:00,LTC,44.32,,,coingecko
2026-08-01T13:07:47+00:00,BTC,63029.985,,,consenso
2026-08-01T13:07:47+00:00,ETH,1866.845,,,consenso
2026-08-01T13:07:47+00:00,SOL,72.865,,,consenso
2026-08-01T13:07:47+00:00,XRP,1.06355,,,consenso
2026-08-01T13:07:47+00:00,DOGE,0.07003,,,binance
2026-08-01T13:07:47+00:00,BNB,578.12,,,binance
2026-08-01T13:08:33+00:00,BTC,63042.0,,,coingecko
2026-08-01T13:08:33+00:00,ETH,1867.01,,,coingecko
2026-08-01T13:08:33+00:00,SOL,72.87,,,coingecko
2026-08-01T13:08:33+00:00,XRP,1.064,,,coingecko
2026-08-01T13:08:33+00:00,DOGE,0.069972,,,coingecko
2026-08-01T13:08:33+00:00,BNB,577.46,,,coingecko
2026-08-01T13:08:33+00:00,ADA,0.174403,,,coingecko
2026-08-01T13:08:33+00:00,LINK,8.1,,,coingecko
2026-08-01T13:08:33+00:00,AVAX,6.35,,,coingecko
2026-08-01T13:08:33+00:00,DOT,0.770095,,,coingecko
2026-08-01T13:08:33+00:00,MATIC,0.126156,,,coingecko
2026-08-01T13:08:33+00:00,LTC,44.32,,,coingecko
2026-08-01T13:08:51+00:00,BTC,63029.985,,,consenso
2026-08-01T13:08:51+00:00,ETH,1866.845,,,consenso
2026-08-01T13:08:51+00:00,SOL,72.95,,,consenso
2026-08-01T13:08:51+00:00,XRP,1.0647,,,consenso
2026-08-01T13:08:51+00:00,DOGE,0.07007,,,binance
2026-08-01T13:08:51+00:00,BNB,578.22,,,binance
2026-08-01T13:09:36+00:00,BTC,63041.0,,,coingecko
2026-08-01T13:09:36+00:00,ETH,1867.0,,,coingecko
2026-08-01T13:09:36+00:00,SOL,72.87,,,coingecko
2026-08-01T13:09:36+00:00,XRP,1.064,,,coingecko
2026-08-01T13:09:36+00:00,DOGE,0.069962,,,coingecko
2026-08-01T13:09:36+00:00,BNB,577.52,,,coingecko
2026-08-01T13:09:36+00:00,ADA,0.174408,,,coingecko
2026-08-01T13:09:36+00:00,LINK,8.1,,,coingecko
2026-08-01T13:09:36+00:00,AVAX,6.35,,,coingecko
2026-08-01T13:09:36+00:00,DOT,0.770652,,,coingecko
2026-08-01T13:09:36+00:00,MATIC,0.126156,,,coingecko
2026-08-01T13:09:36+00:00,LTC,44.3,,,coingecko
2026-08-01T13:09:56+00:00,BTC,63029.985,,,consenso
2026-08-01T13:09:56+00:00,ETH,1866.845,,,consenso
2026-08-01T13:09:56+00:00,SOL,72.95,,,consenso
2026-08-01T13:09:56+00:00,XRP,1.0645,,,consenso
2026-08-01T13:09:56+00:00,DOGE,0.07008,,,binance
2026-08-01T13:09:56+00:00,BNB,578.73,,,binance
2026-08-01T13:10:40+00:00,BTC,63042.0,,,coingecko
2026-08-01T13:10:40+00:00,ETH,1867.18,,,coingecko
2026-08-01T13:10:40+00:00,SOL,72.89,,,coingecko
2026-08-01T13:10:40+00:00,XRP,1.064,,,coingecko
2026-08-01T13:10:40+00:00,DOGE,0.069992,,,coingecko
2026-08-01T13:10:40+00:00,BNB,577.82,,,coingecko
2026-08-01T13:10:40+00:00,ADA,0.17495,,,coingecko
2026-08-01T13:10:40+00:00,LINK,8.1,,,coingecko
2026-08-01T13:10:40+00:00,AVAX,6.35,,,coingecko
2026-08-01T13:10:40+00:00,DOT,0.770652,,,coingecko
2026-08-01T13:10:40+00:00,MATIC,0.126156,,,coingecko
2026-08-01T13:10:40+00:00,LTC,44.28,,,coingecko
2026-08-01T13:15:23+00:00,BTC,63046.0,,,coingecko
2026-08-01T13:15:23+00:00,ETH,1867.71,,,coingecko
2026-08-01T13:15:23+00:00,SOL,72.92,,,coingecko
2026-08-01T13:15:23+00:00,XRP,1.064,,,coingecko
2026-08-01T13:15:23+00:00,DOGE,0.070071,,,coingecko
2026-08-01T13:15:23+00:00,BNB,577.97,,,coingecko
2026-08-01T13:15:23+00:00,ADA,0.175026,,,coingecko
2026-08-01T13:15:23+00:00,LINK,8.1,,,coingecko
2026-08-01T13:15:23+00:00,AVAX,6.35,,,coingecko
2026-08-01T13:15:23+00:00,DOT,0.769784,,,coingecko
2026-08-01T13:15:23+00:00,MATIC,0.126156,,,coingecko
2026-08-01T13:15:23+00:00,LTC,44.28,,,coingecko
2026-08-01T13:16:31+00:00,BTC,63044.0,,,coingecko
2026-08-01T13:16:31+00:00,ETH,1867.57,,,coingecko
2026-08-01T13:16:31+00:00,SOL,72.92,,,coingecko
2026-08-01T13:16:31+00:00,XRP,1.064,,,coingecko
2026-08-01T13:16:31+00:00,DOGE,0.070048,,,coingecko
2026-08-01T13:16:31+00:00,BNB,578.12,,,coingecko
2026-08-01T13:16:31+00:00,ADA,0.175088,,,coingecko
2026-08-01T13:16:31+00:00,LINK,8.1,,,coingecko
2026-08-01T13:16:31+00:00,AVAX,6.35,,,coingecko
2026-08-01T13:16:31+00:00,DOT,0.76954,,,coingecko
2026-08-01T13:16:31+00:00,MATIC,0.126156,,,coingecko
2026-08-01T13:16:31+00:00,LTC,44.26,,,coingecko
2026-08-01T13:17:35+00:00,BTC,63033.0,,,coingecko
2026-08-01T13:17:35+00:00,ETH,1866.72,,,coingecko
2026-08-01T13:17:35+00:00,SOL,72.89,,,coingecko
2026-08-01T13:17:35+00:00,XRP,1.063,,,coingecko
2026-08-01T13:17:35+00:00,DOGE,0.070006,,,coingecko
2026-08-01T13:17:35+00:00,BNB,577.98,,,coingecko
2026-08-01T13:17:35+00:00,ADA,0.174944,,,coingecko
2026-08-01T13:17:35+00:00,LINK,8.09,,,coingecko
2026-08-01T13:17:35+00:00,AVAX,6.35,,,coingecko
2026-08-01T13:17:35+00:00,DOT,0.769188,,,coingecko
2026-08-01T13:17:35+00:00,MATIC,0.126156,,,coingecko
2026-08-01T13:17:35+00:00,LTC,44.24,,,coingecko
2026-08-01T13:18:41+00:00,BTC,63035.0,,,coingecko
2026-08-01T13:18:41+00:00,ETH,1866.92,,,coingecko
2026-08-01T13:18:41+00:00,SOL,72.9,,,coingecko
2026-08-01T13:18:41+00:00,XRP,1.063,,,coingecko
2026-08-01T13:18:41+00:00,DOGE,0.069992,,,coingecko
2026-08-01T13:18:41+00:00,BNB,577.99,,,coingecko
2026-08-01T13:18:41+00:00,ADA,0.174808,,,coingecko
2026-08-01T13:18:41+00:00,LINK,8.09,,,coingecko
2026-08-01T13:18:41+00:00,AVAX,6.35,,,coingecko
2026-08-01T13:18:41+00:00,DOT,0.769201,,,coingecko
2026-08-01T13:18:41+00:00,MATIC,0.126156,,,coingecko
2026-08-01T13:18:41+00:00,LTC,44.24,,,coingecko
2026-08-01T13:19:45+00:00,BTC,63035.0,,,coingecko
2026-08-01T13:19:45+00:00,ETH,1866.91,,,coingecko
2026-08-01T13:19:45+00:00,SOL,72.9,,,coingecko
2026-08-01T13:19:45+00:00,XRP,1.063,,,coingecko
2026-08-01T13:19:45+00:00,DOGE,0.069988,,,coingecko
2026-08-01T13:19:45+00:00,BNB,577.96,,,coingecko
2026-08-01T13:19:45+00:00,ADA,0.17448,,,coingecko
2026-08-01T13:19:45+00:00,LINK,8.09,,,coingecko
2026-08-01T13:19:45+00:00,AVAX,6.35,,,coingecko
2026-08-01T13:19:45+00:00,DOT,0.769086,,,coingecko
2026-08-01T13:19:45+00:00,MATIC,0.126156,,,coingecko
2026-08-01T13:19:45+00:00,LTC,44.23,,,coingecko
2026-08-01T13:19:54+00:00,BTC,63026.965,,,consenso
2026-08-01T13:19:54+00:00,ETH,1866.985,,,consenso
2026-08-01T13:19:54+00:00,SOL,72.9,,,consenso
2026-08-01T13:19:54+00:00,XRP,1.06345,,,consenso
2026-08-01T13:19:54+00:00,DOGE,0.07001,,,binance
2026-08-01T13:19:54+00:00,BNB,578.59,,,binance
2026-08-01T13:20:49+00:00,BTC,63036.0,,,coingecko
2026-08-01T13:20:49+00:00,ETH,1867.06,,,coingecko
2026-08-01T13:20:49+00:00,SOL,72.9,,,coingecko
2026-08-01T13:20:49+00:00,XRP,1.063,,,coingecko
2026-08-01T13:20:49+00:00,DOGE,0.069961,,,coingecko
2026-08-01T13:20:49+00:00,BNB,577.99,,,coingecko
2026-08-01T13:20:49+00:00,ADA,0.174526,,,coingecko
2026-08-01T13:20:49+00:00,LINK,8.09,,,coingecko
2026-08-01T13:20:49+00:00,AVAX,6.35,,,coingecko
2026-08-01T13:20:49+00:00,DOT,0.768114,,,coingecko
2026-08-01T13:20:49+00:00,MATIC,0.126156,,,coingecko
2026-08-01T13:20:49+00:00,LTC,44.22,,,coingecko
2026-08-01T13:20:57+00:00,BTC,63026.965,,,consenso
2026-08-01T13:20:57+00:00,ETH,1866.985,,,consenso
2026-08-01T13:20:57+00:00,SOL,72.97,,,consenso
2026-08-01T13:20:57+00:00,XRP,1.0644,,,consenso
2026-08-01T13:20:57+00:00,DOGE,0.07,,,binance
2026-08-01T13:20:57+00:00,BNB,578.5,,,binance
2026-08-01T13:21:45+00:00,BTC,63026.965,,,consenso
2026-08-01T13:21:45+00:00,ETH,1866.985,,,consenso
2026-08-01T13:21:45+00:00,SOL,72.96,,,consenso
2026-08-01T13:21:45+00:00,XRP,1.0643,,,consenso
2026-08-01T13:21:45+00:00,DOGE,0.07001,,,binance
2026-08-01T13:21:45+00:00,BNB,578.43,,,binance
2026-08-01T13:21:55+00:00,BTC,63035.0,,,coingecko
2026-08-01T13:21:55+00:00,ETH,1867.05,,,coingecko
2026-08-01T13:21:55+00:00,SOL,72.9,,,coingecko
2026-08-01T13:21:55+00:00,XRP,1.063,,,coingecko
2026-08-01T13:21:55+00:00,DOGE,0.069955,,,coingecko
2026-08-01T13:21:55+00:00,BNB,578.01,,,coingecko
2026-08-01T13:21:55+00:00,ADA,0.174552,,,coingecko
2026-08-01T13:21:55+00:00,LINK,8.09,,,coingecko
2026-08-01T13:21:55+00:00,AVAX,6.35,,,coingecko
2026-08-01T13:21:55+00:00,DOT,0.768122,,,coingecko
2026-08-01T13:21:55+00:00,MATIC,0.126156,,,coingecko
2026-08-01T13:21:55+00:00,LTC,44.21,,,coingecko
2026-08-01T13:22:58+00:00,BTC,63036.0,,,coingecko
2026-08-01T13:22:58+00:00,ETH,1867.08,,,coingecko
2026-08-01T13:22:58+00:00,SOL,72.9,,,coingecko
2026-08-01T13:22:58+00:00,XRP,1.063,,,coingecko
2026-08-01T13:22:58+00:00,DOGE,0.069962,,,coingecko
2026-08-01T13:22:58+00:00,BNB,577.91,,,coingecko
2026-08-01T13:22:58+00:00,ADA,0.17459,,,coingecko
2026-08-01T13:22:58+00:00,LINK,8.09,,,coingecko
2026-08-01T13:22:58+00:00,AVAX,6.35,,,coingecko
2026-08-01T13:22:58+00:00,DOT,0.768113,,,coingecko
2026-08-01T13:22:58+00:00,MATIC,0.126156,,,coingecko
2026-08-01T13:22:58+00:00,LTC,44.22,,,coingecko
2026-08-01T13:24:02+00:00,BTC,63035.0,,,coingecko
2026-08-01T13:24:02+00:00,ETH,1866.99,,,coingecko
2026-08-01T13:24:02+00:00,SOL,72.9,,,coingecko
2026-08-01T13:24:02+00:00,XRP,1.063,,,coingecko
2026-08-01T13:24:02+00:00,DOGE,0.069959,,,coingecko
2026-08-01T13:24:02+00:00,BNB,577.97,,,coingecko
2026-08-01T13:24:02+00:00,ADA,0.174639,,,coingecko
2026-08-01T13:24:02+00:00,LINK,8.09,,,coingecko
2026-08-01T13:24:02+00:00,AVAX,6.35,,,coingecko
2026-08-01T13:24:02+00:00,DOT,0.768309,,,coingecko
2026-08-01T13:24:02+00:00,MATIC,0.126156,,,coingecko
2026-08-01T13:24:02+00:00,LTC,44.23,,,coingecko
2026-08-01T13:25:06+00:00,BTC,63035.0,,,coingecko
2026-08-01T13:25:06+00:00,ETH,1867.22,,,coingecko
2026-08-01T13:25:06+00:00,SOL,72.89,,,coingecko
2026-08-01T13:25:06+00:00,XRP,1.063,,,coingecko
2026-08-01T13:25:06+00:00,DOGE,0.069964,,,coingecko
2026-08-01T13:25:06+00:00,BNB,578.2,,,coingecko
2026-08-01T13:25:06+00:00,ADA,0.174708,,,coingecko
2026-08-01T13:25:06+00:00,LINK,8.09,,,coingecko
2026-08-01T13:25:06+00:00,AVAX,6.35,,,coingecko
2026-08-01T13:25:06+00:00,DOT,0.768823,,,coingecko
2026-08-01T13:25:06+00:00,MATIC,0.126156,,,coingecko
2026-08-01T13:25:06+00:00,LTC,44.23,,,coingecko
2026-08-01T13:27:43+00:00,BTC,63025.235,,,consenso
2026-08-01T13:27:43+00:00,ETH,1866.815,,,consenso
2026-08-01T13:27:43+00:00,SOL,72.88,,,consenso
2026-08-01T13:27:43+00:00,XRP,1.0632,,,consenso
2026-08-01T13:27:43+00:00,DOGE,0.07001,,,binance
2026-08-01T13:27:43+00:00,BNB,578.72,,,binance
2026-08-01T13:28:59+00:00,BTC,63030.0,,,coingecko
2026-08-01T13:28:59+00:00,ETH,1866.98,,,coingecko
2026-08-01T13:28:59+00:00,SOL,72.88,,,coingecko
2026-08-01T13:28:59+00:00,XRP,1.063,,,coingecko
2026-08-01T13:28:59+00:00,DOGE,0.06996,,,coingecko
2026-08-01T13:28:59+00:00,BNB,578.25,,,coingecko
2026-08-01T13:28:59+00:00,ADA,0.174433,,,coingecko
2026-08-01T13:28:59+00:00,LINK,8.09,,,coingecko
2026-08-01T13:28:59+00:00,AVAX,6.35,,,coingecko
2026-08-01T13:28:59+00:00,DOT,0.769316,,,coingecko
2026-08-01T13:28:59+00:00,MATIC,0.126156,,,coingecko
2026-08-01T13:28:59+00:00,LTC,44.21,,,coingecko
2026-08-01T13:29:12+00:00,BTC,63025.235,,,consenso
2026-08-01T13:29:12+00:00,ETH,1866.815,,,consenso
2026-08-01T13:29:12+00:00,SOL,72.93,,,consenso
2026-08-01T13:29:12+00:00,XRP,1.0641,,,consenso
2026-08-01T13:29:12+00:00,DOGE,0.07001,,,binance
2026-08-01T13:29:12+00:00,BNB,578.68,,,binance
2026-08-01T13:29:57+00:00,BTC,63025.235,,,consenso
2026-08-01T13:29:57+00:00,ETH,1866.815,,,consenso
2026-08-01T13:29:57+00:00,SOL,72.93,,,consenso
2026-08-01T13:29:57+00:00,XRP,1.0641,,,consenso
2026-08-01T13:29:57+00:00,DOGE,0.07,,,binance
2026-08-01T13:29:57+00:00,BNB,578.52,,,binance
2026-08-01T13:30:04+00:00,BTC,63031.0,,,coingecko
2026-08-01T13:30:04+00:00,ETH,1866.97,,,coingecko
2026-08-01T13:30:04+00:00,SOL,72.89,,,coingecko
2026-08-01T13:30:04+00:00,XRP,1.063,,,coingecko
2026-08-01T13:30:04+00:00,DOGE,0.069961,,,coingecko
2026-08-01T13:30:04+00:00,BNB,578.18,,,coingecko
2026-08-01T13:30:04+00:00,ADA,0.174417,,,coingecko
2026-08-01T13:30:04+00:00,LINK,8.09,,,coingecko
2026-08-01T13:30:04+00:00,AVAX,6.35,,,coingecko
2026-08-01T13:30:04+00:00,DOT,0.769499,,,coingecko
2026-08-01T13:30:04+00:00,MATIC,0.126156,,,coingecko
2026-08-01T13:30:04+00:00,LTC,44.21,,,coingecko
2026-08-01T13:31:10+00:00,BTC,63030.0,,,coingecko
2026-08-01T13:31:10+00:00,ETH,1866.74,,,coingecko
2026-08-01T13:31:10+00:00,SOL,72.87,,,coingecko
2026-08-01T13:31:10+00:00,XRP,1.063,,,coingecko
2026-08-01T13:31:10+00:00,DOGE,0.069945,,,coingecko
2026-08-01T13:31:10+00:00,BNB,578.07,,,coingecko
2026-08-01T13:31:10+00:00,ADA,0.174429,,,coingecko
2026-08-01T13:31:10+00:00,LINK,8.09,,,coingecko
2026-08-01T13:31:10+00:00,AVAX,6.34,,,coingecko
2026-08-01T13:31:10+00:00,DOT,0.76871,,,coingecko
2026-08-01T13:31:10+00:00,MATIC,0.126156,,,coingecko
2026-08-01T13:31:10+00:00,LTC,44.21,,,coingecko
2026-08-01T13:32:14+00:00,BTC,63029.0,,,coingecko
2026-08-01T13:32:14+00:00,ETH,1866.82,,,coingecko
2026-08-01T13:32:14+00:00,SOL,72.86,,,coingecko
2026-08-01T13:32:14+00:00,XRP,1.063,,,coingecko
2026-08-01T13:32:14+00:00,DOGE,0.069946,,,coingecko
2026-08-01T13:32:14+00:00,BNB,578.47,,,coingecko
2026-08-01T13:32:14+00:00,ADA,0.17449,,,coingecko
2026-08-01T13:32:14+00:00,LINK,8.09,,,coingecko
2026-08-01T13:32:14+00:00,AVAX,6.35,,,coingecko
2026-08-01T13:32:14+00:00,DOT,0.768748,,,coingecko
2026-08-01T13:32:14+00:00,MATIC,0.126156,,,coingecko
2026-08-01T13:32:14+00:00,LTC,44.23,,,coingecko
2026-08-01T13:33:18+00:00,BTC,63030.0,,,coingecko
2026-08-01T13:33:18+00:00,ETH,1866.73,,,coingecko
2026-08-01T13:33:18+00:00,SOL,72.85,,,coingecko
2026-08-01T13:33:18+00:00,XRP,1.063,,,coingecko
2026-08-01T13:33:18+00:00,DOGE,0.069937,,,coingecko
2026-08-01T13:33:18+00:00,BNB,578.48,,,coingecko
2026-08-01T13:33:18+00:00,ADA,0.174599,,,coingecko
2026-08-01T13:33:18+00:00,LINK,8.09,,,coingecko
2026-08-01T13:33:18+00:00,AVAX,6.35,,,coingecko
2026-08-01T13:33:18+00:00,DOT,0.769078,,,coingecko
2026-08-01T13:33:18+00:00,MATIC,0.126156,,,coingecko
2026-08-01T13:33:18+00:00,LTC,44.21,,,coingecko
2026-08-01T13:34:23+00:00,BTC,63033.0,,,coingecko
2026-08-01T13:34:23+00:00,ETH,1867.38,,,coingecko
2026-08-01T13:34:23+00:00,SOL,72.88,,,coingecko
2026-08-01T13:34:23+00:00,XRP,1.063,,,coingecko
2026-08-01T13:34:23+00:00,DOGE,0.069969,,,coingecko
2026-08-01T13:34:23+00:00,BNB,578.87,,,coingecko
2026-08-01T13:34:23+00:00,ADA,0.174821,,,coingecko
2026-08-01T13:34:23+00:00,LINK,8.09,,,coingecko
2026-08-01T13:34:23+00:00,AVAX,6.35,,,coingecko
2026-08-01T13:34:23+00:00,DOT,0.769772,,,coingecko
2026-08-01T13:34:23+00:00,MATIC,0.126156,,,coingecko
2026-08-01T13:34:23+00:00,LTC,44.22,,,coingecko
2026-08-01T13:35:29+00:00,BTC,63036.0,,,coingecko
2026-08-01T13:35:29+00:00,ETH,1867.35,,,coingecko
2026-08-01T13:35:29+00:00,SOL,72.9,,,coingecko
2026-08-01T13:35:29+00:00,XRP,1.063,,,coingecko
2026-08-01T13:35:29+00:00,DOGE,0.069981,,,coingecko
2026-08-01T13:35:29+00:00,BNB,578.95,,,coingecko
2026-08-01T13:35:29+00:00,ADA,0.174934,,,coingecko
2026-08-01T13:35:29+00:00,LINK,8.09,,,coingecko
2026-08-01T13:35:29+00:00,AVAX,6.35,,,coingecko
2026-08-01T13:35:29+00:00,DOT,0.770221,,,coingecko
2026-08-01T13:35:29+00:00,MATIC,0.126156,,,coingecko
2026-08-01T13:35:29+00:00,LTC,44.26,,,coingecko
2026-08-01T13:36:10+00:00,BTC,63028.805,,,consenso
2026-08-01T13:36:10+00:00,ETH,1867.425,,,consenso
2026-08-01T13:36:10+00:00,SOL,72.9,,,consenso
2026-08-01T13:36:10+00:00,XRP,1.0636,,,consenso
2026-08-01T13:36:10+00:00,DOGE,0.07002,,,binance
2026-08-01T13:36:10+00:00,BNB,578.59,,,binance
2026-08-01T13:36:33+00:00,BTC,63037.0,,,coingecko
2026-08-01T13:36:33+00:00,ETH,1867.31,,,coingecko
2026-08-01T13:36:33+00:00,SOL,72.9,,,coingecko
2026-08-01T13:36:33+00:00,XRP,1.063,,,coingecko
2026-08-01T13:36:33+00:00,DOGE,0.069985,,,coingecko
2026-08-01T13:36:33+00:00,BNB,578.81,,,coingecko
2026-08-01T13:36:33+00:00,ADA,0.17504,,,coingecko
2026-08-01T13:36:33+00:00,LINK,8.1,,,coingecko
2026-08-01T13:36:33+00:00,AVAX,6.35,,,coingecko
2026-08-01T13:36:33+00:00,DOT,0.770599,,,coingecko
2026-08-01T13:36:33+00:00,MATIC,0.126156,,,coingecko
2026-08-01T13:36:33+00:00,LTC,44.28,,,coingecko
2026-08-01T13:37:09+00:00,BTC,63028.805,,,consenso
2026-08-01T13:37:09+00:00,ETH,1867.425,,,consenso
2026-08-01T13:37:09+00:00,SOL,72.96,,,consenso
2026-08-01T13:37:09+00:00,XRP,1.0646,,,consenso
2026-08-01T13:37:09+00:00,DOGE,0.07002,,,binance
2026-08-01T13:37:09+00:00,BNB,578.59,,,binance
2026-08-01T13:37:36+00:00,BTC,63039.0,,,coingecko
2026-08-01T13:37:36+00:00,ETH,1867.34,,,coingecko
2026-08-01T13:37:36+00:00,SOL,72.9,,,coingecko
2026-08-01T13:37:36+00:00,XRP,1.063,,,coingecko
2026-08-01T13:37:36+00:00,DOGE,0.069966,,,coingecko
2026-08-01T13:37:36+00:00,BNB,578.15,,,coingecko
2026-08-01T13:37:36+00:00,ADA,0.175082,,,coingecko
2026-08-01T13:37:36+00:00,LINK,8.1,,,coingecko
2026-08-01T13:37:36+00:00,AVAX,6.35,,,coingecko
2026-08-01T13:37:36+00:00,DOT,0.770711,,,coingecko
2026-08-01T13:37:36+00:00,MATIC,0.126156,,,coingecko
2026-08-01T13:37:36+00:00,LTC,44.27,,,coingecko
2026-08-01T13:38:12+00:00,BTC,63028.805,,,consenso
2026-08-01T13:38:12+00:00,ETH,1867.425,,,consenso
2026-08-01T13:38:12+00:00,SOL,72.98,,,consenso
2026-08-01T13:38:12+00:00,XRP,1.0648,,,consenso
2026-08-01T13:38:12+00:00,DOGE,0.07005,,,binance
2026-08-01T13:38:12+00:00,BNB,578.88,,,binance
2026-08-01T13:38:40+00:00,BTC,63038.0,,,coingecko
2026-08-01T13:38:40+00:00,ETH,1867.44,,,coingecko
2026-08-01T13:38:40+00:00,SOL,72.9,,,coingecko
2026-08-01T13:38:40+00:00,XRP,1.064,,,coingecko
2026-08-01T13:38:40+00:00,DOGE,0.069985,,,coingecko
2026-08-01T13:38:40+00:00,BNB,578.09,,,coingecko
2026-08-01T13:38:40+00:00,ADA,0.17529,,,coingecko
2026-08-01T13:38:40+00:00,LINK,8.1,,,coingecko
2026-08-01T13:38:40+00:00,AVAX,6.35,,,coingecko
2026-08-01T13:38:40+00:00,DOT,0.770545,,,coingecko
2026-08-01T13:38:40+00:00,MATIC,0.126156,,,coingecko
2026-08-01T13:38:40+00:00,LTC,44.21,,,coingecko
2026-08-01T13:42:52+00:00,BTC,63029.0,,,coingecko
2026-08-01T13:42:52+00:00,ETH,1866.98,,,coingecko
2026-08-01T13:42:52+00:00,SOL,72.9,,,coingecko
2026-08-01T13:42:52+00:00,XRP,1.063,,,coingecko
2026-08-01T13:42:52+00:00,DOGE,0.069964,,,coingecko
2026-08-01T13:42:52+00:00,BNB,577.84,,,coingecko
2026-08-01T13:42:52+00:00,ADA,0.175916,,,coingecko
2026-08-01T13:42:52+00:00,LINK,8.09,,,coingecko
2026-08-01T13:42:52+00:00,AVAX,6.35,,,coingecko
2026-08-01T13:42:52+00:00,DOT,0.771035,,,coingecko
2026-08-01T13:42:52+00:00,MATIC,0.126156,,,coingecko
2026-08-01T13:42:52+00:00,LTC,44.24,,,coingecko
2026-08-01T13:43:58+00:00,BTC,63028.0,,,coingecko
2026-08-01T13:43:58+00:00,ETH,1867.01,,,coingecko
2026-08-01T13:43:58+00:00,SOL,72.9,,,coingecko
2026-08-01T13:43:58+00:00,XRP,1.063,,,coingecko
2026-08-01T13:43:58+00:00,DOGE,0.069963,,,coingecko
2026-08-01T13:43:58+00:00,BNB,577.79,,,coingecko
2026-08-01T13:43:58+00:00,ADA,0.176015,,,coingecko
2026-08-01T13:43:58+00:00,LINK,8.1,,,coingecko
2026-08-01T13:43:58+00:00,AVAX,6.35,,,coingecko
2026-08-01T13:43:58+00:00,DOT,0.770716,,,coingecko
2026-08-01T13:43:58+00:00,MATIC,0.126156,,,coingecko
2026-08-01T13:43:58+00:00,LTC,44.26,,,coingecko
2026-08-01T13:45:02+00:00,BTC,63026.0,,,coingecko
2026-08-01T13:45:02+00:00,ETH,1867.26,,,coingecko
2026-08-01T13:45:02+00:00,SOL,72.91,,,coingecko
2026-08-01T13:45:02+00:00,XRP,1.063,,,coingecko
2026-08-01T13:45:02+00:00,DOGE,0.069924,,,coingecko
2026-08-01T13:45:02+00:00,BNB,577.5,,,coingecko
2026-08-01T13:45:02+00:00,ADA,0.175922,,,coingecko
2026-08-01T13:45:02+00:00,LINK,8.1,,,coingecko
2026-08-01T13:45:02+00:00,AVAX,6.35,,,coingecko
2026-08-01T13:45:02+00:00,DOT,0.770203,,,coingecko
2026-08-01T13:45:02+00:00,MATIC,0.126156,,,coingecko
2026-08-01T13:45:02+00:00,LTC,44.25,,,coingecko
2026-08-01T13:45:52+00:00,BTC,63014.645,,,consenso
2026-08-01T13:45:52+00:00,ETH,1867.205,,,consenso
2026-08-01T13:45:52+00:00,SOL,72.91,,,consenso
2026-08-01T13:45:52+00:00,XRP,1.06325,,,consenso
2026-08-01T13:45:52+00:00,DOGE,0.07003,,,binance
2026-08-01T13:45:52+00:00,BNB,578.31,,,binance
2026-08-01T13:46:11+00:00,BTC,63025.0,,,coingecko
2026-08-01T13:46:11+00:00,ETH,1867.17,,,coingecko
2026-08-01T13:46:11+00:00,SOL,72.91,,,coingecko
2026-08-01T13:46:11+00:00,XRP,1.063,,,coingecko
2026-08-01T13:46:11+00:00,DOGE,0.069951,,,coingecko
2026-08-01T13:46:11+00:00,BNB,577.71,,,coingecko
2026-08-01T13:46:11+00:00,ADA,0.176059,,,coingecko
2026-08-01T13:46:11+00:00,LINK,8.1,,,coingecko
2026-08-01T13:46:11+00:00,AVAX,6.35,,,coingecko
2026-08-01T13:46:11+00:00,DOT,0.770537,,,coingecko
2026-08-01T13:46:11+00:00,MATIC,0.126156,,,coingecko
2026-08-01T13:46:11+00:00,LTC,44.25,,,coingecko
2026-08-01T13:46:42+00:00,BTC,63014.645,,,consenso
2026-08-01T13:46:42+00:00,ETH,1867.205,,,consenso
2026-08-01T13:46:42+00:00,SOL,72.93,,,consenso
2026-08-01T13:46:42+00:00,XRP,1.0638,,,consenso
2026-08-01T13:46:42+00:00,DOGE,0.06998,,,binance
2026-08-01T13:46:42+00:00,BNB,578.4,,,binance
2026-08-01T13:47:14+00:00,BTC,63025.0,,,coingecko
2026-08-01T13:47:14+00:00,ETH,1867.23,,,coingecko
2026-08-01T13:47:14+00:00,SOL,72.91,,,coingecko
2026-08-01T13:47:14+00:00,XRP,1.063,,,coingecko
2026-08-01T13:47:14+00:00,DOGE,0.069957,,,coingecko
2026-08-01T13:47:14+00:00,BNB,577.67,,,coingecko
2026-08-01T13:47:14+00:00,ADA,0.176081,,,coingecko
2026-08-01T13:47:14+00:00,LINK,8.1,,,coingecko
2026-08-01T13:47:14+00:00,AVAX,6.35,,,coingecko
2026-08-01T13:47:14+00:00,DOT,0.770453,,,coingecko
2026-08-01T13:47:14+00:00,MATIC,0.126156,,,coingecko
2026-08-01T13:47:14+00:00,LTC,44.24,,,coingecko
2026-08-01T13:47:27+00:00,BTC,63014.645,,,consenso
2026-08-01T13:47:27+00:00,ETH,1867.205,,,consenso
2026-08-01T13:47:27+00:00,SOL,72.94,,,consenso
2026-08-01T13:47:27+00:00,XRP,1.0635,,,consenso
2026-08-01T13:47:27+00:00,DOGE,0.07,,,binance
2026-08-01T13:47:27+00:00,BNB,578.5,,,binance
2026-08-01T13:48:17+00:00,BTC,63022.0,,,coingecko
2026-08-01T13:48:17+00:00,ETH,1867.23,,,coingecko
2026-08-01T13:48:17+00:00,SOL,72.9,,,coingecko
2026-08-01T13:48:17+00:00,XRP,1.063,,,coingecko
2026-08-01T13:48:17+00:00,DOGE,0.069944,,,coingecko
2026-08-01T13:48:17+00:00,BNB,577.84,,,coingecko
2026-08-01T13:48:17+00:00,ADA,0.176011,,,coingecko
2026-08-01T13:48:17+00:00,LINK,8.1,,,coingecko
2026-08-01T13:48:17+00:00,AVAX,6.35,,,coingecko
2026-08-01T13:48:17+00:00,DOT,0.770512,,,coingecko
2026-08-01T13:48:17+00:00,MATIC,0.126156,,,coingecko
2026-08-01T13:48:17+00:00,LTC,44.23,,,coingecko
2026-08-01T13:49:23+00:00,BTC,63012.0,,,coingecko
2026-08-01T13:49:23+00:00,ETH,1866.65,,,coingecko
2026-08-01T13:49:23+00:00,SOL,72.88,,,coingecko
2026-08-01T13:49:23+00:00,XRP,1.063,,,coingecko
2026-08-01T13:49:23+00:00,DOGE,0.069941,,,coingecko
2026-08-01T13:49:23+00:00,BNB,577.97,,,coingecko
2026-08-01T13:49:23+00:00,ADA,0.175889,,,coingecko
2026-08-01T13:49:23+00:00,LINK,8.09,,,coingecko
2026-08-01T13:49:23+00:00,AVAX,6.35,,,coingecko
2026-08-01T13:49:23+00:00,DOT,0.769785,,,coingecko
2026-08-01T13:49:23+00:00,MATIC,0.126156,,,coingecko
2026-08-01T13:49:23+00:00,LTC,44.23,,,coingecko
2026-08-01T13:50:27+00:00,BTC,63007.0,,,coingecko
2026-08-01T13:50:27+00:00,ETH,1866.43,,,coingecko
2026-08-01T13:50:27+00:00,SOL,72.87,,,coingecko
2026-08-01T13:50:27+00:00,XRP,1.063,,,coingecko
2026-08-01T13:50:27+00:00,DOGE,0.069952,,,coingecko
2026-08-01T13:50:27+00:00,BNB,577.95,,,coingecko
2026-08-01T13:50:27+00:00,ADA,0.175808,,,coingecko
2026-08-01T13:50:27+00:00,LINK,8.09,,,coingecko
2026-08-01T13:50:27+00:00,AVAX,6.35,,,coingecko
2026-08-01T13:50:27+00:00,DOT,0.769778,,,coingecko
2026-08-01T13:50:27+00:00,MATIC,0.126156,,,coingecko
2026-08-01T13:50:27+00:00,LTC,44.23,,,coingecko
2026-08-01T13:51:32+00:00,BTC,63000.0,,,coingecko
2026-08-01T13:51:32+00:00,ETH,1866.27,,,coingecko
2026-08-01T13:51:32+00:00,SOL,72.87,,,coingecko
2026-08-01T13:51:32+00:00,XRP,1.062,,,coingecko
2026-08-01T13:51:32+00:00,DOGE,0.069964,,,coingecko
2026-08-01T13:51:32+00:00,BNB,578.24,,,coingecko
2026-08-01T13:51:32+00:00,ADA,0.175833,,,coingecko
2026-08-01T13:51:32+00:00,LINK,8.09,,,coingecko
2026-08-01T13:51:32+00:00,AVAX,6.34,,,coingecko
2026-08-01T13:51:32+00:00,DOT,0.770405,,,coingecko
2026-08-01T13:51:32+00:00,MATIC,0.126156,,,coingecko
2026-08-01T13:51:32+00:00,LTC,44.22,,,coingecko
2026-08-01T13:52:35+00:00,BTC,63001.0,,,coingecko
2026-08-01T13:52:35+00:00,ETH,1866.41,,,coingecko
2026-08-01T13:52:35+00:00,SOL,72.87,,,coingecko
2026-08-01T13:52:35+00:00,XRP,1.062,,,coingecko
2026-08-01T13:52:35+00:00,DOGE,0.069974,,,coingecko
2026-08-01T13:52:35+00:00,BNB,578.38,,,coingecko
2026-08-01T13:52:35+00:00,ADA,0.175859,,,coingecko
2026-08-01T13:52:35+00:00,LINK,8.09,,,coingecko
2026-08-01T13:52:35+00:00,AVAX,6.34,,,coingecko
2026-08-01T13:52:35+00:00,DOT,0.770607,,,coingecko
2026-08-01T13:52:35+00:00,MATIC,0.126156,,,coingecko
2026-08-01T13:52:35+00:00,LTC,44.22,,,coingecko
2026-08-01T13:53:46+00:00,BTC,63004.915,,,consenso
2026-08-01T13:53:46+00:00,ETH,1867.295,,,consenso
2026-08-01T13:53:46+00:00,SOL,72.885,,,consenso
2026-08-01T13:53:46+00:00,XRP,1.06275,,,consenso
2026-08-01T13:53:46+00:00,DOGE,0.07011,,,binance
2026-08-01T13:53:46+00:00,BNB,579.52,,,binance
2026-08-01T13:55:11+00:00,BTC,63004.915,,,consenso
2026-08-01T13:55:11+00:00,ETH,1867.295,,,consenso
2026-08-01T13:55:11+00:00,SOL,72.95,,,consenso
2026-08-01T13:55:11+00:00,XRP,1.0636,,,consenso
2026-08-01T13:55:11+00:00,DOGE,0.07013,,,binance
2026-08-01T13:55:11+00:00,BNB,579.23,,,binance
2026-08-01T13:56:06+00:00,BTC,63011.0,,,coingecko
2026-08-01T13:56:06+00:00,ETH,1867.22,,,coingecko
2026-08-01T13:56:06+00:00,SOL,72.89,,,coingecko
2026-08-01T13:56:06+00:00,XRP,1.063,,,coingecko
2026-08-01T13:56:06+00:00,DOGE,0.070066,,,coingecko
2026-08-01T13:56:06+00:00,BNB,578.78,,,coingecko
2026-08-01T13:56:06+00:00,ADA,0.175698,,,coingecko
2026-08-01T13:56:06+00:00,LINK,8.1,,,coingecko
2026-08-01T13:56:06+00:00,AVAX,6.35,,,coingecko
2026-08-01T13:56:06+00:00,DOT,0.770977,,,coingecko
2026-08-01T13:56:06+00:00,MATIC,0.126156,,,coingecko
2026-08-01T13:56:06+00:00,LTC,44.25,,,coingecko
2026-08-01T13:56:30+00:00,BTC,63004.915,,,consenso
2026-08-01T13:56:30+00:00,ETH,1867.295,,,consenso
2026-08-01T13:56:30+00:00,SOL,72.95,,,consenso
2026-08-01T13:56:30+00:00,XRP,1.0633,,,consenso
2026-08-01T13:56:30+00:00,DOGE,0.07009,,,binance
2026-08-01T13:56:30+00:00,BNB,578.9,,,binance
2026-08-01T13:57:12+00:00,BTC,63011.0,,,coingecko
2026-08-01T13:57:12+00:00,ETH,1867.1,,,coingecko
2026-08-01T13:57:12+00:00,SOL,72.89,,,coingecko
2026-08-01T13:57:12+00:00,XRP,1.063,,,coingecko
2026-08-01T13:57:12+00:00,DOGE,0.070061,,,coingecko
2026-08-01T13:57:12+00:00,BNB,578.63,,,coingecko
2026-08-01T13:57:12+00:00,ADA,0.175317,,,coingecko
2026-08-01T13:57:12+00:00,LINK,8.09,,,coingecko
2026-08-01T13:57:12+00:00,AVAX,6.35,,,coingecko
2026-08-01T13:57:12+00:00,DOT,0.771083,,,coingecko
2026-08-01T13:57:12+00:00,MATIC,0.126156,,,coingecko
2026-08-01T13:57:12+00:00,LTC,44.25,,,coingecko
2026-08-01T13:58:16+00:00,BTC,63012.0,,,coingecko
2026-08-01T13:58:16+00:00,ETH,1867.21,,,coingecko
2026-08-01T13:58:16+00:00,SOL,72.89,,,coingecko
2026-08-01T13:58:16+00:00,XRP,1.062,,,coingecko
2026-08-01T13:58:16+00:00,DOGE,0.070042,,,coingecko
2026-08-01T13:58:16+00:00,BNB,578.52,,,coingecko
2026-08-01T13:58:16+00:00,ADA,0.175329,,,coingecko
2026-08-01T13:58:16+00:00,LINK,8.09,,,coingecko
2026-08-01T13:58:16+00:00,AVAX,6.35,,,coingecko
2026-08-01T13:58:16+00:00,DOT,0.770428,,,coingecko
2026-08-01T13:58:16+00:00,MATIC,0.126156,,,coingecko
2026-08-01T13:58:16+00:00,LTC,44.24,,,coingecko
2026-08-01T13:59:20+00:00,BTC,63011.0,,,coingecko
2026-08-01T13:59:20+00:00,ETH,1867.5,,,coingecko
2026-08-01T13:59:20+00:00,SOL,72.9,,,coingecko
2026-08-01T13:59:20+00:00,XRP,1.062,,,coingecko
2026-08-01T13:59:20+00:00,DOGE,0.070044,,,coingecko
2026-08-01T13:59:20+00:00,BNB,578.51,,,coingecko
2026-08-01T13:59:20+00:00,ADA,0.175393,,,coingecko
2026-08-01T13:59:20+00:00,LINK,8.09,,,coingecko
2026-08-01T13:59:20+00:00,AVAX,6.35,,,coingecko
2026-08-01T13:59:20+00:00,DOT,0.770236,,,coingecko
2026-08-01T13:59:20+00:00,MATIC,0.126156,,,coingecko
2026-08-01T13:59:20+00:00,LTC,44.25,,,coingecko
2026-08-01T14:00:23+00:00,BTC,63012.0,,,coingecko
2026-08-01T14:00:23+00:00,ETH,1867.62,,,coingecko
2026-08-01T14:00:23+00:00,SOL,72.91,,,coingecko
2026-08-01T14:00:23+00:00,XRP,1.063,,,coingecko
2026-08-01T14:00:23+00:00,DOGE,0.070035,,,coingecko
2026-08-01T14:00:23+00:00,BNB,578.69,,,coingecko
2026-08-01T14:00:23+00:00,ADA,0.175248,,,coingecko
2026-08-01T14:00:23+00:00,LINK,8.09,,,coingecko
2026-08-01T14:00:23+00:00,AVAX,6.35,,,coingecko
2026-08-01T14:00:23+00:00,DOT,0.769842,,,coingecko
2026-08-01T14:00:23+00:00,MATIC,0.126156,,,coingecko
2026-08-01T14:00:23+00:00,LTC,44.25,,,coingecko
2026-08-01T14:01:28+00:00,BTC,63013.0,,,coingecko
2026-08-01T14:01:28+00:00,ETH,1867.63,,,coingecko
2026-08-01T14:01:28+00:00,SOL,72.92,,,coingecko
2026-08-01T14:01:28+00:00,XRP,1.063,,,coingecko
2026-08-01T14:01:28+00:00,DOGE,0.070029,,,coingecko
2026-08-01T14:01:28+00:00,BNB,578.73,,,coingecko
2026-08-01T14:01:28+00:00,ADA,0.174907,,,coingecko
2026-08-01T14:01:28+00:00,LINK,8.09,,,coingecko
2026-08-01T14:01:28+00:00,AVAX,6.35,,,coingecko
2026-08-01T14:01:28+00:00,DOT,0.769862,,,coingecko
2026-08-01T14:01:28+00:00,MATIC,0.126156,,,coingecko
2026-08-01T14:01:28+00:00,LTC,44.26,,,coingecko
2026-08-01T14:02:34+00:00,BTC,63014.0,,,coingecko
2026-08-01T14:02:34+00:00,ETH,1867.62,,,coingecko
2026-08-01T14:02:34+00:00,SOL,72.92,,,coingecko
2026-08-01T14:02:34+00:00,XRP,1.063,,,coingecko
2026-08-01T14:02:34+00:00,DOGE,0.070008,,,coingecko
2026-08-01T14:02:34+00:00,BNB,578.76,,,coingecko
2026-08-01T14:02:34+00:00,ADA,0.174837,,,coingecko
2026-08-01T14:02:34+00:00,LINK,8.09,,,coingecko
2026-08-01T14:02:34+00:00,AVAX,6.35,,,coingecko
2026-08-01T14:02:34+00:00,DOT,0.76902,,,coingecko
2026-08-01T14:02:34+00:00,MATIC,0.126156,,,coingecko
2026-08-01T14:02:34+00:00,LTC,44.26,,,coingecko
2026-08-01T14:02:42+00:00,BTC,63009.655,,,consenso
2026-08-01T14:02:42+00:00,ETH,1868.285,,,consenso
2026-08-01T14:02:42+00:00,SOL,72.94,,,consenso
2026-08-01T14:02:42+00:00,XRP,1.06315,,,consenso
2026-08-01T14:02:42+00:00,DOGE,0.07013,,,binance
2026-08-01T14:02:42+00:00,BNB,579.79,,,binance
2026-08-01T14:03:39+00:00,BTC,63015.0,,,coingecko
2026-08-01T14:03:39+00:00,ETH,1867.86,,,coingecko
2026-08-01T14:03:39+00:00,SOL,72.92,,,coingecko
2026-08-01T14:03:39+00:00,XRP,1.063,,,coingecko
2026-08-01T14:03:39+00:00,DOGE,0.070054,,,coingecko
2026-08-01T14:03:39+00:00,BNB,578.84,,,coingecko
2026-08-01T14:03:39+00:00,ADA,0.174867,,,coingecko
2026-08-01T14:03:39+00:00,LINK,8.09,,,coingecko
2026-08-01T14:03:39+00:00,AVAX,6.36,,,coingecko
2026-08-01T14:03:39+00:00,DOT,0.769853,,,coingecko
2026-08-01T14:03:39+00:00,MATIC,0.126156,,,coingecko
2026-08-01T14:03:39+00:00,LTC,44.25,,,coingecko
2026-08-01T14:03:37+00:00,BTC,63009.655,,,consenso
2026-08-01T14:03:37+00:00,ETH,1868.285,,,consenso
2026-08-01T14:03:37+00:00,SOL,73.01,,,consenso
2026-08-01T14:03:37+00:00,XRP,1.0641,,,consenso
2026-08-01T14:03:37+00:00,DOGE,0.07015,,,binance
2026-08-01T14:03:37+00:00,BNB,579.67,,,binance
2026-08-01T14:04:27+00:00,BTC,63009.655,,,consenso
2026-08-01T14:04:27+00:00,ETH,1868.285,,,consenso
2026-08-01T14:04:27+00:00,SOL,73.0,,,consenso
2026-08-01T14:04:27+00:00,XRP,1.064,,,consenso
2026-08-01T14:04:27+00:00,DOGE,0.07015,,,binance
2026-08-01T14:04:27+00:00,BNB,579.82,,,binance
2026-08-01T14:04:43+00:00,BTC,63020.0,,,coingecko
2026-08-01T14:04:43+00:00,ETH,1868.49,,,coingecko
2026-08-01T14:04:43+00:00,SOL,72.93,,,coingecko
2026-08-01T14:04:43+00:00,XRP,1.063,,,coingecko
2026-08-01T14:04:43+00:00,DOGE,0.070069,,,coingecko
2026-08-01T14:04:43+00:00,BNB,579.18,,,coingecko
2026-08-01T14:04:43+00:00,ADA,0.174968,,,coingecko
2026-08-01T14:04:43+00:00,LINK,8.1,,,coingecko
2026-08-01T14:04:43+00:00,AVAX,6.35,,,coingecko
2026-08-01T14:04:43+00:00,DOT,0.770224,,,coingecko
2026-08-01T14:04:43+00:00,MATIC,0.126156,,,coingecko
2026-08-01T14:04:43+00:00,LTC,44.26,,,coingecko
2026-08-01T14:05:46+00:00,BTC,63024.0,,,coingecko
2026-08-01T14:05:46+00:00,ETH,1868.97,,,coingecko
2026-08-01T14:05:46+00:00,SOL,72.94,,,coingecko
2026-08-01T14:05:46+00:00,XRP,1.063,,,coingecko
2026-08-01T14:05:46+00:00,DOGE,0.07009,,,coingecko
2026-08-01T14:05:46+00:00,BNB,579.14,,,coingecko
2026-08-01T14:05:46+00:00,ADA,0.175148,,,coingecko
2026-08-01T14:05:46+00:00,LINK,8.1,,,coingecko
2026-08-01T14:05:46+00:00,AVAX,6.36,,,coingecko
2026-08-01T14:05:46+00:00,DOT,0.770036,,,coingecko
2026-08-01T14:05:46+00:00,MATIC,0.126156,,,coingecko
2026-08-01T14:05:46+00:00,LTC,44.27,,,coingecko
2026-08-01T14:09:51+00:00,BTC,63062.0,,,coingecko
2026-08-01T14:09:51+00:00,ETH,1870.71,,,coingecko
2026-08-01T14:09:51+00:00,SOL,72.96,,,coingecko
2026-08-01T14:09:51+00:00,XRP,1.064,,,coingecko
2026-08-01T14:09:51+00:00,DOGE,0.070136,,,coingecko
2026-08-01T14:09:51+00:00,BNB,579.47,,,coingecko
2026-08-01T14:09:51+00:00,ADA,0.174923,,,coingecko
2026-08-01T14:09:51+00:00,LINK,8.11,,,coingecko
2026-08-01T14:09:51+00:00,AVAX,6.36,,,coingecko
2026-08-01T14:09:51+00:00,DOT,0.770185,,,coingecko
2026-08-01T14:09:51+00:00,MATIC,0.126156,,,coingecko
2026-08-01T14:09:51+00:00,LTC,44.26,,,coingecko
2026-08-01T14:10:58+00:00,BTC,63055.0,,,coingecko
2026-08-01T14:10:58+00:00,ETH,1869.62,,,coingecko
2026-08-01T14:10:58+00:00,SOL,72.92,,,coingecko
2026-08-01T14:10:58+00:00,XRP,1.064,,,coingecko
2026-08-01T14:10:58+00:00,DOGE,0.070122,,,coingecko
2026-08-01T14:10:58+00:00,BNB,579.46,,,coingecko
2026-08-01T14:10:58+00:00,ADA,0.174787,,,coingecko
2026-08-01T14:10:58+00:00,LINK,8.1,,,coingecko
2026-08-01T14:10:58+00:00,AVAX,6.36,,,coingecko
2026-08-01T14:10:58+00:00,DOT,0.770184,,,coingecko
2026-08-01T14:10:58+00:00,MATIC,0.126156,,,coingecko
2026-08-01T14:10:58+00:00,LTC,44.25,,,coingecko
2026-08-01T14:12:03+00:00,BTC,63040.0,,,coingecko
2026-08-01T14:12:03+00:00,ETH,1869.02,,,coingecko
2026-08-01T14:12:03+00:00,SOL,72.9,,,coingecko
2026-08-01T14:12:03+00:00,XRP,1.063,,,coingecko
2026-08-01T14:12:03+00:00,DOGE,0.07007,,,coingecko
2026-08-01T14:12:03+00:00,BNB,579.3,,,coingecko
2026-08-01T14:12:03+00:00,ADA,0.174726,,,coingecko
2026-08-01T14:12:03+00:00,LINK,8.1,,,coingecko
2026-08-01T14:12:03+00:00,AVAX,6.35,,,coingecko
2026-08-01T14:12:03+00:00,DOT,0.769538,,,coingecko
2026-08-01T14:12:03+00:00,MATIC,0.126156,,,coingecko
2026-08-01T14:12:03+00:00,LTC,44.22,,,coingecko
2026-08-01T14:13:08+00:00,BTC,63034.0,,,coingecko
2026-08-01T14:13:08+00:00,ETH,1868.51,,,coingecko
2026-08-01T14:13:08+00:00,SOL,72.88,,,coingecko
2026-08-01T14:13:08+00:00,XRP,1.063,,,coingecko
2026-08-01T14:13:08+00:00,DOGE,0.07006,,,coingecko
2026-08-01T14:13:08+00:00,BNB,579.33,,,coingecko
2026-08-01T14:13:08+00:00,ADA,0.174641,,,coingecko
2026-08-01T14:13:08+00:00,LINK,8.1,,,coingecko
2026-08-01T14:13:08+00:00,AVAX,6.35,,,coingecko
2026-08-01T14:13:08+00:00,DOT,0.769088,,,coingecko
2026-08-01T14:13:08+00:00,MATIC,0.126156,,,coingecko
2026-08-01T14:13:08+00:00,LTC,44.21,,,coingecko
2026-08-01T14:13:28+00:00,BTC,63025.045,,,consenso
2026-08-01T14:13:28+00:00,ETH,1868.525,,,consenso
2026-08-01T14:13:28+00:00,SOL,72.84,,,consenso
2026-08-01T14:13:28+00:00,XRP,1.06335,,,consenso
2026-08-01T14:13:28+00:00,DOGE,0.07014,,,binance
2026-08-01T14:13:28+00:00,BNB,579.36,,,binance
2026-08-01T14:14:14+00:00,BTC,63029.0,,,coingecko
2026-08-01T14:14:14+00:00,ETH,1868.58,,,coingecko
2026-08-01T14:14:14+00:00,SOL,72.86,,,coingecko
2026-08-01T14:14:14+00:00,XRP,1.063,,,coingecko
2026-08-01T14:14:14+00:00,DOGE,0.070065,,,coingecko
2026-08-01T14:14:14+00:00,BNB,579.25,,,coingecko
2026-08-01T14:14:14+00:00,ADA,0.174632,,,coingecko
2026-08-01T14:14:14+00:00,LINK,8.09,,,coingecko
2026-08-01T14:14:14+00:00,AVAX,6.35,,,coingecko
2026-08-01T14:14:14+00:00,DOT,0.77005,,,coingecko
2026-08-01T14:14:14+00:00,MATIC,0.126156,,,coingecko
2026-08-01T14:14:14+00:00,LTC,44.19,,,coingecko
2026-08-01T14:14:52+00:00,BTC,63025.045,,,consenso
2026-08-01T14:14:52+00:00,ETH,1868.525,,,consenso
2026-08-01T14:14:52+00:00,SOL,72.88,,,consenso
2026-08-01T14:14:52+00:00,XRP,1.0642,,,consenso
2026-08-01T14:14:52+00:00,DOGE,0.07014,,,binance
2026-08-01T14:14:52+00:00,BNB,579.46,,,binance
2026-08-01T14:15:18+00:00,BTC,63028.0,,,coingecko
2026-08-01T14:15:18+00:00,ETH,1868.13,,,coingecko
2026-08-01T14:15:18+00:00,SOL,72.82,,,coingecko
2026-08-01T14:15:18+00:00,XRP,1.063,,,coingecko
2026-08-01T14:15:18+00:00,DOGE,0.070071,,,coingecko
2026-08-01T14:15:18+00:00,BNB,579.03,,,coingecko
2026-08-01T14:15:18+00:00,ADA,0.174614,,,coingecko
2026-08-01T14:15:18+00:00,LINK,8.1,,,coingecko
2026-08-01T14:15:18+00:00,AVAX,6.35,,,coingecko
2026-08-01T14:15:18+00:00,DOT,0.769788,,,coingecko
2026-08-01T14:15:18+00:00,MATIC,0.126156,,,coingecko
2026-08-01T14:15:18+00:00,LTC,44.14,,,coingecko
2026-08-01T14:15:54+00:00,BTC,63025.045,,,consenso
2026-08-01T14:15:54+00:00,ETH,1868.525,,,consenso
2026-08-01T14:15:54+00:00,SOL,72.86,,,consenso
2026-08-01T14:15:54+00:00,XRP,1.0643,,,consenso
2026-08-01T14:15:54+00:00,DOGE,0.07014,,,binance
2026-08-01T14:15:54+00:00,BNB,579.29,,,binance
2026-08-01T14:16:25+00:00,BTC,63025.0,,,coingecko
2026-08-01T14:16:25+00:00,ETH,1868.14,,,coingecko
2026-08-01T14:16:25+00:00,SOL,72.83,,,coingecko
2026-08-01T14:16:25+00:00,XRP,1.063,,,coingecko
2026-08-01T14:16:25+00:00,DOGE,0.070072,,,coingecko
2026-08-01T14:16:25+00:00,BNB,578.85,,,coingecko
2026-08-01T14:16:25+00:00,ADA,0.174602,,,coingecko
2026-08-01T14:16:25+00:00,LINK,8.09,,,coingecko
2026-08-01T14:16:25+00:00,AVAX,6.35,,,coingecko
2026-08-01T14:16:25+00:00,DOT,0.769757,,,coingecko
2026-08-01T14:16:25+00:00,MATIC,0.126156,,,coingecko
2026-08-01T14:16:25+00:00,LTC,44.14,,,coingecko
2026-08-01T14:17:29+00:00,BTC,63022.0,,,coingecko
2026-08-01T14:17:29+00:00,ETH,1868.24,,,coingecko
2026-08-01T14:17:29+00:00,SOL,72.82,,,coingecko
2026-08-01T14:17:29+00:00,XRP,1.063,,,coingecko
2026-08-01T14:17:29+00:00,DOGE,0.070073,,,coingecko
2026-08-01T14:17:29+00:00,BNB,578.83,,,coingecko
2026-08-01T14:17:29+00:00,ADA,0.174432,,,coingecko
2026-08-01T14:17:29+00:00,LINK,8.09,,,coingecko
2026-08-01T14:17:29+00:00,AVAX,6.35,,,coingecko
2026-08-01T14:17:29+00:00,DOT,0.769405,,,coingecko
2026-08-01T14:17:29+00:00,MATIC,0.126156,,,coingecko
2026-08-01T14:17:29+00:00,LTC,44.14,,,coingecko
2026-08-01T14:18:34+00:00,BTC,63025.0,,,coingecko
2026-08-01T14:18:34+00:00,ETH,1868.8,,,coingecko
2026-08-01T14:18:34+00:00,SOL,72.81,,,coingecko
2026-08-01T14:18:34+00:00,XRP,1.064,,,coingecko
2026-08-01T14:18:34+00:00,DOGE,0.070104,,,coingecko
2026-08-01T14:18:34+00:00,BNB,578.84,,,coingecko
2026-08-01T14:18:34+00:00,ADA,0.17466,,,coingecko
2026-08-01T14:18:34+00:00,LINK,8.09,,,coingecko
2026-08-01T14:18:34+00:00,AVAX,6.35,,,coingecko
2026-08-01T14:18:34+00:00,DOT,0.769672,,,coingecko
2026-08-01T14:18:34+00:00,MATIC,0.126156,,,coingecko
2026-08-01T14:18:34+00:00,LTC,44.14,,,coingecko
2026-08-01T14:19:38+00:00,BTC,63038.0,,,coingecko
2026-08-01T14:19:38+00:00,ETH,1869.1,,,coingecko
2026-08-01T14:19:38+00:00,SOL,72.82,,,coingecko
2026-08-01T14:19:38+00:00,XRP,1.064,,,coingecko
2026-08-01T14:19:38+00:00,DOGE,0.070124,,,coingecko
2026-08-01T14:19:38+00:00,BNB,578.79,,,coingecko
2026-08-01T14:19:38+00:00,ADA,0.174654,,,coingecko
2026-08-01T14:19:38+00:00,LINK,8.1,,,coingecko
2026-08-01T14:19:38+00:00,AVAX,6.35,,,coingecko
2026-08-01T14:19:38+00:00,DOT,0.769781,,,coingecko
2026-08-01T14:19:38+00:00,MATIC,0.126156,,,coingecko
2026-08-01T14:19:38+00:00,LTC,44.15,,,coingecko
2026-08-01T14:23:14+00:00,BTC,63055.625,,,consenso
2026-08-01T14:23:14+00:00,ETH,1870.445,,,consenso
2026-08-01T14:23:14+00:00,SOL,72.855,,,consenso
2026-08-01T14:23:14+00:00,XRP,1.06375,,,consenso
2026-08-01T14:23:14+00:00,DOGE,0.07016,,,binance
2026-08-01T14:23:14+00:00,BNB,579.25,,,binance
2026-08-01T14:24:16+00:00,BTC,63061.0,,,coingecko
2026-08-01T14:24:16+00:00,ETH,1870.37,,,coingecko
2026-08-01T14:24:16+00:00,SOL,72.85,,,coingecko
2026-08-01T14:24:16+00:00,XRP,1.064,,,coingecko
2026-08-01T14:24:16+00:00,DOGE,0.070093,,,coingecko
2026-08-01T14:24:16+00:00,BNB,578.72,,,coingecko
2026-08-01T14:24:16+00:00,ADA,0.1737,,,coingecko
2026-08-01T14:24:16+00:00,LINK,8.1,,,coingecko
2026-08-01T14:24:16+00:00,AVAX,6.35,,,coingecko
2026-08-01T14:24:16+00:00,DOT,0.768849,,,coingecko
2026-08-01T14:24:16+00:00,MATIC,0.126156,,,coingecko
2026-08-01T14:24:16+00:00,LTC,44.16,,,coingecko
2026-08-01T14:24:45+00:00,BTC,63055.625,,,consenso
2026-08-01T14:24:45+00:00,ETH,1870.445,,,consenso
2026-08-01T14:24:45+00:00,SOL,72.9,,,consenso
2026-08-01T14:24:45+00:00,XRP,1.065,,,consenso
2026-08-01T14:24:45+00:00,DOGE,0.07015,,,binance
2026-08-01T14:24:45+00:00,BNB,579.17,,,binance
2026-08-01T14:25:21+00:00,BTC,63061.0,,,coingecko
2026-08-01T14:25:21+00:00,ETH,1870.61,,,coingecko
2026-08-01T14:25:21+00:00,SOL,72.85,,,coingecko
2026-08-01T14:25:21+00:00,XRP,1.064,,,coingecko
2026-08-01T14:25:21+00:00,DOGE,0.070089,,,coingecko
2026-08-01T14:25:21+00:00,BNB,578.73,,,coingecko
2026-08-01T14:25:21+00:00,ADA,0.173675,,,coingecko
2026-08-01T14:25:21+00:00,LINK,8.1,,,coingecko
2026-08-01T14:25:21+00:00,AVAX,6.36,,,coingecko
2026-08-01T14:25:21+00:00,DOT,0.768816,,,coingecko
2026-08-01T14:25:21+00:00,MATIC,0.126156,,,coingecko
2026-08-01T14:25:21+00:00,LTC,44.16,,,coingecko
2026-08-01T14:25:42+00:00,BTC,63055.625,,,consenso
2026-08-01T14:25:42+00:00,ETH,1870.445,,,consenso
2026-08-01T14:25:42+00:00,SOL,72.91,,,consenso
2026-08-01T14:25:42+00:00,XRP,1.065,,,consenso
2026-08-01T14:25:42+00:00,DOGE,0.07011,,,binance
2026-08-01T14:25:42+00:00,BNB,578.82,,,binance
2026-08-01T14:26:25+00:00,BTC,63058.0,,,coingecko
2026-08-01T14:26:25+00:00,ETH,1870.45,,,coingecko
2026-08-01T14:26:25+00:00,SOL,72.85,,,coingecko
2026-08-01T14:26:25+00:00,XRP,1.064,,,coingecko
2026-08-01T14:26:25+00:00,DOGE,0.070087,,,coingecko
2026-08-01T14:26:25+00:00,BNB,578.66,,,coingecko
2026-08-01T14:26:25+00:00,ADA,0.173823,,,coingecko
2026-08-01T14:26:25+00:00,LINK,8.1,,,coingecko
2026-08-01T14:26:25+00:00,AVAX,6.36,,,coingecko
2026-08-01T14:26:25+00:00,DOT,0.768859,,,coingecko
2026-08-01T14:26:25+00:00,MATIC,0.126156,,,coingecko
2026-08-01T14:26:25+00:00,LTC,44.15,,,coingecko
2026-08-01T14:27:28+00:00,BTC,63059.0,,,coingecko
2026-08-01T14:27:28+00:00,ETH,1870.51,,,coingecko
2026-08-01T14:27:28+00:00,SOL,72.85,,,coingecko
2026-08-01T14:27:28+00:00,XRP,1.064,,,coingecko
2026-08-01T14:27:28+00:00,DOGE,0.070057,,,coingecko
2026-08-01T14:27:28+00:00,BNB,578.37,,,coingecko
2026-08-01T14:27:28+00:00,ADA,0.173791,,,coingecko
2026-08-01T14:27:28+00:00,LINK,8.1,,,coingecko
2026-08-01T14:27:28+00:00,AVAX,6.35,,,coingecko
2026-08-01T14:27:28+00:00,DOT,0.768806,,,coingecko
2026-08-01T14:27:28+00:00,MATIC,0.126156,,,coingecko
2026-08-01T14:27:28+00:00,LTC,44.14,,,coingecko
2026-08-01T14:28:32+00:00,BTC,63059.0,,,coingecko
2026-08-01T14:28:32+00:00,ETH,1870.53,,,coingecko
2026-08-01T14:28:32+00:00,SOL,72.85,,,coingecko
2026-08-01T14:28:32+00:00,XRP,1.064,,,coingecko
2026-08-01T14:28:32+00:00,DOGE,0.070052,,,coingecko
2026-08-01T14:28:32+00:00,BNB,578.45,,,coingecko
2026-08-01T14:28:32+00:00,ADA,0.173802,,,coingecko
2026-08-01T14:28:32+00:00,LINK,8.1,,,coingecko
2026-08-01T14:28:32+00:00,AVAX,6.35,,,coingecko
2026-08-01T14:28:32+00:00,DOT,0.768866,,,coingecko
2026-08-01T14:28:32+00:00,MATIC,0.126156,,,coingecko
2026-08-01T14:28:32+00:00,LTC,44.13,,,coingecko
2026-08-01T14:29:36+00:00,BTC,63060.0,,,coingecko
2026-08-01T14:29:36+00:00,ETH,1870.8,,,coingecko
2026-08-01T14:29:36+00:00,SOL,72.88,,,coingecko
2026-08-01T14:29:36+00:00,XRP,1.064,,,coingecko
2026-08-01T14:29:36+00:00,DOGE,0.070051,,,coingecko
2026-08-01T14:29:36+00:00,BNB,578.5,,,coingecko
2026-08-01T14:29:36+00:00,ADA,0.173862,,,coingecko
2026-08-01T14:29:36+00:00,LINK,8.1,,,coingecko
2026-08-01T14:29:36+00:00,AVAX,6.36,,,coingecko
2026-08-01T14:29:36+00:00,DOT,0.768668,,,coingecko
2026-08-01T14:29:36+00:00,MATIC,0.126156,,,coingecko
2026-08-01T14:29:36+00:00,LTC,44.13,,,coingecko
2026-08-01T14:30:41+00:00,BTC,63061.0,,,coingecko
2026-08-01T14:30:41+00:00,ETH,1871.17,,,coingecko
2026-08-01T14:30:41+00:00,SOL,72.9,,,coingecko
2026-08-01T14:30:41+00:00,XRP,1.064,,,coingecko
2026-08-01T14:30:41+00:00,DOGE,0.070061,,,coingecko
2026-08-01T14:30:41+00:00,BNB,578.7,,,coingecko
2026-08-01T14:30:41+00:00,ADA,0.173701,,,coingecko
2026-08-01T14:30:41+00:00,LINK,8.1,,,coingecko
2026-08-01T14:30:41+00:00,AVAX,6.35,,,coingecko
2026-08-01T14:30:41+00:00,DOT,0.769145,,,coingecko
2026-08-01T14:30:41+00:00,MATIC,0.126156,,,coingecko
2026-08-01T14:30:41+00:00,LTC,44.14,,,coingecko
2026-08-01T14:31:45+00:00,BTC,63059.0,,,coingecko
2026-08-01T14:31:45+00:00,ETH,1871.3,,,coingecko
2026-08-01T14:31:45+00:00,SOL,72.91,,,coingecko
2026-08-01T14:31:45+00:00,XRP,1.064,,,coingecko
2026-08-01T14:31:45+00:00,DOGE,0.070052,,,coingecko
2026-08-01T14:31:45+00:00,BNB,578.72,,,coingecko
2026-08-01T14:31:45+00:00,ADA,0.173581,,,coingecko
2026-08-01T14:31:45+00:00,LINK,8.1,,,coingecko
2026-08-01T14:31:45+00:00,AVAX,6.35,,,coingecko
2026-08-01T14:31:45+00:00,DOT,0.769561,,,coingecko
2026-08-01T14:31:45+00:00,MATIC,0.126156,,,coingecko
2026-08-01T14:31:45+00:00,LTC,44.14,,,coingecko
2026-08-01T14:31:47+00:00,BTC,63054.995,,,consenso
2026-08-01T14:31:47+00:00,ETH,1872.085,,,consenso
2026-08-01T14:31:47+00:00,SOL,72.925,,,consenso
2026-08-01T14:31:47+00:00,XRP,1.0643,,,consenso
2026-08-01T14:31:47+00:00,DOGE,0.07008,,,binance
2026-08-01T14:31:47+00:00,BNB,579.05,,,binance
2026-08-01T14:32:43+00:00,BTC,63054.995,,,consenso
2026-08-01T14:32:43+00:00,ETH,1872.085,,,consenso
2026-08-01T14:32:43+00:00,SOL,72.97,,,consenso
2026-08-01T14:32:43+00:00,XRP,1.0652,,,consenso
2026-08-01T14:32:43+00:00,DOGE,0.07007,,,binance
2026-08-01T14:32:43+00:00,BNB,578.81,,,binance
2026-08-01T14:32:49+00:00,BTC,63064.0,,,coingecko
2026-08-01T14:32:49+00:00,ETH,1871.98,,,coingecko
2026-08-01T14:32:49+00:00,SOL,72.91,,,coingecko
2026-08-01T14:32:49+00:00,XRP,1.064,,,coingecko
2026-08-01T14:32:49+00:00,DOGE,0.070049,,,coingecko
2026-08-01T14:32:49+00:00,BNB,578.79,,,coingecko
2026-08-01T14:32:49+00:00,ADA,0.173525,,,coingecko
2026-08-01T14:32:49+00:00,LINK,8.1,,,coingecko
2026-08-01T14:32:49+00:00,AVAX,6.36,,,coingecko
2026-08-01T14:32:49+00:00,DOT,0.769732,,,coingecko
2026-08-01T14:32:49+00:00,MATIC,0.126156,,,coingecko
2026-08-01T14:32:49+00:00,LTC,44.13,,,coingecko
2026-08-01T14:33:34+00:00,BTC,63054.995,,,consenso
2026-08-01T14:33:34+00:00,ETH,1872.085,,,consenso
2026-08-01T14:33:34+00:00,SOL,72.97,,,consenso
2026-08-01T14:33:34+00:00,XRP,1.0651,,,consenso
2026-08-01T14:33:34+00:00,DOGE,0.07006,,,binance
2026-08-01T14:33:34+00:00,BNB,578.81,,,binance
2026-08-01T14:33:53+00:00,BTC,63054.0,,,coingecko
2026-08-01T14:33:53+00:00,ETH,1870.93,,,coingecko
2026-08-01T14:33:53+00:00,SOL,72.9,,,coingecko
2026-08-01T14:33:53+00:00,XRP,1.064,,,coingecko
2026-08-01T14:33:53+00:00,DOGE,0.070015,,,coingecko
2026-08-01T14:33:53+00:00,BNB,578.53,,,coingecko
2026-08-01T14:33:53+00:00,ADA,0.173493,,,coingecko
2026-08-01T14:33:53+00:00,LINK,8.1,,,coingecko
2026-08-01T14:33:53+00:00,AVAX,6.36,,,coingecko
2026-08-01T14:33:53+00:00,DOT,0.769677,,,coingecko
2026-08-01T14:33:53+00:00,MATIC,0.126156,,,coingecko
2026-08-01T14:33:53+00:00,LTC,44.11,,,coingecko
2026-08-01T14:37:34+00:00,BTC,63048.0,,,coingecko
2026-08-01T14:37:34+00:00,ETH,1870.44,,,coingecko
2026-08-01T14:37:34+00:00,SOL,72.88,,,coingecko
2026-08-01T14:37:34+00:00,XRP,1.064,,,coingecko
2026-08-01T14:37:34+00:00,DOGE,0.070003,,,coingecko
2026-08-01T14:37:34+00:00,BNB,578.57,,,coingecko
2026-08-01T14:37:34+00:00,ADA,0.17305,,,coingecko
2026-08-01T14:37:34+00:00,LINK,8.1,,,coingecko
2026-08-01T14:37:34+00:00,AVAX,6.35,,,coingecko
2026-08-01T14:37:34+00:00,DOT,0.769921,,,coingecko
2026-08-01T14:37:34+00:00,MATIC,0.126156,,,coingecko
2026-08-01T14:37:34+00:00,LTC,44.09,,,coingecko
2026-08-01T14:38:40+00:00,BTC,63045.0,,,coingecko
2026-08-01T14:38:40+00:00,ETH,1870.71,,,coingecko
2026-08-01T14:38:40+00:00,SOL,72.9,,,coingecko
2026-08-01T14:38:40+00:00,XRP,1.064,,,coingecko
2026-08-01T14:38:40+00:00,DOGE,0.070004,,,coingecko
2026-08-01T14:38:40+00:00,BNB,578.75,,,coingecko
2026-08-01T14:38:40+00:00,ADA,0.17301,,,coingecko
2026-08-01T14:38:40+00:00,LINK,8.1,,,coingecko
2026-08-01T14:38:40+00:00,AVAX,6.35,,,coingecko
2026-08-01T14:38:40+00:00,DOT,0.770095,,,coingecko
2026-08-01T14:38:40+00:00,MATIC,0.126156,,,coingecko
2026-08-01T14:38:40+00:00,LTC,44.1,,,coingecko
2026-08-01T14:39:44+00:00,BTC,63045.0,,,coingecko
2026-08-01T14:39:44+00:00,ETH,1870.79,,,coingecko
2026-08-01T14:39:44+00:00,SOL,72.91,,,coingecko
2026-08-01T14:39:44+00:00,XRP,1.064,,,coingecko
2026-08-01T14:39:44+00:00,DOGE,0.070008,,,coingecko
2026-08-01T14:39:44+00:00,BNB,578.9,,,coingecko
2026-08-01T14:39:44+00:00,ADA,0.173007,,,coingecko
2026-08-01T14:39:44+00:00,LINK,8.1,,,coingecko
2026-08-01T14:39:44+00:00,AVAX,6.35,,,coingecko
2026-08-01T14:39:44+00:00,DOT,0.77018,,,coingecko
2026-08-01T14:39:44+00:00,MATIC,0.126156,,,coingecko
2026-08-01T14:39:44+00:00,LTC,44.1,,,coingecko
2026-08-01T14:40:47+00:00,BTC,63044.0,,,coingecko
2026-08-01T14:40:47+00:00,ETH,1870.76,,,coingecko
2026-08-01T14:40:47+00:00,SOL,72.91,,,coingecko
2026-08-01T14:40:47+00:00,XRP,1.064,,,coingecko
2026-08-01T14:40:47+00:00,DOGE,0.070018,,,coingecko
2026-08-01T14:40:47+00:00,BNB,578.89,,,coingecko
2026-08-01T14:40:47+00:00,ADA,0.17305,,,coingecko
2026-08-01T14:40:47+00:00,LINK,8.1,,,coingecko
2026-08-01T14:40:47+00:00,AVAX,6.36,,,coingecko
2026-08-01T14:40:47+00:00,DOT,0.770231,,,coingecko
2026-08-01T14:40:47+00:00,MATIC,0.126156,,,coingecko
2026-08-01T14:40:47+00:00,LTC,44.1,,,coingecko
2026-08-01T14:40:49+00:00,BTC,63038.655,,,consenso
2026-08-01T14:40:49+00:00,ETH,1870.89,,,consenso
2026-08-01T14:40:49+00:00,SOL,72.93,,,consenso
2026-08-01T14:40:49+00:00,XRP,1.06425,,,consenso
2026-08-01T14:40:49+00:00,DOGE,0.07006,,,binance
2026-08-01T14:40:49+00:00,BNB,579.3,,,binance
2026-08-01T14:41:51+00:00,BTC,63042.0,,,coingecko
2026-08-01T14:41:51+00:00,ETH,1870.91,,,coingecko
2026-08-01T14:41:51+00:00,SOL,72.92,,,coingecko
2026-08-01T14:41:51+00:00,XRP,1.064,,,coingecko
2026-08-01T14:41:51+00:00,DOGE,0.07002,,,coingecko
2026-08-01T14:41:51+00:00,BNB,578.91,,,coingecko
2026-08-01T14:41:51+00:00,ADA,0.17308,,,coingecko
2026-08-01T14:41:51+00:00,LINK,8.1,,,coingecko
2026-08-01T14:41:51+00:00,AVAX,6.35,,,coingecko
2026-08-01T14:41:51+00:00,DOT,0.770454,,,coingecko
2026-08-01T14:41:51+00:00,MATIC,0.126156,,,coingecko
2026-08-01T14:41:51+00:00,LTC,44.1,,,coingecko
2026-08-01T14:41:51+00:00,BTC,63038.655,,,consenso
2026-08-01T14:41:51+00:00,ETH,1870.89,,,consenso
2026-08-01T14:41:51+00:00,SOL,72.97,,,consenso
2026-08-01T14:41:51+00:00,XRP,1.0651,,,consenso
2026-08-01T14:41:51+00:00,DOGE,0.07005,,,binance
2026-08-01T14:41:51+00:00,BNB,579.21,,,binance
2026-08-01T14:42:39+00:00,BTC,63038.655,,,consenso
2026-08-01T14:42:39+00:00,ETH,1870.89,,,consenso
2026-08-01T14:42:39+00:00,SOL,72.96,,,consenso
2026-08-01T14:42:39+00:00,XRP,1.0651,,,consenso
2026-08-01T14:42:39+00:00,DOGE,0.07005,,,binance
2026-08-01T14:42:39+00:00,BNB,579.13,,,binance
2026-08-01T14:42:56+00:00,BTC,63042.0,,,coingecko
2026-08-01T14:42:56+00:00,ETH,1870.85,,,coingecko
2026-08-01T14:42:56+00:00,SOL,72.92,,,coingecko
2026-08-01T14:42:56+00:00,XRP,1.064,,,coingecko
2026-08-01T14:42:56+00:00,DOGE,0.070009,,,coingecko
2026-08-01T14:42:56+00:00,BNB,578.81,,,coingecko
2026-08-01T14:42:56+00:00,ADA,0.173046,,,coingecko
2026-08-01T14:42:56+00:00,LINK,8.1,,,coingecko
2026-08-01T14:42:56+00:00,AVAX,6.35,,,coingecko
2026-08-01T14:42:56+00:00,DOT,0.770308,,,coingecko
2026-08-01T14:42:56+00:00,MATIC,0.126156,,,coingecko
2026-08-01T14:42:56+00:00,LTC,44.09,,,coingecko
2026-08-01T14:44:02+00:00,BTC,63033.0,,,coingecko
2026-08-01T14:44:02+00:00,ETH,1870.54,,,coingecko
2026-08-01T14:44:02+00:00,SOL,72.91,,,coingecko
2026-08-01T14:44:02+00:00,XRP,1.064,,,coingecko
2026-08-01T14:44:02+00:00,DOGE,0.06999,,,coingecko
2026-08-01T14:44:02+00:00,BNB,578.56,,,coingecko
2026-08-01T14:44:02+00:00,ADA,0.172929,,,coingecko
2026-08-01T14:44:02+00:00,LINK,8.1,,,coingecko
2026-08-01T14:44:02+00:00,AVAX,6.36,,,coingecko
2026-08-01T14:44:02+00:00,DOT,0.769811,,,coingecko
2026-08-01T14:44:02+00:00,MATIC,0.126156,,,coingecko
2026-08-01T14:44:02+00:00,LTC,44.08,,,coingecko
2026-08-01T14:45:05+00:00,BTC,63032.0,,,coingecko
2026-08-01T14:45:05+00:00,ETH,1870.54,,,coingecko
2026-08-01T14:45:05+00:00,SOL,72.9,,,coingecko
2026-08-01T14:45:05+00:00,XRP,1.064,,,coingecko
2026-08-01T14:45:05+00:00,DOGE,0.069982,,,coingecko
2026-08-01T14:45:05+00:00,BNB,578.62,,,coingecko
2026-08-01T14:45:05+00:00,ADA,0.172965,,,coingecko
2026-08-01T14:45:05+00:00,LINK,8.1,,,coingecko
2026-08-01T14:45:05+00:00,AVAX,6.36,,,coingecko
2026-08-01T14:45:05+00:00,DOT,0.770271,,,coingecko
2026-08-01T14:45:05+00:00,MATIC,0.126156,,,coingecko
2026-08-01T14:45:05+00:00,LTC,44.08,,,coingecko
2026-08-01T14:46:10+00:00,BTC,63041.0,,,coingecko
2026-08-01T14:46:10+00:00,ETH,1870.68,,,coingecko
2026-08-01T14:46:10+00:00,SOL,72.91,,,coingecko
2026-08-01T14:46:10+00:00,XRP,1.064,,,coingecko
2026-08-01T14:46:10+00:00,DOGE,0.069979,,,coingecko
2026-08-01T14:46:10+00:00,BNB,578.63,,,coingecko
2026-08-01T14:46:10+00:00,ADA,0.173072,,,coingecko
2026-08-01T14:46:10+00:00,LINK,8.1,,,coingecko
2026-08-01T14:46:10+00:00,AVAX,6.36,,,coingecko
2026-08-01T14:46:10+00:00,DOT,0.77049,,,coingecko
2026-08-01T14:46:10+00:00,MATIC,0.126156,,,coingecko
2026-08-01T14:46:10+00:00,LTC,44.08,,,coingecko
2026-08-01T14:47:14+00:00,BTC,63049.0,,,coingecko
2026-08-01T14:47:14+00:00,ETH,1870.85,,,coingecko
2026-08-01T14:47:14+00:00,SOL,72.91,,,coingecko
2026-08-01T14:47:14+00:00,XRP,1.064,,,coingecko
2026-08-01T14:47:14+00:00,DOGE,0.069989,,,coingecko
2026-08-01T14:47:14+00:00,BNB,578.64,,,coingecko
2026-08-01T14:47:14+00:00,ADA,0.173162,,,coingecko
2026-08-01T14:47:14+00:00,LINK,8.1,,,coingecko
2026-08-01T14:47:14+00:00,AVAX,6.36,,,coingecko
2026-08-01T14:47:14+00:00,DOT,0.77062,,,coingecko
2026-08-01T14:47:14+00:00,MATIC,0.126156,,,coingecko
2026-08-01T14:47:14+00:00,LTC,44.08,,,coingecko
2026-08-01T14:48:23+00:00,BTC,63032.585,,,consenso
2026-08-01T14:48:23+00:00,ETH,1870.785,,,consenso
2026-08-01T14:48:23+00:00,SOL,72.91,,,consenso
2026-08-01T14:48:23+00:00,XRP,1.0643,,,consenso
2026-08-01T14:48:23+00:00,DOGE,0.07005,,,binance
2026-08-01T14:48:23+00:00,BNB,578.78,,,binance
2026-08-01T14:49:35+00:00,BTC,63032.585,,,consenso
2026-08-01T14:49:35+00:00,ETH,1870.785,,,consenso
2026-08-01T14:49:35+00:00,SOL,72.97,,,consenso
2026-08-01T14:49:35+00:00,XRP,1.0652,,,consenso
2026-08-01T14:49:35+00:00,DOGE,0.07006,,,binance
2026-08-01T14:49:35+00:00,BNB,578.79,,,binance
2026-08-01T14:50:35+00:00,BTC,63041.0,,,coingecko
2026-08-01T14:50:35+00:00,ETH,1870.83,,,coingecko
2026-08-01T14:50:35+00:00,SOL,72.91,,,coingecko
2026-08-01T14:50:35+00:00,XRP,1.064,,,coingecko
2026-08-01T14:50:35+00:00,DOGE,0.069989,,,coingecko
2026-08-01T14:50:35+00:00,BNB,578.24,,,coingecko
2026-08-01T14:50:35+00:00,ADA,0.172861,,,coingecko
2026-08-01T14:50:35+00:00,LINK,8.1,,,coingecko
2026-08-01T14:50:35+00:00,AVAX,6.36,,,coingecko
2026-08-01T14:50:35+00:00,DOT,0.77295,,,coingecko
2026-08-01T14:50:35+00:00,MATIC,0.126156,,,coingecko
2026-08-01T14:50:35+00:00,LTC,44.11,,,coingecko
2026-08-01T14:50:59+00:00,BTC,63032.585,,,consenso
2026-08-01T14:50:59+00:00,ETH,1870.785,,,consenso
2026-08-01T14:50:59+00:00,SOL,72.95,,,consenso
2026-08-01T14:50:59+00:00,XRP,1.0651,,,consenso
2026-08-01T14:50:59+00:00,DOGE,0.07006,,,binance
2026-08-01T14:50:59+00:00,BNB,578.79,,,binance
2026-08-01T14:51:42+00:00,BTC,63040.0,,,coingecko
2026-08-01T14:51:42+00:00,ETH,1870.81,,,coingecko
2026-08-01T14:51:42+00:00,SOL,72.89,,,coingecko
2026-08-01T14:51:42+00:00,XRP,1.064,,,coingecko
2026-08-01T14:51:42+00:00,DOGE,0.069995,,,coingecko
2026-08-01T14:51:42+00:00,BNB,578.24,,,coingecko
2026-08-01T14:51:42+00:00,ADA,0.172824,,,coingecko
2026-08-01T14:51:42+00:00,LINK,8.1,,,coingecko
2026-08-01T14:51:42+00:00,AVAX,6.36,,,coingecko
2026-08-01T14:51:42+00:00,DOT,0.774289,,,coingecko
2026-08-01T14:51:42+00:00,MATIC,0.126156,,,coingecko
2026-08-01T14:51:42+00:00,LTC,44.1,,,coingecko
2026-08-01T14:52:46+00:00,BTC,63042.0,,,coingecko
2026-08-01T14:52:46+00:00,ETH,1870.76,,,coingecko
2026-08-01T14:52:46+00:00,SOL,72.89,,,coingecko
2026-08-01T14:52:46+00:00,XRP,1.064,,,coingecko
2026-08-01T14:52:46+00:00,DOGE,0.069996,,,coingecko
2026-08-01T14:52:46+00:00,BNB,578.27,,,coingecko
2026-08-01T14:52:46+00:00,ADA,0.172756,,,coingecko
2026-08-01T14:52:46+00:00,LINK,8.1,,,coingecko
2026-08-01T14:52:46+00:00,AVAX,6.36,,,coingecko
2026-08-01T14:52:46+00:00,DOT,0.775038,,,coingecko
2026-08-01T14:52:46+00:00,MATIC,0.126156,,,coingecko
2026-08-01T14:52:46+00:00,LTC,44.11,,,coingecko
2026-08-01T14:53:50+00:00,BTC,63039.0,,,coingecko
2026-08-01T14:53:50+00:00,ETH,1870.75,,,coingecko
2026-08-01T14:53:50+00:00,SOL,72.9,,,coingecko
2026-08-01T14:53:50+00:00,XRP,1.064,,,coingecko
2026-08-01T14:53:50+00:00,DOGE,0.07001,,,coingecko
2026-08-01T14:53:50+00:00,BNB,578.25,,,coingecko
2026-08-01T14:53:50+00:00,ADA,0.172808,,,coingecko
2026-08-01T14:53:50+00:00,LINK,8.1,,,coingecko
2026-08-01T14:53:50+00:00,AVAX,6.36,,,coingecko
2026-08-01T14:53:50+00:00,DOT,0.778213,,,coingecko
2026-08-01T14:53:50+00:00,MATIC,0.126156,,,coingecko
2026-08-01T14:53:50+00:00,LTC,44.11,,,coingecko
2026-08-01T14:54:54+00:00,BTC,63042.0,,,coingecko
2026-08-01T14:54:54+00:00,ETH,1870.76,,,coingecko
2026-08-01T14:54:54+00:00,SOL,72.89,,,coingecko
2026-08-01T14:54:54+00:00,XRP,1.064,,,coingecko
2026-08-01T14:54:54+00:00,DOGE,0.07003,,,coingecko
2026-08-01T14:54:54+00:00,BNB,578.2,,,coingecko
2026-08-01T14:54:54+00:00,ADA,0.172968,,,coingecko
2026-08-01T14:54:54+00:00,LINK,8.1,,,coingecko
2026-08-01T14:54:54+00:00,AVAX,6.36,,,coingecko
2026-08-01T14:54:54+00:00,DOT,0.780692,,,coingecko
2026-08-01T14:54:54+00:00,MATIC,0.126156,,,coingecko
2026-08-01T14:54:54+00:00,LTC,44.11,,,coingecko
2026-08-01T14:55:58+00:00,BTC,63042.0,,,coingecko
2026-08-01T14:55:58+00:00,ETH,1870.68,,,coingecko
2026-08-01T14:55:58+00:00,SOL,72.9,,,coingecko
2026-08-01T14:55:58+00:00,XRP,1.064,,,coingecko
2026-08-01T14:55:58+00:00,DOGE,0.070038,,,coingecko
2026-08-01T14:55:58+00:00,BNB,578.18,,,coingecko
2026-08-01T14:55:58+00:00,ADA,0.172913,,,coingecko
2026-08-01T14:55:58+00:00,LINK,8.1,,,coingecko
2026-08-01T14:55:58+00:00,AVAX,6.36,,,coingecko
2026-08-01T14:55:58+00:00,DOT,0.779978,,,coingecko
2026-08-01T14:55:58+00:00,MATIC,0.126156,,,coingecko
2026-08-01T14:55:58+00:00,LTC,44.11,,,coingecko
2026-08-01T14:57:04+00:00,BTC,63028.0,,,coingecko
2026-08-01T14:57:04+00:00,ETH,1870.5,,,coingecko
2026-08-01T14:57:04+00:00,SOL,72.89,,,coingecko
2026-08-01T14:57:04+00:00,XRP,1.064,,,coingecko
2026-08-01T14:57:04+00:00,DOGE,0.070024,,,coingecko
2026-08-01T14:57:04+00:00,BNB,577.91,,,coingecko
2026-08-01T14:57:04+00:00,ADA,0.1729,,,coingecko
2026-08-01T14:57:04+00:00,LINK,8.1,,,coingecko
2026-08-01T14:57:04+00:00,AVAX,6.36,,,coingecko
2026-08-01T14:57:04+00:00,DOT,0.779219,,,coingecko
2026-08-01T14:57:04+00:00,MATIC,0.126156,,,coingecko
2026-08-01T14:57:04+00:00,LTC,44.1,,,coingecko
2026-08-01T14:57:09+00:00,BTC,63028.52,,,consenso
2026-08-01T14:57:09+00:00,ETH,1871.195,,,consenso
2026-08-01T14:57:09+00:00,SOL,72.92,,,consenso
2026-08-01T14:57:09+00:00,XRP,1.0648,,,consenso
2026-08-01T14:57:09+00:00,DOGE,0.07011,,,binance
2026-08-01T14:57:09+00:00,BNB,578.38,,,binance
2026-08-01T14:58:08+00:00,BTC,63033.0,,,coingecko
2026-08-01T14:58:08+00:00,ETH,1870.75,,,coingecko
2026-08-01T14:58:08+00:00,SOL,72.9,,,coingecko
2026-08-01T14:58:08+00:00,XRP,1.065,,,coingecko
2026-08-01T14:58:08+00:00,DOGE,0.070027,,,coingecko
2026-08-01T14:58:08+00:00,BNB,577.88,,,coingecko
2026-08-01T14:58:08+00:00,ADA,0.172973,,,coingecko
2026-08-01T14:58:08+00:00,LINK,8.1,,,coingecko
2026-08-01T14:58:08+00:00,AVAX,6.36,,,coingecko
2026-08-01T14:58:08+00:00,DOT,0.780447,,,coingecko
2026-08-01T14:58:08+00:00,MATIC,0.126156,,,coingecko
2026-08-01T14:58:08+00:00,LTC,44.1,,,coingecko
2026-08-01T14:58:07+00:00,BTC,63028.52,,,consenso
2026-08-01T14:58:07+00:00,ETH,1871.195,,,consenso
2026-08-01T14:58:07+00:00,SOL,73.0,,,consenso
2026-08-01T14:58:07+00:00,XRP,1.0657,,,consenso
2026-08-01T14:58:07+00:00,DOGE,0.07012,,,binance
2026-08-01T14:58:07+00:00,BNB,578.5,,,binance
2026-08-01T14:58:58+00:00,BTC,63028.52,,,consenso
2026-08-01T14:58:58+00:00,ETH,1871.195,,,consenso
2026-08-01T14:58:58+00:00,SOL,73.0,,,consenso
2026-08-01T14:58:58+00:00,XRP,1.0659,,,consenso
2026-08-01T14:58:58+00:00,DOGE,0.07014,,,binance
2026-08-01T14:58:58+00:00,BNB,578.74,,,binance
2026-08-01T14:59:12+00:00,BTC,63035.0,,,coingecko
2026-08-01T14:59:12+00:00,ETH,1871.15,,,coingecko
2026-08-01T14:59:12+00:00,SOL,72.92,,,coingecko
2026-08-01T14:59:12+00:00,XRP,1.065,,,coingecko
2026-08-01T14:59:12+00:00,DOGE,0.070044,,,coingecko
2026-08-01T14:59:12+00:00,BNB,577.9,,,coingecko
2026-08-01T14:59:12+00:00,ADA,0.17301,,,coingecko
2026-08-01T14:59:12+00:00,LINK,8.1,,,coingecko
2026-08-01T14:59:12+00:00,AVAX,6.36,,,coingecko
2026-08-01T14:59:12+00:00,DOT,0.78294,,,coingecko
2026-08-01T14:59:12+00:00,MATIC,0.126156,,,coingecko
2026-08-01T14:59:12+00:00,LTC,44.09,,,coingecko
2026-08-01T15:00:16+00:00,BTC,63049.0,,,coingecko
2026-08-01T15:00:16+00:00,ETH,1871.93,,,coingecko
2026-08-01T15:00:16+00:00,SOL,72.94,,,coingecko
2026-08-01T15:00:16+00:00,XRP,1.065,,,coingecko
2026-08-01T15:00:16+00:00,DOGE,0.070064,,,coingecko
2026-08-01T15:00:16+00:00,BNB,578.12,,,coingecko
2026-08-01T15:00:16+00:00,ADA,0.172989,,,coingecko
2026-08-01T15:00:16+00:00,LINK,8.1,,,coingecko
2026-08-01T15:00:16+00:00,AVAX,6.36,,,coingecko
2026-08-01T15:00:16+00:00,DOT,0.782497,,,coingecko
2026-08-01T15:00:16+00:00,MATIC,0.126156,,,coingecko
2026-08-01T15:00:16+00:00,LTC,44.12,,,coingecko
2026-08-01T15:04:02+00:00,BTC,63062.0,,,coingecko
2026-08-01T15:04:02+00:00,ETH,1872.0,,,coingecko
2026-08-01T15:04:02+00:00,SOL,72.92,,,coingecko
2026-08-01T15:04:02+00:00,XRP,1.065,,,coingecko
2026-08-01T15:04:02+00:00,DOGE,0.070093,,,coingecko
2026-08-01T15:04:02+00:00,BNB,578.34,,,coingecko
2026-08-01T15:04:02+00:00,ADA,0.17306,,,coingecko
2026-08-01T15:04:02+00:00,LINK,8.1,,,coingecko
2026-08-01T15:04:02+00:00,AVAX,6.36,,,coingecko
2026-08-01T15:04:02+00:00,DOT,0.778372,,,coingecko
2026-08-01T15:04:02+00:00,MATIC,0.126156,,,coingecko
2026-08-01T15:04:02+00:00,LTC,44.12,,,coingecko
2026-08-01T15:05:09+00:00,BTC,63059.0,,,coingecko
2026-08-01T15:05:09+00:00,ETH,1872.3,,,coingecko
2026-08-01T15:05:09+00:00,SOL,72.92,,,coingecko
2026-08-01T15:05:09+00:00,XRP,1.065,,,coingecko
2026-08-01T15:05:09+00:00,DOGE,0.070088,,,coingecko
2026-08-01T15:05:09+00:00,BNB,578.12,,,coingecko
2026-08-01T15:05:09+00:00,ADA,0.17281,,,coingecko
2026-08-01T15:05:09+00:00,LINK,8.1,,,coingecko
2026-08-01T15:05:09+00:00,AVAX,6.36,,,coingecko
2026-08-01T15:05:09+00:00,DOT,0.776754,,,coingecko
2026-08-01T15:05:09+00:00,MATIC,0.126156,,,coingecko
2026-08-01T15:05:09+00:00,LTC,44.12,,,coingecko
2026-08-01T15:06:13+00:00,BTC,63066.0,,,coingecko
2026-08-01T15:06:13+00:00,ETH,1872.54,,,coingecko
2026-08-01T15:06:13+00:00,SOL,72.92,,,coingecko
2026-08-01T15:06:13+00:00,XRP,1.064,,,coingecko
2026-08-01T15:06:13+00:00,DOGE,0.070083,,,coingecko
2026-08-01T15:06:13+00:00,BNB,578.21,,,coingecko
2026-08-01T15:06:13+00:00,ADA,0.172779,,,coingecko
2026-08-01T15:06:13+00:00,LINK,8.11,,,coingecko
2026-08-01T15:06:13+00:00,AVAX,6.36,,,coingecko
2026-08-01T15:06:13+00:00,DOT,0.776597,,,coingecko
2026-08-01T15:06:13+00:00,MATIC,0.126156,,,coingecko
2026-08-01T15:06:13+00:00,LTC,44.14,,,coingecko
2026-08-01T15:06:39+00:00,BTC,63056.645,,,consenso
2026-08-01T15:06:39+00:00,ETH,1872.11,,,consenso
2026-08-01T15:06:39+00:00,SOL,72.935,,,consenso
2026-08-01T15:06:39+00:00,XRP,1.06457,,,consenso
2026-08-01T15:06:39+00:00,DOGE,0.07011,,,binance
2026-08-01T15:06:39+00:00,BNB,578.86,,,binance
2026-08-01T15:07:17+00:00,BTC,63066.0,,,coingecko
2026-08-01T15:07:17+00:00,ETH,1872.13,,,coingecko
2026-08-01T15:07:17+00:00,SOL,72.92,,,coingecko
2026-08-01T15:07:17+00:00,XRP,1.064,,,coingecko
2026-08-01T15:07:17+00:00,DOGE,0.070076,,,coingecko
2026-08-01T15:07:17+00:00,BNB,578.19,,,coingecko
2026-08-01T15:07:17+00:00,ADA,0.172772,,,coingecko
2026-08-01T15:07:17+00:00,LINK,8.11,,,coingecko
2026-08-01T15:07:17+00:00,AVAX,6.36,,,coingecko
2026-08-01T15:07:17+00:00,DOT,0.77659,,,coingecko
2026-08-01T15:07:17+00:00,MATIC,0.126156,,,coingecko
2026-08-01T15:07:17+00:00,LTC,44.15,,,coingecko
2026-08-01T15:07:44+00:00,BTC,63056.645,,,consenso
2026-08-01T15:07:44+00:00,ETH,1872.11,,,consenso
2026-08-01T15:07:44+00:00,SOL,73.0,,,consenso
2026-08-01T15:07:44+00:00,XRP,1.0653,,,consenso
2026-08-01T15:07:44+00:00,DOGE,0.07011,,,binance
2026-08-01T15:07:44+00:00,BNB,578.85,,,binance
2026-08-01T15:08:23+00:00,BTC,63066.0,,,coingecko
2026-08-01T15:08:23+00:00,ETH,1872.23,,,coingecko
2026-08-01T15:08:23+00:00,SOL,72.93,,,coingecko
2026-08-01T15:08:23+00:00,XRP,1.064,,,coingecko
2026-08-01T15:08:23+00:00,DOGE,0.070062,,,coingecko
2026-08-01T15:08:23+00:00,BNB,578.26,,,coingecko
2026-08-01T15:08:23+00:00,ADA,0.172745,,,coingecko
2026-08-01T15:08:23+00:00,LINK,8.11,,,coingecko
2026-08-01T15:08:23+00:00,AVAX,6.36,,,coingecko
2026-08-01T15:08:23+00:00,DOT,0.776698,,,coingecko
2026-08-01T15:08:23+00:00,MATIC,0.126156,,,coingecko
2026-08-01T15:08:23+00:00,LTC,44.16,,,coingecko
2026-08-01T15:08:52+00:00,BTC,63056.645,,,consenso
2026-08-01T15:08:52+00:00,ETH,1872.11,,,consenso
2026-08-01T15:08:52+00:00,SOL,72.98,,,consenso
2026-08-01T15:08:52+00:00,XRP,1.0652,,,consenso
2026-08-01T15:08:52+00:00,DOGE,0.0701,,,binance
2026-08-01T15:08:52+00:00,BNB,578.81,,,binance
2026-08-01T15:09:28+00:00,BTC,63066.0,,,coingecko
2026-08-01T15:09:28+00:00,ETH,1872.21,,,coingecko
2026-08-01T15:09:28+00:00,SOL,72.93,,,coingecko
2026-08-01T15:09:28+00:00,XRP,1.064,,,coingecko
2026-08-01T15:09:28+00:00,DOGE,0.070055,,,coingecko
2026-08-01T15:09:28+00:00,BNB,578.24,,,coingecko
2026-08-01T15:09:28+00:00,ADA,0.172826,,,coingecko
2026-08-01T15:09:28+00:00,LINK,8.1,,,coingecko
2026-08-01T15:09:28+00:00,AVAX,6.36,,,coingecko
2026-08-01T15:09:28+00:00,DOT,0.776909,,,coingecko
2026-08-01T15:09:28+00:00,MATIC,0.126156,,,coingecko
2026-08-01T15:09:28+00:00,LTC,44.15,,,coingecko
2026-08-01T15:10:34+00:00,BTC,63060.0,,,coingecko
2026-08-01T15:10:34+00:00,ETH,1872.06,,,coingecko
2026-08-01T15:10:34+00:00,SOL,72.92,,,coingecko
2026-08-01T15:10:34+00:00,XRP,1.064,,,coingecko
2026-08-01T15:10:34+00:00,DOGE,0.070046,,,coingecko
2026-08-01T15:10:34+00:00,BNB,578.23,,,coingecko
2026-08-01T15:10:34+00:00,ADA,0.172961,,,coingecko
2026-08-01T15:10:34+00:00,LINK,8.1,,,coingecko
2026-08-01T15:10:34+00:00,AVAX,6.36,,,coingecko
2026-08-01T15:10:34+00:00,DOT,0.776816,,,coingecko
2026-08-01T15:10:34+00:00,MATIC,0.126156,,,coingecko
2026-08-01T15:10:34+00:00,LTC,44.15,,,coingecko
2026-08-01T15:11:39+00:00,BTC,63056.0,,,coingecko
2026-08-01T15:11:39+00:00,ETH,1872.19,,,coingecko
2026-08-01T15:11:39+00:00,SOL,72.92,,,coingecko
2026-08-01T15:11:39+00:00,XRP,1.065,,,coingecko
2026-08-01T15:11:39+00:00,DOGE,0.070056,,,coingecko
2026-08-01T15:11:39+00:00,BNB,578.18,,,coingecko
2026-08-01T15:11:39+00:00,ADA,0.172999,,,coingecko
2026-08-01T15:11:39+00:00,LINK,8.1,,,coingecko
2026-08-01T15:11:39+00:00,AVAX,6.36,,,coingecko
2026-08-01T15:11:39+00:00,DOT,0.77694,,,coingecko
2026-08-01T15:11:39+00:00,MATIC,0.126156,,,coingecko
2026-08-01T15:11:39+00:00,LTC,44.15,,,coingecko
2026-08-01T15:12:45+00:00,BTC,63057.0,,,coingecko
2026-08-01T15:12:45+00:00,ETH,1872.62,,,coingecko
2026-08-01T15:12:45+00:00,SOL,72.92,,,coingecko
2026-08-01T15:12:45+00:00,XRP,1.065,,,coingecko
2026-08-01T15:12:45+00:00,DOGE,0.070042,,,coingecko
2026-08-01T15:12:45+00:00,BNB,578.14,,,coingecko
2026-08-01T15:12:45+00:00,ADA,0.172989,,,coingecko
2026-08-01T15:12:45+00:00,LINK,8.1,,,coingecko
2026-08-01T15:12:45+00:00,AVAX,6.36,,,coingecko
2026-08-01T15:12:45+00:00,DOT,0.777205,,,coingecko
2026-08-01T15:12:45+00:00,MATIC,0.126156,,,coingecko
2026-08-01T15:12:45+00:00,LTC,44.11,,,coingecko
2026-08-01T15:13:50+00:00,BTC,63055.0,,,coingecko
2026-08-01T15:13:50+00:00,ETH,1872.56,,,coingecko
2026-08-01T15:13:50+00:00,SOL,72.92,,,coingecko
2026-08-01T15:13:50+00:00,XRP,1.064,,,coingecko
2026-08-01T15:13:50+00:00,DOGE,0.070016,,,coingecko
2026-08-01T15:13:50+00:00,BNB,578.07,,,coingecko
2026-08-01T15:13:50+00:00,ADA,0.173049,,,coingecko
2026-08-01T15:13:50+00:00,LINK,8.1,,,coingecko
2026-08-01T15:13:50+00:00,AVAX,6.36,,,coingecko
2026-08-01T15:13:50+00:00,DOT,0.776821,,,coingecko
2026-08-01T15:13:50+00:00,MATIC,0.126156,,,coingecko
2026-08-01T15:13:50+00:00,LTC,44.09,,,coingecko
2026-08-01T15:18:44+00:00,BTC,63045.0,,,coingecko
2026-08-01T15:18:44+00:00,ETH,1872.49,,,coingecko
2026-08-01T15:18:44+00:00,SOL,72.89,,,coingecko
2026-08-01T15:18:44+00:00,XRP,1.064,,,coingecko
2026-08-01T15:18:44+00:00,DOGE,0.070026,,,coingecko
2026-08-01T15:18:44+00:00,BNB,577.98,,,coingecko
2026-08-01T15:18:44+00:00,ADA,0.172785,,,coingecko
2026-08-01T15:18:44+00:00,LINK,8.1,,,coingecko
2026-08-01T15:18:44+00:00,AVAX,6.36,,,coingecko
2026-08-01T15:18:44+00:00,DOT,0.775837,,,coingecko
2026-08-01T15:18:44+00:00,MATIC,0.126156,,,coingecko
2026-08-01T15:18:44+00:00,LTC,44.07,,,coingecko
2026-08-01T15:19:50+00:00,BTC,63037.0,,,coingecko
2026-08-01T15:19:50+00:00,ETH,1872.04,,,coingecko
2026-08-01T15:19:50+00:00,SOL,72.89,,,coingecko
2026-08-01T15:19:50+00:00,XRP,1.064,,,coingecko
2026-08-01T15:19:50+00:00,DOGE,0.070028,,,coingecko
2026-08-01T15:19:50+00:00,BNB,577.9,,,coingecko
2026-08-01T15:19:50+00:00,ADA,0.172719,,,coingecko
2026-08-01T15:19:50+00:00,LINK,8.1,,,coingecko
2026-08-01T15:19:50+00:00,AVAX,6.36,,,coingecko
2026-08-01T15:19:50+00:00,DOT,0.776561,,,coingecko
2026-08-01T15:19:50+00:00,MATIC,0.126156,,,coingecko
2026-08-01T15:19:50+00:00,LTC,44.06,,,coingecko
2026-08-01T15:20:15+00:00,BTC,63009.335,,,consenso
2026-08-01T15:20:15+00:00,ETH,1871.025,,,consenso
2026-08-01T15:20:15+00:00,SOL,72.835,,,consenso
2026-08-01T15:20:15+00:00,XRP,1.06351,,,consenso
2026-08-01T15:20:15+00:00,DOGE,0.07004,,,binance
2026-08-01T15:20:15+00:00,BNB,578.5,,,binance
2026-08-01T15:20:58+00:00,BTC,63026.0,,,coingecko
2026-08-01T15:20:58+00:00,ETH,1871.22,,,coingecko
2026-08-01T15:20:58+00:00,SOL,72.84,,,coingecko
2026-08-01T15:20:58+00:00,XRP,1.064,,,coingecko
2026-08-01T15:20:58+00:00,DOGE,0.070002,,,coingecko
2026-08-01T15:20:58+00:00,BNB,577.78,,,coingecko
2026-08-01T15:20:58+00:00,ADA,0.172824,,,coingecko
2026-08-01T15:20:58+00:00,LINK,8.09,,,coingecko
2026-08-01T15:20:58+00:00,AVAX,6.36,,,coingecko
2026-08-01T15:20:58+00:00,DOT,0.776069,,,coingecko
2026-08-01T15:20:58+00:00,MATIC,0.126156,,,coingecko
2026-08-01T15:20:58+00:00,LTC,44.04,,,coingecko
2026-08-01T15:21:38+00:00,BTC,63009.335,,,consenso
2026-08-01T15:21:38+00:00,ETH,1871.025,,,consenso
2026-08-01T15:21:38+00:00,SOL,72.9,,,consenso
2026-08-01T15:21:38+00:00,XRP,1.0644,,,consenso
2026-08-01T15:21:38+00:00,DOGE,0.0701,,,binance
2026-08-01T15:21:38+00:00,BNB,578.65,,,binance
2026-08-01T15:22:04+00:00,BTC,63025.0,,,coingecko
2026-08-01T15:22:04+00:00,ETH,1871.28,,,coingecko
2026-08-01T15:22:04+00:00,SOL,72.84,,,coingecko
2026-08-01T15:22:04+00:00,XRP,1.064,,,coingecko
2026-08-01T15:22:04+00:00,DOGE,0.07003,,,coingecko
2026-08-01T15:22:04+00:00,BNB,577.94,,,coingecko
2026-08-01T15:22:04+00:00,ADA,0.172874,,,coingecko
2026-08-01T15:22:04+00:00,LINK,8.1,,,coingecko
2026-08-01T15:22:04+00:00,AVAX,6.36,,,coingecko
2026-08-01T15:22:04+00:00,DOT,0.776859,,,coingecko
2026-08-01T15:22:04+00:00,MATIC,0.126156,,,coingecko
2026-08-01T15:22:04+00:00,LTC,44.07,,,coingecko
2026-08-01T15:22:34+00:00,BTC,63009.335,,,consenso
2026-08-01T15:22:34+00:00,ETH,1871.025,,,consenso
2026-08-01T15:22:34+00:00,SOL,72.91,,,consenso
2026-08-01T15:22:34+00:00,XRP,1.0647,,,consenso
2026-08-01T15:22:34+00:00,DOGE,0.07007,,,binance
2026-08-01T15:22:34+00:00,BNB,578.77,,,binance
2026-08-01T15:23:08+00:00,BTC,63024.0,,,coingecko
2026-08-01T15:23:08+00:00,ETH,1871.3,,,coingecko
2026-08-01T15:23:08+00:00,SOL,72.84,,,coingecko
2026-08-01T15:23:08+00:00,XRP,1.064,,,coingecko
2026-08-01T15:23:08+00:00,DOGE,0.070028,,,coingecko
2026-08-01T15:23:08+00:00,BNB,577.96,,,coingecko
2026-08-01T15:23:08+00:00,ADA,0.17288,,,coingecko
2026-08-01T15:23:08+00:00,LINK,8.1,,,coingecko
2026-08-01T15:23:08+00:00,AVAX,6.36,,,coingecko
2026-08-01T15:23:08+00:00,DOT,0.776923,,,coingecko
2026-08-01T15:23:08+00:00,MATIC,0.126156,,,coingecko
2026-08-01T15:23:08+00:00,LTC,44.08,,,coingecko
2026-08-01T15:24:12+00:00,BTC,63024.0,,,coingecko
2026-08-01T15:24:12+00:00,ETH,1871.81,,,coingecko
2026-08-01T15:24:12+00:00,SOL,72.85,,,coingecko
2026-08-01T15:24:12+00:00,XRP,1.064,,,coingecko
2026-08-01T15:24:12+00:00,DOGE,0.070018,,,coingecko
2026-08-01T15:24:12+00:00,BNB,578.09,,,coingecko
2026-08-01T15:24:12+00:00,ADA,0.172922,,,coingecko
2026-08-01T15:24:12+00:00,LINK,8.1,,,coingecko
2026-08-01T15:24:12+00:00,AVAX,6.36,,,coingecko
2026-08-01T15:24:12+00:00,DOT,0.777627,,,coingecko
2026-08-01T15:24:12+00:00,MATIC,0.126156,,,coingecko
2026-08-01T15:24:12+00:00,LTC,44.08,,,coingecko
2026-08-01T15:25:18+00:00,BTC,63020.0,,,coingecko
2026-08-01T15:25:18+00:00,ETH,1871.51,,,coingecko
2026-08-01T15:25:18+00:00,SOL,72.83,,,coingecko
2026-08-01T15:25:18+00:00,XRP,1.064,,,coingecko
2026-08-01T15:25:18+00:00,DOGE,0.070027,,,coingecko
2026-08-01T15:25:18+00:00,BNB,578.18,,,coingecko
2026-08-01T15:25:18+00:00,ADA,0.172861,,,coingecko
2026-08-01T15:25:18+00:00,LINK,8.1,,,coingecko
2026-08-01T15:25:18+00:00,AVAX,6.36,,,coingecko
2026-08-01T15:25:18+00:00,DOT,0.777774,,,coingecko
2026-08-01T15:25:18+00:00,MATIC,0.126156,,,coingecko
2026-08-01T15:25:18+00:00,LTC,44.08,,,coingecko
2026-08-01T15:26:22+00:00,BTC,63018.0,,,coingecko
2026-08-01T15:26:22+00:00,ETH,1871.1,,,coingecko
2026-08-01T15:26:22+00:00,SOL,72.82,,,coingecko
2026-08-01T15:26:22+00:00,XRP,1.064,,,coingecko
2026-08-01T15:26:22+00:00,DOGE,0.069988,,,coingecko
2026-08-01T15:26:22+00:00,BNB,578.11,,,coingecko
2026-08-01T15:26:22+00:00,ADA,0.172641,,,coingecko
2026-08-01T15:26:22+00:00,LINK,8.09,,,coingecko
2026-08-01T15:26:22+00:00,AVAX,6.36,,,coingecko
2026-08-01T15:26:22+00:00,DOT,0.777274,,,coingecko
2026-08-01T15:26:22+00:00,MATIC,0.126156,,,coingecko
2026-08-01T15:26:22+00:00,LTC,44.08,,,coingecko
2026-08-01T15:27:26+00:00,BTC,63007.0,,,coingecko
2026-08-01T15:27:26+00:00,ETH,1870.15,,,coingecko
2026-08-01T15:27:26+00:00,SOL,72.8,,,coingecko
2026-08-01T15:27:26+00:00,XRP,1.063,,,coingecko
2026-08-01T15:27:26+00:00,DOGE,0.069971,,,coingecko
2026-08-01T15:27:26+00:00,BNB,578.01,,,coingecko
2026-08-01T15:27:26+00:00,ADA,0.172745,,,coingecko
2026-08-01T15:27:26+00:00,LINK,8.09,,,coingecko
2026-08-01T15:27:26+00:00,AVAX,6.36,,,coingecko
2026-08-01T15:27:26+00:00,DOT,0.776332,,,coingecko
2026-08-01T15:27:26+00:00,MATIC,0.126156,,,coingecko
2026-08-01T15:27:26+00:00,LTC,44.07,,,coingecko
2026-08-01T15:28:30+00:00,BTC,63005.0,,,coingecko
2026-08-01T15:28:30+00:00,ETH,1870.08,,,coingecko
2026-08-01T15:28:30+00:00,SOL,72.8,,,coingecko
2026-08-01T15:28:30+00:00,XRP,1.063,,,coingecko
2026-08-01T15:28:30+00:00,DOGE,0.069965,,,coingecko
2026-08-01T15:28:30+00:00,BNB,578.04,,,coingecko
2026-08-01T15:28:30+00:00,ADA,0.172673,,,coingecko
2026-08-01T15:28:30+00:00,LINK,8.09,,,coingecko
2026-08-01T15:28:30+00:00,AVAX,6.35,,,coingecko
2026-08-01T15:28:30+00:00,DOT,0.77655,,,coingecko
2026-08-01T15:28:30+00:00,MATIC,0.126156,,,coingecko
2026-08-01T15:28:30+00:00,LTC,44.06,,,coingecko
2026-08-01T15:28:36+00:00,BTC,63004.395,,,consenso
2026-08-01T15:28:36+00:00,ETH,1870.155,,,consenso
2026-08-01T15:28:36+00:00,SOL,72.81,,,consenso
2026-08-01T15:28:36+00:00,XRP,1.0634,,,consenso
2026-08-01T15:28:36+00:00,DOGE,0.07001,,,binance
2026-08-01T15:28:36+00:00,BNB,578.27,,,binance
2026-08-01T15:29:31+00:00,BTC,63004.395,,,consenso
2026-08-01T15:29:31+00:00,ETH,1870.155,,,consenso
2026-08-01T15:29:31+00:00,SOL,72.85,,,consenso
2026-08-01T15:29:31+00:00,XRP,1.0642,,,consenso
2026-08-01T15:29:31+00:00,DOGE,0.07002,,,binance
2026-08-01T15:29:31+00:00,BNB,578.3,,,binance
2026-08-01T15:30:39+00:00,BTC,63004.395,,,consenso
2026-08-01T15:30:39+00:00,ETH,1870.155,,,consenso
2026-08-01T15:30:39+00:00,SOL,72.84,,,consenso
2026-08-01T15:30:39+00:00,XRP,1.0641,,,consenso
2026-08-01T15:30:39+00:00,DOGE,0.07006,,,binance
2026-08-01T15:30:39+00:00,BNB,578.14,,,binance
2026-08-01T15:32:06+00:00,BTC,63004.0,,,coingecko
2026-08-01T15:32:06+00:00,ETH,1869.96,,,coingecko
2026-08-01T15:32:06+00:00,SOL,72.78,,,coingecko
2026-08-01T15:32:06+00:00,XRP,1.063,,,coingecko
2026-08-01T15:32:06+00:00,DOGE,0.069994,,,coingecko
2026-08-01T15:32:06+00:00,BNB,577.66,,,coingecko
2026-08-01T15:32:06+00:00,ADA,0.172745,,,coingecko
2026-08-01T15:32:06+00:00,LINK,8.09,,,coingecko
2026-08-01T15:32:06+00:00,AVAX,6.36,,,coingecko
2026-08-01T15:32:06+00:00,DOT,0.776487,,,coingecko
2026-08-01T15:32:06+00:00,MATIC,0.126156,,,coingecko
2026-08-01T15:32:06+00:00,LTC,44.07,,,coingecko
2026-08-01T15:33:11+00:00,BTC,63002.0,,,coingecko
2026-08-01T15:33:11+00:00,ETH,1869.94,,,coingecko
2026-08-01T15:33:11+00:00,SOL,72.75,,,coingecko
2026-08-01T15:33:11+00:00,XRP,1.063,,,coingecko
2026-08-01T15:33:11+00:00,DOGE,0.069983,,,coingecko
2026-08-01T15:33:11+00:00,BNB,577.64,,,coingecko
2026-08-01T15:33:11+00:00,ADA,0.172743,,,coingecko
2026-08-01T15:33:11+00:00,LINK,8.09,,,coingecko
2026-08-01T15:33:11+00:00,AVAX,6.36,,,coingecko
2026-08-01T15:33:11+00:00,DOT,0.776893,,,coingecko
2026-08-01T15:33:11+00:00,MATIC,0.126156,,,coingecko
2026-08-01T15:33:11+00:00,LTC,44.06,,,coingecko
2026-08-01T15:34:16+00:00,BTC,63001.0,,,coingecko
2026-08-01T15:34:16+00:00,ETH,1869.86,,,coingecko
2026-08-01T15:34:16+00:00,SOL,72.74,,,coingecko
2026-08-01T15:34:16+00:00,XRP,1.063,,,coingecko
2026-08-01T15:34:16+00:00,DOGE,0.069983,,,coingecko
2026-08-01T15:34:16+00:00,BNB,577.22,,,coingecko
2026-08-01T15:34:16+00:00,ADA,0.172807,,,coingecko
2026-08-01T15:34:16+00:00,LINK,8.09,,,coingecko
2026-08-01T15:34:16+00:00,AVAX,6.36,,,coingecko
2026-08-01T15:34:16+00:00,DOT,0.777017,,,coingecko
2026-08-01T15:34:16+00:00,MATIC,0.126156,,,coingecko
2026-08-01T15:34:16+00:00,LTC,44.06,,,coingecko
2026-08-01T15:35:20+00:00,BTC,63002.0,,,coingecko
2026-08-01T15:35:20+00:00,ETH,1869.77,,,coingecko
2026-08-01T15:35:20+00:00,SOL,72.73,,,coingecko
2026-08-01T15:35:20+00:00,XRP,1.063,,,coingecko
2026-08-01T15:35:20+00:00,DOGE,0.069996,,,coingecko
2026-08-01T15:35:20+00:00,BNB,577.08,,,coingecko
2026-08-01T15:35:20+00:00,ADA,0.172823,,,coingecko
2026-08-01T15:35:20+00:00,LINK,8.09,,,coingecko
2026-08-01T15:35:20+00:00,AVAX,6.36,,,coingecko
2026-08-01T15:35:20+00:00,DOT,0.776951,,,coingecko
2026-08-01T15:35:20+00:00,MATIC,0.126156,,,coingecko
2026-08-01T15:35:20+00:00,LTC,44.07,,,coingecko
2026-08-01T15:36:24+00:00,BTC,63003.0,,,coingecko
2026-08-01T15:36:24+00:00,ETH,1869.95,,,coingecko
2026-08-01T15:36:24+00:00,SOL,72.73,,,coingecko
2026-08-01T15:36:24+00:00,XRP,1.063,,,coingecko
2026-08-01T15:36:24+00:00,DOGE,0.070009,,,coingecko
2026-08-01T15:36:24+00:00,BNB,577.29,,,coingecko
2026-08-01T15:36:24+00:00,ADA,0.172816,,,coingecko
2026-08-01T15:36:24+00:00,LINK,8.09,,,coingecko
2026-08-01T15:36:24+00:00,AVAX,6.36,,,coingecko
2026-08-01T15:36:24+00:00,DOT,0.777346,,,coingecko
2026-08-01T15:36:24+00:00,MATIC,0.126156,,,coingecko
2026-08-01T15:36:24+00:00,LTC,44.07,,,coingecko
2026-08-01T15:37:25+00:00,BTC,62993.285,,,consenso
2026-08-01T15:37:25+00:00,ETH,1870.115,,,consenso
2026-08-01T15:37:25+00:00,SOL,72.73,,,consenso
2026-08-01T15:37:25+00:00,XRP,1.0631,,,consenso
2026-08-01T15:37:25+00:00,DOGE,0.07012,,,binance
2026-08-01T15:37:25+00:00,BNB,577.49,,,binance
2026-08-01T15:37:28+00:00,BTC,63000.0,,,coingecko
2026-08-01T15:37:28+00:00,ETH,1869.59,,,coingecko
2026-08-01T15:37:28+00:00,SOL,72.7,,,coingecko
2026-08-01T15:37:28+00:00,XRP,1.063,,,coingecko
2026-08-01T15:37:28+00:00,DOGE,0.070018,,,coingecko
2026-08-01T15:37:28+00:00,BNB,577.07,,,coingecko
2026-08-01T15:37:28+00:00,ADA,0.172806,,,coingecko
2026-08-01T15:37:28+00:00,LINK,8.09,,,coingecko
2026-08-01T15:37:28+00:00,AVAX,6.36,,,coingecko
2026-08-01T15:37:28+00:00,DOT,0.777108,,,coingecko
2026-08-01T15:37:28+00:00,MATIC,0.126156,,,coingecko
2026-08-01T15:37:28+00:00,LTC,44.08,,,coingecko
2026-08-01T15:38:26+00:00,BTC,62993.285,,,consenso
2026-08-01T15:38:26+00:00,ETH,1870.115,,,consenso
2026-08-01T15:38:26+00:00,SOL,72.8,,,consenso
2026-08-01T15:38:26+00:00,XRP,1.0641,,,consenso
2026-08-01T15:38:26+00:00,DOGE,0.07014,,,binance
2026-08-01T15:38:26+00:00,BNB,577.66,,,binance
2026-08-01T15:38:35+00:00,BTC,62999.0,,,coingecko
2026-08-01T15:38:35+00:00,ETH,1869.98,,,coingecko
2026-08-01T15:38:35+00:00,SOL,72.73,,,coingecko
2026-08-01T15:38:35+00:00,XRP,1.063,,,coingecko
2026-08-01T15:38:35+00:00,DOGE,0.070041,,,coingecko
2026-08-01T15:38:35+00:00,BNB,577.03,,,coingecko
2026-08-01T15:38:35+00:00,ADA,0.172806,,,coingecko
2026-08-01T15:38:35+00:00,LINK,8.09,,,coingecko
2026-08-01T15:38:35+00:00,AVAX,6.36,,,coingecko
2026-08-01T15:38:35+00:00,DOT,0.777693,,,coingecko
2026-08-01T15:38:35+00:00,MATIC,0.126156,,,coingecko
2026-08-01T15:38:35+00:00,LTC,44.09,,,coingecko
2026-08-01T15:39:15+00:00,BTC,62993.285,,,consenso
2026-08-01T15:39:15+00:00,ETH,1870.115,,,consenso
2026-08-01T15:39:15+00:00,SOL,72.8,,,consenso
2026-08-01T15:39:15+00:00,XRP,1.0641,,,consenso
2026-08-01T15:39:15+00:00,DOGE,0.07015,,,binance
2026-08-01T15:39:15+00:00,BNB,577.61,,,binance
2026-08-01T15:39:39+00:00,BTC,62999.0,,,coingecko
2026-08-01T15:39:39+00:00,ETH,1870.29,,,coingecko
2026-08-01T15:39:39+00:00,SOL,72.74,,,coingecko
2026-08-01T15:39:39+00:00,XRP,1.063,,,coingecko
2026-08-01T15:39:39+00:00,DOGE,0.070074,,,coingecko
2026-08-01T15:39:39+00:00,BNB,577.06,,,coingecko
2026-08-01T15:39:39+00:00,ADA,0.172811,,,coingecko
2026-08-01T15:39:39+00:00,LINK,8.09,,,coingecko
2026-08-01T15:39:39+00:00,AVAX,6.36,,,coingecko
2026-08-01T15:39:39+00:00,DOT,0.777759,,,coingecko
2026-08-01T15:39:39+00:00,MATIC,0.126156,,,coingecko
2026-08-01T15:39:39+00:00,LTC,44.1,,,coingecko
2026-08-01T15:40:43+00:00,BTC,62997.0,,,coingecko
2026-08-01T15:40:43+00:00,ETH,1870.29,,,coingecko
2026-08-01T15:40:43+00:00,SOL,72.74,,,coingecko
2026-08-01T15:40:43+00:00,XRP,1.063,,,coingecko
2026-08-01T15:40:43+00:00,DOGE,0.070079,,,coingecko
2026-08-01T15:40:43+00:00,BNB,577.06,,,coingecko
2026-08-01T15:40:43+00:00,ADA,0.172798,,,coingecko
2026-08-01T15:40:43+00:00,LINK,8.09,,,coingecko
2026-08-01T15:40:43+00:00,AVAX,6.37,,,coingecko
2026-08-01T15:40:43+00:00,DOT,0.777744,,,coingecko
2026-08-01T15:40:43+00:00,MATIC,0.126156,,,coingecko
2026-08-01T15:40:43+00:00,LTC,44.12,,,coingecko
2026-08-01T15:41:48+00:00,BTC,63000.0,,,coingecko
2026-08-01T15:41:48+00:00,ETH,1870.7,,,coingecko
2026-08-01T15:41:48+00:00,SOL,72.75,,,coingecko
2026-08-01T15:41:48+00:00,XRP,1.063,,,coingecko
2026-08-01T15:41:48+00:00,DOGE,0.070101,,,coingecko
2026-08-01T15:41:48+00:00,BNB,577.07,,,coingecko
2026-08-01T15:41:48+00:00,ADA,0.172793,,,coingecko
2026-08-01T15:41:48+00:00,LINK,8.09,,,coingecko
2026-08-01T15:41:48+00:00,AVAX,6.37,,,coingecko
2026-08-01T15:41:48+00:00,DOT,0.77782,,,coingecko
2026-08-01T15:41:48+00:00,MATIC,0.126156,,,coingecko
2026-08-01T15:41:48+00:00,LTC,44.11,,,coingecko
2026-08-01T15:45:33+00:00,BTC,62998.0,,,coingecko
2026-08-01T15:45:33+00:00,ETH,1869.42,,,coingecko
2026-08-01T15:45:33+00:00,SOL,72.75,,,coingecko
2026-08-01T15:45:33+00:00,XRP,1.063,,,coingecko
2026-08-01T15:45:33+00:00,DOGE,0.070057,,,coingecko
2026-08-01T15:45:33+00:00,BNB,576.97,,,coingecko
2026-08-01T15:45:33+00:00,ADA,0.172572,,,coingecko
2026-08-01T15:45:33+00:00,LINK,8.1,,,coingecko
2026-08-01T15:45:33+00:00,AVAX,6.36,,,coingecko
2026-08-01T15:45:33+00:00,DOT,0.777948,,,coingecko
2026-08-01T15:45:33+00:00,MATIC,0.126156,,,coingecko
2026-08-01T15:45:33+00:00,LTC,44.08,,,coingecko
2026-08-01T15:46:39+00:00,BTC,62997.0,,,coingecko
2026-08-01T15:46:39+00:00,ETH,1869.32,,,coingecko
2026-08-01T15:46:39+00:00,SOL,72.76,,,coingecko
2026-08-01T15:46:39+00:00,XRP,1.063,,,coingecko
2026-08-01T15:46:39+00:00,DOGE,0.070058,,,coingecko
2026-08-01T15:46:39+00:00,BNB,576.86,,,coingecko
2026-08-01T15:46:39+00:00,ADA,0.172542,,,coingecko
2026-08-01T15:46:39+00:00,LINK,8.1,,,coingecko
2026-08-01T15:46:39+00:00,AVAX,6.36,,,coingecko
2026-08-01T15:46:39+00:00,DOT,0.778231,,,coingecko
2026-08-01T15:46:39+00:00,MATIC,0.126156,,,coingecko
2026-08-01T15:46:39+00:00,LTC,44.08,,,coingecko
2026-08-01T15:47:00+00:00,BTC,62987.005,,,consenso
2026-08-01T15:47:00+00:00,ETH,1869.495,,,consenso
2026-08-01T15:47:00+00:00,SOL,72.745,,,consenso
2026-08-01T15:47:00+00:00,XRP,1.06302,,,consenso
2026-08-01T15:47:00+00:00,DOGE,0.07014,,,binance
2026-08-01T15:47:00+00:00,BNB,577.42,,,binance
2026-08-01T15:47:44+00:00,BTC,62996.0,,,coingecko
2026-08-01T15:47:44+00:00,ETH,1869.35,,,coingecko
2026-08-01T15:47:44+00:00,SOL,72.75,,,coingecko
2026-08-01T15:47:44+00:00,XRP,1.063,,,coingecko
2026-08-01T15:47:44+00:00,DOGE,0.070053,,,coingecko
2026-08-01T15:47:44+00:00,BNB,576.82,,,coingecko
2026-08-01T15:47:44+00:00,ADA,0.172533,,,coingecko
2026-08-01T15:47:44+00:00,LINK,8.1,,,coingecko
2026-08-01T15:47:44+00:00,AVAX,6.36,,,coingecko
2026-08-01T15:47:44+00:00,DOT,0.778173,,,coingecko
2026-08-01T15:47:44+00:00,MATIC,0.126156,,,coingecko
2026-08-01T15:47:44+00:00,LTC,44.08,,,coingecko
2026-08-01T15:47:54+00:00,BTC,62987.005,,,consenso
2026-08-01T15:47:54+00:00,ETH,1869.495,,,consenso
2026-08-01T15:47:54+00:00,SOL,72.82,,,consenso
2026-08-01T15:47:54+00:00,XRP,1.0639,,,consenso
2026-08-01T15:47:54+00:00,DOGE,0.07013,,,binance
2026-08-01T15:47:54+00:00,BNB,577.42,,,binance
2026-08-01T15:48:42+00:00,BTC,62987.005,,,consenso
2026-08-01T15:48:42+00:00,ETH,1869.495,,,consenso
2026-08-01T15:48:42+00:00,SOL,72.82,,,consenso
2026-08-01T15:48:42+00:00,XRP,1.064,,,consenso
2026-08-01T15:48:42+00:00,DOGE,0.07015,,,binance
2026-08-01T15:48:42+00:00,BNB,577.48,,,binance
2026-08-01T15:48:47+00:00,BTC,62997.0,,,coingecko
2026-08-01T15:48:47+00:00,ETH,1869.37,,,coingecko
2026-08-01T15:48:47+00:00,SOL,72.75,,,coingecko
2026-08-01T15:48:47+00:00,XRP,1.063,,,coingecko
2026-08-01T15:48:47+00:00,DOGE,0.070064,,,coingecko
2026-08-01T15:48:47+00:00,BNB,576.85,,,coingecko
2026-08-01T15:48:47+00:00,ADA,0.172541,,,coingecko
2026-08-01T15:48:47+00:00,LINK,8.1,,,coingecko
2026-08-01T15:48:47+00:00,AVAX,6.36,,,coingecko
2026-08-01T15:48:47+00:00,DOT,0.778517,,,coingecko
2026-08-01T15:48:47+00:00,MATIC,0.126156,,,coingecko
2026-08-01T15:48:47+00:00,LTC,44.08,,,coingecko
2026-08-01T15:49:51+00:00,BTC,62996.0,,,coingecko
2026-08-01T15:49:51+00:00,ETH,1869.19,,,coingecko
2026-08-01T15:49:51+00:00,SOL,72.76,,,coingecko
2026-08-01T15:49:51+00:00,XRP,1.063,,,coingecko
2026-08-01T15:49:51+00:00,DOGE,0.070084,,,coingecko
2026-08-01T15:49:51+00:00,BNB,576.88,,,coingecko
2026-08-01T15:49:51+00:00,ADA,0.172461,,,coingecko
2026-08-01T15:49:51+00:00,LINK,8.1,,,coingecko
2026-08-01T15:49:51+00:00,AVAX,6.36,,,coingecko
2026-08-01T15:49:51+00:00,DOT,0.77919,,,coingecko
2026-08-01T15:49:51+00:00,MATIC,0.126156,,,coingecko
2026-08-01T15:49:51+00:00,LTC,44.08,,,coingecko
2026-08-01T15:50:55+00:00,BTC,62991.0,,,coingecko
2026-08-01T15:50:55+00:00,ETH,1868.94,,,coingecko
2026-08-01T15:50:55+00:00,SOL,72.75,,,coingecko
2026-08-01T15:50:55+00:00,XRP,1.063,,,coingecko
2026-08-01T15:50:55+00:00,DOGE,0.070093,,,coingecko
2026-08-01T15:50:55+00:00,BNB,576.88,,,coingecko
2026-08-01T15:50:55+00:00,ADA,0.172521,,,coingecko
2026-08-01T15:50:55+00:00,LINK,8.1,,,coingecko
2026-08-01T15:50:55+00:00,AVAX,6.37,,,coingecko
2026-08-01T15:50:55+00:00,DOT,0.779374,,,coingecko
2026-08-01T15:50:55+00:00,MATIC,0.126156,,,coingecko
2026-08-01T15:50:55+00:00,LTC,44.09,,,coingecko
2026-08-01T15:52:01+00:00,BTC,62977.0,,,coingecko
2026-08-01T15:52:01+00:00,ETH,1868.89,,,coingecko
2026-08-01T15:52:01+00:00,SOL,72.75,,,coingecko
2026-08-01T15:52:01+00:00,XRP,1.063,,,coingecko
2026-08-01T15:52:01+00:00,DOGE,0.070106,,,coingecko
2026-08-01T15:52:01+00:00,BNB,576.85,,,coingecko
2026-08-01T15:52:01+00:00,ADA,0.172433,,,coingecko
2026-08-01T15:52:01+00:00,LINK,8.1,,,coingecko
2026-08-01T15:52:01+00:00,AVAX,6.36,,,coingecko
2026-08-01T15:52:01+00:00,DOT,0.779553,,,coingecko
2026-08-01T15:52:01+00:00,MATIC,0.126156,,,coingecko
2026-08-01T15:52:01+00:00,LTC,44.1,,,coingecko
2026-08-01T15:53:05+00:00,BTC,62979.0,,,coingecko
2026-08-01T15:53:05+00:00,ETH,1869.0,,,coingecko
2026-08-01T15:53:05+00:00,SOL,72.75,,,coingecko
2026-08-01T15:53:05+00:00,XRP,1.063,,,coingecko
2026-08-01T15:53:05+00:00,DOGE,0.070107,,,coingecko
2026-08-01T15:53:05+00:00,BNB,576.89,,,coingecko
2026-08-01T15:53:05+00:00,ADA,0.172428,,,coingecko
2026-08-01T15:53:05+00:00,LINK,8.1,,,coingecko
2026-08-01T15:53:05+00:00,AVAX,6.37,,,coingecko
2026-08-01T15:53:05+00:00,DOT,0.780022,,,coingecko
2026-08-01T15:53:05+00:00,MATIC,0.126156,,,coingecko
2026-08-01T15:53:05+00:00,LTC,44.11,,,coingecko
2026-08-01T15:54:09+00:00,BTC,62976.0,,,coingecko
2026-08-01T15:54:09+00:00,ETH,1869.13,,,coingecko
2026-08-01T15:54:09+00:00,SOL,72.75,,,coingecko
2026-08-01T15:54:09+00:00,XRP,1.063,,,coingecko
2026-08-01T15:54:09+00:00,DOGE,0.070087,,,coingecko
2026-08-01T15:54:09+00:00,BNB,576.85,,,coingecko
2026-08-01T15:54:09+00:00,ADA,0.172357,,,coingecko
2026-08-01T15:54:09+00:00,LINK,8.1,,,coingecko
2026-08-01T15:54:09+00:00,AVAX,6.37,,,coingecko
2026-08-01T15:54:09+00:00,DOT,0.779821,,,coingecko
2026-08-01T15:54:09+00:00,MATIC,0.126156,,,coingecko
2026-08-01T15:54:09+00:00,LTC,44.12,,,coingecko
2026-08-01T15:54:42+00:00,BTC,62966.335,,,consenso
2026-08-01T15:54:42+00:00,ETH,1869.345,,,consenso
2026-08-01T15:54:42+00:00,SOL,72.775,,,consenso
2026-08-01T15:54:42+00:00,XRP,1.06295,,,consenso
2026-08-01T15:54:42+00:00,DOGE,0.07018,,,binance
2026-08-01T15:54:42+00:00,BNB,577.36,,,binance
2026-08-01T15:55:13+00:00,BTC,62976.0,,,coingecko
2026-08-01T15:55:13+00:00,ETH,1868.95,,,coingecko
2026-08-01T15:55:13+00:00,SOL,72.74,,,coingecko
2026-08-01T15:55:13+00:00,XRP,1.063,,,coingecko
2026-08-01T15:55:13+00:00,DOGE,0.070086,,,coingecko
2026-08-01T15:55:13+00:00,BNB,576.73,,,coingecko
2026-08-01T15:55:13+00:00,ADA,0.172348,,,coingecko
2026-08-01T15:55:13+00:00,LINK,8.1,,,coingecko
2026-08-01T15:55:13+00:00,AVAX,6.36,,,coingecko
2026-08-01T15:55:13+00:00,DOT,0.778031,,,coingecko
2026-08-01T15:55:13+00:00,MATIC,0.126156,,,coingecko
2026-08-01T15:55:13+00:00,LTC,44.08,,,coingecko
2026-08-01T15:55:43+00:00,BTC,62966.335,,,consenso
2026-08-01T15:55:43+00:00,ETH,1869.345,,,consenso
2026-08-01T15:55:43+00:00,SOL,72.84,,,consenso
2026-08-01T15:55:43+00:00,XRP,1.0639,,,consenso
2026-08-01T15:55:43+00:00,DOGE,0.07015,,,binance
2026-08-01T15:55:43+00:00,BNB,577.3,,,binance
2026-08-01T15:56:35+00:00,BTC,62966.335,,,consenso
2026-08-01T15:56:35+00:00,ETH,1869.345,,,consenso
2026-08-01T15:56:35+00:00,SOL,72.84,,,consenso
2026-08-01T15:56:35+00:00,XRP,1.064,,,consenso
2026-08-01T15:56:35+00:00,DOGE,0.07017,,,binance
2026-08-01T15:56:35+00:00,BNB,577.1,,,binance
2026-08-01T15:58:42+00:00,BTC,62974.0,,,coingecko
2026-08-01T15:58:42+00:00,ETH,1869.21,,,coingecko
2026-08-01T15:58:42+00:00,SOL,72.78,,,coingecko
2026-08-01T15:58:42+00:00,XRP,1.063,,,coingecko
2026-08-01T15:58:42+00:00,DOGE,0.070097,,,coingecko
2026-08-01T15:58:42+00:00,BNB,576.57,,,coingecko
2026-08-01T15:58:42+00:00,ADA,0.172476,,,coingecko
2026-08-01T15:58:42+00:00,LINK,8.1,,,coingecko
2026-08-01T15:58:42+00:00,AVAX,6.37,,,coingecko
2026-08-01T15:58:42+00:00,DOT,0.778983,,,coingecko
2026-08-01T15:58:42+00:00,MATIC,0.126156,,,coingecko
2026-08-01T15:58:42+00:00,LTC,44.1,,,coingecko
2026-08-01T15:59:48+00:00,BTC,62971.0,,,coingecko
2026-08-01T15:59:48+00:00,ETH,1869.06,,,coingecko
2026-08-01T15:59:48+00:00,SOL,72.78,,,coingecko
2026-08-01T15:59:48+00:00,XRP,1.063,,,coingecko
2026-08-01T15:59:48+00:00,DOGE,0.070115,,,coingecko
2026-08-01T15:59:48+00:00,BNB,576.35,,,coingecko
2026-08-01T15:59:48+00:00,ADA,0.172686,,,coingecko
2026-08-01T15:59:48+00:00,LINK,8.1,,,coingecko
2026-08-01T15:59:48+00:00,AVAX,6.37,,,coingecko
2026-08-01T15:59:48+00:00,DOT,0.778739,,,coingecko
2026-08-01T15:59:48+00:00,MATIC,0.126156,,,coingecko
2026-08-01T15:59:48+00:00,LTC,44.08,,,coingecko
2026-08-01T16:00:52+00:00,BTC,62968.0,,,coingecko
2026-08-01T16:00:52+00:00,ETH,1868.9,,,coingecko
2026-08-01T16:00:52+00:00,SOL,72.76,,,coingecko
2026-08-01T16:00:52+00:00,XRP,1.062,,,coingecko
2026-08-01T16:00:52+00:00,DOGE,0.070123,,,coingecko
2026-08-01T16:00:52+00:00,BNB,576.19,,,coingecko
2026-08-01T16:00:52+00:00,ADA,0.172626,,,coingecko
2026-08-01T16:00:52+00:00,LINK,8.1,,,coingecko
2026-08-01T16:00:52+00:00,AVAX,6.37,,,coingecko
2026-08-01T16:00:52+00:00,DOT,0.778204,,,coingecko
2026-08-01T16:00:52+00:00,MATIC,0.126156,,,coingecko
2026-08-01T16:00:52+00:00,LTC,44.07,,,coingecko
2026-08-01T16:01:57+00:00,BTC,62953.0,,,coingecko
2026-08-01T16:01:57+00:00,ETH,1868.99,,,coingecko
2026-08-01T16:01:57+00:00,SOL,72.75,,,coingecko
2026-08-01T16:01:57+00:00,XRP,1.062,,,coingecko
2026-08-01T16:01:57+00:00,DOGE,0.070084,,,coingecko
2026-08-01T16:01:57+00:00,BNB,576.1,,,coingecko
2026-08-01T16:01:57+00:00,ADA,0.172486,,,coingecko
2026-08-01T16:01:57+00:00,LINK,8.1,,,coingecko
2026-08-01T16:01:57+00:00,AVAX,6.37,,,coingecko
2026-08-01T16:01:57+00:00,DOT,0.777718,,,coingecko
2026-08-01T16:01:57+00:00,MATIC,0.126156,,,coingecko
2026-08-01T16:01:57+00:00,LTC,44.06,,,coingecko
2026-08-01T16:03:01+00:00,BTC,62932.0,,,coingecko
2026-08-01T16:03:01+00:00,ETH,1868.45,,,coingecko
2026-08-01T16:03:01+00:00,SOL,72.72,,,coingecko
2026-08-01T16:03:01+00:00,XRP,1.062,,,coingecko
2026-08-01T16:03:01+00:00,DOGE,0.070086,,,coingecko
2026-08-01T16:03:01+00:00,BNB,576.02,,,coingecko
2026-08-01T16:03:01+00:00,ADA,0.172007,,,coingecko
2026-08-01T16:03:01+00:00,LINK,8.09,,,coingecko
2026-08-01T16:03:01+00:00,AVAX,6.37,,,coingecko
2026-08-01T16:03:01+00:00,DOT,0.777542,,,coingecko
2026-08-01T16:03:01+00:00,MATIC,0.126156,,,coingecko
2026-08-01T16:03:01+00:00,LTC,44.06,,,coingecko
2026-08-01T16:03:52+00:00,BTC,62907.945,,,consenso
2026-08-01T16:03:52+00:00,ETH,1869.235,,,consenso
2026-08-01T16:03:52+00:00,SOL,72.8,,,consenso
2026-08-01T16:03:52+00:00,XRP,1.06275,,,consenso
2026-08-01T16:03:52+00:00,DOGE,0.07019,,,binance
2026-08-01T16:03:52+00:00,BNB,576.9,,,binance
2026-08-01T16:04:06+00:00,BTC,62901.0,,,coingecko
2026-08-01T16:04:06+00:00,ETH,1868.05,,,coingecko
2026-08-01T16:04:06+00:00,SOL,72.73,,,coingecko
2026-08-01T16:04:06+00:00,XRP,1.062,,,coingecko
2026-08-01T16:04:06+00:00,DOGE,0.070055,,,coingecko
2026-08-01T16:04:06+00:00,BNB,576.33,,,coingecko
2026-08-01T16:04:06+00:00,ADA,0.171991,,,coingecko
2026-08-01T16:04:06+00:00,LINK,8.09,,,coingecko
2026-08-01T16:04:06+00:00,AVAX,6.36,,,coingecko
2026-08-01T16:04:06+00:00,DOT,0.778485,,,coingecko
2026-08-01T16:04:06+00:00,MATIC,0.126156,,,coingecko
2026-08-01T16:04:06+00:00,LTC,44.06,,,coingecko
2026-08-01T16:04:45+00:00,BTC,62907.945,,,consenso
2026-08-01T16:04:45+00:00,ETH,1869.235,,,consenso
2026-08-01T16:04:45+00:00,SOL,72.86,,,consenso
2026-08-01T16:04:45+00:00,XRP,1.0637,,,consenso
2026-08-01T16:04:45+00:00,DOGE,0.07022,,,binance
2026-08-01T16:04:45+00:00,BNB,576.93,,,binance
2026-08-01T16:05:12+00:00,BTC,62913.0,,,coingecko
2026-08-01T16:05:12+00:00,ETH,1869.15,,,coingecko
2026-08-01T16:05:12+00:00,SOL,72.8,,,coingecko
2026-08-01T16:05:12+00:00,XRP,1.063,,,coingecko
2026-08-01T16:05:12+00:00,DOGE,0.070129,,,coingecko
2026-08-01T16:05:12+00:00,BNB,576.33,,,coingecko
2026-08-01T16:05:12+00:00,ADA,0.172174,,,coingecko
2026-08-01T16:05:12+00:00,LINK,8.1,,,coingecko
2026-08-01T16:05:12+00:00,AVAX,6.38,,,coingecko
2026-08-01T16:05:12+00:00,DOT,0.778882,,,coingecko
2026-08-01T16:05:12+00:00,MATIC,0.126156,,,coingecko
2026-08-01T16:05:12+00:00,LTC,44.14,,,coingecko
2026-08-01T16:05:35+00:00,BTC,62907.945,,,consenso
2026-08-01T16:05:35+00:00,ETH,1869.235,,,consenso
2026-08-01T16:05:35+00:00,SOL,72.87,,,consenso
2026-08-01T16:05:35+00:00,XRP,1.0633,,,consenso
2026-08-01T16:05:35+00:00,DOGE,0.07022,,,binance
2026-08-01T16:05:35+00:00,BNB,577.22,,,binance
2026-08-01T16:06:16+00:00,BTC,62928.0,,,coingecko
2026-08-01T16:06:16+00:00,ETH,1868.96,,,coingecko
2026-08-01T16:06:16+00:00,SOL,72.8,,,coingecko
2026-08-01T16:06:16+00:00,XRP,1.063,,,coingecko
2026-08-01T16:06:16+00:00,DOGE,0.070147,,,coingecko
2026-08-01T16:06:16+00:00,BNB,576.35,,,coingecko
2026-08-01T16:06:16+00:00,ADA,0.172253,,,coingecko
2026-08-01T16:06:16+00:00,LINK,8.1,,,coingecko
2026-08-01T16:06:16+00:00,AVAX,6.38,,,coingecko
2026-08-01T16:06:16+00:00,DOT,0.778821,,,coingecko
2026-08-01T16:06:16+00:00,MATIC,0.126156,,,coingecko
2026-08-01T16:06:16+00:00,LTC,44.15,,,coingecko
2026-08-01T16:07:20+00:00,BTC,62926.0,,,coingecko
2026-08-01T16:07:20+00:00,ETH,1868.8,,,coingecko
2026-08-01T16:07:20+00:00,SOL,72.8,,,coingecko
2026-08-01T16:07:20+00:00,XRP,1.062,,,coingecko
2026-08-01T16:07:20+00:00,DOGE,0.070148,,,coingecko
2026-08-01T16:07:20+00:00,BNB,576.48,,,coingecko
2026-08-01T16:07:20+00:00,ADA,0.172444,,,coingecko
2026-08-01T16:07:20+00:00,LINK,8.1,,,coingecko
2026-08-01T16:07:20+00:00,AVAX,6.37,,,coingecko
2026-08-01T16:07:20+00:00,DOT,0.778922,,,coingecko
2026-08-01T16:07:20+00:00,MATIC,0.126156,,,coingecko
2026-08-01T16:07:20+00:00,LTC,44.17,,,coingecko
2026-08-01T16:08:25+00:00,BTC,62917.0,,,coingecko
2026-08-01T16:08:25+00:00,ETH,1868.73,,,coingecko
2026-08-01T16:08:25+00:00,SOL,72.78,,,coingecko
2026-08-01T16:08:25+00:00,XRP,1.062,,,coingecko
2026-08-01T16:08:25+00:00,DOGE,0.070115,,,coingecko
2026-08-01T16:08:25+00:00,BNB,576.46,,,coingecko
2026-08-01T16:08:25+00:00,ADA,0.172402,,,coingecko
2026-08-01T16:08:25+00:00,LINK,8.1,,,coingecko
2026-08-01T16:08:25+00:00,AVAX,6.37,,,coingecko
2026-08-01T16:08:25+00:00,DOT,0.778709,,,coingecko
2026-08-01T16:08:25+00:00,MATIC,0.126156,,,coingecko
2026-08-01T16:08:25+00:00,LTC,44.17,,,coingecko
2026-08-01T16:13:32+00:00,BTC,62912.0,,,coingecko
2026-08-01T16:13:32+00:00,ETH,1867.57,,,coingecko
2026-08-01T16:13:32+00:00,SOL,72.76,,,coingecko
2026-08-01T16:13:32+00:00,XRP,1.062,,,coingecko
2026-08-01T16:13:32+00:00,DOGE,0.07011,,,coingecko
2026-08-01T16:13:32+00:00,BNB,576.76,,,coingecko
2026-08-01T16:13:32+00:00,ADA,0.172799,,,coingecko
2026-08-01T16:13:32+00:00,LINK,8.08,,,coingecko
2026-08-01T16:13:32+00:00,AVAX,6.37,,,coingecko
2026-08-01T16:13:32+00:00,DOT,0.778932,,,coingecko
2026-08-01T16:13:32+00:00,MATIC,0.126156,,,coingecko
2026-08-01T16:13:32+00:00,LTC,44.07,,,coingecko
2026-08-01T16:14:40+00:00,BTC,62914.0,,,coingecko
2026-08-01T16:14:40+00:00,ETH,1867.65,,,coingecko
2026-08-01T16:14:40+00:00,SOL,72.77,,,coingecko
2026-08-01T16:14:40+00:00,XRP,1.062,,,coingecko
2026-08-01T16:14:40+00:00,DOGE,0.070119,,,coingecko
2026-08-01T16:14:40+00:00,BNB,576.81,,,coingecko
2026-08-01T16:14:40+00:00,ADA,0.173058,,,coingecko
2026-08-01T16:14:40+00:00,LINK,8.08,,,coingecko
2026-08-01T16:14:40+00:00,AVAX,6.37,,,coingecko
2026-08-01T16:14:40+00:00,DOT,0.778918,,,coingecko
2026-08-01T16:14:40+00:00,MATIC,0.126156,,,coingecko
2026-08-01T16:14:40+00:00,LTC,44.08,,,coingecko
2026-08-01T16:15:45+00:00,BTC,62913.0,,,coingecko
2026-08-01T16:15:45+00:00,ETH,1867.62,,,coingecko
2026-08-01T16:15:45+00:00,SOL,72.77,,,coingecko
2026-08-01T16:15:45+00:00,XRP,1.062,,,coingecko
2026-08-01T16:15:45+00:00,DOGE,0.070108,,,coingecko
2026-08-01T16:15:45+00:00,BNB,576.83,,,coingecko
2026-08-01T16:15:45+00:00,ADA,0.17307,,,coingecko
2026-08-01T16:15:45+00:00,LINK,8.08,,,coingecko
2026-08-01T16:15:45+00:00,AVAX,6.37,,,coingecko
2026-08-01T16:15:45+00:00,DOT,0.778619,,,coingecko
2026-08-01T16:15:45+00:00,MATIC,0.126156,,,coingecko
2026-08-01T16:15:45+00:00,LTC,44.09,,,coingecko
2026-08-01T16:15:51+00:00,BTC,62884.365,,,consenso
2026-08-01T16:15:51+00:00,ETH,1867.62,,,consenso
2026-08-01T16:15:51+00:00,SOL,72.79,,,consenso
2026-08-01T16:15:51+00:00,XRP,1.06233,,,consenso
2026-08-01T16:15:51+00:00,DOGE,0.07016,,,binance
2026-08-01T16:15:51+00:00,BNB,577.81,,,binance
2026-08-01T16:16:50+00:00,BTC,62898.0,,,coingecko
2026-08-01T16:16:50+00:00,ETH,1867.48,,,coingecko
2026-08-01T16:16:50+00:00,SOL,72.78,,,coingecko
2026-08-01T16:16:50+00:00,XRP,1.062,,,coingecko
2026-08-01T16:16:50+00:00,DOGE,0.070099,,,coingecko
2026-08-01T16:16:50+00:00,BNB,577.01,,,coingecko
2026-08-01T16:16:50+00:00,ADA,0.173089,,,coingecko
2026-08-01T16:16:50+00:00,LINK,8.08,,,coingecko
2026-08-01T16:16:50+00:00,AVAX,6.38,,,coingecko
2026-08-01T16:16:50+00:00,DOT,0.778326,,,coingecko
2026-08-01T16:16:50+00:00,MATIC,0.126156,,,coingecko
2026-08-01T16:16:50+00:00,LTC,44.07,,,coingecko
2026-08-01T16:17:09+00:00,BTC,62884.365,,,consenso
2026-08-01T16:17:09+00:00,ETH,1867.62,,,consenso
2026-08-01T16:17:09+00:00,SOL,72.86,,,consenso
2026-08-01T16:17:09+00:00,XRP,1.0633,,,consenso
2026-08-01T16:17:09+00:00,DOGE,0.07015,,,binance
2026-08-01T16:17:09+00:00,BNB,577.88,,,binance
2026-08-01T16:17:54+00:00,BTC,62909.0,,,coingecko
2026-08-01T16:17:54+00:00,ETH,1868.01,,,coingecko
2026-08-01T16:17:54+00:00,SOL,72.8,,,coingecko
2026-08-01T16:17:54+00:00,XRP,1.062,,,coingecko
2026-08-01T16:17:54+00:00,DOGE,0.070102,,,coingecko
2026-08-01T16:17:54+00:00,BNB,577.16,,,coingecko
2026-08-01T16:17:54+00:00,ADA,0.173317,,,coingecko
2026-08-01T16:17:54+00:00,LINK,8.08,,,coingecko
2026-08-01T16:17:54+00:00,AVAX,6.37,,,coingecko
2026-08-01T16:17:54+00:00,DOT,0.778632,,,coingecko
2026-08-01T16:17:54+00:00,MATIC,0.126156,,,coingecko
2026-08-01T16:17:54+00:00,LTC,44.1,,,coingecko
2026-08-01T16:18:09+00:00,BTC,62884.365,,,consenso
2026-08-01T16:18:09+00:00,ETH,1867.62,,,consenso
2026-08-01T16:18:09+00:00,SOL,72.85,,,consenso
2026-08-01T16:18:09+00:00,XRP,1.0632,,,consenso
2026-08-01T16:18:09+00:00,DOGE,0.07019,,,binance
2026-08-01T16:18:09+00:00,BNB,577.98,,,binance
2026-08-01T16:18:57+00:00,BTC,62895.0,,,coingecko
2026-08-01T16:18:57+00:00,ETH,1867.58,,,coingecko
2026-08-01T16:18:57+00:00,SOL,72.79,,,coingecko
2026-08-01T16:18:57+00:00,XRP,1.062,,,coingecko
2026-08-01T16:18:57+00:00,DOGE,0.070109,,,coingecko
2026-08-01T16:18:57+00:00,BNB,577.26,,,coingecko
2026-08-01T16:18:57+00:00,ADA,0.173452,,,coingecko
2026-08-01T16:18:57+00:00,LINK,8.08,,,coingecko
2026-08-01T16:18:57+00:00,AVAX,6.38,,,coingecko
2026-08-01T16:18:57+00:00,DOT,0.77956,,,coingecko
2026-08-01T16:18:57+00:00,MATIC,0.126156,,,coingecko
2026-08-01T16:18:57+00:00,LTC,44.09,,,coingecko
2026-08-01T16:20:03+00:00,BTC,62886.0,,,coingecko
2026-08-01T16:20:03+00:00,ETH,1867.42,,,coingecko
2026-08-01T16:20:03+00:00,SOL,72.78,,,coingecko
2026-08-01T16:20:03+00:00,XRP,1.062,,,coingecko
2026-08-01T16:20:03+00:00,DOGE,0.070116,,,coingecko
2026-08-01T16:20:03+00:00,BNB,577.3,,,coingecko
2026-08-01T16:20:03+00:00,ADA,0.173462,,,coingecko
2026-08-01T16:20:03+00:00,LINK,8.08,,,coingecko
2026-08-01T16:20:03+00:00,AVAX,6.38,,,coingecko
2026-08-01T16:20:03+00:00,DOT,0.779478,,,coingecko
2026-08-01T16:20:03+00:00,MATIC,0.126156,,,coingecko
2026-08-01T16:20:03+00:00,LTC,44.12,,,coingecko
2026-08-01T16:21:09+00:00,BTC,62883.0,,,coingecko
2026-08-01T16:21:09+00:00,ETH,1867.32,,,coingecko
2026-08-01T16:21:09+00:00,SOL,72.78,,,coingecko
2026-08-01T16:21:09+00:00,XRP,1.062,,,coingecko
2026-08-01T16:21:09+00:00,DOGE,0.070113,,,coingecko
2026-08-01T16:21:09+00:00,BNB,577.18,,,coingecko
2026-08-01T16:21:09+00:00,ADA,0.1733,,,coingecko
2026-08-01T16:21:09+00:00,LINK,8.08,,,coingecko
2026-08-01T16:21:09+00:00,AVAX,6.37,,,coingecko
2026-08-01T16:21:09+00:00,DOT,0.778731,,,coingecko
2026-08-01T16:21:09+00:00,MATIC,0.126156,,,coingecko
2026-08-01T16:21:09+00:00,LTC,44.12,,,coingecko
2026-08-01T16:22:13+00:00,BTC,62877.0,,,coingecko
2026-08-01T16:22:13+00:00,ETH,1867.34,,,coingecko
2026-08-01T16:22:13+00:00,SOL,72.76,,,coingecko
2026-08-01T16:22:13+00:00,XRP,1.062,,,coingecko
2026-08-01T16:22:13+00:00,DOGE,0.070074,,,coingecko
2026-08-01T16:22:13+00:00,BNB,577.05,,,coingecko
2026-08-01T16:22:13+00:00,ADA,0.173078,,,coingecko
2026-08-01T16:22:13+00:00,LINK,8.08,,,coingecko
2026-08-01T16:22:13+00:00,AVAX,6.37,,,coingecko
2026-08-01T16:22:13+00:00,DOT,0.777914,,,coingecko
2026-08-01T16:22:13+00:00,MATIC,0.126156,,,coingecko
2026-08-01T16:22:13+00:00,LTC,44.12,,,coingecko
2026-08-01T16:23:18+00:00,BTC,62888.0,,,coingecko
2026-08-01T16:23:18+00:00,ETH,1867.92,,,coingecko
2026-08-01T16:23:18+00:00,SOL,72.8,,,coingecko
2026-08-01T16:23:18+00:00,XRP,1.062,,,coingecko
2026-08-01T16:23:18+00:00,DOGE,0.070118,,,coingecko
2026-08-01T16:23:18+00:00,BNB,577.16,,,coingecko
2026-08-01T16:23:18+00:00,ADA,0.173017,,,coingecko
2026-08-01T16:23:18+00:00,LINK,8.08,,,coingecko
2026-08-01T16:23:18+00:00,AVAX,6.37,,,coingecko
2026-08-01T16:23:18+00:00,DOT,0.778097,,,coingecko
2026-08-01T16:23:18+00:00,MATIC,0.126156,,,coingecko
2026-08-01T16:23:18+00:00,LTC,44.12,,,coingecko
2026-08-01T16:24:38+00:00,BTC,62878.395,,,consenso
2026-08-01T16:24:38+00:00,ETH,1867.365,,,consenso
2026-08-01T16:24:38+00:00,SOL,72.82,,,consenso
2026-08-01T16:24:38+00:00,XRP,1.0625,,,consenso
2026-08-01T16:24:38+00:00,DOGE,0.07016,,,binance
2026-08-01T16:24:38+00:00,BNB,577.74,,,binance
2026-08-01T16:26:30+00:00,BTC,62878.395,,,consenso
2026-08-01T16:26:30+00:00,ETH,1867.365,,,consenso
2026-08-01T16:26:30+00:00,SOL,72.88,,,consenso
2026-08-01T16:26:30+00:00,XRP,1.0637,,,consenso
2026-08-01T16:26:30+00:00,DOGE,0.07019,,,binance
2026-08-01T16:26:30+00:00,BNB,577.9,,,binance
2026-08-01T16:26:57+00:00,BTC,62894.0,,,coingecko
2026-08-01T16:26:57+00:00,ETH,1868.15,,,coingecko
2026-08-01T16:26:57+00:00,SOL,72.83,,,coingecko
2026-08-01T16:26:57+00:00,XRP,1.063,,,coingecko
2026-08-01T16:26:57+00:00,DOGE,0.070123,,,coingecko
2026-08-01T16:26:57+00:00,BNB,577.25,,,coingecko
2026-08-01T16:26:57+00:00,ADA,0.173155,,,coingecko
2026-08-01T16:26:57+00:00,LINK,8.09,,,coingecko
2026-08-01T16:26:57+00:00,AVAX,6.37,,,coingecko
2026-08-01T16:26:57+00:00,DOT,0.777493,,,coingecko
2026-08-01T16:26:57+00:00,MATIC,0.126156,,,coingecko
2026-08-01T16:26:57+00:00,LTC,44.13,,,coingecko
2026-08-01T16:27:43+00:00,BTC,62878.395,,,consenso
2026-08-01T16:27:43+00:00,ETH,1867.365,,,consenso
2026-08-01T16:27:43+00:00,SOL,72.91,,,consenso
2026-08-01T16:27:43+00:00,XRP,1.0638,,,consenso
2026-08-01T16:27:43+00:00,DOGE,0.07019,,,binance
2026-08-01T16:27:43+00:00,BNB,578.04,,,binance
2026-08-01T16:28:03+00:00,BTC,62904.0,,,coingecko
2026-08-01T16:28:03+00:00,ETH,1868.73,,,coingecko
2026-08-01T16:28:03+00:00,SOL,72.83,,,coingecko
2026-08-01T16:28:03+00:00,XRP,1.063,,,coingecko
2026-08-01T16:28:03+00:00,DOGE,0.070132,,,coingecko
2026-08-01T16:28:03+00:00,BNB,577.32,,,coingecko
2026-08-01T16:28:03+00:00,ADA,0.173121,,,coingecko
2026-08-01T16:28:03+00:00,LINK,8.09,,,coingecko
2026-08-01T16:28:03+00:00,AVAX,6.36,,,coingecko
2026-08-01T16:28:03+00:00,DOT,0.777229,,,coingecko
2026-08-01T16:28:03+00:00,MATIC,0.126156,,,coingecko
2026-08-01T16:28:03+00:00,LTC,44.13,,,coingecko
2026-08-01T16:29:07+00:00,BTC,62906.0,,,coingecko
2026-08-01T16:29:07+00:00,ETH,1869.13,,,coingecko
2026-08-01T16:29:07+00:00,SOL,72.83,,,coingecko
2026-08-01T16:29:07+00:00,XRP,1.063,,,coingecko
2026-08-01T16:29:07+00:00,DOGE,0.070131,,,coingecko
2026-08-01T16:29:07+00:00,BNB,577.5,,,coingecko
2026-08-01T16:29:07+00:00,ADA,0.173283,,,coingecko
2026-08-01T16:29:07+00:00,LINK,8.09,,,coingecko
2026-08-01T16:29:07+00:00,AVAX,6.37,,,coingecko
2026-08-01T16:29:07+00:00,DOT,0.777737,,,coingecko
2026-08-01T16:29:07+00:00,MATIC,0.126156,,,coingecko
2026-08-01T16:29:07+00:00,LTC,44.13,,,coingecko
2026-08-01T16:30:11+00:00,BTC,62897.0,,,coingecko
2026-08-01T16:30:11+00:00,ETH,1869.01,,,coingecko
2026-08-01T16:30:11+00:00,SOL,72.84,,,coingecko
2026-08-01T16:30:11+00:00,XRP,1.063,,,coingecko
2026-08-01T16:30:11+00:00,DOGE,0.070095,,,coingecko
2026-08-01T16:30:11+00:00,BNB,577.41,,,coingecko
2026-08-01T16:30:11+00:00,ADA,0.173295,,,coingecko
2026-08-01T16:30:11+00:00,LINK,8.09,,,coingecko
2026-08-01T16:30:11+00:00,AVAX,6.37,,,coingecko
2026-08-01T16:30:11+00:00,DOT,0.777857,,,coingecko
2026-08-01T16:30:11+00:00,MATIC,0.126156,,,coingecko
2026-08-01T16:30:11+00:00,LTC,44.15,,,coingecko
2026-08-01T16:31:15+00:00,BTC,62894.0,,,coingecko
2026-08-01T16:31:15+00:00,ETH,1868.7,,,coingecko
2026-08-01T16:31:15+00:00,SOL,72.82,,,coingecko
2026-08-01T16:31:15+00:00,XRP,1.063,,,coingecko
2026-08-01T16:31:15+00:00,DOGE,0.070072,,,coingecko
2026-08-01T16:31:15+00:00,BNB,577.35,,,coingecko
2026-08-01T16:31:15+00:00,ADA,0.173294,,,coingecko
2026-08-01T16:31:15+00:00,LINK,8.09,,,coingecko
2026-08-01T16:31:15+00:00,AVAX,6.37,,,coingecko
2026-08-01T16:31:15+00:00,DOT,0.777133,,,coingecko
2026-08-01T16:31:15+00:00,MATIC,0.126156,,,coingecko
2026-08-01T16:31:15+00:00,LTC,44.14,,,coingecko
2026-08-01T16:32:19+00:00,BTC,62901.0,,,coingecko
2026-08-01T16:32:19+00:00,ETH,1868.87,,,coingecko
2026-08-01T16:32:19+00:00,SOL,72.83,,,coingecko
2026-08-01T16:32:19+00:00,XRP,1.063,,,coingecko
2026-08-01T16:32:19+00:00,DOGE,0.070051,,,coingecko
2026-08-01T16:32:19+00:00,BNB,577.6,,,coingecko
2026-08-01T16:32:19+00:00,ADA,0.173326,,,coingecko
2026-08-01T16:32:19+00:00,LINK,8.09,,,coingecko
2026-08-01T16:32:19+00:00,AVAX,6.37,,,coingecko
2026-08-01T16:32:19+00:00,DOT,0.776968,,,coingecko
2026-08-01T16:32:19+00:00,MATIC,0.126156,,,coingecko
2026-08-01T16:32:19+00:00,LTC,44.15,,,coingecko
2026-08-01T16:33:25+00:00,BTC,62906.0,,,coingecko
2026-08-01T16:33:25+00:00,ETH,1869.41,,,coingecko
2026-08-01T16:33:25+00:00,SOL,72.82,,,coingecko
2026-08-01T16:33:25+00:00,XRP,1.063,,,coingecko
2026-08-01T16:33:25+00:00,DOGE,0.070043,,,coingecko
2026-08-01T16:33:25+00:00,BNB,577.57,,,coingecko
2026-08-01T16:33:25+00:00,ADA,0.173255,,,coingecko
2026-08-01T16:33:25+00:00,LINK,8.09,,,coingecko
2026-08-01T16:33:25+00:00,AVAX,6.37,,,coingecko
2026-08-01T16:33:25+00:00,DOT,0.777659,,,coingecko
2026-08-01T16:33:25+00:00,MATIC,0.126156,,,coingecko
2026-08-01T16:33:25+00:00,LTC,44.13,,,coingecko
2026-08-01T16:34:04+00:00,BTC,62881.025,,,consenso
2026-08-01T16:34:04+00:00,ETH,1869.495,,,consenso
2026-08-01T16:34:04+00:00,SOL,72.84,,,consenso
2026-08-01T16:34:04+00:00,XRP,1.06313,,,consenso
2026-08-01T16:34:04+00:00,DOGE,0.07008,,,binance
2026-08-01T16:34:04+00:00,BNB,578.23,,,binance
2026-08-01T16:34:30+00:00,BTC,62894.0,,,coingecko
2026-08-01T16:34:30+00:00,ETH,1868.89,,,coingecko
2026-08-01T16:34:30+00:00,SOL,72.81,,,coingecko
2026-08-01T16:34:30+00:00,XRP,1.063,,,coingecko
2026-08-01T16:34:30+00:00,DOGE,0.070005,,,coingecko
2026-08-01T16:34:30+00:00,BNB,577.47,,,coingecko
2026-08-01T16:34:30+00:00,ADA,0.173149,,,coingecko
2026-08-01T16:34:30+00:00,LINK,8.09,,,coingecko
2026-08-01T16:34:30+00:00,AVAX,6.36,,,coingecko
2026-08-01T16:34:30+00:00,DOT,0.77725,,,coingecko
2026-08-01T16:34:30+00:00,MATIC,0.126156,,,coingecko
2026-08-01T16:34:30+00:00,LTC,44.12,,,coingecko
2026-08-01T16:35:09+00:00,BTC,62881.025,,,consenso
2026-08-01T16:35:09+00:00,ETH,1869.495,,,consenso
2026-08-01T16:35:09+00:00,SOL,72.91,,,consenso
2026-08-01T16:35:09+00:00,XRP,1.0644,,,consenso
2026-08-01T16:35:09+00:00,DOGE,0.0701,,,binance
2026-08-01T16:35:09+00:00,BNB,578.41,,,binance
2026-08-01T16:35:34+00:00,BTC,62906.0,,,coingecko
2026-08-01T16:35:34+00:00,ETH,1869.53,,,coingecko
2026-08-01T16:35:34+00:00,SOL,72.83,,,coingecko
2026-08-01T16:35:34+00:00,XRP,1.063,,,coingecko
2026-08-01T16:35:34+00:00,DOGE,0.070018,,,coingecko
2026-08-01T16:35:34+00:00,BNB,577.79,,,coingecko
2026-08-01T16:35:34+00:00,ADA,0.173247,,,coingecko
2026-08-01T16:35:34+00:00,LINK,8.1,,,coingecko
2026-08-01T16:35:34+00:00,AVAX,6.37,,,coingecko
2026-08-01T16:35:34+00:00,DOT,0.777307,,,coingecko
2026-08-01T16:35:34+00:00,MATIC,0.126156,,,coingecko
2026-08-01T16:35:34+00:00,LTC,44.14,,,coingecko
2026-08-01T16:36:10+00:00,BTC,62881.025,,,consenso
2026-08-01T16:36:10+00:00,ETH,1869.495,,,consenso
2026-08-01T16:36:10+00:00,SOL,72.89,,,consenso
2026-08-01T16:36:10+00:00,XRP,1.0643,,,consenso
2026-08-01T16:36:10+00:00,DOGE,0.07011,,,binance
2026-08-01T16:36:10+00:00,BNB,578.57,,,binance
2026-08-01T16:36:38+00:00,BTC,62911.0,,,coingecko
2026-08-01T16:36:38+00:00,ETH,1870.11,,,coingecko
2026-08-01T16:36:38+00:00,SOL,72.85,,,coingecko
2026-08-01T16:36:38+00:00,XRP,1.063,,,coingecko
2026-08-01T16:36:38+00:00,DOGE,0.070039,,,coingecko
2026-08-01T16:36:38+00:00,BNB,577.83,,,coingecko
2026-08-01T16:36:38+00:00,ADA,0.173385,,,coingecko
2026-08-01T16:36:38+00:00,LINK,8.1,,,coingecko
2026-08-01T16:36:38+00:00,AVAX,6.36,,,coingecko
2026-08-01T16:36:38+00:00,DOT,0.778387,,,coingecko
2026-08-01T16:36:38+00:00,MATIC,0.126156,,,coingecko
2026-08-01T16:36:38+00:00,LTC,44.14,,,coingecko
2026-08-01T16:40:29+00:00,BTC,62950.0,,,coingecko
2026-08-01T16:40:29+00:00,ETH,1870.84,,,coingecko
2026-08-01T16:40:29+00:00,SOL,72.85,,,coingecko
2026-08-01T16:40:29+00:00,XRP,1.063,,,coingecko
2026-08-01T16:40:29+00:00,DOGE,0.07005,,,coingecko
2026-08-01T16:40:29+00:00,BNB,577.9,,,coingecko
2026-08-01T16:40:29+00:00,ADA,0.173761,,,coingecko
2026-08-01T16:40:29+00:00,LINK,8.1,,,coingecko
2026-08-01T16:40:29+00:00,AVAX,6.37,,,coingecko
2026-08-01T16:40:29+00:00,DOT,0.778485,,,coingecko
2026-08-01T16:40:29+00:00,MATIC,0.126156,,,coingecko
2026-08-01T16:40:29+00:00,LTC,44.15,,,coingecko
2026-08-01T16:41:35+00:00,BTC,62939.0,,,coingecko
2026-08-01T16:41:35+00:00,ETH,1870.4,,,coingecko
2026-08-01T16:41:35+00:00,SOL,72.84,,,coingecko
2026-08-01T16:41:35+00:00,XRP,1.063,,,coingecko
2026-08-01T16:41:35+00:00,DOGE,0.070046,,,coingecko
2026-08-01T16:41:35+00:00,BNB,577.88,,,coingecko
2026-08-01T16:41:35+00:00,ADA,0.173734,,,coingecko
2026-08-01T16:41:35+00:00,LINK,8.1,,,coingecko
2026-08-01T16:41:35+00:00,AVAX,6.37,,,coingecko
2026-08-01T16:41:35+00:00,DOT,0.778453,,,coingecko
2026-08-01T16:41:35+00:00,MATIC,0.126156,,,coingecko
2026-08-01T16:41:35+00:00,LTC,44.12,,,coingecko
2026-08-01T16:42:39+00:00,BTC,62934.0,,,coingecko
2026-08-01T16:42:39+00:00,ETH,1870.19,,,coingecko
2026-08-01T16:42:39+00:00,SOL,72.83,,,coingecko
2026-08-01T16:42:39+00:00,XRP,1.063,,,coingecko
2026-08-01T16:42:39+00:00,DOGE,0.070044,,,coingecko
2026-08-01T16:42:39+00:00,BNB,577.79,,,coingecko
2026-08-01T16:42:39+00:00,ADA,0.173814,,,coingecko
2026-08-01T16:42:39+00:00,LINK,8.1,,,coingecko
2026-08-01T16:42:39+00:00,AVAX,6.36,,,coingecko
2026-08-01T16:42:39+00:00,DOT,0.777902,,,coingecko
2026-08-01T16:42:39+00:00,MATIC,0.126156,,,coingecko
2026-08-01T16:42:39+00:00,LTC,44.1,,,coingecko
2026-08-01T16:43:43+00:00,BTC,62928.0,,,coingecko
2026-08-01T16:43:43+00:00,ETH,1869.33,,,coingecko
2026-08-01T16:43:43+00:00,SOL,72.81,,,coingecko
2026-08-01T16:43:43+00:00,XRP,1.062,,,coingecko
2026-08-01T16:43:43+00:00,DOGE,0.070005,,,coingecko
2026-08-01T16:43:43+00:00,BNB,577.57,,,coingecko
2026-08-01T16:43:43+00:00,ADA,0.173814,,,coingecko
2026-08-01T16:43:43+00:00,LINK,8.1,,,coingecko
2026-08-01T16:43:43+00:00,AVAX,6.36,,,coingecko
2026-08-01T16:43:43+00:00,DOT,0.777223,,,coingecko
2026-08-01T16:43:43+00:00,MATIC,0.126156,,,coingecko
2026-08-01T16:43:43+00:00,LTC,44.09,,,coingecko
2026-08-01T16:44:32+00:00,BTC,62900.645,,,consenso
2026-08-01T16:44:32+00:00,ETH,1868.705,,,consenso
2026-08-01T16:44:32+00:00,SOL,72.78,,,consenso
2026-08-01T16:44:32+00:00,XRP,1.06125,,,consenso
2026-08-01T16:44:32+00:00,DOGE,0.07006,,,binance
2026-08-01T16:44:32+00:00,BNB,578.12,,,binance
2026-08-01T16:44:48+00:00,BTC,62909.0,,,coingecko
2026-08-01T16:44:48+00:00,ETH,1869.01,,,coingecko
2026-08-01T16:44:48+00:00,SOL,72.8,,,coingecko
2026-08-01T16:44:48+00:00,XRP,1.062,,,coingecko
2026-08-01T16:44:48+00:00,DOGE,0.070001,,,coingecko
2026-08-01T16:44:48+00:00,BNB,577.48,,,coingecko
2026-08-01T16:44:48+00:00,ADA,0.173842,,,coingecko
2026-08-01T16:44:48+00:00,LINK,8.09,,,coingecko
2026-08-01T16:44:48+00:00,AVAX,6.36,,,coingecko
2026-08-01T16:44:48+00:00,DOT,0.777199,,,coingecko
2026-08-01T16:44:48+00:00,MATIC,0.126156,,,coingecko
2026-08-01T16:44:48+00:00,LTC,44.09,,,coingecko
2026-08-01T16:45:32+00:00,BTC,62900.645,,,consenso
2026-08-01T16:45:32+00:00,ETH,1868.705,,,consenso
2026-08-01T16:45:32+00:00,SOL,72.82,,,consenso
2026-08-01T16:45:32+00:00,XRP,1.0621,,,consenso
2026-08-01T16:45:32+00:00,DOGE,0.07011,,,binance
2026-08-01T16:45:32+00:00,BNB,578.14,,,binance
2026-08-01T16:45:52+00:00,BTC,62912.0,,,coingecko
2026-08-01T16:45:52+00:00,ETH,1868.96,,,coingecko
2026-08-01T16:45:52+00:00,SOL,72.78,,,coingecko
2026-08-01T16:45:52+00:00,XRP,1.062,,,coingecko
2026-08-01T16:45:52+00:00,DOGE,0.070013,,,coingecko
2026-08-01T16:45:52+00:00,BNB,577.54,,,coingecko
2026-08-01T16:45:52+00:00,ADA,0.173917,,,coingecko
2026-08-01T16:45:52+00:00,LINK,8.09,,,coingecko
2026-08-01T16:45:52+00:00,AVAX,6.36,,,coingecko
2026-08-01T16:45:52+00:00,DOT,0.777094,,,coingecko
2026-08-01T16:45:52+00:00,MATIC,0.126156,,,coingecko
2026-08-01T16:45:52+00:00,LTC,44.09,,,coingecko
2026-08-01T16:46:17+00:00,BTC,62900.645,,,consenso
2026-08-01T16:46:17+00:00,ETH,1868.705,,,consenso
2026-08-01T16:46:17+00:00,SOL,72.83,,,consenso
2026-08-01T16:46:17+00:00,XRP,1.0618,,,consenso
2026-08-01T16:46:17+00:00,DOGE,0.07014,,,binance
2026-08-01T16:46:17+00:00,BNB,578.15,,,binance
2026-08-01T16:46:57+00:00,BTC,62914.0,,,coingecko
2026-08-01T16:46:57+00:00,ETH,1868.86,,,coingecko
2026-08-01T16:46:57+00:00,SOL,72.78,,,coingecko
2026-08-01T16:46:57+00:00,XRP,1.061,,,coingecko
2026-08-01T16:46:57+00:00,DOGE,0.070066,,,coingecko
2026-08-01T16:46:57+00:00,BNB,577.58,,,coingecko
2026-08-01T16:46:57+00:00,ADA,0.173975,,,coingecko
2026-08-01T16:46:57+00:00,LINK,8.09,,,coingecko
2026-08-01T16:46:57+00:00,AVAX,6.36,,,coingecko
2026-08-01T16:46:57+00:00,DOT,0.777229,,,coingecko
2026-08-01T16:46:57+00:00,MATIC,0.126156,,,coingecko
2026-08-01T16:46:57+00:00,LTC,44.08,,,coingecko
2026-08-01T16:48:00+00:00,BTC,62910.0,,,coingecko
2026-08-01T16:48:00+00:00,ETH,1868.52,,,coingecko
2026-08-01T16:48:00+00:00,SOL,72.77,,,coingecko
2026-08-01T16:48:00+00:00,XRP,1.061,,,coingecko
2026-08-01T16:48:00+00:00,DOGE,0.070062,,,coingecko
2026-08-01T16:48:00+00:00,BNB,577.59,,,coingecko
2026-08-01T16:48:00+00:00,ADA,0.173829,,,coingecko
2026-08-01T16:48:00+00:00,LINK,8.09,,,coingecko
2026-08-01T16:48:00+00:00,AVAX,6.36,,,coingecko
2026-08-01T16:48:00+00:00,DOT,0.776465,,,coingecko
2026-08-01T16:48:00+00:00,MATIC,0.126156,,,coingecko
2026-08-01T16:48:00+00:00,LTC,44.07,,,coingecko
2026-08-01T16:49:04+00:00,BTC,62906.0,,,coingecko
2026-08-01T16:49:04+00:00,ETH,1868.08,,,coingecko
2026-08-01T16:49:04+00:00,SOL,72.77,,,coingecko
2026-08-01T16:49:04+00:00,XRP,1.061,,,coingecko
2026-08-01T16:49:04+00:00,DOGE,0.07007,,,coingecko
2026-08-01T16:49:04+00:00,BNB,577.62,,,coingecko
2026-08-01T16:49:04+00:00,ADA,0.1738,,,coingecko
2026-08-01T16:49:04+00:00,LINK,8.09,,,coingecko
2026-08-01T16:49:04+00:00,AVAX,6.36,,,coingecko
2026-08-01T16:49:04+00:00,DOT,0.776134,,,coingecko
2026-08-01T16:49:04+00:00,MATIC,0.126156,,,coingecko
2026-08-01T16:49:04+00:00,LTC,44.07,,,coingecko
2026-08-01T16:50:08+00:00,BTC,62904.0,,,coingecko
2026-08-01T16:50:08+00:00,ETH,1867.77,,,coingecko
2026-08-01T16:50:08+00:00,SOL,72.77,,,coingecko
2026-08-01T16:50:08+00:00,XRP,1.061,,,coingecko
2026-08-01T16:50:08+00:00,DOGE,0.070075,,,coingecko
2026-08-01T16:50:08+00:00,BNB,577.7,,,coingecko
2026-08-01T16:50:08+00:00,ADA,0.174083,,,coingecko
2026-08-01T16:50:08+00:00,LINK,8.08,,,coingecko
2026-08-01T16:50:08+00:00,AVAX,6.36,,,coingecko
2026-08-01T16:50:08+00:00,DOT,0.776733,,,coingecko
2026-08-01T16:50:08+00:00,MATIC,0.126156,,,coingecko
2026-08-01T16:50:08+00:00,LTC,44.06,,,coingecko
2026-08-01T16:52:18+00:00,BTC,62884.825,,,consenso
2026-08-01T16:52:18+00:00,ETH,1867.14,,,consenso
2026-08-01T16:52:18+00:00,SOL,72.75,,,consenso
2026-08-01T16:52:18+00:00,XRP,1.06087,,,consenso
2026-08-01T16:52:18+00:00,DOGE,0.07006,,,binance
2026-08-01T16:52:18+00:00,BNB,578.07,,,binance
2026-08-01T16:54:06+00:00,BTC,62899.0,,,coingecko
2026-08-01T16:54:06+00:00,ETH,1867.45,,,coingecko
2026-08-01T16:54:06+00:00,SOL,72.75,,,coingecko
2026-08-01T16:54:06+00:00,XRP,1.061,,,coingecko
2026-08-01T16:54:06+00:00,DOGE,0.069996,,,coingecko
2026-08-01T16:54:06+00:00,BNB,577.6,,,coingecko
2026-08-01T16:54:06+00:00,ADA,0.174331,,,coingecko
2026-08-01T16:54:06+00:00,LINK,8.09,,,coingecko
2026-08-01T16:54:06+00:00,AVAX,6.36,,,coingecko
2026-08-01T16:54:06+00:00,DOT,0.77785,,,coingecko
2026-08-01T16:54:06+00:00,MATIC,0.126156,,,coingecko
2026-08-01T16:54:06+00:00,LTC,44.05,,,coingecko
2026-08-01T16:54:04+00:00,BTC,62884.825,,,consenso
2026-08-01T16:54:04+00:00,ETH,1867.14,,,consenso
2026-08-01T16:54:04+00:00,SOL,72.76,,,consenso
2026-08-01T16:54:04+00:00,XRP,1.061,,,consenso
2026-08-01T16:54:04+00:00,DOGE,0.07003,,,binance
2026-08-01T16:54:04+00:00,BNB,577.87,,,binance
2026-08-01T16:55:00+00:00,BTC,62884.825,,,consenso
2026-08-01T16:55:00+00:00,ETH,1867.14,,,consenso
2026-08-01T16:55:00+00:00,SOL,72.75,,,consenso
2026-08-01T16:55:00+00:00,XRP,1.0615,,,consenso
2026-08-01T16:55:00+00:00,DOGE,0.07005,,,binance
2026-08-01T16:55:00+00:00,BNB,577.99,,,binance
2026-08-01T16:55:12+00:00,BTC,62897.0,,,coingecko
2026-08-01T16:55:12+00:00,ETH,1867.16,,,coingecko
2026-08-01T16:55:12+00:00,SOL,72.73,,,coingecko
2026-08-01T16:55:12+00:00,XRP,1.061,,,coingecko
2026-08-01T16:55:12+00:00,DOGE,0.069989,,,coingecko
2026-08-01T16:55:12+00:00,BNB,577.6,,,coingecko
2026-08-01T16:55:12+00:00,ADA,0.174211,,,coingecko
2026-08-01T16:55:12+00:00,LINK,8.09,,,coingecko
2026-08-01T16:55:12+00:00,AVAX,6.36,,,coingecko
2026-08-01T16:55:12+00:00,DOT,0.777954,,,coingecko
2026-08-01T16:55:12+00:00,MATIC,0.126156,,,coingecko
2026-08-01T16:55:12+00:00,LTC,44.05,,,coingecko
2026-08-01T16:56:16+00:00,BTC,62875.0,,,coingecko
2026-08-01T16:56:16+00:00,ETH,1866.95,,,coingecko
2026-08-01T16:56:16+00:00,SOL,72.69,,,coingecko
2026-08-01T16:56:16+00:00,XRP,1.061,,,coingecko
2026-08-01T16:56:16+00:00,DOGE,0.069992,,,coingecko
2026-08-01T16:56:16+00:00,BNB,577.48,,,coingecko
2026-08-01T16:56:16+00:00,ADA,0.174009,,,coingecko
2026-08-01T16:56:16+00:00,LINK,8.08,,,coingecko
2026-08-01T16:56:16+00:00,AVAX,6.36,,,coingecko
2026-08-01T16:56:16+00:00,DOT,0.778109,,,coingecko
2026-08-01T16:56:16+00:00,MATIC,0.126156,,,coingecko
2026-08-01T16:56:16+00:00,LTC,44.06,,,coingecko
2026-08-01T16:57:20+00:00,BTC,62859.0,,,coingecko
2026-08-01T16:57:20+00:00,ETH,1866.32,,,coingecko
2026-08-01T16:57:20+00:00,SOL,72.54,,,coingecko
2026-08-01T16:57:20+00:00,XRP,1.06,,,coingecko
2026-08-01T16:57:20+00:00,DOGE,0.06993,,,coingecko
2026-08-01T16:57:20+00:00,BNB,577.53,,,coingecko
2026-08-01T16:57:20+00:00,ADA,0.173888,,,coingecko
2026-08-01T16:57:20+00:00,LINK,8.08,,,coingecko
2026-08-01T16:57:20+00:00,AVAX,6.35,,,coingecko
2026-08-01T16:57:20+00:00,DOT,0.776819,,,coingecko
2026-08-01T16:57:20+00:00,MATIC,0.126156,,,coingecko
2026-08-01T16:57:20+00:00,LTC,44.03,,,coingecko
2026-08-01T16:58:24+00:00,BTC,62852.0,,,coingecko
2026-08-01T16:58:24+00:00,ETH,1866.28,,,coingecko
2026-08-01T16:58:24+00:00,SOL,72.57,,,coingecko
2026-08-01T16:58:24+00:00,XRP,1.06,,,coingecko
2026-08-01T16:58:24+00:00,DOGE,0.069915,,,coingecko
2026-08-01T16:58:24+00:00,BNB,577.62,,,coingecko
2026-08-01T16:58:24+00:00,ADA,0.173775,,,coingecko
2026-08-01T16:58:24+00:00,LINK,8.08,,,coingecko
2026-08-01T16:58:24+00:00,AVAX,6.35,,,coingecko
2026-08-01T16:58:24+00:00,DOT,0.776338,,,coingecko
2026-08-01T16:58:24+00:00,MATIC,0.126156,,,coingecko
2026-08-01T16:58:24+00:00,LTC,44.0,,,coingecko
2026-08-01T16:59:29+00:00,BTC,62855.0,,,coingecko
2026-08-01T16:59:29+00:00,ETH,1866.4,,,coingecko
2026-08-01T16:59:29+00:00,SOL,72.59,,,coingecko
2026-08-01T16:59:29+00:00,XRP,1.06,,,coingecko
2026-08-01T16:59:29+00:00,DOGE,0.069945,,,coingecko
2026-08-01T16:59:29+00:00,BNB,577.79,,,coingecko
2026-08-01T16:59:29+00:00,ADA,0.173796,,,coingecko
2026-08-01T16:59:29+00:00,LINK,8.08,,,coingecko
2026-08-01T16:59:29+00:00,AVAX,6.35,,,coingecko
2026-08-01T16:59:29+00:00,DOT,0.777082,,,coingecko
2026-08-01T16:59:29+00:00,MATIC,0.126156,,,coingecko
2026-08-01T16:59:29+00:00,LTC,44.01,,,coingecko
2026-08-01T17:00:35+00:00,BTC,62858.0,,,coingecko
2026-08-01T17:00:35+00:00,ETH,1867.01,,,coingecko
2026-08-01T17:00:35+00:00,SOL,72.62,,,coingecko
2026-08-01T17:00:35+00:00,XRP,1.06,,,coingecko
2026-08-01T17:00:35+00:00,DOGE,0.069963,,,coingecko
2026-08-01T17:00:35+00:00,BNB,577.9,,,coingecko
2026-08-01T17:00:35+00:00,ADA,0.173911,,,coingecko
2026-08-01T17:00:35+00:00,LINK,8.08,,,coingecko
2026-08-01T17:00:35+00:00,AVAX,6.35,,,coingecko
2026-08-01T17:00:35+00:00,DOT,0.777206,,,coingecko
2026-08-01T17:00:35+00:00,MATIC,0.126156,,,coingecko
2026-08-01T17:00:35+00:00,LTC,44.02,,,coingecko
2026-08-01T17:00:54+00:00,BTC,62866.415,,,consenso
2026-08-01T17:00:54+00:00,ETH,1866.615,,,consenso
2026-08-01T17:00:54+00:00,SOL,72.615,,,consenso
2026-08-01T17:00:54+00:00,XRP,1.0598,,,consenso
2026-08-01T17:00:54+00:00,DOGE,0.07001,,,binance
2026-08-01T17:00:54+00:00,BNB,578.25,,,binance
2026-08-01T17:01:41+00:00,BTC,62870.0,,,coingecko
2026-08-01T17:01:41+00:00,ETH,1866.99,,,coingecko
2026-08-01T17:01:41+00:00,SOL,72.62,,,coingecko
2026-08-01T17:01:41+00:00,XRP,1.06,,,coingecko
2026-08-01T17:01:41+00:00,DOGE,0.069964,,,coingecko
2026-08-01T17:01:41+00:00,BNB,577.89,,,coingecko
2026-08-01T17:01:41+00:00,ADA,0.173988,,,coingecko
2026-08-01T17:01:41+00:00,LINK,8.08,,,coingecko
2026-08-01T17:01:41+00:00,AVAX,6.35,,,coingecko
2026-08-01T17:01:41+00:00,DOT,0.777782,,,coingecko
2026-08-01T17:01:41+00:00,MATIC,0.126156,,,coingecko
2026-08-01T17:01:41+00:00,LTC,44.02,,,coingecko
2026-08-01T17:01:50+00:00,BTC,62866.415,,,consenso
2026-08-01T17:01:50+00:00,ETH,1866.615,,,consenso
2026-08-01T17:01:50+00:00,SOL,72.68,,,consenso
2026-08-01T17:01:50+00:00,XRP,1.0604,,,consenso
2026-08-01T17:01:50+00:00,DOGE,0.07001,,,binance
2026-08-01T17:01:50+00:00,BNB,578.17,,,binance
2026-08-01T17:02:34+00:00,BTC,62866.415,,,consenso
2026-08-01T17:02:34+00:00,ETH,1866.615,,,consenso
2026-08-01T17:02:34+00:00,SOL,72.71,,,consenso
2026-08-01T17:02:34+00:00,XRP,1.0608,,,consenso
2026-08-01T17:02:34+00:00,DOGE,0.07004,,,binance
2026-08-01T17:02:34+00:00,BNB,578.21,,,binance
2026-08-01T17:02:46+00:00,BTC,62873.0,,,coingecko
2026-08-01T17:02:46+00:00,ETH,1866.68,,,coingecko
2026-08-01T17:02:46+00:00,SOL,72.62,,,coingecko
2026-08-01T17:02:46+00:00,XRP,1.06,,,coingecko
2026-08-01T17:02:46+00:00,DOGE,0.069959,,,coingecko
2026-08-01T17:02:46+00:00,BNB,577.73,,,coingecko
2026-08-01T17:02:46+00:00,ADA,0.173926,,,coingecko
2026-08-01T17:02:46+00:00,LINK,8.08,,,coingecko
2026-08-01T17:02:46+00:00,AVAX,6.35,,,coingecko
2026-08-01T17:02:46+00:00,DOT,0.777852,,,coingecko
2026-08-01T17:02:46+00:00,MATIC,0.126156,,,coingecko
2026-08-01T17:02:46+00:00,LTC,44.0,,,coingecko
2026-08-01T17:03:49+00:00,BTC,62880.0,,,coingecko
2026-08-01T17:03:49+00:00,ETH,1866.48,,,coingecko
2026-08-01T17:03:49+00:00,SOL,72.63,,,coingecko
2026-08-01T17:03:49+00:00,XRP,1.06,,,coingecko
2026-08-01T17:03:49+00:00,DOGE,0.069967,,,coingecko
2026-08-01T17:03:49+00:00,BNB,577.71,,,coingecko
2026-08-01T17:03:49+00:00,ADA,0.174002,,,coingecko
2026-08-01T17:03:49+00:00,LINK,8.08,,,coingecko
2026-08-01T17:03:49+00:00,AVAX,6.35,,,coingecko
2026-08-01T17:03:49+00:00,DOT,0.777836,,,coingecko
2026-08-01T17:03:49+00:00,MATIC,0.126156,,,coingecko
2026-08-01T17:03:49+00:00,LTC,43.99,,,coingecko
2026-08-01T17:07:32+00:00,BTC,62920.0,,,coingecko
2026-08-01T17:07:32+00:00,ETH,1867.24,,,coingecko
2026-08-01T17:07:32+00:00,SOL,72.71,,,coingecko
2026-08-01T17:07:32+00:00,XRP,1.061,,,coingecko
2026-08-01T17:07:32+00:00,DOGE,0.070015,,,coingecko
2026-08-01T17:07:32+00:00,BNB,577.7,,,coingecko
2026-08-01T17:07:32+00:00,ADA,0.174602,,,coingecko
2026-08-01T17:07:32+00:00,LINK,8.09,,,coingecko
2026-08-01T17:07:32+00:00,AVAX,6.35,,,coingecko
2026-08-01T17:07:32+00:00,DOT,0.778877,,,coingecko
2026-08-01T17:07:32+00:00,MATIC,0.126156,,,coingecko
2026-08-01T17:07:32+00:00,LTC,44.05,,,coingecko
2026-08-01T17:08:38+00:00,BTC,62928.0,,,coingecko
2026-08-01T17:08:38+00:00,ETH,1867.95,,,coingecko
2026-08-01T17:08:38+00:00,SOL,72.7,,,coingecko
2026-08-01T17:08:38+00:00,XRP,1.061,,,coingecko
2026-08-01T17:08:38+00:00,DOGE,0.07002,,,coingecko
2026-08-01T17:08:38+00:00,BNB,577.73,,,coingecko
2026-08-01T17:08:38+00:00,ADA,0.1746,,,coingecko
2026-08-01T17:08:38+00:00,LINK,8.09,,,coingecko
2026-08-01T17:08:38+00:00,AVAX,6.36,,,coingecko
2026-08-01T17:08:38+00:00,DOT,0.778991,,,coingecko
2026-08-01T17:08:38+00:00,MATIC,0.126156,,,coingecko
2026-08-01T17:08:38+00:00,LTC,44.07,,,coingecko
2026-08-01T17:09:44+00:00,BTC,62938.0,,,coingecko
2026-08-01T17:09:44+00:00,ETH,1868.15,,,coingecko
2026-08-01T17:09:44+00:00,SOL,72.7,,,coingecko
2026-08-01T17:09:44+00:00,XRP,1.061,,,coingecko
2026-08-01T17:09:44+00:00,DOGE,0.070032,,,coingecko
2026-08-01T17:09:44+00:00,BNB,578.02,,,coingecko
2026-08-01T17:09:44+00:00,ADA,0.174741,,,coingecko
2026-08-01T17:09:44+00:00,LINK,8.09,,,coingecko
2026-08-01T17:09:44+00:00,AVAX,6.36,,,coingecko
2026-08-01T17:09:44+00:00,DOT,0.780511,,,coingecko
2026-08-01T17:09:44+00:00,MATIC,0.126156,,,coingecko
2026-08-01T17:09:44+00:00,LTC,44.1,,,coingecko
2026-08-01T17:09:46+00:00,BTC,62930.085,,,consenso
2026-08-01T17:09:46+00:00,ETH,1868.205,,,consenso
2026-08-01T17:09:46+00:00,SOL,72.675,,,consenso
2026-08-01T17:09:46+00:00,XRP,1.06095,,,consenso
2026-08-01T17:09:46+00:00,DOGE,0.07008,,,binance
2026-08-01T17:09:46+00:00,BNB,578.44,,,binance
2026-08-01T17:10:48+00:00,BTC,62936.0,,,coingecko
2026-08-01T17:10:48+00:00,ETH,1868.33,,,coingecko
2026-08-01T17:10:48+00:00,SOL,72.7,,,coingecko
2026-08-01T17:10:48+00:00,XRP,1.061,,,coingecko
2026-08-01T17:10:48+00:00,DOGE,0.070047,,,coingecko
2026-08-01T17:10:48+00:00,BNB,578.12,,,coingecko
2026-08-01T17:10:48+00:00,ADA,0.174595,,,coingecko
2026-08-01T17:10:48+00:00,LINK,8.09,,,coingecko
2026-08-01T17:10:48+00:00,AVAX,6.36,,,coingecko
2026-08-01T17:10:48+00:00,DOT,0.780879,,,coingecko
2026-08-01T17:10:48+00:00,MATIC,0.126156,,,coingecko
2026-08-01T17:10:48+00:00,LTC,44.1,,,coingecko
2026-08-01T17:11:19+00:00,BTC,62930.085,,,consenso
2026-08-01T17:11:19+00:00,ETH,1868.205,,,consenso
2026-08-01T17:11:19+00:00,SOL,72.62,,,consenso
2026-08-01T17:11:19+00:00,XRP,1.0608,,,consenso
2026-08-01T17:11:19+00:00,DOGE,0.07001,,,binance
2026-08-01T17:11:19+00:00,BNB,577.9,,,binance
2026-08-01T17:11:53+00:00,BTC,62906.0,,,coingecko
2026-08-01T17:11:53+00:00,ETH,1867.4,,,coingecko
2026-08-01T17:11:53+00:00,SOL,72.63,,,coingecko
2026-08-01T17:11:53+00:00,XRP,1.06,,,coingecko
2026-08-01T17:11:53+00:00,DOGE,0.070001,,,coingecko
2026-08-01T17:11:53+00:00,BNB,577.74,,,coingecko
2026-08-01T17:11:53+00:00,ADA,0.174373,,,coingecko
2026-08-01T17:11:53+00:00,LINK,8.09,,,coingecko
2026-08-01T17:11:53+00:00,AVAX,6.35,,,coingecko
2026-08-01T17:11:53+00:00,DOT,0.781181,,,coingecko
2026-08-01T17:11:53+00:00,MATIC,0.126156,,,coingecko
2026-08-01T17:11:53+00:00,LTC,44.09,,,coingecko
2026-08-01T17:12:42+00:00,BTC,62930.085,,,consenso
2026-08-01T17:12:42+00:00,ETH,1868.205,,,consenso
2026-08-01T17:12:42+00:00,SOL,72.56,,,consenso
2026-08-01T17:12:42+00:00,XRP,1.0607,,,consenso
2026-08-01T17:12:42+00:00,DOGE,0.06998,,,binance
2026-08-01T17:12:42+00:00,BNB,577.81,,,binance
2026-08-01T17:12:58+00:00,BTC,62885.0,,,coingecko
2026-08-01T17:12:58+00:00,ETH,1866.39,,,coingecko
2026-08-01T17:12:58+00:00,SOL,72.59,,,coingecko
2026-08-01T17:12:58+00:00,XRP,1.06,,,coingecko
2026-08-01T17:12:58+00:00,DOGE,0.069959,,,coingecko
2026-08-01T17:12:58+00:00,BNB,577.51,,,coingecko
2026-08-01T17:12:58+00:00,ADA,0.17401,,,coingecko
2026-08-01T17:12:58+00:00,LINK,8.08,,,coingecko
2026-08-01T17:12:58+00:00,AVAX,6.35,,,coingecko
2026-08-01T17:12:58+00:00,DOT,0.780272,,,coingecko
2026-08-01T17:12:58+00:00,MATIC,0.126156,,,coingecko
2026-08-01T17:12:58+00:00,LTC,44.07,,,coingecko
2026-08-01T17:14:05+00:00,BTC,62867.0,,,coingecko
2026-08-01T17:14:05+00:00,ETH,1865.67,,,coingecko
2026-08-01T17:14:05+00:00,SOL,72.52,,,coingecko
2026-08-01T17:14:05+00:00,XRP,1.06,,,coingecko
2026-08-01T17:14:05+00:00,DOGE,0.069934,,,coingecko
2026-08-01T17:14:05+00:00,BNB,577.39,,,coingecko
2026-08-01T17:14:05+00:00,ADA,0.173751,,,coingecko
2026-08-01T17:14:05+00:00,LINK,8.08,,,coingecko
2026-08-01T17:14:05+00:00,AVAX,6.35,,,coingecko
2026-08-01T17:14:05+00:00,DOT,0.779175,,,coingecko
2026-08-01T17:14:05+00:00,MATIC,0.126156,,,coingecko
2026-08-01T17:14:05+00:00,LTC,44.05,,,coingecko
2026-08-01T17:15:09+00:00,BTC,62865.0,,,coingecko
2026-08-01T17:15:09+00:00,ETH,1865.57,,,coingecko
2026-08-01T17:15:09+00:00,SOL,72.51,,,coingecko
2026-08-01T17:15:09+00:00,XRP,1.06,,,coingecko
2026-08-01T17:15:09+00:00,DOGE,0.069932,,,coingecko
2026-08-01T17:15:09+00:00,BNB,577.25,,,coingecko
2026-08-01T17:15:09+00:00,ADA,0.173416,,,coingecko
2026-08-01T17:15:09+00:00,LINK,8.08,,,coingecko
2026-08-01T17:15:09+00:00,AVAX,6.35,,,coingecko
2026-08-01T17:15:09+00:00,DOT,0.778873,,,coingecko
2026-08-01T17:15:09+00:00,MATIC,0.126156,,,coingecko
2026-08-01T17:15:09+00:00,LTC,44.05,,,coingecko
2026-08-01T17:16:14+00:00,BTC,62846.0,,,coingecko
2026-08-01T17:16:14+00:00,ETH,1864.77,,,coingecko
2026-08-01T17:16:14+00:00,SOL,72.41,,,coingecko
2026-08-01T17:16:14+00:00,XRP,1.059,,,coingecko
2026-08-01T17:16:14+00:00,DOGE,0.069847,,,coingecko
2026-08-01T17:16:14+00:00,BNB,576.89,,,coingecko
2026-08-01T17:16:14+00:00,ADA,0.173247,,,coingecko
2026-08-01T17:16:14+00:00,LINK,8.08,,,coingecko
2026-08-01T17:16:14+00:00,AVAX,6.34,,,coingecko
2026-08-01T17:16:14+00:00,DOT,0.77636,,,coingecko
2026-08-01T17:16:14+00:00,MATIC,0.126156,,,coingecko
2026-08-01T17:16:14+00:00,LTC,44.06,,,coingecko
2026-08-01T17:17:19+00:00,BTC,62825.0,,,coingecko
2026-08-01T17:17:19+00:00,ETH,1863.84,,,coingecko
2026-08-01T17:17:19+00:00,SOL,72.39,,,coingecko
2026-08-01T17:17:19+00:00,XRP,1.058,,,coingecko
2026-08-01T17:17:19+00:00,DOGE,0.069828,,,coingecko
2026-08-01T17:17:19+00:00,BNB,576.69,,,coingecko
2026-08-01T17:17:19+00:00,ADA,0.173267,,,coingecko
2026-08-01T17:17:19+00:00,LINK,8.07,,,coingecko
2026-08-01T17:17:19+00:00,AVAX,6.34,,,coingecko
2026-08-01T17:17:19+00:00,DOT,0.776057,,,coingecko
2026-08-01T17:17:19+00:00,MATIC,0.126156,,,coingecko
2026-08-01T17:17:19+00:00,LTC,44.03,,,coingecko
2026-08-01T17:21:27+00:00,BTC,62825.0,,,coingecko
2026-08-01T17:21:27+00:00,ETH,1863.9,,,coingecko
2026-08-01T17:21:27+00:00,SOL,72.42,,,coingecko
2026-08-01T17:21:27+00:00,XRP,1.059,,,coingecko
2026-08-01T17:21:27+00:00,DOGE,0.069834,,,coingecko
2026-08-01T17:21:27+00:00,BNB,577.0,,,coingecko
2026-08-01T17:21:27+00:00,ADA,0.173597,,,coingecko
2026-08-01T17:21:27+00:00,LINK,8.07,,,coingecko
2026-08-01T17:21:27+00:00,AVAX,6.34,,,coingecko
2026-08-01T17:21:27+00:00,DOT,0.777524,,,coingecko
2026-08-01T17:21:27+00:00,MATIC,0.126156,,,coingecko
2026-08-01T17:21:27+00:00,LTC,44.1,,,coingecko
2026-08-01T17:22:33+00:00,BTC,62828.0,,,coingecko
2026-08-01T17:22:33+00:00,ETH,1863.95,,,coingecko
2026-08-01T17:22:33+00:00,SOL,72.43,,,coingecko
2026-08-01T17:22:33+00:00,XRP,1.059,,,coingecko
2026-08-01T17:22:33+00:00,DOGE,0.069831,,,coingecko
2026-08-01T17:22:33+00:00,BNB,577.09,,,coingecko
2026-08-01T17:22:33+00:00,ADA,0.173664,,,coingecko
2026-08-01T17:22:33+00:00,LINK,8.08,,,coingecko
2026-08-01T17:22:33+00:00,AVAX,6.34,,,coingecko
2026-08-01T17:22:33+00:00,DOT,0.777576,,,coingecko
2026-08-01T17:22:33+00:00,MATIC,0.126156,,,coingecko
2026-08-01T17:22:33+00:00,LTC,44.09,,,coingecko
2026-08-01T17:22:37+00:00,BTC,62827.625,,,consenso
2026-08-01T17:22:37+00:00,ETH,1864.16,,,consenso
2026-08-01T17:22:37+00:00,SOL,72.415,,,consenso
2026-08-01T17:22:37+00:00,XRP,1.05965,,,consenso
2026-08-01T17:22:37+00:00,DOGE,0.06984,,,binance
2026-08-01T17:22:37+00:00,BNB,577.82,,,binance
2026-08-01T17:23:36+00:00,BTC,62832.0,,,coingecko
2026-08-01T17:23:36+00:00,ETH,1864.11,,,coingecko
2026-08-01T17:23:36+00:00,SOL,72.42,,,coingecko
2026-08-01T17:23:36+00:00,XRP,1.059,,,coingecko
2026-08-01T17:23:36+00:00,DOGE,0.069818,,,coingecko
2026-08-01T17:23:36+00:00,BNB,577.3,,,coingecko
2026-08-01T17:23:36+00:00,ADA,0.173634,,,coingecko
2026-08-01T17:23:36+00:00,LINK,8.08,,,coingecko
2026-08-01T17:23:36+00:00,AVAX,6.34,,,coingecko
2026-08-01T17:23:36+00:00,DOT,0.777356,,,coingecko
2026-08-01T17:23:36+00:00,MATIC,0.126156,,,coingecko
2026-08-01T17:23:36+00:00,LTC,44.12,,,coingecko
2026-08-01T17:23:39+00:00,BTC,62827.625,,,consenso
2026-08-01T17:23:39+00:00,ETH,1864.16,,,consenso
2026-08-01T17:23:39+00:00,SOL,72.45,,,consenso
2026-08-01T17:23:39+00:00,XRP,1.0603,,,consenso
2026-08-01T17:23:39+00:00,DOGE,0.06985,,,binance
2026-08-01T17:23:39+00:00,BNB,577.94,,,binance
2026-08-01T17:24:29+00:00,BTC,62827.625,,,consenso
2026-08-01T17:24:29+00:00,ETH,1864.16,,,consenso
2026-08-01T17:24:29+00:00,SOL,72.43,,,consenso
2026-08-01T17:24:29+00:00,XRP,1.0605,,,consenso
2026-08-01T17:24:29+00:00,DOGE,0.06985,,,binance
2026-08-01T17:24:29+00:00,BNB,578.0,,,binance
2026-08-01T17:24:39+00:00,BTC,62832.0,,,coingecko
2026-08-01T17:24:39+00:00,ETH,1863.6,,,coingecko
2026-08-01T17:24:39+00:00,SOL,72.38,,,coingecko
2026-08-01T17:24:39+00:00,XRP,1.059,,,coingecko
2026-08-01T17:24:39+00:00,DOGE,0.069785,,,coingecko
2026-08-01T17:24:39+00:00,BNB,577.31,,,coingecko
2026-08-01T17:24:39+00:00,ADA,0.173222,,,coingecko
2026-08-01T17:24:39+00:00,LINK,8.08,,,coingecko
2026-08-01T17:24:39+00:00,AVAX,6.34,,,coingecko
2026-08-01T17:24:39+00:00,DOT,0.776731,,,coingecko
2026-08-01T17:24:39+00:00,MATIC,0.126156,,,coingecko
2026-08-01T17:24:39+00:00,LTC,44.11,,,coingecko
2026-08-01T17:25:44+00:00,BTC,62829.0,,,coingecko
2026-08-01T17:25:44+00:00,ETH,1863.86,,,coingecko
2026-08-01T17:25:44+00:00,SOL,72.39,,,coingecko
2026-08-01T17:25:44+00:00,XRP,1.059,,,coingecko
2026-08-01T17:25:44+00:00,DOGE,0.069798,,,coingecko
2026-08-01T17:25:44+00:00,BNB,577.43,,,coingecko
2026-08-01T17:25:44+00:00,ADA,0.173241,,,coingecko
2026-08-01T17:25:44+00:00,LINK,8.08,,,coingecko
2026-08-01T17:25:44+00:00,AVAX,6.34,,,coingecko
2026-08-01T17:25:44+00:00,DOT,0.776836,,,coingecko
2026-08-01T17:25:44+00:00,MATIC,0.126156,,,coingecko
2026-08-01T17:25:44+00:00,LTC,44.1,,,coingecko
2026-08-01T17:26:47+00:00,BTC,62833.0,,,coingecko
2026-08-01T17:26:47+00:00,ETH,1863.34,,,coingecko
2026-08-01T17:26:47+00:00,SOL,72.37,,,coingecko
2026-08-01T17:26:47+00:00,XRP,1.059,,,coingecko
2026-08-01T17:26:47+00:00,DOGE,0.069796,,,coingecko
2026-08-01T17:26:47+00:00,BNB,577.39,,,coingecko
2026-08-01T17:26:47+00:00,ADA,0.173218,,,coingecko
2026-08-01T17:26:47+00:00,LINK,8.08,,,coingecko
2026-08-01T17:26:47+00:00,AVAX,6.34,,,coingecko
2026-08-01T17:26:47+00:00,DOT,0.777169,,,coingecko
2026-08-01T17:26:47+00:00,MATIC,0.126156,,,coingecko
2026-08-01T17:26:47+00:00,LTC,44.1,,,coingecko
2026-08-01T17:27:54+00:00,BTC,62774.0,,,coingecko
2026-08-01T17:27:54+00:00,ETH,1861.18,,,coingecko
2026-08-01T17:27:54+00:00,SOL,72.1,,,coingecko
2026-08-01T17:27:54+00:00,XRP,1.058,,,coingecko
2026-08-01T17:27:54+00:00,DOGE,0.069706,,,coingecko
2026-08-01T17:27:54+00:00,BNB,577.0,,,coingecko
2026-08-01T17:27:54+00:00,ADA,0.172908,,,coingecko
2026-08-01T17:27:54+00:00,LINK,8.07,,,coingecko
2026-08-01T17:27:54+00:00,AVAX,6.33,,,coingecko
2026-08-01T17:27:54+00:00,DOT,0.775134,,,coingecko
2026-08-01T17:27:54+00:00,MATIC,0.126156,,,coingecko
2026-08-01T17:27:54+00:00,LTC,44.05,,,coingecko
2026-08-01T17:28:57+00:00,BTC,62768.0,,,coingecko
2026-08-01T17:28:57+00:00,ETH,1861.11,,,coingecko
2026-08-01T17:28:57+00:00,SOL,72.13,,,coingecko
2026-08-01T17:28:57+00:00,XRP,1.058,,,coingecko
2026-08-01T17:28:57+00:00,DOGE,0.069706,,,coingecko
2026-08-01T17:28:57+00:00,BNB,577.04,,,coingecko
2026-08-01T17:28:57+00:00,ADA,0.172891,,,coingecko
2026-08-01T17:28:57+00:00,LINK,8.07,,,coingecko
2026-08-01T17:28:57+00:00,AVAX,6.33,,,coingecko
2026-08-01T17:28:57+00:00,DOT,0.775793,,,coingecko
2026-08-01T17:28:57+00:00,MATIC,0.126156,,,coingecko
2026-08-01T17:28:57+00:00,LTC,44.05,,,coingecko
2026-08-01T17:30:01+00:00,BTC,62764.0,,,coingecko
2026-08-01T17:30:01+00:00,ETH,1861.04,,,coingecko
2026-08-01T17:30:01+00:00,SOL,72.11,,,coingecko
2026-08-01T17:30:01+00:00,XRP,1.058,,,coingecko
2026-08-01T17:30:01+00:00,DOGE,0.069706,,,coingecko
2026-08-01T17:30:01+00:00,BNB,577.08,,,coingecko
2026-08-01T17:30:01+00:00,ADA,0.17284,,,coingecko
2026-08-01T17:30:01+00:00,LINK,8.07,,,coingecko
2026-08-01T17:30:01+00:00,AVAX,6.33,,,coingecko
2026-08-01T17:30:01+00:00,DOT,0.775866,,,coingecko
2026-08-01T17:30:01+00:00,MATIC,0.126156,,,coingecko
2026-08-01T17:30:01+00:00,LTC,44.05,,,coingecko
2026-08-01T17:30:17+00:00,BTC,62788.955,,,consenso
2026-08-01T17:30:17+00:00,ETH,1861.97,,,consenso
2026-08-01T17:30:17+00:00,SOL,72.035,,,consenso
2026-08-01T17:30:17+00:00,XRP,1.0581,,,consenso
2026-08-01T17:30:17+00:00,DOGE,0.06977,,,binance
2026-08-01T17:30:17+00:00,BNB,577.69,,,binance
2026-08-01T17:31:10+00:00,BTC,62776.0,,,coingecko
2026-08-01T17:31:10+00:00,ETH,1861.99,,,coingecko
2026-08-01T17:31:10+00:00,SOL,72.11,,,coingecko
2026-08-01T17:31:10+00:00,XRP,1.058,,,coingecko
2026-08-01T17:31:10+00:00,DOGE,0.069729,,,coingecko
2026-08-01T17:31:10+00:00,BNB,577.13,,,coingecko
2026-08-01T17:31:10+00:00,ADA,0.172693,,,coingecko
2026-08-01T17:31:10+00:00,LINK,8.07,,,coingecko
2026-08-01T17:31:10+00:00,AVAX,6.33,,,coingecko
2026-08-01T17:31:10+00:00,DOT,0.775899,,,coingecko
2026-08-01T17:31:10+00:00,MATIC,0.126156,,,coingecko
2026-08-01T17:31:10+00:00,LTC,44.05,,,coingecko
2026-08-01T17:31:15+00:00,BTC,62788.955,,,consenso
2026-08-01T17:31:15+00:00,ETH,1861.97,,,consenso
2026-08-01T17:31:15+00:00,SOL,71.97,,,consenso
2026-08-01T17:31:15+00:00,XRP,1.058,,,consenso
2026-08-01T17:31:15+00:00,DOGE,0.06973,,,binance
2026-08-01T17:31:15+00:00,BNB,577.2,,,binance
2026-08-01T17:32:05+00:00,BTC,62788.955,,,consenso
2026-08-01T17:32:05+00:00,ETH,1861.97,,,consenso
2026-08-01T17:32:05+00:00,SOL,72.02,,,consenso
2026-08-01T17:32:05+00:00,XRP,1.0592,,,consenso
2026-08-01T17:32:05+00:00,DOGE,0.06977,,,binance
2026-08-01T17:32:05+00:00,BNB,577.4,,,binance
2026-08-01T17:34:45+00:00,BTC,62754.0,,,coingecko
2026-08-01T17:34:45+00:00,ETH,1861.02,,,coingecko
2026-08-01T17:34:45+00:00,SOL,71.91,,,coingecko
2026-08-01T17:34:45+00:00,XRP,1.058,,,coingecko
2026-08-01T17:34:45+00:00,DOGE,0.069685,,,coingecko
2026-08-01T17:34:45+00:00,BNB,576.65,,,coingecko
2026-08-01T17:34:45+00:00,ADA,0.172964,,,coingecko
2026-08-01T17:34:45+00:00,LINK,8.06,,,coingecko
2026-08-01T17:34:45+00:00,AVAX,6.33,,,coingecko
2026-08-01T17:34:45+00:00,DOT,0.775337,,,coingecko
2026-08-01T17:34:45+00:00,MATIC,0.126156,,,coingecko
2026-08-01T17:34:45+00:00,LTC,44.0,,,coingecko
2026-08-01T17:35:52+00:00,BTC,62748.0,,,coingecko
2026-08-01T17:35:52+00:00,ETH,1860.8,,,coingecko
2026-08-01T17:35:52+00:00,SOL,71.79,,,coingecko
2026-08-01T17:35:52+00:00,XRP,1.058,,,coingecko
2026-08-01T17:35:52+00:00,DOGE,0.069673,,,coingecko
2026-08-01T17:35:52+00:00,BNB,576.56,,,coingecko
2026-08-01T17:35:52+00:00,ADA,0.173034,,,coingecko
2026-08-01T17:35:52+00:00,LINK,8.06,,,coingecko
2026-08-01T17:35:52+00:00,AVAX,6.33,,,coingecko
2026-08-01T17:35:52+00:00,DOT,0.774953,,,coingecko
2026-08-01T17:35:52+00:00,MATIC,0.126156,,,coingecko
2026-08-01T17:35:52+00:00,LTC,43.97,,,coingecko
2026-08-01T17:36:55+00:00,BTC,62736.0,,,coingecko
2026-08-01T17:36:55+00:00,ETH,1859.98,,,coingecko
2026-08-01T17:36:55+00:00,SOL,71.75,,,coingecko
2026-08-01T17:36:55+00:00,XRP,1.057,,,coingecko
2026-08-01T17:36:55+00:00,DOGE,0.069609,,,coingecko
2026-08-01T17:36:55+00:00,BNB,576.52,,,coingecko
2026-08-01T17:36:55+00:00,ADA,0.173211,,,coingecko
2026-08-01T17:36:55+00:00,LINK,8.05,,,coingecko
2026-08-01T17:36:55+00:00,AVAX,6.31,,,coingecko
2026-08-01T17:36:55+00:00,DOT,0.774467,,,coingecko
2026-08-01T17:36:55+00:00,MATIC,0.126156,,,coingecko
2026-08-01T17:36:55+00:00,LTC,43.96,,,coingecko
2026-08-01T17:37:59+00:00,BTC,62743.0,,,coingecko
2026-08-01T17:37:59+00:00,ETH,1859.31,,,coingecko
2026-08-01T17:37:59+00:00,SOL,71.74,,,coingecko
2026-08-01T17:37:59+00:00,XRP,1.057,,,coingecko
2026-08-01T17:37:59+00:00,DOGE,0.069599,,,coingecko
2026-08-01T17:37:59+00:00,BNB,576.52,,,coingecko
2026-08-01T17:37:59+00:00,ADA,0.173266,,,coingecko
2026-08-01T17:37:59+00:00,LINK,8.05,,,coingecko
2026-08-01T17:37:59+00:00,AVAX,6.32,,,coingecko
2026-08-01T17:37:59+00:00,DOT,0.774725,,,coingecko
2026-08-01T17:37:59+00:00,MATIC,0.126156,,,coingecko
2026-08-01T17:37:59+00:00,LTC,43.97,,,coingecko
2026-08-01T17:39:03+00:00,BTC,62709.0,,,coingecko
2026-08-01T17:39:03+00:00,ETH,1857.43,,,coingecko
2026-08-01T17:39:03+00:00,SOL,71.65,,,coingecko
2026-08-01T17:39:03+00:00,XRP,1.057,,,coingecko
2026-08-01T17:39:03+00:00,DOGE,0.069555,,,coingecko
2026-08-01T17:39:03+00:00,BNB,576.3,,,coingecko
2026-08-01T17:39:03+00:00,ADA,0.173163,,,coingecko
2026-08-01T17:39:03+00:00,LINK,8.05,,,coingecko
2026-08-01T17:39:03+00:00,AVAX,6.31,,,coingecko
2026-08-01T17:39:03+00:00,DOT,0.774378,,,coingecko
2026-08-01T17:39:03+00:00,MATIC,0.126156,,,coingecko
2026-08-01T17:39:03+00:00,LTC,43.91,,,coingecko
2026-08-01T17:39:14+00:00,BTC,62699.995,,,consenso
2026-08-01T17:39:14+00:00,ETH,1858.395,,,consenso
2026-08-01T17:39:14+00:00,SOL,71.705,,,consenso
2026-08-01T17:39:14+00:00,XRP,1.0578,,,consenso
2026-08-01T17:39:14+00:00,DOGE,0.0696,,,binance
2026-08-01T17:39:14+00:00,BNB,576.71,,,binance
2026-08-01T17:40:08+00:00,BTC,62704.0,,,coingecko
2026-08-01T17:40:08+00:00,ETH,1858.41,,,coingecko
2026-08-01T17:40:08+00:00,SOL,71.72,,,coingecko
2026-08-01T17:40:08+00:00,XRP,1.058,,,coingecko
2026-08-01T17:40:08+00:00,DOGE,0.069555,,,coingecko
2026-08-01T17:40:08+00:00,BNB,576.33,,,coingecko
2026-08-01T17:40:08+00:00,ADA,0.173216,,,coingecko
2026-08-01T17:40:08+00:00,LINK,8.05,,,coingecko
2026-08-01T17:40:08+00:00,AVAX,6.31,,,coingecko
2026-08-01T17:40:08+00:00,DOT,0.774647,,,coingecko
2026-08-01T17:40:08+00:00,MATIC,0.126156,,,coingecko
2026-08-01T17:40:08+00:00,LTC,43.9,,,coingecko
2026-08-01T17:40:14+00:00,BTC,62699.995,,,consenso
2026-08-01T17:40:14+00:00,ETH,1858.395,,,consenso
2026-08-01T17:40:14+00:00,SOL,71.76,,,consenso
2026-08-01T17:40:14+00:00,XRP,1.059,,,consenso
2026-08-01T17:40:14+00:00,DOGE,0.0696,,,binance
2026-08-01T17:40:14+00:00,BNB,576.88,,,binance
2026-08-01T17:41:14+00:00,BTC,62713.0,,,coingecko
2026-08-01T17:41:14+00:00,ETH,1858.39,,,coingecko
2026-08-01T17:41:14+00:00,SOL,71.68,,,coingecko
2026-08-01T17:41:14+00:00,XRP,1.058,,,coingecko
2026-08-01T17:41:14+00:00,DOGE,0.069547,,,coingecko
2026-08-01T17:41:14+00:00,BNB,576.32,,,coingecko
2026-08-01T17:41:14+00:00,ADA,0.173259,,,coingecko
2026-08-01T17:41:14+00:00,LINK,8.05,,,coingecko
2026-08-01T17:41:14+00:00,AVAX,6.31,,,coingecko
2026-08-01T17:41:14+00:00,DOT,0.77467,,,coingecko
2026-08-01T17:41:14+00:00,MATIC,0.126156,,,coingecko
2026-08-01T17:41:14+00:00,LTC,43.89,,,coingecko
2026-08-01T17:41:15+00:00,BTC,62699.995,,,consenso
2026-08-01T17:41:15+00:00,ETH,1858.395,,,consenso
2026-08-01T17:41:15+00:00,SOL,71.81,,,consenso
2026-08-01T17:41:15+00:00,XRP,1.0595,,,consenso
2026-08-01T17:41:15+00:00,DOGE,0.06963,,,binance
2026-08-01T17:41:15+00:00,BNB,577.05,,,binance
2026-08-01T17:42:17+00:00,BTC,62734.0,,,coingecko
2026-08-01T17:42:17+00:00,ETH,1858.69,,,coingecko
2026-08-01T17:42:17+00:00,SOL,71.74,,,coingecko
2026-08-01T17:42:17+00:00,XRP,1.058,,,coingecko
2026-08-01T17:42:17+00:00,DOGE,0.069574,,,coingecko
2026-08-01T17:42:17+00:00,BNB,576.46,,,coingecko
2026-08-01T17:42:17+00:00,ADA,0.173364,,,coingecko
2026-08-01T17:42:17+00:00,LINK,8.05,,,coingecko
2026-08-01T17:42:17+00:00,AVAX,6.31,,,coingecko
2026-08-01T17:42:17+00:00,DOT,0.774826,,,coingecko
2026-08-01T17:42:17+00:00,MATIC,0.126156,,,coingecko
2026-08-01T17:42:17+00:00,LTC,43.91,,,coingecko
2026-08-01T17:43:21+00:00,BTC,62741.0,,,coingecko
2026-08-01T17:43:21+00:00,ETH,1859.54,,,coingecko
2026-08-01T17:43:21+00:00,SOL,71.74,,,coingecko
2026-08-01T17:43:21+00:00,XRP,1.059,,,coingecko
2026-08-01T17:43:21+00:00,DOGE,0.069578,,,coingecko
2026-08-01T17:43:21+00:00,BNB,576.49,,,coingecko
2026-08-01T17:43:21+00:00,ADA,0.173583,,,coingecko
2026-08-01T17:43:21+00:00,LINK,8.05,,,coingecko
2026-08-01T17:43:21+00:00,AVAX,6.31,,,coingecko
2026-08-01T17:43:21+00:00,DOT,0.774771,,,coingecko
2026-08-01T17:43:21+00:00,MATIC,0.126156,,,coingecko
2026-08-01T17:43:21+00:00,LTC,43.92,,,coingecko
2026-08-01T17:44:25+00:00,BTC,62759.0,,,coingecko
2026-08-01T17:44:25+00:00,ETH,1860.84,,,coingecko
2026-08-01T17:44:25+00:00,SOL,71.77,,,coingecko
2026-08-01T17:44:25+00:00,XRP,1.059,,,coingecko
2026-08-01T17:44:25+00:00,DOGE,0.069583,,,coingecko
2026-08-01T17:44:25+00:00,BNB,576.62,,,coingecko
2026-08-01T17:44:25+00:00,ADA,0.173621,,,coingecko
2026-08-01T17:44:25+00:00,LINK,8.06,,,coingecko
2026-08-01T17:44:25+00:00,AVAX,6.31,,,coingecko
2026-08-01T17:44:25+00:00,DOT,0.774838,,,coingecko
2026-08-01T17:44:25+00:00,MATIC,0.126156,,,coingecko
2026-08-01T17:44:25+00:00,LTC,43.93,,,coingecko
2026-08-01T17:47:30+00:00,BTC,62717.915,,,consenso
2026-08-01T17:47:30+00:00,ETH,1860.115,,,consenso
2026-08-01T17:47:30+00:00,SOL,71.79,,,consenso
2026-08-01T17:47:30+00:00,XRP,1.05825,,,consenso
2026-08-01T17:47:30+00:00,DOGE,0.06955,,,binance
2026-08-01T17:47:30+00:00,BNB,577.08,,,binance
2026-08-01T17:48:31+00:00,BTC,62739.0,,,coingecko
2026-08-01T17:48:31+00:00,ETH,1860.34,,,coingecko
2026-08-01T17:48:31+00:00,SOL,71.8,,,coingecko
2026-08-01T17:48:31+00:00,XRP,1.058,,,coingecko
2026-08-01T17:48:31+00:00,DOGE,0.069517,,,coingecko
2026-08-01T17:48:31+00:00,BNB,576.56,,,coingecko
2026-08-01T17:48:31+00:00,ADA,0.173331,,,coingecko
2026-08-01T17:48:31+00:00,LINK,8.05,,,coingecko
2026-08-01T17:48:31+00:00,AVAX,6.3,,,coingecko
2026-08-01T17:48:31+00:00,DOT,0.774278,,,coingecko
2026-08-01T17:48:31+00:00,MATIC,0.126156,,,coingecko
2026-08-01T17:48:31+00:00,LTC,43.89,,,coingecko
2026-08-01T17:48:54+00:00,BTC,62717.915,,,consenso
2026-08-01T17:48:54+00:00,ETH,1860.115,,,consenso
2026-08-01T17:48:54+00:00,SOL,71.86,,,consenso
2026-08-01T17:48:54+00:00,XRP,1.0587,,,consenso
2026-08-01T17:48:54+00:00,DOGE,0.06954,,,binance
2026-08-01T17:48:54+00:00,BNB,577.0,,,binance
2026-08-01T17:49:37+00:00,BTC,62727.0,,,coingecko
2026-08-01T17:49:37+00:00,ETH,1860.32,,,coingecko
2026-08-01T17:49:37+00:00,SOL,71.8,,,coingecko
2026-08-01T17:49:37+00:00,XRP,1.058,,,coingecko
2026-08-01T17:49:37+00:00,DOGE,0.069507,,,coingecko
2026-08-01T17:49:37+00:00,BNB,576.55,,,coingecko
2026-08-01T17:49:37+00:00,ADA,0.173206,,,coingecko
2026-08-01T17:49:37+00:00,LINK,8.05,,,coingecko
2026-08-01T17:49:37+00:00,AVAX,6.31,,,coingecko
2026-08-01T17:49:37+00:00,DOT,0.774138,,,coingecko
2026-08-01T17:49:37+00:00,MATIC,0.126156,,,coingecko
2026-08-01T17:49:37+00:00,LTC,43.94,,,coingecko
2026-08-01T17:49:50+00:00,BTC,62717.915,,,consenso
2026-08-01T17:49:50+00:00,ETH,1860.115,,,consenso
2026-08-01T17:49:50+00:00,SOL,71.86,,,consenso
2026-08-01T17:49:50+00:00,XRP,1.0588,,,consenso
2026-08-01T17:49:50+00:00,DOGE,0.06956,,,binance
2026-08-01T17:49:50+00:00,BNB,577.07,,,binance
2026-08-01T17:50:41+00:00,BTC,62728.0,,,coingecko
2026-08-01T17:50:41+00:00,ETH,1860.24,,,coingecko
2026-08-01T17:50:41+00:00,SOL,71.81,,,coingecko
2026-08-01T17:50:41+00:00,XRP,1.058,,,coingecko
2026-08-01T17:50:41+00:00,DOGE,0.069498,,,coingecko
2026-08-01T17:50:41+00:00,BNB,576.54,,,coingecko
2026-08-01T17:50:41+00:00,ADA,0.17308,,,coingecko
2026-08-01T17:50:41+00:00,LINK,8.04,,,coingecko
2026-08-01T17:50:41+00:00,AVAX,6.31,,,coingecko
2026-08-01T17:50:41+00:00,DOT,0.774215,,,coingecko
2026-08-01T17:50:41+00:00,MATIC,0.126156,,,coingecko
2026-08-01T17:50:41+00:00,LTC,43.94,,,coingecko
2026-08-01T17:51:46+00:00,BTC,62746.0,,,coingecko
2026-08-01T17:51:46+00:00,ETH,1860.28,,,coingecko
2026-08-01T17:51:46+00:00,SOL,71.8,,,coingecko
2026-08-01T17:51:46+00:00,XRP,1.058,,,coingecko
2026-08-01T17:51:46+00:00,DOGE,0.069502,,,coingecko
2026-08-01T17:51:46+00:00,BNB,576.56,,,coingecko
2026-08-01T17:51:46+00:00,ADA,0.172933,,,coingecko
2026-08-01T17:51:46+00:00,LINK,8.04,,,coingecko
2026-08-01T17:51:46+00:00,AVAX,6.3,,,coingecko
2026-08-01T17:51:46+00:00,DOT,0.774355,,,coingecko
2026-08-01T17:51:46+00:00,MATIC,0.126156,,,coingecko
2026-08-01T17:51:46+00:00,LTC,43.95,,,coingecko
2026-08-01T17:52:50+00:00,BTC,62651.0,,,coingecko
2026-08-01T17:52:50+00:00,ETH,1859.11,,,coingecko
2026-08-01T17:52:50+00:00,SOL,71.72,,,coingecko
2026-08-01T17:52:50+00:00,XRP,1.057,,,coingecko
2026-08-01T17:52:50+00:00,DOGE,0.069415,,,coingecko
2026-08-01T17:52:50+00:00,BNB,576.35,,,coingecko
2026-08-01T17:52:50+00:00,ADA,0.17276,,,coingecko
2026-08-01T17:52:50+00:00,LINK,8.04,,,coingecko
2026-08-01T17:52:50+00:00,AVAX,6.3,,,coingecko
2026-08-01T17:52:50+00:00,DOT,0.773114,,,coingecko
2026-08-01T17:52:50+00:00,MATIC,0.126156,,,coingecko
2026-08-01T17:52:50+00:00,LTC,43.92,,,coingecko
2026-08-01T17:53:53+00:00,BTC,62622.0,,,coingecko
2026-08-01T17:53:53+00:00,ETH,1858.22,,,coingecko
2026-08-01T17:53:53+00:00,SOL,71.73,,,coingecko
2026-08-01T17:53:53+00:00,XRP,1.057,,,coingecko
2026-08-01T17:53:53+00:00,DOGE,0.069373,,,coingecko
2026-08-01T17:53:53+00:00,BNB,576.23,,,coingecko
2026-08-01T17:53:53+00:00,ADA,0.172729,,,coingecko
2026-08-01T17:53:53+00:00,LINK,8.03,,,coingecko
2026-08-01T17:53:53+00:00,AVAX,6.29,,,coingecko
2026-08-01T17:53:53+00:00,DOT,0.772548,,,coingecko
2026-08-01T17:53:53+00:00,MATIC,0.126156,,,coingecko
2026-08-01T17:53:53+00:00,LTC,43.92,,,coingecko
2026-08-01T17:54:59+00:00,BTC,62636.0,,,coingecko
2026-08-01T17:54:59+00:00,ETH,1859.27,,,coingecko
2026-08-01T17:54:59+00:00,SOL,71.81,,,coingecko
2026-08-01T17:54:59+00:00,XRP,1.058,,,coingecko
2026-08-01T17:54:59+00:00,DOGE,0.069422,,,coingecko
2026-08-01T17:54:59+00:00,BNB,576.45,,,coingecko
2026-08-01T17:54:59+00:00,ADA,0.173002,,,coingecko
2026-08-01T17:54:59+00:00,LINK,8.03,,,coingecko
2026-08-01T17:54:59+00:00,AVAX,6.29,,,coingecko
2026-08-01T17:54:59+00:00,DOT,0.773374,,,coingecko
2026-08-01T17:54:59+00:00,MATIC,0.126156,,,coingecko
2026-08-01T17:54:59+00:00,LTC,43.93,,,coingecko
2026-08-01T17:56:05+00:00,BTC,62656.0,,,coingecko
2026-08-01T17:56:05+00:00,ETH,1860.03,,,coingecko
2026-08-01T17:56:05+00:00,SOL,71.83,,,coingecko
2026-08-01T17:56:05+00:00,XRP,1.058,,,coingecko
2026-08-01T17:56:05+00:00,DOGE,0.06945,,,coingecko
2026-08-01T17:56:05+00:00,BNB,576.53,,,coingecko
2026-08-01T17:56:05+00:00,ADA,0.172923,,,coingecko
2026-08-01T17:56:05+00:00,LINK,8.04,,,coingecko
2026-08-01T17:56:05+00:00,AVAX,6.29,,,coingecko
2026-08-01T17:56:05+00:00,DOT,0.77403,,,coingecko
2026-08-01T17:56:05+00:00,MATIC,0.126156,,,coingecko
2026-08-01T17:56:05+00:00,LTC,43.95,,,coingecko
2026-08-01T17:56:02+00:00,BTC,62640.85,,,consenso
2026-08-01T17:56:02+00:00,ETH,1859.93,,,consenso
2026-08-01T17:56:02+00:00,SOL,71.84,,,consenso
2026-08-01T17:56:02+00:00,XRP,1.05805,,,consenso
2026-08-01T17:56:02+00:00,DOGE,0.06952,,,binance
2026-08-01T17:56:02+00:00,BNB,577.07,,,binance
2026-08-01T17:57:06+00:00,BTC,62640.85,,,consenso
2026-08-01T17:57:06+00:00,ETH,1859.93,,,consenso
2026-08-01T17:57:06+00:00,SOL,71.93,,,consenso
2026-08-01T17:57:06+00:00,XRP,1.0591,,,consenso
2026-08-01T17:57:06+00:00,DOGE,0.06953,,,binance
2026-08-01T17:57:06+00:00,BNB,577.11,,,binance
2026-08-01T17:57:09+00:00,BTC,62650.0,,,coingecko
2026-08-01T17:57:09+00:00,ETH,1859.87,,,coingecko
2026-08-01T17:57:09+00:00,SOL,71.83,,,coingecko
2026-08-01T17:57:09+00:00,XRP,1.058,,,coingecko
2026-08-01T17:57:09+00:00,DOGE,0.069458,,,coingecko
2026-08-01T17:57:09+00:00,BNB,576.53,,,coingecko
2026-08-01T17:57:09+00:00,ADA,0.173014,,,coingecko
2026-08-01T17:57:09+00:00,LINK,8.04,,,coingecko
2026-08-01T17:57:09+00:00,AVAX,6.3,,,coingecko
2026-08-01T17:57:09+00:00,DOT,0.774008,,,coingecko
2026-08-01T17:57:09+00:00,MATIC,0.126156,,,coingecko
2026-08-01T17:57:09+00:00,LTC,43.93,,,coingecko
2026-08-01T17:58:00+00:00,BTC,62640.85,,,consenso
2026-08-01T17:58:00+00:00,ETH,1859.93,,,consenso
2026-08-01T17:58:00+00:00,SOL,71.92,,,consenso
2026-08-01T17:58:00+00:00,XRP,1.0592,,,consenso
2026-08-01T17:58:00+00:00,DOGE,0.06953,,,binance
2026-08-01T17:58:00+00:00,BNB,577.23,,,binance
2026-08-01T17:58:14+00:00,BTC,62658.0,,,coingecko
2026-08-01T17:58:14+00:00,ETH,1860.06,,,coingecko
2026-08-01T17:58:14+00:00,SOL,71.86,,,coingecko
2026-08-01T17:58:14+00:00,XRP,1.058,,,coingecko
2026-08-01T17:58:14+00:00,DOGE,0.069467,,,coingecko
2026-08-01T17:58:14+00:00,BNB,576.57,,,coingecko
2026-08-01T17:58:14+00:00,ADA,0.173071,,,coingecko
2026-08-01T17:58:14+00:00,LINK,8.04,,,coingecko
2026-08-01T17:58:14+00:00,AVAX,6.29,,,coingecko
2026-08-01T17:58:14+00:00,DOT,0.773758,,,coingecko
2026-08-01T17:58:14+00:00,MATIC,0.126156,,,coingecko
2026-08-01T17:58:14+00:00,LTC,43.93,,,coingecko
2026-08-01T18:02:26+00:00,BTC,62641.0,,,coingecko
2026-08-01T18:02:26+00:00,ETH,1859.88,,,coingecko
2026-08-01T18:02:26+00:00,SOL,71.75,,,coingecko
2026-08-01T18:02:26+00:00,XRP,1.058,,,coingecko
2026-08-01T18:02:26+00:00,DOGE,0.069429,,,coingecko
2026-08-01T18:02:26+00:00,BNB,576.67,,,coingecko
2026-08-01T18:02:26+00:00,ADA,0.173137,,,coingecko
2026-08-01T18:02:26+00:00,LINK,8.04,,,coingecko
2026-08-01T18:02:26+00:00,AVAX,6.29,,,coingecko
2026-08-01T18:02:26+00:00,DOT,0.773598,,,coingecko
2026-08-01T18:02:26+00:00,MATIC,0.126156,,,coingecko
2026-08-01T18:02:26+00:00,LTC,43.93,,,coingecko
2026-08-01T18:03:33+00:00,BTC,62603.0,,,coingecko
2026-08-01T18:03:33+00:00,ETH,1858.53,,,coingecko
2026-08-01T18:03:33+00:00,SOL,71.7,,,coingecko
2026-08-01T18:03:33+00:00,XRP,1.058,,,coingecko
2026-08-01T18:03:33+00:00,DOGE,0.06938,,,coingecko
2026-08-01T18:03:33+00:00,BNB,576.43,,,coingecko
2026-08-01T18:03:33+00:00,ADA,0.172912,,,coingecko
2026-08-01T18:03:33+00:00,LINK,8.03,,,coingecko
2026-08-01T18:03:33+00:00,AVAX,6.29,,,coingecko
2026-08-01T18:03:33+00:00,DOT,0.773642,,,coingecko
2026-08-01T18:03:33+00:00,MATIC,0.126156,,,coingecko
2026-08-01T18:03:33+00:00,LTC,43.89,,,coingecko
2026-08-01T18:04:37+00:00,BTC,62610.0,,,coingecko
2026-08-01T18:04:37+00:00,ETH,1859.0,,,coingecko
2026-08-01T18:04:37+00:00,SOL,71.73,,,coingecko
2026-08-01T18:04:37+00:00,XRP,1.058,,,coingecko
2026-08-01T18:04:37+00:00,DOGE,0.069424,,,coingecko
2026-08-01T18:04:37+00:00,BNB,576.55,,,coingecko
2026-08-01T18:04:37+00:00,ADA,0.17308,,,coingecko
2026-08-01T18:04:37+00:00,LINK,8.03,,,coingecko
2026-08-01T18:04:37+00:00,AVAX,6.29,,,coingecko
2026-08-01T18:04:37+00:00,DOT,0.774226,,,coingecko
2026-08-01T18:04:37+00:00,MATIC,0.126156,,,coingecko
2026-08-01T18:04:37+00:00,LTC,43.93,,,coingecko
2026-08-01T18:05:41+00:00,BTC,62598.0,,,coingecko
2026-08-01T18:05:41+00:00,ETH,1859.04,,,coingecko
2026-08-01T18:05:41+00:00,SOL,71.74,,,coingecko
2026-08-01T18:05:41+00:00,XRP,1.058,,,coingecko
2026-08-01T18:05:41+00:00,DOGE,0.069425,,,coingecko
2026-08-01T18:05:41+00:00,BNB,576.69,,,coingecko
2026-08-01T18:05:41+00:00,ADA,0.173037,,,coingecko
2026-08-01T18:05:41+00:00,LINK,8.03,,,coingecko
2026-08-01T18:05:41+00:00,AVAX,6.29,,,coingecko
2026-08-01T18:05:41+00:00,DOT,0.774566,,,coingecko
2026-08-01T18:05:41+00:00,MATIC,0.126156,,,coingecko
2026-08-01T18:05:41+00:00,LTC,43.93,,,coingecko
2026-08-01T18:05:39+00:00,BTC,62629.695,,,consenso
2026-08-01T18:05:39+00:00,ETH,1859.885,,,consenso
2026-08-01T18:05:39+00:00,SOL,71.77,,,consenso
2026-08-01T18:05:39+00:00,XRP,1.0583,,,consenso
2026-08-01T18:05:39+00:00,DOGE,0.06948,,,binance
2026-08-01T18:05:39+00:00,BNB,577.43,,,binance
2026-08-01T18:06:37+00:00,BTC,62629.695,,,consenso
2026-08-01T18:06:37+00:00,ETH,1859.885,,,consenso
2026-08-01T18:06:37+00:00,SOL,71.88,,,consenso
2026-08-01T18:06:37+00:00,XRP,1.0594,,,consenso
2026-08-01T18:06:37+00:00,DOGE,0.06949,,,binance
2026-08-01T18:06:37+00:00,BNB,577.26,,,binance
2026-08-01T18:06:45+00:00,BTC,62638.0,,,coingecko
2026-08-01T18:06:45+00:00,ETH,1859.47,,,coingecko
2026-08-01T18:06:45+00:00,SOL,71.77,,,coingecko
2026-08-01T18:06:45+00:00,XRP,1.058,,,coingecko
2026-08-01T18:06:45+00:00,DOGE,0.069427,,,coingecko
2026-08-01T18:06:45+00:00,BNB,576.93,,,coingecko
2026-08-01T18:06:45+00:00,ADA,0.173027,,,coingecko
2026-08-01T18:06:45+00:00,LINK,8.03,,,coingecko
2026-08-01T18:06:45+00:00,AVAX,6.29,,,coingecko
2026-08-01T18:06:45+00:00,DOT,0.774824,,,coingecko
2026-08-01T18:06:45+00:00,MATIC,0.126156,,,coingecko
2026-08-01T18:06:45+00:00,LTC,43.96,,,coingecko
2026-08-01T18:07:37+00:00,BTC,62629.695,,,consenso
2026-08-01T18:07:37+00:00,ETH,1859.885,,,consenso
2026-08-01T18:07:37+00:00,SOL,71.96,,,consenso
2026-08-01T18:07:37+00:00,XRP,1.0597,,,consenso
2026-08-01T18:07:37+00:00,DOGE,0.06953,,,binance
2026-08-01T18:07:37+00:00,BNB,577.26,,,binance
2026-08-01T18:07:49+00:00,BTC,62653.0,,,coingecko
2026-08-01T18:07:49+00:00,ETH,1859.8,,,coingecko
2026-08-01T18:07:49+00:00,SOL,71.82,,,coingecko
2026-08-01T18:07:49+00:00,XRP,1.058,,,coingecko
2026-08-01T18:07:49+00:00,DOGE,0.069435,,,coingecko
2026-08-01T18:07:49+00:00,BNB,576.89,,,coingecko
2026-08-01T18:07:49+00:00,ADA,0.173075,,,coingecko
2026-08-01T18:07:49+00:00,LINK,8.03,,,coingecko
2026-08-01T18:07:49+00:00,AVAX,6.29,,,coingecko
2026-08-01T18:07:49+00:00,DOT,0.774693,,,coingecko
2026-08-01T18:07:49+00:00,MATIC,0.126156,,,coingecko
2026-08-01T18:07:49+00:00,LTC,43.96,,,coingecko
2026-08-01T18:08:55+00:00,BTC,62672.0,,,coingecko
2026-08-01T18:08:55+00:00,ETH,1860.5,,,coingecko
2026-08-01T18:08:55+00:00,SOL,71.84,,,coingecko
2026-08-01T18:08:55+00:00,XRP,1.059,,,coingecko
2026-08-01T18:08:55+00:00,DOGE,0.069447,,,coingecko
2026-08-01T18:08:55+00:00,BNB,576.81,,,coingecko
2026-08-01T18:08:55+00:00,ADA,0.173237,,,coingecko
2026-08-01T18:08:55+00:00,LINK,8.04,,,coingecko
2026-08-01T18:08:55+00:00,AVAX,6.3,,,coingecko
2026-08-01T18:08:55+00:00,DOT,0.774904,,,coingecko
2026-08-01T18:08:55+00:00,MATIC,0.126156,,,coingecko
2026-08-01T18:08:55+00:00,LTC,43.97,,,coingecko
2026-08-01T18:10:00+00:00,BTC,62670.0,,,coingecko
2026-08-01T18:10:00+00:00,ETH,1860.69,,,coingecko
2026-08-01T18:10:00+00:00,SOL,71.9,,,coingecko
2026-08-01T18:10:00+00:00,XRP,1.059,,,coingecko
2026-08-01T18:10:00+00:00,DOGE,0.069465,,,coingecko
2026-08-01T18:10:00+00:00,BNB,576.84,,,coingecko
2026-08-01T18:10:00+00:00,ADA,0.173327,,,coingecko
2026-08-01T18:10:00+00:00,LINK,8.04,,,coingecko
2026-08-01T18:10:00+00:00,AVAX,6.3,,,coingecko
2026-08-01T18:10:00+00:00,DOT,0.775218,,,coingecko
2026-08-01T18:10:00+00:00,MATIC,0.126156,,,coingecko
2026-08-01T18:10:00+00:00,LTC,43.97,,,coingecko
2026-08-01T18:11:07+00:00,BTC,62677.0,,,coingecko
2026-08-01T18:11:07+00:00,ETH,1860.73,,,coingecko
2026-08-01T18:11:07+00:00,SOL,71.87,,,coingecko
2026-08-01T18:11:07+00:00,XRP,1.059,,,coingecko
2026-08-01T18:11:07+00:00,DOGE,0.069452,,,coingecko
2026-08-01T18:11:07+00:00,BNB,576.81,,,coingecko
2026-08-01T18:11:07+00:00,ADA,0.173145,,,coingecko
2026-08-01T18:11:07+00:00,LINK,8.04,,,coingecko
2026-08-01T18:11:07+00:00,AVAX,6.29,,,coingecko
2026-08-01T18:11:07+00:00,DOT,0.774961,,,coingecko
2026-08-01T18:11:07+00:00,MATIC,0.126156,,,coingecko
2026-08-01T18:11:07+00:00,LTC,43.96,,,coingecko
2026-08-01T18:12:12+00:00,BTC,62681.0,,,coingecko
2026-08-01T18:12:12+00:00,ETH,1860.99,,,coingecko
2026-08-01T18:12:12+00:00,SOL,71.89,,,coingecko
2026-08-01T18:12:12+00:00,XRP,1.059,,,coingecko
2026-08-01T18:12:12+00:00,DOGE,0.06946,,,coingecko
2026-08-01T18:12:12+00:00,BNB,576.8,,,coingecko
2026-08-01T18:12:12+00:00,ADA,0.173243,,,coingecko
2026-08-01T18:12:12+00:00,LINK,8.04,,,coingecko
2026-08-01T18:12:12+00:00,AVAX,6.29,,,coingecko
2026-08-01T18:12:12+00:00,DOT,0.774917,,,coingecko
2026-08-01T18:12:12+00:00,MATIC,0.126156,,,coingecko
2026-08-01T18:12:12+00:00,LTC,43.96,,,coingecko
2026-08-01T18:17:27+00:00,BTC,62619.0,,,coingecko
2026-08-01T18:17:27+00:00,ETH,1858.88,,,coingecko
2026-08-01T18:17:27+00:00,SOL,71.74,,,coingecko
2026-08-01T18:17:27+00:00,XRP,1.058,,,coingecko
2026-08-01T18:17:27+00:00,DOGE,0.069418,,,coingecko
2026-08-01T18:17:27+00:00,BNB,576.66,,,coingecko
2026-08-01T18:17:27+00:00,ADA,0.173031,,,coingecko
2026-08-01T18:17:27+00:00,LINK,8.03,,,coingecko
2026-08-01T18:17:27+00:00,AVAX,6.29,,,coingecko
2026-08-01T18:17:27+00:00,DOT,0.773466,,,coingecko
2026-08-01T18:17:27+00:00,MATIC,0.126156,,,coingecko
2026-08-01T18:17:27+00:00,LTC,43.95,,,coingecko
2026-08-01T18:18:35+00:00,BTC,62622.0,,,coingecko
2026-08-01T18:18:35+00:00,ETH,1858.72,,,coingecko
2026-08-01T18:18:35+00:00,SOL,71.75,,,coingecko
2026-08-01T18:18:35+00:00,XRP,1.057,,,coingecko
2026-08-01T18:18:35+00:00,DOGE,0.069387,,,coingecko
2026-08-01T18:18:35+00:00,BNB,576.59,,,coingecko
2026-08-01T18:18:35+00:00,ADA,0.172981,,,coingecko
2026-08-01T18:18:35+00:00,LINK,8.03,,,coingecko
2026-08-01T18:18:35+00:00,AVAX,6.28,,,coingecko
2026-08-01T18:18:35+00:00,DOT,0.773171,,,coingecko
2026-08-01T18:18:35+00:00,MATIC,0.126156,,,coingecko
2026-08-01T18:18:35+00:00,LTC,43.94,,,coingecko
2026-08-01T18:18:48+00:00,BTC,62548.355,,,consenso
2026-08-01T18:18:48+00:00,ETH,1856.45,,,consenso
2026-08-01T18:18:48+00:00,SOL,71.705,,,consenso
2026-08-01T18:18:48+00:00,XRP,1.05659,,,consenso
2026-08-01T18:18:48+00:00,DOGE,0.06926,,,binance
2026-08-01T18:18:48+00:00,BNB,576.51,,,binance
2026-08-01T18:19:42+00:00,BTC,62563.0,,,coingecko
2026-08-01T18:19:42+00:00,ETH,1857.57,,,coingecko
2026-08-01T18:19:42+00:00,SOL,71.73,,,coingecko
2026-08-01T18:19:42+00:00,XRP,1.057,,,coingecko
2026-08-01T18:19:42+00:00,DOGE,0.069252,,,coingecko
2026-08-01T18:19:42+00:00,BNB,576.31,,,coingecko
2026-08-01T18:19:42+00:00,ADA,0.172769,,,coingecko
2026-08-01T18:19:42+00:00,LINK,8.03,,,coingecko
2026-08-01T18:19:42+00:00,AVAX,6.28,,,coingecko
2026-08-01T18:19:42+00:00,DOT,0.772448,,,coingecko
2026-08-01T18:19:42+00:00,MATIC,0.126156,,,coingecko
2026-08-01T18:19:42+00:00,LTC,43.94,,,coingecko
2026-08-01T18:20:10+00:00,BTC,62548.355,,,consenso
2026-08-01T18:20:10+00:00,ETH,1856.45,,,consenso
2026-08-01T18:20:10+00:00,SOL,71.79,,,consenso
2026-08-01T18:20:10+00:00,XRP,1.0583,,,consenso
2026-08-01T18:20:10+00:00,DOGE,0.06937,,,binance
2026-08-01T18:20:10+00:00,BNB,576.63,,,binance
2026-08-01T18:20:48+00:00,BTC,62570.0,,,coingecko
2026-08-01T18:20:48+00:00,ETH,1857.74,,,coingecko
2026-08-01T18:20:48+00:00,SOL,71.73,,,coingecko
2026-08-01T18:20:48+00:00,XRP,1.057,,,coingecko
2026-08-01T18:20:48+00:00,DOGE,0.069265,,,coingecko
2026-08-01T18:20:48+00:00,BNB,576.19,,,coingecko
2026-08-01T18:20:48+00:00,ADA,0.172776,,,coingecko
2026-08-01T18:20:48+00:00,LINK,8.03,,,coingecko
2026-08-01T18:20:48+00:00,AVAX,6.28,,,coingecko
2026-08-01T18:20:48+00:00,DOT,0.772637,,,coingecko
2026-08-01T18:20:48+00:00,MATIC,0.126156,,,coingecko
2026-08-01T18:20:48+00:00,LTC,43.93,,,coingecko
2026-08-01T18:21:25+00:00,BTC,62548.355,,,consenso
2026-08-01T18:21:25+00:00,ETH,1856.45,,,consenso
2026-08-01T18:21:25+00:00,SOL,71.67,,,consenso
2026-08-01T18:21:25+00:00,XRP,1.0576,,,consenso
2026-08-01T18:21:25+00:00,DOGE,0.06932,,,binance
2026-08-01T18:21:25+00:00,BNB,576.09,,,binance
2026-08-01T18:21:54+00:00,BTC,62561.0,,,coingecko
2026-08-01T18:21:54+00:00,ETH,1857.12,,,coingecko
2026-08-01T18:21:54+00:00,SOL,71.73,,,coingecko
2026-08-01T18:21:54+00:00,XRP,1.057,,,coingecko
2026-08-01T18:21:54+00:00,DOGE,0.069293,,,coingecko
2026-08-01T18:21:54+00:00,BNB,576.17,,,coingecko
2026-08-01T18:21:54+00:00,ADA,0.172748,,,coingecko
2026-08-01T18:21:54+00:00,LINK,8.03,,,coingecko
2026-08-01T18:21:54+00:00,AVAX,6.28,,,coingecko
2026-08-01T18:21:54+00:00,DOT,0.772139,,,coingecko
2026-08-01T18:21:54+00:00,MATIC,0.126156,,,coingecko
2026-08-01T18:21:54+00:00,LTC,43.94,,,coingecko
2026-08-01T18:22:58+00:00,BTC,62519.0,,,coingecko
2026-08-01T18:22:58+00:00,ETH,1854.75,,,coingecko
2026-08-01T18:22:58+00:00,SOL,71.69,,,coingecko
2026-08-01T18:22:58+00:00,XRP,1.057,,,coingecko
2026-08-01T18:22:58+00:00,DOGE,0.069266,,,coingecko
2026-08-01T18:22:58+00:00,BNB,575.91,,,coingecko
2026-08-01T18:22:58+00:00,ADA,0.172651,,,coingecko
2026-08-01T18:22:58+00:00,LINK,8.02,,,coingecko
2026-08-01T18:22:58+00:00,AVAX,6.27,,,coingecko
2026-08-01T18:22:58+00:00,DOT,0.772159,,,coingecko
2026-08-01T18:22:58+00:00,MATIC,0.126156,,,coingecko
2026-08-01T18:22:58+00:00,LTC,43.91,,,coingecko
2026-08-01T18:24:04+00:00,BTC,62538.0,,,coingecko
2026-08-01T18:24:04+00:00,ETH,1855.27,,,coingecko
2026-08-01T18:24:04+00:00,SOL,71.73,,,coingecko
2026-08-01T18:24:04+00:00,XRP,1.057,,,coingecko
2026-08-01T18:24:04+00:00,DOGE,0.069326,,,coingecko
2026-08-01T18:24:04+00:00,BNB,575.93,,,coingecko
2026-08-01T18:24:04+00:00,ADA,0.172846,,,coingecko
2026-08-01T18:24:04+00:00,LINK,8.02,,,coingecko
2026-08-01T18:24:04+00:00,AVAX,6.28,,,coingecko
2026-08-01T18:24:04+00:00,DOT,0.773258,,,coingecko
2026-08-01T18:24:04+00:00,MATIC,0.126156,,,coingecko
2026-08-01T18:24:04+00:00,LTC,43.92,,,coingecko
2026-08-01T18:25:08+00:00,BTC,62524.0,,,coingecko
2026-08-01T18:25:08+00:00,ETH,1854.62,,,coingecko
2026-08-01T18:25:08+00:00,SOL,71.71,,,coingecko
2026-08-01T18:25:08+00:00,XRP,1.057,,,coingecko
2026-08-01T18:25:08+00:00,DOGE,0.069341,,,coingecko
2026-08-01T18:25:08+00:00,BNB,575.71,,,coingecko
2026-08-01T18:25:08+00:00,ADA,0.172815,,,coingecko
2026-08-01T18:25:08+00:00,LINK,8.02,,,coingecko
2026-08-01T18:25:08+00:00,AVAX,6.27,,,coingecko
2026-08-01T18:25:08+00:00,DOT,0.773127,,,coingecko
2026-08-01T18:25:08+00:00,MATIC,0.126156,,,coingecko
2026-08-01T18:25:08+00:00,LTC,43.92,,,coingecko
2026-08-01T18:26:13+00:00,BTC,62502.0,,,coingecko
2026-08-01T18:26:13+00:00,ETH,1853.43,,,coingecko
2026-08-01T18:26:13+00:00,SOL,71.65,,,coingecko
2026-08-01T18:26:13+00:00,XRP,1.057,,,coingecko
2026-08-01T18:26:13+00:00,DOGE,0.069294,,,coingecko
2026-08-01T18:26:13+00:00,BNB,575.62,,,coingecko
2026-08-01T18:26:13+00:00,ADA,0.172702,,,coingecko
2026-08-01T18:26:13+00:00,LINK,8.01,,,coingecko
2026-08-01T18:26:13+00:00,AVAX,6.27,,,coingecko
2026-08-01T18:26:13+00:00,DOT,0.772209,,,coingecko
2026-08-01T18:26:13+00:00,MATIC,0.126156,,,coingecko
2026-08-01T18:26:13+00:00,LTC,43.92,,,coingecko
2026-08-01T18:27:18+00:00,BTC,62499.0,,,coingecko
2026-08-01T18:27:18+00:00,ETH,1852.39,,,coingecko
2026-08-01T18:27:18+00:00,SOL,71.53,,,coingecko
2026-08-01T18:27:18+00:00,XRP,1.057,,,coingecko
2026-08-01T18:27:18+00:00,DOGE,0.069271,,,coingecko
2026-08-01T18:27:18+00:00,BNB,575.59,,,coingecko
2026-08-01T18:27:18+00:00,ADA,0.172676,,,coingecko
2026-08-01T18:27:18+00:00,LINK,8.01,,,coingecko
2026-08-01T18:27:18+00:00,AVAX,6.28,,,coingecko
2026-08-01T18:27:18+00:00,DOT,0.771987,,,coingecko
2026-08-01T18:27:18+00:00,MATIC,0.126156,,,coingecko
2026-08-01T18:27:18+00:00,LTC,43.91,,,coingecko
2026-08-01T18:27:37+00:00,BTC,62496.205,,,consenso
2026-08-01T18:27:37+00:00,ETH,1852.105,,,consenso
2026-08-01T18:27:37+00:00,SOL,71.51,,,consenso
2026-08-01T18:27:37+00:00,XRP,1.05721,,,consenso
2026-08-01T18:27:37+00:00,DOGE,0.06935,,,binance
2026-08-01T18:27:37+00:00,BNB,576.22,,,binance
2026-08-01T18:28:41+00:00,BTC,62496.205,,,consenso
2026-08-01T18:28:41+00:00,ETH,1852.105,,,consenso
2026-08-01T18:28:41+00:00,SOL,71.53,,,consenso
2026-08-01T18:28:41+00:00,XRP,1.0576,,,consenso
2026-08-01T18:28:41+00:00,DOGE,0.06927,,,binance
2026-08-01T18:28:41+00:00,BNB,575.3,,,binance
2026-08-01T18:29:55+00:00,BTC,62496.205,,,consenso
2026-08-01T18:29:55+00:00,ETH,1852.105,,,consenso
2026-08-01T18:29:55+00:00,SOL,71.53,,,consenso
2026-08-01T18:29:55+00:00,XRP,1.0581,,,consenso
2026-08-01T18:29:55+00:00,DOGE,0.06933,,,binance
2026-08-01T18:29:55+00:00,BNB,575.68,,,binance
2026-08-01T18:30:46+00:00,BTC,62493.0,,,coingecko
2026-08-01T18:30:46+00:00,ETH,1851.32,,,coingecko
2026-08-01T18:30:46+00:00,SOL,71.51,,,coingecko
2026-08-01T18:30:46+00:00,XRP,1.057,,,coingecko
2026-08-01T18:30:46+00:00,DOGE,0.069251,,,coingecko
2026-08-01T18:30:46+00:00,BNB,575.19,,,coingecko
2026-08-01T18:30:46+00:00,ADA,0.172647,,,coingecko
2026-08-01T18:30:46+00:00,LINK,8.01,,,coingecko
2026-08-01T18:30:46+00:00,AVAX,6.28,,,coingecko
2026-08-01T18:30:46+00:00,DOT,0.771869,,,coingecko
2026-08-01T18:30:46+00:00,MATIC,0.126156,,,coingecko
2026-08-01T18:30:46+00:00,LTC,43.91,,,coingecko
2026-08-01T18:31:52+00:00,BTC,62518.0,,,coingecko
2026-08-01T18:31:52+00:00,ETH,1852.33,,,coingecko
2026-08-01T18:31:52+00:00,SOL,71.48,,,coingecko
2026-08-01T18:31:52+00:00,XRP,1.057,,,coingecko
2026-08-01T18:31:52+00:00,DOGE,0.069282,,,coingecko
2026-08-01T18:31:52+00:00,BNB,575.28,,,coingecko
2026-08-01T18:31:52+00:00,ADA,0.172674,,,coingecko
2026-08-01T18:31:52+00:00,LINK,8.02,,,coingecko
2026-08-01T18:31:52+00:00,AVAX,6.28,,,coingecko
2026-08-01T18:31:52+00:00,DOT,0.77189,,,coingecko
2026-08-01T18:31:52+00:00,MATIC,0.126156,,,coingecko
2026-08-01T18:31:52+00:00,LTC,43.92,,,coingecko
2026-08-01T18:32:56+00:00,BTC,62395.0,,,coingecko
2026-08-01T18:32:56+00:00,ETH,1837.73,,,coingecko
2026-08-01T18:32:56+00:00,SOL,71.07,,,coingecko
2026-08-01T18:32:56+00:00,XRP,1.054,,,coingecko
2026-08-01T18:32:56+00:00,DOGE,0.06887,,,coingecko
2026-08-01T18:32:56+00:00,BNB,574.13,,,coingecko
2026-08-01T18:32:56+00:00,ADA,0.171224,,,coingecko
2026-08-01T18:32:56+00:00,LINK,7.95,,,coingecko
2026-08-01T18:32:56+00:00,AVAX,6.23,,,coingecko
2026-08-01T18:32:56+00:00,DOT,0.766691,,,coingecko
2026-08-01T18:32:56+00:00,MATIC,0.126156,,,coingecko
2026-08-01T18:32:56+00:00,LTC,43.72,,,coingecko
2026-08-01T18:34:01+00:00,BTC,62283.0,,,coingecko
2026-08-01T18:34:01+00:00,ETH,1835.87,,,coingecko
2026-08-01T18:34:01+00:00,SOL,71.1,,,coingecko
2026-08-01T18:34:01+00:00,XRP,1.054,,,coingecko
2026-08-01T18:34:01+00:00,DOGE,0.068782,,,coingecko
2026-08-01T18:34:01+00:00,BNB,574.18,,,coingecko
2026-08-01T18:34:01+00:00,ADA,0.171188,,,coingecko
2026-08-01T18:34:01+00:00,LINK,7.94,,,coingecko
2026-08-01T18:34:01+00:00,AVAX,6.23,,,coingecko
2026-08-01T18:34:01+00:00,DOT,0.766294,,,coingecko
2026-08-01T18:34:01+00:00,MATIC,0.126156,,,coingecko
2026-08-01T18:34:01+00:00,LTC,43.71,,,coingecko
2026-08-01T18:35:06+00:00,BTC,62283.0,,,coingecko
2026-08-01T18:35:06+00:00,ETH,1835.05,,,coingecko
2026-08-01T18:35:06+00:00,SOL,71.06,,,coingecko
2026-08-01T18:35:06+00:00,XRP,1.054,,,coingecko
2026-08-01T18:35:06+00:00,DOGE,0.068763,,,coingecko
2026-08-01T18:35:06+00:00,BNB,574.19,,,coingecko
2026-08-01T18:35:06+00:00,ADA,0.171433,,,coingecko
2026-08-01T18:35:06+00:00,LINK,7.94,,,coingecko
2026-08-01T18:35:06+00:00,AVAX,6.23,,,coingecko
2026-08-01T18:35:06+00:00,DOT,0.767049,,,coingecko
2026-08-01T18:35:06+00:00,MATIC,0.126156,,,coingecko
2026-08-01T18:35:06+00:00,LTC,43.69,,,coingecko
2026-08-01T18:36:11+00:00,BTC,62308.0,,,coingecko
2026-08-01T18:36:11+00:00,ETH,1837.76,,,coingecko
2026-08-01T18:36:11+00:00,SOL,71.14,,,coingecko
2026-08-01T18:36:11+00:00,XRP,1.055,,,coingecko
2026-08-01T18:36:11+00:00,DOGE,0.068871,,,coingecko
2026-08-01T18:36:11+00:00,BNB,574.19,,,coingecko
2026-08-01T18:36:11+00:00,ADA,0.17157,,,coingecko
2026-08-01T18:36:11+00:00,LINK,7.95,,,coingecko
2026-08-01T18:36:11+00:00,AVAX,6.23,,,coingecko
2026-08-01T18:36:11+00:00,DOT,0.767765,,,coingecko
2026-08-01T18:36:11+00:00,MATIC,0.126156,,,coingecko
2026-08-01T18:36:11+00:00,LTC,43.7,,,coingecko
2026-08-01T18:36:41+00:00,BTC,62393.645,,,consenso
2026-08-01T18:36:41+00:00,ETH,1841.43,,,consenso
2026-08-01T18:36:41+00:00,SOL,71.195,,,consenso
2026-08-01T18:36:41+00:00,XRP,1.05605,,,consenso
2026-08-01T18:36:41+00:00,DOGE,0.06904,,,binance
2026-08-01T18:36:41+00:00,BNB,575.3,,,binance
2026-08-01T18:37:17+00:00,BTC,62370.0,,,coingecko
2026-08-01T18:37:17+00:00,ETH,1839.13,,,coingecko
2026-08-01T18:37:17+00:00,SOL,71.18,,,coingecko
2026-08-01T18:37:17+00:00,XRP,1.056,,,coingecko
2026-08-01T18:37:17+00:00,DOGE,0.068926,,,coingecko
2026-08-01T18:37:17+00:00,BNB,574.44,,,coingecko
2026-08-01T18:37:17+00:00,ADA,0.171758,,,coingecko
2026-08-01T18:37:17+00:00,LINK,7.96,,,coingecko
2026-08-01T18:37:17+00:00,AVAX,6.23,,,coingecko
2026-08-01T18:37:17+00:00,DOT,0.768229,,,coingecko
2026-08-01T18:37:17+00:00,MATIC,0.126156,,,coingecko
2026-08-01T18:37:17+00:00,LTC,43.75,,,coingecko
2026-08-01T18:37:50+00:00,BTC,62393.645,,,consenso
2026-08-01T18:37:50+00:00,ETH,1841.43,,,consenso
2026-08-01T18:37:50+00:00,SOL,71.26,,,consenso
2026-08-01T18:37:50+00:00,XRP,1.0568,,,consenso
2026-08-01T18:37:50+00:00,DOGE,0.06904,,,binance
2026-08-01T18:37:50+00:00,BNB,575.2,,,binance
2026-08-01T18:38:22+00:00,BTC,62414.0,,,coingecko
2026-08-01T18:38:22+00:00,ETH,1839.93,,,coingecko
2026-08-01T18:38:22+00:00,SOL,71.24,,,coingecko
2026-08-01T18:38:22+00:00,XRP,1.056,,,coingecko
2026-08-01T18:38:22+00:00,DOGE,0.068991,,,coingecko
2026-08-01T18:38:22+00:00,BNB,574.6,,,coingecko
2026-08-01T18:38:22+00:00,ADA,0.171931,,,coingecko
2026-08-01T18:38:22+00:00,LINK,7.96,,,coingecko
2026-08-01T18:38:22+00:00,AVAX,6.23,,,coingecko
2026-08-01T18:38:22+00:00,DOT,0.768552,,,coingecko
2026-08-01T18:38:22+00:00,MATIC,0.126156,,,coingecko
2026-08-01T18:38:22+00:00,LTC,43.76,,,coingecko
2026-08-01T18:38:40+00:00,BTC,62393.645,,,consenso
2026-08-01T18:38:40+00:00,ETH,1841.43,,,consenso
2026-08-01T18:38:40+00:00,SOL,71.28,,,consenso
2026-08-01T18:38:40+00:00,XRP,1.0571,,,consenso
2026-08-01T18:38:40+00:00,DOGE,0.06905,,,binance
2026-08-01T18:38:40+00:00,BNB,575.33,,,binance
2026-08-01T18:39:26+00:00,BTC,62376.0,,,coingecko
2026-08-01T18:39:26+00:00,ETH,1840.39,,,coingecko
2026-08-01T18:39:26+00:00,SOL,71.21,,,coingecko
2026-08-01T18:39:26+00:00,XRP,1.056,,,coingecko
2026-08-01T18:39:26+00:00,DOGE,0.068988,,,coingecko
2026-08-01T18:39:26+00:00,BNB,574.81,,,coingecko
2026-08-01T18:39:26+00:00,ADA,0.171905,,,coingecko
2026-08-01T18:39:26+00:00,LINK,7.96,,,coingecko
2026-08-01T18:39:26+00:00,AVAX,6.24,,,coingecko
2026-08-01T18:39:26+00:00,DOT,0.769266,,,coingecko
2026-08-01T18:39:26+00:00,MATIC,0.126156,,,coingecko
2026-08-01T18:39:26+00:00,LTC,43.8,,,coingecko
2026-08-01T18:40:30+00:00,BTC,62379.0,,,coingecko
2026-08-01T18:40:30+00:00,ETH,1840.23,,,coingecko
2026-08-01T18:40:30+00:00,SOL,71.25,,,coingecko
2026-08-01T18:40:30+00:00,XRP,1.056,,,coingecko
2026-08-01T18:40:30+00:00,DOGE,0.068983,,,coingecko
2026-08-01T18:40:30+00:00,BNB,574.87,,,coingecko
2026-08-01T18:40:30+00:00,ADA,0.171974,,,coingecko
2026-08-01T18:40:30+00:00,LINK,7.96,,,coingecko
2026-08-01T18:40:30+00:00,AVAX,6.24,,,coingecko
2026-08-01T18:40:30+00:00,DOT,0.76987,,,coingecko
2026-08-01T18:40:30+00:00,MATIC,0.126156,,,coingecko
2026-08-01T18:40:30+00:00,LTC,43.81,,,coingecko
2026-08-01T18:44:37+00:00,BTC,62348.0,,,coingecko
2026-08-01T18:44:37+00:00,ETH,1834.87,,,coingecko
2026-08-01T18:44:37+00:00,SOL,71.18,,,coingecko
2026-08-01T18:44:37+00:00,XRP,1.055,,,coingecko
2026-08-01T18:44:37+00:00,DOGE,0.068782,,,coingecko
2026-08-01T18:44:37+00:00,BNB,574.47,,,coingecko
2026-08-01T18:44:37+00:00,ADA,0.171645,,,coingecko
2026-08-01T18:44:37+00:00,LINK,7.94,,,coingecko
2026-08-01T18:44:37+00:00,AVAX,6.21,,,coingecko
2026-08-01T18:44:37+00:00,DOT,0.768776,,,coingecko
2026-08-01T18:44:37+00:00,MATIC,0.126156,,,coingecko
2026-08-01T18:44:37+00:00,LTC,43.76,,,coingecko
2026-08-01T18:45:43+00:00,BTC,62350.0,,,coingecko
2026-08-01T18:45:43+00:00,ETH,1835.15,,,coingecko
2026-08-01T18:45:43+00:00,SOL,71.16,,,coingecko
2026-08-01T18:45:43+00:00,XRP,1.054,,,coingecko
2026-08-01T18:45:43+00:00,DOGE,0.068826,,,coingecko
2026-08-01T18:45:43+00:00,BNB,574.55,,,coingecko
2026-08-01T18:45:43+00:00,ADA,0.171549,,,coingecko
2026-08-01T18:45:43+00:00,LINK,7.94,,,coingecko
2026-08-01T18:45:43+00:00,AVAX,6.19,,,coingecko
2026-08-01T18:45:43+00:00,DOT,0.76805,,,coingecko
2026-08-01T18:45:43+00:00,MATIC,0.126156,,,coingecko
2026-08-01T18:45:43+00:00,LTC,43.72,,,coingecko
2026-08-01T18:46:37+00:00,BTC,62289.515,,,consenso
2026-08-01T18:46:37+00:00,ETH,1826.045,,,consenso
2026-08-01T18:46:37+00:00,SOL,70.97,,,consenso
2026-08-01T18:46:37+00:00,XRP,1.0533,,,consenso
2026-08-01T18:46:37+00:00,DOGE,0.06841,,,binance
2026-08-01T18:46:37+00:00,BNB,574.04,,,binance
2026-08-01T18:46:47+00:00,BTC,62316.0,,,coingecko
2026-08-01T18:46:47+00:00,ETH,1830.93,,,coingecko
2026-08-01T18:46:47+00:00,SOL,71.06,,,coingecko
2026-08-01T18:46:47+00:00,XRP,1.054,,,coingecko
2026-08-01T18:46:47+00:00,DOGE,0.068586,,,coingecko
2026-08-01T18:46:47+00:00,BNB,574.29,,,coingecko
2026-08-01T18:46:47+00:00,ADA,0.171399,,,coingecko
2026-08-01T18:46:47+00:00,LINK,7.93,,,coingecko
2026-08-01T18:46:47+00:00,AVAX,6.18,,,coingecko
2026-08-01T18:46:47+00:00,DOT,0.767197,,,coingecko
2026-08-01T18:46:47+00:00,MATIC,0.126156,,,coingecko
2026-08-01T18:46:47+00:00,LTC,43.69,,,coingecko
2026-08-01T18:47:29+00:00,BTC,62289.515,,,consenso
2026-08-01T18:47:29+00:00,ETH,1826.045,,,consenso
2026-08-01T18:47:29+00:00,SOL,70.93,,,consenso
2026-08-01T18:47:29+00:00,XRP,1.0537,,,consenso
2026-08-01T18:47:29+00:00,DOGE,0.06833,,,binance
2026-08-01T18:47:29+00:00,BNB,574.13,,,binance
2026-08-01T18:47:51+00:00,BTC,62295.0,,,coingecko
2026-08-01T18:47:51+00:00,ETH,1828.69,,,coingecko
2026-08-01T18:47:51+00:00,SOL,70.98,,,coingecko
2026-08-01T18:47:51+00:00,XRP,1.053,,,coingecko
2026-08-01T18:47:51+00:00,DOGE,0.068424,,,coingecko
2026-08-01T18:47:51+00:00,BNB,573.85,,,coingecko
2026-08-01T18:47:51+00:00,ADA,0.17109,,,coingecko
2026-08-01T18:47:51+00:00,LINK,7.91,,,coingecko
2026-08-01T18:47:51+00:00,AVAX,6.15,,,coingecko
2026-08-01T18:47:51+00:00,DOT,0.76649,,,coingecko
2026-08-01T18:47:51+00:00,MATIC,0.126156,,,coingecko
2026-08-01T18:47:51+00:00,LTC,43.65,,,coingecko
2026-08-01T18:48:14+00:00,BTC,62289.515,,,consenso
2026-08-01T18:48:14+00:00,ETH,1826.045,,,consenso
2026-08-01T18:48:14+00:00,SOL,70.94,,,consenso
2026-08-01T18:48:14+00:00,XRP,1.0528,,,consenso
2026-08-01T18:48:14+00:00,DOGE,0.06814,,,binance
2026-08-01T18:48:14+00:00,BNB,574.21,,,binance
2026-08-01T18:48:54+00:00,BTC,62313.0,,,coingecko
2026-08-01T18:48:54+00:00,ETH,1824.94,,,coingecko
2026-08-01T18:48:54+00:00,SOL,70.92,,,coingecko
2026-08-01T18:48:54+00:00,XRP,1.053,,,coingecko
2026-08-01T18:48:54+00:00,DOGE,0.068257,,,coingecko
2026-08-01T18:48:54+00:00,BNB,573.88,,,coingecko
2026-08-01T18:48:54+00:00,ADA,0.171141,,,coingecko
2026-08-01T18:48:54+00:00,LINK,7.91,,,coingecko
2026-08-01T18:48:54+00:00,AVAX,6.11,,,coingecko
2026-08-01T18:48:54+00:00,DOT,0.765041,,,coingecko
2026-08-01T18:48:54+00:00,MATIC,0.126156,,,coingecko
2026-08-01T18:48:54+00:00,LTC,43.66,,,coingecko
2026-08-01T18:49:56+00:00,BTC,62344.0,,,coingecko
2026-08-01T18:49:56+00:00,ETH,1824.83,,,coingecko
2026-08-01T18:49:56+00:00,SOL,70.91,,,coingecko
2026-08-01T18:49:56+00:00,XRP,1.053,,,coingecko
2026-08-01T18:49:56+00:00,DOGE,0.068115,,,coingecko
2026-08-01T18:49:56+00:00,BNB,574.06,,,coingecko
2026-08-01T18:49:56+00:00,ADA,0.170773,,,coingecko
2026-08-01T18:49:56+00:00,LINK,7.91,,,coingecko
2026-08-01T18:49:56+00:00,AVAX,6.07,,,coingecko
2026-08-01T18:49:56+00:00,DOT,0.76535,,,coingecko
2026-08-01T18:49:56+00:00,MATIC,0.126156,,,coingecko
2026-08-01T18:49:56+00:00,LTC,43.68,,,coingecko
2026-08-01T18:51:03+00:00,BTC,62360.0,,,coingecko
2026-08-01T18:51:03+00:00,ETH,1825.1,,,coingecko
2026-08-01T18:51:03+00:00,SOL,70.82,,,coingecko
2026-08-01T18:51:03+00:00,XRP,1.052,,,coingecko
2026-08-01T18:51:03+00:00,DOGE,0.068153,,,coingecko
2026-08-01T18:51:03+00:00,BNB,574.22,,,coingecko
2026-08-01T18:51:03+00:00,ADA,0.170767,,,coingecko
2026-08-01T18:51:03+00:00,LINK,7.91,,,coingecko
2026-08-01T18:51:03+00:00,AVAX,6.08,,,coingecko
2026-08-01T18:51:03+00:00,DOT,0.765267,,,coingecko
2026-08-01T18:51:03+00:00,MATIC,0.126156,,,coingecko
2026-08-01T18:51:03+00:00,LTC,43.7,,,coingecko
2026-08-01T18:52:08+00:00,BTC,62332.0,,,coingecko
2026-08-01T18:52:08+00:00,ETH,1823.63,,,coingecko
2026-08-01T18:52:08+00:00,SOL,70.71,,,coingecko
2026-08-01T18:52:08+00:00,XRP,1.05,,,coingecko
2026-08-01T18:52:08+00:00,DOGE,0.06797,,,coingecko
2026-08-01T18:52:08+00:00,BNB,574.12,,,coingecko
2026-08-01T18:52:08+00:00,ADA,0.170327,,,coingecko
2026-08-01T18:52:08+00:00,LINK,7.9,,,coingecko
2026-08-01T18:52:08+00:00,AVAX,6.06,,,coingecko
2026-08-01T18:52:08+00:00,DOT,0.764323,,,coingecko
2026-08-01T18:52:08+00:00,MATIC,0.126156,,,coingecko
2026-08-01T18:52:08+00:00,LTC,43.68,,,coingecko
2026-08-01T18:53:12+00:00,BTC,62344.0,,,coingecko
2026-08-01T18:53:12+00:00,ETH,1824.93,,,coingecko
2026-08-01T18:53:12+00:00,SOL,70.7,,,coingecko
2026-08-01T18:53:12+00:00,XRP,1.049,,,coingecko
2026-08-01T18:53:12+00:00,DOGE,0.068029,,,coingecko
2026-08-01T18:53:12+00:00,BNB,574.22,,,coingecko
2026-08-01T18:53:12+00:00,ADA,0.170364,,,coingecko
2026-08-01T18:53:12+00:00,LINK,7.9,,,coingecko
2026-08-01T18:53:12+00:00,AVAX,6.07,,,coingecko
2026-08-01T18:53:12+00:00,DOT,0.76472,,,coingecko
2026-08-01T18:53:12+00:00,MATIC,0.126156,,,coingecko
2026-08-01T18:53:12+00:00,LTC,43.69,,,coingecko
2026-08-01T18:54:15+00:00,BTC,62357.0,,,coingecko
2026-08-01T18:54:15+00:00,ETH,1825.35,,,coingecko
2026-08-01T18:54:15+00:00,SOL,70.7,,,coingecko
2026-08-01T18:54:15+00:00,XRP,1.05,,,coingecko
2026-08-01T18:54:15+00:00,DOGE,0.068087,,,coingecko
2026-08-01T18:54:15+00:00,BNB,574.28,,,coingecko
2026-08-01T18:54:15+00:00,ADA,0.17039,,,coingecko
2026-08-01T18:54:15+00:00,LINK,7.9,,,coingecko
2026-08-01T18:54:15+00:00,AVAX,6.08,,,coingecko
2026-08-01T18:54:15+00:00,DOT,0.764815,,,coingecko
2026-08-01T18:54:15+00:00,MATIC,0.126156,,,coingecko
2026-08-01T18:54:15+00:00,LTC,43.69,,,coingecko
2026-08-01T18:54:25+00:00,BTC,62403.965,,,consenso
2026-08-01T18:54:25+00:00,ETH,1827.605,,,consenso
2026-08-01T18:54:25+00:00,SOL,70.82,,,consenso
2026-08-01T18:54:25+00:00,XRP,1.05145,,,consenso
2026-08-01T18:54:25+00:00,DOGE,0.06823,,,binance
2026-08-01T18:54:25+00:00,BNB,575.28,,,binance
2026-08-01T18:55:30+00:00,BTC,62403.965,,,consenso
2026-08-01T18:55:30+00:00,ETH,1827.605,,,consenso
2026-08-01T18:55:30+00:00,SOL,70.89,,,consenso
2026-08-01T18:55:30+00:00,XRP,1.0525,,,consenso
2026-08-01T18:55:30+00:00,DOGE,0.06831,,,binance
2026-08-01T18:55:30+00:00,BNB,575.46,,,binance
2026-08-01T18:56:58+00:00,BTC,62403.965,,,consenso
2026-08-01T18:56:58+00:00,ETH,1827.605,,,consenso
2026-08-01T18:56:58+00:00,SOL,70.94,,,consenso
2026-08-01T18:56:58+00:00,XRP,1.053,,,consenso
2026-08-01T18:56:58+00:00,DOGE,0.06843,,,binance
2026-08-01T18:56:58+00:00,BNB,575.83,,,binance
2026-08-01T18:57:55+00:00,BTC,62435.0,,,coingecko
2026-08-01T18:57:55+00:00,ETH,1829.53,,,coingecko
2026-08-01T18:57:55+00:00,SOL,70.83,,,coingecko
2026-08-01T18:57:55+00:00,XRP,1.052,,,coingecko
2026-08-01T18:57:55+00:00,DOGE,0.068316,,,coingecko
2026-08-01T18:57:55+00:00,BNB,574.93,,,coingecko
2026-08-01T18:57:55+00:00,ADA,0.170875,,,coingecko
2026-08-01T18:57:55+00:00,LINK,7.92,,,coingecko
2026-08-01T18:57:55+00:00,AVAX,6.08,,,coingecko
2026-08-01T18:57:55+00:00,DOT,0.765532,,,coingecko
2026-08-01T18:57:55+00:00,MATIC,0.126156,,,coingecko
2026-08-01T18:57:55+00:00,LTC,43.77,,,coingecko
2026-08-01T18:59:01+00:00,BTC,62479.0,,,coingecko
2026-08-01T18:59:01+00:00,ETH,1831.01,,,coingecko
2026-08-01T18:59:01+00:00,SOL,70.92,,,coingecko
2026-08-01T18:59:01+00:00,XRP,1.053,,,coingecko
2026-08-01T18:59:01+00:00,DOGE,0.068389,,,coingecko
2026-08-01T18:59:01+00:00,BNB,575.62,,,coingecko
2026-08-01T18:59:01+00:00,ADA,0.171146,,,coingecko
2026-08-01T18:59:01+00:00,LINK,7.95,,,coingecko
2026-08-01T18:59:01+00:00,AVAX,6.09,,,coingecko
2026-08-01T18:59:01+00:00,DOT,0.767077,,,coingecko
2026-08-01T18:59:01+00:00,MATIC,0.126156,,,coingecko
2026-08-01T18:59:01+00:00,LTC,43.79,,,coingecko
2026-08-01T19:00:05+00:00,BTC,62507.0,,,coingecko
2026-08-01T19:00:05+00:00,ETH,1834.01,,,coingecko
2026-08-01T19:00:05+00:00,SOL,70.99,,,coingecko
2026-08-01T19:00:05+00:00,XRP,1.053,,,coingecko
2026-08-01T19:00:05+00:00,DOGE,0.068457,,,coingecko
2026-08-01T19:00:05+00:00,BNB,575.84,,,coingecko
2026-08-01T19:00:05+00:00,ADA,0.171299,,,coingecko
2026-08-01T19:00:05+00:00,LINK,7.95,,,coingecko
2026-08-01T19:00:05+00:00,AVAX,6.09,,,coingecko
2026-08-01T19:00:05+00:00,DOT,0.768758,,,coingecko
2026-08-01T19:00:05+00:00,MATIC,0.126156,,,coingecko
2026-08-01T19:00:05+00:00,LTC,43.85,,,coingecko
2026-08-01T19:01:12+00:00,BTC,62523.0,,,coingecko
2026-08-01T19:01:12+00:00,ETH,1834.9,,,coingecko
2026-08-01T19:01:12+00:00,SOL,71.0,,,coingecko
2026-08-01T19:01:12+00:00,XRP,1.052,,,coingecko
2026-08-01T19:01:12+00:00,DOGE,0.06846,,,coingecko
2026-08-01T19:01:12+00:00,BNB,575.98,,,coingecko
2026-08-01T19:01:12+00:00,ADA,0.171344,,,coingecko
2026-08-01T19:01:12+00:00,LINK,7.95,,,coingecko
2026-08-01T19:01:12+00:00,AVAX,6.1,,,coingecko
2026-08-01T19:01:12+00:00,DOT,0.768794,,,coingecko
2026-08-01T19:01:12+00:00,MATIC,0.126156,,,coingecko
2026-08-01T19:01:12+00:00,LTC,43.86,,,coingecko
2026-08-01T19:02:17+00:00,BTC,62522.0,,,coingecko
2026-08-01T19:02:17+00:00,ETH,1835.97,,,coingecko
2026-08-01T19:02:17+00:00,SOL,71.06,,,coingecko
2026-08-01T19:02:17+00:00,XRP,1.053,,,coingecko
2026-08-01T19:02:17+00:00,DOGE,0.068467,,,coingecko
2026-08-01T19:02:17+00:00,BNB,575.66,,,coingecko
2026-08-01T19:02:17+00:00,ADA,0.1715,,,coingecko
2026-08-01T19:02:17+00:00,LINK,7.97,,,coingecko
2026-08-01T19:02:17+00:00,AVAX,6.1,,,coingecko
2026-08-01T19:02:17+00:00,DOT,0.769247,,,coingecko
2026-08-01T19:02:17+00:00,MATIC,0.126156,,,coingecko
2026-08-01T19:02:17+00:00,LTC,43.88,,,coingecko
2026-08-01T19:03:21+00:00,BTC,62488.0,,,coingecko
2026-08-01T19:03:21+00:00,ETH,1833.35,,,coingecko
2026-08-01T19:03:21+00:00,SOL,71.04,,,coingecko
2026-08-01T19:03:21+00:00,XRP,1.052,,,coingecko
2026-08-01T19:03:21+00:00,DOGE,0.068412,,,coingecko
2026-08-01T19:03:21+00:00,BNB,575.38,,,coingecko
2026-08-01T19:03:21+00:00,ADA,0.171427,,,coingecko
2026-08-01T19:03:21+00:00,LINK,7.97,,,coingecko
2026-08-01T19:03:21+00:00,AVAX,6.1,,,coingecko
2026-08-01T19:03:21+00:00,DOT,0.768348,,,coingecko
2026-08-01T19:03:21+00:00,MATIC,0.126156,,,coingecko
2026-08-01T19:03:21+00:00,LTC,43.85,,,coingecko
2026-08-01T19:03:49+00:00,BTC,62539.205,,,consenso
2026-08-01T19:03:49+00:00,ETH,1836.105,,,consenso
2026-08-01T19:03:49+00:00,SOL,71.195,,,consenso
2026-08-01T19:03:49+00:00,XRP,1.05335,,,consenso
2026-08-01T19:03:49+00:00,DOGE,0.0686,,,binance
2026-08-01T19:03:49+00:00,BNB,577.45,,,binance
2026-08-01T19:04:29+00:00,BTC,62529.0,,,coingecko
2026-08-01T19:04:29+00:00,ETH,1836.18,,,coingecko
2026-08-01T19:04:29+00:00,SOL,71.17,,,coingecko
2026-08-01T19:04:29+00:00,XRP,1.053,,,coingecko
2026-08-01T19:04:29+00:00,DOGE,0.068543,,,coingecko
2026-08-01T19:04:29+00:00,BNB,576.75,,,coingecko
2026-08-01T19:04:29+00:00,ADA,0.172351,,,coingecko
2026-08-01T19:04:29+00:00,LINK,7.99,,,coingecko
2026-08-01T19:04:29+00:00,AVAX,6.12,,,coingecko
2026-08-01T19:04:29+00:00,DOT,0.769536,,,coingecko
2026-08-01T19:04:29+00:00,MATIC,0.126156,,,coingecko
2026-08-01T19:04:29+00:00,LTC,43.99,,,coingecko
2026-08-01T19:04:49+00:00,BTC,62539.205,,,consenso
2026-08-01T19:04:49+00:00,ETH,1836.105,,,consenso
2026-08-01T19:04:49+00:00,SOL,71.28,,,consenso
2026-08-01T19:04:49+00:00,XRP,1.0539,,,consenso
2026-08-01T19:04:49+00:00,DOGE,0.06859,,,binance
2026-08-01T19:04:49+00:00,BNB,577.25,,,binance
2026-08-01T19:05:33+00:00,BTC,62542.0,,,coingecko
2026-08-01T19:05:33+00:00,ETH,1835.92,,,coingecko
2026-08-01T19:05:33+00:00,SOL,71.17,,,coingecko
2026-08-01T19:05:33+00:00,XRP,1.053,,,coingecko
2026-08-01T19:05:33+00:00,DOGE,0.068541,,,coingecko
2026-08-01T19:05:33+00:00,BNB,576.77,,,coingecko
2026-08-01T19:05:33+00:00,ADA,0.172321,,,coingecko
2026-08-01T19:05:33+00:00,LINK,7.99,,,coingecko
2026-08-01T19:05:33+00:00,AVAX,6.13,,,coingecko
2026-08-01T19:05:33+00:00,DOT,0.770311,,,coingecko
2026-08-01T19:05:33+00:00,MATIC,0.126156,,,coingecko
2026-08-01T19:05:33+00:00,LTC,44.0,,,coingecko
2026-08-01T19:05:39+00:00,BTC,62539.205,,,consenso
2026-08-01T19:05:39+00:00,ETH,1836.105,,,consenso
2026-08-01T19:05:39+00:00,SOL,71.28,,,consenso
2026-08-01T19:05:39+00:00,XRP,1.054,,,consenso
2026-08-01T19:05:39+00:00,DOGE,0.06862,,,binance
2026-08-01T19:05:39+00:00,BNB,577.53,,,binance
2026-08-01T19:06:36+00:00,BTC,62558.0,,,coingecko
2026-08-01T19:06:36+00:00,ETH,1836.47,,,coingecko
2026-08-01T19:06:36+00:00,SOL,71.21,,,coingecko
2026-08-01T19:06:36+00:00,XRP,1.053,,,coingecko
2026-08-01T19:06:36+00:00,DOGE,0.068555,,,coingecko
2026-08-01T19:06:36+00:00,BNB,576.74,,,coingecko
2026-08-01T19:06:36+00:00,ADA,0.172377,,,coingecko
2026-08-01T19:06:36+00:00,LINK,8.0,,,coingecko
2026-08-01T19:06:36+00:00,AVAX,6.14,,,coingecko
2026-08-01T19:06:36+00:00,DOT,0.770064,,,coingecko
2026-08-01T19:06:36+00:00,MATIC,0.126156,,,coingecko
2026-08-01T19:06:36+00:00,LTC,43.98,,,coingecko
2026-08-01T19:07:40+00:00,BTC,62562.0,,,coingecko
2026-08-01T19:07:40+00:00,ETH,1837.28,,,coingecko
2026-08-01T19:07:40+00:00,SOL,71.22,,,coingecko
2026-08-01T19:07:40+00:00,XRP,1.053,,,coingecko
2026-08-01T19:07:40+00:00,DOGE,0.068556,,,coingecko
2026-08-01T19:07:40+00:00,BNB,576.95,,,coingecko
2026-08-01T19:07:40+00:00,ADA,0.172515,,,coingecko
2026-08-01T19:07:40+00:00,LINK,8.01,,,coingecko
2026-08-01T19:07:40+00:00,AVAX,6.14,,,coingecko
2026-08-01T19:07:40+00:00,DOT,0.770037,,,coingecko
2026-08-01T19:07:40+00:00,MATIC,0.126156,,,coingecko
2026-08-01T19:07:40+00:00,LTC,43.97,,,coingecko
2026-08-01T19:12:50+00:00,BTC,62543.0,,,coingecko
2026-08-01T19:12:50+00:00,ETH,1836.71,,,coingecko
2026-08-01T19:12:50+00:00,SOL,71.22,,,coingecko
2026-08-01T19:12:50+00:00,XRP,1.054,,,coingecko
2026-08-01T19:12:50+00:00,DOGE,0.068565,,,coingecko
2026-08-01T19:12:50+00:00,BNB,576.91,,,coingecko
2026-08-01T19:12:50+00:00,ADA,0.17239,,,coingecko
2026-08-01T19:12:50+00:00,LINK,8.01,,,coingecko
2026-08-01T19:12:50+00:00,AVAX,6.14,,,coingecko
2026-08-01T19:12:50+00:00,DOT,0.770381,,,coingecko
2026-08-01T19:12:50+00:00,MATIC,0.126156,,,coingecko
2026-08-01T19:12:50+00:00,LTC,43.95,,,coingecko
2026-08-01T19:13:58+00:00,BTC,62531.0,,,coingecko
2026-08-01T19:13:58+00:00,ETH,1836.69,,,coingecko
2026-08-01T19:13:58+00:00,SOL,71.22,,,coingecko
2026-08-01T19:13:58+00:00,XRP,1.053,,,coingecko
2026-08-01T19:13:58+00:00,DOGE,0.068555,,,coingecko
2026-08-01T19:13:58+00:00,BNB,576.81,,,coingecko
2026-08-01T19:13:58+00:00,ADA,0.172349,,,coingecko
2026-08-01T19:13:58+00:00,LINK,8.01,,,coingecko
2026-08-01T19:13:58+00:00,AVAX,6.14,,,coingecko
2026-08-01T19:13:58+00:00,DOT,0.770165,,,coingecko
2026-08-01T19:13:58+00:00,MATIC,0.126156,,,coingecko
2026-08-01T19:13:58+00:00,LTC,43.95,,,coingecko
2026-08-01T19:15:03+00:00,BTC,62534.0,,,coingecko
2026-08-01T19:15:03+00:00,ETH,1837.39,,,coingecko
2026-08-01T19:15:03+00:00,SOL,71.24,,,coingecko
2026-08-01T19:15:03+00:00,XRP,1.054,,,coingecko
2026-08-01T19:15:03+00:00,DOGE,0.068575,,,coingecko
2026-08-01T19:15:03+00:00,BNB,576.79,,,coingecko
2026-08-01T19:15:03+00:00,ADA,0.172317,,,coingecko
2026-08-01T19:15:03+00:00,LINK,8.01,,,coingecko
2026-08-01T19:15:03+00:00,AVAX,6.15,,,coingecko
2026-08-01T19:15:03+00:00,DOT,0.770599,,,coingecko
2026-08-01T19:15:03+00:00,MATIC,0.126156,,,coingecko
2026-08-01T19:15:03+00:00,LTC,43.91,,,coingecko
2026-08-01T19:15:54+00:00,BTC,62491.045,,,consenso
2026-08-01T19:15:54+00:00,ETH,1835.955,,,consenso
2026-08-01T19:15:54+00:00,SOL,71.195,,,consenso
2026-08-01T19:15:54+00:00,XRP,1.0524,,,consenso
2026-08-01T19:15:54+00:00,DOGE,0.06855,,,binance
2026-08-01T19:15:54+00:00,BNB,577.01,,,binance
2026-08-01T19:16:10+00:00,BTC,62532.0,,,coingecko
2026-08-01T19:16:10+00:00,ETH,1837.3,,,coingecko
2026-08-01T19:16:10+00:00,SOL,71.24,,,coingecko
2026-08-01T19:16:10+00:00,XRP,1.053,,,coingecko
2026-08-01T19:16:10+00:00,DOGE,0.068575,,,coingecko
2026-08-01T19:16:10+00:00,BNB,576.77,,,coingecko
2026-08-01T19:16:10+00:00,ADA,0.172384,,,coingecko
2026-08-01T19:16:10+00:00,LINK,8.0,,,coingecko
2026-08-01T19:16:10+00:00,AVAX,6.15,,,coingecko
2026-08-01T19:16:10+00:00,DOT,0.770789,,,coingecko
2026-08-01T19:16:10+00:00,MATIC,0.126156,,,coingecko
2026-08-01T19:16:10+00:00,LTC,43.91,,,coingecko
2026-08-01T19:17:11+00:00,BTC,62491.045,,,consenso
2026-08-01T19:17:11+00:00,ETH,1835.955,,,consenso
2026-08-01T19:17:11+00:00,SOL,71.25,,,consenso
2026-08-01T19:17:11+00:00,XRP,1.053,,,consenso
2026-08-01T19:17:11+00:00,DOGE,0.06855,,,binance
2026-08-01T19:17:11+00:00,BNB,577.1,,,binance
2026-08-01T19:17:15+00:00,BTC,62502.0,,,coingecko
2026-08-01T19:17:15+00:00,ETH,1836.26,,,coingecko
2026-08-01T19:17:15+00:00,SOL,71.21,,,coingecko
2026-08-01T19:17:15+00:00,XRP,1.053,,,coingecko
2026-08-01T19:17:15+00:00,DOGE,0.068535,,,coingecko
2026-08-01T19:17:15+00:00,BNB,576.58,,,coingecko
2026-08-01T19:17:15+00:00,ADA,0.172274,,,coingecko
2026-08-01T19:17:15+00:00,LINK,8.0,,,coingecko
2026-08-01T19:17:15+00:00,AVAX,6.14,,,coingecko
2026-08-01T19:17:15+00:00,DOT,0.770077,,,coingecko
2026-08-01T19:17:15+00:00,MATIC,0.126156,,,coingecko
2026-08-01T19:17:15+00:00,LTC,43.87,,,coingecko
2026-08-01T19:18:13+00:00,BTC,62491.045,,,consenso
2026-08-01T19:18:13+00:00,ETH,1835.955,,,consenso
2026-08-01T19:18:13+00:00,SOL,71.29,,,consenso
2026-08-01T19:18:13+00:00,XRP,1.0538,,,consenso
2026-08-01T19:18:13+00:00,DOGE,0.06861,,,binance
2026-08-01T19:18:13+00:00,BNB,577.34,,,binance
2026-08-01T19:18:20+00:00,BTC,62503.0,,,coingecko
2026-08-01T19:18:20+00:00,ETH,1835.99,,,coingecko
2026-08-01T19:18:20+00:00,SOL,71.2,,,coingecko
2026-08-01T19:18:20+00:00,XRP,1.052,,,coingecko
2026-08-01T19:18:20+00:00,DOGE,0.068491,,,coingecko
2026-08-01T19:18:20+00:00,BNB,576.55,,,coingecko
2026-08-01T19:18:20+00:00,ADA,0.172248,,,coingecko
2026-08-01T19:18:20+00:00,LINK,7.99,,,coingecko
2026-08-01T19:18:20+00:00,AVAX,6.13,,,coingecko
2026-08-01T19:18:20+00:00,DOT,0.769789,,,coingecko
2026-08-01T19:18:20+00:00,MATIC,0.126156,,,coingecko
2026-08-01T19:18:20+00:00,LTC,43.86,,,coingecko
2026-08-01T19:19:25+00:00,BTC,62523.0,,,coingecko
2026-08-01T19:19:25+00:00,ETH,1837.04,,,coingecko
2026-08-01T19:19:25+00:00,SOL,71.23,,,coingecko
2026-08-01T19:19:25+00:00,XRP,1.053,,,coingecko
2026-08-01T19:19:25+00:00,DOGE,0.068551,,,coingecko
2026-08-01T19:19:25+00:00,BNB,576.77,,,coingecko
2026-08-01T19:19:25+00:00,ADA,0.172272,,,coingecko
2026-08-01T19:19:25+00:00,LINK,8.0,,,coingecko
2026-08-01T19:19:25+00:00,AVAX,6.13,,,coingecko
2026-08-01T19:19:25+00:00,DOT,0.770016,,,coingecko
2026-08-01T19:19:25+00:00,MATIC,0.126156,,,coingecko
2026-08-01T19:19:25+00:00,LTC,43.87,,,coingecko
2026-08-01T19:20:29+00:00,BTC,62546.0,,,coingecko
2026-08-01T19:20:29+00:00,ETH,1838.07,,,coingecko
2026-08-01T19:20:29+00:00,SOL,71.25,,,coingecko
2026-08-01T19:20:29+00:00,XRP,1.053,,,coingecko
2026-08-01T19:20:29+00:00,DOGE,0.068585,,,coingecko
2026-08-01T19:20:29+00:00,BNB,576.97,,,coingecko
2026-08-01T19:20:29+00:00,ADA,0.172366,,,coingecko
2026-08-01T19:20:29+00:00,LINK,8.0,,,coingecko
2026-08-01T19:20:29+00:00,AVAX,6.13,,,coingecko
2026-08-01T19:20:29+00:00,DOT,0.770111,,,coingecko
2026-08-01T19:20:29+00:00,MATIC,0.126156,,,coingecko
2026-08-01T19:20:29+00:00,LTC,43.9,,,coingecko
2026-08-01T19:21:34+00:00,BTC,62535.0,,,coingecko
2026-08-01T19:21:34+00:00,ETH,1837.42,,,coingecko
2026-08-01T19:21:34+00:00,SOL,71.23,,,coingecko
2026-08-01T19:21:34+00:00,XRP,1.053,,,coingecko
2026-08-01T19:21:34+00:00,DOGE,0.068551,,,coingecko
2026-08-01T19:21:34+00:00,BNB,576.88,,,coingecko
2026-08-01T19:21:34+00:00,ADA,0.17221,,,coingecko
2026-08-01T19:21:34+00:00,LINK,8.0,,,coingecko
2026-08-01T19:21:34+00:00,AVAX,6.13,,,coingecko
2026-08-01T19:21:34+00:00,DOT,0.770066,,,coingecko
2026-08-01T19:21:34+00:00,MATIC,0.126156,,,coingecko
2026-08-01T19:21:34+00:00,LTC,43.89,,,coingecko
2026-08-01T19:22:38+00:00,BTC,62518.0,,,coingecko
2026-08-01T19:22:38+00:00,ETH,1836.53,,,coingecko
2026-08-01T19:22:38+00:00,SOL,71.19,,,coingecko
2026-08-01T19:22:38+00:00,XRP,1.052,,,coingecko
2026-08-01T19:22:38+00:00,DOGE,0.068524,,,coingecko
2026-08-01T19:22:38+00:00,BNB,576.73,,,coingecko
2026-08-01T19:22:38+00:00,ADA,0.172039,,,coingecko
2026-08-01T19:22:38+00:00,LINK,8.0,,,coingecko
2026-08-01T19:22:38+00:00,AVAX,6.13,,,coingecko
2026-08-01T19:22:38+00:00,DOT,0.770024,,,coingecko
2026-08-01T19:22:38+00:00,MATIC,0.126156,,,coingecko
2026-08-01T19:22:38+00:00,LTC,43.89,,,coingecko
2026-08-01T19:24:41+00:00,BTC,62462.385,,,consenso
2026-08-01T19:24:41+00:00,ETH,1834.8,,,consenso
2026-08-01T19:24:41+00:00,SOL,71.115,,,consenso
2026-08-01T19:24:41+00:00,XRP,1.0511,,,consenso
2026-08-01T19:24:41+00:00,DOGE,0.06846,,,binance
2026-08-01T19:24:41+00:00,BNB,576.9,,,binance
2026-08-01T19:26:32+00:00,BTC,62462.385,,,consenso
2026-08-01T19:26:32+00:00,ETH,1834.8,,,consenso
2026-08-01T19:26:32+00:00,SOL,71.21,,,consenso
2026-08-01T19:26:32+00:00,XRP,1.052,,,consenso
2026-08-01T19:26:32+00:00,DOGE,0.06849,,,binance
2026-08-01T19:26:32+00:00,BNB,576.79,,,binance
2026-08-01T19:26:41+00:00,BTC,62471.0,,,coingecko
2026-08-01T19:26:41+00:00,ETH,1834.97,,,coingecko
2026-08-01T19:26:41+00:00,SOL,71.12,,,coingecko
2026-08-01T19:26:41+00:00,XRP,1.051,,,coingecko
2026-08-01T19:26:41+00:00,DOGE,0.068415,,,coingecko
2026-08-01T19:26:41+00:00,BNB,576.43,,,coingecko
2026-08-01T19:26:41+00:00,ADA,0.171839,,,coingecko
2026-08-01T19:26:41+00:00,LINK,7.99,,,coingecko
2026-08-01T19:26:41+00:00,AVAX,6.11,,,coingecko
2026-08-01T19:26:41+00:00,DOT,0.769193,,,coingecko
2026-08-01T19:26:41+00:00,MATIC,0.126156,,,coingecko
2026-08-01T19:26:41+00:00,LTC,43.88,,,coingecko
2026-08-01T19:27:37+00:00,BTC,62462.385,,,consenso
2026-08-01T19:27:37+00:00,ETH,1834.8,,,consenso
2026-08-01T19:27:37+00:00,SOL,71.22,,,consenso
2026-08-01T19:27:37+00:00,XRP,1.0521,,,consenso
2026-08-01T19:27:37+00:00,DOGE,0.06851,,,binance
2026-08-01T19:27:37+00:00,BNB,576.73,,,binance
2026-08-01T19:27:48+00:00,BTC,62474.0,,,coingecko
2026-08-01T19:27:48+00:00,ETH,1835.5,,,coingecko
2026-08-01T19:27:48+00:00,SOL,71.14,,,coingecko
2026-08-01T19:27:48+00:00,XRP,1.051,,,coingecko
2026-08-01T19:27:48+00:00,DOGE,0.068443,,,coingecko
2026-08-01T19:27:48+00:00,BNB,576.34,,,coingecko
2026-08-01T19:27:48+00:00,ADA,0.171962,,,coingecko
2026-08-01T19:27:48+00:00,LINK,7.99,,,coingecko
2026-08-01T19:27:48+00:00,AVAX,6.13,,,coingecko
2026-08-01T19:27:48+00:00,DOT,0.769532,,,coingecko
2026-08-01T19:27:48+00:00,MATIC,0.126156,,,coingecko
2026-08-01T19:27:48+00:00,LTC,43.88,,,coingecko
2026-08-01T19:28:51+00:00,BTC,62486.0,,,coingecko
2026-08-01T19:28:51+00:00,ETH,1835.75,,,coingecko
2026-08-01T19:28:51+00:00,SOL,71.16,,,coingecko
2026-08-01T19:28:51+00:00,XRP,1.051,,,coingecko
2026-08-01T19:28:51+00:00,DOGE,0.068457,,,coingecko
2026-08-01T19:28:51+00:00,BNB,576.25,,,coingecko
2026-08-01T19:28:51+00:00,ADA,0.172064,,,coingecko
2026-08-01T19:28:51+00:00,LINK,7.99,,,coingecko
2026-08-01T19:28:51+00:00,AVAX,6.13,,,coingecko
2026-08-01T19:28:51+00:00,DOT,0.769862,,,coingecko
2026-08-01T19:28:51+00:00,MATIC,0.126156,,,coingecko
2026-08-01T19:28:51+00:00,LTC,43.88,,,coingecko
2026-08-01T19:29:55+00:00,BTC,62490.0,,,coingecko
2026-08-01T19:29:55+00:00,ETH,1835.87,,,coingecko
2026-08-01T19:29:55+00:00,SOL,71.16,,,coingecko
2026-08-01T19:29:55+00:00,XRP,1.052,,,coingecko
2026-08-01T19:29:55+00:00,DOGE,0.068457,,,coingecko
2026-08-01T19:29:55+00:00,BNB,576.3,,,coingecko
2026-08-01T19:29:55+00:00,ADA,0.172072,,,coingecko
2026-08-01T19:29:55+00:00,LINK,7.99,,,coingecko
2026-08-01T19:29:55+00:00,AVAX,6.13,,,coingecko
2026-08-01T19:29:55+00:00,DOT,0.769993,,,coingecko
2026-08-01T19:29:55+00:00,MATIC,0.126156,,,coingecko
2026-08-01T19:29:55+00:00,LTC,43.9,,,coingecko
2026-08-01T19:30:59+00:00,BTC,62498.0,,,coingecko
2026-08-01T19:30:59+00:00,ETH,1836.03,,,coingecko
2026-08-01T19:30:59+00:00,SOL,71.18,,,coingecko
2026-08-01T19:30:59+00:00,XRP,1.052,,,coingecko
2026-08-01T19:30:59+00:00,DOGE,0.068498,,,coingecko
2026-08-01T19:30:59+00:00,BNB,576.36,,,coingecko
2026-08-01T19:30:59+00:00,ADA,0.172109,,,coingecko
2026-08-01T19:30:59+00:00,LINK,8.0,,,coingecko
2026-08-01T19:30:59+00:00,AVAX,6.12,,,coingecko
2026-08-01T19:30:59+00:00,DOT,0.769878,,,coingecko
2026-08-01T19:30:59+00:00,MATIC,0.126156,,,coingecko
2026-08-01T19:30:59+00:00,LTC,43.91,,,coingecko
2026-08-01T19:32:03+00:00,BTC,62513.0,,,coingecko
2026-08-01T19:32:03+00:00,ETH,1836.79,,,coingecko
2026-08-01T19:32:03+00:00,SOL,71.23,,,coingecko
2026-08-01T19:32:03+00:00,XRP,1.053,,,coingecko
2026-08-01T19:32:03+00:00,DOGE,0.068521,,,coingecko
2026-08-01T19:32:03+00:00,BNB,576.48,,,coingecko
2026-08-01T19:32:03+00:00,ADA,0.172177,,,coingecko
2026-08-01T19:32:03+00:00,LINK,8.0,,,coingecko
2026-08-01T19:32:03+00:00,AVAX,6.13,,,coingecko
2026-08-01T19:32:03+00:00,DOT,0.769975,,,coingecko
2026-08-01T19:32:03+00:00,MATIC,0.126156,,,coingecko
2026-08-01T19:32:03+00:00,LTC,43.93,,,coingecko
2026-08-01T19:33:10+00:00,BTC,62521.0,,,coingecko
2026-08-01T19:33:10+00:00,ETH,1837.05,,,coingecko
2026-08-01T19:33:10+00:00,SOL,71.26,,,coingecko
2026-08-01T19:33:10+00:00,XRP,1.053,,,coingecko
2026-08-01T19:33:10+00:00,DOGE,0.068529,,,coingecko
2026-08-01T19:33:10+00:00,BNB,576.46,,,coingecko
2026-08-01T19:33:10+00:00,ADA,0.172231,,,coingecko
2026-08-01T19:33:10+00:00,LINK,8.0,,,coingecko
2026-08-01T19:33:10+00:00,AVAX,6.13,,,coingecko
2026-08-01T19:33:10+00:00,DOT,0.770146,,,coingecko
2026-08-01T19:33:10+00:00,MATIC,0.126156,,,coingecko
2026-08-01T19:33:10+00:00,LTC,43.91,,,coingecko
2026-08-01T19:33:57+00:00,BTC,62450.005,,,consenso
2026-08-01T19:33:57+00:00,ETH,1836.33,,,consenso
2026-08-01T19:33:57+00:00,SOL,71.225,,,consenso
2026-08-01T19:33:57+00:00,XRP,1.0517,,,consenso
2026-08-01T19:33:57+00:00,DOGE,0.06848,,,binance
2026-08-01T19:33:57+00:00,BNB,576.57,,,binance
2026-08-01T19:34:15+00:00,BTC,62500.0,,,coingecko
2026-08-01T19:34:15+00:00,ETH,1836.28,,,coingecko
2026-08-01T19:34:15+00:00,SOL,71.24,,,coingecko
2026-08-01T19:34:15+00:00,XRP,1.052,,,coingecko
2026-08-01T19:34:15+00:00,DOGE,0.068487,,,coingecko
2026-08-01T19:34:15+00:00,BNB,576.34,,,coingecko
2026-08-01T19:34:15+00:00,ADA,0.171859,,,coingecko
2026-08-01T19:34:15+00:00,LINK,8.0,,,coingecko
2026-08-01T19:34:15+00:00,AVAX,6.12,,,coingecko
2026-08-01T19:34:15+00:00,DOT,0.769795,,,coingecko
2026-08-01T19:34:15+00:00,MATIC,0.126156,,,coingecko
2026-08-01T19:34:15+00:00,LTC,43.91,,,coingecko
2026-08-01T19:34:57+00:00,BTC,62450.005,,,consenso
2026-08-01T19:34:57+00:00,ETH,1836.33,,,consenso
2026-08-01T19:34:57+00:00,SOL,71.27,,,consenso
2026-08-01T19:34:57+00:00,XRP,1.053,,,consenso
2026-08-01T19:34:57+00:00,DOGE,0.06854,,,binance
2026-08-01T19:34:57+00:00,BNB,576.67,,,binance
2026-08-01T19:35:18+00:00,BTC,62485.0,,,coingecko
2026-08-01T19:35:18+00:00,ETH,1836.27,,,coingecko
2026-08-01T19:35:18+00:00,SOL,71.22,,,coingecko
2026-08-01T19:35:18+00:00,XRP,1.052,,,coingecko
2026-08-01T19:35:18+00:00,DOGE,0.068472,,,coingecko
2026-08-01T19:35:18+00:00,BNB,576.24,,,coingecko
2026-08-01T19:35:18+00:00,ADA,0.171829,,,coingecko
2026-08-01T19:35:18+00:00,LINK,7.99,,,coingecko
2026-08-01T19:35:18+00:00,AVAX,6.13,,,coingecko
2026-08-01T19:35:18+00:00,DOT,0.769683,,,coingecko
2026-08-01T19:35:18+00:00,MATIC,0.126156,,,coingecko
2026-08-01T19:35:18+00:00,LTC,43.92,,,coingecko
2026-08-01T19:35:56+00:00,BTC,62450.005,,,consenso
2026-08-01T19:35:56+00:00,ETH,1836.33,,,consenso
2026-08-01T19:35:56+00:00,SOL,71.3,,,consenso
2026-08-01T19:35:56+00:00,XRP,1.0531,,,consenso
2026-08-01T19:35:56+00:00,DOGE,0.06857,,,binance
2026-08-01T19:35:56+00:00,BNB,576.67,,,binance
2026-08-01T19:36:21+00:00,BTC,62477.0,,,coingecko
2026-08-01T19:36:21+00:00,ETH,1836.17,,,coingecko
2026-08-01T19:36:21+00:00,SOL,71.24,,,coingecko
2026-08-01T19:36:21+00:00,XRP,1.052,,,coingecko
2026-08-01T19:36:21+00:00,DOGE,0.068496,,,coingecko
2026-08-01T19:36:21+00:00,BNB,576.24,,,coingecko
2026-08-01T19:36:21+00:00,ADA,0.172149,,,coingecko
2026-08-01T19:36:21+00:00,LINK,8.0,,,coingecko
2026-08-01T19:36:21+00:00,AVAX,6.13,,,coingecko
2026-08-01T19:36:21+00:00,DOT,0.769916,,,coingecko
2026-08-01T19:36:21+00:00,MATIC,0.126156,,,coingecko
2026-08-01T19:36:21+00:00,LTC,43.93,,,coingecko
2026-08-01T19:40:20+00:00,BTC,62426.0,,,coingecko
2026-08-01T19:40:20+00:00,ETH,1834.76,,,coingecko
2026-08-01T19:40:20+00:00,SOL,71.15,,,coingecko
2026-08-01T19:40:20+00:00,XRP,1.051,,,coingecko
2026-08-01T19:40:20+00:00,DOGE,0.068448,,,coingecko
2026-08-01T19:40:20+00:00,BNB,575.69,,,coingecko
2026-08-01T19:40:20+00:00,ADA,0.172514,,,coingecko
2026-08-01T19:40:20+00:00,LINK,7.99,,,coingecko
2026-08-01T19:40:20+00:00,AVAX,6.13,,,coingecko
2026-08-01T19:40:20+00:00,DOT,0.769589,,,coingecko
2026-08-01T19:40:20+00:00,MATIC,0.126156,,,coingecko
2026-08-01T19:40:20+00:00,LTC,43.92,,,coingecko
2026-08-01T19:41:30+00:00,BTC,62432.0,,,coingecko
2026-08-01T19:41:30+00:00,ETH,1834.71,,,coingecko
2026-08-01T19:41:30+00:00,SOL,71.16,,,coingecko
2026-08-01T19:41:30+00:00,XRP,1.051,,,coingecko
2026-08-01T19:41:30+00:00,DOGE,0.068437,,,coingecko
2026-08-01T19:41:30+00:00,BNB,575.54,,,coingecko
2026-08-01T19:41:30+00:00,ADA,0.17265,,,coingecko
2026-08-01T19:41:30+00:00,LINK,8.0,,,coingecko
2026-08-01T19:41:30+00:00,AVAX,6.13,,,coingecko
2026-08-01T19:41:30+00:00,DOT,0.769691,,,coingecko
2026-08-01T19:41:30+00:00,MATIC,0.126156,,,coingecko
2026-08-01T19:41:30+00:00,LTC,43.93,,,coingecko
2026-08-01T19:42:33+00:00,BTC,62433.0,,,coingecko
2026-08-01T19:42:33+00:00,ETH,1834.72,,,coingecko
2026-08-01T19:42:33+00:00,SOL,71.15,,,coingecko
2026-08-01T19:42:33+00:00,XRP,1.051,,,coingecko
2026-08-01T19:42:33+00:00,DOGE,0.068422,,,coingecko
2026-08-01T19:42:33+00:00,BNB,575.57,,,coingecko
2026-08-01T19:42:33+00:00,ADA,0.172725,,,coingecko
2026-08-01T19:42:33+00:00,LINK,8.0,,,coingecko
2026-08-01T19:42:33+00:00,AVAX,6.13,,,coingecko
2026-08-01T19:42:33+00:00,DOT,0.769868,,,coingecko
2026-08-01T19:42:33+00:00,MATIC,0.126156,,,coingecko
2026-08-01T19:42:33+00:00,LTC,43.93,,,coingecko
2026-08-01T19:43:37+00:00,BTC,62424.0,,,coingecko
2026-08-01T19:43:37+00:00,ETH,1834.33,,,coingecko
2026-08-01T19:43:37+00:00,SOL,71.16,,,coingecko
2026-08-01T19:43:37+00:00,XRP,1.051,,,coingecko
2026-08-01T19:43:37+00:00,DOGE,0.068444,,,coingecko
2026-08-01T19:43:37+00:00,BNB,575.66,,,coingecko
2026-08-01T19:43:37+00:00,ADA,0.172852,,,coingecko
2026-08-01T19:43:37+00:00,LINK,8.0,,,coingecko
2026-08-01T19:43:37+00:00,AVAX,6.13,,,coingecko
2026-08-01T19:43:37+00:00,DOT,0.769979,,,coingecko
2026-08-01T19:43:37+00:00,MATIC,0.126156,,,coingecko
2026-08-01T19:43:37+00:00,LTC,43.93,,,coingecko
2026-08-01T19:43:51+00:00,BTC,62409.585,,,consenso
2026-08-01T19:43:51+00:00,ETH,1833.975,,,consenso
2026-08-01T19:43:51+00:00,SOL,71.16,,,consenso
2026-08-01T19:43:51+00:00,XRP,1.0508,,,consenso
2026-08-01T19:43:51+00:00,DOGE,0.06848,,,binance
2026-08-01T19:43:51+00:00,BNB,575.91,,,binance
2026-08-01T19:44:41+00:00,BTC,62427.0,,,coingecko
2026-08-01T19:44:41+00:00,ETH,1834.37,,,coingecko
2026-08-01T19:44:41+00:00,SOL,71.18,,,coingecko
2026-08-01T19:44:41+00:00,XRP,1.051,,,coingecko
2026-08-01T19:44:41+00:00,DOGE,0.068425,,,coingecko
2026-08-01T19:44:41+00:00,BNB,575.64,,,coingecko
2026-08-01T19:44:41+00:00,ADA,0.172466,,,coingecko
2026-08-01T19:44:41+00:00,LINK,8.0,,,coingecko
2026-08-01T19:44:41+00:00,AVAX,6.13,,,coingecko
2026-08-01T19:44:41+00:00,DOT,0.76985,,,coingecko
2026-08-01T19:44:41+00:00,MATIC,0.126156,,,coingecko
2026-08-01T19:44:41+00:00,LTC,43.91,,,coingecko
2026-08-01T19:44:51+00:00,BTC,62409.585,,,consenso
2026-08-01T19:44:51+00:00,ETH,1833.975,,,consenso
2026-08-01T19:44:51+00:00,SOL,71.23,,,consenso
2026-08-01T19:44:51+00:00,XRP,1.0516,,,consenso
2026-08-01T19:44:51+00:00,DOGE,0.06848,,,binance
2026-08-01T19:44:51+00:00,BNB,575.76,,,binance
2026-08-01T19:45:44+00:00,BTC,62420.0,,,coingecko
2026-08-01T19:45:44+00:00,ETH,1834.21,,,coingecko
2026-08-01T19:45:44+00:00,SOL,71.17,,,coingecko
2026-08-01T19:45:44+00:00,XRP,1.051,,,coingecko
2026-08-01T19:45:44+00:00,DOGE,0.068424,,,coingecko
2026-08-01T19:45:44+00:00,BNB,575.54,,,coingecko
2026-08-01T19:45:44+00:00,ADA,0.172395,,,coingecko
2026-08-01T19:45:44+00:00,LINK,8.0,,,coingecko
2026-08-01T19:45:44+00:00,AVAX,6.13,,,coingecko
2026-08-01T19:45:44+00:00,DOT,0.769968,,,coingecko
2026-08-01T19:45:44+00:00,MATIC,0.126156,,,coingecko
2026-08-01T19:45:44+00:00,LTC,43.92,,,coingecko
2026-08-01T19:45:44+00:00,BTC,62409.585,,,consenso
2026-08-01T19:45:44+00:00,ETH,1833.975,,,consenso
2026-08-01T19:45:44+00:00,SOL,71.24,,,consenso
2026-08-01T19:45:44+00:00,XRP,1.0519,,,consenso
2026-08-01T19:45:44+00:00,DOGE,0.06851,,,binance
2026-08-01T19:45:44+00:00,BNB,576.05,,,binance
2026-08-01T19:46:50+00:00,BTC,62429.0,,,coingecko
2026-08-01T19:46:50+00:00,ETH,1834.46,,,coingecko
2026-08-01T19:46:50+00:00,SOL,71.17,,,coingecko
2026-08-01T19:46:50+00:00,XRP,1.051,,,coingecko
2026-08-01T19:46:50+00:00,DOGE,0.068442,,,coingecko
2026-08-01T19:46:50+00:00,BNB,575.55,,,coingecko
2026-08-01T19:46:50+00:00,ADA,0.172387,,,coingecko
2026-08-01T19:46:50+00:00,LINK,8.0,,,coingecko
2026-08-01T19:46:50+00:00,AVAX,6.13,,,coingecko
2026-08-01T19:46:50+00:00,DOT,0.770117,,,coingecko
2026-08-01T19:46:50+00:00,MATIC,0.126156,,,coingecko
2026-08-01T19:46:50+00:00,LTC,43.92,,,coingecko
2026-08-01T19:47:55+00:00,BTC,62444.0,,,coingecko
2026-08-01T19:47:55+00:00,ETH,1834.94,,,coingecko
2026-08-01T19:47:55+00:00,SOL,71.21,,,coingecko
2026-08-01T19:47:55+00:00,XRP,1.051,,,coingecko
2026-08-01T19:47:55+00:00,DOGE,0.06849,,,coingecko
2026-08-01T19:47:55+00:00,BNB,575.58,,,coingecko
2026-08-01T19:47:55+00:00,ADA,0.172503,,,coingecko
2026-08-01T19:47:55+00:00,LINK,8.0,,,coingecko
2026-08-01T19:47:55+00:00,AVAX,6.13,,,coingecko
2026-08-01T19:47:55+00:00,DOT,0.770612,,,coingecko
2026-08-01T19:47:55+00:00,MATIC,0.126156,,,coingecko
2026-08-01T19:47:55+00:00,LTC,43.94,,,coingecko
2026-08-01T19:48:58+00:00,BTC,62452.0,,,coingecko
2026-08-01T19:48:58+00:00,ETH,1835.53,,,coingecko
2026-08-01T19:48:58+00:00,SOL,71.23,,,coingecko
2026-08-01T19:48:58+00:00,XRP,1.052,,,coingecko
2026-08-01T19:48:58+00:00,DOGE,0.068511,,,coingecko
2026-08-01T19:48:58+00:00,BNB,575.57,,,coingecko
2026-08-01T19:48:58+00:00,ADA,0.172635,,,coingecko
2026-08-01T19:48:58+00:00,LINK,8.0,,,coingecko
2026-08-01T19:48:58+00:00,AVAX,6.13,,,coingecko
2026-08-01T19:48:58+00:00,DOT,0.771524,,,coingecko
2026-08-01T19:48:58+00:00,MATIC,0.126156,,,coingecko
2026-08-01T19:48:58+00:00,LTC,43.96,,,coingecko
2026-08-01T19:50:02+00:00,BTC,62450.0,,,coingecko
2026-08-01T19:50:02+00:00,ETH,1835.53,,,coingecko
2026-08-01T19:50:02+00:00,SOL,71.23,,,coingecko
2026-08-01T19:50:02+00:00,XRP,1.052,,,coingecko
2026-08-01T19:50:02+00:00,DOGE,0.068517,,,coingecko
2026-08-01T19:50:02+00:00,BNB,575.49,,,coingecko
2026-08-01T19:50:02+00:00,ADA,0.172635,,,coingecko
2026-08-01T19:50:02+00:00,LINK,8.0,,,coingecko
2026-08-01T19:50:02+00:00,AVAX,6.13,,,coingecko
2026-08-01T19:50:02+00:00,DOT,0.771267,,,coingecko
2026-08-01T19:50:02+00:00,MATIC,0.126156,,,coingecko
2026-08-01T19:50:02+00:00,LTC,43.96,,,coingecko
2026-08-01T19:51:33+00:00,BTC,62472.895,,,consenso
2026-08-01T19:51:33+00:00,ETH,1837.46,,,consenso
2026-08-01T19:51:33+00:00,SOL,71.29,,,consenso
2026-08-01T19:51:33+00:00,XRP,1.0526,,,consenso
2026-08-01T19:51:33+00:00,DOGE,0.06864,,,binance
2026-08-01T19:51:33+00:00,BNB,576.07,,,binance
2026-08-01T19:53:38+00:00,BTC,62472.895,,,consenso
2026-08-01T19:53:38+00:00,ETH,1837.46,,,consenso
2026-08-01T19:53:38+00:00,SOL,71.29,,,consenso
2026-08-01T19:53:38+00:00,XRP,1.0527,,,consenso
2026-08-01T19:53:38+00:00,DOGE,0.06862,,,binance
2026-08-01T19:53:38+00:00,BNB,575.81,,,binance
2026-08-01T19:53:53+00:00,BTC,62478.0,,,coingecko
2026-08-01T19:53:53+00:00,ETH,1836.68,,,coingecko
2026-08-01T19:53:53+00:00,SOL,71.27,,,coingecko
2026-08-01T19:53:53+00:00,XRP,1.052,,,coingecko
2026-08-01T19:53:53+00:00,DOGE,0.068578,,,coingecko
2026-08-01T19:53:53+00:00,BNB,575.51,,,coingecko
2026-08-01T19:53:53+00:00,ADA,0.172591,,,coingecko
2026-08-01T19:53:53+00:00,LINK,8.01,,,coingecko
2026-08-01T19:53:53+00:00,AVAX,6.13,,,coingecko
2026-08-01T19:53:53+00:00,DOT,0.771996,,,coingecko
2026-08-01T19:53:53+00:00,MATIC,0.126156,,,coingecko
2026-08-01T19:53:53+00:00,LTC,43.98,,,coingecko
2026-08-01T19:54:48+00:00,BTC,62472.895,,,consenso
2026-08-01T19:54:48+00:00,ETH,1837.46,,,consenso
2026-08-01T19:54:48+00:00,SOL,71.26,,,consenso
2026-08-01T19:54:48+00:00,XRP,1.0528,,,consenso
2026-08-01T19:54:48+00:00,DOGE,0.06859,,,binance
2026-08-01T19:54:48+00:00,BNB,575.79,,,binance
2026-08-01T19:55:00+00:00,BTC,62471.0,,,coingecko
2026-08-01T19:55:00+00:00,ETH,1836.46,,,coingecko
2026-08-01T19:55:00+00:00,SOL,71.23,,,coingecko
2026-08-01T19:55:00+00:00,XRP,1.052,,,coingecko
2026-08-01T19:55:00+00:00,DOGE,0.068562,,,coingecko
2026-08-01T19:55:00+00:00,BNB,575.37,,,coingecko
2026-08-01T19:55:00+00:00,ADA,0.172534,,,coingecko
2026-08-01T19:55:00+00:00,LINK,8.0,,,coingecko
2026-08-01T19:55:00+00:00,AVAX,6.13,,,coingecko
2026-08-01T19:55:00+00:00,DOT,0.772288,,,coingecko
2026-08-01T19:55:00+00:00,MATIC,0.126156,,,coingecko
2026-08-01T19:55:00+00:00,LTC,43.98,,,coingecko
2026-08-01T19:56:06+00:00,BTC,62466.0,,,coingecko
2026-08-01T19:56:06+00:00,ETH,1836.22,,,coingecko
2026-08-01T19:56:06+00:00,SOL,71.22,,,coingecko
2026-08-01T19:56:06+00:00,XRP,1.052,,,coingecko
2026-08-01T19:56:06+00:00,DOGE,0.06854,,,coingecko
2026-08-01T19:56:06+00:00,BNB,575.36,,,coingecko
2026-08-01T19:56:06+00:00,ADA,0.172538,,,coingecko
2026-08-01T19:56:06+00:00,LINK,8.0,,,coingecko
2026-08-01T19:56:06+00:00,AVAX,6.13,,,coingecko
2026-08-01T19:56:06+00:00,DOT,0.772094,,,coingecko
2026-08-01T19:56:06+00:00,MATIC,0.126156,,,coingecko
2026-08-01T19:56:06+00:00,LTC,43.98,,,coingecko
2026-08-01T19:57:10+00:00,BTC,62466.0,,,coingecko
2026-08-01T19:57:10+00:00,ETH,1835.7,,,coingecko
2026-08-01T19:57:10+00:00,SOL,71.22,,,coingecko
2026-08-01T19:57:10+00:00,XRP,1.052,,,coingecko
2026-08-01T19:57:10+00:00,DOGE,0.068535,,,coingecko
2026-08-01T19:57:10+00:00,BNB,575.34,,,coingecko
2026-08-01T19:57:10+00:00,ADA,0.172459,,,coingecko
2026-08-01T19:57:10+00:00,LINK,8.0,,,coingecko
2026-08-01T19:57:10+00:00,AVAX,6.13,,,coingecko
2026-08-01T19:57:10+00:00,DOT,0.771211,,,coingecko
2026-08-01T19:57:10+00:00,MATIC,0.126156,,,coingecko
2026-08-01T19:57:10+00:00,LTC,43.98,,,coingecko
2026-08-01T19:58:13+00:00,BTC,62479.0,,,coingecko
2026-08-01T19:58:13+00:00,ETH,1836.21,,,coingecko
2026-08-01T19:58:13+00:00,SOL,71.25,,,coingecko
2026-08-01T19:58:13+00:00,XRP,1.052,,,coingecko
2026-08-01T19:58:13+00:00,DOGE,0.068555,,,coingecko
2026-08-01T19:58:13+00:00,BNB,575.37,,,coingecko
2026-08-01T19:58:13+00:00,ADA,0.17268,,,coingecko
2026-08-01T19:58:13+00:00,LINK,8.0,,,coingecko
2026-08-01T19:58:13+00:00,AVAX,6.13,,,coingecko
2026-08-01T19:58:13+00:00,DOT,0.77111,,,coingecko
2026-08-01T19:58:13+00:00,MATIC,0.126156,,,coingecko
2026-08-01T19:58:13+00:00,LTC,43.98,,,coingecko
2026-08-01T19:59:17+00:00,BTC,62480.0,,,coingecko
2026-08-01T19:59:17+00:00,ETH,1836.26,,,coingecko
2026-08-01T19:59:17+00:00,SOL,71.25,,,coingecko
2026-08-01T19:59:17+00:00,XRP,1.052,,,coingecko
2026-08-01T19:59:17+00:00,DOGE,0.06855,,,coingecko
2026-08-01T19:59:17+00:00,BNB,575.39,,,coingecko
2026-08-01T19:59:17+00:00,ADA,0.172638,,,coingecko
2026-08-01T19:59:17+00:00,LINK,8.0,,,coingecko
2026-08-01T19:59:17+00:00,AVAX,6.13,,,coingecko
2026-08-01T19:59:17+00:00,DOT,0.771051,,,coingecko
2026-08-01T19:59:17+00:00,MATIC,0.126156,,,coingecko
2026-08-01T19:59:17+00:00,LTC,43.98,,,coingecko
2026-08-01T20:00:23+00:00,BTC,62482.0,,,coingecko
2026-08-01T20:00:23+00:00,ETH,1835.96,,,coingecko
2026-08-01T20:00:23+00:00,SOL,71.24,,,coingecko
2026-08-01T20:00:23+00:00,XRP,1.052,,,coingecko
2026-08-01T20:00:23+00:00,DOGE,0.068513,,,coingecko
2026-08-01T20:00:23+00:00,BNB,575.38,,,coingecko
2026-08-01T20:00:23+00:00,ADA,0.17257,,,coingecko
2026-08-01T20:00:23+00:00,LINK,8.0,,,coingecko
2026-08-01T20:00:23+00:00,AVAX,6.13,,,coingecko
2026-08-01T20:00:23+00:00,DOT,0.771146,,,coingecko
2026-08-01T20:00:23+00:00,MATIC,0.126156,,,coingecko
2026-08-01T20:00:23+00:00,LTC,43.99,,,coingecko
2026-08-01T20:01:01+00:00,BTC,62442.375,,,consenso
2026-08-01T20:01:01+00:00,ETH,1835.025,,,consenso
2026-08-01T20:01:01+00:00,SOL,71.2,,,consenso
2026-08-01T20:01:01+00:00,XRP,1.05135,,,consenso
2026-08-01T20:01:01+00:00,DOGE,0.06842,,,binance
2026-08-01T20:01:01+00:00,BNB,575.48,,,binance
2026-08-01T20:01:33+00:00,BTC,62476.0,,,coingecko
2026-08-01T20:01:33+00:00,ETH,1835.39,,,coingecko
2026-08-01T20:01:33+00:00,SOL,71.2,,,coingecko
2026-08-01T20:01:33+00:00,XRP,1.052,,,coingecko
2026-08-01T20:01:33+00:00,DOGE,0.068429,,,coingecko
2026-08-01T20:01:33+00:00,BNB,575.22,,,coingecko
2026-08-01T20:01:33+00:00,ADA,0.172441,,,coingecko
2026-08-01T20:01:33+00:00,LINK,8.0,,,coingecko
2026-08-01T20:01:33+00:00,AVAX,6.13,,,coingecko
2026-08-01T20:01:33+00:00,DOT,0.770504,,,coingecko
2026-08-01T20:01:33+00:00,MATIC,0.126156,,,coingecko
2026-08-01T20:01:33+00:00,LTC,43.98,,,coingecko
2026-08-01T20:01:51+00:00,BTC,62442.375,,,consenso
2026-08-01T20:01:51+00:00,ETH,1835.025,,,consenso
2026-08-01T20:01:51+00:00,SOL,71.23,,,consenso
2026-08-01T20:01:51+00:00,XRP,1.0518,,,consenso
2026-08-01T20:01:51+00:00,DOGE,0.06842,,,binance
2026-08-01T20:01:51+00:00,BNB,575.23,,,binance
2026-08-01T20:02:36+00:00,BTC,62456.0,,,coingecko
2026-08-01T20:02:36+00:00,ETH,1834.97,,,coingecko
2026-08-01T20:02:36+00:00,SOL,71.2,,,coingecko
2026-08-01T20:02:36+00:00,XRP,1.051,,,coingecko
2026-08-01T20:02:36+00:00,DOGE,0.068412,,,coingecko
2026-08-01T20:02:36+00:00,BNB,575.0,,,coingecko
2026-08-01T20:02:36+00:00,ADA,0.172295,,,coingecko
2026-08-01T20:02:36+00:00,LINK,8.0,,,coingecko
2026-08-01T20:02:36+00:00,AVAX,6.12,,,coingecko
2026-08-01T20:02:36+00:00,DOT,0.770358,,,coingecko
2026-08-01T20:02:36+00:00,MATIC,0.126156,,,coingecko
2026-08-01T20:02:36+00:00,LTC,43.96,,,coingecko
2026-08-01T20:02:34+00:00,BTC,62442.375,,,consenso
2026-08-01T20:02:34+00:00,ETH,1835.025,,,consenso
2026-08-01T20:02:34+00:00,SOL,71.26,,,consenso
2026-08-01T20:02:34+00:00,XRP,1.052,,,consenso
2026-08-01T20:02:34+00:00,DOGE,0.06842,,,binance
2026-08-01T20:02:34+00:00,BNB,575.31,,,binance
2026-08-01T20:03:40+00:00,BTC,62449.0,,,coingecko
2026-08-01T20:03:40+00:00,ETH,1834.77,,,coingecko
2026-08-01T20:03:40+00:00,SOL,71.19,,,coingecko
2026-08-01T20:03:40+00:00,XRP,1.051,,,coingecko
2026-08-01T20:03:40+00:00,DOGE,0.068387,,,coingecko
2026-08-01T20:03:40+00:00,BNB,574.81,,,coingecko
2026-08-01T20:03:40+00:00,ADA,0.172288,,,coingecko
2026-08-01T20:03:40+00:00,LINK,7.99,,,coingecko
2026-08-01T20:03:40+00:00,AVAX,6.11,,,coingecko
2026-08-01T20:03:40+00:00,DOT,0.770346,,,coingecko
2026-08-01T20:03:40+00:00,MATIC,0.126156,,,coingecko
2026-08-01T20:03:40+00:00,LTC,43.96,,,coingecko
2026-08-01T20:07:34+00:00,BTC,62491.0,,,coingecko
2026-08-01T20:07:34+00:00,ETH,1836.03,,,coingecko
2026-08-01T20:07:34+00:00,SOL,71.28,,,coingecko
2026-08-01T20:07:34+00:00,XRP,1.053,,,coingecko
2026-08-01T20:07:34+00:00,DOGE,0.068459,,,coingecko
2026-08-01T20:07:34+00:00,BNB,575.14,,,coingecko
2026-08-01T20:07:34+00:00,ADA,0.172684,,,coingecko
2026-08-01T20:07:34+00:00,LINK,8.0,,,coingecko
2026-08-01T20:07:34+00:00,AVAX,6.12,,,coingecko
2026-08-01T20:07:34+00:00,DOT,0.770188,,,coingecko
2026-08-01T20:07:34+00:00,MATIC,0.126156,,,coingecko
2026-08-01T20:07:34+00:00,LTC,44.0,,,coingecko
2026-08-01T20:08:41+00:00,BTC,62516.0,,,coingecko
2026-08-01T20:08:41+00:00,ETH,1836.81,,,coingecko
2026-08-01T20:08:41+00:00,SOL,71.31,,,coingecko
2026-08-01T20:08:41+00:00,XRP,1.053,,,coingecko
2026-08-01T20:08:41+00:00,DOGE,0.068484,,,coingecko
2026-08-01T20:08:41+00:00,BNB,575.28,,,coingecko
2026-08-01T20:08:41+00:00,ADA,0.172831,,,coingecko
2026-08-01T20:08:41+00:00,LINK,8.0,,,coingecko
2026-08-01T20:08:41+00:00,AVAX,6.12,,,coingecko
2026-08-01T20:08:41+00:00,DOT,0.7705,,,coingecko
2026-08-01T20:08:41+00:00,MATIC,0.126156,,,coingecko
2026-08-01T20:08:41+00:00,LTC,44.0,,,coingecko
2026-08-01T20:09:45+00:00,BTC,62495.0,,,coingecko
2026-08-01T20:09:45+00:00,ETH,1836.25,,,coingecko
2026-08-01T20:09:45+00:00,SOL,71.28,,,coingecko
2026-08-01T20:09:45+00:00,XRP,1.053,,,coingecko
2026-08-01T20:09:45+00:00,DOGE,0.068428,,,coingecko
2026-08-01T20:09:45+00:00,BNB,575.18,,,coingecko
2026-08-01T20:09:45+00:00,ADA,0.172628,,,coingecko
2026-08-01T20:09:45+00:00,LINK,8.0,,,coingecko
2026-08-01T20:09:45+00:00,AVAX,6.12,,,coingecko
2026-08-01T20:09:45+00:00,DOT,0.77048,,,coingecko
2026-08-01T20:09:45+00:00,MATIC,0.126156,,,coingecko
2026-08-01T20:09:45+00:00,LTC,43.97,,,coingecko
2026-08-01T20:10:04+00:00,BTC,62466.455,,,consenso
2026-08-01T20:10:04+00:00,ETH,1834.975,,,consenso
2026-08-01T20:10:04+00:00,SOL,71.26,,,consenso
2026-08-01T20:10:04+00:00,XRP,1.0522,,,consenso
2026-08-01T20:10:04+00:00,DOGE,0.06844,,,binance
2026-08-01T20:10:04+00:00,BNB,575.7,,,binance
2026-08-01T20:10:52+00:00,BTC,62487.0,,,coingecko
2026-08-01T20:10:52+00:00,ETH,1835.51,,,coingecko
2026-08-01T20:10:52+00:00,SOL,71.29,,,coingecko
2026-08-01T20:10:52+00:00,XRP,1.052,,,coingecko
2026-08-01T20:10:52+00:00,DOGE,0.068418,,,coingecko
2026-08-01T20:10:52+00:00,BNB,575.12,,,coingecko
2026-08-01T20:10:52+00:00,ADA,0.172596,,,coingecko
2026-08-01T20:10:52+00:00,LINK,8.0,,,coingecko
2026-08-01T20:10:52+00:00,AVAX,6.12,,,coingecko
2026-08-01T20:10:52+00:00,DOT,0.770122,,,coingecko
2026-08-01T20:10:52+00:00,MATIC,0.126156,,,coingecko
2026-08-01T20:10:52+00:00,LTC,43.97,,,coingecko
2026-08-01T20:11:33+00:00,BTC,62466.455,,,consenso
2026-08-01T20:11:33+00:00,ETH,1834.975,,,consenso
2026-08-01T20:11:33+00:00,SOL,71.33,,,consenso
2026-08-01T20:11:33+00:00,XRP,1.053,,,consenso
2026-08-01T20:11:33+00:00,DOGE,0.06847,,,binance
2026-08-01T20:11:33+00:00,BNB,575.7,,,binance
2026-08-01T20:11:57+00:00,BTC,62490.0,,,coingecko
2026-08-01T20:11:57+00:00,ETH,1835.81,,,coingecko
2026-08-01T20:11:57+00:00,SOL,71.29,,,coingecko
2026-08-01T20:11:57+00:00,XRP,1.052,,,coingecko
2026-08-01T20:11:57+00:00,DOGE,0.068428,,,coingecko
2026-08-01T20:11:57+00:00,BNB,575.22,,,coingecko
2026-08-01T20:11:57+00:00,ADA,0.17259,,,coingecko
2026-08-01T20:11:57+00:00,LINK,8.0,,,coingecko
2026-08-01T20:11:57+00:00,AVAX,6.12,,,coingecko
2026-08-01T20:11:57+00:00,DOT,0.770054,,,coingecko
2026-08-01T20:11:57+00:00,MATIC,0.126156,,,coingecko
2026-08-01T20:11:57+00:00,LTC,43.97,,,coingecko
2026-08-01T20:12:51+00:00,BTC,62466.455,,,consenso
2026-08-01T20:12:51+00:00,ETH,1834.975,,,consenso
2026-08-01T20:12:51+00:00,SOL,71.35,,,consenso
2026-08-01T20:12:51+00:00,XRP,1.0535,,,consenso
2026-08-01T20:12:51+00:00,DOGE,0.0685,,,binance
2026-08-01T20:12:51+00:00,BNB,575.75,,,binance
2026-08-01T20:13:00+00:00,BTC,62499.0,,,coingecko
2026-08-01T20:13:00+00:00,ETH,1835.9,,,coingecko
2026-08-01T20:13:00+00:00,SOL,71.28,,,coingecko
2026-08-01T20:13:00+00:00,XRP,1.052,,,coingecko
2026-08-01T20:13:00+00:00,DOGE,0.068424,,,coingecko
2026-08-01T20:13:00+00:00,BNB,575.27,,,coingecko
2026-08-01T20:13:00+00:00,ADA,0.172664,,,coingecko
2026-08-01T20:13:00+00:00,LINK,8.0,,,coingecko
2026-08-01T20:13:00+00:00,AVAX,6.12,,,coingecko
2026-08-01T20:13:00+00:00,DOT,0.770127,,,coingecko
2026-08-01T20:13:00+00:00,MATIC,0.126156,,,coingecko
2026-08-01T20:13:00+00:00,LTC,43.98,,,coingecko
2026-08-01T20:14:12+00:00,BTC,62499.0,,,coingecko
2026-08-01T20:14:12+00:00,ETH,1835.37,,,coingecko
2026-08-01T20:14:12+00:00,SOL,71.29,,,coingecko
2026-08-01T20:14:12+00:00,XRP,1.053,,,coingecko
2026-08-01T20:14:12+00:00,DOGE,0.068439,,,coingecko
2026-08-01T20:14:12+00:00,BNB,575.27,,,coingecko
2026-08-01T20:14:12+00:00,ADA,0.172605,,,coingecko
2026-08-01T20:14:12+00:00,LINK,8.0,,,coingecko
2026-08-01T20:14:12+00:00,AVAX,6.12,,,coingecko
2026-08-01T20:14:12+00:00,DOT,0.770302,,,coingecko
2026-08-01T20:14:12+00:00,MATIC,0.126156,,,coingecko
2026-08-01T20:14:12+00:00,LTC,43.98,,,coingecko
2026-08-01T20:15:17+00:00,BTC,62507.0,,,coingecko
2026-08-01T20:15:17+00:00,ETH,1836.2,,,coingecko
2026-08-01T20:15:17+00:00,SOL,71.36,,,coingecko
2026-08-01T20:15:17+00:00,XRP,1.053,,,coingecko
2026-08-01T20:15:17+00:00,DOGE,0.068486,,,coingecko
2026-08-01T20:15:17+00:00,BNB,575.35,,,coingecko
2026-08-01T20:15:17+00:00,ADA,0.17276,,,coingecko
2026-08-01T20:15:17+00:00,LINK,8.0,,,coingecko
2026-08-01T20:15:17+00:00,AVAX,6.12,,,coingecko
2026-08-01T20:15:17+00:00,DOT,0.771228,,,coingecko
2026-08-01T20:15:17+00:00,MATIC,0.126156,,,coingecko
2026-08-01T20:15:17+00:00,LTC,44.01,,,coingecko
2026-08-01T20:16:22+00:00,BTC,62510.0,,,coingecko
2026-08-01T20:16:22+00:00,ETH,1836.08,,,coingecko
2026-08-01T20:16:22+00:00,SOL,71.34,,,coingecko
2026-08-01T20:16:22+00:00,XRP,1.053,,,coingecko
2026-08-01T20:16:22+00:00,DOGE,0.06848,,,coingecko
2026-08-01T20:16:22+00:00,BNB,575.21,,,coingecko
2026-08-01T20:16:22+00:00,ADA,0.172716,,,coingecko
2026-08-01T20:16:22+00:00,LINK,8.0,,,coingecko
2026-08-01T20:16:22+00:00,AVAX,6.12,,,coingecko
2026-08-01T20:16:22+00:00,DOT,0.771573,,,coingecko
2026-08-01T20:16:22+00:00,MATIC,0.126156,,,coingecko
2026-08-01T20:16:22+00:00,LTC,44.0,,,coingecko
2026-08-01T20:17:26+00:00,BTC,62512.0,,,coingecko
2026-08-01T20:17:26+00:00,ETH,1836.19,,,coingecko
2026-08-01T20:17:26+00:00,SOL,71.34,,,coingecko
2026-08-01T20:17:26+00:00,XRP,1.053,,,coingecko
2026-08-01T20:17:26+00:00,DOGE,0.068497,,,coingecko
2026-08-01T20:17:26+00:00,BNB,575.17,,,coingecko
2026-08-01T20:17:26+00:00,ADA,0.172712,,,coingecko
2026-08-01T20:17:26+00:00,LINK,8.01,,,coingecko
2026-08-01T20:17:26+00:00,AVAX,6.13,,,coingecko
2026-08-01T20:17:26+00:00,DOT,0.771721,,,coingecko
2026-08-01T20:17:26+00:00,MATIC,0.126156,,,coingecko
2026-08-01T20:17:26+00:00,LTC,43.99,,,coingecko
2026-08-01T20:21:47+00:00,BTC,62539.0,,,coingecko
2026-08-01T20:21:47+00:00,ETH,1837.29,,,coingecko
2026-08-01T20:21:47+00:00,SOL,71.39,,,coingecko
2026-08-01T20:21:47+00:00,XRP,1.054,,,coingecko
2026-08-01T20:21:47+00:00,DOGE,0.068556,,,coingecko
2026-08-01T20:21:47+00:00,BNB,575.21,,,coingecko
2026-08-01T20:21:47+00:00,ADA,0.17291,,,coingecko
2026-08-01T20:21:47+00:00,LINK,8.01,,,coingecko
2026-08-01T20:21:47+00:00,AVAX,6.14,,,coingecko
2026-08-01T20:21:47+00:00,DOT,0.773206,,,coingecko
2026-08-01T20:21:47+00:00,MATIC,0.126156,,,coingecko
2026-08-01T20:21:47+00:00,LTC,44.01,,,coingecko
2026-08-01T20:22:53+00:00,BTC,62555.0,,,coingecko
2026-08-01T20:22:53+00:00,ETH,1837.48,,,coingecko
2026-08-01T20:22:53+00:00,SOL,71.4,,,coingecko
2026-08-01T20:22:53+00:00,XRP,1.054,,,coingecko
2026-08-01T20:22:53+00:00,DOGE,0.068551,,,coingecko
2026-08-01T20:22:53+00:00,BNB,575.21,,,coingecko
2026-08-01T20:22:53+00:00,ADA,0.172917,,,coingecko
2026-08-01T20:22:53+00:00,LINK,8.01,,,coingecko
2026-08-01T20:22:53+00:00,AVAX,6.14,,,coingecko
2026-08-01T20:22:53+00:00,DOT,0.77304,,,coingecko
2026-08-01T20:22:53+00:00,MATIC,0.126156,,,coingecko
2026-08-01T20:22:53+00:00,LTC,44.0,,,coingecko
2026-08-01T20:22:57+00:00,BTC,62555.155,,,consenso
2026-08-01T20:22:57+00:00,ETH,1837.47,,,consenso
2026-08-01T20:22:57+00:00,SOL,71.43,,,consenso
2026-08-01T20:22:57+00:00,XRP,1.0546,,,consenso
2026-08-01T20:22:57+00:00,DOGE,0.0686,,,binance
2026-08-01T20:22:57+00:00,BNB,575.45,,,binance
2026-08-01T20:23:56+00:00,BTC,62576.0,,,coingecko
2026-08-01T20:23:56+00:00,ETH,1837.95,,,coingecko
2026-08-01T20:23:56+00:00,SOL,71.45,,,coingecko
2026-08-01T20:23:56+00:00,XRP,1.055,,,coingecko
2026-08-01T20:23:56+00:00,DOGE,0.068574,,,coingecko
2026-08-01T20:23:56+00:00,BNB,575.14,,,coingecko
2026-08-01T20:23:56+00:00,ADA,0.172912,,,coingecko
2026-08-01T20:23:56+00:00,LINK,8.02,,,coingecko
2026-08-01T20:23:56+00:00,AVAX,6.15,,,coingecko
2026-08-01T20:23:56+00:00,DOT,0.773079,,,coingecko
2026-08-01T20:23:56+00:00,MATIC,0.126156,,,coingecko
2026-08-01T20:23:56+00:00,LTC,44.0,,,coingecko
2026-08-01T20:24:07+00:00,BTC,62555.155,,,consenso
2026-08-01T20:24:07+00:00,ETH,1837.47,,,consenso
2026-08-01T20:24:07+00:00,SOL,71.49,,,consenso
2026-08-01T20:24:07+00:00,XRP,1.0553,,,consenso
2026-08-01T20:24:07+00:00,DOGE,0.06861,,,binance
2026-08-01T20:24:07+00:00,BNB,575.62,,,binance
2026-08-01T20:25:00+00:00,BTC,62566.0,,,coingecko
2026-08-01T20:25:00+00:00,ETH,1837.4,,,coingecko
2026-08-01T20:25:00+00:00,SOL,71.42,,,coingecko
2026-08-01T20:25:00+00:00,XRP,1.055,,,coingecko
2026-08-01T20:25:00+00:00,DOGE,0.068538,,,coingecko
2026-08-01T20:25:00+00:00,BNB,575.08,,,coingecko
2026-08-01T20:25:00+00:00,ADA,0.172808,,,coingecko
2026-08-01T20:25:00+00:00,LINK,8.01,,,coingecko
2026-08-01T20:25:00+00:00,AVAX,6.15,,,coingecko
2026-08-01T20:25:00+00:00,DOT,0.773016,,,coingecko
2026-08-01T20:25:00+00:00,MATIC,0.126156,,,coingecko
2026-08-01T20:25:00+00:00,LTC,43.97,,,coingecko
2026-08-01T20:25:10+00:00,BTC,62555.155,,,consenso
2026-08-01T20:25:10+00:00,ETH,1837.47,,,consenso
2026-08-01T20:25:10+00:00,SOL,71.48,,,consenso
2026-08-01T20:25:10+00:00,XRP,1.0551,,,consenso
2026-08-01T20:25:10+00:00,DOGE,0.06858,,,binance
2026-08-01T20:25:10+00:00,BNB,575.49,,,binance
2026-08-01T20:26:05+00:00,BTC,62568.0,,,coingecko
2026-08-01T20:26:05+00:00,ETH,1837.61,,,coingecko
2026-08-01T20:26:05+00:00,SOL,71.42,,,coingecko
2026-08-01T20:26:05+00:00,XRP,1.054,,,coingecko
2026-08-01T20:26:05+00:00,DOGE,0.068546,,,coingecko
2026-08-01T20:26:05+00:00,BNB,575.11,,,coingecko
2026-08-01T20:26:05+00:00,ADA,0.172693,,,coingecko
2026-08-01T20:26:05+00:00,LINK,8.01,,,coingecko
2026-08-01T20:26:05+00:00,AVAX,6.14,,,coingecko
2026-08-01T20:26:05+00:00,DOT,0.772911,,,coingecko
2026-08-01T20:26:05+00:00,MATIC,0.126156,,,coingecko
2026-08-01T20:26:05+00:00,LTC,43.96,,,coingecko
2026-08-01T20:27:07+00:00,BTC,62560.0,,,coingecko
2026-08-01T20:27:07+00:00,ETH,1837.04,,,coingecko
2026-08-01T20:27:07+00:00,SOL,71.39,,,coingecko
2026-08-01T20:27:07+00:00,XRP,1.054,,,coingecko
2026-08-01T20:27:07+00:00,DOGE,0.068513,,,coingecko
2026-08-01T20:27:07+00:00,BNB,575.01,,,coingecko
2026-08-01T20:27:07+00:00,ADA,0.172533,,,coingecko
2026-08-01T20:27:07+00:00,LINK,8.01,,,coingecko
2026-08-01T20:27:07+00:00,AVAX,6.14,,,coingecko
2026-08-01T20:27:07+00:00,DOT,0.772147,,,coingecko
2026-08-01T20:27:07+00:00,MATIC,0.126156,,,coingecko
2026-08-01T20:27:07+00:00,LTC,43.95,,,coingecko
2026-08-01T20:28:13+00:00,BTC,62553.0,,,coingecko
2026-08-01T20:28:13+00:00,ETH,1836.54,,,coingecko
2026-08-01T20:28:13+00:00,SOL,71.37,,,coingecko
2026-08-01T20:28:13+00:00,XRP,1.054,,,coingecko
2026-08-01T20:28:13+00:00,DOGE,0.068502,,,coingecko
2026-08-01T20:28:13+00:00,BNB,574.87,,,coingecko
2026-08-01T20:28:13+00:00,ADA,0.172672,,,coingecko
2026-08-01T20:28:13+00:00,LINK,8.0,,,coingecko
2026-08-01T20:28:13+00:00,AVAX,6.13,,,coingecko
2026-08-01T20:28:13+00:00,DOT,0.772175,,,coingecko
2026-08-01T20:28:13+00:00,MATIC,0.126156,,,coingecko
2026-08-01T20:28:13+00:00,LTC,43.96,,,coingecko
2026-08-01T20:29:16+00:00,BTC,62557.0,,,coingecko
2026-08-01T20:29:16+00:00,ETH,1836.24,,,coingecko
2026-08-01T20:29:16+00:00,SOL,71.38,,,coingecko
2026-08-01T20:29:16+00:00,XRP,1.054,,,coingecko
2026-08-01T20:29:16+00:00,DOGE,0.06849,,,coingecko
2026-08-01T20:29:16+00:00,BNB,574.98,,,coingecko
2026-08-01T20:29:16+00:00,ADA,0.172533,,,coingecko
2026-08-01T20:29:16+00:00,LINK,8.0,,,coingecko
2026-08-01T20:29:16+00:00,AVAX,6.13,,,coingecko
2026-08-01T20:29:16+00:00,DOT,0.772198,,,coingecko
2026-08-01T20:29:16+00:00,MATIC,0.126156,,,coingecko
2026-08-01T20:29:16+00:00,LTC,43.94,,,coingecko
2026-08-01T20:30:20+00:00,BTC,62561.0,,,coingecko
2026-08-01T20:30:20+00:00,ETH,1836.3,,,coingecko
2026-08-01T20:30:20+00:00,SOL,71.38,,,coingecko
2026-08-01T20:30:20+00:00,XRP,1.054,,,coingecko
2026-08-01T20:30:20+00:00,DOGE,0.068486,,,coingecko
2026-08-01T20:30:20+00:00,BNB,574.92,,,coingecko
2026-08-01T20:30:20+00:00,ADA,0.172423,,,coingecko
2026-08-01T20:30:20+00:00,LINK,8.0,,,coingecko
2026-08-01T20:30:20+00:00,AVAX,6.13,,,coingecko
2026-08-01T20:30:20+00:00,DOT,0.771697,,,coingecko
2026-08-01T20:30:20+00:00,MATIC,0.126156,,,coingecko
2026-08-01T20:30:20+00:00,LTC,43.95,,,coingecko
2026-08-01T20:30:56+00:00,BTC,62560.115,,,consenso
2026-08-01T20:30:56+00:00,ETH,1835.39,,,consenso
2026-08-01T20:30:56+00:00,SOL,71.34,,,consenso
2026-08-01T20:30:56+00:00,XRP,1.05345,,,consenso
2026-08-01T20:30:56+00:00,DOGE,0.06853,,,binance
2026-08-01T20:30:56+00:00,BNB,575.23,,,binance
2026-08-01T20:31:25+00:00,BTC,62565.0,,,coingecko
2026-08-01T20:31:25+00:00,ETH,1836.3,,,coingecko
2026-08-01T20:31:25+00:00,SOL,71.38,,,coingecko
2026-08-01T20:31:25+00:00,XRP,1.054,,,coingecko
2026-08-01T20:31:25+00:00,DOGE,0.068475,,,coingecko
2026-08-01T20:31:25+00:00,BNB,574.91,,,coingecko
2026-08-01T20:31:25+00:00,ADA,0.172334,,,coingecko
2026-08-01T20:31:25+00:00,LINK,8.0,,,coingecko
2026-08-01T20:31:25+00:00,AVAX,6.13,,,coingecko
2026-08-01T20:31:25+00:00,DOT,0.771191,,,coingecko
2026-08-01T20:31:25+00:00,MATIC,0.126156,,,coingecko
2026-08-01T20:31:25+00:00,LTC,43.95,,,coingecko
2026-08-01T20:31:49+00:00,BTC,62560.115,,,consenso
2026-08-01T20:31:49+00:00,ETH,1835.39,,,consenso
2026-08-01T20:31:49+00:00,SOL,71.39,,,consenso
2026-08-01T20:31:49+00:00,XRP,1.0542,,,consenso
2026-08-01T20:31:49+00:00,DOGE,0.06849,,,binance
2026-08-01T20:31:49+00:00,BNB,575.25,,,binance
2026-08-01T20:32:40+00:00,BTC,62560.115,,,consenso
2026-08-01T20:32:40+00:00,ETH,1835.39,,,consenso
2026-08-01T20:32:40+00:00,SOL,71.39,,,consenso
2026-08-01T20:32:40+00:00,XRP,1.054,,,consenso
2026-08-01T20:32:40+00:00,DOGE,0.06846,,,binance
2026-08-01T20:32:40+00:00,BNB,575.15,,,binance
2026-08-01T20:34:55+00:00,BTC,62549.0,,,coingecko
2026-08-01T20:34:55+00:00,ETH,1834.95,,,coingecko
2026-08-01T20:34:55+00:00,SOL,71.37,,,coingecko
2026-08-01T20:34:55+00:00,XRP,1.054,,,coingecko
2026-08-01T20:34:55+00:00,DOGE,0.068465,,,coingecko
2026-08-01T20:34:55+00:00,BNB,574.77,,,coingecko
2026-08-01T20:34:55+00:00,ADA,0.172616,,,coingecko
2026-08-01T20:34:55+00:00,LINK,8.0,,,coingecko
2026-08-01T20:34:55+00:00,AVAX,6.12,,,coingecko
2026-08-01T20:34:55+00:00,DOT,0.769918,,,coingecko
2026-08-01T20:34:55+00:00,MATIC,0.126156,,,coingecko
2026-08-01T20:34:55+00:00,LTC,43.95,,,coingecko
2026-08-01T20:36:04+00:00,BTC,62548.0,,,coingecko
2026-08-01T20:36:04+00:00,ETH,1834.7,,,coingecko
2026-08-01T20:36:04+00:00,SOL,71.39,,,coingecko
2026-08-01T20:36:04+00:00,XRP,1.054,,,coingecko
2026-08-01T20:36:04+00:00,DOGE,0.068478,,,coingecko
2026-08-01T20:36:04+00:00,BNB,574.78,,,coingecko
2026-08-01T20:36:04+00:00,ADA,0.172725,,,coingecko
2026-08-01T20:36:04+00:00,LINK,8.01,,,coingecko
2026-08-01T20:36:04+00:00,AVAX,6.13,,,coingecko
2026-08-01T20:36:04+00:00,DOT,0.770105,,,coingecko
2026-08-01T20:36:04+00:00,MATIC,0.126156,,,coingecko
2026-08-01T20:36:04+00:00,LTC,43.96,,,coingecko
2026-08-01T20:37:08+00:00,BTC,62555.0,,,coingecko
2026-08-01T20:37:08+00:00,ETH,1835.09,,,coingecko
2026-08-01T20:37:08+00:00,SOL,71.42,,,coingecko
2026-08-01T20:37:08+00:00,XRP,1.054,,,coingecko
2026-08-01T20:37:08+00:00,DOGE,0.068495,,,coingecko
2026-08-01T20:37:08+00:00,BNB,574.76,,,coingecko
2026-08-01T20:37:08+00:00,ADA,0.172709,,,coingecko
2026-08-01T20:37:08+00:00,LINK,8.01,,,coingecko
2026-08-01T20:37:08+00:00,AVAX,6.13,,,coingecko
2026-08-01T20:37:08+00:00,DOT,0.770436,,,coingecko
2026-08-01T20:37:08+00:00,MATIC,0.126156,,,coingecko
2026-08-01T20:37:08+00:00,LTC,43.97,,,coingecko
2026-08-01T20:38:12+00:00,BTC,62567.0,,,coingecko
2026-08-01T20:38:12+00:00,ETH,1835.57,,,coingecko
2026-08-01T20:38:12+00:00,SOL,71.44,,,coingecko
2026-08-01T20:38:12+00:00,XRP,1.054,,,coingecko
2026-08-01T20:38:12+00:00,DOGE,0.068512,,,coingecko
2026-08-01T20:38:12+00:00,BNB,574.84,,,coingecko
2026-08-01T20:38:12+00:00,ADA,0.17274,,,coingecko
2026-08-01T20:38:12+00:00,LINK,8.01,,,coingecko
2026-08-01T20:38:12+00:00,AVAX,6.13,,,coingecko
2026-08-01T20:38:12+00:00,DOT,0.770559,,,coingecko
2026-08-01T20:38:12+00:00,MATIC,0.126156,,,coingecko
2026-08-01T20:38:12+00:00,LTC,43.98,,,coingecko
2026-08-01T20:39:16+00:00,BTC,62563.0,,,coingecko
2026-08-01T20:39:16+00:00,ETH,1835.5,,,coingecko
2026-08-01T20:39:16+00:00,SOL,71.46,,,coingecko
2026-08-01T20:39:16+00:00,XRP,1.054,,,coingecko
2026-08-01T20:39:16+00:00,DOGE,0.068526,,,coingecko
2026-08-01T20:39:16+00:00,BNB,574.73,,,coingecko
2026-08-01T20:39:16+00:00,ADA,0.172663,,,coingecko
2026-08-01T20:39:16+00:00,LINK,8.02,,,coingecko
2026-08-01T20:39:16+00:00,AVAX,6.13,,,coingecko
2026-08-01T20:39:16+00:00,DOT,0.770982,,,coingecko
2026-08-01T20:39:16+00:00,MATIC,0.126156,,,coingecko
2026-08-01T20:39:16+00:00,LTC,43.97,,,coingecko
2026-08-01T20:39:37+00:00,BTC,62516.835,,,consenso
2026-08-01T20:39:37+00:00,ETH,1832.095,,,consenso
2026-08-01T20:39:37+00:00,SOL,71.42,,,consenso
2026-08-01T20:39:37+00:00,XRP,1.05285,,,consenso
2026-08-01T20:39:37+00:00,DOGE,0.06851,,,binance
2026-08-01T20:39:37+00:00,BNB,574.87,,,binance
2026-08-01T20:40:20+00:00,BTC,62521.0,,,coingecko
2026-08-01T20:40:20+00:00,ETH,1832.88,,,coingecko
2026-08-01T20:40:20+00:00,SOL,71.42,,,coingecko
2026-08-01T20:40:20+00:00,XRP,1.053,,,coingecko
2026-08-01T20:40:20+00:00,DOGE,0.068491,,,coingecko
2026-08-01T20:40:20+00:00,BNB,574.46,,,coingecko
2026-08-01T20:40:20+00:00,ADA,0.172378,,,coingecko
2026-08-01T20:40:20+00:00,LINK,8.01,,,coingecko
2026-08-01T20:40:20+00:00,AVAX,6.13,,,coingecko
2026-08-01T20:40:20+00:00,DOT,0.769668,,,coingecko
2026-08-01T20:40:20+00:00,MATIC,0.126156,,,coingecko
2026-08-01T20:40:20+00:00,LTC,43.94,,,coingecko
2026-08-01T20:40:53+00:00,BTC,62516.835,,,consenso
2026-08-01T20:40:53+00:00,ETH,1832.095,,,consenso
2026-08-01T20:40:53+00:00,SOL,71.46,,,consenso
2026-08-01T20:40:53+00:00,XRP,1.0543,,,consenso
2026-08-01T20:40:53+00:00,DOGE,0.06855,,,binance
2026-08-01T20:40:53+00:00,BNB,575.0,,,binance
2026-08-01T20:41:27+00:00,BTC,62534.0,,,coingecko
2026-08-01T20:41:27+00:00,ETH,1833.06,,,coingecko
2026-08-01T20:41:27+00:00,SOL,71.39,,,coingecko
2026-08-01T20:41:27+00:00,XRP,1.053,,,coingecko
2026-08-01T20:41:27+00:00,DOGE,0.068487,,,coingecko
2026-08-01T20:41:27+00:00,BNB,574.45,,,coingecko
2026-08-01T20:41:27+00:00,ADA,0.172283,,,coingecko
2026-08-01T20:41:27+00:00,LINK,8.01,,,coingecko
2026-08-01T20:41:27+00:00,AVAX,6.13,,,coingecko
2026-08-01T20:41:27+00:00,DOT,0.769379,,,coingecko
2026-08-01T20:41:27+00:00,MATIC,0.126156,,,coingecko
2026-08-01T20:41:27+00:00,LTC,43.96,,,coingecko
2026-08-01T20:41:52+00:00,BTC,62516.835,,,consenso
2026-08-01T20:41:52+00:00,ETH,1832.095,,,consenso
2026-08-01T20:41:52+00:00,SOL,71.44,,,consenso
2026-08-01T20:41:52+00:00,XRP,1.0541,,,consenso
2026-08-01T20:41:52+00:00,DOGE,0.06851,,,binance
2026-08-01T20:41:52+00:00,BNB,575.14,,,binance
2026-08-01T20:42:32+00:00,BTC,62548.0,,,coingecko
2026-08-01T20:42:32+00:00,ETH,1833.36,,,coingecko
2026-08-01T20:42:32+00:00,SOL,71.41,,,coingecko
2026-08-01T20:42:32+00:00,XRP,1.054,,,coingecko
2026-08-01T20:42:32+00:00,DOGE,0.068497,,,coingecko
2026-08-01T20:42:32+00:00,BNB,574.54,,,coingecko
2026-08-01T20:42:32+00:00,ADA,0.172326,,,coingecko
2026-08-01T20:42:32+00:00,LINK,8.01,,,coingecko
2026-08-01T20:42:32+00:00,AVAX,6.13,,,coingecko
2026-08-01T20:42:32+00:00,DOT,0.76959,,,coingecko
2026-08-01T20:42:32+00:00,MATIC,0.126156,,,coingecko
2026-08-01T20:42:32+00:00,LTC,43.95,,,coingecko
2026-08-01T20:43:35+00:00,BTC,62531.0,,,coingecko
2026-08-01T20:43:35+00:00,ETH,1832.6,,,coingecko
2026-08-01T20:43:35+00:00,SOL,71.4,,,coingecko
2026-08-01T20:43:35+00:00,XRP,1.054,,,coingecko
2026-08-01T20:43:35+00:00,DOGE,0.068484,,,coingecko
2026-08-01T20:43:35+00:00,BNB,574.64,,,coingecko
2026-08-01T20:43:35+00:00,ADA,0.172233,,,coingecko
2026-08-01T20:43:35+00:00,LINK,8.01,,,coingecko
2026-08-01T20:43:35+00:00,AVAX,6.13,,,coingecko
2026-08-01T20:43:35+00:00,DOT,0.769371,,,coingecko
2026-08-01T20:43:35+00:00,MATIC,0.126156,,,coingecko
2026-08-01T20:43:35+00:00,LTC,43.94,,,coingecko
2026-08-01T20:44:38+00:00,BTC,62527.0,,,coingecko
2026-08-01T20:44:38+00:00,ETH,1832.57,,,coingecko
2026-08-01T20:44:38+00:00,SOL,71.4,,,coingecko
2026-08-01T20:44:38+00:00,XRP,1.054,,,coingecko
2026-08-01T20:44:38+00:00,DOGE,0.068491,,,coingecko
2026-08-01T20:44:38+00:00,BNB,574.63,,,coingecko
2026-08-01T20:44:38+00:00,ADA,0.172255,,,coingecko
2026-08-01T20:44:38+00:00,LINK,8.01,,,coingecko
2026-08-01T20:44:38+00:00,AVAX,6.14,,,coingecko
2026-08-01T20:44:38+00:00,DOT,0.769178,,,coingecko
2026-08-01T20:44:38+00:00,MATIC,0.126156,,,coingecko
2026-08-01T20:44:38+00:00,LTC,43.94,,,coingecko
2026-08-01T20:48:11+00:00,BTC,62542.205,,,consenso
2026-08-01T20:48:11+00:00,ETH,1833.165,,,consenso
2026-08-01T20:48:11+00:00,SOL,71.42,,,consenso
2026-08-01T20:48:11+00:00,XRP,1.05438,,,consenso
2026-08-01T20:48:11+00:00,DOGE,0.06856,,,binance
2026-08-01T20:48:11+00:00,BNB,574.97,,,binance
2026-08-01T20:49:13+00:00,BTC,62546.0,,,coingecko
2026-08-01T20:49:13+00:00,ETH,1833.24,,,coingecko
2026-08-01T20:49:13+00:00,SOL,71.4,,,coingecko
2026-08-01T20:49:13+00:00,XRP,1.054,,,coingecko
2026-08-01T20:49:13+00:00,DOGE,0.068502,,,coingecko
2026-08-01T20:49:13+00:00,BNB,574.51,,,coingecko
2026-08-01T20:49:13+00:00,ADA,0.172476,,,coingecko
2026-08-01T20:49:13+00:00,LINK,8.01,,,coingecko
2026-08-01T20:49:13+00:00,AVAX,6.13,,,coingecko
2026-08-01T20:49:13+00:00,DOT,0.770188,,,coingecko
2026-08-01T20:49:13+00:00,MATIC,0.126156,,,coingecko
2026-08-01T20:49:13+00:00,LTC,43.95,,,coingecko
2026-08-01T20:49:40+00:00,BTC,62542.205,,,consenso
2026-08-01T20:49:40+00:00,ETH,1833.165,,,consenso
2026-08-01T20:49:40+00:00,SOL,71.54,,,consenso
2026-08-01T20:49:40+00:00,XRP,1.0556,,,consenso
2026-08-01T20:49:40+00:00,DOGE,0.06864,,,binance
2026-08-01T20:49:40+00:00,BNB,575.26,,,binance
2026-08-01T20:50:18+00:00,BTC,62572.0,,,coingecko
2026-08-01T20:50:18+00:00,ETH,1834.11,,,coingecko
2026-08-01T20:50:18+00:00,SOL,71.46,,,coingecko
2026-08-01T20:50:18+00:00,XRP,1.055,,,coingecko
2026-08-01T20:50:18+00:00,DOGE,0.068537,,,coingecko
2026-08-01T20:50:18+00:00,BNB,574.63,,,coingecko
2026-08-01T20:50:18+00:00,ADA,0.172611,,,coingecko
2026-08-01T20:50:18+00:00,LINK,8.01,,,coingecko
2026-08-01T20:50:18+00:00,AVAX,6.14,,,coingecko
2026-08-01T20:50:18+00:00,DOT,0.771299,,,coingecko
2026-08-01T20:50:18+00:00,MATIC,0.126156,,,coingecko
2026-08-01T20:50:18+00:00,LTC,43.97,,,coingecko
2026-08-01T20:50:38+00:00,BTC,62542.205,,,consenso
2026-08-01T20:50:38+00:00,ETH,1833.165,,,consenso
2026-08-01T20:50:38+00:00,SOL,71.52,,,consenso
2026-08-01T20:50:38+00:00,XRP,1.0558,,,consenso
2026-08-01T20:50:38+00:00,DOGE,0.06864,,,binance
2026-08-01T20:50:38+00:00,BNB,575.22,,,binance
2026-08-01T20:51:22+00:00,BTC,62575.0,,,coingecko
2026-08-01T20:51:22+00:00,ETH,1834.83,,,coingecko
2026-08-01T20:51:22+00:00,SOL,71.47,,,coingecko
2026-08-01T20:51:22+00:00,XRP,1.055,,,coingecko
2026-08-01T20:51:22+00:00,DOGE,0.068568,,,coingecko
2026-08-01T20:51:22+00:00,BNB,574.71,,,coingecko
2026-08-01T20:51:22+00:00,ADA,0.172645,,,coingecko
2026-08-01T20:51:22+00:00,LINK,8.02,,,coingecko
2026-08-01T20:51:22+00:00,AVAX,6.14,,,coingecko
2026-08-01T20:51:22+00:00,DOT,0.771498,,,coingecko
2026-08-01T20:51:22+00:00,MATIC,0.126156,,,coingecko
2026-08-01T20:51:22+00:00,LTC,43.98,,,coingecko
2026-08-01T20:52:26+00:00,BTC,62577.0,,,coingecko
2026-08-01T20:52:26+00:00,ETH,1835.41,,,coingecko
2026-08-01T20:52:26+00:00,SOL,71.46,,,coingecko
2026-08-01T20:52:26+00:00,XRP,1.055,,,coingecko
2026-08-01T20:52:26+00:00,DOGE,0.068568,,,coingecko
2026-08-01T20:52:26+00:00,BNB,574.73,,,coingecko
2026-08-01T20:52:26+00:00,ADA,0.172669,,,coingecko
2026-08-01T20:52:26+00:00,LINK,8.02,,,coingecko
2026-08-01T20:52:26+00:00,AVAX,6.14,,,coingecko
2026-08-01T20:52:26+00:00,DOT,0.771704,,,coingecko
2026-08-01T20:52:26+00:00,MATIC,0.126156,,,coingecko
2026-08-01T20:52:26+00:00,LTC,43.98,,,coingecko
2026-08-01T20:53:30+00:00,BTC,62596.0,,,coingecko
2026-08-01T20:53:30+00:00,ETH,1835.32,,,coingecko
2026-08-01T20:53:30+00:00,SOL,71.45,,,coingecko
2026-08-01T20:53:30+00:00,XRP,1.055,,,coingecko
2026-08-01T20:53:30+00:00,DOGE,0.068584,,,coingecko
2026-08-01T20:53:30+00:00,BNB,574.9,,,coingecko
2026-08-01T20:53:30+00:00,ADA,0.172693,,,coingecko
2026-08-01T20:53:30+00:00,LINK,8.02,,,coingecko
2026-08-01T20:53:30+00:00,AVAX,6.14,,,coingecko
2026-08-01T20:53:30+00:00,DOT,0.771598,,,coingecko
2026-08-01T20:53:30+00:00,MATIC,0.126156,,,coingecko
2026-08-01T20:53:30+00:00,LTC,43.99,,,coingecko
2026-08-01T20:54:33+00:00,BTC,62594.0,,,coingecko
2026-08-01T20:54:33+00:00,ETH,1835.3,,,coingecko
2026-08-01T20:54:33+00:00,SOL,71.44,,,coingecko
2026-08-01T20:54:33+00:00,XRP,1.055,,,coingecko
2026-08-01T20:54:33+00:00,DOGE,0.068555,,,coingecko
2026-08-01T20:54:33+00:00,BNB,574.82,,,coingecko
2026-08-01T20:54:33+00:00,ADA,0.172694,,,coingecko
2026-08-01T20:54:33+00:00,LINK,8.01,,,coingecko
2026-08-01T20:54:33+00:00,AVAX,6.14,,,coingecko
2026-08-01T20:54:33+00:00,DOT,0.771696,,,coingecko
2026-08-01T20:54:33+00:00,MATIC,0.126156,,,coingecko
2026-08-01T20:54:33+00:00,LTC,43.99,,,coingecko
2026-08-01T20:55:38+00:00,BTC,62588.0,,,coingecko
2026-08-01T20:55:38+00:00,ETH,1835.22,,,coingecko
2026-08-01T20:55:38+00:00,SOL,71.44,,,coingecko
2026-08-01T20:55:38+00:00,XRP,1.055,,,coingecko
2026-08-01T20:55:38+00:00,DOGE,0.068548,,,coingecko
2026-08-01T20:55:38+00:00,BNB,574.8,,,coingecko
2026-08-01T20:55:38+00:00,ADA,0.172665,,,coingecko
2026-08-01T20:55:38+00:00,LINK,8.01,,,coingecko
2026-08-01T20:55:38+00:00,AVAX,6.14,,,coingecko
2026-08-01T20:55:38+00:00,DOT,0.771234,,,coingecko
2026-08-01T20:55:38+00:00,MATIC,0.126156,,,coingecko
2026-08-01T20:55:38+00:00,LTC,43.98,,,coingecko
2026-08-01T20:56:35+00:00,BTC,62613.785,,,consenso
2026-08-01T20:56:35+00:00,ETH,1835.745,,,consenso
2026-08-01T20:56:35+00:00,SOL,71.48,,,consenso
2026-08-01T20:56:35+00:00,XRP,1.0546,,,consenso
2026-08-01T20:56:35+00:00,DOGE,0.06865,,,binance
2026-08-01T20:56:35+00:00,BNB,575.31,,,binance
2026-08-01T20:56:42+00:00,BTC,62602.0,,,coingecko
2026-08-01T20:56:42+00:00,ETH,1835.5,,,coingecko
2026-08-01T20:56:42+00:00,SOL,71.46,,,coingecko
2026-08-01T20:56:42+00:00,XRP,1.054,,,coingecko
2026-08-01T20:56:42+00:00,DOGE,0.068564,,,coingecko
2026-08-01T20:56:42+00:00,BNB,574.78,,,coingecko
2026-08-01T20:56:42+00:00,ADA,0.172865,,,coingecko
2026-08-01T20:56:42+00:00,LINK,8.01,,,coingecko
2026-08-01T20:56:42+00:00,AVAX,6.14,,,coingecko
2026-08-01T20:56:42+00:00,DOT,0.77115,,,coingecko
2026-08-01T20:56:42+00:00,MATIC,0.126156,,,coingecko
2026-08-01T20:56:42+00:00,LTC,43.97,,,coingecko
2026-08-01T20:57:40+00:00,BTC,62613.785,,,consenso
2026-08-01T20:57:40+00:00,ETH,1835.745,,,consenso
2026-08-01T20:57:40+00:00,SOL,71.54,,,consenso
2026-08-01T20:57:40+00:00,XRP,1.0555,,,consenso
2026-08-01T20:57:40+00:00,DOGE,0.06866,,,binance
2026-08-01T20:57:40+00:00,BNB,575.43,,,binance
2026-08-01T20:57:45+00:00,BTC,62617.0,,,coingecko
2026-08-01T20:57:45+00:00,ETH,1835.87,,,coingecko
2026-08-01T20:57:45+00:00,SOL,71.48,,,coingecko
2026-08-01T20:57:45+00:00,XRP,1.055,,,coingecko
2026-08-01T20:57:45+00:00,DOGE,0.06859,,,coingecko
2026-08-01T20:57:45+00:00,BNB,574.81,,,coingecko
2026-08-01T20:57:45+00:00,ADA,0.173081,,,coingecko
2026-08-01T20:57:45+00:00,LINK,8.02,,,coingecko
2026-08-01T20:57:45+00:00,AVAX,6.14,,,coingecko
2026-08-01T20:57:45+00:00,DOT,0.771612,,,coingecko
2026-08-01T20:57:45+00:00,MATIC,0.126156,,,coingecko
2026-08-01T20:57:45+00:00,LTC,43.98,,,coingecko
2026-08-01T20:58:35+00:00,BTC,62613.785,,,consenso
2026-08-01T20:58:35+00:00,ETH,1835.745,,,consenso
2026-08-01T20:58:35+00:00,SOL,71.55,,,consenso
2026-08-01T20:58:35+00:00,XRP,1.0555,,,consenso
2026-08-01T20:58:35+00:00,DOGE,0.06865,,,binance
2026-08-01T20:58:35+00:00,BNB,575.43,,,binance
2026-08-01T20:58:48+00:00,BTC,62617.0,,,coingecko
2026-08-01T20:58:48+00:00,ETH,1835.81,,,coingecko
2026-08-01T20:58:48+00:00,SOL,71.49,,,coingecko
2026-08-01T20:58:48+00:00,XRP,1.055,,,coingecko
2026-08-01T20:58:48+00:00,DOGE,0.068594,,,coingecko
2026-08-01T20:58:48+00:00,BNB,574.79,,,coingecko
2026-08-01T20:58:48+00:00,ADA,0.173143,,,coingecko
2026-08-01T20:58:48+00:00,LINK,8.02,,,coingecko
2026-08-01T20:58:48+00:00,AVAX,6.14,,,coingecko
2026-08-01T20:58:48+00:00,DOT,0.771779,,,coingecko
2026-08-01T20:58:48+00:00,MATIC,0.126156,,,coingecko
2026-08-01T20:58:48+00:00,LTC,43.98,,,coingecko
2026-08-01T21:03:10+00:00,BTC,62669.0,,,coingecko
2026-08-01T21:03:10+00:00,ETH,1837.6,,,coingecko
2026-08-01T21:03:10+00:00,SOL,71.65,,,coingecko
2026-08-01T21:03:10+00:00,XRP,1.057,,,coingecko
2026-08-01T21:03:10+00:00,DOGE,0.068703,,,coingecko
2026-08-01T21:03:10+00:00,BNB,575.41,,,coingecko
2026-08-01T21:03:10+00:00,ADA,0.173658,,,coingecko
2026-08-01T21:03:10+00:00,LINK,8.03,,,coingecko
2026-08-01T21:03:10+00:00,AVAX,6.16,,,coingecko
2026-08-01T21:03:10+00:00,DOT,0.774542,,,coingecko
2026-08-01T21:03:10+00:00,MATIC,0.126156,,,coingecko
2026-08-01T21:03:10+00:00,LTC,44.02,,,coingecko
2026-08-01T21:04:16+00:00,BTC,62723.0,,,coingecko
2026-08-01T21:04:16+00:00,ETH,1840.05,,,coingecko
2026-08-01T21:04:16+00:00,SOL,71.67,,,coingecko
2026-08-01T21:04:16+00:00,XRP,1.057,,,coingecko
2026-08-01T21:04:16+00:00,DOGE,0.068839,,,coingecko
2026-08-01T21:04:16+00:00,BNB,575.79,,,coingecko
2026-08-01T21:04:16+00:00,ADA,0.17391,,,coingecko
2026-08-01T21:04:16+00:00,LINK,8.04,,,coingecko
2026-08-01T21:04:16+00:00,AVAX,6.17,,,coingecko
2026-08-01T21:04:16+00:00,DOT,0.775013,,,coingecko
2026-08-01T21:04:16+00:00,MATIC,0.126156,,,coingecko
2026-08-01T21:04:16+00:00,LTC,44.06,,,coingecko
2026-08-01T21:05:20+00:00,BTC,62704.0,,,coingecko
2026-08-01T21:05:20+00:00,ETH,1838.88,,,coingecko
2026-08-01T21:05:20+00:00,SOL,71.64,,,coingecko
2026-08-01T21:05:20+00:00,XRP,1.057,,,coingecko
2026-08-01T21:05:20+00:00,DOGE,0.068833,,,coingecko
2026-08-01T21:05:20+00:00,BNB,575.63,,,coingecko
2026-08-01T21:05:20+00:00,ADA,0.173664,,,coingecko
2026-08-01T21:05:20+00:00,LINK,8.04,,,coingecko
2026-08-01T21:05:20+00:00,AVAX,6.17,,,coingecko
2026-08-01T21:05:20+00:00,DOT,0.774943,,,coingecko
2026-08-01T21:05:20+00:00,MATIC,0.126156,,,coingecko
2026-08-01T21:05:20+00:00,LTC,44.05,,,coingecko
2026-08-01T21:06:23+00:00,BTC,62710.0,,,coingecko
2026-08-01T21:06:23+00:00,ETH,1839.18,,,coingecko
2026-08-01T21:06:23+00:00,SOL,71.65,,,coingecko
2026-08-01T21:06:23+00:00,XRP,1.057,,,coingecko
2026-08-01T21:06:23+00:00,DOGE,0.068841,,,coingecko
2026-08-01T21:06:23+00:00,BNB,575.58,,,coingecko
2026-08-01T21:06:23+00:00,ADA,0.173721,,,coingecko
2026-08-01T21:06:23+00:00,LINK,8.04,,,coingecko
2026-08-01T21:06:23+00:00,AVAX,6.17,,,coingecko
2026-08-01T21:06:23+00:00,DOT,0.774919,,,coingecko
2026-08-01T21:06:23+00:00,MATIC,0.126156,,,coingecko
2026-08-01T21:06:23+00:00,LTC,44.06,,,coingecko
2026-08-01T21:06:22+00:00,BTC,62722.295,,,consenso
2026-08-01T21:06:22+00:00,ETH,1838.855,,,consenso
2026-08-01T21:06:22+00:00,SOL,71.65,,,consenso
2026-08-01T21:06:22+00:00,XRP,1.05725,,,consenso
2026-08-01T21:06:22+00:00,DOGE,0.06896,,,binance
2026-08-01T21:06:22+00:00,BNB,576.12,,,binance
2026-08-01T21:07:27+00:00,BTC,62717.0,,,coingecko
2026-08-01T21:07:27+00:00,ETH,1838.9,,,coingecko
2026-08-01T21:07:27+00:00,SOL,71.64,,,coingecko
2026-08-01T21:07:27+00:00,XRP,1.057,,,coingecko
2026-08-01T21:07:27+00:00,DOGE,0.068879,,,coingecko
2026-08-01T21:07:27+00:00,BNB,575.62,,,coingecko
2026-08-01T21:07:27+00:00,ADA,0.173466,,,coingecko
2026-08-01T21:07:27+00:00,LINK,8.03,,,coingecko
2026-08-01T21:07:27+00:00,AVAX,6.17,,,coingecko
2026-08-01T21:07:27+00:00,DOT,0.775105,,,coingecko
2026-08-01T21:07:27+00:00,MATIC,0.126156,,,coingecko
2026-08-01T21:07:27+00:00,LTC,44.06,,,coingecko
2026-08-01T21:07:44+00:00,BTC,62722.295,,,consenso
2026-08-01T21:07:44+00:00,ETH,1838.855,,,consenso
2026-08-01T21:07:44+00:00,SOL,71.69,,,consenso
2026-08-01T21:07:44+00:00,XRP,1.058,,,consenso
2026-08-01T21:07:44+00:00,DOGE,0.06895,,,binance
2026-08-01T21:07:44+00:00,BNB,575.74,,,binance
2026-08-01T21:08:30+00:00,BTC,62722.0,,,coingecko
2026-08-01T21:08:30+00:00,ETH,1838.55,,,coingecko
2026-08-01T21:08:30+00:00,SOL,71.64,,,coingecko
2026-08-01T21:08:30+00:00,XRP,1.057,,,coingecko
2026-08-01T21:08:30+00:00,DOGE,0.068888,,,coingecko
2026-08-01T21:08:30+00:00,BNB,575.38,,,coingecko
2026-08-01T21:08:30+00:00,ADA,0.173674,,,coingecko
2026-08-01T21:08:30+00:00,LINK,8.03,,,coingecko
2026-08-01T21:08:30+00:00,AVAX,6.17,,,coingecko
2026-08-01T21:08:30+00:00,DOT,0.775261,,,coingecko
2026-08-01T21:08:30+00:00,MATIC,0.126156,,,coingecko
2026-08-01T21:08:30+00:00,LTC,44.06,,,coingecko
2026-08-01T21:08:59+00:00,BTC,62722.295,,,consenso
2026-08-01T21:08:59+00:00,ETH,1838.855,,,consenso
2026-08-01T21:08:59+00:00,SOL,71.66,,,consenso
2026-08-01T21:08:59+00:00,XRP,1.0574,,,consenso
2026-08-01T21:08:59+00:00,DOGE,0.06892,,,binance
2026-08-01T21:08:59+00:00,BNB,575.69,,,binance
2026-08-01T21:09:37+00:00,BTC,62711.0,,,coingecko
2026-08-01T21:09:37+00:00,ETH,1838.56,,,coingecko
2026-08-01T21:09:37+00:00,SOL,71.64,,,coingecko
2026-08-01T21:09:37+00:00,XRP,1.057,,,coingecko
2026-08-01T21:09:37+00:00,DOGE,0.06889,,,coingecko
2026-08-01T21:09:37+00:00,BNB,575.34,,,coingecko
2026-08-01T21:09:37+00:00,ADA,0.173714,,,coingecko
2026-08-01T21:09:37+00:00,LINK,8.03,,,coingecko
2026-08-01T21:09:37+00:00,AVAX,6.17,,,coingecko
2026-08-01T21:09:37+00:00,DOT,0.775151,,,coingecko
2026-08-01T21:09:37+00:00,MATIC,0.126156,,,coingecko
2026-08-01T21:09:37+00:00,LTC,44.05,,,coingecko
2026-08-01T21:10:42+00:00,BTC,62705.0,,,coingecko
2026-08-01T21:10:42+00:00,ETH,1837.84,,,coingecko
2026-08-01T21:10:42+00:00,SOL,71.61,,,coingecko
2026-08-01T21:10:42+00:00,XRP,1.057,,,coingecko
2026-08-01T21:10:42+00:00,DOGE,0.06887,,,coingecko
2026-08-01T21:10:42+00:00,BNB,575.25,,,coingecko
2026-08-01T21:10:42+00:00,ADA,0.173755,,,coingecko
2026-08-01T21:10:42+00:00,LINK,8.03,,,coingecko
2026-08-01T21:10:42+00:00,AVAX,6.16,,,coingecko
2026-08-01T21:10:42+00:00,DOT,0.775025,,,coingecko
2026-08-01T21:10:42+00:00,MATIC,0.126156,,,coingecko
2026-08-01T21:10:42+00:00,LTC,44.03,,,coingecko
2026-08-01T21:11:46+00:00,BTC,62711.0,,,coingecko
2026-08-01T21:11:46+00:00,ETH,1837.91,,,coingecko
2026-08-01T21:11:46+00:00,SOL,71.61,,,coingecko
2026-08-01T21:11:46+00:00,XRP,1.057,,,coingecko
2026-08-01T21:11:46+00:00,DOGE,0.068846,,,coingecko
2026-08-01T21:11:46+00:00,BNB,575.26,,,coingecko
2026-08-01T21:11:46+00:00,ADA,0.173768,,,coingecko
2026-08-01T21:11:46+00:00,LINK,8.04,,,coingecko
2026-08-01T21:11:46+00:00,AVAX,6.16,,,coingecko
2026-08-01T21:11:46+00:00,DOT,0.77558,,,coingecko
2026-08-01T21:11:46+00:00,MATIC,0.126156,,,coingecko
2026-08-01T21:11:46+00:00,LTC,44.03,,,coingecko
2026-08-01T21:12:51+00:00,BTC,62711.0,,,coingecko
2026-08-01T21:12:51+00:00,ETH,1837.94,,,coingecko
2026-08-01T21:12:51+00:00,SOL,71.61,,,coingecko
2026-08-01T21:12:51+00:00,XRP,1.057,,,coingecko
2026-08-01T21:12:51+00:00,DOGE,0.068839,,,coingecko
2026-08-01T21:12:51+00:00,BNB,575.27,,,coingecko
2026-08-01T21:12:51+00:00,ADA,0.173806,,,coingecko
2026-08-01T21:12:51+00:00,LINK,8.04,,,coingecko
2026-08-01T21:12:51+00:00,AVAX,6.16,,,coingecko
2026-08-01T21:12:51+00:00,DOT,0.77578,,,coingecko
2026-08-01T21:12:51+00:00,MATIC,0.126156,,,coingecko
2026-08-01T21:12:51+00:00,LTC,44.03,,,coingecko
2026-08-01T21:18:20+00:00,BTC,62707.0,,,coingecko
2026-08-01T21:18:20+00:00,ETH,1837.36,,,coingecko
2026-08-01T21:18:20+00:00,SOL,71.66,,,coingecko
2026-08-01T21:18:20+00:00,XRP,1.057,,,coingecko
2026-08-01T21:18:20+00:00,DOGE,0.06884,,,coingecko
2026-08-01T21:18:20+00:00,BNB,574.97,,,coingecko
2026-08-01T21:18:20+00:00,ADA,0.173544,,,coingecko
2026-08-01T21:18:20+00:00,LINK,8.04,,,coingecko
2026-08-01T21:18:20+00:00,AVAX,6.17,,,coingecko
2026-08-01T21:18:20+00:00,DOT,0.775957,,,coingecko
2026-08-01T21:18:20+00:00,MATIC,0.126156,,,coingecko
2026-08-01T21:18:20+00:00,LTC,44.05,,,coingecko
2026-08-01T21:19:30+00:00,BTC,62712.0,,,coingecko
2026-08-01T21:19:30+00:00,ETH,1838.18,,,coingecko
2026-08-01T21:19:30+00:00,SOL,71.66,,,coingecko
2026-08-01T21:19:30+00:00,XRP,1.058,,,coingecko
2026-08-01T21:19:30+00:00,DOGE,0.068845,,,coingecko
2026-08-01T21:19:30+00:00,BNB,575.04,,,coingecko
2026-08-01T21:19:30+00:00,ADA,0.173682,,,coingecko
2026-08-01T21:19:30+00:00,LINK,8.04,,,coingecko
2026-08-01T21:19:30+00:00,AVAX,6.17,,,coingecko
2026-08-01T21:19:30+00:00,DOT,0.776172,,,coingecko
2026-08-01T21:19:30+00:00,MATIC,0.126156,,,coingecko
2026-08-01T21:19:30+00:00,LTC,44.05,,,coingecko
2026-08-01T21:20:34+00:00,BTC,62722.0,,,coingecko
2026-08-01T21:20:34+00:00,ETH,1839.23,,,coingecko
2026-08-01T21:20:34+00:00,SOL,71.68,,,coingecko
2026-08-01T21:20:34+00:00,XRP,1.058,,,coingecko
2026-08-01T21:20:34+00:00,DOGE,0.068874,,,coingecko
2026-08-01T21:20:34+00:00,BNB,575.15,,,coingecko
2026-08-01T21:20:34+00:00,ADA,0.173707,,,coingecko
2026-08-01T21:20:34+00:00,LINK,8.05,,,coingecko
2026-08-01T21:20:34+00:00,AVAX,6.17,,,coingecko
2026-08-01T21:20:34+00:00,DOT,0.776565,,,coingecko
2026-08-01T21:20:34+00:00,MATIC,0.126156,,,coingecko
2026-08-01T21:20:34+00:00,LTC,44.08,,,coingecko
2026-08-01T21:20:35+00:00,BTC,62720.005,,,consenso
2026-08-01T21:20:35+00:00,ETH,1840.745,,,consenso
2026-08-01T21:20:35+00:00,SOL,71.715,,,consenso
2026-08-01T21:20:35+00:00,XRP,1.05825,,,consenso
2026-08-01T21:20:35+00:00,DOGE,0.06897,,,binance
2026-08-01T21:20:35+00:00,BNB,575.68,,,binance
2026-08-01T21:21:39+00:00,BTC,62722.0,,,coingecko
2026-08-01T21:21:39+00:00,ETH,1840.29,,,coingecko
2026-08-01T21:21:39+00:00,SOL,71.71,,,coingecko
2026-08-01T21:21:39+00:00,XRP,1.058,,,coingecko
2026-08-01T21:21:39+00:00,DOGE,0.068906,,,coingecko
2026-08-01T21:21:39+00:00,BNB,575.22,,,coingecko
2026-08-01T21:21:39+00:00,ADA,0.173751,,,coingecko
2026-08-01T21:21:39+00:00,LINK,8.05,,,coingecko
2026-08-01T21:21:39+00:00,AVAX,6.18,,,coingecko
2026-08-01T21:21:39+00:00,DOT,0.776859,,,coingecko
2026-08-01T21:21:39+00:00,MATIC,0.126156,,,coingecko
2026-08-01T21:21:39+00:00,LTC,44.09,,,coingecko
2026-08-01T21:21:53+00:00,BTC,62720.005,,,consenso
2026-08-01T21:21:53+00:00,ETH,1840.745,,,consenso
2026-08-01T21:21:53+00:00,SOL,71.73,,,consenso
2026-08-01T21:21:53+00:00,XRP,1.0591,,,consenso
2026-08-01T21:21:53+00:00,DOGE,0.06892,,,binance
2026-08-01T21:21:53+00:00,BNB,575.55,,,binance
2026-08-01T21:22:43+00:00,BTC,62707.0,,,coingecko
2026-08-01T21:22:43+00:00,ETH,1839.33,,,coingecko
2026-08-01T21:22:43+00:00,SOL,71.67,,,coingecko
2026-08-01T21:22:43+00:00,XRP,1.058,,,coingecko
2026-08-01T21:22:43+00:00,DOGE,0.068878,,,coingecko
2026-08-01T21:22:43+00:00,BNB,575.08,,,coingecko
2026-08-01T21:22:43+00:00,ADA,0.173515,,,coingecko
2026-08-01T21:22:43+00:00,LINK,8.04,,,coingecko
2026-08-01T21:22:43+00:00,AVAX,6.17,,,coingecko
2026-08-01T21:22:43+00:00,DOT,0.776395,,,coingecko
2026-08-01T21:22:43+00:00,MATIC,0.126156,,,coingecko
2026-08-01T21:22:43+00:00,LTC,44.06,,,coingecko
2026-08-01T21:22:51+00:00,BTC,62720.005,,,consenso
2026-08-01T21:22:51+00:00,ETH,1840.745,,,consenso
2026-08-01T21:22:51+00:00,SOL,71.69,,,consenso
2026-08-01T21:22:51+00:00,XRP,1.0592,,,consenso
2026-08-01T21:22:51+00:00,DOGE,0.06893,,,binance
2026-08-01T21:22:51+00:00,BNB,575.46,,,binance
2026-08-01T21:23:46+00:00,BTC,62704.0,,,coingecko
2026-08-01T21:23:46+00:00,ETH,1839.43,,,coingecko
2026-08-01T21:23:46+00:00,SOL,71.66,,,coingecko
2026-08-01T21:23:46+00:00,XRP,1.058,,,coingecko
2026-08-01T21:23:46+00:00,DOGE,0.068872,,,coingecko
2026-08-01T21:23:46+00:00,BNB,575.03,,,coingecko
2026-08-01T21:23:46+00:00,ADA,0.173472,,,coingecko
2026-08-01T21:23:46+00:00,LINK,8.04,,,coingecko
2026-08-01T21:23:46+00:00,AVAX,6.17,,,coingecko
2026-08-01T21:23:46+00:00,DOT,0.776483,,,coingecko
2026-08-01T21:23:46+00:00,MATIC,0.126156,,,coingecko
2026-08-01T21:23:46+00:00,LTC,44.05,,,coingecko
2026-08-01T21:24:51+00:00,BTC,62707.0,,,coingecko
2026-08-01T21:24:51+00:00,ETH,1839.95,,,coingecko
2026-08-01T21:24:51+00:00,SOL,71.65,,,coingecko
2026-08-01T21:24:51+00:00,XRP,1.058,,,coingecko
2026-08-01T21:24:51+00:00,DOGE,0.068871,,,coingecko
2026-08-01T21:24:51+00:00,BNB,574.98,,,coingecko
2026-08-01T21:24:51+00:00,ADA,0.173402,,,coingecko
2026-08-01T21:24:51+00:00,LINK,8.04,,,coingecko
2026-08-01T21:24:51+00:00,AVAX,6.17,,,coingecko
2026-08-01T21:24:51+00:00,DOT,0.77653,,,coingecko
2026-08-01T21:24:51+00:00,MATIC,0.126156,,,coingecko
2026-08-01T21:24:51+00:00,LTC,44.05,,,coingecko
2026-08-01T21:25:55+00:00,BTC,62708.0,,,coingecko
2026-08-01T21:25:55+00:00,ETH,1840.54,,,coingecko
2026-08-01T21:25:55+00:00,SOL,71.62,,,coingecko
2026-08-01T21:25:55+00:00,XRP,1.058,,,coingecko
2026-08-01T21:25:55+00:00,DOGE,0.068877,,,coingecko
2026-08-01T21:25:55+00:00,BNB,574.97,,,coingecko
2026-08-01T21:25:55+00:00,ADA,0.173381,,,coingecko
2026-08-01T21:25:55+00:00,LINK,8.04,,,coingecko
2026-08-01T21:25:55+00:00,AVAX,6.17,,,coingecko
2026-08-01T21:25:55+00:00,DOT,0.775776,,,coingecko
2026-08-01T21:25:55+00:00,MATIC,0.126156,,,coingecko
2026-08-01T21:25:55+00:00,LTC,44.04,,,coingecko
2026-08-01T21:26:58+00:00,BTC,62705.0,,,coingecko
2026-08-01T21:26:58+00:00,ETH,1840.14,,,coingecko
2026-08-01T21:26:58+00:00,SOL,71.58,,,coingecko
2026-08-01T21:26:58+00:00,XRP,1.058,,,coingecko
2026-08-01T21:26:58+00:00,DOGE,0.068844,,,coingecko
2026-08-01T21:26:58+00:00,BNB,574.72,,,coingecko
2026-08-01T21:26:58+00:00,ADA,0.173368,,,coingecko
2026-08-01T21:26:58+00:00,LINK,8.03,,,coingecko
2026-08-01T21:26:58+00:00,AVAX,6.17,,,coingecko
2026-08-01T21:26:58+00:00,DOT,0.775614,,,coingecko
2026-08-01T21:26:58+00:00,MATIC,0.126156,,,coingecko
2026-08-01T21:26:58+00:00,LTC,44.02,,,coingecko
2026-08-01T21:28:01+00:00,BTC,62704.0,,,coingecko
2026-08-01T21:28:01+00:00,ETH,1840.04,,,coingecko
2026-08-01T21:28:01+00:00,SOL,71.57,,,coingecko
2026-08-01T21:28:01+00:00,XRP,1.057,,,coingecko
2026-08-01T21:28:01+00:00,DOGE,0.06885,,,coingecko
2026-08-01T21:28:01+00:00,BNB,574.7,,,coingecko
2026-08-01T21:28:01+00:00,ADA,0.173312,,,coingecko
2026-08-01T21:28:01+00:00,LINK,8.03,,,coingecko
2026-08-01T21:28:01+00:00,AVAX,6.17,,,coingecko
2026-08-01T21:28:01+00:00,DOT,0.775292,,,coingecko
2026-08-01T21:28:01+00:00,MATIC,0.126156,,,coingecko
2026-08-01T21:28:01+00:00,LTC,44.02,,,coingecko
2026-08-01T21:28:49+00:00,BTC,62711.965,,,consenso
2026-08-01T21:28:49+00:00,ETH,1840.17,,,consenso
2026-08-01T21:28:49+00:00,SOL,71.595,,,consenso
2026-08-01T21:28:49+00:00,XRP,1.05746,,,consenso
2026-08-01T21:28:49+00:00,DOGE,0.06895,,,binance
2026-08-01T21:28:49+00:00,BNB,575.31,,,binance
2026-08-01T21:30:04+00:00,BTC,62711.965,,,consenso
2026-08-01T21:30:04+00:00,ETH,1840.17,,,consenso
2026-08-01T21:30:04+00:00,SOL,71.7,,,consenso
2026-08-01T21:30:04+00:00,XRP,1.0583,,,consenso
2026-08-01T21:30:04+00:00,DOGE,0.06899,,,binance
2026-08-01T21:30:04+00:00,BNB,575.55,,,binance
2026-08-01T21:31:14+00:00,BTC,62711.965,,,consenso
2026-08-01T21:31:14+00:00,ETH,1840.17,,,consenso
2026-08-01T21:31:14+00:00,SOL,71.7,,,consenso
2026-08-01T21:31:14+00:00,XRP,1.0583,,,consenso
2026-08-01T21:31:14+00:00,DOGE,0.06899,,,binance
2026-08-01T21:31:14+00:00,BNB,575.56,,,binance
2026-08-01T21:31:47+00:00,BTC,62740.0,,,coingecko
2026-08-01T21:31:47+00:00,ETH,1841.17,,,coingecko
2026-08-01T21:31:47+00:00,SOL,71.64,,,coingecko
2026-08-01T21:31:47+00:00,XRP,1.058,,,coingecko
2026-08-01T21:31:47+00:00,DOGE,0.068933,,,coingecko
2026-08-01T21:31:47+00:00,BNB,575.03,,,coingecko
2026-08-01T21:31:47+00:00,ADA,0.173305,,,coingecko
2026-08-01T21:31:47+00:00,LINK,8.04,,,coingecko
2026-08-01T21:31:47+00:00,AVAX,6.17,,,coingecko
2026-08-01T21:31:47+00:00,DOT,0.775769,,,coingecko
2026-08-01T21:31:47+00:00,MATIC,0.126156,,,coingecko
2026-08-01T21:31:47+00:00,LTC,44.07,,,coingecko
2026-08-01T21:32:52+00:00,BTC,62735.0,,,coingecko
2026-08-01T21:32:52+00:00,ETH,1840.72,,,coingecko
2026-08-01T21:32:52+00:00,SOL,71.64,,,coingecko
2026-08-01T21:32:52+00:00,XRP,1.058,,,coingecko
2026-08-01T21:32:52+00:00,DOGE,0.068941,,,coingecko
2026-08-01T21:32:52+00:00,BNB,575.04,,,coingecko
2026-08-01T21:32:52+00:00,ADA,0.17335,,,coingecko
2026-08-01T21:32:52+00:00,LINK,8.04,,,coingecko
2026-08-01T21:32:52+00:00,AVAX,6.17,,,coingecko
2026-08-01T21:32:52+00:00,DOT,0.775903,,,coingecko
2026-08-01T21:32:52+00:00,MATIC,0.126156,,,coingecko
2026-08-01T21:32:52+00:00,LTC,44.08,,,coingecko
2026-08-01T21:33:55+00:00,BTC,62741.0,,,coingecko
2026-08-01T21:33:55+00:00,ETH,1841.55,,,coingecko
2026-08-01T21:33:55+00:00,SOL,71.66,,,coingecko
2026-08-01T21:33:55+00:00,XRP,1.058,,,coingecko
2026-08-01T21:33:55+00:00,DOGE,0.06897,,,coingecko
2026-08-01T21:33:55+00:00,BNB,575.12,,,coingecko
2026-08-01T21:33:55+00:00,ADA,0.173525,,,coingecko
2026-08-01T21:33:55+00:00,LINK,8.04,,,coingecko
2026-08-01T21:33:55+00:00,AVAX,6.17,,,coingecko
2026-08-01T21:33:55+00:00,DOT,0.775989,,,coingecko
2026-08-01T21:33:55+00:00,MATIC,0.126156,,,coingecko
2026-08-01T21:33:55+00:00,LTC,44.08,,,coingecko
2026-08-01T21:34:58+00:00,BTC,62737.0,,,coingecko
2026-08-01T21:34:58+00:00,ETH,1841.56,,,coingecko
2026-08-01T21:34:58+00:00,SOL,71.67,,,coingecko
2026-08-01T21:34:58+00:00,XRP,1.058,,,coingecko
2026-08-01T21:34:58+00:00,DOGE,0.06898,,,coingecko
2026-08-01T21:34:58+00:00,BNB,575.15,,,coingecko
2026-08-01T21:34:58+00:00,ADA,0.173689,,,coingecko
2026-08-01T21:34:58+00:00,LINK,8.04,,,coingecko
2026-08-01T21:34:58+00:00,AVAX,6.17,,,coingecko
2026-08-01T21:34:58+00:00,DOT,0.77601,,,coingecko
2026-08-01T21:34:58+00:00,MATIC,0.126156,,,coingecko
2026-08-01T21:34:58+00:00,LTC,44.09,,,coingecko
2026-08-01T21:36:02+00:00,BTC,62771.0,,,coingecko
2026-08-01T21:36:02+00:00,ETH,1842.65,,,coingecko
2026-08-01T21:36:02+00:00,SOL,71.7,,,coingecko
2026-08-01T21:36:02+00:00,XRP,1.058,,,coingecko
2026-08-01T21:36:02+00:00,DOGE,0.069063,,,coingecko
2026-08-01T21:36:02+00:00,BNB,575.29,,,coingecko
2026-08-01T21:36:02+00:00,ADA,0.173898,,,coingecko
2026-08-01T21:36:02+00:00,LINK,8.05,,,coingecko
2026-08-01T21:36:02+00:00,AVAX,6.18,,,coingecko
2026-08-01T21:36:02+00:00,DOT,0.776425,,,coingecko
2026-08-01T21:36:02+00:00,MATIC,0.126156,,,coingecko
2026-08-01T21:36:02+00:00,LTC,44.1,,,coingecko
2026-08-01T21:37:06+00:00,BTC,62771.0,,,coingecko
2026-08-01T21:37:06+00:00,ETH,1842.73,,,coingecko
2026-08-01T21:37:06+00:00,SOL,71.72,,,coingecko
2026-08-01T21:37:06+00:00,XRP,1.058,,,coingecko
2026-08-01T21:37:06+00:00,DOGE,0.069148,,,coingecko
2026-08-01T21:37:06+00:00,BNB,575.16,,,coingecko
2026-08-01T21:37:06+00:00,ADA,0.174054,,,coingecko
2026-08-01T21:37:06+00:00,LINK,8.05,,,coingecko
2026-08-01T21:37:06+00:00,AVAX,6.18,,,coingecko
2026-08-01T21:37:06+00:00,DOT,0.776638,,,coingecko
2026-08-01T21:37:06+00:00,MATIC,0.126156,,,coingecko
2026-08-01T21:37:06+00:00,LTC,44.11,,,coingecko
2026-08-01T21:37:28+00:00,BTC,62730.005,,,consenso
2026-08-01T21:37:28+00:00,ETH,1841.845,,,consenso
2026-08-01T21:37:28+00:00,SOL,71.68,,,consenso
2026-08-01T21:37:28+00:00,XRP,1.0578,,,consenso
2026-08-01T21:37:28+00:00,DOGE,0.06918,,,binance
2026-08-01T21:37:28+00:00,BNB,575.35,,,binance
2026-08-01T21:38:14+00:00,BTC,62745.0,,,coingecko
2026-08-01T21:38:14+00:00,ETH,1842.28,,,coingecko
2026-08-01T21:38:14+00:00,SOL,71.7,,,coingecko
2026-08-01T21:38:14+00:00,XRP,1.058,,,coingecko
2026-08-01T21:38:14+00:00,DOGE,0.069126,,,coingecko
2026-08-01T21:38:14+00:00,BNB,575.0,,,coingecko
2026-08-01T21:38:14+00:00,ADA,0.173919,,,coingecko
2026-08-01T21:38:14+00:00,LINK,8.04,,,coingecko
2026-08-01T21:38:14+00:00,AVAX,6.18,,,coingecko
2026-08-01T21:38:14+00:00,DOT,0.776152,,,coingecko
2026-08-01T21:38:14+00:00,MATIC,0.126156,,,coingecko
2026-08-01T21:38:14+00:00,LTC,44.06,,,coingecko
2026-08-01T21:38:28+00:00,BTC,62730.005,,,consenso
2026-08-01T21:38:28+00:00,ETH,1841.845,,,consenso
2026-08-01T21:38:28+00:00,SOL,71.76,,,consenso
2026-08-01T21:38:28+00:00,XRP,1.0589,,,consenso
2026-08-01T21:38:28+00:00,DOGE,0.06917,,,binance
2026-08-01T21:38:28+00:00,BNB,575.34,,,binance
2026-08-01T21:39:16+00:00,BTC,62744.0,,,coingecko
2026-08-01T21:39:16+00:00,ETH,1841.88,,,coingecko
2026-08-01T21:39:16+00:00,SOL,71.69,,,coingecko
2026-08-01T21:39:16+00:00,XRP,1.058,,,coingecko
2026-08-01T21:39:16+00:00,DOGE,0.069113,,,coingecko
2026-08-01T21:39:16+00:00,BNB,574.9,,,coingecko
2026-08-01T21:39:16+00:00,ADA,0.173922,,,coingecko
2026-08-01T21:39:16+00:00,LINK,8.04,,,coingecko
2026-08-01T21:39:16+00:00,AVAX,6.17,,,coingecko
2026-08-01T21:39:16+00:00,DOT,0.77591,,,coingecko
2026-08-01T21:39:16+00:00,MATIC,0.126156,,,coingecko
2026-08-01T21:39:16+00:00,LTC,44.06,,,coingecko
2026-08-01T21:39:23+00:00,BTC,62730.005,,,consenso
2026-08-01T21:39:23+00:00,ETH,1841.845,,,consenso
2026-08-01T21:39:23+00:00,SOL,71.76,,,consenso
2026-08-01T21:39:23+00:00,XRP,1.059,,,consenso
2026-08-01T21:39:23+00:00,DOGE,0.06913,,,binance
2026-08-01T21:39:23+00:00,BNB,575.35,,,binance
2026-08-01T21:40:20+00:00,BTC,62749.0,,,coingecko
2026-08-01T21:40:20+00:00,ETH,1842.17,,,coingecko
2026-08-01T21:40:20+00:00,SOL,71.71,,,coingecko
2026-08-01T21:40:20+00:00,XRP,1.058,,,coingecko
2026-08-01T21:40:20+00:00,DOGE,0.069105,,,coingecko
2026-08-01T21:40:20+00:00,BNB,574.9,,,coingecko
2026-08-01T21:40:20+00:00,ADA,0.173924,,,coingecko
2026-08-01T21:40:20+00:00,LINK,8.05,,,coingecko
2026-08-01T21:40:20+00:00,AVAX,6.17,,,coingecko
2026-08-01T21:40:20+00:00,DOT,0.776197,,,coingecko
2026-08-01T21:40:20+00:00,MATIC,0.126156,,,coingecko
2026-08-01T21:40:20+00:00,LTC,44.05,,,coingecko
2026-08-01T21:41:25+00:00,BTC,62740.0,,,coingecko
2026-08-01T21:41:25+00:00,ETH,1842.06,,,coingecko
2026-08-01T21:41:25+00:00,SOL,71.69,,,coingecko
2026-08-01T21:41:25+00:00,XRP,1.058,,,coingecko
2026-08-01T21:41:25+00:00,DOGE,0.069072,,,coingecko
2026-08-01T21:41:25+00:00,BNB,574.89,,,coingecko
2026-08-01T21:41:25+00:00,ADA,0.174003,,,coingecko
2026-08-01T21:41:25+00:00,LINK,8.05,,,coingecko
2026-08-01T21:41:25+00:00,AVAX,6.18,,,coingecko
2026-08-01T21:41:25+00:00,DOT,0.776225,,,coingecko
2026-08-01T21:41:25+00:00,MATIC,0.126156,,,coingecko
2026-08-01T21:41:25+00:00,LTC,44.05,,,coingecko
2026-08-01T21:45:21+00:00,BTC,62731.0,,,coingecko
2026-08-01T21:45:21+00:00,ETH,1842.45,,,coingecko
2026-08-01T21:45:21+00:00,SOL,71.72,,,coingecko
2026-08-01T21:45:21+00:00,XRP,1.059,,,coingecko
2026-08-01T21:45:21+00:00,DOGE,0.069115,,,coingecko
2026-08-01T21:45:21+00:00,BNB,575.07,,,coingecko
2026-08-01T21:45:21+00:00,ADA,0.173693,,,coingecko
2026-08-01T21:45:21+00:00,LINK,8.05,,,coingecko
2026-08-01T21:45:21+00:00,AVAX,6.18,,,coingecko
2026-08-01T21:45:21+00:00,DOT,0.776547,,,coingecko
2026-08-01T21:45:21+00:00,MATIC,0.126156,,,coingecko
2026-08-01T21:45:21+00:00,LTC,44.06,,,coingecko
2026-08-01T21:46:28+00:00,BTC,62746.0,,,coingecko
2026-08-01T21:46:28+00:00,ETH,1842.94,,,coingecko
2026-08-01T21:46:28+00:00,SOL,71.73,,,coingecko
2026-08-01T21:46:28+00:00,XRP,1.06,,,coingecko
2026-08-01T21:46:28+00:00,DOGE,0.069119,,,coingecko
2026-08-01T21:46:28+00:00,BNB,575.13,,,coingecko
2026-08-01T21:46:28+00:00,ADA,0.173699,,,coingecko
2026-08-01T21:46:28+00:00,LINK,8.05,,,coingecko
2026-08-01T21:46:28+00:00,AVAX,6.18,,,coingecko
2026-08-01T21:46:28+00:00,DOT,0.776595,,,coingecko
2026-08-01T21:46:28+00:00,MATIC,0.126156,,,coingecko
2026-08-01T21:46:28+00:00,LTC,44.07,,,coingecko
2026-08-01T21:47:03+00:00,BTC,62760.275,,,consenso
2026-08-01T21:47:03+00:00,ETH,1843.815,,,consenso
2026-08-01T21:47:03+00:00,SOL,71.76,,,consenso
2026-08-01T21:47:03+00:00,XRP,1.0598,,,consenso
2026-08-01T21:47:03+00:00,DOGE,0.0692,,,binance
2026-08-01T21:47:03+00:00,BNB,575.69,,,binance
2026-08-01T21:47:32+00:00,BTC,62751.0,,,coingecko
2026-08-01T21:47:32+00:00,ETH,1843.05,,,coingecko
2026-08-01T21:47:32+00:00,SOL,71.74,,,coingecko
2026-08-01T21:47:32+00:00,XRP,1.06,,,coingecko
2026-08-01T21:47:32+00:00,DOGE,0.069116,,,coingecko
2026-08-01T21:47:32+00:00,BNB,575.16,,,coingecko
2026-08-01T21:47:32+00:00,ADA,0.173717,,,coingecko
2026-08-01T21:47:32+00:00,LINK,8.05,,,coingecko
2026-08-01T21:47:32+00:00,AVAX,6.18,,,coingecko
2026-08-01T21:47:32+00:00,DOT,0.776591,,,coingecko
2026-08-01T21:47:32+00:00,MATIC,0.126156,,,coingecko
2026-08-01T21:47:32+00:00,LTC,44.07,,,coingecko
2026-08-01T21:48:01+00:00,BTC,62760.275,,,consenso
2026-08-01T21:48:01+00:00,ETH,1843.815,,,consenso
2026-08-01T21:48:01+00:00,SOL,71.83,,,consenso
2026-08-01T21:48:01+00:00,XRP,1.0607,,,consenso
2026-08-01T21:48:01+00:00,DOGE,0.06917,,,binance
2026-08-01T21:48:01+00:00,BNB,575.62,,,binance
2026-08-01T21:48:35+00:00,BTC,62764.0,,,coingecko
2026-08-01T21:48:35+00:00,ETH,1843.72,,,coingecko
2026-08-01T21:48:35+00:00,SOL,71.77,,,coingecko
2026-08-01T21:48:35+00:00,XRP,1.06,,,coingecko
2026-08-01T21:48:35+00:00,DOGE,0.069156,,,coingecko
2026-08-01T21:48:35+00:00,BNB,575.22,,,coingecko
2026-08-01T21:48:35+00:00,ADA,0.173835,,,coingecko
2026-08-01T21:48:35+00:00,LINK,8.05,,,coingecko
2026-08-01T21:48:35+00:00,AVAX,6.19,,,coingecko
2026-08-01T21:48:35+00:00,DOT,0.777603,,,coingecko
2026-08-01T21:48:35+00:00,MATIC,0.126156,,,coingecko
2026-08-01T21:48:35+00:00,LTC,44.07,,,coingecko
2026-08-01T21:48:53+00:00,BTC,62760.275,,,consenso
2026-08-01T21:48:53+00:00,ETH,1843.815,,,consenso
2026-08-01T21:48:53+00:00,SOL,71.84,,,consenso
2026-08-01T21:48:53+00:00,XRP,1.0608,,,consenso
2026-08-01T21:48:53+00:00,DOGE,0.06916,,,binance
2026-08-01T21:48:53+00:00,BNB,575.65,,,binance
2026-08-01T21:49:38+00:00,BTC,62767.0,,,coingecko
2026-08-01T21:49:38+00:00,ETH,1843.29,,,coingecko
2026-08-01T21:49:38+00:00,SOL,71.77,,,coingecko
2026-08-01T21:49:38+00:00,XRP,1.06,,,coingecko
2026-08-01T21:49:38+00:00,DOGE,0.069123,,,coingecko
2026-08-01T21:49:38+00:00,BNB,575.19,,,coingecko
2026-08-01T21:49:38+00:00,ADA,0.173852,,,coingecko
2026-08-01T21:49:38+00:00,LINK,8.06,,,coingecko
2026-08-01T21:49:38+00:00,AVAX,6.19,,,coingecko
2026-08-01T21:49:38+00:00,DOT,0.777748,,,coingecko
2026-08-01T21:49:38+00:00,MATIC,0.126156,,,coingecko
2026-08-01T21:49:38+00:00,LTC,44.07,,,coingecko
2026-08-01T21:50:42+00:00,BTC,62770.0,,,coingecko
2026-08-01T21:50:42+00:00,ETH,1843.3,,,coingecko
2026-08-01T21:50:42+00:00,SOL,71.77,,,coingecko
2026-08-01T21:50:42+00:00,XRP,1.06,,,coingecko
2026-08-01T21:50:42+00:00,DOGE,0.069119,,,coingecko
2026-08-01T21:50:42+00:00,BNB,575.17,,,coingecko
2026-08-01T21:50:42+00:00,ADA,0.173937,,,coingecko
2026-08-01T21:50:42+00:00,LINK,8.05,,,coingecko
2026-08-01T21:50:42+00:00,AVAX,6.18,,,coingecko
2026-08-01T21:50:42+00:00,DOT,0.777984,,,coingecko
2026-08-01T21:50:42+00:00,MATIC,0.126156,,,coingecko
2026-08-01T21:50:42+00:00,LTC,44.07,,,coingecko
2026-08-01T21:51:49+00:00,BTC,62768.0,,,coingecko
2026-08-01T21:51:49+00:00,ETH,1843.65,,,coingecko
2026-08-01T21:51:49+00:00,SOL,71.77,,,coingecko
2026-08-01T21:51:49+00:00,XRP,1.06,,,coingecko
2026-08-01T21:51:49+00:00,DOGE,0.069123,,,coingecko
2026-08-01T21:51:49+00:00,BNB,575.21,,,coingecko
2026-08-01T21:51:49+00:00,ADA,0.173953,,,coingecko
2026-08-01T21:51:49+00:00,LINK,8.05,,,coingecko
2026-08-01T21:51:49+00:00,AVAX,6.18,,,coingecko
2026-08-01T21:51:49+00:00,DOT,0.777798,,,coingecko
2026-08-01T21:51:49+00:00,MATIC,0.126156,,,coingecko
2026-08-01T21:51:49+00:00,LTC,44.09,,,coingecko
2026-08-01T21:52:52+00:00,BTC,62767.0,,,coingecko
2026-08-01T21:52:52+00:00,ETH,1843.48,,,coingecko
2026-08-01T21:52:52+00:00,SOL,71.78,,,coingecko
2026-08-01T21:52:52+00:00,XRP,1.06,,,coingecko
2026-08-01T21:52:52+00:00,DOGE,0.069114,,,coingecko
2026-08-01T21:52:52+00:00,BNB,575.21,,,coingecko
2026-08-01T21:52:52+00:00,ADA,0.173879,,,coingecko
2026-08-01T21:52:52+00:00,LINK,8.06,,,coingecko
2026-08-01T21:52:52+00:00,AVAX,6.18,,,coingecko
2026-08-01T21:52:52+00:00,DOT,0.778437,,,coingecko
2026-08-01T21:52:52+00:00,MATIC,0.126156,,,coingecko
2026-08-01T21:52:52+00:00,LTC,44.09,,,coingecko
2026-08-01T21:53:55+00:00,BTC,62774.0,,,coingecko
2026-08-01T21:53:55+00:00,ETH,1843.51,,,coingecko
2026-08-01T21:53:55+00:00,SOL,71.78,,,coingecko
2026-08-01T21:53:55+00:00,XRP,1.06,,,coingecko
2026-08-01T21:53:55+00:00,DOGE,0.0691,,,coingecko
2026-08-01T21:53:55+00:00,BNB,575.23,,,coingecko
2026-08-01T21:53:55+00:00,ADA,0.173856,,,coingecko
2026-08-01T21:53:55+00:00,LINK,8.06,,,coingecko
2026-08-01T21:53:55+00:00,AVAX,6.18,,,coingecko
2026-08-01T21:53:55+00:00,DOT,0.778376,,,coingecko
2026-08-01T21:53:55+00:00,MATIC,0.126156,,,coingecko
2026-08-01T21:53:55+00:00,LTC,44.09,,,coingecko
2026-08-01T21:54:58+00:00,BTC,62765.0,,,coingecko
2026-08-01T21:54:58+00:00,ETH,1843.47,,,coingecko
2026-08-01T21:54:58+00:00,SOL,71.77,,,coingecko
2026-08-01T21:54:58+00:00,XRP,1.059,,,coingecko
2026-08-01T21:54:58+00:00,DOGE,0.069081,,,coingecko
2026-08-01T21:54:58+00:00,BNB,575.28,,,coingecko
2026-08-01T21:54:58+00:00,ADA,0.173514,,,coingecko
2026-08-01T21:54:58+00:00,LINK,8.05,,,coingecko
2026-08-01T21:54:58+00:00,AVAX,6.18,,,coingecko
2026-08-01T21:54:58+00:00,DOT,0.778093,,,coingecko
2026-08-01T21:54:58+00:00,MATIC,0.126156,,,coingecko
2026-08-01T21:54:58+00:00,LTC,44.09,,,coingecko
2026-08-01T21:54:58+00:00,BTC,62742.155,,,consenso
2026-08-01T21:54:58+00:00,ETH,1842.525,,,consenso
2026-08-01T21:54:58+00:00,SOL,71.735,,,consenso
2026-08-01T21:54:58+00:00,XRP,1.05786,,,consenso
2026-08-01T21:54:58+00:00,DOGE,0.0691,,,binance
2026-08-01T21:54:58+00:00,BNB,575.75,,,binance
2026-08-01T21:56:06+00:00,BTC,62742.155,,,consenso
2026-08-01T21:56:06+00:00,ETH,1842.525,,,consenso
2026-08-01T21:56:06+00:00,SOL,71.82,,,consenso
2026-08-01T21:56:06+00:00,XRP,1.0595,,,consenso
2026-08-01T21:56:06+00:00,DOGE,0.06911,,,binance
2026-08-01T21:56:06+00:00,BNB,575.73,,,binance
2026-08-01T21:57:36+00:00,BTC,62742.155,,,consenso
2026-08-01T21:57:36+00:00,ETH,1842.525,,,consenso
2026-08-01T21:57:36+00:00,SOL,71.82,,,consenso
2026-08-01T21:57:36+00:00,XRP,1.0603,,,consenso
2026-08-01T21:57:36+00:00,DOGE,0.06913,,,binance
2026-08-01T21:57:36+00:00,BNB,575.79,,,binance
2026-08-01T21:58:36+00:00,BTC,62761.0,,,coingecko
2026-08-01T21:58:36+00:00,ETH,1843.75,,,coingecko
2026-08-01T21:58:36+00:00,SOL,71.76,,,coingecko
2026-08-01T21:58:36+00:00,XRP,1.059,,,coingecko
2026-08-01T21:58:36+00:00,DOGE,0.069078,,,coingecko
2026-08-01T21:58:36+00:00,BNB,575.31,,,coingecko
2026-08-01T21:58:36+00:00,ADA,0.1737,,,coingecko
2026-08-01T21:58:36+00:00,LINK,8.05,,,coingecko
2026-08-01T21:58:36+00:00,AVAX,6.18,,,coingecko
2026-08-01T21:58:36+00:00,DOT,0.778557,,,coingecko
2026-08-01T21:58:36+00:00,MATIC,0.126156,,,coingecko
2026-08-01T21:58:36+00:00,LTC,44.11,,,coingecko
2026-08-01T21:59:42+00:00,BTC,62758.0,,,coingecko
2026-08-01T21:59:42+00:00,ETH,1843.35,,,coingecko
2026-08-01T21:59:42+00:00,SOL,71.75,,,coingecko
2026-08-01T21:59:42+00:00,XRP,1.059,,,coingecko
2026-08-01T21:59:42+00:00,DOGE,0.06907,,,coingecko
2026-08-01T21:59:42+00:00,BNB,575.24,,,coingecko
2026-08-01T21:59:42+00:00,ADA,0.173818,,,coingecko
2026-08-01T21:59:42+00:00,LINK,8.05,,,coingecko
2026-08-01T21:59:42+00:00,AVAX,6.18,,,coingecko
2026-08-01T21:59:42+00:00,DOT,0.778373,,,coingecko
2026-08-01T21:59:42+00:00,MATIC,0.126156,,,coingecko
2026-08-01T21:59:42+00:00,LTC,44.1,,,coingecko
2026-08-01T22:00:45+00:00,BTC,62763.0,,,coingecko
2026-08-01T22:00:45+00:00,ETH,1843.92,,,coingecko
2026-08-01T22:00:45+00:00,SOL,71.77,,,coingecko
2026-08-01T22:00:45+00:00,XRP,1.06,,,coingecko
2026-08-01T22:00:45+00:00,DOGE,0.069082,,,coingecko
2026-08-01T22:00:45+00:00,BNB,575.39,,,coingecko
2026-08-01T22:00:45+00:00,ADA,0.174122,,,coingecko
2026-08-01T22:00:45+00:00,LINK,8.05,,,coingecko
2026-08-01T22:00:45+00:00,AVAX,6.18,,,coingecko
2026-08-01T22:00:45+00:00,DOT,0.778653,,,coingecko
2026-08-01T22:00:45+00:00,MATIC,0.126156,,,coingecko
2026-08-01T22:00:45+00:00,LTC,44.11,,,coingecko
2026-08-01T22:01:50+00:00,BTC,62768.0,,,coingecko
2026-08-01T22:01:50+00:00,ETH,1844.32,,,coingecko
2026-08-01T22:01:50+00:00,SOL,71.9,,,coingecko
2026-08-01T22:01:50+00:00,XRP,1.06,,,coingecko
2026-08-01T22:01:50+00:00,DOGE,0.069094,,,coingecko
2026-08-01T22:01:50+00:00,BNB,575.62,,,coingecko
2026-08-01T22:01:50+00:00,ADA,0.174336,,,coingecko
2026-08-01T22:01:50+00:00,LINK,8.06,,,coingecko
2026-08-01T22:01:50+00:00,AVAX,6.19,,,coingecko
2026-08-01T22:01:50+00:00,DOT,0.779155,,,coingecko
2026-08-01T22:01:50+00:00,MATIC,0.126156,,,coingecko
2026-08-01T22:01:50+00:00,LTC,44.13,,,coingecko
2026-08-01T22:02:53+00:00,BTC,62767.0,,,coingecko
2026-08-01T22:02:53+00:00,ETH,1843.92,,,coingecko
2026-08-01T22:02:53+00:00,SOL,71.89,,,coingecko
2026-08-01T22:02:53+00:00,XRP,1.059,,,coingecko
2026-08-01T22:02:53+00:00,DOGE,0.069083,,,coingecko
2026-08-01T22:02:53+00:00,BNB,575.63,,,coingecko
2026-08-01T22:02:53+00:00,ADA,0.174333,,,coingecko
2026-08-01T22:02:53+00:00,LINK,8.06,,,coingecko
2026-08-01T22:02:53+00:00,AVAX,6.19,,,coingecko
2026-08-01T22:02:53+00:00,DOT,0.779089,,,coingecko
2026-08-01T22:02:53+00:00,MATIC,0.126156,,,coingecko
2026-08-01T22:02:53+00:00,LTC,44.12,,,coingecko
2026-08-01T22:03:57+00:00,BTC,62752.0,,,coingecko
2026-08-01T22:03:57+00:00,ETH,1843.41,,,coingecko
2026-08-01T22:03:57+00:00,SOL,71.86,,,coingecko
2026-08-01T22:03:57+00:00,XRP,1.059,,,coingecko
2026-08-01T22:03:57+00:00,DOGE,0.069043,,,coingecko
2026-08-01T22:03:57+00:00,BNB,575.56,,,coingecko
2026-08-01T22:03:57+00:00,ADA,0.174108,,,coingecko
2026-08-01T22:03:57+00:00,LINK,8.06,,,coingecko
2026-08-01T22:03:57+00:00,AVAX,6.18,,,coingecko
2026-08-01T22:03:57+00:00,DOT,0.778404,,,coingecko
2026-08-01T22:03:57+00:00,MATIC,0.126156,,,coingecko
2026-08-01T22:03:57+00:00,LTC,44.09,,,coingecko
2026-08-01T22:04:18+00:00,BTC,62743.565,,,consenso
2026-08-01T22:04:18+00:00,ETH,1843.805,,,consenso
2026-08-01T22:04:18+00:00,SOL,71.84,,,consenso
2026-08-01T22:04:18+00:00,XRP,1.05948,,,consenso
2026-08-01T22:04:18+00:00,DOGE,0.06909,,,binance
2026-08-01T22:04:18+00:00,BNB,576.11,,,binance
2026-08-01T22:05:03+00:00,BTC,62753.0,,,coingecko
2026-08-01T22:05:03+00:00,ETH,1843.45,,,coingecko
2026-08-01T22:05:03+00:00,SOL,71.84,,,coingecko
2026-08-01T22:05:03+00:00,XRP,1.059,,,coingecko
2026-08-01T22:05:03+00:00,DOGE,0.069047,,,coingecko
2026-08-01T22:05:03+00:00,BNB,575.66,,,coingecko
2026-08-01T22:05:03+00:00,ADA,0.174115,,,coingecko
2026-08-01T22:05:03+00:00,LINK,8.06,,,coingecko
2026-08-01T22:05:03+00:00,AVAX,6.18,,,coingecko
2026-08-01T22:05:03+00:00,DOT,0.778344,,,coingecko
2026-08-01T22:05:03+00:00,MATIC,0.126156,,,coingecko
2026-08-01T22:05:03+00:00,LTC,44.1,,,coingecko
2026-08-01T22:05:13+00:00,BTC,62743.565,,,consenso
2026-08-01T22:05:13+00:00,ETH,1843.805,,,consenso
2026-08-01T22:05:13+00:00,SOL,71.95,,,consenso
2026-08-01T22:05:13+00:00,XRP,1.0606,,,consenso
2026-08-01T22:05:13+00:00,DOGE,0.06909,,,binance
2026-08-01T22:05:13+00:00,BNB,576.1,,,binance
2026-08-01T22:06:05+00:00,BTC,62743.565,,,consenso
2026-08-01T22:06:05+00:00,ETH,1843.805,,,consenso
2026-08-01T22:06:05+00:00,SOL,71.96,,,consenso
2026-08-01T22:06:05+00:00,XRP,1.0611,,,consenso
2026-08-01T22:06:05+00:00,DOGE,0.06911,,,binance
2026-08-01T22:06:05+00:00,BNB,576.06,,,binance
2026-08-01T22:06:08+00:00,BTC,62756.0,,,coingecko
2026-08-01T22:06:08+00:00,ETH,1844.27,,,coingecko
2026-08-01T22:06:08+00:00,SOL,71.86,,,coingecko
2026-08-01T22:06:08+00:00,XRP,1.06,,,coingecko
2026-08-01T22:06:08+00:00,DOGE,0.069039,,,coingecko
2026-08-01T22:06:08+00:00,BNB,575.62,,,coingecko
2026-08-01T22:06:08+00:00,ADA,0.174161,,,coingecko
2026-08-01T22:06:08+00:00,LINK,8.06,,,coingecko
2026-08-01T22:06:08+00:00,AVAX,6.18,,,coingecko
2026-08-01T22:06:08+00:00,DOT,0.779005,,,coingecko
2026-08-01T22:06:08+00:00,MATIC,0.126156,,,coingecko
2026-08-01T22:06:08+00:00,LTC,44.1,,,coingecko
2026-08-01T22:07:11+00:00,BTC,62783.0,,,coingecko
2026-08-01T22:07:11+00:00,ETH,1845.37,,,coingecko
2026-08-01T22:07:11+00:00,SOL,71.91,,,coingecko
2026-08-01T22:07:11+00:00,XRP,1.06,,,coingecko
2026-08-01T22:07:11+00:00,DOGE,0.069067,,,coingecko
2026-08-01T22:07:11+00:00,BNB,575.7,,,coingecko
2026-08-01T22:07:11+00:00,ADA,0.174326,,,coingecko
2026-08-01T22:07:11+00:00,LINK,8.07,,,coingecko
2026-08-01T22:07:11+00:00,AVAX,6.19,,,coingecko
2026-08-01T22:07:11+00:00,DOT,0.779469,,,coingecko
2026-08-01T22:07:11+00:00,MATIC,0.126156,,,coingecko
2026-08-01T22:07:11+00:00,LTC,44.11,,,coingecko
2026-08-01T22:08:16+00:00,BTC,62774.0,,,coingecko
2026-08-01T22:08:16+00:00,ETH,1844.99,,,coingecko
2026-08-01T22:08:16+00:00,SOL,71.89,,,coingecko
2026-08-01T22:08:16+00:00,XRP,1.06,,,coingecko
2026-08-01T22:08:16+00:00,DOGE,0.069056,,,coingecko
2026-08-01T22:08:16+00:00,BNB,575.6,,,coingecko
2026-08-01T22:08:16+00:00,ADA,0.17437,,,coingecko
2026-08-01T22:08:16+00:00,LINK,8.06,,,coingecko
2026-08-01T22:08:16+00:00,AVAX,6.18,,,coingecko
2026-08-01T22:08:16+00:00,DOT,0.779752,,,coingecko
2026-08-01T22:08:16+00:00,MATIC,0.126156,,,coingecko
2026-08-01T22:08:16+00:00,LTC,44.11,,,coingecko
2026-08-01T22:13:44+00:00,BTC,62799.0,,,coingecko
2026-08-01T22:13:44+00:00,ETH,1845.7,,,coingecko
2026-08-01T22:13:44+00:00,SOL,71.86,,,coingecko
2026-08-01T22:13:44+00:00,XRP,1.06,,,coingecko
2026-08-01T22:13:44+00:00,DOGE,0.069042,,,coingecko
2026-08-01T22:13:44+00:00,BNB,575.72,,,coingecko
2026-08-01T22:13:44+00:00,ADA,0.174696,,,coingecko
2026-08-01T22:13:44+00:00,LINK,8.06,,,coingecko
2026-08-01T22:13:44+00:00,AVAX,6.18,,,coingecko
2026-08-01T22:13:44+00:00,DOT,0.779771,,,coingecko
2026-08-01T22:13:44+00:00,MATIC,0.126156,,,coingecko
2026-08-01T22:13:44+00:00,LTC,44.09,,,coingecko
2026-08-01T22:14:51+00:00,BTC,62797.0,,,coingecko
2026-08-01T22:14:51+00:00,ETH,1845.92,,,coingecko
2026-08-01T22:14:51+00:00,SOL,71.87,,,coingecko
2026-08-01T22:14:51+00:00,XRP,1.06,,,coingecko
2026-08-01T22:14:51+00:00,DOGE,0.069055,,,coingecko
2026-08-01T22:14:51+00:00,BNB,575.68,,,coingecko
2026-08-01T22:14:51+00:00,ADA,0.174714,,,coingecko
2026-08-01T22:14:51+00:00,LINK,8.06,,,coingecko
2026-08-01T22:14:51+00:00,AVAX,6.18,,,coingecko
2026-08-01T22:14:51+00:00,DOT,0.779824,,,coingecko
2026-08-01T22:14:51+00:00,MATIC,0.126156,,,coingecko
2026-08-01T22:14:51+00:00,LTC,44.11,,,coingecko
2026-08-01T22:15:55+00:00,BTC,62800.0,,,coingecko
2026-08-01T22:15:55+00:00,ETH,1846.16,,,coingecko
2026-08-01T22:15:55+00:00,SOL,71.88,,,coingecko
2026-08-01T22:15:55+00:00,XRP,1.06,,,coingecko
2026-08-01T22:15:55+00:00,DOGE,0.069063,,,coingecko
2026-08-01T22:15:55+00:00,BNB,575.65,,,coingecko
2026-08-01T22:15:55+00:00,ADA,0.174727,,,coingecko
2026-08-01T22:15:55+00:00,LINK,8.06,,,coingecko
2026-08-01T22:15:55+00:00,AVAX,6.18,,,coingecko
2026-08-01T22:15:55+00:00,DOT,0.780195,,,coingecko
2026-08-01T22:15:55+00:00,MATIC,0.126156,,,coingecko
2026-08-01T22:15:55+00:00,LTC,44.11,,,coingecko
2026-08-01T22:16:40+00:00,BTC,62782.945,,,consenso
2026-08-01T22:16:40+00:00,ETH,1845.48,,,consenso
2026-08-01T22:16:40+00:00,SOL,71.885,,,consenso
2026-08-01T22:16:40+00:00,XRP,1.0598,,,consenso
2026-08-01T22:16:40+00:00,DOGE,0.06913,,,binance
2026-08-01T22:16:40+00:00,BNB,576.1,,,binance
2026-08-01T22:17:01+00:00,BTC,62807.0,,,coingecko
2026-08-01T22:17:01+00:00,ETH,1846.36,,,coingecko
2026-08-01T22:17:01+00:00,SOL,71.91,,,coingecko
2026-08-01T22:17:01+00:00,XRP,1.06,,,coingecko
2026-08-01T22:17:01+00:00,DOGE,0.069098,,,coingecko
2026-08-01T22:17:01+00:00,BNB,575.72,,,coingecko
2026-08-01T22:17:01+00:00,ADA,0.174888,,,coingecko
2026-08-01T22:17:01+00:00,LINK,8.07,,,coingecko
2026-08-01T22:17:01+00:00,AVAX,6.18,,,coingecko
2026-08-01T22:17:01+00:00,DOT,0.780601,,,coingecko
2026-08-01T22:17:01+00:00,MATIC,0.126156,,,coingecko
2026-08-01T22:17:01+00:00,LTC,44.13,,,coingecko
2026-08-01T22:17:58+00:00,BTC,62782.945,,,consenso
2026-08-01T22:17:58+00:00,ETH,1845.48,,,consenso
2026-08-01T22:17:58+00:00,SOL,71.95,,,consenso
2026-08-01T22:17:58+00:00,XRP,1.0607,,,consenso
2026-08-01T22:17:58+00:00,DOGE,0.06912,,,binance
2026-08-01T22:17:58+00:00,BNB,576.13,,,binance
2026-08-01T22:18:07+00:00,BTC,62800.0,,,coingecko
2026-08-01T22:18:07+00:00,ETH,1845.87,,,coingecko
2026-08-01T22:18:07+00:00,SOL,71.89,,,coingecko
2026-08-01T22:18:07+00:00,XRP,1.06,,,coingecko
2026-08-01T22:18:07+00:00,DOGE,0.06908,,,coingecko
2026-08-01T22:18:07+00:00,BNB,575.69,,,coingecko
2026-08-01T22:18:07+00:00,ADA,0.174753,,,coingecko
2026-08-01T22:18:07+00:00,LINK,8.07,,,coingecko
2026-08-01T22:18:07+00:00,AVAX,6.18,,,coingecko
2026-08-01T22:18:07+00:00,DOT,0.780556,,,coingecko
2026-08-01T22:18:07+00:00,MATIC,0.126156,,,coingecko
2026-08-01T22:18:07+00:00,LTC,44.13,,,coingecko
2026-08-01T22:19:04+00:00,BTC,62782.945,,,consenso
2026-08-01T22:19:04+00:00,ETH,1845.48,,,consenso
2026-08-01T22:19:04+00:00,SOL,71.95,,,consenso
2026-08-01T22:19:04+00:00,XRP,1.0607,,,consenso
2026-08-01T22:19:04+00:00,DOGE,0.06912,,,binance
2026-08-01T22:19:04+00:00,BNB,576.11,,,binance
2026-08-01T22:19:12+00:00,BTC,62795.0,,,coingecko
2026-08-01T22:19:12+00:00,ETH,1845.94,,,coingecko
2026-08-01T22:19:12+00:00,SOL,71.89,,,coingecko
2026-08-01T22:19:12+00:00,XRP,1.06,,,coingecko
2026-08-01T22:19:12+00:00,DOGE,0.069075,,,coingecko
2026-08-01T22:19:12+00:00,BNB,575.65,,,coingecko
2026-08-01T22:19:12+00:00,ADA,0.174577,,,coingecko
2026-08-01T22:19:12+00:00,LINK,8.07,,,coingecko
2026-08-01T22:19:12+00:00,AVAX,6.18,,,coingecko
2026-08-01T22:19:12+00:00,DOT,0.780947,,,coingecko
2026-08-01T22:19:12+00:00,MATIC,0.126156,,,coingecko
2026-08-01T22:19:12+00:00,LTC,44.13,,,coingecko
2026-08-01T22:20:18+00:00,BTC,62795.0,,,coingecko
2026-08-01T22:20:18+00:00,ETH,1846.07,,,coingecko
2026-08-01T22:20:18+00:00,SOL,71.89,,,coingecko
2026-08-01T22:20:18+00:00,XRP,1.06,,,coingecko
2026-08-01T22:20:18+00:00,DOGE,0.069074,,,coingecko
2026-08-01T22:20:18+00:00,BNB,575.66,,,coingecko
2026-08-01T22:20:18+00:00,ADA,0.174681,,,coingecko
2026-08-01T22:20:18+00:00,LINK,8.07,,,coingecko
2026-08-01T22:20:18+00:00,AVAX,6.19,,,coingecko
2026-08-01T22:20:18+00:00,DOT,0.781041,,,coingecko
2026-08-01T22:20:18+00:00,MATIC,0.126156,,,coingecko
2026-08-01T22:20:18+00:00,LTC,44.13,,,coingecko
2026-08-01T22:21:22+00:00,BTC,62796.0,,,coingecko
2026-08-01T22:21:22+00:00,ETH,1846.19,,,coingecko
2026-08-01T22:21:22+00:00,SOL,71.89,,,coingecko
2026-08-01T22:21:22+00:00,XRP,1.06,,,coingecko
2026-08-01T22:21:22+00:00,DOGE,0.069082,,,coingecko
2026-08-01T22:21:22+00:00,BNB,575.65,,,coingecko
2026-08-01T22:21:22+00:00,ADA,0.174741,,,coingecko
2026-08-01T22:21:22+00:00,LINK,8.07,,,coingecko
2026-08-01T22:21:22+00:00,AVAX,6.19,,,coingecko
2026-08-01T22:21:22+00:00,DOT,0.780421,,,coingecko
2026-08-01T22:21:22+00:00,MATIC,0.126156,,,coingecko
2026-08-01T22:21:22+00:00,LTC,44.13,,,coingecko
2026-08-01T22:22:27+00:00,BTC,62794.0,,,coingecko
2026-08-01T22:22:27+00:00,ETH,1846.01,,,coingecko
2026-08-01T22:22:27+00:00,SOL,71.88,,,coingecko
2026-08-01T22:22:27+00:00,XRP,1.06,,,coingecko
2026-08-01T22:22:27+00:00,DOGE,0.06908,,,coingecko
2026-08-01T22:22:27+00:00,BNB,575.67,,,coingecko
2026-08-01T22:22:27+00:00,ADA,0.174736,,,coingecko
2026-08-01T22:22:27+00:00,LINK,8.07,,,coingecko
2026-08-01T22:22:27+00:00,AVAX,6.19,,,coingecko
2026-08-01T22:22:27+00:00,DOT,0.779918,,,coingecko
2026-08-01T22:22:27+00:00,MATIC,0.126156,,,coingecko
2026-08-01T22:22:27+00:00,LTC,44.14,,,coingecko
2026-08-01T22:23:33+00:00,BTC,62795.0,,,coingecko
2026-08-01T22:23:33+00:00,ETH,1846.02,,,coingecko
2026-08-01T22:23:33+00:00,SOL,71.88,,,coingecko
2026-08-01T22:23:33+00:00,XRP,1.06,,,coingecko
2026-08-01T22:23:33+00:00,DOGE,0.069067,,,coingecko
2026-08-01T22:23:33+00:00,BNB,575.68,,,coingecko
2026-08-01T22:23:33+00:00,ADA,0.174744,,,coingecko
2026-08-01T22:23:33+00:00,LINK,8.07,,,coingecko
2026-08-01T22:23:33+00:00,AVAX,6.19,,,coingecko
2026-08-01T22:23:33+00:00,DOT,0.779927,,,coingecko
2026-08-01T22:23:33+00:00,MATIC,0.126156,,,coingecko
2026-08-01T22:23:33+00:00,LTC,44.15,,,coingecko
2026-08-01T22:28:17+00:00,BTC,62780.0,,,coingecko
2026-08-01T22:28:17+00:00,ETH,1845.94,,,coingecko
2026-08-01T22:28:17+00:00,SOL,71.87,,,coingecko
2026-08-01T22:28:17+00:00,XRP,1.059,,,coingecko
2026-08-01T22:28:17+00:00,DOGE,0.069022,,,coingecko
2026-08-01T22:28:17+00:00,BNB,575.45,,,coingecko
2026-08-01T22:28:17+00:00,ADA,0.174843,,,coingecko
2026-08-01T22:28:17+00:00,LINK,8.07,,,coingecko
2026-08-01T22:28:17+00:00,AVAX,6.19,,,coingecko
2026-08-01T22:28:17+00:00,DOT,0.780008,,,coingecko
2026-08-01T22:28:17+00:00,MATIC,0.126156,,,coingecko
2026-08-01T22:28:17+00:00,LTC,44.19,,,coingecko
2026-08-01T22:29:23+00:00,BTC,62794.0,,,coingecko
2026-08-01T22:29:23+00:00,ETH,1846.88,,,coingecko
2026-08-01T22:29:23+00:00,SOL,71.9,,,coingecko
2026-08-01T22:29:23+00:00,XRP,1.06,,,coingecko
2026-08-01T22:29:23+00:00,DOGE,0.069046,,,coingecko
2026-08-01T22:29:23+00:00,BNB,575.59,,,coingecko
2026-08-01T22:29:23+00:00,ADA,0.174773,,,coingecko
2026-08-01T22:29:23+00:00,LINK,8.07,,,coingecko
2026-08-01T22:29:23+00:00,AVAX,6.19,,,coingecko
2026-08-01T22:29:23+00:00,DOT,0.779861,,,coingecko
2026-08-01T22:29:23+00:00,MATIC,0.126156,,,coingecko
2026-08-01T22:29:23+00:00,LTC,44.2,,,coingecko
2026-08-01T22:29:30+00:00,BTC,62796.505,,,consenso
2026-08-01T22:29:30+00:00,ETH,1847.475,,,consenso
2026-08-01T22:29:30+00:00,SOL,71.925,,,consenso
2026-08-01T22:29:30+00:00,XRP,1.05967,,,consenso
2026-08-01T22:29:30+00:00,DOGE,0.06911,,,binance
2026-08-01T22:29:30+00:00,BNB,576.17,,,binance
2026-08-01T22:30:26+00:00,BTC,62796.0,,,coingecko
2026-08-01T22:30:26+00:00,ETH,1847.15,,,coingecko
2026-08-01T22:30:26+00:00,SOL,71.92,,,coingecko
2026-08-01T22:30:26+00:00,XRP,1.06,,,coingecko
2026-08-01T22:30:26+00:00,DOGE,0.069062,,,coingecko
2026-08-01T22:30:26+00:00,BNB,575.6,,,coingecko
2026-08-01T22:30:26+00:00,ADA,0.174683,,,coingecko
2026-08-01T22:30:26+00:00,LINK,8.07,,,coingecko
2026-08-01T22:30:26+00:00,AVAX,6.2,,,coingecko
2026-08-01T22:30:26+00:00,DOT,0.779722,,,coingecko
2026-08-01T22:30:26+00:00,MATIC,0.126156,,,coingecko
2026-08-01T22:30:26+00:00,LTC,44.2,,,coingecko
2026-08-01T22:30:27+00:00,BTC,62796.505,,,consenso
2026-08-01T22:30:27+00:00,ETH,1847.475,,,consenso
2026-08-01T22:30:27+00:00,SOL,72.0,,,consenso
2026-08-01T22:30:27+00:00,XRP,1.0607,,,consenso
2026-08-01T22:30:27+00:00,DOGE,0.06915,,,binance
2026-08-01T22:30:27+00:00,BNB,576.26,,,binance
2026-08-01T22:31:16+00:00,BTC,62796.505,,,consenso
2026-08-01T22:31:16+00:00,ETH,1847.475,,,consenso
2026-08-01T22:31:16+00:00,SOL,71.99,,,consenso
2026-08-01T22:31:16+00:00,XRP,1.0608,,,consenso
2026-08-01T22:31:16+00:00,DOGE,0.06915,,,binance
2026-08-01T22:31:16+00:00,BNB,576.26,,,binance
2026-08-01T22:31:30+00:00,BTC,62800.0,,,coingecko
2026-08-01T22:31:30+00:00,ETH,1847.34,,,coingecko
2026-08-01T22:31:30+00:00,SOL,71.93,,,coingecko
2026-08-01T22:31:30+00:00,XRP,1.06,,,coingecko
2026-08-01T22:31:30+00:00,DOGE,0.069063,,,coingecko
2026-08-01T22:31:30+00:00,BNB,575.67,,,coingecko
2026-08-01T22:31:30+00:00,ADA,0.17457,,,coingecko
2026-08-01T22:31:30+00:00,LINK,8.07,,,coingecko
2026-08-01T22:31:30+00:00,AVAX,6.2,,,coingecko
2026-08-01T22:31:30+00:00,DOT,0.779702,,,coingecko
2026-08-01T22:31:30+00:00,MATIC,0.126156,,,coingecko
2026-08-01T22:31:30+00:00,LTC,44.2,,,coingecko
2026-08-01T22:32:34+00:00,BTC,62797.0,,,coingecko
2026-08-01T22:32:34+00:00,ETH,1847.08,,,coingecko
2026-08-01T22:32:34+00:00,SOL,71.93,,,coingecko
2026-08-01T22:32:34+00:00,XRP,1.06,,,coingecko
2026-08-01T22:32:34+00:00,DOGE,0.069081,,,coingecko
2026-08-01T22:32:34+00:00,BNB,575.69,,,coingecko
2026-08-01T22:32:34+00:00,ADA,0.174544,,,coingecko
2026-08-01T22:32:34+00:00,LINK,8.07,,,coingecko
2026-08-01T22:32:34+00:00,AVAX,6.2,,,coingecko
2026-08-01T22:32:34+00:00,DOT,0.779772,,,coingecko
2026-08-01T22:32:34+00:00,MATIC,0.126156,,,coingecko
2026-08-01T22:32:34+00:00,LTC,44.18,,,coingecko
2026-08-01T22:33:37+00:00,BTC,62798.0,,,coingecko
2026-08-01T22:33:37+00:00,ETH,1846.91,,,coingecko
2026-08-01T22:33:37+00:00,SOL,71.93,,,coingecko
2026-08-01T22:33:37+00:00,XRP,1.06,,,coingecko
2026-08-01T22:33:37+00:00,DOGE,0.069078,,,coingecko
2026-08-01T22:33:37+00:00,BNB,575.62,,,coingecko
2026-08-01T22:33:37+00:00,ADA,0.174821,,,coingecko
2026-08-01T22:33:37+00:00,LINK,8.07,,,coingecko
2026-08-01T22:33:37+00:00,AVAX,6.2,,,coingecko
2026-08-01T22:33:37+00:00,DOT,0.779783,,,coingecko
2026-08-01T22:33:37+00:00,MATIC,0.126156,,,coingecko
2026-08-01T22:33:37+00:00,LTC,44.19,,,coingecko
2026-08-01T22:34:43+00:00,BTC,62800.0,,,coingecko
2026-08-01T22:34:43+00:00,ETH,1846.84,,,coingecko
2026-08-01T22:34:43+00:00,SOL,71.93,,,coingecko
2026-08-01T22:34:43+00:00,XRP,1.06,,,coingecko
2026-08-01T22:34:43+00:00,DOGE,0.069077,,,coingecko
2026-08-01T22:34:43+00:00,BNB,575.62,,,coingecko
2026-08-01T22:34:43+00:00,ADA,0.174639,,,coingecko
2026-08-01T22:34:43+00:00,LINK,8.07,,,coingecko
2026-08-01T22:34:43+00:00,AVAX,6.2,,,coingecko
2026-08-01T22:34:43+00:00,DOT,0.77942,,,coingecko
2026-08-01T22:34:43+00:00,MATIC,0.126156,,,coingecko
2026-08-01T22:34:43+00:00,LTC,44.19,,,coingecko
2026-08-01T22:35:46+00:00,BTC,62801.0,,,coingecko
2026-08-01T22:35:46+00:00,ETH,1846.75,,,coingecko
2026-08-01T22:35:46+00:00,SOL,71.92,,,coingecko
2026-08-01T22:35:46+00:00,XRP,1.06,,,coingecko
2026-08-01T22:35:46+00:00,DOGE,0.069082,,,coingecko
2026-08-01T22:35:46+00:00,BNB,575.58,,,coingecko
2026-08-01T22:35:46+00:00,ADA,0.174731,,,coingecko
2026-08-01T22:35:46+00:00,LINK,8.07,,,coingecko
2026-08-01T22:35:46+00:00,AVAX,6.2,,,coingecko
2026-08-01T22:35:46+00:00,DOT,0.779732,,,coingecko
2026-08-01T22:35:46+00:00,MATIC,0.126156,,,coingecko
2026-08-01T22:35:46+00:00,LTC,44.2,,,coingecko
2026-08-01T22:36:49+00:00,BTC,62794.0,,,coingecko
2026-08-01T22:36:49+00:00,ETH,1846.18,,,coingecko
2026-08-01T22:36:49+00:00,SOL,71.88,,,coingecko
2026-08-01T22:36:49+00:00,XRP,1.06,,,coingecko
2026-08-01T22:36:49+00:00,DOGE,0.069058,,,coingecko
2026-08-01T22:36:49+00:00,BNB,575.67,,,coingecko
2026-08-01T22:36:49+00:00,ADA,0.174639,,,coingecko
2026-08-01T22:36:49+00:00,LINK,8.07,,,coingecko
2026-08-01T22:36:49+00:00,AVAX,6.2,,,coingecko
2026-08-01T22:36:49+00:00,DOT,0.779736,,,coingecko
2026-08-01T22:36:49+00:00,MATIC,0.126156,,,coingecko
2026-08-01T22:36:49+00:00,LTC,44.19,,,coingecko
2026-08-01T22:37:07+00:00,BTC,62785.955,,,consenso
2026-08-01T22:37:07+00:00,ETH,1845.085,,,consenso
2026-08-01T22:37:07+00:00,SOL,71.89,,,consenso
2026-08-01T22:37:07+00:00,XRP,1.06007,,,consenso
2026-08-01T22:37:07+00:00,DOGE,0.06908,,,binance
2026-08-01T22:37:07+00:00,BNB,576.14,,,binance
2026-08-01T22:37:53+00:00,BTC,62786.0,,,coingecko
2026-08-01T22:37:53+00:00,ETH,1845.3,,,coingecko
2026-08-01T22:37:53+00:00,SOL,71.88,,,coingecko
2026-08-01T22:37:53+00:00,XRP,1.06,,,coingecko
2026-08-01T22:37:53+00:00,DOGE,0.069033,,,coingecko
2026-08-01T22:37:53+00:00,BNB,575.59,,,coingecko
2026-08-01T22:37:53+00:00,ADA,0.174634,,,coingecko
2026-08-01T22:37:53+00:00,LINK,8.07,,,coingecko
2026-08-01T22:37:53+00:00,AVAX,6.2,,,coingecko
2026-08-01T22:37:53+00:00,DOT,0.779458,,,coingecko
2026-08-01T22:37:53+00:00,MATIC,0.126156,,,coingecko
2026-08-01T22:37:53+00:00,LTC,44.19,,,coingecko
2026-08-01T22:38:11+00:00,BTC,62785.955,,,consenso
2026-08-01T22:38:11+00:00,ETH,1845.085,,,consenso
2026-08-01T22:38:11+00:00,SOL,71.98,,,consenso
2026-08-01T22:38:11+00:00,XRP,1.0612,,,consenso
2026-08-01T22:38:11+00:00,DOGE,0.0691,,,binance
2026-08-01T22:38:11+00:00,BNB,576.16,,,binance
2026-08-01T22:39:02+00:00,BTC,62785.955,,,consenso
2026-08-01T22:39:02+00:00,ETH,1845.085,,,consenso
2026-08-01T22:39:02+00:00,SOL,71.97,,,consenso
2026-08-01T22:39:02+00:00,XRP,1.0614,,,consenso
2026-08-01T22:39:02+00:00,DOGE,0.06912,,,binance
2026-08-01T22:39:02+00:00,BNB,576.14,,,binance
2026-08-01T22:41:57+00:00,BTC,62797.0,,,coingecko
2026-08-01T22:41:57+00:00,ETH,1845.67,,,coingecko
2026-08-01T22:41:57+00:00,SOL,71.92,,,coingecko
2026-08-01T22:41:57+00:00,XRP,1.06,,,coingecko
2026-08-01T22:41:57+00:00,DOGE,0.069046,,,coingecko
2026-08-01T22:41:57+00:00,BNB,575.57,,,coingecko
2026-08-01T22:41:57+00:00,ADA,0.174669,,,coingecko
2026-08-01T22:41:57+00:00,LINK,8.07,,,coingecko
2026-08-01T22:41:57+00:00,AVAX,6.2,,,coingecko
2026-08-01T22:41:57+00:00,DOT,0.779831,,,coingecko
2026-08-01T22:41:57+00:00,MATIC,0.126156,,,coingecko
2026-08-01T22:41:57+00:00,LTC,44.19,,,coingecko
2026-08-01T22:43:03+00:00,BTC,62797.0,,,coingecko
2026-08-01T22:43:03+00:00,ETH,1845.66,,,coingecko
2026-08-01T22:43:03+00:00,SOL,71.92,,,coingecko
2026-08-01T22:43:03+00:00,XRP,1.06,,,coingecko
2026-08-01T22:43:03+00:00,DOGE,0.069038,,,coingecko
2026-08-01T22:43:03+00:00,BNB,575.56,,,coingecko
2026-08-01T22:43:03+00:00,ADA,0.17466,,,coingecko
2026-08-01T22:43:03+00:00,LINK,8.07,,,coingecko
2026-08-01T22:43:03+00:00,AVAX,6.2,,,coingecko
2026-08-01T22:43:03+00:00,DOT,0.779769,,,coingecko
2026-08-01T22:43:03+00:00,MATIC,0.126156,,,coingecko
2026-08-01T22:43:03+00:00,LTC,44.19,,,coingecko
2026-08-01T22:44:06+00:00,BTC,62802.0,,,coingecko
2026-08-01T22:44:06+00:00,ETH,1846.22,,,coingecko
2026-08-01T22:44:06+00:00,SOL,71.93,,,coingecko
2026-08-01T22:44:06+00:00,XRP,1.06,,,coingecko
2026-08-01T22:44:06+00:00,DOGE,0.069056,,,coingecko
2026-08-01T22:44:06+00:00,BNB,575.69,,,coingecko
2026-08-01T22:44:06+00:00,ADA,0.174644,,,coingecko
2026-08-01T22:44:06+00:00,LINK,8.07,,,coingecko
2026-08-01T22:44:06+00:00,AVAX,6.2,,,coingecko
2026-08-01T22:44:06+00:00,DOT,0.779753,,,coingecko
2026-08-01T22:44:06+00:00,MATIC,0.126156,,,coingecko
2026-08-01T22:44:06+00:00,LTC,44.2,,,coingecko
2026-08-01T22:45:10+00:00,BTC,62798.0,,,coingecko
2026-08-01T22:45:10+00:00,ETH,1846.06,,,coingecko
2026-08-01T22:45:10+00:00,SOL,71.91,,,coingecko
2026-08-01T22:45:10+00:00,XRP,1.06,,,coingecko
2026-08-01T22:45:10+00:00,DOGE,0.069054,,,coingecko
2026-08-01T22:45:10+00:00,BNB,575.73,,,coingecko
2026-08-01T22:45:10+00:00,ADA,0.174475,,,coingecko
2026-08-01T22:45:10+00:00,LINK,8.07,,,coingecko
2026-08-01T22:45:10+00:00,AVAX,6.2,,,coingecko
2026-08-01T22:45:10+00:00,DOT,0.779108,,,coingecko
2026-08-01T22:45:10+00:00,MATIC,0.126156,,,coingecko
2026-08-01T22:45:10+00:00,LTC,44.19,,,coingecko
2026-08-01T22:46:13+00:00,BTC,62798.0,,,coingecko
2026-08-01T22:46:13+00:00,ETH,1846.15,,,coingecko
2026-08-01T22:46:13+00:00,SOL,71.91,,,coingecko
2026-08-01T22:46:13+00:00,XRP,1.06,,,coingecko
2026-08-01T22:46:13+00:00,DOGE,0.069043,,,coingecko
2026-08-01T22:46:13+00:00,BNB,575.67,,,coingecko
2026-08-01T22:46:13+00:00,ADA,0.174282,,,coingecko
2026-08-01T22:46:13+00:00,LINK,8.07,,,coingecko
2026-08-01T22:46:13+00:00,AVAX,6.2,,,coingecko
2026-08-01T22:46:13+00:00,DOT,0.779002,,,coingecko
2026-08-01T22:46:13+00:00,MATIC,0.126156,,,coingecko
2026-08-01T22:46:13+00:00,LTC,44.2,,,coingecko
2026-08-01T22:46:20+00:00,BTC,62791.495,,,consenso
2026-08-01T22:46:20+00:00,ETH,1846.055,,,consenso
2026-08-01T22:46:20+00:00,SOL,71.905,,,consenso
2026-08-01T22:46:20+00:00,XRP,1.0607,,,consenso
2026-08-01T22:46:20+00:00,DOGE,0.0691,,,binance
2026-08-01T22:46:20+00:00,BNB,576.14,,,binance
2026-08-01T22:47:12+00:00,BTC,62791.495,,,consenso
2026-08-01T22:47:12+00:00,ETH,1846.055,,,consenso
2026-08-01T22:47:12+00:00,SOL,71.95,,,consenso
2026-08-01T22:47:12+00:00,XRP,1.0615,,,consenso
2026-08-01T22:47:12+00:00,DOGE,0.06907,,,binance
2026-08-01T22:47:12+00:00,BNB,575.97,,,binance
2026-08-01T22:47:17+00:00,BTC,62798.0,,,coingecko
2026-08-01T22:47:17+00:00,ETH,1846.16,,,coingecko
2026-08-01T22:47:17+00:00,SOL,71.91,,,coingecko
2026-08-01T22:47:17+00:00,XRP,1.061,,,coingecko
2026-08-01T22:47:17+00:00,DOGE,0.069047,,,coingecko
2026-08-01T22:47:17+00:00,BNB,575.65,,,coingecko
2026-08-01T22:47:17+00:00,ADA,0.174199,,,coingecko
2026-08-01T22:47:17+00:00,LINK,8.07,,,coingecko
2026-08-01T22:47:17+00:00,AVAX,6.2,,,coingecko
2026-08-01T22:47:17+00:00,DOT,0.779697,,,coingecko
2026-08-01T22:47:17+00:00,MATIC,0.126156,,,coingecko
2026-08-01T22:47:17+00:00,LTC,44.2,,,coingecko
2026-08-01T22:47:58+00:00,BTC,62791.495,,,consenso
2026-08-01T22:47:58+00:00,ETH,1846.055,,,consenso
2026-08-01T22:47:58+00:00,SOL,71.97,,,consenso
2026-08-01T22:47:58+00:00,XRP,1.0616,,,consenso
2026-08-01T22:47:58+00:00,DOGE,0.06908,,,binance
2026-08-01T22:47:58+00:00,BNB,575.94,,,binance
2026-08-01T22:48:22+00:00,BTC,62794.0,,,coingecko
2026-08-01T22:48:22+00:00,ETH,1845.82,,,coingecko
2026-08-01T22:48:22+00:00,SOL,71.9,,,coingecko
2026-08-01T22:48:22+00:00,XRP,1.061,,,coingecko
2026-08-01T22:48:22+00:00,DOGE,0.069033,,,coingecko
2026-08-01T22:48:22+00:00,BNB,575.59,,,coingecko
2026-08-01T22:48:22+00:00,ADA,0.174173,,,coingecko
2026-08-01T22:48:22+00:00,LINK,8.07,,,coingecko
2026-08-01T22:48:22+00:00,AVAX,6.19,,,coingecko
2026-08-01T22:48:22+00:00,DOT,0.779749,,,coingecko
2026-08-01T22:48:22+00:00,MATIC,0.126156,,,coingecko
2026-08-01T22:48:22+00:00,LTC,44.19,,,coingecko
2026-08-01T22:49:26+00:00,BTC,62790.0,,,coingecko
2026-08-01T22:49:26+00:00,ETH,1846.05,,,coingecko
2026-08-01T22:49:26+00:00,SOL,71.91,,,coingecko
2026-08-01T22:49:26+00:00,XRP,1.061,,,coingecko
2026-08-01T22:49:26+00:00,DOGE,0.069035,,,coingecko
2026-08-01T22:49:26+00:00,BNB,575.5,,,coingecko
2026-08-01T22:49:26+00:00,ADA,0.173896,,,coingecko
2026-08-01T22:49:26+00:00,LINK,8.07,,,coingecko
2026-08-01T22:49:26+00:00,AVAX,6.19,,,coingecko
2026-08-01T22:49:26+00:00,DOT,0.779404,,,coingecko
2026-08-01T22:49:26+00:00,MATIC,0.126156,,,coingecko
2026-08-01T22:49:26+00:00,LTC,44.17,,,coingecko
2026-08-01T22:50:30+00:00,BTC,62798.0,,,coingecko
2026-08-01T22:50:30+00:00,ETH,1846.4,,,coingecko
2026-08-01T22:50:30+00:00,SOL,71.91,,,coingecko
2026-08-01T22:50:30+00:00,XRP,1.061,,,coingecko
2026-08-01T22:50:30+00:00,DOGE,0.069037,,,coingecko
2026-08-01T22:50:30+00:00,BNB,575.58,,,coingecko
2026-08-01T22:50:30+00:00,ADA,0.173874,,,coingecko
2026-08-01T22:50:30+00:00,LINK,8.07,,,coingecko
2026-08-01T22:50:30+00:00,AVAX,6.19,,,coingecko
2026-08-01T22:50:30+00:00,DOT,0.779798,,,coingecko
2026-08-01T22:50:30+00:00,MATIC,0.126156,,,coingecko
2026-08-01T22:50:30+00:00,LTC,44.18,,,coingecko
2026-08-01T22:51:34+00:00,BTC,62794.0,,,coingecko
2026-08-01T22:51:34+00:00,ETH,1846.26,,,coingecko
2026-08-01T22:51:34+00:00,SOL,71.9,,,coingecko
2026-08-01T22:51:34+00:00,XRP,1.061,,,coingecko
2026-08-01T22:51:34+00:00,DOGE,0.069025,,,coingecko
2026-08-01T22:51:34+00:00,BNB,575.58,,,coingecko
2026-08-01T22:51:34+00:00,ADA,0.173645,,,coingecko
2026-08-01T22:51:34+00:00,LINK,8.07,,,coingecko
2026-08-01T22:51:34+00:00,AVAX,6.19,,,coingecko
2026-08-01T22:51:34+00:00,DOT,0.779603,,,coingecko
2026-08-01T22:51:34+00:00,MATIC,0.126156,,,coingecko
2026-08-01T22:51:34+00:00,LTC,44.17,,,coingecko
2026-08-01T22:54:16+00:00,BTC,62783.995,,,consenso
2026-08-01T22:54:16+00:00,ETH,1846.345,,,consenso
2026-08-01T22:54:16+00:00,SOL,71.86,,,consenso
2026-08-01T22:54:16+00:00,XRP,1.06016,,,consenso
2026-08-01T22:54:16+00:00,DOGE,0.06903,,,binance
2026-08-01T22:54:16+00:00,BNB,575.83,,,binance
2026-08-01T22:55:39+00:00,BTC,62790.0,,,coingecko
2026-08-01T22:55:39+00:00,ETH,1846.36,,,coingecko
2026-08-01T22:55:39+00:00,SOL,71.87,,,coingecko
2026-08-01T22:55:39+00:00,XRP,1.06,,,coingecko
2026-08-01T22:55:39+00:00,DOGE,0.068989,,,coingecko
2026-08-01T22:55:39+00:00,BNB,575.34,,,coingecko
2026-08-01T22:55:39+00:00,ADA,0.173452,,,coingecko
2026-08-01T22:55:39+00:00,LINK,8.07,,,coingecko
2026-08-01T22:55:39+00:00,AVAX,6.19,,,coingecko
2026-08-01T22:55:39+00:00,DOT,0.778808,,,coingecko
2026-08-01T22:55:39+00:00,MATIC,0.126156,,,coingecko
2026-08-01T22:55:39+00:00,LTC,44.16,,,coingecko
2026-08-01T22:55:48+00:00,BTC,62783.995,,,consenso
2026-08-01T22:55:48+00:00,ETH,1846.345,,,consenso
2026-08-01T22:55:48+00:00,SOL,71.92,,,consenso
2026-08-01T22:55:48+00:00,XRP,1.0611,,,consenso
2026-08-01T22:55:48+00:00,DOGE,0.06902,,,binance
2026-08-01T22:55:48+00:00,BNB,575.74,,,binance
2026-08-01T22:56:39+00:00,BTC,62783.995,,,consenso
2026-08-01T22:56:39+00:00,ETH,1846.345,,,consenso
2026-08-01T22:56:39+00:00,SOL,71.9,,,consenso
2026-08-01T22:56:39+00:00,XRP,1.0611,,,consenso
2026-08-01T22:56:39+00:00,DOGE,0.06902,,,binance
2026-08-01T22:56:39+00:00,BNB,575.75,,,binance
2026-08-01T22:56:45+00:00,BTC,62788.0,,,coingecko
2026-08-01T22:56:45+00:00,ETH,1846.29,,,coingecko
2026-08-01T22:56:45+00:00,SOL,71.86,,,coingecko
2026-08-01T22:56:45+00:00,XRP,1.06,,,coingecko
2026-08-01T22:56:45+00:00,DOGE,0.068982,,,coingecko
2026-08-01T22:56:45+00:00,BNB,575.3,,,coingecko
2026-08-01T22:56:45+00:00,ADA,0.173434,,,coingecko
2026-08-01T22:56:45+00:00,LINK,8.07,,,coingecko
2026-08-01T22:56:45+00:00,AVAX,6.19,,,coingecko
2026-08-01T22:56:45+00:00,DOT,0.778992,,,coingecko
2026-08-01T22:56:45+00:00,MATIC,0.126156,,,coingecko
2026-08-01T22:56:45+00:00,LTC,44.15,,,coingecko
2026-08-01T22:57:47+00:00,BTC,62786.0,,,coingecko
2026-08-01T22:57:47+00:00,ETH,1846.22,,,coingecko
2026-08-01T22:57:47+00:00,SOL,71.86,,,coingecko
2026-08-01T22:57:47+00:00,XRP,1.06,,,coingecko
2026-08-01T22:57:47+00:00,DOGE,0.068974,,,coingecko
2026-08-01T22:57:47+00:00,BNB,575.28,,,coingecko
2026-08-01T22:57:47+00:00,ADA,0.17341,,,coingecko
2026-08-01T22:57:47+00:00,LINK,8.07,,,coingecko
2026-08-01T22:57:47+00:00,AVAX,6.19,,,coingecko
2026-08-01T22:57:47+00:00,DOT,0.778968,,,coingecko
2026-08-01T22:57:47+00:00,MATIC,0.126156,,,coingecko
2026-08-01T22:57:47+00:00,LTC,44.15,,,coingecko
2026-08-01T22:58:51+00:00,BTC,62784.0,,,coingecko
2026-08-01T22:58:51+00:00,ETH,1845.91,,,coingecko
2026-08-01T22:58:51+00:00,SOL,71.85,,,coingecko
2026-08-01T22:58:51+00:00,XRP,1.06,,,coingecko
2026-08-01T22:58:51+00:00,DOGE,0.068975,,,coingecko
2026-08-01T22:58:51+00:00,BNB,575.27,,,coingecko
2026-08-01T22:58:51+00:00,ADA,0.173344,,,coingecko
2026-08-01T22:58:51+00:00,LINK,8.07,,,coingecko
2026-08-01T22:58:51+00:00,AVAX,6.19,,,coingecko
2026-08-01T22:58:51+00:00,DOT,0.779003,,,coingecko
2026-08-01T22:58:51+00:00,MATIC,0.126156,,,coingecko
2026-08-01T22:58:51+00:00,LTC,44.16,,,coingecko
2026-08-01T22:59:55+00:00,BTC,62782.0,,,coingecko
2026-08-01T22:59:55+00:00,ETH,1846.12,,,coingecko
2026-08-01T22:59:55+00:00,SOL,71.85,,,coingecko
2026-08-01T22:59:55+00:00,XRP,1.06,,,coingecko
2026-08-01T22:59:55+00:00,DOGE,0.06898,,,coingecko
2026-08-01T22:59:55+00:00,BNB,575.27,,,coingecko
2026-08-01T22:59:55+00:00,ADA,0.17334,,,coingecko
2026-08-01T22:59:55+00:00,LINK,8.06,,,coingecko
2026-08-01T22:59:55+00:00,AVAX,6.18,,,coingecko
2026-08-01T22:59:55+00:00,DOT,0.779173,,,coingecko
2026-08-01T22:59:55+00:00,MATIC,0.126156,,,coingecko
2026-08-01T22:59:55+00:00,LTC,44.18,,,coingecko
2026-08-01T23:00:58+00:00,BTC,62781.0,,,coingecko
2026-08-01T23:00:58+00:00,ETH,1845.87,,,coingecko
2026-08-01T23:00:58+00:00,SOL,71.86,,,coingecko
2026-08-01T23:00:58+00:00,XRP,1.06,,,coingecko
2026-08-01T23:00:58+00:00,DOGE,0.068973,,,coingecko
2026-08-01T23:00:58+00:00,BNB,575.28,,,coingecko
2026-08-01T23:00:58+00:00,ADA,0.17327,,,coingecko
2026-08-01T23:00:58+00:00,LINK,8.06,,,coingecko
2026-08-01T23:00:58+00:00,AVAX,6.18,,,coingecko
2026-08-01T23:00:58+00:00,DOT,0.779141,,,coingecko
2026-08-01T23:00:58+00:00,MATIC,0.126156,,,coingecko
2026-08-01T23:00:58+00:00,LTC,44.18,,,coingecko
2026-08-01T23:02:05+00:00,BTC,62787.0,,,coingecko
2026-08-01T23:02:05+00:00,ETH,1846.24,,,coingecko
2026-08-01T23:02:05+00:00,SOL,71.97,,,coingecko
2026-08-01T23:02:05+00:00,XRP,1.061,,,coingecko
2026-08-01T23:02:05+00:00,DOGE,0.069001,,,coingecko
2026-08-01T23:02:05+00:00,BNB,575.41,,,coingecko
2026-08-01T23:02:05+00:00,ADA,0.173322,,,coingecko
2026-08-01T23:02:05+00:00,LINK,8.07,,,coingecko
2026-08-01T23:02:05+00:00,AVAX,6.18,,,coingecko
2026-08-01T23:02:05+00:00,DOT,0.779076,,,coingecko
2026-08-01T23:02:05+00:00,MATIC,0.126156,,,coingecko
2026-08-01T23:02:05+00:00,LTC,44.18,,,coingecko
2026-08-01T23:02:45+00:00,BTC,62784.425,,,consenso
2026-08-01T23:02:45+00:00,ETH,1846.685,,,consenso
2026-08-01T23:02:45+00:00,SOL,71.98,,,consenso
2026-08-01T23:02:45+00:00,XRP,1.06075,,,consenso
2026-08-01T23:02:45+00:00,DOGE,0.0691,,,binance
2026-08-01T23:02:45+00:00,BNB,575.98,,,binance
2026-08-01T23:03:09+00:00,BTC,62794.0,,,coingecko
2026-08-01T23:03:09+00:00,ETH,1846.53,,,coingecko
2026-08-01T23:03:09+00:00,SOL,71.98,,,coingecko
2026-08-01T23:03:09+00:00,XRP,1.061,,,coingecko
2026-08-01T23:03:09+00:00,DOGE,0.069024,,,coingecko
2026-08-01T23:03:09+00:00,BNB,575.39,,,coingecko
2026-08-01T23:03:09+00:00,ADA,0.173405,,,coingecko
2026-08-01T23:03:09+00:00,LINK,8.07,,,coingecko
2026-08-01T23:03:09+00:00,AVAX,6.19,,,coingecko
2026-08-01T23:03:09+00:00,DOT,0.779106,,,coingecko
2026-08-01T23:03:09+00:00,MATIC,0.126156,,,coingecko
2026-08-01T23:03:09+00:00,LTC,44.19,,,coingecko
2026-08-01T23:03:43+00:00,BTC,62784.425,,,consenso
2026-08-01T23:03:43+00:00,ETH,1846.685,,,consenso
2026-08-01T23:03:43+00:00,SOL,72.02,,,consenso
2026-08-01T23:03:43+00:00,XRP,1.0617,,,consenso
2026-08-01T23:03:43+00:00,DOGE,0.0691,,,binance
2026-08-01T23:03:43+00:00,BNB,575.9,,,binance
2026-08-01T23:04:12+00:00,BTC,62798.0,,,coingecko
2026-08-01T23:04:12+00:00,ETH,1846.91,,,coingecko
2026-08-01T23:04:12+00:00,SOL,71.99,,,coingecko
2026-08-01T23:04:12+00:00,XRP,1.061,,,coingecko
2026-08-01T23:04:12+00:00,DOGE,0.069021,,,coingecko
2026-08-01T23:04:12+00:00,BNB,575.44,,,coingecko
2026-08-01T23:04:12+00:00,ADA,0.173352,,,coingecko
2026-08-01T23:04:12+00:00,LINK,8.07,,,coingecko
2026-08-01T23:04:12+00:00,AVAX,6.18,,,coingecko
2026-08-01T23:04:12+00:00,DOT,0.779531,,,coingecko
2026-08-01T23:04:12+00:00,MATIC,0.126156,,,coingecko
2026-08-01T23:04:12+00:00,LTC,44.2,,,coingecko
2026-08-01T23:04:40+00:00,BTC,62784.425,,,consenso
2026-08-01T23:04:40+00:00,ETH,1846.685,,,consenso
2026-08-01T23:04:40+00:00,SOL,72.03,,,consenso
2026-08-01T23:04:40+00:00,XRP,1.0618,,,consenso
2026-08-01T23:04:40+00:00,DOGE,0.0691,,,binance
2026-08-01T23:04:40+00:00,BNB,575.95,,,binance
2026-08-01T23:05:15+00:00,BTC,62796.0,,,coingecko
2026-08-01T23:05:15+00:00,ETH,1846.57,,,coingecko
2026-08-01T23:05:15+00:00,SOL,71.97,,,coingecko
2026-08-01T23:05:15+00:00,XRP,1.061,,,coingecko
2026-08-01T23:05:15+00:00,DOGE,0.069034,,,coingecko
2026-08-01T23:05:15+00:00,BNB,575.42,,,coingecko
2026-08-01T23:05:15+00:00,ADA,0.173322,,,coingecko
2026-08-01T23:05:15+00:00,LINK,8.07,,,coingecko
2026-08-01T23:05:15+00:00,AVAX,6.18,,,coingecko
2026-08-01T23:05:15+00:00,DOT,0.779389,,,coingecko
2026-08-01T23:05:15+00:00,MATIC,0.126156,,,coingecko
2026-08-01T23:05:15+00:00,LTC,44.2,,,coingecko
2026-08-01T23:09:41+00:00,BTC,62784.0,,,coingecko
2026-08-01T23:09:41+00:00,ETH,1845.7,,,coingecko
2026-08-01T23:09:41+00:00,SOL,71.95,,,coingecko
2026-08-01T23:09:41+00:00,XRP,1.061,,,coingecko
2026-08-01T23:09:41+00:00,DOGE,0.069033,,,coingecko
2026-08-01T23:09:41+00:00,BNB,575.42,,,coingecko
2026-08-01T23:09:41+00:00,ADA,0.17392,,,coingecko
2026-08-01T23:09:41+00:00,LINK,8.07,,,coingecko
2026-08-01T23:09:41+00:00,AVAX,6.19,,,coingecko
2026-08-01T23:09:41+00:00,DOT,0.780438,,,coingecko
2026-08-01T23:09:41+00:00,MATIC,0.126156,,,coingecko
2026-08-01T23:09:41+00:00,LTC,44.17,,,coingecko
2026-08-01T23:10:47+00:00,BTC,62784.0,,,coingecko
2026-08-01T23:10:47+00:00,ETH,1846.19,,,coingecko
2026-08-01T23:10:47+00:00,SOL,71.96,,,coingecko
2026-08-01T23:10:47+00:00,XRP,1.061,,,coingecko
2026-08-01T23:10:47+00:00,DOGE,0.069207,,,coingecko
2026-08-01T23:10:47+00:00,BNB,575.46,,,coingecko
2026-08-01T23:10:47+00:00,ADA,0.173969,,,coingecko
2026-08-01T23:10:47+00:00,LINK,8.07,,,coingecko
2026-08-01T23:10:47+00:00,AVAX,6.19,,,coingecko
2026-08-01T23:10:47+00:00,DOT,0.78082,,,coingecko
2026-08-01T23:10:47+00:00,MATIC,0.126156,,,coingecko
2026-08-01T23:10:47+00:00,LTC,44.16,,,coingecko
2026-08-01T23:11:51+00:00,BTC,62784.0,,,coingecko
2026-08-01T23:11:51+00:00,ETH,1846.0,,,coingecko
2026-08-01T23:11:51+00:00,SOL,71.96,,,coingecko
2026-08-01T23:11:51+00:00,XRP,1.061,,,coingecko
2026-08-01T23:11:51+00:00,DOGE,0.069196,,,coingecko
2026-08-01T23:11:51+00:00,BNB,575.53,,,coingecko
2026-08-01T23:11:51+00:00,ADA,0.174028,,,coingecko
2026-08-01T23:11:51+00:00,LINK,8.08,,,coingecko
2026-08-01T23:11:51+00:00,AVAX,6.19,,,coingecko
2026-08-01T23:11:51+00:00,DOT,0.781129,,,coingecko
2026-08-01T23:11:51+00:00,MATIC,0.126156,,,coingecko
2026-08-01T23:11:51+00:00,LTC,44.16,,,coingecko
2026-08-01T23:12:56+00:00,BTC,62783.0,,,coingecko
2026-08-01T23:12:56+00:00,ETH,1846.04,,,coingecko
2026-08-01T23:12:56+00:00,SOL,71.96,,,coingecko
2026-08-01T23:12:56+00:00,XRP,1.061,,,coingecko
2026-08-01T23:12:56+00:00,DOGE,0.069178,,,coingecko
2026-08-01T23:12:56+00:00,BNB,575.53,,,coingecko
2026-08-01T23:12:56+00:00,ADA,0.173951,,,coingecko
2026-08-01T23:12:56+00:00,LINK,8.08,,,coingecko
2026-08-01T23:12:56+00:00,AVAX,6.19,,,coingecko
2026-08-01T23:12:56+00:00,DOT,0.780998,,,coingecko
2026-08-01T23:12:56+00:00,MATIC,0.126156,,,coingecko
2026-08-01T23:12:56+00:00,LTC,44.16,,,coingecko
2026-08-01T23:14:00+00:00,BTC,62768.0,,,coingecko
2026-08-01T23:14:00+00:00,ETH,1845.59,,,coingecko
2026-08-01T23:14:00+00:00,SOL,71.94,,,coingecko
2026-08-01T23:14:00+00:00,XRP,1.06,,,coingecko
2026-08-01T23:14:00+00:00,DOGE,0.069162,,,coingecko
2026-08-01T23:14:00+00:00,BNB,575.43,,,coingecko
2026-08-01T23:14:00+00:00,ADA,0.17403,,,coingecko
2026-08-01T23:14:00+00:00,LINK,8.07,,,coingecko
2026-08-01T23:14:00+00:00,AVAX,6.19,,,coingecko
2026-08-01T23:14:00+00:00,DOT,0.781043,,,coingecko
2026-08-01T23:14:00+00:00,MATIC,0.126156,,,coingecko
2026-08-01T23:14:00+00:00,LTC,44.16,,,coingecko
2026-08-01T23:14:07+00:00,BTC,62751.005,,,consenso
2026-08-01T23:14:07+00:00,ETH,1845.15,,,consenso
2026-08-01T23:14:07+00:00,SOL,71.915,,,consenso
2026-08-01T23:14:07+00:00,XRP,1.0601,,,consenso
2026-08-01T23:14:07+00:00,DOGE,0.06917,,,binance
2026-08-01T23:14:07+00:00,BNB,575.86,,,binance
2026-08-01T23:15:05+00:00,BTC,62759.0,,,coingecko
2026-08-01T23:15:05+00:00,ETH,1845.17,,,coingecko
2026-08-01T23:15:05+00:00,SOL,71.92,,,coingecko
2026-08-01T23:15:05+00:00,XRP,1.06,,,coingecko
2026-08-01T23:15:05+00:00,DOGE,0.06913,,,coingecko
2026-08-01T23:15:05+00:00,BNB,575.38,,,coingecko
2026-08-01T23:15:05+00:00,ADA,0.173911,,,coingecko
2026-08-01T23:15:05+00:00,LINK,8.07,,,coingecko
2026-08-01T23:15:05+00:00,AVAX,6.19,,,coingecko
2026-08-01T23:15:05+00:00,DOT,0.780959,,,coingecko
2026-08-01T23:15:05+00:00,MATIC,0.126156,,,coingecko
2026-08-01T23:15:05+00:00,LTC,44.16,,,coingecko
2026-08-01T23:15:32+00:00,BTC,62751.005,,,consenso
2026-08-01T23:15:32+00:00,ETH,1845.15,,,consenso
2026-08-01T23:15:32+00:00,SOL,72.0,,,consenso
2026-08-01T23:15:32+00:00,XRP,1.0608,,,consenso
2026-08-01T23:15:32+00:00,DOGE,0.06918,,,binance
2026-08-01T23:15:32+00:00,BNB,575.9,,,binance
2026-08-01T23:16:12+00:00,BTC,62759.0,,,coingecko
2026-08-01T23:16:12+00:00,ETH,1845.21,,,coingecko
2026-08-01T23:16:12+00:00,SOL,71.93,,,coingecko
2026-08-01T23:16:12+00:00,XRP,1.06,,,coingecko
2026-08-01T23:16:12+00:00,DOGE,0.069127,,,coingecko
2026-08-01T23:16:12+00:00,BNB,575.42,,,coingecko
2026-08-01T23:16:12+00:00,ADA,0.173891,,,coingecko
2026-08-01T23:16:12+00:00,LINK,8.07,,,coingecko
2026-08-01T23:16:12+00:00,AVAX,6.19,,,coingecko
2026-08-01T23:16:12+00:00,DOT,0.780953,,,coingecko
2026-08-01T23:16:12+00:00,MATIC,0.126156,,,coingecko
2026-08-01T23:16:12+00:00,LTC,44.16,,,coingecko
2026-08-01T23:16:38+00:00,BTC,62751.005,,,consenso
2026-08-01T23:16:38+00:00,ETH,1845.15,,,consenso
2026-08-01T23:16:38+00:00,SOL,71.95,,,consenso
2026-08-01T23:16:38+00:00,XRP,1.0604,,,consenso
2026-08-01T23:16:38+00:00,DOGE,0.06916,,,binance
2026-08-01T23:16:38+00:00,BNB,575.72,,,binance
2026-08-01T23:17:16+00:00,BTC,62759.0,,,coingecko
2026-08-01T23:17:16+00:00,ETH,1845.0,,,coingecko
2026-08-01T23:17:16+00:00,SOL,71.93,,,coingecko
2026-08-01T23:17:16+00:00,XRP,1.06,,,coingecko
2026-08-01T23:17:16+00:00,DOGE,0.069132,,,coingecko
2026-08-01T23:17:16+00:00,BNB,575.4,,,coingecko
2026-08-01T23:17:16+00:00,ADA,0.173867,,,coingecko
2026-08-01T23:17:16+00:00,LINK,8.07,,,coingecko
2026-08-01T23:17:16+00:00,AVAX,6.19,,,coingecko
2026-08-01T23:17:16+00:00,DOT,0.781108,,,coingecko
2026-08-01T23:17:16+00:00,MATIC,0.126156,,,coingecko
2026-08-01T23:17:16+00:00,LTC,44.17,,,coingecko
2026-08-01T23:18:21+00:00,BTC,62742.0,,,coingecko
2026-08-01T23:18:21+00:00,ETH,1844.44,,,coingecko
2026-08-01T23:18:21+00:00,SOL,71.9,,,coingecko
2026-08-01T23:18:21+00:00,XRP,1.06,,,coingecko
2026-08-01T23:18:21+00:00,DOGE,0.069104,,,coingecko
2026-08-01T23:18:21+00:00,BNB,575.29,,,coingecko
2026-08-01T23:18:21+00:00,ADA,0.174044,,,coingecko
2026-08-01T23:18:21+00:00,LINK,8.07,,,coingecko
2026-08-01T23:18:21+00:00,AVAX,6.18,,,coingecko
2026-08-01T23:18:21+00:00,DOT,0.781047,,,coingecko
2026-08-01T23:18:21+00:00,MATIC,0.126156,,,coingecko
2026-08-01T23:18:21+00:00,LTC,44.16,,,coingecko
2026-08-01T23:19:25+00:00,BTC,62743.0,,,coingecko
2026-08-01T23:19:25+00:00,ETH,1844.39,,,coingecko
2026-08-01T23:19:25+00:00,SOL,71.91,,,coingecko
2026-08-01T23:19:25+00:00,XRP,1.06,,,coingecko
2026-08-01T23:19:25+00:00,DOGE,0.069099,,,coingecko
2026-08-01T23:19:25+00:00,BNB,575.28,,,coingecko
2026-08-01T23:19:25+00:00,ADA,0.174065,,,coingecko
2026-08-01T23:19:25+00:00,LINK,8.06,,,coingecko
2026-08-01T23:19:25+00:00,AVAX,6.18,,,coingecko
2026-08-01T23:19:25+00:00,DOT,0.780837,,,coingecko
2026-08-01T23:19:25+00:00,MATIC,0.126156,,,coingecko
2026-08-01T23:19:25+00:00,LTC,44.16,,,coingecko
2026-08-01T23:23:38+00:00,BTC,62728.0,,,coingecko
2026-08-01T23:23:38+00:00,ETH,1843.4,,,coingecko
2026-08-01T23:23:38+00:00,SOL,71.85,,,coingecko
2026-08-01T23:23:38+00:00,XRP,1.059,,,coingecko
2026-08-01T23:23:38+00:00,DOGE,0.069096,,,coingecko
2026-08-01T23:23:38+00:00,BNB,575.37,,,coingecko
2026-08-01T23:23:38+00:00,ADA,0.173934,,,coingecko
2026-08-01T23:23:38+00:00,LINK,8.06,,,coingecko
2026-08-01T23:23:38+00:00,AVAX,6.18,,,coingecko
2026-08-01T23:23:38+00:00,DOT,0.77903,,,coingecko
2026-08-01T23:23:38+00:00,MATIC,0.126156,,,coingecko
2026-08-01T23:23:38+00:00,LTC,44.14,,,coingecko
2026-08-01T23:24:44+00:00,BTC,62729.0,,,coingecko
2026-08-01T23:24:44+00:00,ETH,1843.24,,,coingecko
2026-08-01T23:24:44+00:00,SOL,71.82,,,coingecko
2026-08-01T23:24:44+00:00,XRP,1.059,,,coingecko
2026-08-01T23:24:44+00:00,DOGE,0.069105,,,coingecko
2026-08-01T23:24:44+00:00,BNB,575.43,,,coingecko
2026-08-01T23:24:44+00:00,ADA,0.173836,,,coingecko
2026-08-01T23:24:44+00:00,LINK,8.06,,,coingecko
2026-08-01T23:24:44+00:00,AVAX,6.18,,,coingecko
2026-08-01T23:24:44+00:00,DOT,0.779236,,,coingecko
2026-08-01T23:24:44+00:00,MATIC,0.126156,,,coingecko
2026-08-01T23:24:44+00:00,LTC,44.14,,,coingecko
2026-08-01T23:25:18+00:00,BTC,62729.305,,,consenso
2026-08-01T23:25:18+00:00,ETH,1842.845,,,consenso
2026-08-01T23:25:18+00:00,SOL,71.79,,,consenso
2026-08-01T23:25:18+00:00,XRP,1.05915,,,consenso
2026-08-01T23:25:18+00:00,DOGE,0.06915,,,binance
2026-08-01T23:25:18+00:00,BNB,576.06,,,binance
2026-08-01T23:25:48+00:00,BTC,62730.0,,,coingecko
2026-08-01T23:25:48+00:00,ETH,1843.07,,,coingecko
2026-08-01T23:25:48+00:00,SOL,71.8,,,coingecko
2026-08-01T23:25:48+00:00,XRP,1.059,,,coingecko
2026-08-01T23:25:48+00:00,DOGE,0.069114,,,coingecko
2026-08-01T23:25:48+00:00,BNB,575.46,,,coingecko
2026-08-01T23:25:48+00:00,ADA,0.173802,,,coingecko
2026-08-01T23:25:48+00:00,LINK,8.06,,,coingecko
2026-08-01T23:25:48+00:00,AVAX,6.18,,,coingecko
2026-08-01T23:25:48+00:00,DOT,0.779407,,,coingecko
2026-08-01T23:25:48+00:00,MATIC,0.126156,,,coingecko
2026-08-01T23:25:48+00:00,LTC,44.14,,,coingecko
2026-08-01T23:26:15+00:00,BTC,62729.305,,,consenso
2026-08-01T23:26:15+00:00,ETH,1842.845,,,consenso
2026-08-01T23:26:15+00:00,SOL,71.85,,,consenso
2026-08-01T23:26:15+00:00,XRP,1.06,,,consenso
2026-08-01T23:26:15+00:00,DOGE,0.06915,,,binance
2026-08-01T23:26:15+00:00,BNB,576.08,,,binance
2026-08-01T23:26:51+00:00,BTC,62733.0,,,coingecko
2026-08-01T23:26:51+00:00,ETH,1843.15,,,coingecko
2026-08-01T23:26:51+00:00,SOL,71.81,,,coingecko
2026-08-01T23:26:51+00:00,XRP,1.059,,,coingecko
2026-08-01T23:26:51+00:00,DOGE,0.069125,,,coingecko
2026-08-01T23:26:51+00:00,BNB,575.51,,,coingecko
2026-08-01T23:26:51+00:00,ADA,0.173838,,,coingecko
2026-08-01T23:26:51+00:00,LINK,8.06,,,coingecko
2026-08-01T23:26:51+00:00,AVAX,6.18,,,coingecko
2026-08-01T23:26:51+00:00,DOT,0.779652,,,coingecko
2026-08-01T23:26:51+00:00,MATIC,0.126156,,,coingecko
2026-08-01T23:26:51+00:00,LTC,44.14,,,coingecko
2026-08-01T23:27:04+00:00,BTC,62729.305,,,consenso
2026-08-01T23:27:04+00:00,ETH,1842.845,,,consenso
2026-08-01T23:27:04+00:00,SOL,71.84,,,consenso
2026-08-01T23:27:04+00:00,XRP,1.0597,,,consenso
2026-08-01T23:27:04+00:00,DOGE,0.06912,,,binance
2026-08-01T23:27:04+00:00,BNB,576.14,,,binance
2026-08-01T23:27:53+00:00,BTC,62728.0,,,coingecko
2026-08-01T23:27:53+00:00,ETH,1843.2,,,coingecko
2026-08-01T23:27:53+00:00,SOL,71.79,,,coingecko
2026-08-01T23:27:53+00:00,XRP,1.059,,,coingecko
2026-08-01T23:27:53+00:00,DOGE,0.069106,,,coingecko
2026-08-01T23:27:53+00:00,BNB,575.53,,,coingecko
2026-08-01T23:27:53+00:00,ADA,0.173795,,,coingecko
2026-08-01T23:27:53+00:00,LINK,8.06,,,coingecko
2026-08-01T23:27:53+00:00,AVAX,6.18,,,coingecko
2026-08-01T23:27:53+00:00,DOT,0.779653,,,coingecko
2026-08-01T23:27:53+00:00,MATIC,0.126156,,,coingecko
2026-08-01T23:27:53+00:00,LTC,44.14,,,coingecko
2026-08-01T23:28:56+00:00,BTC,62727.0,,,coingecko
2026-08-01T23:28:56+00:00,ETH,1842.76,,,coingecko
2026-08-01T23:28:56+00:00,SOL,71.77,,,coingecko
2026-08-01T23:28:56+00:00,XRP,1.059,,,coingecko
2026-08-01T23:28:56+00:00,DOGE,0.069071,,,coingecko
2026-08-01T23:28:56+00:00,BNB,575.41,,,coingecko
2026-08-01T23:28:56+00:00,ADA,0.173641,,,coingecko
2026-08-01T23:28:56+00:00,LINK,8.05,,,coingecko
2026-08-01T23:28:56+00:00,AVAX,6.18,,,coingecko
2026-08-01T23:28:56+00:00,DOT,0.779685,,,coingecko
2026-08-01T23:28:56+00:00,MATIC,0.126156,,,coingecko
2026-08-01T23:28:56+00:00,LTC,44.13,,,coingecko
2026-08-01T23:30:01+00:00,BTC,62726.0,,,coingecko
2026-08-01T23:30:01+00:00,ETH,1842.6,,,coingecko
2026-08-01T23:30:01+00:00,SOL,71.77,,,coingecko
2026-08-01T23:30:01+00:00,XRP,1.059,,,coingecko
2026-08-01T23:30:01+00:00,DOGE,0.069078,,,coingecko
2026-08-01T23:30:01+00:00,BNB,575.27,,,coingecko
2026-08-01T23:30:01+00:00,ADA,0.173639,,,coingecko
2026-08-01T23:30:01+00:00,LINK,8.05,,,coingecko
2026-08-01T23:30:01+00:00,AVAX,6.18,,,coingecko
2026-08-01T23:30:01+00:00,DOT,0.779199,,,coingecko
2026-08-01T23:30:01+00:00,MATIC,0.126156,,,coingecko
2026-08-01T23:30:01+00:00,LTC,44.13,,,coingecko
2026-08-01T23:31:13+00:00,BTC,62721.0,,,coingecko
2026-08-01T23:31:13+00:00,ETH,1842.23,,,coingecko
2026-08-01T23:31:13+00:00,SOL,71.77,,,coingecko
2026-08-01T23:31:13+00:00,XRP,1.059,,,coingecko
2026-08-01T23:31:13+00:00,DOGE,0.069073,,,coingecko
2026-08-01T23:31:13+00:00,BNB,575.18,,,coingecko
2026-08-01T23:31:13+00:00,ADA,0.173764,,,coingecko
2026-08-01T23:31:13+00:00,LINK,8.05,,,coingecko
2026-08-01T23:31:13+00:00,AVAX,6.18,,,coingecko
2026-08-01T23:31:13+00:00,DOT,0.779207,,,coingecko
2026-08-01T23:31:13+00:00,MATIC,0.126156,,,coingecko
2026-08-01T23:31:13+00:00,LTC,44.12,,,coingecko
2026-08-01T23:32:17+00:00,BTC,62722.0,,,coingecko
2026-08-01T23:32:17+00:00,ETH,1842.49,,,coingecko
2026-08-01T23:32:17+00:00,SOL,71.81,,,coingecko
2026-08-01T23:32:17+00:00,XRP,1.059,,,coingecko
2026-08-01T23:32:17+00:00,DOGE,0.069085,,,coingecko
2026-08-01T23:32:17+00:00,BNB,575.18,,,coingecko
2026-08-01T23:32:17+00:00,ADA,0.173793,,,coingecko
2026-08-01T23:32:17+00:00,LINK,8.05,,,coingecko
2026-08-01T23:32:17+00:00,AVAX,6.18,,,coingecko
2026-08-01T23:32:17+00:00,DOT,0.779188,,,coingecko
2026-08-01T23:32:17+00:00,MATIC,0.126156,,,coingecko
2026-08-01T23:32:17+00:00,LTC,44.14,,,coingecko
2026-08-01T23:33:11+00:00,BTC,62720.005,,,consenso
2026-08-01T23:33:11+00:00,ETH,1842.825,,,consenso
2026-08-01T23:33:11+00:00,SOL,71.82,,,consenso
2026-08-01T23:33:11+00:00,XRP,1.0593,,,consenso
2026-08-01T23:33:11+00:00,DOGE,0.06916,,,binance
2026-08-01T23:33:11+00:00,BNB,575.5,,,binance
2026-08-01T23:33:21+00:00,BTC,62730.0,,,coingecko
2026-08-01T23:33:21+00:00,ETH,1843.1,,,coingecko
2026-08-01T23:33:21+00:00,SOL,71.83,,,coingecko
2026-08-01T23:33:21+00:00,XRP,1.06,,,coingecko
2026-08-01T23:33:21+00:00,DOGE,0.069093,,,coingecko
2026-08-01T23:33:21+00:00,BNB,575.32,,,coingecko
2026-08-01T23:33:21+00:00,ADA,0.173831,,,coingecko
2026-08-01T23:33:21+00:00,LINK,8.05,,,coingecko
2026-08-01T23:33:21+00:00,AVAX,6.18,,,coingecko
2026-08-01T23:33:21+00:00,DOT,0.779566,,,coingecko
2026-08-01T23:33:21+00:00,MATIC,0.126156,,,coingecko
2026-08-01T23:33:21+00:00,LTC,44.14,,,coingecko
2026-08-01T23:34:14+00:00,BTC,62720.005,,,consenso
2026-08-01T23:34:14+00:00,ETH,1842.825,,,consenso
2026-08-01T23:34:14+00:00,SOL,71.86,,,consenso
2026-08-01T23:34:14+00:00,XRP,1.0601,,,consenso
2026-08-01T23:34:14+00:00,DOGE,0.06916,,,binance
2026-08-01T23:34:14+00:00,BNB,575.45,,,binance
2026-08-01T23:35:30+00:00,BTC,62720.005,,,consenso
2026-08-01T23:35:30+00:00,ETH,1842.825,,,consenso
2026-08-01T23:35:30+00:00,SOL,71.86,,,consenso
2026-08-01T23:35:30+00:00,XRP,1.0602,,,consenso
2026-08-01T23:35:30+00:00,DOGE,0.06917,,,binance
2026-08-01T23:35:30+00:00,BNB,575.58,,,binance
2026-08-01T23:37:08+00:00,BTC,62733.0,,,coingecko
2026-08-01T23:37:08+00:00,ETH,1843.33,,,coingecko
2026-08-01T23:37:08+00:00,SOL,71.81,,,coingecko
2026-08-01T23:37:08+00:00,XRP,1.059,,,coingecko
2026-08-01T23:37:08+00:00,DOGE,0.069117,,,coingecko
2026-08-01T23:37:08+00:00,BNB,575.17,,,coingecko
2026-08-01T23:37:08+00:00,ADA,0.173992,,,coingecko
2026-08-01T23:37:08+00:00,LINK,8.05,,,coingecko
2026-08-01T23:37:08+00:00,AVAX,6.18,,,coingecko
2026-08-01T23:37:08+00:00,DOT,0.77811,,,coingecko
2026-08-01T23:37:08+00:00,MATIC,0.126156,,,coingecko
2026-08-01T23:37:08+00:00,LTC,44.13,,,coingecko
2026-08-01T23:38:14+00:00,BTC,62744.0,,,coingecko
2026-08-01T23:38:14+00:00,ETH,1843.28,,,coingecko
2026-08-01T23:38:14+00:00,SOL,71.83,,,coingecko
2026-08-01T23:38:14+00:00,XRP,1.059,,,coingecko
2026-08-01T23:38:14+00:00,DOGE,0.069115,,,coingecko
2026-08-01T23:38:14+00:00,BNB,575.19,,,coingecko
2026-08-01T23:38:14+00:00,ADA,0.173923,,,coingecko
2026-08-01T23:38:14+00:00,LINK,8.05,,,coingecko
2026-08-01T23:38:14+00:00,AVAX,6.19,,,coingecko
2026-08-01T23:38:14+00:00,DOT,0.778159,,,coingecko
2026-08-01T23:38:14+00:00,MATIC,0.126156,,,coingecko
2026-08-01T23:38:14+00:00,LTC,44.13,,,coingecko
2026-08-01T23:39:18+00:00,BTC,62779.0,,,coingecko
2026-08-01T23:39:18+00:00,ETH,1844.43,,,coingecko
2026-08-01T23:39:18+00:00,SOL,71.85,,,coingecko
2026-08-01T23:39:18+00:00,XRP,1.059,,,coingecko
2026-08-01T23:39:18+00:00,DOGE,0.069126,,,coingecko
2026-08-01T23:39:18+00:00,BNB,575.23,,,coingecko
2026-08-01T23:39:18+00:00,ADA,0.174066,,,coingecko
2026-08-01T23:39:18+00:00,LINK,8.05,,,coingecko
2026-08-01T23:39:18+00:00,AVAX,6.19,,,coingecko
2026-08-01T23:39:18+00:00,DOT,0.778833,,,coingecko
2026-08-01T23:39:18+00:00,MATIC,0.126156,,,coingecko
2026-08-01T23:39:18+00:00,LTC,44.13,,,coingecko
2026-08-01T23:40:21+00:00,BTC,62772.0,,,coingecko
2026-08-01T23:40:21+00:00,ETH,1844.02,,,coingecko
2026-08-01T23:40:21+00:00,SOL,71.83,,,coingecko
2026-08-01T23:40:21+00:00,XRP,1.059,,,coingecko
2026-08-01T23:40:21+00:00,DOGE,0.069102,,,coingecko
2026-08-01T23:40:21+00:00,BNB,575.15,,,coingecko
2026-08-01T23:40:21+00:00,ADA,0.174032,,,coingecko
2026-08-01T23:40:21+00:00,LINK,8.05,,,coingecko
2026-08-01T23:40:21+00:00,AVAX,6.19,,,coingecko
2026-08-01T23:40:21+00:00,DOT,0.778885,,,coingecko
2026-08-01T23:40:21+00:00,MATIC,0.126156,,,coingecko
2026-08-01T23:40:21+00:00,LTC,44.14,,,coingecko
2026-08-01T23:41:26+00:00,BTC,62773.0,,,coingecko
2026-08-01T23:41:26+00:00,ETH,1843.78,,,coingecko
2026-08-01T23:41:26+00:00,SOL,71.83,,,coingecko
2026-08-01T23:41:26+00:00,XRP,1.059,,,coingecko
2026-08-01T23:41:26+00:00,DOGE,0.069114,,,coingecko
2026-08-01T23:41:26+00:00,BNB,575.1,,,coingecko
2026-08-01T23:41:26+00:00,ADA,0.174027,,,coingecko
2026-08-01T23:41:26+00:00,LINK,8.05,,,coingecko
2026-08-01T23:41:26+00:00,AVAX,6.19,,,coingecko
2026-08-01T23:41:26+00:00,DOT,0.778945,,,coingecko
2026-08-01T23:41:26+00:00,MATIC,0.126156,,,coingecko
2026-08-01T23:41:26+00:00,LTC,44.15,,,coingecko
2026-08-01T23:42:30+00:00,BTC,62771.0,,,coingecko
2026-08-01T23:42:30+00:00,ETH,1844.02,,,coingecko
2026-08-01T23:42:30+00:00,SOL,71.84,,,coingecko
2026-08-01T23:42:30+00:00,XRP,1.059,,,coingecko
2026-08-01T23:42:30+00:00,DOGE,0.069129,,,coingecko
2026-08-01T23:42:30+00:00,BNB,575.04,,,coingecko
2026-08-01T23:42:30+00:00,ADA,0.174088,,,coingecko
2026-08-01T23:42:30+00:00,LINK,8.05,,,coingecko
2026-08-01T23:42:30+00:00,AVAX,6.19,,,coingecko
2026-08-01T23:42:30+00:00,DOT,0.779041,,,coingecko
2026-08-01T23:42:30+00:00,MATIC,0.126156,,,coingecko
2026-08-01T23:42:30+00:00,LTC,44.14,,,coingecko
2026-08-01T23:42:49+00:00,BTC,62757.335,,,consenso
2026-08-01T23:42:49+00:00,ETH,1844.315,,,consenso
2026-08-01T23:42:49+00:00,SOL,71.85,,,consenso
2026-08-01T23:42:49+00:00,XRP,1.05955,,,consenso
2026-08-01T23:42:49+00:00,DOGE,0.06921,,,binance
2026-08-01T23:42:49+00:00,BNB,575.44,,,binance
2026-08-01T23:43:36+00:00,BTC,62769.0,,,coingecko
2026-08-01T23:43:36+00:00,ETH,1844.11,,,coingecko
2026-08-01T23:43:36+00:00,SOL,71.84,,,coingecko
2026-08-01T23:43:36+00:00,XRP,1.059,,,coingecko
2026-08-01T23:43:36+00:00,DOGE,0.069141,,,coingecko
2026-08-01T23:43:36+00:00,BNB,575.02,,,coingecko
2026-08-01T23:43:36+00:00,ADA,0.174113,,,coingecko
2026-08-01T23:43:36+00:00,LINK,8.06,,,coingecko
2026-08-01T23:43:36+00:00,AVAX,6.19,,,coingecko
2026-08-01T23:43:36+00:00,DOT,0.779164,,,coingecko
2026-08-01T23:43:36+00:00,MATIC,0.126156,,,coingecko
2026-08-01T23:43:36+00:00,LTC,44.15,,,coingecko
2026-08-01T23:43:47+00:00,BTC,62757.335,,,consenso
2026-08-01T23:43:47+00:00,ETH,1844.315,,,consenso
2026-08-01T23:43:47+00:00,SOL,71.89,,,consenso
2026-08-01T23:43:47+00:00,XRP,1.0602,,,consenso
2026-08-01T23:43:47+00:00,DOGE,0.06921,,,binance
2026-08-01T23:43:47+00:00,BNB,575.23,,,binance
2026-08-01T23:44:39+00:00,BTC,62760.0,,,coingecko
2026-08-01T23:44:39+00:00,ETH,1844.38,,,coingecko
2026-08-01T23:44:39+00:00,SOL,71.86,,,coingecko
2026-08-01T23:44:39+00:00,XRP,1.06,,,coingecko
2026-08-01T23:44:39+00:00,DOGE,0.069154,,,coingecko
2026-08-01T23:44:39+00:00,BNB,574.95,,,coingecko
2026-08-01T23:44:39+00:00,ADA,0.174147,,,coingecko
2026-08-01T23:44:39+00:00,LINK,8.06,,,coingecko
2026-08-01T23:44:39+00:00,AVAX,6.19,,,coingecko
2026-08-01T23:44:39+00:00,DOT,0.77992,,,coingecko
2026-08-01T23:44:39+00:00,MATIC,0.126156,,,coingecko
2026-08-01T23:44:39+00:00,LTC,44.15,,,coingecko
2026-08-01T23:44:40+00:00,BTC,62757.335,,,consenso
2026-08-01T23:44:40+00:00,ETH,1844.315,,,consenso
2026-08-01T23:44:40+00:00,SOL,71.88,,,consenso
2026-08-01T23:44:40+00:00,XRP,1.06,,,consenso
2026-08-01T23:44:40+00:00,DOGE,0.06918,,,binance
2026-08-01T23:44:40+00:00,BNB,575.14,,,binance
2026-08-01T23:45:41+00:00,BTC,62749.0,,,coingecko
2026-08-01T23:45:41+00:00,ETH,1843.52,,,coingecko
2026-08-01T23:45:41+00:00,SOL,71.83,,,coingecko
2026-08-01T23:45:41+00:00,XRP,1.059,,,coingecko
2026-08-01T23:45:41+00:00,DOGE,0.069131,,,coingecko
2026-08-01T23:45:41+00:00,BNB,574.75,,,coingecko
2026-08-01T23:45:41+00:00,ADA,0.174005,,,coingecko
2026-08-01T23:45:41+00:00,LINK,8.05,,,coingecko
2026-08-01T23:45:41+00:00,AVAX,6.18,,,coingecko
2026-08-01T23:45:41+00:00,DOT,0.77909,,,coingecko
2026-08-01T23:45:41+00:00,MATIC,0.126156,,,coingecko
2026-08-01T23:45:41+00:00,LTC,44.16,,,coingecko
2026-08-01T23:46:44+00:00,BTC,62778.0,,,coingecko
2026-08-01T23:46:44+00:00,ETH,1844.18,,,coingecko
2026-08-01T23:46:44+00:00,SOL,71.88,,,coingecko
2026-08-01T23:46:44+00:00,XRP,1.06,,,coingecko
2026-08-01T23:46:44+00:00,DOGE,0.069183,,,coingecko
2026-08-01T23:46:44+00:00,BNB,574.87,,,coingecko
2026-08-01T23:46:44+00:00,ADA,0.17402,,,coingecko
2026-08-01T23:46:44+00:00,LINK,8.06,,,coingecko
2026-08-01T23:46:44+00:00,AVAX,6.19,,,coingecko
2026-08-01T23:46:44+00:00,DOT,0.779714,,,coingecko
2026-08-01T23:46:44+00:00,MATIC,0.126156,,,coingecko
2026-08-01T23:46:44+00:00,LTC,44.2,,,coingecko
2026-08-01T23:50:51+00:00,BTC,62786.0,,,coingecko
2026-08-01T23:50:51+00:00,ETH,1843.94,,,coingecko
2026-08-01T23:50:51+00:00,SOL,71.88,,,coingecko
2026-08-01T23:50:51+00:00,XRP,1.06,,,coingecko
2026-08-01T23:50:51+00:00,DOGE,0.069117,,,coingecko
2026-08-01T23:50:51+00:00,BNB,574.91,,,coingecko
2026-08-01T23:50:51+00:00,ADA,0.174238,,,coingecko
2026-08-01T23:50:51+00:00,LINK,8.06,,,coingecko
2026-08-01T23:50:51+00:00,AVAX,6.18,,,coingecko
2026-08-01T23:50:51+00:00,DOT,0.780846,,,coingecko
2026-08-01T23:50:51+00:00,MATIC,0.126156,,,coingecko
2026-08-01T23:50:51+00:00,LTC,44.19,,,coingecko
2026-08-01T23:51:58+00:00,BTC,62772.0,,,coingecko
2026-08-01T23:51:58+00:00,ETH,1843.42,,,coingecko
2026-08-01T23:51:58+00:00,SOL,71.86,,,coingecko
2026-08-01T23:51:58+00:00,XRP,1.06,,,coingecko
2026-08-01T23:51:58+00:00,DOGE,0.069106,,,coingecko
2026-08-01T23:51:58+00:00,BNB,574.89,,,coingecko
2026-08-01T23:51:58+00:00,ADA,0.174313,,,coingecko
2026-08-01T23:51:58+00:00,LINK,8.06,,,coingecko
2026-08-01T23:51:58+00:00,AVAX,6.18,,,coingecko
2026-08-01T23:51:58+00:00,DOT,0.78064,,,coingecko
2026-08-01T23:51:58+00:00,MATIC,0.126156,,,coingecko
2026-08-01T23:51:58+00:00,LTC,44.19,,,coingecko
2026-08-01T23:52:14+00:00,BTC,62757.685,,,consenso
2026-08-01T23:52:14+00:00,ETH,1843.48,,,consenso
2026-08-01T23:52:14+00:00,SOL,71.855,,,consenso
2026-08-01T23:52:14+00:00,XRP,1.06005,,,consenso
2026-08-01T23:52:14+00:00,DOGE,0.0691,,,binance
2026-08-01T23:52:14+00:00,BNB,575.46,,,binance
2026-08-01T23:53:04+00:00,BTC,62765.0,,,coingecko
2026-08-01T23:53:04+00:00,ETH,1843.52,,,coingecko
2026-08-01T23:53:04+00:00,SOL,71.86,,,coingecko
2026-08-01T23:53:04+00:00,XRP,1.06,,,coingecko
2026-08-01T23:53:04+00:00,DOGE,0.069115,,,coingecko
2026-08-01T23:53:04+00:00,BNB,574.9,,,coingecko
2026-08-01T23:53:04+00:00,ADA,0.174416,,,coingecko
2026-08-01T23:53:04+00:00,LINK,8.06,,,coingecko
2026-08-01T23:53:04+00:00,AVAX,6.18,,,coingecko
2026-08-01T23:53:04+00:00,DOT,0.780774,,,coingecko
2026-08-01T23:53:04+00:00,MATIC,0.126156,,,coingecko
2026-08-01T23:53:04+00:00,LTC,44.18,,,coingecko
2026-08-01T23:53:22+00:00,BTC,62757.685,,,consenso
2026-08-01T23:53:22+00:00,ETH,1843.48,,,consenso
2026-08-01T23:53:22+00:00,SOL,71.92,,,consenso
2026-08-01T23:53:22+00:00,XRP,1.0609,,,consenso
2026-08-01T23:53:22+00:00,DOGE,0.06913,,,binance
2026-08-01T23:53:22+00:00,BNB,575.48,,,binance
2026-08-01T23:54:07+00:00,BTC,62766.0,,,coingecko
2026-08-01T23:54:07+00:00,ETH,1843.47,,,coingecko
2026-08-01T23:54:07+00:00,SOL,71.86,,,coingecko
2026-08-01T23:54:07+00:00,XRP,1.06,,,coingecko
2026-08-01T23:54:07+00:00,DOGE,0.069068,,,coingecko
2026-08-01T23:54:07+00:00,BNB,574.92,,,coingecko
2026-08-01T23:54:07+00:00,ADA,0.174407,,,coingecko
2026-08-01T23:54:07+00:00,LINK,8.06,,,coingecko
2026-08-01T23:54:07+00:00,AVAX,6.18,,,coingecko
2026-08-01T23:54:07+00:00,DOT,0.781378,,,coingecko
2026-08-01T23:54:07+00:00,MATIC,0.126156,,,coingecko
2026-08-01T23:54:07+00:00,LTC,44.17,,,coingecko
2026-08-01T23:54:15+00:00,BTC,62757.685,,,consenso
2026-08-01T23:54:15+00:00,ETH,1843.48,,,consenso
2026-08-01T23:54:15+00:00,SOL,71.93,,,consenso
2026-08-01T23:54:15+00:00,XRP,1.0609,,,consenso
2026-08-01T23:54:15+00:00,DOGE,0.06915,,,binance
2026-08-01T23:54:15+00:00,BNB,575.52,,,binance
2026-08-01T23:55:10+00:00,BTC,62767.0,,,coingecko
2026-08-01T23:55:10+00:00,ETH,1843.5,,,coingecko
2026-08-01T23:55:10+00:00,SOL,71.87,,,coingecko
2026-08-01T23:55:10+00:00,XRP,1.06,,,coingecko
2026-08-01T23:55:10+00:00,DOGE,0.069097,,,coingecko
2026-08-01T23:55:10+00:00,BNB,574.96,,,coingecko
2026-08-01T23:55:10+00:00,ADA,0.17443,,,coingecko
2026-08-01T23:55:10+00:00,LINK,8.06,,,coingecko
2026-08-01T23:55:10+00:00,AVAX,6.18,,,coingecko
2026-08-01T23:55:10+00:00,DOT,0.781315,,,coingecko
2026-08-01T23:55:10+00:00,MATIC,0.126156,,,coingecko
2026-08-01T23:55:10+00:00,LTC,44.17,,,coingecko
2026-08-01T23:56:14+00:00,BTC,62766.0,,,coingecko
2026-08-01T23:56:14+00:00,ETH,1843.31,,,coingecko
2026-08-01T23:56:14+00:00,SOL,71.87,,,coingecko
2026-08-01T23:56:14+00:00,XRP,1.06,,,coingecko
2026-08-01T23:56:14+00:00,DOGE,0.069091,,,coingecko
2026-08-01T23:56:14+00:00,BNB,575.02,,,coingecko
2026-08-01T23:56:14+00:00,ADA,0.174299,,,coingecko
2026-08-01T23:56:14+00:00,LINK,8.06,,,coingecko
2026-08-01T23:56:14+00:00,AVAX,6.19,,,coingecko
2026-08-01T23:56:14+00:00,DOT,0.780912,,,coingecko
2026-08-01T23:56:14+00:00,MATIC,0.126156,,,coingecko
2026-08-01T23:56:14+00:00,LTC,44.17,,,coingecko
2026-08-01T23:57:19+00:00,BTC,62770.0,,,coingecko
2026-08-01T23:57:19+00:00,ETH,1843.69,,,coingecko
2026-08-01T23:57:19+00:00,SOL,71.89,,,coingecko
2026-08-01T23:57:19+00:00,XRP,1.06,,,coingecko
2026-08-01T23:57:19+00:00,DOGE,0.069096,,,coingecko
2026-08-01T23:57:19+00:00,BNB,575.04,,,coingecko
2026-08-01T23:57:19+00:00,ADA,0.174277,,,coingecko
2026-08-01T23:57:19+00:00,LINK,8.06,,,coingecko
2026-08-01T23:57:19+00:00,AVAX,6.18,,,coingecko
2026-08-01T23:57:19+00:00,DOT,0.781159,,,coingecko
2026-08-01T23:57:19+00:00,MATIC,0.126156,,,coingecko
2026-08-01T23:57:19+00:00,LTC,44.18,,,coingecko
2026-08-01T23:58:23+00:00,BTC,62769.0,,,coingecko
2026-08-01T23:58:23+00:00,ETH,1843.47,,,coingecko
2026-08-01T23:58:23+00:00,SOL,71.88,,,coingecko
2026-08-01T23:58:23+00:00,XRP,1.06,,,coingecko
2026-08-01T23:58:23+00:00,DOGE,0.069084,,,coingecko
2026-08-01T23:58:23+00:00,BNB,575.04,,,coingecko
2026-08-01T23:58:23+00:00,ADA,0.174284,,,coingecko
2026-08-01T23:58:23+00:00,LINK,8.06,,,coingecko
2026-08-01T23:58:23+00:00,AVAX,6.18,,,coingecko
2026-08-01T23:58:23+00:00,DOT,0.780733,,,coingecko
2026-08-01T23:58:23+00:00,MATIC,0.126156,,,coingecko
2026-08-01T23:58:23+00:00,LTC,44.18,,,coingecko
2026-08-01T23:59:26+00:00,BTC,62770.0,,,coingecko
2026-08-01T23:59:26+00:00,ETH,1843.47,,,coingecko
2026-08-01T23:59:26+00:00,SOL,71.88,,,coingecko
2026-08-01T23:59:26+00:00,XRP,1.06,,,coingecko
2026-08-01T23:59:26+00:00,DOGE,0.069068,,,coingecko
2026-08-01T23:59:26+00:00,BNB,574.86,,,coingecko
2026-08-01T23:59:26+00:00,ADA,0.174139,,,coingecko
2026-08-01T23:59:26+00:00,LINK,8.06,,,coingecko
2026-08-01T23:59:26+00:00,AVAX,6.18,,,coingecko
2026-08-01T23:59:26+00:00,DOT,0.780271,,,coingecko
2026-08-01T23:59:26+00:00,MATIC,0.126156,,,coingecko
2026-08-01T23:59:26+00:00,LTC,44.19,,,coingecko
