timestamp_utc,asset,price_usd,change_1h_pct,change_24h_pct,source
2026-08-21T00:01:17+00:00,BTC,73093.925,,,consenso
2026-08-21T00:01:17+00:00,ETH,2327.28,,,consenso
2026-08-21T00:01:17+00:00,SOL,87.65,,,consenso
2026-08-21T00:01:17+00:00,XRP,1.2688,,,consenso
2026-08-21T00:01:17+00:00,DOGE,0.08047,,,binance
2026-08-21T00:01:17+00:00,BNB,654.56,,,binance
2026-08-21T00:01:39+00:00,BTC,73027.0,,,coingecko
2026-08-21T00:01:39+00:00,ETH,2326.53,,,coingecko
2026-08-21T00:01:39+00:00,SOL,87.65,,,coingecko
2026-08-21T00:01:39+00:00,XRP,1.27,,,coingecko
2026-08-21T00:01:39+00:00,DOGE,0.080461,,,coingecko
2026-08-21T00:01:39+00:00,BNB,654.59,,,coingecko
2026-08-21T00:01:39+00:00,ADA,0.198981,,,coingecko
2026-08-21T00:01:39+00:00,LINK,10.69,,,coingecko
2026-08-21T00:01:39+00:00,AVAX,7.29,,,coingecko
2026-08-21T00:01:39+00:00,DOT,0.848234,,,coingecko
2026-08-21T00:01:39+00:00,MATIC,0.126156,,,coingecko
2026-08-21T00:01:39+00:00,LTC,47.8,,,coingecko
2026-08-21T00:02:49+00:00,BTC,73080.0,,,coingecko
2026-08-21T00:02:49+00:00,ETH,2326.75,,,coingecko
2026-08-21T00:02:49+00:00,SOL,87.66,,,coingecko
2026-08-21T00:02:49+00:00,XRP,1.27,,,coingecko
2026-08-21T00:02:49+00:00,DOGE,0.080462,,,coingecko
2026-08-21T00:02:49+00:00,BNB,654.44,,,coingecko
2026-08-21T00:02:49+00:00,ADA,0.199238,,,coingecko
2026-08-21T00:02:49+00:00,LINK,10.69,,,coingecko
2026-08-21T00:02:49+00:00,AVAX,7.3,,,coingecko
2026-08-21T00:02:49+00:00,DOT,0.848779,,,coingecko
2026-08-21T00:02:49+00:00,MATIC,0.126156,,,coingecko
2026-08-21T00:02:49+00:00,LTC,47.85,,,coingecko
2026-08-21T00:02:55+00:00,BTC,73093.925,,,consenso
2026-08-21T00:02:55+00:00,ETH,2327.28,,,consenso
2026-08-21T00:02:55+00:00,SOL,87.68,,,consenso
2026-08-21T00:02:55+00:00,XRP,1.2663,,,consenso
2026-08-21T00:02:55+00:00,DOGE,0.08049,,,binance
2026-08-21T00:02:55+00:00,BNB,654.62,,,binance
2026-08-21T00:03:54+00:00,BTC,73089.0,,,coingecko
2026-08-21T00:03:54+00:00,ETH,2326.14,,,coingecko
2026-08-21T00:03:54+00:00,SOL,87.62,,,coingecko
2026-08-21T00:03:54+00:00,XRP,1.27,,,coingecko
2026-08-21T00:03:54+00:00,DOGE,0.080447,,,coingecko
2026-08-21T00:03:54+00:00,BNB,654.3,,,coingecko
2026-08-21T00:03:54+00:00,ADA,0.198977,,,coingecko
2026-08-21T00:03:54+00:00,LINK,10.69,,,coingecko
2026-08-21T00:03:54+00:00,AVAX,7.3,,,coingecko
2026-08-21T00:03:54+00:00,DOT,0.849387,,,coingecko
2026-08-21T00:03:54+00:00,MATIC,0.126156,,,coingecko
2026-08-21T00:03:54+00:00,LTC,47.83,,,coingecko
2026-08-21T00:03:52+00:00,BTC,73093.925,,,consenso
2026-08-21T00:03:52+00:00,ETH,2327.28,,,consenso
2026-08-21T00:03:52+00:00,SOL,87.67,,,consenso
2026-08-21T00:03:52+00:00,XRP,1.2639,,,consenso
2026-08-21T00:03:52+00:00,DOGE,0.08036,,,binance
2026-08-21T00:03:52+00:00,BNB,653.66,,,binance
2026-08-21T00:04:55+00:00,BTC,73093.925,,,consenso
2026-08-21T00:04:55+00:00,ETH,2327.28,,,consenso
2026-08-21T00:04:55+00:00,SOL,87.6,,,consenso
2026-08-21T00:04:55+00:00,XRP,1.2601,,,consenso
2026-08-21T00:04:55+00:00,DOGE,0.08031,,,binance
2026-08-21T00:04:55+00:00,BNB,653.46,,,binance
2026-08-21T00:05:06+00:00,BTC,73102.0,,,coingecko
2026-08-21T00:05:06+00:00,ETH,2326.02,,,coingecko
2026-08-21T00:05:06+00:00,SOL,87.64,,,coingecko
2026-08-21T00:05:06+00:00,XRP,1.27,,,coingecko
2026-08-21T00:05:06+00:00,DOGE,0.08039,,,coingecko
2026-08-21T00:05:06+00:00,BNB,653.69,,,coingecko
2026-08-21T00:05:06+00:00,ADA,0.198984,,,coingecko
2026-08-21T00:05:06+00:00,LINK,10.69,,,coingecko
2026-08-21T00:05:06+00:00,AVAX,7.29,,,coingecko
2026-08-21T00:05:06+00:00,DOT,0.848916,,,coingecko
2026-08-21T00:05:06+00:00,MATIC,0.126156,,,coingecko
2026-08-21T00:05:06+00:00,LTC,47.8,,,coingecko
2026-08-21T00:05:52+00:00,BTC,73093.925,,,consenso
2026-08-21T00:05:52+00:00,ETH,2327.28,,,consenso
2026-08-21T00:05:52+00:00,SOL,87.63,,,consenso
2026-08-21T00:05:52+00:00,XRP,1.2622,,,consenso
2026-08-21T00:05:52+00:00,DOGE,0.08039,,,binance
2026-08-21T00:05:52+00:00,BNB,653.66,,,binance
2026-08-21T00:06:15+00:00,BTC,73091.0,,,coingecko
2026-08-21T00:06:15+00:00,ETH,2325.02,,,coingecko
2026-08-21T00:06:15+00:00,SOL,87.58,,,coingecko
2026-08-21T00:06:15+00:00,XRP,1.26,,,coingecko
2026-08-21T00:06:15+00:00,DOGE,0.08032,,,coingecko
2026-08-21T00:06:15+00:00,BNB,653.25,,,coingecko
2026-08-21T00:06:15+00:00,ADA,0.198605,,,coingecko
2026-08-21T00:06:15+00:00,LINK,10.69,,,coingecko
2026-08-21T00:06:15+00:00,AVAX,7.28,,,coingecko
2026-08-21T00:06:15+00:00,DOT,0.849008,,,coingecko
2026-08-21T00:06:15+00:00,MATIC,0.126156,,,coingecko
2026-08-21T00:06:15+00:00,LTC,47.78,,,coingecko
2026-08-21T00:06:53+00:00,BTC,73251.89,,,consenso
2026-08-21T00:06:53+00:00,ETH,2330.99,,,consenso
2026-08-21T00:06:53+00:00,SOL,87.7,,,consenso
2026-08-21T00:06:53+00:00,XRP,1.26636,,,consenso
2026-08-21T00:06:53+00:00,DOGE,0.08049,,,binance
2026-08-21T00:06:53+00:00,BNB,654.16,,,binance
2026-08-21T00:07:21+00:00,BTC,73131.0,,,coingecko
2026-08-21T00:07:21+00:00,ETH,2326.36,,,coingecko
2026-08-21T00:07:21+00:00,SOL,87.61,,,coingecko
2026-08-21T00:07:21+00:00,XRP,1.26,,,coingecko
2026-08-21T00:07:21+00:00,DOGE,0.080351,,,coingecko
2026-08-21T00:07:21+00:00,BNB,653.41,,,coingecko
2026-08-21T00:07:21+00:00,ADA,0.198755,,,coingecko
2026-08-21T00:07:21+00:00,LINK,10.69,,,coingecko
2026-08-21T00:07:21+00:00,AVAX,7.27,,,coingecko
2026-08-21T00:07:21+00:00,DOT,0.849156,,,coingecko
2026-08-21T00:07:21+00:00,MATIC,0.126156,,,coingecko
2026-08-21T00:07:21+00:00,LTC,47.85,,,coingecko
2026-08-21T00:08:31+00:00,BTC,73260.0,,,coingecko
2026-08-21T00:08:31+00:00,ETH,2330.5,,,coingecko
2026-08-21T00:08:31+00:00,SOL,87.69,,,coingecko
2026-08-21T00:08:31+00:00,XRP,1.26,,,coingecko
2026-08-21T00:08:31+00:00,DOGE,0.080483,,,coingecko
2026-08-21T00:08:31+00:00,BNB,654.13,,,coingecko
2026-08-21T00:08:31+00:00,ADA,0.198955,,,coingecko
2026-08-21T00:08:31+00:00,LINK,10.7,,,coingecko
2026-08-21T00:08:31+00:00,AVAX,7.29,,,coingecko
2026-08-21T00:08:31+00:00,DOT,0.850051,,,coingecko
2026-08-21T00:08:31+00:00,MATIC,0.126156,,,coingecko
2026-08-21T00:08:31+00:00,LTC,47.89,,,coingecko
2026-08-21T00:09:41+00:00,BTC,73213.0,,,coingecko
2026-08-21T00:09:41+00:00,ETH,2328.57,,,coingecko
2026-08-21T00:09:41+00:00,SOL,87.65,,,coingecko
2026-08-21T00:09:41+00:00,XRP,1.26,,,coingecko
2026-08-21T00:09:41+00:00,DOGE,0.080455,,,coingecko
2026-08-21T00:09:41+00:00,BNB,653.82,,,coingecko
2026-08-21T00:09:41+00:00,ADA,0.199206,,,coingecko
2026-08-21T00:09:41+00:00,LINK,10.69,,,coingecko
2026-08-21T00:09:41+00:00,AVAX,7.28,,,coingecko
2026-08-21T00:09:41+00:00,DOT,0.850226,,,coingecko
2026-08-21T00:09:41+00:00,MATIC,0.126156,,,coingecko
2026-08-21T00:09:41+00:00,LTC,47.89,,,coingecko
2026-08-21T00:09:51+00:00,BTC,73251.89,,,consenso
2026-08-21T00:09:51+00:00,ETH,2330.99,,,consenso
2026-08-21T00:09:51+00:00,SOL,87.68,,,consenso
2026-08-21T00:09:51+00:00,XRP,1.2673,,,consenso
2026-08-21T00:09:51+00:00,DOGE,0.08056,,,binance
2026-08-21T00:09:51+00:00,BNB,653.86,,,binance
2026-08-21T00:10:47+00:00,BTC,73191.0,,,coingecko
2026-08-21T00:10:47+00:00,ETH,2328.75,,,coingecko
2026-08-21T00:10:47+00:00,SOL,87.6,,,coingecko
2026-08-21T00:10:47+00:00,XRP,1.26,,,coingecko
2026-08-21T00:10:47+00:00,DOGE,0.08049,,,coingecko
2026-08-21T00:10:47+00:00,BNB,653.36,,,coingecko
2026-08-21T00:10:47+00:00,ADA,0.199139,,,coingecko
2026-08-21T00:10:47+00:00,LINK,10.69,,,coingecko
2026-08-21T00:10:47+00:00,AVAX,7.29,,,coingecko
2026-08-21T00:10:47+00:00,DOT,0.850177,,,coingecko
2026-08-21T00:10:47+00:00,MATIC,0.126156,,,coingecko
2026-08-21T00:10:47+00:00,LTC,47.88,,,coingecko
2026-08-21T00:11:15+00:00,BTC,73251.89,,,consenso
2026-08-21T00:11:15+00:00,ETH,2330.99,,,consenso
2026-08-21T00:11:15+00:00,SOL,87.8,,,consenso
2026-08-21T00:11:15+00:00,XRP,1.2701,,,consenso
2026-08-21T00:11:15+00:00,DOGE,0.08063,,,binance
2026-08-21T00:11:15+00:00,BNB,653.93,,,binance
2026-08-21T00:11:52+00:00,BTC,73251.89,,,consenso
2026-08-21T00:11:52+00:00,ETH,2330.99,,,consenso
2026-08-21T00:11:52+00:00,SOL,87.77,,,consenso
2026-08-21T00:11:52+00:00,XRP,1.2699,,,consenso
2026-08-21T00:11:52+00:00,DOGE,0.08053,,,binance
2026-08-21T00:11:52+00:00,BNB,653.61,,,binance
2026-08-21T00:11:57+00:00,BTC,73266.0,,,coingecko
2026-08-21T00:11:57+00:00,ETH,2330.32,,,coingecko
2026-08-21T00:11:57+00:00,SOL,87.69,,,coingecko
2026-08-21T00:11:57+00:00,XRP,1.27,,,coingecko
2026-08-21T00:11:57+00:00,DOGE,0.080533,,,coingecko
2026-08-21T00:11:57+00:00,BNB,653.67,,,coingecko
2026-08-21T00:11:57+00:00,ADA,0.199383,,,coingecko
2026-08-21T00:11:57+00:00,LINK,10.7,,,coingecko
2026-08-21T00:11:57+00:00,AVAX,7.29,,,coingecko
2026-08-21T00:11:57+00:00,DOT,0.849842,,,coingecko
2026-08-21T00:11:57+00:00,MATIC,0.126156,,,coingecko
2026-08-21T00:11:57+00:00,LTC,47.92,,,coingecko
2026-08-21T00:12:41+00:00,BTC,73285.315,,,consenso
2026-08-21T00:12:41+00:00,ETH,2330.855,,,consenso
2026-08-21T00:12:41+00:00,SOL,87.8,,,consenso
2026-08-21T00:12:41+00:00,XRP,1.2694,,,consenso
2026-08-21T00:12:41+00:00,DOGE,0.08061,,,binance
2026-08-21T00:12:41+00:00,BNB,653.71,,,binance
2026-08-21T00:13:29+00:00,BTC,73285.315,,,consenso
2026-08-21T00:13:29+00:00,ETH,2330.855,,,consenso
2026-08-21T00:13:29+00:00,SOL,87.88,,,consenso
2026-08-21T00:13:29+00:00,XRP,1.2713,,,consenso
2026-08-21T00:13:29+00:00,DOGE,0.08069,,,binance
2026-08-21T00:13:29+00:00,BNB,654.52,,,binance
2026-08-21T00:14:07+00:00,BTC,73289.0,,,coingecko
2026-08-21T00:14:07+00:00,ETH,2331.17,,,coingecko
2026-08-21T00:14:07+00:00,SOL,87.75,,,coingecko
2026-08-21T00:14:07+00:00,XRP,1.27,,,coingecko
2026-08-21T00:14:07+00:00,DOGE,0.080551,,,coingecko
2026-08-21T00:14:07+00:00,BNB,653.45,,,coingecko
2026-08-21T00:14:07+00:00,ADA,0.199477,,,coingecko
2026-08-21T00:14:07+00:00,LINK,10.71,,,coingecko
2026-08-21T00:14:07+00:00,AVAX,7.3,,,coingecko
2026-08-21T00:14:07+00:00,DOT,0.84865,,,coingecko
2026-08-21T00:14:07+00:00,MATIC,0.126156,,,coingecko
2026-08-21T00:14:07+00:00,LTC,47.96,,,coingecko
2026-08-21T00:14:16+00:00,BTC,73285.315,,,consenso
2026-08-21T00:14:16+00:00,ETH,2330.855,,,consenso
2026-08-21T00:14:16+00:00,SOL,87.77,,,consenso
2026-08-21T00:14:16+00:00,XRP,1.2685,,,consenso
2026-08-21T00:14:16+00:00,DOGE,0.0806,,,binance
2026-08-21T00:14:16+00:00,BNB,654.18,,,binance
2026-08-21T00:15:01+00:00,BTC,73285.315,,,consenso
2026-08-21T00:15:01+00:00,ETH,2330.855,,,consenso
2026-08-21T00:15:01+00:00,SOL,87.91,,,consenso
2026-08-21T00:15:01+00:00,XRP,1.2697,,,consenso
2026-08-21T00:15:01+00:00,DOGE,0.08069,,,binance
2026-08-21T00:15:01+00:00,BNB,654.83,,,binance
2026-08-21T00:15:13+00:00,BTC,73367.0,,,coingecko
2026-08-21T00:15:13+00:00,ETH,2333.6,,,coingecko
2026-08-21T00:15:13+00:00,SOL,87.8,,,coingecko
2026-08-21T00:15:13+00:00,XRP,1.27,,,coingecko
2026-08-21T00:15:13+00:00,DOGE,0.080619,,,coingecko
2026-08-21T00:15:13+00:00,BNB,653.99,,,coingecko
2026-08-21T00:15:13+00:00,ADA,0.199611,,,coingecko
2026-08-21T00:15:13+00:00,LINK,10.72,,,coingecko
2026-08-21T00:15:13+00:00,AVAX,7.31,,,coingecko
2026-08-21T00:15:13+00:00,DOT,0.849051,,,coingecko
2026-08-21T00:15:13+00:00,MATIC,0.126156,,,coingecko
2026-08-21T00:15:13+00:00,LTC,47.97,,,coingecko
2026-08-21T00:15:47+00:00,BTC,73285.315,,,consenso
2026-08-21T00:15:47+00:00,ETH,2330.855,,,consenso
2026-08-21T00:15:47+00:00,SOL,87.84,,,consenso
2026-08-21T00:15:47+00:00,XRP,1.2678,,,consenso
2026-08-21T00:15:47+00:00,DOGE,0.08061,,,binance
2026-08-21T00:15:47+00:00,BNB,654.53,,,binance
2026-08-21T00:16:20+00:00,BTC,73435.0,,,coingecko
2026-08-21T00:16:20+00:00,ETH,2334.19,,,coingecko
2026-08-21T00:16:20+00:00,SOL,87.8,,,coingecko
2026-08-21T00:16:20+00:00,XRP,1.27,,,coingecko
2026-08-21T00:16:20+00:00,DOGE,0.080631,,,coingecko
2026-08-21T00:16:20+00:00,BNB,654.26,,,coingecko
2026-08-21T00:16:20+00:00,ADA,0.199483,,,coingecko
2026-08-21T00:16:20+00:00,LINK,10.71,,,coingecko
2026-08-21T00:16:20+00:00,AVAX,7.31,,,coingecko
2026-08-21T00:16:20+00:00,DOT,0.848563,,,coingecko
2026-08-21T00:16:20+00:00,MATIC,0.126156,,,coingecko
2026-08-21T00:16:20+00:00,LTC,47.97,,,coingecko
2026-08-21T00:16:44+00:00,BTC,73285.315,,,consenso
2026-08-21T00:16:44+00:00,ETH,2330.855,,,consenso
2026-08-21T00:16:44+00:00,SOL,87.83,,,consenso
2026-08-21T00:16:44+00:00,XRP,1.2682,,,consenso
2026-08-21T00:16:44+00:00,DOGE,0.08062,,,binance
2026-08-21T00:16:44+00:00,BNB,654.44,,,binance
2026-08-21T00:17:26+00:00,BTC,73390.0,,,coingecko
2026-08-21T00:17:26+00:00,ETH,2333.14,,,coingecko
2026-08-21T00:17:26+00:00,SOL,87.82,,,coingecko
2026-08-21T00:17:26+00:00,XRP,1.27,,,coingecko
2026-08-21T00:17:26+00:00,DOGE,0.080616,,,coingecko
2026-08-21T00:17:26+00:00,BNB,654.28,,,coingecko
2026-08-21T00:17:26+00:00,ADA,0.199365,,,coingecko
2026-08-21T00:17:26+00:00,LINK,10.72,,,coingecko
2026-08-21T00:17:26+00:00,AVAX,7.3,,,coingecko
2026-08-21T00:17:26+00:00,DOT,0.848381,,,coingecko
2026-08-21T00:17:26+00:00,MATIC,0.126156,,,coingecko
2026-08-21T00:17:26+00:00,LTC,47.98,,,coingecko
2026-08-21T00:17:29+00:00,BTC,73431.485,,,consenso
2026-08-21T00:17:29+00:00,ETH,2331.455,,,consenso
2026-08-21T00:17:29+00:00,SOL,87.83,,,consenso
2026-08-21T00:17:29+00:00,XRP,1.2666,,,consenso
2026-08-21T00:17:29+00:00,DOGE,0.08062,,,binance
2026-08-21T00:17:29+00:00,BNB,654.34,,,binance
2026-08-21T00:18:22+00:00,BTC,73431.485,,,consenso
2026-08-21T00:18:22+00:00,ETH,2331.455,,,consenso
2026-08-21T00:18:22+00:00,SOL,87.97,,,consenso
2026-08-21T00:18:22+00:00,XRP,1.2699,,,consenso
2026-08-21T00:18:22+00:00,DOGE,0.08077,,,binance
2026-08-21T00:18:22+00:00,BNB,655.14,,,binance
2026-08-21T00:18:31+00:00,BTC,73407.0,,,coingecko
2026-08-21T00:18:31+00:00,ETH,2332.03,,,coingecko
2026-08-21T00:18:31+00:00,SOL,87.81,,,coingecko
2026-08-21T00:18:31+00:00,XRP,1.27,,,coingecko
2026-08-21T00:18:31+00:00,DOGE,0.080576,,,coingecko
2026-08-21T00:18:31+00:00,BNB,654.18,,,coingecko
2026-08-21T00:18:31+00:00,ADA,0.199295,,,coingecko
2026-08-21T00:18:31+00:00,LINK,10.72,,,coingecko
2026-08-21T00:18:31+00:00,AVAX,7.3,,,coingecko
2026-08-21T00:18:31+00:00,DOT,0.847312,,,coingecko
2026-08-21T00:18:31+00:00,MATIC,0.126156,,,coingecko
2026-08-21T00:18:31+00:00,LTC,47.93,,,coingecko
2026-08-21T00:19:17+00:00,BTC,73431.485,,,consenso
2026-08-21T00:19:17+00:00,ETH,2331.455,,,consenso
2026-08-21T00:19:17+00:00,SOL,88.41,,,consenso
2026-08-21T00:19:17+00:00,XRP,1.2727,,,consenso
2026-08-21T00:19:17+00:00,DOGE,0.08106,,,binance
2026-08-21T00:19:17+00:00,BNB,657.01,,,binance
2026-08-21T00:19:38+00:00,BTC,73454.0,,,coingecko
2026-08-21T00:19:38+00:00,ETH,2332.98,,,coingecko
2026-08-21T00:19:38+00:00,SOL,87.82,,,coingecko
2026-08-21T00:19:38+00:00,XRP,1.27,,,coingecko
2026-08-21T00:19:38+00:00,DOGE,0.080607,,,coingecko
2026-08-21T00:19:38+00:00,BNB,654.29,,,coingecko
2026-08-21T00:19:38+00:00,ADA,0.199365,,,coingecko
2026-08-21T00:19:38+00:00,LINK,10.73,,,coingecko
2026-08-21T00:19:38+00:00,AVAX,7.31,,,coingecko
2026-08-21T00:19:38+00:00,DOT,0.847019,,,coingecko
2026-08-21T00:19:38+00:00,MATIC,0.126156,,,coingecko
2026-08-21T00:19:38+00:00,LTC,47.94,,,coingecko
2026-08-21T00:19:58+00:00,BTC,73431.485,,,consenso
2026-08-21T00:19:58+00:00,ETH,2331.455,,,consenso
2026-08-21T00:19:58+00:00,SOL,88.27,,,consenso
2026-08-21T00:19:58+00:00,XRP,1.2717,,,consenso
2026-08-21T00:19:58+00:00,DOGE,0.08142,,,binance
2026-08-21T00:19:58+00:00,BNB,656.99,,,binance
2026-08-21T00:20:47+00:00,BTC,73679.0,,,coingecko
2026-08-21T00:20:47+00:00,ETH,2339.47,,,coingecko
2026-08-21T00:20:47+00:00,SOL,88.23,,,coingecko
2026-08-21T00:20:47+00:00,XRP,1.27,,,coingecko
2026-08-21T00:20:47+00:00,DOGE,0.080902,,,coingecko
2026-08-21T00:20:47+00:00,BNB,656.03,,,coingecko
2026-08-21T00:20:47+00:00,ADA,0.199871,,,coingecko
2026-08-21T00:20:47+00:00,LINK,10.75,,,coingecko
2026-08-21T00:20:47+00:00,AVAX,7.32,,,coingecko
2026-08-21T00:20:47+00:00,DOT,0.849497,,,coingecko
2026-08-21T00:20:47+00:00,MATIC,0.126156,,,coingecko
2026-08-21T00:20:47+00:00,LTC,48.05,,,coingecko
2026-08-21T00:21:33+00:00,BTC,73431.485,,,consenso
2026-08-21T00:21:33+00:00,ETH,2331.455,,,consenso
2026-08-21T00:21:33+00:00,SOL,88.29,,,consenso
2026-08-21T00:21:33+00:00,XRP,1.2701,,,consenso
2026-08-21T00:21:33+00:00,DOGE,0.08109,,,binance
2026-08-21T00:21:33+00:00,BNB,656.99,,,binance
2026-08-21T00:21:51+00:00,BTC,73630.0,,,coingecko
2026-08-21T00:21:51+00:00,ETH,2338.7,,,coingecko
2026-08-21T00:21:51+00:00,SOL,88.19,,,coingecko
2026-08-21T00:21:51+00:00,XRP,1.27,,,coingecko
2026-08-21T00:21:51+00:00,DOGE,0.081029,,,coingecko
2026-08-21T00:21:51+00:00,BNB,656.26,,,coingecko
2026-08-21T00:21:51+00:00,ADA,0.199594,,,coingecko
2026-08-21T00:21:51+00:00,LINK,10.75,,,coingecko
2026-08-21T00:21:51+00:00,AVAX,7.32,,,coingecko
2026-08-21T00:21:51+00:00,DOT,0.848512,,,coingecko
2026-08-21T00:21:51+00:00,MATIC,0.126156,,,coingecko
2026-08-21T00:21:51+00:00,LTC,48.03,,,coingecko
2026-08-21T00:22:42+00:00,BTC,73705.015,,,consenso
2026-08-21T00:22:42+00:00,ETH,2341.005,,,consenso
2026-08-21T00:22:42+00:00,SOL,88.46,,,consenso
2026-08-21T00:22:42+00:00,XRP,1.27045,,,consenso
2026-08-21T00:22:42+00:00,DOGE,0.08111,,,binance
2026-08-21T00:22:42+00:00,BNB,657.32,,,binance
2026-08-21T00:23:03+00:00,BTC,73685.0,,,coingecko
2026-08-21T00:23:03+00:00,ETH,2340.29,,,coingecko
2026-08-21T00:23:03+00:00,SOL,88.27,,,coingecko
2026-08-21T00:23:03+00:00,XRP,1.27,,,coingecko
2026-08-21T00:23:03+00:00,DOGE,0.081111,,,coingecko
2026-08-21T00:23:03+00:00,BNB,656.35,,,coingecko
2026-08-21T00:23:03+00:00,ADA,0.199905,,,coingecko
2026-08-21T00:23:03+00:00,LINK,10.76,,,coingecko
2026-08-21T00:23:03+00:00,AVAX,7.33,,,coingecko
2026-08-21T00:23:03+00:00,DOT,0.848804,,,coingecko
2026-08-21T00:23:03+00:00,MATIC,0.126156,,,coingecko
2026-08-21T00:23:03+00:00,LTC,48.06,,,coingecko
2026-08-21T00:24:11+00:00,BTC,73708.0,,,coingecko
2026-08-21T00:24:11+00:00,ETH,2340.87,,,coingecko
2026-08-21T00:24:11+00:00,SOL,88.42,,,coingecko
2026-08-21T00:24:11+00:00,XRP,1.27,,,coingecko
2026-08-21T00:24:11+00:00,DOGE,0.081094,,,coingecko
2026-08-21T00:24:11+00:00,BNB,657.02,,,coingecko
2026-08-21T00:24:11+00:00,ADA,0.199997,,,coingecko
2026-08-21T00:24:11+00:00,LINK,10.76,,,coingecko
2026-08-21T00:24:11+00:00,AVAX,7.34,,,coingecko
2026-08-21T00:24:11+00:00,DOT,0.848889,,,coingecko
2026-08-21T00:24:11+00:00,MATIC,0.126156,,,coingecko
2026-08-21T00:24:11+00:00,LTC,48.08,,,coingecko
2026-08-21T00:24:21+00:00,BTC,73705.015,,,consenso
2026-08-21T00:24:21+00:00,ETH,2341.005,,,consenso
2026-08-21T00:24:21+00:00,SOL,88.77,,,consenso
2026-08-21T00:24:21+00:00,XRP,1.2702,,,consenso
2026-08-21T00:24:21+00:00,DOGE,0.08131,,,binance
2026-08-21T00:24:21+00:00,BNB,657.56,,,binance
2026-08-21T00:25:05+00:00,BTC,73705.015,,,consenso
2026-08-21T00:25:05+00:00,ETH,2341.005,,,consenso
2026-08-21T00:25:05+00:00,SOL,88.73,,,consenso
2026-08-21T00:25:05+00:00,XRP,1.2688,,,consenso
2026-08-21T00:25:05+00:00,DOGE,0.0813,,,binance
2026-08-21T00:25:05+00:00,BNB,657.25,,,binance
2026-08-21T00:26:02+00:00,BTC,73770.0,,,coingecko
2026-08-21T00:26:02+00:00,ETH,2341.88,,,coingecko
2026-08-21T00:26:02+00:00,SOL,88.61,,,coingecko
2026-08-21T00:26:02+00:00,XRP,1.27,,,coingecko
2026-08-21T00:26:02+00:00,DOGE,0.081235,,,coingecko
2026-08-21T00:26:02+00:00,BNB,656.85,,,coingecko
2026-08-21T00:26:02+00:00,ADA,0.200026,,,coingecko
2026-08-21T00:26:02+00:00,LINK,10.76,,,coingecko
2026-08-21T00:26:02+00:00,AVAX,7.34,,,coingecko
2026-08-21T00:26:02+00:00,DOT,0.848932,,,coingecko
2026-08-21T00:26:02+00:00,MATIC,0.126156,,,coingecko
2026-08-21T00:26:02+00:00,LTC,48.1,,,coingecko
2026-08-21T00:26:36+00:00,BTC,73705.015,,,consenso
2026-08-21T00:26:36+00:00,ETH,2341.005,,,consenso
2026-08-21T00:26:36+00:00,SOL,88.52,,,consenso
2026-08-21T00:26:36+00:00,XRP,1.2704,,,consenso
2026-08-21T00:26:36+00:00,DOGE,0.0812,,,binance
2026-08-21T00:26:36+00:00,BNB,656.95,,,binance
2026-08-21T00:27:11+00:00,BTC,73808.0,,,coingecko
2026-08-21T00:27:11+00:00,ETH,2341.78,,,coingecko
2026-08-21T00:27:11+00:00,SOL,88.65,,,coingecko
2026-08-21T00:27:11+00:00,XRP,1.27,,,coingecko
2026-08-21T00:27:11+00:00,DOGE,0.08121,,,coingecko
2026-08-21T00:27:11+00:00,BNB,656.95,,,coingecko
2026-08-21T00:27:11+00:00,ADA,0.199947,,,coingecko
2026-08-21T00:27:11+00:00,LINK,10.77,,,coingecko
2026-08-21T00:27:11+00:00,AVAX,7.34,,,coingecko
2026-08-21T00:27:11+00:00,DOT,0.847209,,,coingecko
2026-08-21T00:27:11+00:00,MATIC,0.126156,,,coingecko
2026-08-21T00:27:11+00:00,LTC,48.09,,,coingecko
2026-08-21T00:27:26+00:00,BTC,73705.015,,,consenso
2026-08-21T00:27:26+00:00,ETH,2341.005,,,consenso
2026-08-21T00:27:26+00:00,SOL,88.58,,,consenso
2026-08-21T00:27:26+00:00,XRP,1.2708,,,consenso
2026-08-21T00:27:26+00:00,DOGE,0.08119,,,binance
2026-08-21T00:27:26+00:00,BNB,657.13,,,binance
2026-08-21T00:28:05+00:00,BTC,73854.395,,,consenso
2026-08-21T00:28:05+00:00,ETH,2344.81,,,consenso
2026-08-21T00:28:05+00:00,SOL,88.55,,,consenso
2026-08-21T00:28:05+00:00,XRP,1.2701,,,consenso
2026-08-21T00:28:05+00:00,DOGE,0.08116,,,binance
2026-08-21T00:28:05+00:00,BNB,656.61,,,binance
2026-08-21T00:28:15+00:00,BTC,73806.0,,,coingecko
2026-08-21T00:28:15+00:00,ETH,2342.33,,,coingecko
2026-08-21T00:28:15+00:00,SOL,88.54,,,coingecko
2026-08-21T00:28:15+00:00,XRP,1.27,,,coingecko
2026-08-21T00:28:15+00:00,DOGE,0.081181,,,coingecko
2026-08-21T00:28:15+00:00,BNB,656.75,,,coingecko
2026-08-21T00:28:15+00:00,ADA,0.200009,,,coingecko
2026-08-21T00:28:15+00:00,LINK,10.78,,,coingecko
2026-08-21T00:28:15+00:00,AVAX,7.34,,,coingecko
2026-08-21T00:28:15+00:00,DOT,0.847084,,,coingecko
2026-08-21T00:28:15+00:00,MATIC,0.126156,,,coingecko
2026-08-21T00:28:15+00:00,LTC,48.11,,,coingecko
2026-08-21T00:28:50+00:00,BTC,73854.395,,,consenso
2026-08-21T00:28:50+00:00,ETH,2344.81,,,consenso
2026-08-21T00:28:50+00:00,SOL,88.49,,,consenso
2026-08-21T00:28:50+00:00,XRP,1.2687,,,consenso
2026-08-21T00:28:50+00:00,DOGE,0.08113,,,binance
2026-08-21T00:28:50+00:00,BNB,656.32,,,binance
2026-08-21T00:29:24+00:00,BTC,73822.0,,,coingecko
2026-08-21T00:29:24+00:00,ETH,2343.81,,,coingecko
2026-08-21T00:29:24+00:00,SOL,88.55,,,coingecko
2026-08-21T00:29:24+00:00,XRP,1.27,,,coingecko
2026-08-21T00:29:24+00:00,DOGE,0.081157,,,coingecko
2026-08-21T00:29:24+00:00,BNB,656.64,,,coingecko
2026-08-21T00:29:24+00:00,ADA,0.199926,,,coingecko
2026-08-21T00:29:24+00:00,LINK,10.78,,,coingecko
2026-08-21T00:29:24+00:00,AVAX,7.33,,,coingecko
2026-08-21T00:29:24+00:00,DOT,0.847848,,,coingecko
2026-08-21T00:29:24+00:00,MATIC,0.126156,,,coingecko
2026-08-21T00:29:24+00:00,LTC,48.12,,,coingecko
2026-08-21T00:29:58+00:00,BTC,73854.395,,,consenso
2026-08-21T00:29:58+00:00,ETH,2344.81,,,consenso
2026-08-21T00:29:58+00:00,SOL,88.38,,,consenso
2026-08-21T00:29:58+00:00,XRP,1.2666,,,consenso
2026-08-21T00:29:58+00:00,DOGE,0.0811,,,binance
2026-08-21T00:29:58+00:00,BNB,655.46,,,binance
2026-08-21T00:30:30+00:00,BTC,73823.0,,,coingecko
2026-08-21T00:30:30+00:00,ETH,2342.46,,,coingecko
2026-08-21T00:30:30+00:00,SOL,88.46,,,coingecko
2026-08-21T00:30:30+00:00,XRP,1.27,,,coingecko
2026-08-21T00:30:30+00:00,DOGE,0.081124,,,coingecko
2026-08-21T00:30:30+00:00,BNB,656.19,,,coingecko
2026-08-21T00:30:30+00:00,ADA,0.200013,,,coingecko
2026-08-21T00:30:30+00:00,LINK,10.77,,,coingecko
2026-08-21T00:30:30+00:00,AVAX,7.32,,,coingecko
2026-08-21T00:30:30+00:00,DOT,0.847273,,,coingecko
2026-08-21T00:30:30+00:00,MATIC,0.126156,,,coingecko
2026-08-21T00:30:30+00:00,LTC,48.1,,,coingecko
2026-08-21T00:31:39+00:00,BTC,73733.0,,,coingecko
2026-08-21T00:31:39+00:00,ETH,2339.2,,,coingecko
2026-08-21T00:31:39+00:00,SOL,88.37,,,coingecko
2026-08-21T00:31:39+00:00,XRP,1.27,,,coingecko
2026-08-21T00:31:39+00:00,DOGE,0.0811,,,coingecko
2026-08-21T00:31:39+00:00,BNB,655.78,,,coingecko
2026-08-21T00:31:39+00:00,ADA,0.199813,,,coingecko
2026-08-21T00:31:39+00:00,LINK,10.76,,,coingecko
2026-08-21T00:31:39+00:00,AVAX,7.31,,,coingecko
2026-08-21T00:31:39+00:00,DOT,0.846421,,,coingecko
2026-08-21T00:31:39+00:00,MATIC,0.126156,,,coingecko
2026-08-21T00:31:39+00:00,LTC,48.07,,,coingecko
2026-08-21T00:31:42+00:00,BTC,73854.395,,,consenso
2026-08-21T00:31:42+00:00,ETH,2344.81,,,consenso
2026-08-21T00:31:42+00:00,SOL,88.47,,,consenso
2026-08-21T00:31:42+00:00,XRP,1.2698,,,consenso
2026-08-21T00:31:42+00:00,DOGE,0.08127,,,binance
2026-08-21T00:31:42+00:00,BNB,656.85,,,binance
2026-08-21T00:32:23+00:00,BTC,73854.395,,,consenso
2026-08-21T00:32:23+00:00,ETH,2344.81,,,consenso
2026-08-21T00:32:23+00:00,SOL,88.54,,,consenso
2026-08-21T00:32:23+00:00,XRP,1.2696,,,consenso
2026-08-21T00:32:23+00:00,DOGE,0.08131,,,binance
2026-08-21T00:32:23+00:00,BNB,656.99,,,binance
2026-08-21T00:32:46+00:00,BTC,73751.0,,,coingecko
2026-08-21T00:32:46+00:00,ETH,2340.9,,,coingecko
2026-08-21T00:32:46+00:00,SOL,88.31,,,coingecko
2026-08-21T00:32:46+00:00,XRP,1.27,,,coingecko
2026-08-21T00:32:46+00:00,DOGE,0.081148,,,coingecko
2026-08-21T00:32:46+00:00,BNB,655.93,,,coingecko
2026-08-21T00:32:46+00:00,ADA,0.200009,,,coingecko
2026-08-21T00:32:46+00:00,LINK,10.76,,,coingecko
2026-08-21T00:32:46+00:00,AVAX,7.31,,,coingecko
2026-08-21T00:32:46+00:00,DOT,0.845771,,,coingecko
2026-08-21T00:32:46+00:00,MATIC,0.126156,,,coingecko
2026-08-21T00:32:46+00:00,LTC,48.06,,,coingecko
2026-08-21T00:33:02+00:00,BTC,73854.395,,,consenso
2026-08-21T00:33:02+00:00,ETH,2344.81,,,consenso
2026-08-21T00:33:02+00:00,SOL,88.47,,,consenso
2026-08-21T00:33:02+00:00,XRP,1.2693,,,consenso
2026-08-21T00:33:02+00:00,DOGE,0.08127,,,binance
2026-08-21T00:33:02+00:00,BNB,657.18,,,binance
2026-08-21T00:33:49+00:00,BTC,73868.0,,,coingecko
2026-08-21T00:33:49+00:00,ETH,2346.14,,,coingecko
2026-08-21T00:33:49+00:00,SOL,88.48,,,coingecko
2026-08-21T00:33:49+00:00,XRP,1.27,,,coingecko
2026-08-21T00:33:49+00:00,DOGE,0.081269,,,coingecko
2026-08-21T00:33:49+00:00,BNB,656.69,,,coingecko
2026-08-21T00:33:49+00:00,ADA,0.20061,,,coingecko
2026-08-21T00:33:49+00:00,LINK,10.78,,,coingecko
2026-08-21T00:33:49+00:00,AVAX,7.31,,,coingecko
2026-08-21T00:33:49+00:00,DOT,0.847024,,,coingecko
2026-08-21T00:33:49+00:00,MATIC,0.126156,,,coingecko
2026-08-21T00:33:49+00:00,LTC,48.15,,,coingecko
2026-08-21T00:33:49+00:00,BTC,73838.02,,,consenso
2026-08-21T00:33:49+00:00,ETH,2347.575,,,consenso
2026-08-21T00:33:49+00:00,SOL,88.42,,,consenso
2026-08-21T00:33:49+00:00,XRP,1.2686,,,consenso
2026-08-21T00:33:49+00:00,DOGE,0.08124,,,binance
2026-08-21T00:33:49+00:00,BNB,656.71,,,binance
2026-08-21T00:34:57+00:00,BTC,73808.0,,,coingecko
2026-08-21T00:34:57+00:00,ETH,2344.33,,,coingecko
2026-08-21T00:34:57+00:00,SOL,88.41,,,coingecko
2026-08-21T00:34:57+00:00,XRP,1.27,,,coingecko
2026-08-21T00:34:57+00:00,DOGE,0.081215,,,coingecko
2026-08-21T00:34:57+00:00,BNB,656.52,,,coingecko
2026-08-21T00:34:57+00:00,ADA,0.200195,,,coingecko
2026-08-21T00:34:57+00:00,LINK,10.77,,,coingecko
2026-08-21T00:34:57+00:00,AVAX,7.31,,,coingecko
2026-08-21T00:34:57+00:00,DOT,0.846648,,,coingecko
2026-08-21T00:34:57+00:00,MATIC,0.126156,,,coingecko
2026-08-21T00:34:57+00:00,LTC,48.13,,,coingecko
2026-08-21T00:35:30+00:00,BTC,73838.02,,,consenso
2026-08-21T00:35:30+00:00,ETH,2347.575,,,consenso
2026-08-21T00:35:30+00:00,SOL,88.24,,,consenso
2026-08-21T00:35:30+00:00,XRP,1.268,,,consenso
2026-08-21T00:35:30+00:00,DOGE,0.08124,,,binance
2026-08-21T00:35:30+00:00,BNB,656.14,,,binance
2026-08-21T00:36:03+00:00,BTC,73724.0,,,coingecko
2026-08-21T00:36:03+00:00,ETH,2341.97,,,coingecko
2026-08-21T00:36:03+00:00,SOL,88.27,,,coingecko
2026-08-21T00:36:03+00:00,XRP,1.27,,,coingecko
2026-08-21T00:36:03+00:00,DOGE,0.08118,,,coingecko
2026-08-21T00:36:03+00:00,BNB,655.92,,,coingecko
2026-08-21T00:36:03+00:00,ADA,0.200247,,,coingecko
2026-08-21T00:36:03+00:00,LINK,10.76,,,coingecko
2026-08-21T00:36:03+00:00,AVAX,7.3,,,coingecko
2026-08-21T00:36:03+00:00,DOT,0.845295,,,coingecko
2026-08-21T00:36:03+00:00,MATIC,0.126156,,,coingecko
2026-08-21T00:36:03+00:00,LTC,48.12,,,coingecko
2026-08-21T00:36:20+00:00,BTC,73838.02,,,consenso
2026-08-21T00:36:20+00:00,ETH,2347.575,,,consenso
2026-08-21T00:36:20+00:00,SOL,88.14,,,consenso
2026-08-21T00:36:20+00:00,XRP,1.2654,,,consenso
2026-08-21T00:36:20+00:00,DOGE,0.08115,,,binance
2026-08-21T00:36:20+00:00,BNB,655.05,,,binance
2026-08-21T00:37:06+00:00,BTC,73838.02,,,consenso
2026-08-21T00:37:06+00:00,ETH,2347.575,,,consenso
2026-08-21T00:37:06+00:00,SOL,88.09,,,consenso
2026-08-21T00:37:06+00:00,XRP,1.2645,,,consenso
2026-08-21T00:37:06+00:00,DOGE,0.08107,,,binance
2026-08-21T00:37:06+00:00,BNB,655.17,,,binance
2026-08-21T00:37:59+00:00,BTC,73629.0,,,coingecko
2026-08-21T00:37:59+00:00,ETH,2339.53,,,coingecko
2026-08-21T00:37:59+00:00,SOL,88.14,,,coingecko
2026-08-21T00:37:59+00:00,XRP,1.26,,,coingecko
2026-08-21T00:37:59+00:00,DOGE,0.081154,,,coingecko
2026-08-21T00:37:59+00:00,BNB,655.21,,,coingecko
2026-08-21T00:37:59+00:00,ADA,0.200084,,,coingecko
2026-08-21T00:37:59+00:00,LINK,10.76,,,coingecko
2026-08-21T00:37:59+00:00,AVAX,7.28,,,coingecko
2026-08-21T00:37:59+00:00,DOT,0.844185,,,coingecko
2026-08-21T00:37:59+00:00,MATIC,0.126156,,,coingecko
2026-08-21T00:37:59+00:00,LTC,48.07,,,coingecko
2026-08-21T00:38:37+00:00,BTC,73560.235,,,consenso
2026-08-21T00:38:37+00:00,ETH,2335.975,,,consenso
2026-08-21T00:38:37+00:00,SOL,88.0,,,consenso
2026-08-21T00:38:37+00:00,XRP,1.2636,,,consenso
2026-08-21T00:38:37+00:00,DOGE,0.08112,,,binance
2026-08-21T00:38:37+00:00,BNB,655.38,,,binance
2026-08-21T00:39:06+00:00,BTC,73566.0,,,coingecko
2026-08-21T00:39:06+00:00,ETH,2336.77,,,coingecko
2026-08-21T00:39:06+00:00,SOL,88.04,,,coingecko
2026-08-21T00:39:06+00:00,XRP,1.26,,,coingecko
2026-08-21T00:39:06+00:00,DOGE,0.081019,,,coingecko
2026-08-21T00:39:06+00:00,BNB,654.76,,,coingecko
2026-08-21T00:39:06+00:00,ADA,0.199428,,,coingecko
2026-08-21T00:39:06+00:00,LINK,10.75,,,coingecko
2026-08-21T00:39:06+00:00,AVAX,7.26,,,coingecko
2026-08-21T00:39:06+00:00,DOT,0.842919,,,coingecko
2026-08-21T00:39:06+00:00,MATIC,0.126156,,,coingecko
2026-08-21T00:39:06+00:00,LTC,47.99,,,coingecko
2026-08-21T00:39:23+00:00,BTC,73560.235,,,consenso
2026-08-21T00:39:23+00:00,ETH,2335.975,,,consenso
2026-08-21T00:39:23+00:00,SOL,88.1,,,consenso
2026-08-21T00:39:23+00:00,XRP,1.2645,,,consenso
2026-08-21T00:39:23+00:00,DOGE,0.08116,,,binance
2026-08-21T00:39:23+00:00,BNB,655.62,,,binance
2026-08-21T00:40:04+00:00,BTC,73560.235,,,consenso
2026-08-21T00:40:04+00:00,ETH,2335.975,,,consenso
2026-08-21T00:40:04+00:00,SOL,88.05,,,consenso
2026-08-21T00:40:04+00:00,XRP,1.2641,,,consenso
2026-08-21T00:40:04+00:00,DOGE,0.08116,,,binance
2026-08-21T00:40:04+00:00,BNB,655.89,,,binance
2026-08-21T00:40:11+00:00,BTC,73601.0,,,coingecko
2026-08-21T00:40:11+00:00,ETH,2336.93,,,coingecko
2026-08-21T00:40:11+00:00,SOL,88.0,,,coingecko
2026-08-21T00:40:11+00:00,XRP,1.26,,,coingecko
2026-08-21T00:40:11+00:00,DOGE,0.081066,,,coingecko
2026-08-21T00:40:11+00:00,BNB,654.99,,,coingecko
2026-08-21T00:40:11+00:00,ADA,0.199674,,,coingecko
2026-08-21T00:40:11+00:00,LINK,10.75,,,coingecko
2026-08-21T00:40:11+00:00,AVAX,7.26,,,coingecko
2026-08-21T00:40:11+00:00,DOT,0.842958,,,coingecko
2026-08-21T00:40:11+00:00,MATIC,0.126156,,,coingecko
2026-08-21T00:40:11+00:00,LTC,47.98,,,coingecko
2026-08-21T00:41:10+00:00,BTC,73560.235,,,consenso
2026-08-21T00:41:10+00:00,ETH,2335.975,,,consenso
2026-08-21T00:41:10+00:00,SOL,87.88,,,consenso
2026-08-21T00:41:10+00:00,XRP,1.262,,,consenso
2026-08-21T00:41:10+00:00,DOGE,0.081,,,binance
2026-08-21T00:41:10+00:00,BNB,655.51,,,binance
2026-08-21T00:41:20+00:00,BTC,73627.0,,,coingecko
2026-08-21T00:41:20+00:00,ETH,2337.3,,,coingecko
2026-08-21T00:41:20+00:00,SOL,88.04,,,coingecko
2026-08-21T00:41:20+00:00,XRP,1.26,,,coingecko
2026-08-21T00:41:20+00:00,DOGE,0.08113,,,coingecko
2026-08-21T00:41:20+00:00,BNB,655.53,,,coingecko
2026-08-21T00:41:20+00:00,ADA,0.200201,,,coingecko
2026-08-21T00:41:20+00:00,LINK,10.76,,,coingecko
2026-08-21T00:41:20+00:00,AVAX,7.26,,,coingecko
2026-08-21T00:41:20+00:00,DOT,0.84416,,,coingecko
2026-08-21T00:41:20+00:00,MATIC,0.126156,,,coingecko
2026-08-21T00:41:20+00:00,LTC,48.01,,,coingecko
2026-08-21T00:42:26+00:00,BTC,73569.0,,,coingecko
2026-08-21T00:42:26+00:00,ETH,2333.43,,,coingecko
2026-08-21T00:42:26+00:00,SOL,87.9,,,coingecko
2026-08-21T00:42:26+00:00,XRP,1.26,,,coingecko
2026-08-21T00:42:26+00:00,DOGE,0.081061,,,coingecko
2026-08-21T00:42:26+00:00,BNB,655.26,,,coingecko
2026-08-21T00:42:26+00:00,ADA,0.200942,,,coingecko
2026-08-21T00:42:26+00:00,LINK,10.75,,,coingecko
2026-08-21T00:42:26+00:00,AVAX,7.24,,,coingecko
2026-08-21T00:42:26+00:00,DOT,0.843477,,,coingecko
2026-08-21T00:42:26+00:00,MATIC,0.126156,,,coingecko
2026-08-21T00:42:26+00:00,LTC,47.96,,,coingecko
2026-08-21T00:42:24+00:00,BTC,73560.235,,,consenso
2026-08-21T00:42:24+00:00,ETH,2335.975,,,consenso
2026-08-21T00:42:24+00:00,SOL,87.81,,,consenso
2026-08-21T00:42:24+00:00,XRP,1.2615,,,consenso
2026-08-21T00:42:24+00:00,DOGE,0.08102,,,binance
2026-08-21T00:42:24+00:00,BNB,655.2,,,binance
2026-08-21T00:43:23+00:00,BTC,73560.235,,,consenso
2026-08-21T00:43:23+00:00,ETH,2335.975,,,consenso
2026-08-21T00:43:23+00:00,SOL,88.0,,,consenso
2026-08-21T00:43:23+00:00,XRP,1.2641,,,consenso
2026-08-21T00:43:23+00:00,DOGE,0.08127,,,binance
2026-08-21T00:43:23+00:00,BNB,655.95,,,binance
2026-08-21T00:43:31+00:00,BTC,73552.0,,,coingecko
2026-08-21T00:43:31+00:00,ETH,2333.39,,,coingecko
2026-08-21T00:43:31+00:00,SOL,87.81,,,coingecko
2026-08-21T00:43:31+00:00,XRP,1.26,,,coingecko
2026-08-21T00:43:31+00:00,DOGE,0.081017,,,coingecko
2026-08-21T00:43:31+00:00,BNB,655.02,,,coingecko
2026-08-21T00:43:31+00:00,ADA,0.201116,,,coingecko
2026-08-21T00:43:31+00:00,LINK,10.75,,,coingecko
2026-08-21T00:43:31+00:00,AVAX,7.24,,,coingecko
2026-08-21T00:43:31+00:00,DOT,0.843244,,,coingecko
2026-08-21T00:43:31+00:00,MATIC,0.126156,,,coingecko
2026-08-21T00:43:31+00:00,LTC,47.92,,,coingecko
2026-08-21T00:44:18+00:00,BTC,73661.165,,,consenso
2026-08-21T00:44:18+00:00,ETH,2336.715,,,consenso
2026-08-21T00:44:18+00:00,SOL,87.94,,,consenso
2026-08-21T00:44:18+00:00,XRP,1.2623,,,consenso
2026-08-21T00:44:18+00:00,DOGE,0.08115,,,binance
2026-08-21T00:44:18+00:00,BNB,655.8,,,binance
2026-08-21T00:44:41+00:00,BTC,73656.0,,,coingecko
2026-08-21T00:44:41+00:00,ETH,2336.72,,,coingecko
2026-08-21T00:44:41+00:00,SOL,87.96,,,coingecko
2026-08-21T00:44:41+00:00,XRP,1.26,,,coingecko
2026-08-21T00:44:41+00:00,DOGE,0.081107,,,coingecko
2026-08-21T00:44:41+00:00,BNB,655.58,,,coingecko
2026-08-21T00:44:41+00:00,ADA,0.201777,,,coingecko
2026-08-21T00:44:41+00:00,LINK,10.76,,,coingecko
2026-08-21T00:44:41+00:00,AVAX,7.24,,,coingecko
2026-08-21T00:44:41+00:00,DOT,0.844089,,,coingecko
2026-08-21T00:44:41+00:00,MATIC,0.126156,,,coingecko
2026-08-21T00:44:41+00:00,LTC,47.96,,,coingecko
2026-08-21T00:45:27+00:00,BTC,73661.165,,,consenso
2026-08-21T00:45:27+00:00,ETH,2336.715,,,consenso
2026-08-21T00:45:27+00:00,SOL,87.96,,,consenso
2026-08-21T00:45:27+00:00,XRP,1.2623,,,consenso
2026-08-21T00:45:27+00:00,DOGE,0.0812,,,binance
2026-08-21T00:45:27+00:00,BNB,656.18,,,binance
2026-08-21T00:45:46+00:00,BTC,73673.0,,,coingecko
2026-08-21T00:45:46+00:00,ETH,2337.05,,,coingecko
2026-08-21T00:45:46+00:00,SOL,87.94,,,coingecko
2026-08-21T00:45:46+00:00,XRP,1.26,,,coingecko
2026-08-21T00:45:46+00:00,DOGE,0.081154,,,coingecko
2026-08-21T00:45:46+00:00,BNB,655.49,,,coingecko
2026-08-21T00:45:46+00:00,ADA,0.201875,,,coingecko
2026-08-21T00:45:46+00:00,LINK,10.77,,,coingecko
2026-08-21T00:45:46+00:00,AVAX,7.24,,,coingecko
2026-08-21T00:45:46+00:00,DOT,0.84309,,,coingecko
2026-08-21T00:45:46+00:00,MATIC,0.126156,,,coingecko
2026-08-21T00:45:46+00:00,LTC,47.96,,,coingecko
2026-08-21T00:46:53+00:00,BTC,73677.0,,,coingecko
2026-08-21T00:46:53+00:00,ETH,2337.47,,,coingecko
2026-08-21T00:46:53+00:00,SOL,87.92,,,coingecko
2026-08-21T00:46:53+00:00,XRP,1.26,,,coingecko
2026-08-21T00:46:53+00:00,DOGE,0.081168,,,coingecko
2026-08-21T00:46:53+00:00,BNB,655.69,,,coingecko
2026-08-21T00:46:53+00:00,ADA,0.202267,,,coingecko
2026-08-21T00:46:53+00:00,LINK,10.77,,,coingecko
2026-08-21T00:46:53+00:00,AVAX,7.24,,,coingecko
2026-08-21T00:46:53+00:00,DOT,0.843049,,,coingecko
2026-08-21T00:46:53+00:00,MATIC,0.126156,,,coingecko
2026-08-21T00:46:53+00:00,LTC,47.97,,,coingecko
2026-08-21T00:47:02+00:00,BTC,73661.165,,,consenso
2026-08-21T00:47:02+00:00,ETH,2336.715,,,consenso
2026-08-21T00:47:02+00:00,SOL,87.91,,,consenso
2026-08-21T00:47:02+00:00,XRP,1.261,,,consenso
2026-08-21T00:47:02+00:00,DOGE,0.08116,,,binance
2026-08-21T00:47:02+00:00,BNB,655.92,,,binance
2026-08-21T00:47:57+00:00,BTC,73650.0,,,coingecko
2026-08-21T00:47:57+00:00,ETH,2335.85,,,coingecko
2026-08-21T00:47:57+00:00,SOL,87.87,,,coingecko
2026-08-21T00:47:57+00:00,XRP,1.26,,,coingecko
2026-08-21T00:47:57+00:00,DOGE,0.081133,,,coingecko
2026-08-21T00:47:57+00:00,BNB,655.48,,,coingecko
2026-08-21T00:47:57+00:00,ADA,0.202454,,,coingecko
2026-08-21T00:47:57+00:00,LINK,10.76,,,coingecko
2026-08-21T00:47:57+00:00,AVAX,7.24,,,coingecko
2026-08-21T00:47:57+00:00,DOT,0.842902,,,coingecko
2026-08-21T00:47:57+00:00,MATIC,0.126156,,,coingecko
2026-08-21T00:47:57+00:00,LTC,47.94,,,coingecko
2026-08-21T00:47:53+00:00,BTC,73661.165,,,consenso
2026-08-21T00:47:53+00:00,ETH,2336.715,,,consenso
2026-08-21T00:47:53+00:00,SOL,87.86,,,consenso
2026-08-21T00:47:53+00:00,XRP,1.26,,,consenso
2026-08-21T00:47:53+00:00,DOGE,0.08109,,,binance
2026-08-21T00:47:53+00:00,BNB,655.32,,,binance
2026-08-21T00:48:55+00:00,BTC,73661.165,,,consenso
2026-08-21T00:48:55+00:00,ETH,2336.715,,,consenso
2026-08-21T00:48:55+00:00,SOL,88.08,,,consenso
2026-08-21T00:48:55+00:00,XRP,1.2632,,,consenso
2026-08-21T00:48:55+00:00,DOGE,0.08124,,,binance
2026-08-21T00:48:55+00:00,BNB,657.22,,,binance
2026-08-21T00:49:43+00:00,BTC,73643.0,,,coingecko
2026-08-21T00:49:43+00:00,ETH,2337.82,,,coingecko
2026-08-21T00:49:43+00:00,SOL,87.9,,,coingecko
2026-08-21T00:49:43+00:00,XRP,1.26,,,coingecko
2026-08-21T00:49:43+00:00,DOGE,0.081127,,,coingecko
2026-08-21T00:49:43+00:00,BNB,655.51,,,coingecko
2026-08-21T00:49:43+00:00,ADA,0.202837,,,coingecko
2026-08-21T00:49:43+00:00,LINK,10.76,,,coingecko
2026-08-21T00:49:43+00:00,AVAX,7.23,,,coingecko
2026-08-21T00:49:43+00:00,DOT,0.844252,,,coingecko
2026-08-21T00:49:43+00:00,MATIC,0.126156,,,coingecko
2026-08-21T00:49:43+00:00,LTC,47.95,,,coingecko
2026-08-21T00:49:58+00:00,BTC,73786.435,,,consenso
2026-08-21T00:49:58+00:00,ETH,2345.415,,,consenso
2026-08-21T00:49:58+00:00,SOL,88.07,,,consenso
2026-08-21T00:49:58+00:00,XRP,1.2624,,,consenso
2026-08-21T00:49:58+00:00,DOGE,0.08127,,,binance
2026-08-21T00:49:58+00:00,BNB,657.55,,,binance
2026-08-21T00:50:38+00:00,BTC,73786.435,,,consenso
2026-08-21T00:50:38+00:00,ETH,2345.415,,,consenso
2026-08-21T00:50:38+00:00,SOL,88.08,,,consenso
2026-08-21T00:50:38+00:00,XRP,1.2627,,,consenso
2026-08-21T00:50:38+00:00,DOGE,0.08124,,,binance
2026-08-21T00:50:38+00:00,BNB,657.29,,,binance
2026-08-21T00:50:49+00:00,BTC,73744.0,,,coingecko
2026-08-21T00:50:49+00:00,ETH,2343.48,,,coingecko
2026-08-21T00:50:49+00:00,SOL,88.02,,,coingecko
2026-08-21T00:50:49+00:00,XRP,1.26,,,coingecko
2026-08-21T00:50:49+00:00,DOGE,0.081208,,,coingecko
2026-08-21T00:50:49+00:00,BNB,657.0,,,coingecko
2026-08-21T00:50:49+00:00,ADA,0.202972,,,coingecko
2026-08-21T00:50:49+00:00,LINK,10.78,,,coingecko
2026-08-21T00:50:49+00:00,AVAX,7.25,,,coingecko
2026-08-21T00:50:49+00:00,DOT,0.844883,,,coingecko
2026-08-21T00:50:49+00:00,MATIC,0.126156,,,coingecko
2026-08-21T00:50:49+00:00,LTC,48.01,,,coingecko
2026-08-21T00:51:28+00:00,BTC,73786.435,,,consenso
2026-08-21T00:51:28+00:00,ETH,2345.415,,,consenso
2026-08-21T00:51:28+00:00,SOL,88.23,,,consenso
2026-08-21T00:51:28+00:00,XRP,1.2649,,,consenso
2026-08-21T00:51:28+00:00,DOGE,0.08132,,,binance
2026-08-21T00:51:28+00:00,BNB,657.72,,,binance
2026-08-21T00:51:55+00:00,BTC,73730.0,,,coingecko
2026-08-21T00:51:55+00:00,ETH,2344.89,,,coingecko
2026-08-21T00:51:55+00:00,SOL,88.04,,,coingecko
2026-08-21T00:51:55+00:00,XRP,1.26,,,coingecko
2026-08-21T00:51:55+00:00,DOGE,0.081217,,,coingecko
2026-08-21T00:51:55+00:00,BNB,656.96,,,coingecko
2026-08-21T00:51:55+00:00,ADA,0.203081,,,coingecko
2026-08-21T00:51:55+00:00,LINK,10.77,,,coingecko
2026-08-21T00:51:55+00:00,AVAX,7.26,,,coingecko
2026-08-21T00:51:55+00:00,DOT,0.84492,,,coingecko
2026-08-21T00:51:55+00:00,MATIC,0.126156,,,coingecko
2026-08-21T00:51:55+00:00,LTC,48.02,,,coingecko
2026-08-21T00:52:12+00:00,BTC,73786.435,,,consenso
2026-08-21T00:52:12+00:00,ETH,2345.415,,,consenso
2026-08-21T00:52:12+00:00,SOL,88.39,,,consenso
2026-08-21T00:52:12+00:00,XRP,1.2665,,,consenso
2026-08-21T00:52:12+00:00,DOGE,0.08139,,,binance
2026-08-21T00:52:12+00:00,BNB,658.12,,,binance
2026-08-21T00:53:00+00:00,BTC,73750.0,,,coingecko
2026-08-21T00:53:00+00:00,ETH,2345.95,,,coingecko
2026-08-21T00:53:00+00:00,SOL,88.17,,,coingecko
2026-08-21T00:53:00+00:00,XRP,1.26,,,coingecko
2026-08-21T00:53:00+00:00,DOGE,0.081266,,,coingecko
2026-08-21T00:53:00+00:00,BNB,657.29,,,coingecko
2026-08-21T00:53:00+00:00,ADA,0.203321,,,coingecko
2026-08-21T00:53:00+00:00,LINK,10.77,,,coingecko
2026-08-21T00:53:00+00:00,AVAX,7.27,,,coingecko
2026-08-21T00:53:00+00:00,DOT,0.845255,,,coingecko
2026-08-21T00:53:00+00:00,MATIC,0.126156,,,coingecko
2026-08-21T00:53:00+00:00,LTC,48.01,,,coingecko
2026-08-21T00:53:00+00:00,BTC,73786.435,,,consenso
2026-08-21T00:53:00+00:00,ETH,2345.415,,,consenso
2026-08-21T00:53:00+00:00,SOL,88.32,,,consenso
2026-08-21T00:53:00+00:00,XRP,1.2669,,,consenso
2026-08-21T00:53:00+00:00,DOGE,0.08138,,,binance
2026-08-21T00:53:00+00:00,BNB,657.95,,,binance
2026-08-21T00:53:38+00:00,BTC,73786.435,,,consenso
2026-08-21T00:53:38+00:00,ETH,2345.415,,,consenso
2026-08-21T00:53:38+00:00,SOL,88.31,,,consenso
2026-08-21T00:53:38+00:00,XRP,1.2669,,,consenso
2026-08-21T00:53:38+00:00,DOGE,0.0814,,,binance
2026-08-21T00:53:38+00:00,BNB,658.08,,,binance
2026-08-21T00:54:04+00:00,BTC,73788.0,,,coingecko
2026-08-21T00:54:04+00:00,ETH,2347.31,,,coingecko
2026-08-21T00:54:04+00:00,SOL,88.3,,,coingecko
2026-08-21T00:54:04+00:00,XRP,1.27,,,coingecko
2026-08-21T00:54:04+00:00,DOGE,0.08134,,,coingecko
2026-08-21T00:54:04+00:00,BNB,657.46,,,coingecko
2026-08-21T00:54:04+00:00,ADA,0.20383,,,coingecko
2026-08-21T00:54:04+00:00,LINK,10.77,,,coingecko
2026-08-21T00:54:04+00:00,AVAX,7.27,,,coingecko
2026-08-21T00:54:04+00:00,DOT,0.845944,,,coingecko
2026-08-21T00:54:04+00:00,MATIC,0.126156,,,coingecko
2026-08-21T00:54:04+00:00,LTC,48.02,,,coingecko
2026-08-21T00:54:18+00:00,BTC,73786.435,,,consenso
2026-08-21T00:54:18+00:00,ETH,2345.415,,,consenso
2026-08-21T00:54:18+00:00,SOL,88.26,,,consenso
2026-08-21T00:54:18+00:00,XRP,1.2685,,,consenso
2026-08-21T00:54:18+00:00,DOGE,0.08145,,,binance
2026-08-21T00:54:18+00:00,BNB,657.73,,,binance
2026-08-21T00:54:54+00:00,BTC,73786.435,,,consenso
2026-08-21T00:54:54+00:00,ETH,2345.415,,,consenso
2026-08-21T00:54:54+00:00,SOL,88.23,,,consenso
2026-08-21T00:54:54+00:00,XRP,1.2682,,,consenso
2026-08-21T00:54:54+00:00,DOGE,0.08129,,,binance
2026-08-21T00:54:54+00:00,BNB,657.54,,,binance
2026-08-21T00:55:08+00:00,BTC,73765.0,,,coingecko
2026-08-21T00:55:08+00:00,ETH,2345.48,,,coingecko
2026-08-21T00:55:08+00:00,SOL,88.24,,,coingecko
2026-08-21T00:55:08+00:00,XRP,1.27,,,coingecko
2026-08-21T00:55:08+00:00,DOGE,0.081334,,,coingecko
2026-08-21T00:55:08+00:00,BNB,657.68,,,coingecko
2026-08-21T00:55:08+00:00,ADA,0.205028,,,coingecko
2026-08-21T00:55:08+00:00,LINK,10.77,,,coingecko
2026-08-21T00:55:08+00:00,AVAX,7.28,,,coingecko
2026-08-21T00:55:08+00:00,DOT,0.846391,,,coingecko
2026-08-21T00:55:08+00:00,MATIC,0.126156,,,coingecko
2026-08-21T00:55:08+00:00,LTC,48.0,,,coingecko
2026-08-21T00:55:28+00:00,BTC,73638.545,,,consenso
2026-08-21T00:55:28+00:00,ETH,2338.05,,,consenso
2026-08-21T00:55:28+00:00,SOL,88.09,,,consenso
2026-08-21T00:55:28+00:00,XRP,1.2652,,,consenso
2026-08-21T00:55:28+00:00,DOGE,0.08109,,,binance
2026-08-21T00:55:28+00:00,BNB,657.06,,,binance
2026-08-21T00:56:07+00:00,BTC,73638.545,,,consenso
2026-08-21T00:56:07+00:00,ETH,2338.05,,,consenso
2026-08-21T00:56:07+00:00,SOL,88.0,,,consenso
2026-08-21T00:56:07+00:00,XRP,1.2639,,,consenso
2026-08-21T00:56:07+00:00,DOGE,0.08111,,,binance
2026-08-21T00:56:07+00:00,BNB,656.25,,,binance
2026-08-21T00:56:13+00:00,BTC,73673.0,,,coingecko
2026-08-21T00:56:13+00:00,ETH,2341.61,,,coingecko
2026-08-21T00:56:13+00:00,SOL,88.21,,,coingecko
2026-08-21T00:56:13+00:00,XRP,1.27,,,coingecko
2026-08-21T00:56:13+00:00,DOGE,0.08132,,,coingecko
2026-08-21T00:56:13+00:00,BNB,657.32,,,coingecko
2026-08-21T00:56:13+00:00,ADA,0.205279,,,coingecko
2026-08-21T00:56:13+00:00,LINK,10.76,,,coingecko
2026-08-21T00:56:13+00:00,AVAX,7.27,,,coingecko
2026-08-21T00:56:13+00:00,DOT,0.847674,,,coingecko
2026-08-21T00:56:13+00:00,MATIC,0.126156,,,coingecko
2026-08-21T00:56:13+00:00,LTC,47.98,,,coingecko
2026-08-21T00:57:17+00:00,BTC,73616.0,,,coingecko
2026-08-21T00:57:17+00:00,ETH,2338.67,,,coingecko
2026-08-21T00:57:17+00:00,SOL,88.09,,,coingecko
2026-08-21T00:57:17+00:00,XRP,1.27,,,coingecko
2026-08-21T00:57:17+00:00,DOGE,0.081176,,,coingecko
2026-08-21T00:57:17+00:00,BNB,657.0,,,coingecko
2026-08-21T00:57:17+00:00,ADA,0.204647,,,coingecko
2026-08-21T00:57:17+00:00,LINK,10.75,,,coingecko
2026-08-21T00:57:17+00:00,AVAX,7.26,,,coingecko
2026-08-21T00:57:17+00:00,DOT,0.847001,,,coingecko
2026-08-21T00:57:17+00:00,MATIC,0.126156,,,coingecko
2026-08-21T00:57:17+00:00,LTC,47.95,,,coingecko
2026-08-21T00:57:37+00:00,BTC,73638.545,,,consenso
2026-08-21T00:57:37+00:00,ETH,2338.05,,,consenso
2026-08-21T00:57:37+00:00,SOL,88.13,,,consenso
2026-08-21T00:57:37+00:00,XRP,1.265,,,consenso
2026-08-21T00:57:37+00:00,DOGE,0.08124,,,binance
2026-08-21T00:57:37+00:00,BNB,656.33,,,binance
2026-08-21T00:58:21+00:00,BTC,73639.0,,,coingecko
2026-08-21T00:58:21+00:00,ETH,2337.09,,,coingecko
2026-08-21T00:58:21+00:00,SOL,88.06,,,coingecko
2026-08-21T00:58:21+00:00,XRP,1.27,,,coingecko
2026-08-21T00:58:21+00:00,DOGE,0.081192,,,coingecko
2026-08-21T00:58:21+00:00,BNB,656.45,,,coingecko
2026-08-21T00:58:21+00:00,ADA,0.204882,,,coingecko
2026-08-21T00:58:21+00:00,LINK,10.74,,,coingecko
2026-08-21T00:58:21+00:00,AVAX,7.27,,,coingecko
2026-08-21T00:58:21+00:00,DOT,0.847231,,,coingecko
2026-08-21T00:58:21+00:00,MATIC,0.126156,,,coingecko
2026-08-21T00:58:21+00:00,LTC,47.96,,,coingecko
2026-08-21T00:58:22+00:00,BTC,73638.545,,,consenso
2026-08-21T00:58:22+00:00,ETH,2338.05,,,consenso
2026-08-21T00:58:22+00:00,SOL,88.23,,,consenso
2026-08-21T00:58:22+00:00,XRP,1.2651,,,consenso
2026-08-21T00:58:22+00:00,DOGE,0.08129,,,binance
2026-08-21T00:58:22+00:00,BNB,656.77,,,binance
2026-08-21T00:58:59+00:00,BTC,73638.545,,,consenso
2026-08-21T00:58:59+00:00,ETH,2338.05,,,consenso
2026-08-21T00:58:59+00:00,SOL,88.3,,,consenso
2026-08-21T00:58:59+00:00,XRP,1.2646,,,consenso
2026-08-21T00:58:59+00:00,DOGE,0.08128,,,binance
2026-08-21T00:58:59+00:00,BNB,656.92,,,binance
2026-08-21T00:59:25+00:00,BTC,73653.0,,,coingecko
2026-08-21T00:59:25+00:00,ETH,2338.89,,,coingecko
2026-08-21T00:59:25+00:00,SOL,88.18,,,coingecko
2026-08-21T00:59:25+00:00,XRP,1.26,,,coingecko
2026-08-21T00:59:25+00:00,DOGE,0.081252,,,coingecko
2026-08-21T00:59:25+00:00,BNB,656.35,,,coingecko
2026-08-21T00:59:25+00:00,ADA,0.205285,,,coingecko
2026-08-21T00:59:25+00:00,LINK,10.74,,,coingecko
2026-08-21T00:59:25+00:00,AVAX,7.27,,,coingecko
2026-08-21T00:59:25+00:00,DOT,0.846484,,,coingecko
2026-08-21T00:59:25+00:00,MATIC,0.126156,,,coingecko
2026-08-21T00:59:25+00:00,LTC,47.95,,,coingecko
2026-08-21T00:59:43+00:00,BTC,73638.545,,,consenso
2026-08-21T00:59:43+00:00,ETH,2338.05,,,consenso
2026-08-21T00:59:43+00:00,SOL,88.27,,,consenso
2026-08-21T00:59:43+00:00,XRP,1.2669,,,consenso
2026-08-21T00:59:43+00:00,DOGE,0.08131,,,binance
2026-08-21T00:59:43+00:00,BNB,656.95,,,binance
2026-08-21T01:00:28+00:00,BTC,73650.725,,,consenso
2026-08-21T01:00:28+00:00,ETH,2338.945,,,consenso
2026-08-21T01:00:28+00:00,SOL,88.17,,,consenso
2026-08-21T01:00:28+00:00,XRP,1.26461,,,consenso
2026-08-21T01:00:28+00:00,DOGE,0.08125,,,binance
2026-08-21T01:00:28+00:00,BNB,656.6,,,binance
2026-08-21T01:01:42+00:00,BTC,73669.0,,,coingecko
2026-08-21T01:01:42+00:00,ETH,2339.27,,,coingecko
2026-08-21T01:01:42+00:00,SOL,88.19,,,coingecko
2026-08-21T01:01:42+00:00,XRP,1.26,,,coingecko
2026-08-21T01:01:42+00:00,DOGE,0.081247,,,coingecko
2026-08-21T01:01:42+00:00,BNB,656.44,,,coingecko
2026-08-21T01:01:42+00:00,ADA,0.204484,,,coingecko
2026-08-21T01:01:42+00:00,LINK,10.75,,,coingecko
2026-08-21T01:01:42+00:00,AVAX,7.27,,,coingecko
2026-08-21T01:01:42+00:00,DOT,0.84581,,,coingecko
2026-08-21T01:01:42+00:00,MATIC,0.126156,,,coingecko
2026-08-21T01:01:42+00:00,LTC,47.94,,,coingecko
2026-08-21T01:02:18+00:00,BTC,73650.725,,,consenso
2026-08-21T01:02:18+00:00,ETH,2338.945,,,consenso
2026-08-21T01:02:18+00:00,SOL,88.3,,,consenso
2026-08-21T01:02:18+00:00,XRP,1.2696,,,consenso
2026-08-21T01:02:18+00:00,DOGE,0.08148,,,binance
2026-08-21T01:02:18+00:00,BNB,656.96,,,binance
2026-08-21T01:02:49+00:00,BTC,73672.0,,,coingecko
2026-08-21T01:02:49+00:00,ETH,2338.71,,,coingecko
2026-08-21T01:02:49+00:00,SOL,88.14,,,coingecko
2026-08-21T01:02:49+00:00,XRP,1.26,,,coingecko
2026-08-21T01:02:49+00:00,DOGE,0.08122,,,coingecko
2026-08-21T01:02:49+00:00,BNB,656.14,,,coingecko
2026-08-21T01:02:49+00:00,ADA,0.203984,,,coingecko
2026-08-21T01:02:49+00:00,LINK,10.74,,,coingecko
2026-08-21T01:02:49+00:00,AVAX,7.25,,,coingecko
2026-08-21T01:02:49+00:00,DOT,0.844902,,,coingecko
2026-08-21T01:02:49+00:00,MATIC,0.126156,,,coingecko
2026-08-21T01:02:49+00:00,LTC,47.95,,,coingecko
2026-08-21T01:03:11+00:00,BTC,73650.725,,,consenso
2026-08-21T01:03:11+00:00,ETH,2338.945,,,consenso
2026-08-21T01:03:11+00:00,SOL,88.27,,,consenso
2026-08-21T01:03:11+00:00,XRP,1.272,,,consenso
2026-08-21T01:03:11+00:00,DOGE,0.0815,,,binance
2026-08-21T01:03:11+00:00,BNB,656.76,,,binance
2026-08-21T01:03:55+00:00,BTC,73771.0,,,coingecko
2026-08-21T01:03:55+00:00,ETH,2340.5,,,coingecko
2026-08-21T01:03:55+00:00,SOL,88.24,,,coingecko
2026-08-21T01:03:55+00:00,XRP,1.27,,,coingecko
2026-08-21T01:03:55+00:00,DOGE,0.081409,,,coingecko
2026-08-21T01:03:55+00:00,BNB,656.61,,,coingecko
2026-08-21T01:03:55+00:00,ADA,0.204123,,,coingecko
2026-08-21T01:03:55+00:00,LINK,10.76,,,coingecko
2026-08-21T01:03:55+00:00,AVAX,7.26,,,coingecko
2026-08-21T01:03:55+00:00,DOT,0.846828,,,coingecko
2026-08-21T01:03:55+00:00,MATIC,0.126156,,,coingecko
2026-08-21T01:03:55+00:00,LTC,47.99,,,coingecko
2026-08-21T01:04:24+00:00,BTC,73650.725,,,consenso
2026-08-21T01:04:24+00:00,ETH,2338.945,,,consenso
2026-08-21T01:04:24+00:00,SOL,88.36,,,consenso
2026-08-21T01:04:24+00:00,XRP,1.2744,,,consenso
2026-08-21T01:04:24+00:00,DOGE,0.08153,,,binance
2026-08-21T01:04:24+00:00,BNB,657.06,,,binance
2026-08-21T01:05:01+00:00,BTC,73805.0,,,coingecko
2026-08-21T01:05:01+00:00,ETH,2341.0,,,coingecko
2026-08-21T01:05:01+00:00,SOL,88.23,,,coingecko
2026-08-21T01:05:01+00:00,XRP,1.27,,,coingecko
2026-08-21T01:05:01+00:00,DOGE,0.081444,,,coingecko
2026-08-21T01:05:01+00:00,BNB,656.41,,,coingecko
2026-08-21T01:05:01+00:00,ADA,0.203756,,,coingecko
2026-08-21T01:05:01+00:00,LINK,10.77,,,coingecko
2026-08-21T01:05:01+00:00,AVAX,7.27,,,coingecko
2026-08-21T01:05:01+00:00,DOT,0.846799,,,coingecko
2026-08-21T01:05:01+00:00,MATIC,0.126156,,,coingecko
2026-08-21T01:05:01+00:00,LTC,48.02,,,coingecko
2026-08-21T01:05:12+00:00,BTC,73650.725,,,consenso
2026-08-21T01:05:12+00:00,ETH,2338.945,,,consenso
2026-08-21T01:05:12+00:00,SOL,88.27,,,consenso
2026-08-21T01:05:12+00:00,XRP,1.269,,,consenso
2026-08-21T01:05:12+00:00,DOGE,0.08145,,,binance
2026-08-21T01:05:12+00:00,BNB,656.34,,,binance
2026-08-21T01:05:53+00:00,BTC,73832.295,,,consenso
2026-08-21T01:05:53+00:00,ETH,2340.015,,,consenso
2026-08-21T01:05:53+00:00,SOL,88.3,,,consenso
2026-08-21T01:05:53+00:00,XRP,1.2705,,,consenso
2026-08-21T01:05:53+00:00,DOGE,0.08153,,,binance
2026-08-21T01:05:53+00:00,BNB,656.39,,,binance
2026-08-21T01:06:05+00:00,BTC,73879.0,,,coingecko
2026-08-21T01:06:05+00:00,ETH,2342.41,,,coingecko
2026-08-21T01:06:05+00:00,SOL,88.33,,,coingecko
2026-08-21T01:06:05+00:00,XRP,1.27,,,coingecko
2026-08-21T01:06:05+00:00,DOGE,0.081491,,,coingecko
2026-08-21T01:06:05+00:00,BNB,656.78,,,coingecko
2026-08-21T01:06:05+00:00,ADA,0.203433,,,coingecko
2026-08-21T01:06:05+00:00,LINK,10.77,,,coingecko
2026-08-21T01:06:05+00:00,AVAX,7.27,,,coingecko
2026-08-21T01:06:05+00:00,DOT,0.847216,,,coingecko
2026-08-21T01:06:05+00:00,MATIC,0.126156,,,coingecko
2026-08-21T01:06:05+00:00,LTC,48.04,,,coingecko
2026-08-21T01:06:33+00:00,BTC,73832.295,,,consenso
2026-08-21T01:06:33+00:00,ETH,2340.015,,,consenso
2026-08-21T01:06:33+00:00,SOL,88.33,,,consenso
2026-08-21T01:06:33+00:00,XRP,1.2699,,,consenso
2026-08-21T01:06:33+00:00,DOGE,0.08159,,,binance
2026-08-21T01:06:33+00:00,BNB,656.72,,,binance
2026-08-21T01:07:11+00:00,BTC,73825.0,,,coingecko
2026-08-21T01:07:11+00:00,ETH,2341.14,,,coingecko
2026-08-21T01:07:11+00:00,SOL,88.28,,,coingecko
2026-08-21T01:07:11+00:00,XRP,1.27,,,coingecko
2026-08-21T01:07:11+00:00,DOGE,0.081504,,,coingecko
2026-08-21T01:07:11+00:00,BNB,656.29,,,coingecko
2026-08-21T01:07:11+00:00,ADA,0.203021,,,coingecko
2026-08-21T01:07:11+00:00,LINK,10.77,,,coingecko
2026-08-21T01:07:11+00:00,AVAX,7.26,,,coingecko
2026-08-21T01:07:11+00:00,DOT,0.846583,,,coingecko
2026-08-21T01:07:11+00:00,MATIC,0.126156,,,coingecko
2026-08-21T01:07:11+00:00,LTC,47.99,,,coingecko
2026-08-21T01:07:13+00:00,BTC,73832.295,,,consenso
2026-08-21T01:07:13+00:00,ETH,2340.015,,,consenso
2026-08-21T01:07:13+00:00,SOL,88.3,,,consenso
2026-08-21T01:07:13+00:00,XRP,1.2704,,,consenso
2026-08-21T01:07:13+00:00,DOGE,0.08163,,,binance
2026-08-21T01:07:13+00:00,BNB,657.18,,,binance
2026-08-21T01:07:55+00:00,BTC,73832.295,,,consenso
2026-08-21T01:07:55+00:00,ETH,2340.015,,,consenso
2026-08-21T01:07:55+00:00,SOL,88.3,,,consenso
2026-08-21T01:07:55+00:00,XRP,1.2709,,,consenso
2026-08-21T01:07:55+00:00,DOGE,0.08171,,,binance
2026-08-21T01:07:55+00:00,BNB,657.43,,,binance
2026-08-21T01:08:17+00:00,BTC,73823.0,,,coingecko
2026-08-21T01:08:17+00:00,ETH,2341.53,,,coingecko
2026-08-21T01:08:17+00:00,SOL,88.28,,,coingecko
2026-08-21T01:08:17+00:00,XRP,1.27,,,coingecko
2026-08-21T01:08:17+00:00,DOGE,0.081552,,,coingecko
2026-08-21T01:08:17+00:00,BNB,656.49,,,coingecko
2026-08-21T01:08:17+00:00,ADA,0.20303,,,coingecko
2026-08-21T01:08:17+00:00,LINK,10.77,,,coingecko
2026-08-21T01:08:17+00:00,AVAX,7.27,,,coingecko
2026-08-21T01:08:17+00:00,DOT,0.846403,,,coingecko
2026-08-21T01:08:17+00:00,MATIC,0.126156,,,coingecko
2026-08-21T01:08:17+00:00,LTC,48.0,,,coingecko
2026-08-21T01:08:40+00:00,BTC,73832.295,,,consenso
2026-08-21T01:08:40+00:00,ETH,2340.015,,,consenso
2026-08-21T01:08:40+00:00,SOL,88.34,,,consenso
2026-08-21T01:08:40+00:00,XRP,1.2725,,,consenso
2026-08-21T01:08:40+00:00,DOGE,0.08174,,,binance
2026-08-21T01:08:40+00:00,BNB,657.06,,,binance
2026-08-21T01:09:23+00:00,BTC,73858.0,,,coingecko
2026-08-21T01:09:23+00:00,ETH,2343.16,,,coingecko
2026-08-21T01:09:23+00:00,SOL,88.27,,,coingecko
2026-08-21T01:09:23+00:00,XRP,1.27,,,coingecko
2026-08-21T01:09:23+00:00,DOGE,0.081637,,,coingecko
2026-08-21T01:09:23+00:00,BNB,657.05,,,coingecko
2026-08-21T01:09:23+00:00,ADA,0.20361,,,coingecko
2026-08-21T01:09:23+00:00,LINK,10.78,,,coingecko
2026-08-21T01:09:23+00:00,AVAX,7.27,,,coingecko
2026-08-21T01:09:23+00:00,DOT,0.846933,,,coingecko
2026-08-21T01:09:23+00:00,MATIC,0.126156,,,coingecko
2026-08-21T01:09:23+00:00,LTC,48.01,,,coingecko
2026-08-21T01:10:06+00:00,BTC,73832.295,,,consenso
2026-08-21T01:10:06+00:00,ETH,2340.015,,,consenso
2026-08-21T01:10:06+00:00,SOL,88.35,,,consenso
2026-08-21T01:10:06+00:00,XRP,1.2729,,,consenso
2026-08-21T01:10:06+00:00,DOGE,0.08173,,,binance
2026-08-21T01:10:06+00:00,BNB,657.53,,,binance
2026-08-21T01:10:29+00:00,BTC,73865.0,,,coingecko
2026-08-21T01:10:29+00:00,ETH,2342.76,,,coingecko
2026-08-21T01:10:29+00:00,SOL,88.26,,,coingecko
2026-08-21T01:10:29+00:00,XRP,1.27,,,coingecko
2026-08-21T01:10:29+00:00,DOGE,0.08165,,,coingecko
2026-08-21T01:10:29+00:00,BNB,656.68,,,coingecko
2026-08-21T01:10:29+00:00,ADA,0.203435,,,coingecko
2026-08-21T01:10:29+00:00,LINK,10.78,,,coingecko
2026-08-21T01:10:29+00:00,AVAX,7.27,,,coingecko
2026-08-21T01:10:29+00:00,DOT,0.847098,,,coingecko
2026-08-21T01:10:29+00:00,MATIC,0.126156,,,coingecko
2026-08-21T01:10:29+00:00,LTC,48.04,,,coingecko
2026-08-21T01:11:02+00:00,BTC,73939.555,,,consenso
2026-08-21T01:11:02+00:00,ETH,2345.075,,,consenso
2026-08-21T01:11:02+00:00,SOL,88.32,,,consenso
2026-08-21T01:11:02+00:00,XRP,1.27374,,,consenso
2026-08-21T01:11:02+00:00,DOGE,0.0817,,,binance
2026-08-21T01:11:02+00:00,BNB,657.36,,,binance
2026-08-21T01:11:34+00:00,BTC,73909.0,,,coingecko
2026-08-21T01:11:34+00:00,ETH,2344.63,,,coingecko
2026-08-21T01:11:34+00:00,SOL,88.28,,,coingecko
2026-08-21T01:11:34+00:00,XRP,1.27,,,coingecko
2026-08-21T01:11:34+00:00,DOGE,0.081687,,,coingecko
2026-08-21T01:11:34+00:00,BNB,657.14,,,coingecko
2026-08-21T01:11:34+00:00,ADA,0.203785,,,coingecko
2026-08-21T01:11:34+00:00,LINK,10.78,,,coingecko
2026-08-21T01:11:34+00:00,AVAX,7.27,,,coingecko
2026-08-21T01:11:34+00:00,DOT,0.848029,,,coingecko
2026-08-21T01:11:34+00:00,MATIC,0.126156,,,coingecko
2026-08-21T01:11:34+00:00,LTC,48.07,,,coingecko
2026-08-21T01:11:47+00:00,BTC,73939.555,,,consenso
2026-08-21T01:11:47+00:00,ETH,2345.075,,,consenso
2026-08-21T01:11:47+00:00,SOL,88.28,,,consenso
2026-08-21T01:11:47+00:00,XRP,1.2738,,,consenso
2026-08-21T01:11:47+00:00,DOGE,0.08176,,,binance
2026-08-21T01:11:47+00:00,BNB,657.24,,,binance
2026-08-21T01:12:37+00:00,BTC,73939.555,,,consenso
2026-08-21T01:12:37+00:00,ETH,2345.075,,,consenso
2026-08-21T01:12:37+00:00,SOL,88.31,,,consenso
2026-08-21T01:12:37+00:00,XRP,1.2736,,,consenso
2026-08-21T01:12:37+00:00,DOGE,0.08174,,,binance
2026-08-21T01:12:37+00:00,BNB,657.47,,,binance
2026-08-21T01:13:18+00:00,BTC,73905.0,,,coingecko
2026-08-21T01:13:18+00:00,ETH,2344.36,,,coingecko
2026-08-21T01:13:18+00:00,SOL,88.25,,,coingecko
2026-08-21T01:13:18+00:00,XRP,1.27,,,coingecko
2026-08-21T01:13:18+00:00,DOGE,0.081699,,,coingecko
2026-08-21T01:13:18+00:00,BNB,656.91,,,coingecko
2026-08-21T01:13:18+00:00,ADA,0.203993,,,coingecko
2026-08-21T01:13:18+00:00,LINK,10.77,,,coingecko
2026-08-21T01:13:18+00:00,AVAX,7.26,,,coingecko
2026-08-21T01:13:18+00:00,DOT,0.847167,,,coingecko
2026-08-21T01:13:18+00:00,MATIC,0.126156,,,coingecko
2026-08-21T01:13:18+00:00,LTC,48.06,,,coingecko
2026-08-21T01:13:31+00:00,BTC,73939.555,,,consenso
2026-08-21T01:13:31+00:00,ETH,2345.075,,,consenso
2026-08-21T01:13:31+00:00,SOL,88.31,,,consenso
2026-08-21T01:13:31+00:00,XRP,1.2742,,,consenso
2026-08-21T01:13:31+00:00,DOGE,0.08172,,,binance
2026-08-21T01:13:31+00:00,BNB,657.58,,,binance
2026-08-21T01:14:12+00:00,BTC,73939.555,,,consenso
2026-08-21T01:14:12+00:00,ETH,2345.075,,,consenso
2026-08-21T01:14:12+00:00,SOL,88.41,,,consenso
2026-08-21T01:14:12+00:00,XRP,1.2744,,,consenso
2026-08-21T01:14:12+00:00,DOGE,0.08171,,,binance
2026-08-21T01:14:12+00:00,BNB,657.55,,,binance
2026-08-21T01:14:24+00:00,BTC,73905.0,,,coingecko
2026-08-21T01:14:24+00:00,ETH,2345.05,,,coingecko
2026-08-21T01:14:24+00:00,SOL,88.27,,,coingecko
2026-08-21T01:14:24+00:00,XRP,1.27,,,coingecko
2026-08-21T01:14:24+00:00,DOGE,0.081697,,,coingecko
2026-08-21T01:14:24+00:00,BNB,657.06,,,coingecko
2026-08-21T01:14:24+00:00,ADA,0.203892,,,coingecko
2026-08-21T01:14:24+00:00,LINK,10.78,,,coingecko
2026-08-21T01:14:24+00:00,AVAX,7.26,,,coingecko
2026-08-21T01:14:24+00:00,DOT,0.847117,,,coingecko
2026-08-21T01:14:24+00:00,MATIC,0.126156,,,coingecko
2026-08-21T01:14:24+00:00,LTC,48.06,,,coingecko
2026-08-21T01:14:50+00:00,BTC,73939.555,,,consenso
2026-08-21T01:14:50+00:00,ETH,2345.075,,,consenso
2026-08-21T01:14:50+00:00,SOL,88.34,,,consenso
2026-08-21T01:14:50+00:00,XRP,1.2738,,,consenso
2026-08-21T01:14:50+00:00,DOGE,0.08168,,,binance
2026-08-21T01:14:50+00:00,BNB,657.45,,,binance
2026-08-21T01:15:28+00:00,BTC,73941.0,,,coingecko
2026-08-21T01:15:28+00:00,ETH,2344.72,,,coingecko
2026-08-21T01:15:28+00:00,SOL,88.35,,,coingecko
2026-08-21T01:15:28+00:00,XRP,1.27,,,coingecko
2026-08-21T01:15:28+00:00,DOGE,0.081712,,,coingecko
2026-08-21T01:15:28+00:00,BNB,657.35,,,coingecko
2026-08-21T01:15:28+00:00,ADA,0.203978,,,coingecko
2026-08-21T01:15:28+00:00,LINK,10.78,,,coingecko
2026-08-21T01:15:28+00:00,AVAX,7.26,,,coingecko
2026-08-21T01:15:28+00:00,DOT,0.846646,,,coingecko
2026-08-21T01:15:28+00:00,MATIC,0.126156,,,coingecko
2026-08-21T01:15:28+00:00,LTC,48.07,,,coingecko
2026-08-21T01:15:39+00:00,BTC,73939.555,,,consenso
2026-08-21T01:15:39+00:00,ETH,2345.075,,,consenso
2026-08-21T01:15:39+00:00,SOL,88.33,,,consenso
2026-08-21T01:15:39+00:00,XRP,1.2728,,,consenso
2026-08-21T01:15:39+00:00,DOGE,0.08171,,,binance
2026-08-21T01:15:39+00:00,BNB,657.49,,,binance
2026-08-21T01:16:28+00:00,BTC,73972.495,,,consenso
2026-08-21T01:16:28+00:00,ETH,2346.995,,,consenso
2026-08-21T01:16:28+00:00,SOL,88.4,,,consenso
2026-08-21T01:16:28+00:00,XRP,1.27352,,,consenso
2026-08-21T01:16:28+00:00,DOGE,0.08179,,,binance
2026-08-21T01:16:28+00:00,BNB,657.99,,,binance
2026-08-21T01:16:33+00:00,BTC,73934.0,,,coingecko
2026-08-21T01:16:33+00:00,ETH,2343.96,,,coingecko
2026-08-21T01:16:33+00:00,SOL,88.32,,,coingecko
2026-08-21T01:16:33+00:00,XRP,1.27,,,coingecko
2026-08-21T01:16:33+00:00,DOGE,0.081673,,,coingecko
2026-08-21T01:16:33+00:00,BNB,657.15,,,coingecko
2026-08-21T01:16:33+00:00,ADA,0.203935,,,coingecko
2026-08-21T01:16:33+00:00,LINK,10.77,,,coingecko
2026-08-21T01:16:33+00:00,AVAX,7.26,,,coingecko
2026-08-21T01:16:33+00:00,DOT,0.846533,,,coingecko
2026-08-21T01:16:33+00:00,MATIC,0.126156,,,coingecko
2026-08-21T01:16:33+00:00,LTC,48.04,,,coingecko
2026-08-21T01:17:38+00:00,BTC,73952.0,,,coingecko
2026-08-21T01:17:38+00:00,ETH,2345.65,,,coingecko
2026-08-21T01:17:38+00:00,SOL,88.32,,,coingecko
2026-08-21T01:17:38+00:00,XRP,1.27,,,coingecko
2026-08-21T01:17:38+00:00,DOGE,0.081711,,,coingecko
2026-08-21T01:17:38+00:00,BNB,657.26,,,coingecko
2026-08-21T01:17:38+00:00,ADA,0.203745,,,coingecko
2026-08-21T01:17:38+00:00,LINK,10.77,,,coingecko
2026-08-21T01:17:38+00:00,AVAX,7.25,,,coingecko
2026-08-21T01:17:38+00:00,DOT,0.847016,,,coingecko
2026-08-21T01:17:38+00:00,MATIC,0.126156,,,coingecko
2026-08-21T01:17:38+00:00,LTC,48.05,,,coingecko
2026-08-21T01:18:19+00:00,BTC,73972.495,,,consenso
2026-08-21T01:18:19+00:00,ETH,2346.995,,,consenso
2026-08-21T01:18:19+00:00,SOL,88.93,,,consenso
2026-08-21T01:18:19+00:00,XRP,1.2823,,,consenso
2026-08-21T01:18:19+00:00,DOGE,0.08218,,,binance
2026-08-21T01:18:19+00:00,BNB,660.83,,,binance
2026-08-21T01:18:46+00:00,BTC,74078.0,,,coingecko
2026-08-21T01:18:46+00:00,ETH,2348.91,,,coingecko
2026-08-21T01:18:46+00:00,SOL,88.43,,,coingecko
2026-08-21T01:18:46+00:00,XRP,1.28,,,coingecko
2026-08-21T01:18:46+00:00,DOGE,0.081858,,,coingecko
2026-08-21T01:18:46+00:00,BNB,658.05,,,coingecko
2026-08-21T01:18:46+00:00,ADA,0.204487,,,coingecko
2026-08-21T01:18:46+00:00,LINK,10.78,,,coingecko
2026-08-21T01:18:46+00:00,AVAX,7.27,,,coingecko
2026-08-21T01:18:46+00:00,DOT,0.848,,,coingecko
2026-08-21T01:18:46+00:00,MATIC,0.126156,,,coingecko
2026-08-21T01:18:46+00:00,LTC,48.09,,,coingecko
2026-08-21T01:19:15+00:00,BTC,73972.495,,,consenso
2026-08-21T01:19:15+00:00,ETH,2346.995,,,consenso
2026-08-21T01:19:15+00:00,SOL,88.86,,,consenso
2026-08-21T01:19:15+00:00,XRP,1.2833,,,consenso
2026-08-21T01:19:15+00:00,DOGE,0.08201,,,binance
2026-08-21T01:19:15+00:00,BNB,659.74,,,binance
2026-08-21T01:19:53+00:00,BTC,74450.0,,,coingecko
2026-08-21T01:19:53+00:00,ETH,2356.33,,,coingecko
2026-08-21T01:19:53+00:00,SOL,88.61,,,coingecko
2026-08-21T01:19:53+00:00,XRP,1.28,,,coingecko
2026-08-21T01:19:53+00:00,DOGE,0.081917,,,coingecko
2026-08-21T01:19:53+00:00,BNB,658.38,,,coingecko
2026-08-21T01:19:53+00:00,ADA,0.205166,,,coingecko
2026-08-21T01:19:53+00:00,LINK,10.8,,,coingecko
2026-08-21T01:19:53+00:00,AVAX,7.29,,,coingecko
2026-08-21T01:19:53+00:00,DOT,0.848073,,,coingecko
2026-08-21T01:19:53+00:00,MATIC,0.126156,,,coingecko
2026-08-21T01:19:53+00:00,LTC,48.14,,,coingecko
2026-08-21T01:20:18+00:00,BTC,73972.495,,,consenso
2026-08-21T01:20:18+00:00,ETH,2346.995,,,consenso
2026-08-21T01:20:18+00:00,SOL,88.61,,,consenso
2026-08-21T01:20:18+00:00,XRP,1.284,,,consenso
2026-08-21T01:20:18+00:00,DOGE,0.08187,,,binance
2026-08-21T01:20:18+00:00,BNB,659.22,,,binance
2026-08-21T01:20:57+00:00,BTC,74616.0,,,coingecko
2026-08-21T01:20:57+00:00,ETH,2355.33,,,coingecko
2026-08-21T01:20:57+00:00,SOL,88.74,,,coingecko
2026-08-21T01:20:57+00:00,XRP,1.28,,,coingecko
2026-08-21T01:20:57+00:00,DOGE,0.08192,,,coingecko
2026-08-21T01:20:57+00:00,BNB,658.98,,,coingecko
2026-08-21T01:20:57+00:00,ADA,0.205036,,,coingecko
2026-08-21T01:20:57+00:00,LINK,10.79,,,coingecko
2026-08-21T01:20:57+00:00,AVAX,7.28,,,coingecko
2026-08-21T01:20:57+00:00,DOT,0.849768,,,coingecko
2026-08-21T01:20:57+00:00,MATIC,0.126156,,,coingecko
2026-08-21T01:20:57+00:00,LTC,48.21,,,coingecko
2026-08-21T01:21:25+00:00,BTC,73972.495,,,consenso
2026-08-21T01:21:25+00:00,ETH,2346.995,,,consenso
2026-08-21T01:21:25+00:00,SOL,88.46,,,consenso
2026-08-21T01:21:25+00:00,XRP,1.2794,,,consenso
2026-08-21T01:21:25+00:00,DOGE,0.0817,,,binance
2026-08-21T01:21:25+00:00,BNB,658.41,,,binance
2026-08-21T01:22:01+00:00,BTC,74626.0,,,coingecko
2026-08-21T01:22:01+00:00,ETH,2355.13,,,coingecko
2026-08-21T01:22:01+00:00,SOL,88.6,,,coingecko
2026-08-21T01:22:01+00:00,XRP,1.28,,,coingecko
2026-08-21T01:22:01+00:00,DOGE,0.081839,,,coingecko
2026-08-21T01:22:01+00:00,BNB,658.81,,,coingecko
2026-08-21T01:22:01+00:00,ADA,0.204567,,,coingecko
2026-08-21T01:22:01+00:00,LINK,10.77,,,coingecko
2026-08-21T01:22:01+00:00,AVAX,7.28,,,coingecko
2026-08-21T01:22:01+00:00,DOT,0.847521,,,coingecko
2026-08-21T01:22:01+00:00,MATIC,0.126156,,,coingecko
2026-08-21T01:22:01+00:00,LTC,48.16,,,coingecko
2026-08-21T01:22:23+00:00,BTC,74519.225,,,consenso
2026-08-21T01:22:23+00:00,ETH,2349.91,,,consenso
2026-08-21T01:22:23+00:00,SOL,88.28,,,consenso
2026-08-21T01:22:23+00:00,XRP,1.2756,,,consenso
2026-08-21T01:22:23+00:00,DOGE,0.0815,,,binance
2026-08-21T01:22:23+00:00,BNB,657.59,,,binance
2026-08-21T01:23:05+00:00,BTC,74443.0,,,coingecko
2026-08-21T01:23:05+00:00,ETH,2345.93,,,coingecko
2026-08-21T01:23:05+00:00,SOL,88.51,,,coingecko
2026-08-21T01:23:05+00:00,XRP,1.28,,,coingecko
2026-08-21T01:23:05+00:00,DOGE,0.081645,,,coingecko
2026-08-21T01:23:05+00:00,BNB,658.54,,,coingecko
2026-08-21T01:23:05+00:00,ADA,0.204061,,,coingecko
2026-08-21T01:23:05+00:00,LINK,10.74,,,coingecko
2026-08-21T01:23:05+00:00,AVAX,7.25,,,coingecko
2026-08-21T01:23:05+00:00,DOT,0.84612,,,coingecko
2026-08-21T01:23:05+00:00,MATIC,0.126156,,,coingecko
2026-08-21T01:23:05+00:00,LTC,48.09,,,coingecko
2026-08-21T01:23:09+00:00,BTC,74519.225,,,consenso
2026-08-21T01:23:09+00:00,ETH,2349.91,,,consenso
2026-08-21T01:23:09+00:00,SOL,88.29,,,consenso
2026-08-21T01:23:09+00:00,XRP,1.2754,,,consenso
2026-08-21T01:23:09+00:00,DOGE,0.08142,,,binance
2026-08-21T01:23:09+00:00,BNB,657.33,,,binance
2026-08-21T01:23:50+00:00,BTC,74519.225,,,consenso
2026-08-21T01:23:50+00:00,ETH,2349.91,,,consenso
2026-08-21T01:23:50+00:00,SOL,88.26,,,consenso
2026-08-21T01:23:50+00:00,XRP,1.2768,,,consenso
2026-08-21T01:23:50+00:00,DOGE,0.08154,,,binance
2026-08-21T01:23:50+00:00,BNB,657.67,,,binance
2026-08-21T01:24:30+00:00,BTC,74519.225,,,consenso
2026-08-21T01:24:30+00:00,ETH,2349.91,,,consenso
2026-08-21T01:24:30+00:00,SOL,88.34,,,consenso
2026-08-21T01:24:30+00:00,XRP,1.2775,,,consenso
2026-08-21T01:24:30+00:00,DOGE,0.08155,,,binance
2026-08-21T01:24:30+00:00,BNB,657.87,,,binance
2026-08-21T01:24:37+00:00,BTC,74351.0,,,coingecko
2026-08-21T01:24:37+00:00,ETH,2342.71,,,coingecko
2026-08-21T01:24:37+00:00,SOL,88.26,,,coingecko
2026-08-21T01:24:37+00:00,XRP,1.27,,,coingecko
2026-08-21T01:24:37+00:00,DOGE,0.081475,,,coingecko
2026-08-21T01:24:37+00:00,BNB,657.1,,,coingecko
2026-08-21T01:24:37+00:00,ADA,0.203157,,,coingecko
2026-08-21T01:24:37+00:00,LINK,10.72,,,coingecko
2026-08-21T01:24:37+00:00,AVAX,7.24,,,coingecko
2026-08-21T01:24:37+00:00,DOT,0.84459,,,coingecko
2026-08-21T01:24:37+00:00,MATIC,0.126156,,,coingecko
2026-08-21T01:24:37+00:00,LTC,48.0,,,coingecko
2026-08-21T01:25:17+00:00,BTC,74519.225,,,consenso
2026-08-21T01:25:17+00:00,ETH,2349.91,,,consenso
2026-08-21T01:25:17+00:00,SOL,88.28,,,consenso
2026-08-21T01:25:17+00:00,XRP,1.2787,,,consenso
2026-08-21T01:25:17+00:00,DOGE,0.08173,,,binance
2026-08-21T01:25:17+00:00,BNB,658.3,,,binance
2026-08-21T01:25:42+00:00,BTC,74417.0,,,coingecko
2026-08-21T01:25:42+00:00,ETH,2341.89,,,coingecko
2026-08-21T01:25:42+00:00,SOL,88.32,,,coingecko
2026-08-21T01:25:42+00:00,XRP,1.28,,,coingecko
2026-08-21T01:25:42+00:00,DOGE,0.08152,,,coingecko
2026-08-21T01:25:42+00:00,BNB,657.48,,,coingecko
2026-08-21T01:25:42+00:00,ADA,0.203763,,,coingecko
2026-08-21T01:25:42+00:00,LINK,10.72,,,coingecko
2026-08-21T01:25:42+00:00,AVAX,7.25,,,coingecko
2026-08-21T01:25:42+00:00,DOT,0.844431,,,coingecko
2026-08-21T01:25:42+00:00,MATIC,0.126156,,,coingecko
2026-08-21T01:25:42+00:00,LTC,48.02,,,coingecko
2026-08-21T01:25:55+00:00,BTC,74519.225,,,consenso
2026-08-21T01:25:55+00:00,ETH,2349.91,,,consenso
2026-08-21T01:25:55+00:00,SOL,88.31,,,consenso
2026-08-21T01:25:55+00:00,XRP,1.2813,,,consenso
2026-08-21T01:25:55+00:00,DOGE,0.08182,,,binance
2026-08-21T01:25:55+00:00,BNB,658.33,,,binance
2026-08-21T01:26:46+00:00,BTC,74513.0,,,coingecko
2026-08-21T01:26:46+00:00,ETH,2343.99,,,coingecko
2026-08-21T01:26:46+00:00,SOL,88.31,,,coingecko
2026-08-21T01:26:46+00:00,XRP,1.28,,,coingecko
2026-08-21T01:26:46+00:00,DOGE,0.081699,,,coingecko
2026-08-21T01:26:46+00:00,BNB,657.96,,,coingecko
2026-08-21T01:26:46+00:00,ADA,0.203858,,,coingecko
2026-08-21T01:26:46+00:00,LINK,10.72,,,coingecko
2026-08-21T01:26:46+00:00,AVAX,7.25,,,coingecko
2026-08-21T01:26:46+00:00,DOT,0.844476,,,coingecko
2026-08-21T01:26:46+00:00,MATIC,0.126156,,,coingecko
2026-08-21T01:26:46+00:00,LTC,48.0,,,coingecko
2026-08-21T01:26:51+00:00,BTC,74515.925,,,consenso
2026-08-21T01:26:51+00:00,ETH,2343.795,,,consenso
2026-08-21T01:26:51+00:00,SOL,88.29,,,consenso
2026-08-21T01:26:51+00:00,XRP,1.2822,,,consenso
2026-08-21T01:26:51+00:00,DOGE,0.08174,,,binance
2026-08-21T01:26:51+00:00,BNB,658.46,,,binance
2026-08-21T01:27:28+00:00,BTC,74515.925,,,consenso
2026-08-21T01:27:28+00:00,ETH,2343.795,,,consenso
2026-08-21T01:27:28+00:00,SOL,88.37,,,consenso
2026-08-21T01:27:28+00:00,XRP,1.2849,,,consenso
2026-08-21T01:27:28+00:00,DOGE,0.08191,,,binance
2026-08-21T01:27:28+00:00,BNB,658.9,,,binance
2026-08-21T01:27:50+00:00,BTC,74512.0,,,coingecko
2026-08-21T01:27:50+00:00,ETH,2343.87,,,coingecko
2026-08-21T01:27:50+00:00,SOL,88.28,,,coingecko
2026-08-21T01:27:50+00:00,XRP,1.28,,,coingecko
2026-08-21T01:27:50+00:00,DOGE,0.081724,,,coingecko
2026-08-21T01:27:50+00:00,BNB,657.97,,,coingecko
2026-08-21T01:27:50+00:00,ADA,0.203947,,,coingecko
2026-08-21T01:27:50+00:00,LINK,10.72,,,coingecko
2026-08-21T01:27:50+00:00,AVAX,7.24,,,coingecko
2026-08-21T01:27:50+00:00,DOT,0.844263,,,coingecko
2026-08-21T01:27:50+00:00,MATIC,0.126156,,,coingecko
2026-08-21T01:27:50+00:00,LTC,48.0,,,coingecko
2026-08-21T01:28:07+00:00,BTC,74515.925,,,consenso
2026-08-21T01:28:07+00:00,ETH,2343.795,,,consenso
2026-08-21T01:28:07+00:00,SOL,88.38,,,consenso
2026-08-21T01:28:07+00:00,XRP,1.2872,,,consenso
2026-08-21T01:28:07+00:00,DOGE,0.08192,,,binance
2026-08-21T01:28:07+00:00,BNB,659.04,,,binance
2026-08-21T01:28:48+00:00,BTC,74515.925,,,consenso
2026-08-21T01:28:48+00:00,ETH,2343.795,,,consenso
2026-08-21T01:28:48+00:00,SOL,88.34,,,consenso
2026-08-21T01:28:48+00:00,XRP,1.29,,,consenso
2026-08-21T01:28:48+00:00,DOGE,0.08198,,,binance
2026-08-21T01:28:48+00:00,BNB,659.19,,,binance
2026-08-21T01:28:53+00:00,BTC,74542.0,,,coingecko
2026-08-21T01:28:53+00:00,ETH,2343.31,,,coingecko
2026-08-21T01:28:53+00:00,SOL,88.33,,,coingecko
2026-08-21T01:28:53+00:00,XRP,1.28,,,coingecko
2026-08-21T01:28:53+00:00,DOGE,0.081736,,,coingecko
2026-08-21T01:28:53+00:00,BNB,658.09,,,coingecko
2026-08-21T01:28:53+00:00,ADA,0.20425,,,coingecko
2026-08-21T01:28:53+00:00,LINK,10.71,,,coingecko
2026-08-21T01:28:53+00:00,AVAX,7.25,,,coingecko
2026-08-21T01:28:53+00:00,DOT,0.844344,,,coingecko
2026-08-21T01:28:53+00:00,MATIC,0.126156,,,coingecko
2026-08-21T01:28:53+00:00,LTC,48.0,,,coingecko
2026-08-21T01:29:31+00:00,BTC,74515.925,,,consenso
2026-08-21T01:29:31+00:00,ETH,2343.795,,,consenso
2026-08-21T01:29:31+00:00,SOL,88.34,,,consenso
2026-08-21T01:29:31+00:00,XRP,1.2876,,,consenso
2026-08-21T01:29:31+00:00,DOGE,0.08198,,,binance
2026-08-21T01:29:31+00:00,BNB,659.63,,,binance
2026-08-21T01:29:58+00:00,BTC,74625.0,,,coingecko
2026-08-21T01:29:58+00:00,ETH,2345.89,,,coingecko
2026-08-21T01:29:58+00:00,SOL,88.32,,,coingecko
2026-08-21T01:29:58+00:00,XRP,1.29,,,coingecko
2026-08-21T01:29:58+00:00,DOGE,0.081855,,,coingecko
2026-08-21T01:29:58+00:00,BNB,658.58,,,coingecko
2026-08-21T01:29:58+00:00,ADA,0.20477,,,coingecko
2026-08-21T01:29:58+00:00,LINK,10.73,,,coingecko
2026-08-21T01:29:58+00:00,AVAX,7.24,,,coingecko
2026-08-21T01:29:58+00:00,DOT,0.844998,,,coingecko
2026-08-21T01:29:58+00:00,MATIC,0.126156,,,coingecko
2026-08-21T01:29:58+00:00,LTC,48.04,,,coingecko
2026-08-21T01:30:17+00:00,BTC,74515.925,,,consenso
2026-08-21T01:30:17+00:00,ETH,2343.795,,,consenso
2026-08-21T01:30:17+00:00,SOL,88.38,,,consenso
2026-08-21T01:30:17+00:00,XRP,1.2883,,,consenso
2026-08-21T01:30:17+00:00,DOGE,0.08196,,,binance
2026-08-21T01:30:17+00:00,BNB,660.23,,,binance
2026-08-21T01:30:57+00:00,BTC,74515.925,,,consenso
2026-08-21T01:30:57+00:00,ETH,2343.795,,,consenso
2026-08-21T01:30:57+00:00,SOL,88.3,,,consenso
2026-08-21T01:30:57+00:00,XRP,1.2874,,,consenso
2026-08-21T01:30:57+00:00,DOGE,0.08194,,,binance
2026-08-21T01:30:57+00:00,BNB,660.56,,,binance
2026-08-21T01:31:06+00:00,BTC,74708.0,,,coingecko
2026-08-21T01:31:06+00:00,ETH,2348.79,,,coingecko
2026-08-21T01:31:06+00:00,SOL,88.32,,,coingecko
2026-08-21T01:31:06+00:00,XRP,1.29,,,coingecko
2026-08-21T01:31:06+00:00,DOGE,0.081925,,,coingecko
2026-08-21T01:31:06+00:00,BNB,658.98,,,coingecko
2026-08-21T01:31:06+00:00,ADA,0.204773,,,coingecko
2026-08-21T01:31:06+00:00,LINK,10.74,,,coingecko
2026-08-21T01:31:06+00:00,AVAX,7.25,,,coingecko
2026-08-21T01:31:06+00:00,DOT,0.845207,,,coingecko
2026-08-21T01:31:06+00:00,MATIC,0.126156,,,coingecko
2026-08-21T01:31:06+00:00,LTC,48.07,,,coingecko
2026-08-21T01:31:41+00:00,BTC,74515.925,,,consenso
2026-08-21T01:31:41+00:00,ETH,2343.795,,,consenso
2026-08-21T01:31:41+00:00,SOL,88.53,,,consenso
2026-08-21T01:31:41+00:00,XRP,1.2926,,,consenso
2026-08-21T01:31:41+00:00,DOGE,0.08221,,,binance
2026-08-21T01:31:41+00:00,BNB,662.3,,,binance
2026-08-21T01:32:11+00:00,BTC,74630.0,,,coingecko
2026-08-21T01:32:11+00:00,ETH,2349.09,,,coingecko
2026-08-21T01:32:11+00:00,SOL,88.3,,,coingecko
2026-08-21T01:32:11+00:00,XRP,1.29,,,coingecko
2026-08-21T01:32:11+00:00,DOGE,0.081927,,,coingecko
2026-08-21T01:32:11+00:00,BNB,659.52,,,coingecko
2026-08-21T01:32:11+00:00,ADA,0.205134,,,coingecko
2026-08-21T01:32:11+00:00,LINK,10.74,,,coingecko
2026-08-21T01:32:11+00:00,AVAX,7.25,,,coingecko
2026-08-21T01:32:11+00:00,DOT,0.844955,,,coingecko
2026-08-21T01:32:11+00:00,MATIC,0.126156,,,coingecko
2026-08-21T01:32:11+00:00,LTC,48.07,,,coingecko
2026-08-21T01:32:51+00:00,BTC,74836.455,,,consenso
2026-08-21T01:32:51+00:00,ETH,2359.26,,,consenso
2026-08-21T01:32:51+00:00,SOL,88.66,,,consenso
2026-08-21T01:32:51+00:00,XRP,1.294,,,consenso
2026-08-21T01:32:51+00:00,DOGE,0.08239,,,binance
2026-08-21T01:32:51+00:00,BNB,662.82,,,binance
2026-08-21T01:33:17+00:00,BTC,74766.0,,,coingecko
2026-08-21T01:33:17+00:00,ETH,2355.81,,,coingecko
2026-08-21T01:33:17+00:00,SOL,88.4,,,coingecko
2026-08-21T01:33:17+00:00,XRP,1.29,,,coingecko
2026-08-21T01:33:17+00:00,DOGE,0.082021,,,coingecko
2026-08-21T01:33:17+00:00,BNB,661.05,,,coingecko
2026-08-21T01:33:17+00:00,ADA,0.205166,,,coingecko
2026-08-21T01:33:17+00:00,LINK,10.77,,,coingecko
2026-08-21T01:33:17+00:00,AVAX,7.26,,,coingecko
2026-08-21T01:33:17+00:00,DOT,0.84626,,,coingecko
2026-08-21T01:33:17+00:00,MATIC,0.126156,,,coingecko
2026-08-21T01:33:17+00:00,LTC,48.12,,,coingecko
2026-08-21T01:33:40+00:00,BTC,74836.455,,,consenso
2026-08-21T01:33:40+00:00,ETH,2359.26,,,consenso
2026-08-21T01:33:40+00:00,SOL,88.69,,,consenso
2026-08-21T01:33:40+00:00,XRP,1.2929,,,consenso
2026-08-21T01:33:40+00:00,DOGE,0.08241,,,binance
2026-08-21T01:33:40+00:00,BNB,663.19,,,binance
2026-08-21T01:34:20+00:00,BTC,74840.0,,,coingecko
2026-08-21T01:34:20+00:00,ETH,2358.71,,,coingecko
2026-08-21T01:34:20+00:00,SOL,88.54,,,coingecko
2026-08-21T01:34:20+00:00,XRP,1.29,,,coingecko
2026-08-21T01:34:20+00:00,DOGE,0.082232,,,coingecko
2026-08-21T01:34:20+00:00,BNB,662.0,,,coingecko
2026-08-21T01:34:20+00:00,ADA,0.206,,,coingecko
2026-08-21T01:34:20+00:00,LINK,10.78,,,coingecko
2026-08-21T01:34:20+00:00,AVAX,7.27,,,coingecko
2026-08-21T01:34:20+00:00,DOT,0.847497,,,coingecko
2026-08-21T01:34:20+00:00,MATIC,0.126156,,,coingecko
2026-08-21T01:34:20+00:00,LTC,48.21,,,coingecko
2026-08-21T01:34:17+00:00,BTC,74836.455,,,consenso
2026-08-21T01:34:17+00:00,ETH,2359.26,,,consenso
2026-08-21T01:34:17+00:00,SOL,88.61,,,consenso
2026-08-21T01:34:17+00:00,XRP,1.2916,,,consenso
2026-08-21T01:34:17+00:00,DOGE,0.08228,,,binance
2026-08-21T01:34:17+00:00,BNB,663.4,,,binance
2026-08-21T01:34:57+00:00,BTC,74836.455,,,consenso
2026-08-21T01:34:57+00:00,ETH,2359.26,,,consenso
2026-08-21T01:34:57+00:00,SOL,88.59,,,consenso
2026-08-21T01:34:57+00:00,XRP,1.2916,,,consenso
2026-08-21T01:34:57+00:00,DOGE,0.08227,,,binance
2026-08-21T01:34:57+00:00,BNB,663.93,,,binance
2026-08-21T01:36:00+00:00,BTC,74836.455,,,consenso
2026-08-21T01:36:00+00:00,ETH,2359.26,,,consenso
2026-08-21T01:36:00+00:00,SOL,88.56,,,consenso
2026-08-21T01:36:00+00:00,XRP,1.2923,,,consenso
2026-08-21T01:36:00+00:00,DOGE,0.08224,,,binance
2026-08-21T01:36:00+00:00,BNB,663.41,,,binance
2026-08-21T01:36:41+00:00,BTC,74836.455,,,consenso
2026-08-21T01:36:41+00:00,ETH,2359.26,,,consenso
2026-08-21T01:36:41+00:00,SOL,88.42,,,consenso
2026-08-21T01:36:41+00:00,XRP,1.2881,,,consenso
2026-08-21T01:36:41+00:00,DOGE,0.08215,,,binance
2026-08-21T01:36:41+00:00,BNB,662.79,,,binance
2026-08-21T01:36:48+00:00,BTC,74740.0,,,coingecko
2026-08-21T01:36:48+00:00,ETH,2359.14,,,coingecko
2026-08-21T01:36:48+00:00,SOL,88.57,,,coingecko
2026-08-21T01:36:48+00:00,XRP,1.29,,,coingecko
2026-08-21T01:36:48+00:00,DOGE,0.08223,,,coingecko
2026-08-21T01:36:48+00:00,BNB,663.38,,,coingecko
2026-08-21T01:36:48+00:00,ADA,0.20553,,,coingecko
2026-08-21T01:36:48+00:00,LINK,10.79,,,coingecko
2026-08-21T01:36:48+00:00,AVAX,7.27,,,coingecko
2026-08-21T01:36:48+00:00,DOT,0.846887,,,coingecko
2026-08-21T01:36:48+00:00,MATIC,0.126156,,,coingecko
2026-08-21T01:36:48+00:00,LTC,48.22,,,coingecko
2026-08-21T01:37:21+00:00,BTC,74587.665,,,consenso
2026-08-21T01:37:21+00:00,ETH,2356.81,,,consenso
2026-08-21T01:37:21+00:00,SOL,88.4,,,consenso
2026-08-21T01:37:21+00:00,XRP,1.2861,,,consenso
2026-08-21T01:37:21+00:00,DOGE,0.08215,,,binance
2026-08-21T01:37:21+00:00,BNB,662.79,,,binance
2026-08-21T01:37:55+00:00,BTC,74650.0,,,coingecko
2026-08-21T01:37:55+00:00,ETH,2357.52,,,coingecko
2026-08-21T01:37:55+00:00,SOL,88.41,,,coingecko
2026-08-21T01:37:55+00:00,XRP,1.29,,,coingecko
2026-08-21T01:37:55+00:00,DOGE,0.082159,,,coingecko
2026-08-21T01:37:55+00:00,BNB,662.73,,,coingecko
2026-08-21T01:37:55+00:00,ADA,0.205051,,,coingecko
2026-08-21T01:37:55+00:00,LINK,10.78,,,coingecko
2026-08-21T01:37:55+00:00,AVAX,7.25,,,coingecko
2026-08-21T01:37:55+00:00,DOT,0.846227,,,coingecko
2026-08-21T01:37:55+00:00,MATIC,0.126156,,,coingecko
2026-08-21T01:37:55+00:00,LTC,48.16,,,coingecko
2026-08-21T01:38:14+00:00,BTC,74587.665,,,consenso
2026-08-21T01:38:14+00:00,ETH,2356.81,,,consenso
2026-08-21T01:38:14+00:00,SOL,88.38,,,consenso
2026-08-21T01:38:14+00:00,XRP,1.2842,,,consenso
2026-08-21T01:38:14+00:00,DOGE,0.08197,,,binance
2026-08-21T01:38:14+00:00,BNB,662.17,,,binance
2026-08-21T01:38:59+00:00,BTC,74611.0,,,coingecko
2026-08-21T01:38:59+00:00,ETH,2357.0,,,coingecko
2026-08-21T01:38:59+00:00,SOL,88.44,,,coingecko
2026-08-21T01:38:59+00:00,XRP,1.29,,,coingecko
2026-08-21T01:38:59+00:00,DOGE,0.082134,,,coingecko
2026-08-21T01:38:59+00:00,BNB,662.32,,,coingecko
2026-08-21T01:38:59+00:00,ADA,0.204734,,,coingecko
2026-08-21T01:38:59+00:00,LINK,10.78,,,coingecko
2026-08-21T01:38:59+00:00,AVAX,7.25,,,coingecko
2026-08-21T01:38:59+00:00,DOT,0.84621,,,coingecko
2026-08-21T01:38:59+00:00,MATIC,0.126156,,,coingecko
2026-08-21T01:38:59+00:00,LTC,48.12,,,coingecko
2026-08-21T01:39:40+00:00,BTC,74587.665,,,consenso
2026-08-21T01:39:40+00:00,ETH,2356.81,,,consenso
2026-08-21T01:39:40+00:00,SOL,88.3,,,consenso
2026-08-21T01:39:40+00:00,XRP,1.2844,,,consenso
2026-08-21T01:39:40+00:00,DOGE,0.08202,,,binance
2026-08-21T01:39:40+00:00,BNB,662.26,,,binance
2026-08-21T01:40:04+00:00,BTC,74621.0,,,coingecko
2026-08-21T01:40:04+00:00,ETH,2356.11,,,coingecko
2026-08-21T01:40:04+00:00,SOL,88.34,,,coingecko
2026-08-21T01:40:04+00:00,XRP,1.28,,,coingecko
2026-08-21T01:40:04+00:00,DOGE,0.081982,,,coingecko
2026-08-21T01:40:04+00:00,BNB,661.92,,,coingecko
2026-08-21T01:40:04+00:00,ADA,0.204787,,,coingecko
2026-08-21T01:40:04+00:00,LINK,10.76,,,coingecko
2026-08-21T01:40:04+00:00,AVAX,7.25,,,coingecko
2026-08-21T01:40:04+00:00,DOT,0.844746,,,coingecko
2026-08-21T01:40:04+00:00,MATIC,0.126156,,,coingecko
2026-08-21T01:40:04+00:00,LTC,48.12,,,coingecko
2026-08-21T01:40:26+00:00,BTC,74587.665,,,consenso
2026-08-21T01:40:26+00:00,ETH,2356.81,,,consenso
2026-08-21T01:40:26+00:00,SOL,88.42,,,consenso
2026-08-21T01:40:26+00:00,XRP,1.2867,,,consenso
2026-08-21T01:40:26+00:00,DOGE,0.0822,,,binance
2026-08-21T01:40:26+00:00,BNB,662.89,,,binance
2026-08-21T01:41:08+00:00,BTC,74557.0,,,coingecko
2026-08-21T01:41:08+00:00,ETH,2354.51,,,coingecko
2026-08-21T01:41:08+00:00,SOL,88.31,,,coingecko
2026-08-21T01:41:08+00:00,XRP,1.28,,,coingecko
2026-08-21T01:41:08+00:00,DOGE,0.081992,,,coingecko
2026-08-21T01:41:08+00:00,BNB,661.91,,,coingecko
2026-08-21T01:41:08+00:00,ADA,0.204741,,,coingecko
2026-08-21T01:41:08+00:00,LINK,10.77,,,coingecko
2026-08-21T01:41:08+00:00,AVAX,7.24,,,coingecko
2026-08-21T01:41:08+00:00,DOT,0.844652,,,coingecko
2026-08-21T01:41:08+00:00,MATIC,0.126156,,,coingecko
2026-08-21T01:41:08+00:00,LTC,48.09,,,coingecko
2026-08-21T01:41:05+00:00,BTC,74587.665,,,consenso
2026-08-21T01:41:05+00:00,ETH,2356.81,,,consenso
2026-08-21T01:41:05+00:00,SOL,88.36,,,consenso
2026-08-21T01:41:05+00:00,XRP,1.2854,,,consenso
2026-08-21T01:41:05+00:00,DOGE,0.08207,,,binance
2026-08-21T01:41:05+00:00,BNB,662.28,,,binance
2026-08-21T01:41:50+00:00,BTC,74587.665,,,consenso
2026-08-21T01:41:50+00:00,ETH,2356.81,,,consenso
2026-08-21T01:41:50+00:00,SOL,88.33,,,consenso
2026-08-21T01:41:50+00:00,XRP,1.2855,,,consenso
2026-08-21T01:41:50+00:00,DOGE,0.08214,,,binance
2026-08-21T01:41:50+00:00,BNB,662.62,,,binance
2026-08-21T01:42:13+00:00,BTC,74604.0,,,coingecko
2026-08-21T01:42:13+00:00,ETH,2357.84,,,coingecko
2026-08-21T01:42:13+00:00,SOL,88.38,,,coingecko
2026-08-21T01:42:13+00:00,XRP,1.29,,,coingecko
2026-08-21T01:42:13+00:00,DOGE,0.082094,,,coingecko
2026-08-21T01:42:13+00:00,BNB,662.38,,,coingecko
2026-08-21T01:42:13+00:00,ADA,0.205483,,,coingecko
2026-08-21T01:42:13+00:00,LINK,10.78,,,coingecko
2026-08-21T01:42:13+00:00,AVAX,7.25,,,coingecko
2026-08-21T01:42:13+00:00,DOT,0.844678,,,coingecko
2026-08-21T01:42:13+00:00,MATIC,0.126156,,,coingecko
2026-08-21T01:42:13+00:00,LTC,48.11,,,coingecko
2026-08-21T01:42:25+00:00,BTC,74589.525,,,consenso
2026-08-21T01:42:25+00:00,ETH,2357.12,,,consenso
2026-08-21T01:42:25+00:00,SOL,88.34,,,consenso
2026-08-21T01:42:25+00:00,XRP,1.287,,,consenso
2026-08-21T01:42:25+00:00,DOGE,0.08217,,,binance
2026-08-21T01:42:25+00:00,BNB,663.17,,,binance
2026-08-21T01:43:15+00:00,BTC,74589.525,,,consenso
2026-08-21T01:43:15+00:00,ETH,2357.12,,,consenso
2026-08-21T01:43:15+00:00,SOL,88.46,,,consenso
2026-08-21T01:43:15+00:00,XRP,1.2889,,,consenso
2026-08-21T01:43:15+00:00,DOGE,0.0822,,,binance
2026-08-21T01:43:15+00:00,BNB,663.54,,,binance
2026-08-21T01:43:20+00:00,BTC,74556.0,,,coingecko
2026-08-21T01:43:20+00:00,ETH,2355.12,,,coingecko
2026-08-21T01:43:20+00:00,SOL,88.3,,,coingecko
2026-08-21T01:43:20+00:00,XRP,1.28,,,coingecko
2026-08-21T01:43:20+00:00,DOGE,0.082079,,,coingecko
2026-08-21T01:43:20+00:00,BNB,662.26,,,coingecko
2026-08-21T01:43:20+00:00,ADA,0.205514,,,coingecko
2026-08-21T01:43:20+00:00,LINK,10.78,,,coingecko
2026-08-21T01:43:20+00:00,AVAX,7.24,,,coingecko
2026-08-21T01:43:20+00:00,DOT,0.844207,,,coingecko
2026-08-21T01:43:20+00:00,MATIC,0.126156,,,coingecko
2026-08-21T01:43:20+00:00,LTC,48.08,,,coingecko
2026-08-21T01:44:02+00:00,BTC,74589.525,,,consenso
2026-08-21T01:44:02+00:00,ETH,2357.12,,,consenso
2026-08-21T01:44:02+00:00,SOL,88.47,,,consenso
2026-08-21T01:44:02+00:00,XRP,1.2889,,,consenso
2026-08-21T01:44:02+00:00,DOGE,0.0822,,,binance
2026-08-21T01:44:02+00:00,BNB,663.23,,,binance
2026-08-21T01:44:26+00:00,BTC,74672.0,,,coingecko
2026-08-21T01:44:26+00:00,ETH,2356.95,,,coingecko
2026-08-21T01:44:26+00:00,SOL,88.39,,,coingecko
2026-08-21T01:44:26+00:00,XRP,1.29,,,coingecko
2026-08-21T01:44:26+00:00,DOGE,0.082138,,,coingecko
2026-08-21T01:44:26+00:00,BNB,662.74,,,coingecko
2026-08-21T01:44:26+00:00,ADA,0.20589,,,coingecko
2026-08-21T01:44:26+00:00,LINK,10.79,,,coingecko
2026-08-21T01:44:26+00:00,AVAX,7.25,,,coingecko
2026-08-21T01:44:26+00:00,DOT,0.844418,,,coingecko
2026-08-21T01:44:26+00:00,MATIC,0.126156,,,coingecko
2026-08-21T01:44:26+00:00,LTC,48.12,,,coingecko
2026-08-21T01:44:46+00:00,BTC,74589.525,,,consenso
2026-08-21T01:44:46+00:00,ETH,2357.12,,,consenso
2026-08-21T01:44:46+00:00,SOL,88.49,,,consenso
2026-08-21T01:44:46+00:00,XRP,1.2882,,,consenso
2026-08-21T01:44:46+00:00,DOGE,0.08227,,,binance
2026-08-21T01:44:46+00:00,BNB,663.01,,,binance
2026-08-21T01:45:30+00:00,BTC,74699.0,,,coingecko
2026-08-21T01:45:30+00:00,ETH,2357.11,,,coingecko
2026-08-21T01:45:30+00:00,SOL,88.42,,,coingecko
2026-08-21T01:45:30+00:00,XRP,1.29,,,coingecko
2026-08-21T01:45:30+00:00,DOGE,0.082127,,,coingecko
2026-08-21T01:45:30+00:00,BNB,662.79,,,coingecko
2026-08-21T01:45:30+00:00,ADA,0.206133,,,coingecko
2026-08-21T01:45:30+00:00,LINK,10.78,,,coingecko
2026-08-21T01:45:30+00:00,AVAX,7.25,,,coingecko
2026-08-21T01:45:30+00:00,DOT,0.844688,,,coingecko
2026-08-21T01:45:30+00:00,MATIC,0.126156,,,coingecko
2026-08-21T01:45:30+00:00,LTC,48.17,,,coingecko
2026-08-21T01:45:30+00:00,BTC,74589.525,,,consenso
2026-08-21T01:45:30+00:00,ETH,2357.12,,,consenso
2026-08-21T01:45:30+00:00,SOL,88.47,,,consenso
2026-08-21T01:45:30+00:00,XRP,1.2866,,,consenso
2026-08-21T01:45:30+00:00,DOGE,0.08233,,,binance
2026-08-21T01:45:30+00:00,BNB,662.77,,,binance
2026-08-21T01:46:14+00:00,BTC,74589.525,,,consenso
2026-08-21T01:46:14+00:00,ETH,2357.12,,,consenso
2026-08-21T01:46:14+00:00,SOL,88.47,,,consenso
2026-08-21T01:46:14+00:00,XRP,1.2874,,,consenso
2026-08-21T01:46:14+00:00,DOGE,0.08247,,,binance
2026-08-21T01:46:14+00:00,BNB,662.9,,,binance
2026-08-21T01:46:34+00:00,BTC,74721.0,,,coingecko
2026-08-21T01:46:34+00:00,ETH,2357.16,,,coingecko
2026-08-21T01:46:34+00:00,SOL,88.44,,,coingecko
2026-08-21T01:46:34+00:00,XRP,1.29,,,coingecko
2026-08-21T01:46:34+00:00,DOGE,0.082178,,,coingecko
2026-08-21T01:46:34+00:00,BNB,662.74,,,coingecko
2026-08-21T01:46:34+00:00,ADA,0.20653,,,coingecko
2026-08-21T01:46:34+00:00,LINK,10.78,,,coingecko
2026-08-21T01:46:34+00:00,AVAX,7.25,,,coingecko
2026-08-21T01:46:34+00:00,DOT,0.8448,,,coingecko
2026-08-21T01:46:34+00:00,MATIC,0.126156,,,coingecko
2026-08-21T01:46:34+00:00,LTC,48.19,,,coingecko
2026-08-21T01:46:55+00:00,BTC,74589.525,,,consenso
2026-08-21T01:46:55+00:00,ETH,2357.12,,,consenso
2026-08-21T01:46:55+00:00,SOL,88.68,,,consenso
2026-08-21T01:46:55+00:00,XRP,1.2903,,,consenso
2026-08-21T01:46:55+00:00,DOGE,0.08262,,,binance
2026-08-21T01:46:55+00:00,BNB,663.18,,,binance
2026-08-21T01:47:47+00:00,BTC,75503.415,,,consenso
2026-08-21T01:47:47+00:00,ETH,2375.855,,,consenso
2026-08-21T01:47:47+00:00,SOL,89.05,,,consenso
2026-08-21T01:47:47+00:00,XRP,1.29512,,,consenso
2026-08-21T01:47:47+00:00,DOGE,0.08285,,,binance
2026-08-21T01:47:47+00:00,BNB,664.67,,,binance
2026-08-21T01:48:21+00:00,BTC,74783.0,,,coingecko
2026-08-21T01:48:21+00:00,ETH,2359.55,,,coingecko
2026-08-21T01:48:21+00:00,SOL,88.63,,,coingecko
2026-08-21T01:48:21+00:00,XRP,1.29,,,coingecko
2026-08-21T01:48:21+00:00,DOGE,0.082391,,,coingecko
2026-08-21T01:48:21+00:00,BNB,662.99,,,coingecko
2026-08-21T01:48:21+00:00,ADA,0.20699,,,coingecko
2026-08-21T01:48:21+00:00,LINK,10.79,,,coingecko
2026-08-21T01:48:21+00:00,AVAX,7.27,,,coingecko
2026-08-21T01:48:21+00:00,DOT,0.845843,,,coingecko
2026-08-21T01:48:21+00:00,MATIC,0.126156,,,coingecko
2026-08-21T01:48:21+00:00,LTC,48.23,,,coingecko
2026-08-21T01:48:51+00:00,BTC,75503.415,,,consenso
2026-08-21T01:48:51+00:00,ETH,2375.855,,,consenso
2026-08-21T01:48:51+00:00,SOL,89.23,,,consenso
2026-08-21T01:48:51+00:00,XRP,1.295,,,consenso
2026-08-21T01:48:51+00:00,DOGE,0.08281,,,binance
2026-08-21T01:48:51+00:00,BNB,665.55,,,binance
2026-08-21T01:49:26+00:00,BTC,75267.0,,,coingecko
2026-08-21T01:49:26+00:00,ETH,2368.09,,,coingecko
2026-08-21T01:49:26+00:00,SOL,89.02,,,coingecko
2026-08-21T01:49:26+00:00,XRP,1.29,,,coingecko
2026-08-21T01:49:26+00:00,DOGE,0.0827,,,coingecko
2026-08-21T01:49:26+00:00,BNB,664.39,,,coingecko
2026-08-21T01:49:26+00:00,ADA,0.207396,,,coingecko
2026-08-21T01:49:26+00:00,LINK,10.82,,,coingecko
2026-08-21T01:49:26+00:00,AVAX,7.3,,,coingecko
2026-08-21T01:49:26+00:00,DOT,0.847987,,,coingecko
2026-08-21T01:49:26+00:00,MATIC,0.126156,,,coingecko
2026-08-21T01:49:26+00:00,LTC,48.35,,,coingecko
2026-08-21T01:49:40+00:00,BTC,75503.415,,,consenso
2026-08-21T01:49:40+00:00,ETH,2375.855,,,consenso
2026-08-21T01:49:40+00:00,SOL,89.33,,,consenso
2026-08-21T01:49:40+00:00,XRP,1.2967,,,consenso
2026-08-21T01:49:40+00:00,DOGE,0.08286,,,binance
2026-08-21T01:49:40+00:00,BNB,665.79,,,binance
2026-08-21T01:50:31+00:00,BTC,75437.0,,,coingecko
2026-08-21T01:50:31+00:00,ETH,2370.75,,,coingecko
2026-08-21T01:50:31+00:00,SOL,89.16,,,coingecko
2026-08-21T01:50:31+00:00,XRP,1.29,,,coingecko
2026-08-21T01:50:31+00:00,DOGE,0.082721,,,coingecko
2026-08-21T01:50:31+00:00,BNB,665.01,,,coingecko
2026-08-21T01:50:31+00:00,ADA,0.207167,,,coingecko
2026-08-21T01:50:31+00:00,LINK,10.83,,,coingecko
2026-08-21T01:50:31+00:00,AVAX,7.31,,,coingecko
2026-08-21T01:50:31+00:00,DOT,0.847976,,,coingecko
2026-08-21T01:50:31+00:00,MATIC,0.126156,,,coingecko
2026-08-21T01:50:31+00:00,LTC,48.42,,,coingecko
2026-08-21T01:50:28+00:00,BTC,75503.415,,,consenso
2026-08-21T01:50:28+00:00,ETH,2375.855,,,consenso
2026-08-21T01:50:28+00:00,SOL,89.29,,,consenso
2026-08-21T01:50:28+00:00,XRP,1.2944,,,consenso
2026-08-21T01:50:28+00:00,DOGE,0.08272,,,binance
2026-08-21T01:50:28+00:00,BNB,665.64,,,binance
2026-08-21T01:51:19+00:00,BTC,75503.415,,,consenso
2026-08-21T01:51:19+00:00,ETH,2375.855,,,consenso
2026-08-21T01:51:19+00:00,SOL,89.32,,,consenso
2026-08-21T01:51:19+00:00,XRP,1.2952,,,consenso
2026-08-21T01:51:19+00:00,DOGE,0.08271,,,binance
2026-08-21T01:51:19+00:00,BNB,665.67,,,binance
2026-08-21T01:51:38+00:00,BTC,75522.0,,,coingecko
2026-08-21T01:51:38+00:00,ETH,2371.48,,,coingecko
2026-08-21T01:51:38+00:00,SOL,89.27,,,coingecko
2026-08-21T01:51:38+00:00,XRP,1.29,,,coingecko
2026-08-21T01:51:38+00:00,DOGE,0.082728,,,coingecko
2026-08-21T01:51:38+00:00,BNB,665.24,,,coingecko
2026-08-21T01:51:38+00:00,ADA,0.207361,,,coingecko
2026-08-21T01:51:38+00:00,LINK,10.84,,,coingecko
2026-08-21T01:51:38+00:00,AVAX,7.33,,,coingecko
2026-08-21T01:51:38+00:00,DOT,0.848542,,,coingecko
2026-08-21T01:51:38+00:00,MATIC,0.126156,,,coingecko
2026-08-21T01:51:38+00:00,LTC,48.45,,,coingecko
2026-08-21T01:52:17+00:00,BTC,75503.415,,,consenso
2026-08-21T01:52:17+00:00,ETH,2375.855,,,consenso
2026-08-21T01:52:17+00:00,SOL,89.2,,,consenso
2026-08-21T01:52:17+00:00,XRP,1.2952,,,consenso
2026-08-21T01:52:17+00:00,DOGE,0.08268,,,binance
2026-08-21T01:52:17+00:00,BNB,664.95,,,binance
2026-08-21T01:52:44+00:00,BTC,75514.0,,,coingecko
2026-08-21T01:52:44+00:00,ETH,2368.0,,,coingecko
2026-08-21T01:52:44+00:00,SOL,89.28,,,coingecko
2026-08-21T01:52:44+00:00,XRP,1.3,,,coingecko
2026-08-21T01:52:44+00:00,DOGE,0.082701,,,coingecko
2026-08-21T01:52:44+00:00,BNB,665.1,,,coingecko
2026-08-21T01:52:44+00:00,ADA,0.207263,,,coingecko
2026-08-21T01:52:44+00:00,LINK,10.85,,,coingecko
2026-08-21T01:52:44+00:00,AVAX,7.32,,,coingecko
2026-08-21T01:52:44+00:00,DOT,0.848532,,,coingecko
2026-08-21T01:52:44+00:00,MATIC,0.126156,,,coingecko
2026-08-21T01:52:44+00:00,LTC,48.42,,,coingecko
2026-08-21T01:53:05+00:00,BTC,75425.525,,,consenso
2026-08-21T01:53:05+00:00,ETH,2366.385,,,consenso
2026-08-21T01:53:05+00:00,SOL,89.105,,,consenso
2026-08-21T01:53:05+00:00,XRP,1.29656,,,consenso
2026-08-21T01:53:05+00:00,DOGE,0.08274,,,binance
2026-08-21T01:53:05+00:00,BNB,664.98,,,binance
2026-08-21T01:53:47+00:00,BTC,75480.0,,,coingecko
2026-08-21T01:53:47+00:00,ETH,2367.37,,,coingecko
2026-08-21T01:53:47+00:00,SOL,89.29,,,coingecko
2026-08-21T01:53:47+00:00,XRP,1.3,,,coingecko
2026-08-21T01:53:47+00:00,DOGE,0.082689,,,coingecko
2026-08-21T01:53:47+00:00,BNB,664.69,,,coingecko
2026-08-21T01:53:47+00:00,ADA,0.207304,,,coingecko
2026-08-21T01:53:47+00:00,LINK,10.85,,,coingecko
2026-08-21T01:53:47+00:00,AVAX,7.32,,,coingecko
2026-08-21T01:53:47+00:00,DOT,0.84817,,,coingecko
2026-08-21T01:53:47+00:00,MATIC,0.126156,,,coingecko
2026-08-21T01:53:47+00:00,LTC,48.41,,,coingecko
2026-08-21T01:54:01+00:00,BTC,75425.525,,,consenso
2026-08-21T01:54:01+00:00,ETH,2366.385,,,consenso
2026-08-21T01:54:01+00:00,SOL,89.13,,,consenso
2026-08-21T01:54:01+00:00,XRP,1.2977,,,consenso
2026-08-21T01:54:01+00:00,DOGE,0.08267,,,binance
2026-08-21T01:54:01+00:00,BNB,665.1,,,binance
2026-08-21T01:54:53+00:00,BTC,75450.0,,,coingecko
2026-08-21T01:54:53+00:00,ETH,2368.05,,,coingecko
2026-08-21T01:54:53+00:00,SOL,89.16,,,coingecko
2026-08-21T01:54:53+00:00,XRP,1.3,,,coingecko
2026-08-21T01:54:53+00:00,DOGE,0.082705,,,coingecko
2026-08-21T01:54:53+00:00,BNB,664.53,,,coingecko
2026-08-21T01:54:53+00:00,ADA,0.207076,,,coingecko
2026-08-21T01:54:53+00:00,LINK,10.86,,,coingecko
2026-08-21T01:54:53+00:00,AVAX,7.31,,,coingecko
2026-08-21T01:54:53+00:00,DOT,0.848022,,,coingecko
2026-08-21T01:54:53+00:00,MATIC,0.126156,,,coingecko
2026-08-21T01:54:53+00:00,LTC,48.42,,,coingecko
2026-08-21T01:55:05+00:00,BTC,75425.525,,,consenso
2026-08-21T01:55:05+00:00,ETH,2366.385,,,consenso
2026-08-21T01:55:05+00:00,SOL,89.12,,,consenso
2026-08-21T01:55:05+00:00,XRP,1.2991,,,consenso
2026-08-21T01:55:05+00:00,DOGE,0.08251,,,binance
2026-08-21T01:55:05+00:00,BNB,664.84,,,binance
2026-08-21T01:55:59+00:00,BTC,75400.0,,,coingecko
2026-08-21T01:55:59+00:00,ETH,2368.17,,,coingecko
2026-08-21T01:55:59+00:00,SOL,89.12,,,coingecko
2026-08-21T01:55:59+00:00,XRP,1.3,,,coingecko
2026-08-21T01:55:59+00:00,DOGE,0.082631,,,coingecko
2026-08-21T01:55:59+00:00,BNB,664.83,,,coingecko
2026-08-21T01:55:59+00:00,ADA,0.207236,,,coingecko
2026-08-21T01:55:59+00:00,LINK,10.88,,,coingecko
2026-08-21T01:55:59+00:00,AVAX,7.31,,,coingecko
2026-08-21T01:55:59+00:00,DOT,0.847967,,,coingecko
2026-08-21T01:55:59+00:00,MATIC,0.126156,,,coingecko
2026-08-21T01:55:59+00:00,LTC,48.4,,,coingecko
2026-08-21T01:55:59+00:00,BTC,75425.525,,,consenso
2026-08-21T01:55:59+00:00,ETH,2366.385,,,consenso
2026-08-21T01:55:59+00:00,SOL,89.1,,,consenso
2026-08-21T01:55:59+00:00,XRP,1.2999,,,consenso
2026-08-21T01:55:59+00:00,DOGE,0.08256,,,binance
2026-08-21T01:55:59+00:00,BNB,663.2,,,binance
2026-08-21T01:56:44+00:00,BTC,75425.525,,,consenso
2026-08-21T01:56:44+00:00,ETH,2366.385,,,consenso
2026-08-21T01:56:44+00:00,SOL,89.1,,,consenso
2026-08-21T01:56:44+00:00,XRP,1.3007,,,consenso
2026-08-21T01:56:44+00:00,DOGE,0.08256,,,binance
2026-08-21T01:56:44+00:00,BNB,662.3,,,binance
2026-08-21T01:57:03+00:00,BTC,75353.0,,,coingecko
2026-08-21T01:57:03+00:00,ETH,2364.72,,,coingecko
2026-08-21T01:57:03+00:00,SOL,89.06,,,coingecko
2026-08-21T01:57:03+00:00,XRP,1.3,,,coingecko
2026-08-21T01:57:03+00:00,DOGE,0.082547,,,coingecko
2026-08-21T01:57:03+00:00,BNB,663.58,,,coingecko
2026-08-21T01:57:03+00:00,ADA,0.207525,,,coingecko
2026-08-21T01:57:03+00:00,LINK,10.88,,,coingecko
2026-08-21T01:57:03+00:00,AVAX,7.3,,,coingecko
2026-08-21T01:57:03+00:00,DOT,0.847863,,,coingecko
2026-08-21T01:57:03+00:00,MATIC,0.126156,,,coingecko
2026-08-21T01:57:03+00:00,LTC,48.37,,,coingecko
2026-08-21T01:57:41+00:00,BTC,75425.525,,,consenso
2026-08-21T01:57:41+00:00,ETH,2366.385,,,consenso
2026-08-21T01:57:41+00:00,SOL,88.96,,,consenso
2026-08-21T01:57:41+00:00,XRP,1.2943,,,consenso
2026-08-21T01:57:41+00:00,DOGE,0.08235,,,binance
2026-08-21T01:57:41+00:00,BNB,661.26,,,binance
2026-08-21T01:58:09+00:00,BTC,75333.0,,,coingecko
2026-08-21T01:58:09+00:00,ETH,2364.72,,,coingecko
2026-08-21T01:58:09+00:00,SOL,89.09,,,coingecko
2026-08-21T01:58:09+00:00,XRP,1.3,,,coingecko
2026-08-21T01:58:09+00:00,DOGE,0.082558,,,coingecko
2026-08-21T01:58:09+00:00,BNB,662.62,,,coingecko
2026-08-21T01:58:09+00:00,ADA,0.207705,,,coingecko
2026-08-21T01:58:09+00:00,LINK,10.88,,,coingecko
2026-08-21T01:58:09+00:00,AVAX,7.3,,,coingecko
2026-08-21T01:58:09+00:00,DOT,0.848413,,,coingecko
2026-08-21T01:58:09+00:00,MATIC,0.126156,,,coingecko
2026-08-21T01:58:09+00:00,LTC,48.38,,,coingecko
2026-08-21T01:58:24+00:00,BTC,75151.505,,,consenso
2026-08-21T01:58:24+00:00,ETH,2362.02,,,consenso
2026-08-21T01:58:24+00:00,SOL,88.97,,,consenso
2026-08-21T01:58:24+00:00,XRP,1.2948,,,consenso
2026-08-21T01:58:24+00:00,DOGE,0.08245,,,binance
2026-08-21T01:58:24+00:00,BNB,661.97,,,binance
2026-08-21T01:59:16+00:00,BTC,75151.505,,,consenso
2026-08-21T01:59:16+00:00,ETH,2362.02,,,consenso
2026-08-21T01:59:16+00:00,SOL,89.07,,,consenso
2026-08-21T01:59:16+00:00,XRP,1.296,,,consenso
2026-08-21T01:59:16+00:00,DOGE,0.08251,,,binance
2026-08-21T01:59:16+00:00,BNB,661.85,,,binance
2026-08-21T02:00:03+00:00,BTC,75164.0,,,coingecko
2026-08-21T02:00:03+00:00,ETH,2361.26,,,coingecko
2026-08-21T02:00:03+00:00,SOL,88.99,,,coingecko
2026-08-21T02:00:03+00:00,XRP,1.29,,,coingecko
2026-08-21T02:00:03+00:00,DOGE,0.082407,,,coingecko
2026-08-21T02:00:03+00:00,BNB,661.83,,,coingecko
2026-08-21T02:00:03+00:00,ADA,0.207781,,,coingecko
2026-08-21T02:00:03+00:00,LINK,10.84,,,coingecko
2026-08-21T02:00:03+00:00,AVAX,7.29,,,coingecko
2026-08-21T02:00:03+00:00,DOT,0.8465,,,coingecko
2026-08-21T02:00:03+00:00,MATIC,0.126156,,,coingecko
2026-08-21T02:00:03+00:00,LTC,48.38,,,coingecko
2026-08-21T02:00:15+00:00,BTC,75151.505,,,consenso
2026-08-21T02:00:15+00:00,ETH,2362.02,,,consenso
2026-08-21T02:00:15+00:00,SOL,88.98,,,consenso
2026-08-21T02:00:15+00:00,XRP,1.2946,,,consenso
2026-08-21T02:00:15+00:00,DOGE,0.08248,,,binance
2026-08-21T02:00:15+00:00,BNB,661.15,,,binance
2026-08-21T02:01:11+00:00,BTC,75103.0,,,coingecko
2026-08-21T02:01:11+00:00,ETH,2358.73,,,coingecko
2026-08-21T02:01:11+00:00,SOL,88.99,,,coingecko
2026-08-21T02:01:11+00:00,XRP,1.3,,,coingecko
2026-08-21T02:01:11+00:00,DOGE,0.082497,,,coingecko
2026-08-21T02:01:11+00:00,BNB,661.41,,,coingecko
2026-08-21T02:01:11+00:00,ADA,0.2082,,,coingecko
2026-08-21T02:01:11+00:00,LINK,10.83,,,coingecko
2026-08-21T02:01:11+00:00,AVAX,7.3,,,coingecko
2026-08-21T02:01:11+00:00,DOT,0.846198,,,coingecko
2026-08-21T02:01:11+00:00,MATIC,0.126156,,,coingecko
2026-08-21T02:01:11+00:00,LTC,48.38,,,coingecko
2026-08-21T02:01:08+00:00,BTC,75151.505,,,consenso
2026-08-21T02:01:08+00:00,ETH,2362.02,,,consenso
2026-08-21T02:01:08+00:00,SOL,88.79,,,consenso
2026-08-21T02:01:08+00:00,XRP,1.2886,,,consenso
2026-08-21T02:01:08+00:00,DOGE,0.08239,,,binance
2026-08-21T02:01:08+00:00,BNB,660.6,,,binance
2026-08-21T02:02:17+00:00,BTC,75063.0,,,coingecko
2026-08-21T02:02:17+00:00,ETH,2356.82,,,coingecko
2026-08-21T02:02:17+00:00,SOL,88.85,,,coingecko
2026-08-21T02:02:17+00:00,XRP,1.29,,,coingecko
2026-08-21T02:02:17+00:00,DOGE,0.082394,,,coingecko
2026-08-21T02:02:17+00:00,BNB,660.95,,,coingecko
2026-08-21T02:02:17+00:00,ADA,0.207718,,,coingecko
2026-08-21T02:02:17+00:00,LINK,10.8,,,coingecko
2026-08-21T02:02:17+00:00,AVAX,7.29,,,coingecko
2026-08-21T02:02:17+00:00,DOT,0.844909,,,coingecko
2026-08-21T02:02:17+00:00,MATIC,0.126156,,,coingecko
2026-08-21T02:02:17+00:00,LTC,48.32,,,coingecko
2026-08-21T02:02:18+00:00,BTC,75151.505,,,consenso
2026-08-21T02:02:18+00:00,ETH,2362.02,,,consenso
2026-08-21T02:02:18+00:00,SOL,88.8,,,consenso
2026-08-21T02:02:18+00:00,XRP,1.2897,,,consenso
2026-08-21T02:02:18+00:00,DOGE,0.0824,,,binance
2026-08-21T02:02:18+00:00,BNB,660.59,,,binance
2026-08-21T02:03:23+00:00,BTC,74964.0,,,coingecko
2026-08-21T02:03:23+00:00,ETH,2354.14,,,coingecko
2026-08-21T02:03:23+00:00,SOL,88.81,,,coingecko
2026-08-21T02:03:23+00:00,XRP,1.29,,,coingecko
2026-08-21T02:03:23+00:00,DOGE,0.082382,,,coingecko
2026-08-21T02:03:23+00:00,BNB,660.5,,,coingecko
2026-08-21T02:03:23+00:00,ADA,0.207504,,,coingecko
2026-08-21T02:03:23+00:00,LINK,10.8,,,coingecko
2026-08-21T02:03:23+00:00,AVAX,7.29,,,coingecko
2026-08-21T02:03:23+00:00,DOT,0.84407,,,coingecko
2026-08-21T02:03:23+00:00,MATIC,0.126156,,,coingecko
2026-08-21T02:03:23+00:00,LTC,48.31,,,coingecko
2026-08-21T02:03:22+00:00,BTC,75151.505,,,consenso
2026-08-21T02:03:22+00:00,ETH,2362.02,,,consenso
2026-08-21T02:03:22+00:00,SOL,88.64,,,consenso
2026-08-21T02:03:22+00:00,XRP,1.2878,,,consenso
2026-08-21T02:03:22+00:00,DOGE,0.08213,,,binance
2026-08-21T02:03:22+00:00,BNB,659.92,,,binance
2026-08-21T02:04:07+00:00,BTC,74785.205,,,consenso
2026-08-21T02:04:07+00:00,ETH,2345.56,,,consenso
2026-08-21T02:04:07+00:00,SOL,88.84,,,consenso
2026-08-21T02:04:07+00:00,XRP,1.2906,,,consenso
2026-08-21T02:04:07+00:00,DOGE,0.08215,,,binance
2026-08-21T02:04:07+00:00,BNB,661.2,,,binance
2026-08-21T02:04:29+00:00,BTC,74873.0,,,coingecko
2026-08-21T02:04:29+00:00,ETH,2347.78,,,coingecko
2026-08-21T02:04:29+00:00,SOL,88.63,,,coingecko
2026-08-21T02:04:29+00:00,XRP,1.29,,,coingecko
2026-08-21T02:04:29+00:00,DOGE,0.082193,,,coingecko
2026-08-21T02:04:29+00:00,BNB,659.86,,,coingecko
2026-08-21T02:04:29+00:00,ADA,0.207158,,,coingecko
2026-08-21T02:04:29+00:00,LINK,10.78,,,coingecko
2026-08-21T02:04:29+00:00,AVAX,7.27,,,coingecko
2026-08-21T02:04:29+00:00,DOT,0.844459,,,coingecko
2026-08-21T02:04:29+00:00,MATIC,0.126156,,,coingecko
2026-08-21T02:04:29+00:00,LTC,48.25,,,coingecko
2026-08-21T02:04:52+00:00,BTC,74785.205,,,consenso
2026-08-21T02:04:52+00:00,ETH,2345.56,,,consenso
2026-08-21T02:04:52+00:00,SOL,89.06,,,consenso
2026-08-21T02:04:52+00:00,XRP,1.2928,,,consenso
2026-08-21T02:04:52+00:00,DOGE,0.08236,,,binance
2026-08-21T02:04:52+00:00,BNB,661.41,,,binance
2026-08-21T02:05:33+00:00,BTC,74911.0,,,coingecko
2026-08-21T02:05:33+00:00,ETH,2349.82,,,coingecko
2026-08-21T02:05:33+00:00,SOL,88.69,,,coingecko
2026-08-21T02:05:33+00:00,XRP,1.29,,,coingecko
2026-08-21T02:05:33+00:00,DOGE,0.082166,,,coingecko
2026-08-21T02:05:33+00:00,BNB,660.43,,,coingecko
2026-08-21T02:05:33+00:00,ADA,0.207527,,,coingecko
2026-08-21T02:05:33+00:00,LINK,10.78,,,coingecko
2026-08-21T02:05:33+00:00,AVAX,7.28,,,coingecko
2026-08-21T02:05:33+00:00,DOT,0.843793,,,coingecko
2026-08-21T02:05:33+00:00,MATIC,0.126156,,,coingecko
2026-08-21T02:05:33+00:00,LTC,48.27,,,coingecko
2026-08-21T02:05:43+00:00,BTC,74785.205,,,consenso
2026-08-21T02:05:43+00:00,ETH,2345.56,,,consenso
2026-08-21T02:05:43+00:00,SOL,89.3,,,consenso
2026-08-21T02:05:43+00:00,XRP,1.2901,,,consenso
2026-08-21T02:05:43+00:00,DOGE,0.08239,,,binance
2026-08-21T02:05:43+00:00,BNB,660.9,,,binance
2026-08-21T02:06:38+00:00,BTC,74973.0,,,coingecko
2026-08-21T02:06:38+00:00,ETH,2350.37,,,coingecko
2026-08-21T02:06:38+00:00,SOL,89.04,,,coingecko
2026-08-21T02:06:38+00:00,XRP,1.29,,,coingecko
2026-08-21T02:06:38+00:00,DOGE,0.082285,,,coingecko
2026-08-21T02:06:38+00:00,BNB,660.88,,,coingecko
2026-08-21T02:06:38+00:00,ADA,0.20809,,,coingecko
2026-08-21T02:06:38+00:00,LINK,10.78,,,coingecko
2026-08-21T02:06:38+00:00,AVAX,7.29,,,coingecko
2026-08-21T02:06:38+00:00,DOT,0.844649,,,coingecko
2026-08-21T02:06:38+00:00,MATIC,0.126156,,,coingecko
2026-08-21T02:06:38+00:00,LTC,48.32,,,coingecko
2026-08-21T02:06:58+00:00,BTC,74785.205,,,consenso
2026-08-21T02:06:58+00:00,ETH,2345.56,,,consenso
2026-08-21T02:06:58+00:00,SOL,89.66,,,consenso
2026-08-21T02:06:58+00:00,XRP,1.294,,,consenso
2026-08-21T02:06:58+00:00,DOGE,0.08266,,,binance
2026-08-21T02:06:58+00:00,BNB,663.42,,,binance
2026-08-21T02:07:43+00:00,BTC,74968.0,,,coingecko
2026-08-21T02:07:43+00:00,ETH,2354.83,,,coingecko
2026-08-21T02:07:43+00:00,SOL,89.19,,,coingecko
2026-08-21T02:07:43+00:00,XRP,1.29,,,coingecko
2026-08-21T02:07:43+00:00,DOGE,0.082469,,,coingecko
2026-08-21T02:07:43+00:00,BNB,661.17,,,coingecko
2026-08-21T02:07:43+00:00,ADA,0.208237,,,coingecko
2026-08-21T02:07:43+00:00,LINK,10.79,,,coingecko
2026-08-21T02:07:43+00:00,AVAX,7.29,,,coingecko
2026-08-21T02:07:43+00:00,DOT,0.844672,,,coingecko
2026-08-21T02:07:43+00:00,MATIC,0.126156,,,coingecko
2026-08-21T02:07:43+00:00,LTC,48.35,,,coingecko
2026-08-21T02:07:55+00:00,BTC,74785.205,,,consenso
2026-08-21T02:07:55+00:00,ETH,2345.56,,,consenso
2026-08-21T02:07:55+00:00,SOL,89.45,,,consenso
2026-08-21T02:07:55+00:00,XRP,1.2918,,,consenso
2026-08-21T02:07:55+00:00,DOGE,0.08272,,,binance
2026-08-21T02:07:55+00:00,BNB,663.08,,,binance
2026-08-21T02:08:49+00:00,BTC,75087.0,,,coingecko
2026-08-21T02:08:49+00:00,ETH,2357.08,,,coingecko
2026-08-21T02:08:49+00:00,SOL,89.55,,,coingecko
2026-08-21T02:08:49+00:00,XRP,1.29,,,coingecko
2026-08-21T02:08:49+00:00,DOGE,0.08259,,,coingecko
2026-08-21T02:08:49+00:00,BNB,662.78,,,coingecko
2026-08-21T02:08:49+00:00,ADA,0.208609,,,coingecko
2026-08-21T02:08:49+00:00,LINK,10.81,,,coingecko
2026-08-21T02:08:49+00:00,AVAX,7.31,,,coingecko
2026-08-21T02:08:49+00:00,DOT,0.845731,,,coingecko
2026-08-21T02:08:49+00:00,MATIC,0.126156,,,coingecko
2026-08-21T02:08:49+00:00,LTC,48.37,,,coingecko
2026-08-21T02:09:06+00:00,BTC,74950.745,,,consenso
2026-08-21T02:09:06+00:00,ETH,2354.35,,,consenso
2026-08-21T02:09:06+00:00,SOL,89.29,,,consenso
2026-08-21T02:09:06+00:00,XRP,1.29275,,,consenso
2026-08-21T02:09:06+00:00,DOGE,0.08251,,,binance
2026-08-21T02:09:06+00:00,BNB,662.57,,,binance
2026-08-21T02:09:52+00:00,BTC,74997.0,,,coingecko
2026-08-21T02:09:52+00:00,ETH,2355.16,,,coingecko
2026-08-21T02:09:52+00:00,SOL,89.29,,,coingecko
2026-08-21T02:09:52+00:00,XRP,1.29,,,coingecko
2026-08-21T02:09:52+00:00,DOGE,0.08257,,,coingecko
2026-08-21T02:09:52+00:00,BNB,662.32,,,coingecko
2026-08-21T02:09:52+00:00,ADA,0.208597,,,coingecko
2026-08-21T02:09:52+00:00,LINK,10.81,,,coingecko
2026-08-21T02:09:52+00:00,AVAX,7.3,,,coingecko
2026-08-21T02:09:52+00:00,DOT,0.844927,,,coingecko
2026-08-21T02:09:52+00:00,MATIC,0.126156,,,coingecko
2026-08-21T02:09:52+00:00,LTC,48.36,,,coingecko
2026-08-21T02:09:58+00:00,BTC,74950.745,,,consenso
2026-08-21T02:09:58+00:00,ETH,2354.35,,,consenso
2026-08-21T02:09:58+00:00,SOL,89.24,,,consenso
2026-08-21T02:09:58+00:00,XRP,1.2916,,,consenso
2026-08-21T02:09:58+00:00,DOGE,0.08243,,,binance
2026-08-21T02:09:58+00:00,BNB,662.48,,,binance
2026-08-21T02:11:01+00:00,BTC,74950.745,,,consenso
2026-08-21T02:11:01+00:00,ETH,2354.35,,,consenso
2026-08-21T02:11:01+00:00,SOL,89.0,,,consenso
2026-08-21T02:11:01+00:00,XRP,1.2878,,,consenso
2026-08-21T02:11:01+00:00,DOGE,0.08221,,,binance
2026-08-21T02:11:01+00:00,BNB,661.32,,,binance
2026-08-21T02:11:50+00:00,BTC,74849.0,,,coingecko
2026-08-21T02:11:50+00:00,ETH,2352.21,,,coingecko
2026-08-21T02:11:50+00:00,SOL,89.11,,,coingecko
2026-08-21T02:11:50+00:00,XRP,1.29,,,coingecko
2026-08-21T02:11:50+00:00,DOGE,0.082349,,,coingecko
2026-08-21T02:11:50+00:00,BNB,661.91,,,coingecko
2026-08-21T02:11:50+00:00,ADA,0.20921,,,coingecko
2026-08-21T02:11:50+00:00,LINK,10.81,,,coingecko
2026-08-21T02:11:50+00:00,AVAX,7.29,,,coingecko
2026-08-21T02:11:50+00:00,DOT,0.844219,,,coingecko
2026-08-21T02:11:50+00:00,MATIC,0.126156,,,coingecko
2026-08-21T02:11:50+00:00,LTC,48.34,,,coingecko
2026-08-21T02:12:23+00:00,BTC,74950.745,,,consenso
2026-08-21T02:12:23+00:00,ETH,2354.35,,,consenso
2026-08-21T02:12:23+00:00,SOL,88.98,,,consenso
2026-08-21T02:12:23+00:00,XRP,1.2875,,,consenso
2026-08-21T02:12:23+00:00,DOGE,0.08208,,,binance
2026-08-21T02:12:23+00:00,BNB,661.29,,,binance
2026-08-21T02:12:56+00:00,BTC,74795.0,,,coingecko
2026-08-21T02:12:56+00:00,ETH,2349.67,,,coingecko
2026-08-21T02:12:56+00:00,SOL,89.06,,,coingecko
2026-08-21T02:12:56+00:00,XRP,1.29,,,coingecko
2026-08-21T02:12:56+00:00,DOGE,0.082159,,,coingecko
2026-08-21T02:12:56+00:00,BNB,661.47,,,coingecko
2026-08-21T02:12:56+00:00,ADA,0.208345,,,coingecko
2026-08-21T02:12:56+00:00,LINK,10.8,,,coingecko
2026-08-21T02:12:56+00:00,AVAX,7.28,,,coingecko
2026-08-21T02:12:56+00:00,DOT,0.84332,,,coingecko
2026-08-21T02:12:56+00:00,MATIC,0.126156,,,coingecko
2026-08-21T02:12:56+00:00,LTC,48.31,,,coingecko
2026-08-21T02:13:14+00:00,BTC,74950.745,,,consenso
2026-08-21T02:13:14+00:00,ETH,2354.35,,,consenso
2026-08-21T02:13:14+00:00,SOL,88.82,,,consenso
2026-08-21T02:13:14+00:00,XRP,1.2841,,,consenso
2026-08-21T02:13:14+00:00,DOGE,0.08194,,,binance
2026-08-21T02:13:14+00:00,BNB,660.45,,,binance
2026-08-21T02:13:55+00:00,BTC,74950.745,,,consenso
2026-08-21T02:13:55+00:00,ETH,2354.35,,,consenso
2026-08-21T02:13:55+00:00,SOL,88.96,,,consenso
2026-08-21T02:13:55+00:00,XRP,1.2844,,,consenso
2026-08-21T02:13:55+00:00,DOGE,0.08206,,,binance
2026-08-21T02:13:55+00:00,BNB,661.08,,,binance
2026-08-21T02:14:02+00:00,BTC,74770.0,,,coingecko
2026-08-21T02:14:02+00:00,ETH,2348.52,,,coingecko
2026-08-21T02:14:02+00:00,SOL,88.96,,,coingecko
2026-08-21T02:14:02+00:00,XRP,1.29,,,coingecko
2026-08-21T02:14:02+00:00,DOGE,0.082062,,,coingecko
2026-08-21T02:14:02+00:00,BNB,660.98,,,coingecko
2026-08-21T02:14:02+00:00,ADA,0.207321,,,coingecko
2026-08-21T02:14:02+00:00,LINK,10.8,,,coingecko
2026-08-21T02:14:02+00:00,AVAX,7.27,,,coingecko
2026-08-21T02:14:02+00:00,DOT,0.84242,,,coingecko
2026-08-21T02:14:02+00:00,MATIC,0.126156,,,coingecko
2026-08-21T02:14:02+00:00,LTC,48.28,,,coingecko
2026-08-21T02:14:35+00:00,BTC,74794.26,,,consenso
2026-08-21T02:14:35+00:00,ETH,2350.855,,,consenso
2026-08-21T02:14:35+00:00,SOL,88.995,,,consenso
2026-08-21T02:14:35+00:00,XRP,1.28647,,,consenso
2026-08-21T02:14:35+00:00,DOGE,0.08211,,,binance
2026-08-21T02:14:35+00:00,BNB,661.19,,,binance
2026-08-21T02:15:07+00:00,BTC,74715.0,,,coingecko
2026-08-21T02:15:07+00:00,ETH,2348.28,,,coingecko
2026-08-21T02:15:07+00:00,SOL,88.86,,,coingecko
2026-08-21T02:15:07+00:00,XRP,1.28,,,coingecko
2026-08-21T02:15:07+00:00,DOGE,0.081991,,,coingecko
2026-08-21T02:15:07+00:00,BNB,660.62,,,coingecko
2026-08-21T02:15:07+00:00,ADA,0.20726,,,coingecko
2026-08-21T02:15:07+00:00,LINK,10.79,,,coingecko
2026-08-21T02:15:07+00:00,AVAX,7.26,,,coingecko
2026-08-21T02:15:07+00:00,DOT,0.840996,,,coingecko
2026-08-21T02:15:07+00:00,MATIC,0.126156,,,coingecko
2026-08-21T02:15:07+00:00,LTC,48.24,,,coingecko
2026-08-21T02:15:25+00:00,BTC,74794.26,,,consenso
2026-08-21T02:15:25+00:00,ETH,2350.855,,,consenso
2026-08-21T02:15:25+00:00,SOL,89.25,,,consenso
2026-08-21T02:15:25+00:00,XRP,1.2896,,,consenso
2026-08-21T02:15:25+00:00,DOGE,0.08238,,,binance
2026-08-21T02:15:25+00:00,BNB,661.8,,,binance
2026-08-21T02:16:14+00:00,BTC,74784.0,,,coingecko
2026-08-21T02:16:14+00:00,ETH,2350.65,,,coingecko
2026-08-21T02:16:14+00:00,SOL,88.98,,,coingecko
2026-08-21T02:16:14+00:00,XRP,1.29,,,coingecko
2026-08-21T02:16:14+00:00,DOGE,0.082177,,,coingecko
2026-08-21T02:16:14+00:00,BNB,660.88,,,coingecko
2026-08-21T02:16:14+00:00,ADA,0.207675,,,coingecko
2026-08-21T02:16:14+00:00,LINK,10.81,,,coingecko
2026-08-21T02:16:14+00:00,AVAX,7.27,,,coingecko
2026-08-21T02:16:14+00:00,DOT,0.841781,,,coingecko
2026-08-21T02:16:14+00:00,MATIC,0.126156,,,coingecko
2026-08-21T02:16:14+00:00,LTC,48.25,,,coingecko
2026-08-21T02:16:17+00:00,BTC,74794.26,,,consenso
2026-08-21T02:16:17+00:00,ETH,2350.855,,,consenso
2026-08-21T02:16:17+00:00,SOL,89.13,,,consenso
2026-08-21T02:16:17+00:00,XRP,1.286,,,consenso
2026-08-21T02:16:17+00:00,DOGE,0.0821,,,binance
2026-08-21T02:16:17+00:00,BNB,661.01,,,binance
2026-08-21T02:17:08+00:00,BTC,74794.26,,,consenso
2026-08-21T02:17:08+00:00,ETH,2350.855,,,consenso
2026-08-21T02:17:08+00:00,SOL,89.11,,,consenso
2026-08-21T02:17:08+00:00,XRP,1.2841,,,consenso
2026-08-21T02:17:08+00:00,DOGE,0.08199,,,binance
2026-08-21T02:17:08+00:00,BNB,661.38,,,binance
2026-08-21T02:17:20+00:00,BTC,74761.0,,,coingecko
2026-08-21T02:17:20+00:00,ETH,2351.76,,,coingecko
2026-08-21T02:17:20+00:00,SOL,89.11,,,coingecko
2026-08-21T02:17:20+00:00,XRP,1.29,,,coingecko
2026-08-21T02:17:20+00:00,DOGE,0.082192,,,coingecko
2026-08-21T02:17:20+00:00,BNB,661.06,,,coingecko
2026-08-21T02:17:20+00:00,ADA,0.207718,,,coingecko
2026-08-21T02:17:20+00:00,LINK,10.84,,,coingecko
2026-08-21T02:17:20+00:00,AVAX,7.27,,,coingecko
2026-08-21T02:17:20+00:00,DOT,0.841608,,,coingecko
2026-08-21T02:17:20+00:00,MATIC,0.126156,,,coingecko
2026-08-21T02:17:20+00:00,LTC,48.24,,,coingecko
2026-08-21T02:17:55+00:00,BTC,74794.26,,,consenso
2026-08-21T02:17:55+00:00,ETH,2350.855,,,consenso
2026-08-21T02:17:55+00:00,SOL,89.28,,,consenso
2026-08-21T02:17:55+00:00,XRP,1.2861,,,consenso
2026-08-21T02:17:55+00:00,DOGE,0.0821,,,binance
2026-08-21T02:17:55+00:00,BNB,661.46,,,binance
2026-08-21T02:18:28+00:00,BTC,74691.0,,,coingecko
2026-08-21T02:18:28+00:00,ETH,2348.74,,,coingecko
2026-08-21T02:18:28+00:00,SOL,89.11,,,coingecko
2026-08-21T02:18:28+00:00,XRP,1.28,,,coingecko
2026-08-21T02:18:28+00:00,DOGE,0.082022,,,coingecko
2026-08-21T02:18:28+00:00,BNB,660.82,,,coingecko
2026-08-21T02:18:28+00:00,ADA,0.207109,,,coingecko
2026-08-21T02:18:28+00:00,LINK,10.82,,,coingecko
2026-08-21T02:18:28+00:00,AVAX,7.26,,,coingecko
2026-08-21T02:18:28+00:00,DOT,0.839612,,,coingecko
2026-08-21T02:18:28+00:00,MATIC,0.126156,,,coingecko
2026-08-21T02:18:28+00:00,LTC,48.18,,,coingecko
2026-08-21T02:19:33+00:00,BTC,74750.0,,,coingecko
2026-08-21T02:19:33+00:00,ETH,2349.56,,,coingecko
2026-08-21T02:19:33+00:00,SOL,89.11,,,coingecko
2026-08-21T02:19:33+00:00,XRP,1.28,,,coingecko
2026-08-21T02:19:33+00:00,DOGE,0.082028,,,coingecko
2026-08-21T02:19:33+00:00,BNB,660.93,,,coingecko
2026-08-21T02:19:33+00:00,ADA,0.20722,,,coingecko
2026-08-21T02:19:33+00:00,LINK,10.84,,,coingecko
2026-08-21T02:19:33+00:00,AVAX,7.27,,,coingecko
2026-08-21T02:19:33+00:00,DOT,0.839647,,,coingecko
2026-08-21T02:19:33+00:00,MATIC,0.126156,,,coingecko
2026-08-21T02:19:33+00:00,LTC,48.2,,,coingecko
2026-08-21T02:19:57+00:00,BTC,74745.455,,,consenso
2026-08-21T02:19:57+00:00,ETH,2348.395,,,consenso
2026-08-21T02:19:57+00:00,SOL,89.275,,,consenso
2026-08-21T02:19:57+00:00,XRP,1.28684,,,consenso
2026-08-21T02:19:57+00:00,DOGE,0.08207,,,binance
2026-08-21T02:19:57+00:00,BNB,661.47,,,binance
2026-08-21T02:20:37+00:00,BTC,74719.0,,,coingecko
2026-08-21T02:20:37+00:00,ETH,2348.33,,,coingecko
2026-08-21T02:20:37+00:00,SOL,89.15,,,coingecko
2026-08-21T02:20:37+00:00,XRP,1.29,,,coingecko
2026-08-21T02:20:37+00:00,DOGE,0.082011,,,coingecko
2026-08-21T02:20:37+00:00,BNB,660.97,,,coingecko
2026-08-21T02:20:37+00:00,ADA,0.207006,,,coingecko
2026-08-21T02:20:37+00:00,LINK,10.83,,,coingecko
2026-08-21T02:20:37+00:00,AVAX,7.27,,,coingecko
2026-08-21T02:20:37+00:00,DOT,0.83985,,,coingecko
2026-08-21T02:20:37+00:00,MATIC,0.126156,,,coingecko
2026-08-21T02:20:37+00:00,LTC,48.2,,,coingecko
2026-08-21T02:20:45+00:00,BTC,74745.455,,,consenso
2026-08-21T02:20:45+00:00,ETH,2348.395,,,consenso
2026-08-21T02:20:45+00:00,SOL,89.17,,,consenso
2026-08-21T02:20:45+00:00,XRP,1.2858,,,consenso
2026-08-21T02:20:45+00:00,DOGE,0.08202,,,binance
2026-08-21T02:20:45+00:00,BNB,661.21,,,binance
2026-08-21T02:21:35+00:00,BTC,74745.455,,,consenso
2026-08-21T02:21:35+00:00,ETH,2348.395,,,consenso
2026-08-21T02:21:35+00:00,SOL,89.21,,,consenso
2026-08-21T02:21:35+00:00,XRP,1.2881,,,consenso
2026-08-21T02:21:35+00:00,DOGE,0.08204,,,binance
2026-08-21T02:21:35+00:00,BNB,661.7,,,binance
2026-08-21T02:21:41+00:00,BTC,74684.0,,,coingecko
2026-08-21T02:21:41+00:00,ETH,2347.55,,,coingecko
2026-08-21T02:21:41+00:00,SOL,89.2,,,coingecko
2026-08-21T02:21:41+00:00,XRP,1.29,,,coingecko
2026-08-21T02:21:41+00:00,DOGE,0.082008,,,coingecko
2026-08-21T02:21:41+00:00,BNB,660.97,,,coingecko
2026-08-21T02:21:41+00:00,ADA,0.207417,,,coingecko
2026-08-21T02:21:41+00:00,LINK,10.83,,,coingecko
2026-08-21T02:21:41+00:00,AVAX,7.27,,,coingecko
2026-08-21T02:21:41+00:00,DOT,0.839811,,,coingecko
2026-08-21T02:21:41+00:00,MATIC,0.126156,,,coingecko
2026-08-21T02:21:41+00:00,LTC,48.21,,,coingecko
2026-08-21T02:22:32+00:00,BTC,74745.455,,,consenso
2026-08-21T02:22:32+00:00,ETH,2348.395,,,consenso
2026-08-21T02:22:32+00:00,SOL,89.08,,,consenso
2026-08-21T02:22:32+00:00,XRP,1.2872,,,consenso
2026-08-21T02:22:32+00:00,DOGE,0.08199,,,binance
2026-08-21T02:22:32+00:00,BNB,661.32,,,binance
2026-08-21T02:23:19+00:00,BTC,74745.455,,,consenso
2026-08-21T02:23:19+00:00,ETH,2348.395,,,consenso
2026-08-21T02:23:19+00:00,SOL,89.06,,,consenso
2026-08-21T02:23:19+00:00,XRP,1.2873,,,consenso
2026-08-21T02:23:19+00:00,DOGE,0.08198,,,binance
2026-08-21T02:23:19+00:00,BNB,661.49,,,binance
2026-08-21T02:23:45+00:00,BTC,74710.0,,,coingecko
2026-08-21T02:23:45+00:00,ETH,2349.58,,,coingecko
2026-08-21T02:23:45+00:00,SOL,89.09,,,coingecko
2026-08-21T02:23:45+00:00,XRP,1.29,,,coingecko
2026-08-21T02:23:45+00:00,DOGE,0.082019,,,coingecko
2026-08-21T02:23:45+00:00,BNB,661.0,,,coingecko
2026-08-21T02:23:45+00:00,ADA,0.20741,,,coingecko
2026-08-21T02:23:45+00:00,LINK,10.84,,,coingecko
2026-08-21T02:23:45+00:00,AVAX,7.27,,,coingecko
2026-08-21T02:23:45+00:00,DOT,0.839879,,,coingecko
2026-08-21T02:23:45+00:00,MATIC,0.126156,,,coingecko
2026-08-21T02:23:45+00:00,LTC,48.2,,,coingecko
2026-08-21T02:24:18+00:00,BTC,74745.455,,,consenso
2026-08-21T02:24:18+00:00,ETH,2348.395,,,consenso
2026-08-21T02:24:18+00:00,SOL,88.91,,,consenso
2026-08-21T02:24:18+00:00,XRP,1.287,,,consenso
2026-08-21T02:24:18+00:00,DOGE,0.08191,,,binance
2026-08-21T02:24:18+00:00,BNB,660.79,,,binance
2026-08-21T02:24:51+00:00,BTC,74709.0,,,coingecko
2026-08-21T02:24:51+00:00,ETH,2350.01,,,coingecko
2026-08-21T02:24:51+00:00,SOL,89.04,,,coingecko
2026-08-21T02:24:51+00:00,XRP,1.29,,,coingecko
2026-08-21T02:24:51+00:00,DOGE,0.081979,,,coingecko
2026-08-21T02:24:51+00:00,BNB,661.08,,,coingecko
2026-08-21T02:24:51+00:00,ADA,0.207867,,,coingecko
2026-08-21T02:24:51+00:00,LINK,10.83,,,coingecko
2026-08-21T02:24:51+00:00,AVAX,7.27,,,coingecko
2026-08-21T02:24:51+00:00,DOT,0.840997,,,coingecko
2026-08-21T02:24:51+00:00,MATIC,0.126156,,,coingecko
2026-08-21T02:24:51+00:00,LTC,48.21,,,coingecko
2026-08-21T02:25:03+00:00,BTC,74664.965,,,consenso
2026-08-21T02:25:03+00:00,ETH,2349.79,,,consenso
2026-08-21T02:25:03+00:00,SOL,88.97,,,consenso
2026-08-21T02:25:03+00:00,XRP,1.28741,,,consenso
2026-08-21T02:25:03+00:00,DOGE,0.08199,,,binance
2026-08-21T02:25:03+00:00,BNB,661.03,,,binance
2026-08-21T02:25:57+00:00,BTC,74657.0,,,coingecko
2026-08-21T02:25:57+00:00,ETH,2348.8,,,coingecko
2026-08-21T02:25:57+00:00,SOL,88.93,,,coingecko
2026-08-21T02:25:57+00:00,XRP,1.29,,,coingecko
2026-08-21T02:25:57+00:00,DOGE,0.081927,,,coingecko
2026-08-21T02:25:57+00:00,BNB,660.7,,,coingecko
2026-08-21T02:25:57+00:00,ADA,0.207448,,,coingecko
2026-08-21T02:25:57+00:00,LINK,10.83,,,coingecko
2026-08-21T02:25:57+00:00,AVAX,7.26,,,coingecko
2026-08-21T02:25:57+00:00,DOT,0.840482,,,coingecko
2026-08-21T02:25:57+00:00,MATIC,0.126156,,,coingecko
2026-08-21T02:25:57+00:00,LTC,48.17,,,coingecko
2026-08-21T02:25:53+00:00,BTC,74664.965,,,consenso
2026-08-21T02:25:53+00:00,ETH,2349.79,,,consenso
2026-08-21T02:25:53+00:00,SOL,89.07,,,consenso
2026-08-21T02:25:53+00:00,XRP,1.2895,,,consenso
2026-08-21T02:25:53+00:00,DOGE,0.08198,,,binance
2026-08-21T02:25:53+00:00,BNB,661.56,,,binance
2026-08-21T02:27:01+00:00,BTC,74728.0,,,coingecko
2026-08-21T02:27:01+00:00,ETH,2352.02,,,coingecko
2026-08-21T02:27:01+00:00,SOL,89.01,,,coingecko
2026-08-21T02:27:01+00:00,XRP,1.29,,,coingecko
2026-08-21T02:27:01+00:00,DOGE,0.08198,,,coingecko
2026-08-21T02:27:01+00:00,BNB,661.12,,,coingecko
2026-08-21T02:27:01+00:00,ADA,0.208055,,,coingecko
2026-08-21T02:27:01+00:00,LINK,10.85,,,coingecko
2026-08-21T02:27:01+00:00,AVAX,7.27,,,coingecko
2026-08-21T02:27:01+00:00,DOT,0.840783,,,coingecko
2026-08-21T02:27:01+00:00,MATIC,0.126156,,,coingecko
2026-08-21T02:27:01+00:00,LTC,48.19,,,coingecko
2026-08-21T02:27:05+00:00,BTC,74664.965,,,consenso
2026-08-21T02:27:05+00:00,ETH,2349.79,,,consenso
2026-08-21T02:27:05+00:00,SOL,89.26,,,consenso
2026-08-21T02:27:05+00:00,XRP,1.2943,,,consenso
2026-08-21T02:27:05+00:00,DOGE,0.08195,,,binance
2026-08-21T02:27:05+00:00,BNB,661.58,,,binance
2026-08-21T02:28:08+00:00,BTC,74747.0,,,coingecko
2026-08-21T02:28:08+00:00,ETH,2353.55,,,coingecko
2026-08-21T02:28:08+00:00,SOL,89.18,,,coingecko
2026-08-21T02:28:08+00:00,XRP,1.29,,,coingecko
2026-08-21T02:28:08+00:00,DOGE,0.081965,,,coingecko
2026-08-21T02:28:08+00:00,BNB,661.25,,,coingecko
2026-08-21T02:28:08+00:00,ADA,0.208267,,,coingecko
2026-08-21T02:28:08+00:00,LINK,10.85,,,coingecko
2026-08-21T02:28:08+00:00,AVAX,7.27,,,coingecko
2026-08-21T02:28:08+00:00,DOT,0.840986,,,coingecko
2026-08-21T02:28:08+00:00,MATIC,0.126156,,,coingecko
2026-08-21T02:28:08+00:00,LTC,48.21,,,coingecko
2026-08-21T02:28:27+00:00,BTC,74664.965,,,consenso
2026-08-21T02:28:27+00:00,ETH,2349.79,,,consenso
2026-08-21T02:28:27+00:00,SOL,89.3,,,consenso
2026-08-21T02:28:27+00:00,XRP,1.2956,,,consenso
2026-08-21T02:28:27+00:00,DOGE,0.08199,,,binance
2026-08-21T02:28:27+00:00,BNB,662.16,,,binance
2026-08-21T02:29:18+00:00,BTC,74781.0,,,coingecko
2026-08-21T02:29:18+00:00,ETH,2354.39,,,coingecko
2026-08-21T02:29:18+00:00,SOL,89.18,,,coingecko
2026-08-21T02:29:18+00:00,XRP,1.29,,,coingecko
2026-08-21T02:29:18+00:00,DOGE,0.081934,,,coingecko
2026-08-21T02:29:18+00:00,BNB,661.3,,,coingecko
2026-08-21T02:29:18+00:00,ADA,0.207831,,,coingecko
2026-08-21T02:29:18+00:00,LINK,10.84,,,coingecko
2026-08-21T02:29:18+00:00,AVAX,7.27,,,coingecko
2026-08-21T02:29:18+00:00,DOT,0.840716,,,coingecko
2026-08-21T02:29:18+00:00,MATIC,0.126156,,,coingecko
2026-08-21T02:29:18+00:00,LTC,48.23,,,coingecko
2026-08-21T02:29:30+00:00,BTC,74664.965,,,consenso
2026-08-21T02:29:30+00:00,ETH,2349.79,,,consenso
2026-08-21T02:29:30+00:00,SOL,89.38,,,consenso
2026-08-21T02:29:30+00:00,XRP,1.2951,,,consenso
2026-08-21T02:29:30+00:00,DOGE,0.08212,,,binance
2026-08-21T02:29:30+00:00,BNB,662.28,,,binance
2026-08-21T02:30:27+00:00,BTC,74847.0,,,coingecko
2026-08-21T02:30:27+00:00,ETH,2356.96,,,coingecko
2026-08-21T02:30:27+00:00,SOL,89.28,,,coingecko
2026-08-21T02:30:27+00:00,XRP,1.29,,,coingecko
2026-08-21T02:30:27+00:00,DOGE,0.08201,,,coingecko
2026-08-21T02:30:27+00:00,BNB,661.87,,,coingecko
2026-08-21T02:30:27+00:00,ADA,0.208189,,,coingecko
2026-08-21T02:30:27+00:00,LINK,10.91,,,coingecko
2026-08-21T02:30:27+00:00,AVAX,7.29,,,coingecko
2026-08-21T02:30:27+00:00,DOT,0.841192,,,coingecko
2026-08-21T02:30:27+00:00,MATIC,0.126156,,,coingecko
2026-08-21T02:30:27+00:00,LTC,48.28,,,coingecko
2026-08-21T02:31:33+00:00,BTC,74933.0,,,coingecko
2026-08-21T02:31:33+00:00,ETH,2358.29,,,coingecko
2026-08-21T02:31:33+00:00,SOL,89.33,,,coingecko
2026-08-21T02:31:33+00:00,XRP,1.3,,,coingecko
2026-08-21T02:31:33+00:00,DOGE,0.08205,,,coingecko
2026-08-21T02:31:33+00:00,BNB,661.87,,,coingecko
2026-08-21T02:31:33+00:00,ADA,0.208317,,,coingecko
2026-08-21T02:31:33+00:00,LINK,10.91,,,coingecko
2026-08-21T02:31:33+00:00,AVAX,7.29,,,coingecko
2026-08-21T02:31:33+00:00,DOT,0.840936,,,coingecko
2026-08-21T02:31:33+00:00,MATIC,0.126156,,,coingecko
2026-08-21T02:31:33+00:00,LTC,48.28,,,coingecko
2026-08-21T02:32:20+00:00,BTC,74962.685,,,consenso
2026-08-21T02:32:20+00:00,ETH,2356.85,,,consenso
2026-08-21T02:32:20+00:00,SOL,89.37,,,consenso
2026-08-21T02:32:20+00:00,XRP,1.29421,,,consenso
2026-08-21T02:32:20+00:00,DOGE,0.0821,,,binance
2026-08-21T02:32:20+00:00,BNB,663.19,,,binance
2026-08-21T02:32:40+00:00,BTC,74947.0,,,coingecko
2026-08-21T02:32:40+00:00,ETH,2357.18,,,coingecko
2026-08-21T02:32:40+00:00,SOL,89.3,,,coingecko
2026-08-21T02:32:40+00:00,XRP,1.29,,,coingecko
2026-08-21T02:32:40+00:00,DOGE,0.082043,,,coingecko
2026-08-21T02:32:40+00:00,BNB,661.83,,,coingecko
2026-08-21T02:32:40+00:00,ADA,0.208431,,,coingecko
2026-08-21T02:32:40+00:00,LINK,10.92,,,coingecko
2026-08-21T02:32:40+00:00,AVAX,7.29,,,coingecko
2026-08-21T02:32:40+00:00,DOT,0.840795,,,coingecko
2026-08-21T02:32:40+00:00,MATIC,0.126156,,,coingecko
2026-08-21T02:32:40+00:00,LTC,48.28,,,coingecko
2026-08-21T02:33:22+00:00,BTC,74962.685,,,consenso
2026-08-21T02:33:22+00:00,ETH,2356.85,,,consenso
2026-08-21T02:33:22+00:00,SOL,89.24,,,consenso
2026-08-21T02:33:22+00:00,XRP,1.2954,,,consenso
2026-08-21T02:33:22+00:00,DOGE,0.08194,,,binance
2026-08-21T02:33:22+00:00,BNB,662.17,,,binance
2026-08-21T02:33:46+00:00,BTC,74981.0,,,coingecko
2026-08-21T02:33:46+00:00,ETH,2360.17,,,coingecko
2026-08-21T02:33:46+00:00,SOL,89.32,,,coingecko
2026-08-21T02:33:46+00:00,XRP,1.29,,,coingecko
2026-08-21T02:33:46+00:00,DOGE,0.082075,,,coingecko
2026-08-21T02:33:46+00:00,BNB,662.58,,,coingecko
2026-08-21T02:33:46+00:00,ADA,0.208396,,,coingecko
2026-08-21T02:33:46+00:00,LINK,10.92,,,coingecko
2026-08-21T02:33:46+00:00,AVAX,7.28,,,coingecko
2026-08-21T02:33:46+00:00,DOT,0.840733,,,coingecko
2026-08-21T02:33:46+00:00,MATIC,0.126156,,,coingecko
2026-08-21T02:33:46+00:00,LTC,48.3,,,coingecko
2026-08-21T02:34:14+00:00,BTC,74962.685,,,consenso
2026-08-21T02:34:14+00:00,ETH,2356.85,,,consenso
2026-08-21T02:34:14+00:00,SOL,89.15,,,consenso
2026-08-21T02:34:14+00:00,XRP,1.2943,,,consenso
2026-08-21T02:34:14+00:00,DOGE,0.08179,,,binance
2026-08-21T02:34:14+00:00,BNB,661.19,,,binance
2026-08-21T02:35:09+00:00,BTC,74962.685,,,consenso
2026-08-21T02:35:09+00:00,ETH,2356.85,,,consenso
2026-08-21T02:35:09+00:00,SOL,89.17,,,consenso
2026-08-21T02:35:09+00:00,XRP,1.2956,,,consenso
2026-08-21T02:35:09+00:00,DOGE,0.08186,,,binance
2026-08-21T02:35:09+00:00,BNB,661.21,,,binance
2026-08-21T02:35:28+00:00,BTC,74709.0,,,coingecko
2026-08-21T02:35:28+00:00,ETH,2357.27,,,coingecko
2026-08-21T02:35:28+00:00,SOL,89.09,,,coingecko
2026-08-21T02:35:28+00:00,XRP,1.29,,,coingecko
2026-08-21T02:35:28+00:00,DOGE,0.08172,,,coingecko
2026-08-21T02:35:28+00:00,BNB,661.06,,,coingecko
2026-08-21T02:35:28+00:00,ADA,0.207217,,,coingecko
2026-08-21T02:35:28+00:00,LINK,10.88,,,coingecko
2026-08-21T02:35:28+00:00,AVAX,7.27,,,coingecko
2026-08-21T02:35:28+00:00,DOT,0.838124,,,coingecko
2026-08-21T02:35:28+00:00,MATIC,0.126156,,,coingecko
2026-08-21T02:35:28+00:00,LTC,48.17,,,coingecko
2026-08-21T02:36:00+00:00,BTC,74962.685,,,consenso
2026-08-21T02:36:00+00:00,ETH,2356.85,,,consenso
2026-08-21T02:36:00+00:00,SOL,89.21,,,consenso
2026-08-21T02:36:00+00:00,XRP,1.2952,,,consenso
2026-08-21T02:36:00+00:00,DOGE,0.08176,,,binance
2026-08-21T02:36:00+00:00,BNB,660.92,,,binance
2026-08-21T02:36:37+00:00,BTC,74734.0,,,coingecko
2026-08-21T02:36:37+00:00,ETH,2358.02,,,coingecko
2026-08-21T02:36:37+00:00,SOL,89.13,,,coingecko
2026-08-21T02:36:37+00:00,XRP,1.29,,,coingecko
2026-08-21T02:36:37+00:00,DOGE,0.081809,,,coingecko
2026-08-21T02:36:37+00:00,BNB,661.06,,,coingecko
2026-08-21T02:36:37+00:00,ADA,0.207384,,,coingecko
2026-08-21T02:36:37+00:00,LINK,10.89,,,coingecko
2026-08-21T02:36:37+00:00,AVAX,7.28,,,coingecko
2026-08-21T02:36:37+00:00,DOT,0.838339,,,coingecko
2026-08-21T02:36:37+00:00,MATIC,0.126156,,,coingecko
2026-08-21T02:36:37+00:00,LTC,48.21,,,coingecko
2026-08-21T02:36:53+00:00,BTC,74962.685,,,consenso
2026-08-21T02:36:53+00:00,ETH,2356.85,,,consenso
2026-08-21T02:36:53+00:00,SOL,89.64,,,consenso
2026-08-21T02:36:53+00:00,XRP,1.2995,,,consenso
2026-08-21T02:36:53+00:00,DOGE,0.08189,,,binance
2026-08-21T02:36:53+00:00,BNB,661.21,,,binance
2026-08-21T02:37:41+00:00,BTC,74703.0,,,coingecko
2026-08-21T02:37:41+00:00,ETH,2357.65,,,coingecko
2026-08-21T02:37:41+00:00,SOL,89.38,,,coingecko
2026-08-21T02:37:41+00:00,XRP,1.3,,,coingecko
2026-08-21T02:37:41+00:00,DOGE,0.081804,,,coingecko
2026-08-21T02:37:41+00:00,BNB,660.85,,,coingecko
2026-08-21T02:37:41+00:00,ADA,0.207548,,,coingecko
2026-08-21T02:37:41+00:00,LINK,10.91,,,coingecko
2026-08-21T02:37:41+00:00,AVAX,7.28,,,coingecko
2026-08-21T02:37:41+00:00,DOT,0.838689,,,coingecko
2026-08-21T02:37:41+00:00,MATIC,0.126156,,,coingecko
2026-08-21T02:37:41+00:00,LTC,48.22,,,coingecko
2026-08-21T02:37:38+00:00,BTC,74757.42,,,consenso
2026-08-21T02:37:38+00:00,ETH,2358.2,,,consenso
2026-08-21T02:37:38+00:00,SOL,89.68,,,consenso
2026-08-21T02:37:38+00:00,XRP,1.2985,,,consenso
2026-08-21T02:37:38+00:00,DOGE,0.08191,,,binance
2026-08-21T02:37:38+00:00,BNB,661.08,,,binance
2026-08-21T02:38:46+00:00,BTC,74736.0,,,coingecko
2026-08-21T02:38:46+00:00,ETH,2358.52,,,coingecko
2026-08-21T02:38:46+00:00,SOL,89.61,,,coingecko
2026-08-21T02:38:46+00:00,XRP,1.3,,,coingecko
2026-08-21T02:38:46+00:00,DOGE,0.08187,,,coingecko
2026-08-21T02:38:46+00:00,BNB,660.86,,,coingecko
2026-08-21T02:38:46+00:00,ADA,0.207619,,,coingecko
2026-08-21T02:38:46+00:00,LINK,10.93,,,coingecko
2026-08-21T02:38:46+00:00,AVAX,7.29,,,coingecko
2026-08-21T02:38:46+00:00,DOT,0.839077,,,coingecko
2026-08-21T02:38:46+00:00,MATIC,0.126156,,,coingecko
2026-08-21T02:38:46+00:00,LTC,48.24,,,coingecko
2026-08-21T02:38:56+00:00,BTC,74757.42,,,consenso
2026-08-21T02:38:56+00:00,ETH,2358.2,,,consenso
2026-08-21T02:38:56+00:00,SOL,90.02,,,consenso
2026-08-21T02:38:56+00:00,XRP,1.2994,,,consenso
2026-08-21T02:38:56+00:00,DOGE,0.08193,,,binance
2026-08-21T02:38:56+00:00,BNB,661.25,,,binance
2026-08-21T02:39:43+00:00,BTC,74757.42,,,consenso
2026-08-21T02:39:43+00:00,ETH,2358.2,,,consenso
2026-08-21T02:39:43+00:00,SOL,90.09,,,consenso
2026-08-21T02:39:43+00:00,XRP,1.2987,,,consenso
2026-08-21T02:39:43+00:00,DOGE,0.08191,,,binance
2026-08-21T02:39:43+00:00,BNB,661.18,,,binance
2026-08-21T02:39:50+00:00,BTC,74753.0,,,coingecko
2026-08-21T02:39:50+00:00,ETH,2358.33,,,coingecko
2026-08-21T02:39:50+00:00,SOL,89.7,,,coingecko
2026-08-21T02:39:50+00:00,XRP,1.3,,,coingecko
2026-08-21T02:39:50+00:00,DOGE,0.081852,,,coingecko
2026-08-21T02:39:50+00:00,BNB,660.84,,,coingecko
2026-08-21T02:39:50+00:00,ADA,0.207245,,,coingecko
2026-08-21T02:39:50+00:00,LINK,10.93,,,coingecko
2026-08-21T02:39:50+00:00,AVAX,7.29,,,coingecko
2026-08-21T02:39:50+00:00,DOT,0.838791,,,coingecko
2026-08-21T02:39:50+00:00,MATIC,0.126156,,,coingecko
2026-08-21T02:39:50+00:00,LTC,48.24,,,coingecko
2026-08-21T02:40:47+00:00,BTC,74757.42,,,consenso
2026-08-21T02:40:47+00:00,ETH,2358.2,,,consenso
2026-08-21T02:40:47+00:00,SOL,90.05,,,consenso
2026-08-21T02:40:47+00:00,XRP,1.2978,,,consenso
2026-08-21T02:40:47+00:00,DOGE,0.082,,,binance
2026-08-21T02:40:47+00:00,BNB,661.38,,,binance
2026-08-21T02:40:56+00:00,BTC,74732.0,,,coingecko
2026-08-21T02:40:56+00:00,ETH,2357.01,,,coingecko
2026-08-21T02:40:56+00:00,SOL,90.01,,,coingecko
2026-08-21T02:40:56+00:00,XRP,1.3,,,coingecko
2026-08-21T02:40:56+00:00,DOGE,0.081866,,,coingecko
2026-08-21T02:40:56+00:00,BNB,660.82,,,coingecko
2026-08-21T02:40:56+00:00,ADA,0.207119,,,coingecko
2026-08-21T02:40:56+00:00,LINK,10.93,,,coingecko
2026-08-21T02:40:56+00:00,AVAX,7.29,,,coingecko
2026-08-21T02:40:56+00:00,DOT,0.83983,,,coingecko
2026-08-21T02:40:56+00:00,MATIC,0.126156,,,coingecko
2026-08-21T02:40:56+00:00,LTC,48.26,,,coingecko
2026-08-21T02:41:31+00:00,BTC,74757.42,,,consenso
2026-08-21T02:41:31+00:00,ETH,2358.2,,,consenso
2026-08-21T02:41:31+00:00,SOL,89.71,,,consenso
2026-08-21T02:41:31+00:00,XRP,1.2939,,,consenso
2026-08-21T02:41:31+00:00,DOGE,0.08196,,,binance
2026-08-21T02:41:31+00:00,BNB,660.58,,,binance
2026-08-21T02:42:05+00:00,BTC,74748.0,,,coingecko
2026-08-21T02:42:05+00:00,ETH,2358.45,,,coingecko
2026-08-21T02:42:05+00:00,SOL,89.94,,,coingecko
2026-08-21T02:42:05+00:00,XRP,1.3,,,coingecko
2026-08-21T02:42:05+00:00,DOGE,0.081921,,,coingecko
2026-08-21T02:42:05+00:00,BNB,660.73,,,coingecko
2026-08-21T02:42:05+00:00,ADA,0.207476,,,coingecko
2026-08-21T02:42:05+00:00,LINK,10.97,,,coingecko
2026-08-21T02:42:05+00:00,AVAX,7.3,,,coingecko
2026-08-21T02:42:05+00:00,DOT,0.840022,,,coingecko
2026-08-21T02:42:05+00:00,MATIC,0.126156,,,coingecko
2026-08-21T02:42:05+00:00,LTC,48.27,,,coingecko
2026-08-21T02:42:14+00:00,BTC,74757.42,,,consenso
2026-08-21T02:42:14+00:00,ETH,2358.2,,,consenso
2026-08-21T02:42:14+00:00,SOL,89.81,,,consenso
2026-08-21T02:42:14+00:00,XRP,1.2936,,,consenso
2026-08-21T02:42:14+00:00,DOGE,0.08195,,,binance
2026-08-21T02:42:14+00:00,BNB,660.88,,,binance
2026-08-21T02:42:55+00:00,BTC,74690.955,,,consenso
2026-08-21T02:42:55+00:00,ETH,2356.75,,,consenso
2026-08-21T02:42:55+00:00,SOL,89.66,,,consenso
2026-08-21T02:42:55+00:00,XRP,1.2923,,,consenso
2026-08-21T02:42:55+00:00,DOGE,0.08197,,,binance
2026-08-21T02:42:55+00:00,BNB,660.77,,,binance
2026-08-21T02:43:09+00:00,BTC,74716.0,,,coingecko
2026-08-21T02:43:09+00:00,ETH,2357.23,,,coingecko
2026-08-21T02:43:09+00:00,SOL,89.75,,,coingecko
2026-08-21T02:43:09+00:00,XRP,1.29,,,coingecko
2026-08-21T02:43:09+00:00,DOGE,0.081958,,,coingecko
2026-08-21T02:43:09+00:00,BNB,660.61,,,coingecko
2026-08-21T02:43:09+00:00,ADA,0.207254,,,coingecko
2026-08-21T02:43:09+00:00,LINK,10.98,,,coingecko
2026-08-21T02:43:09+00:00,AVAX,7.3,,,coingecko
2026-08-21T02:43:09+00:00,DOT,0.839988,,,coingecko
2026-08-21T02:43:09+00:00,MATIC,0.126156,,,coingecko
2026-08-21T02:43:09+00:00,LTC,48.27,,,coingecko
2026-08-21T02:43:42+00:00,BTC,74690.955,,,consenso
2026-08-21T02:43:42+00:00,ETH,2356.75,,,consenso
2026-08-21T02:43:42+00:00,SOL,89.71,,,consenso
2026-08-21T02:43:42+00:00,XRP,1.2945,,,consenso
2026-08-21T02:43:42+00:00,DOGE,0.08205,,,binance
2026-08-21T02:43:42+00:00,BNB,660.88,,,binance
2026-08-21T02:44:13+00:00,BTC,74707.0,,,coingecko
2026-08-21T02:44:13+00:00,ETH,2356.69,,,coingecko
2026-08-21T02:44:13+00:00,SOL,89.71,,,coingecko
2026-08-21T02:44:13+00:00,XRP,1.29,,,coingecko
2026-08-21T02:44:13+00:00,DOGE,0.081955,,,coingecko
2026-08-21T02:44:13+00:00,BNB,660.54,,,coingecko
2026-08-21T02:44:13+00:00,ADA,0.206686,,,coingecko
2026-08-21T02:44:13+00:00,LINK,10.98,,,coingecko
2026-08-21T02:44:13+00:00,AVAX,7.31,,,coingecko
2026-08-21T02:44:13+00:00,DOT,0.840113,,,coingecko
2026-08-21T02:44:13+00:00,MATIC,0.126156,,,coingecko
2026-08-21T02:44:13+00:00,LTC,48.28,,,coingecko
2026-08-21T02:44:22+00:00,BTC,74690.955,,,consenso
2026-08-21T02:44:22+00:00,ETH,2356.75,,,consenso
2026-08-21T02:44:22+00:00,SOL,89.66,,,consenso
2026-08-21T02:44:22+00:00,XRP,1.2939,,,consenso
2026-08-21T02:44:22+00:00,DOGE,0.08196,,,binance
2026-08-21T02:44:22+00:00,BNB,660.71,,,binance
2026-08-21T02:45:10+00:00,BTC,74690.955,,,consenso
2026-08-21T02:45:10+00:00,ETH,2356.75,,,consenso
2026-08-21T02:45:10+00:00,SOL,89.71,,,consenso
2026-08-21T02:45:10+00:00,XRP,1.2931,,,consenso
2026-08-21T02:45:10+00:00,DOGE,0.08196,,,binance
2026-08-21T02:45:10+00:00,BNB,660.55,,,binance
2026-08-21T02:45:18+00:00,BTC,74695.0,,,coingecko
2026-08-21T02:45:18+00:00,ETH,2356.6,,,coingecko
2026-08-21T02:45:18+00:00,SOL,89.71,,,coingecko
2026-08-21T02:45:18+00:00,XRP,1.29,,,coingecko
2026-08-21T02:45:18+00:00,DOGE,0.081966,,,coingecko
2026-08-21T02:45:18+00:00,BNB,660.51,,,coingecko
2026-08-21T02:45:18+00:00,ADA,0.206519,,,coingecko
2026-08-21T02:45:18+00:00,LINK,10.97,,,coingecko
2026-08-21T02:45:18+00:00,AVAX,7.31,,,coingecko
2026-08-21T02:45:18+00:00,DOT,0.840504,,,coingecko
2026-08-21T02:45:18+00:00,MATIC,0.126156,,,coingecko
2026-08-21T02:45:18+00:00,LTC,48.27,,,coingecko
2026-08-21T02:46:38+00:00,BTC,74690.955,,,consenso
2026-08-21T02:46:38+00:00,ETH,2356.75,,,consenso
2026-08-21T02:46:38+00:00,SOL,89.58,,,consenso
2026-08-21T02:46:38+00:00,XRP,1.2916,,,consenso
2026-08-21T02:46:38+00:00,DOGE,0.08184,,,binance
2026-08-21T02:46:38+00:00,BNB,659.87,,,binance
2026-08-21T02:47:20+00:00,BTC,74619.0,,,coingecko
2026-08-21T02:47:20+00:00,ETH,2351.07,,,coingecko
2026-08-21T02:47:20+00:00,SOL,89.54,,,coingecko
2026-08-21T02:47:20+00:00,XRP,1.29,,,coingecko
2026-08-21T02:47:20+00:00,DOGE,0.081857,,,coingecko
2026-08-21T02:47:20+00:00,BNB,659.79,,,coingecko
2026-08-21T02:47:20+00:00,ADA,0.205746,,,coingecko
2026-08-21T02:47:20+00:00,LINK,10.94,,,coingecko
2026-08-21T02:47:20+00:00,AVAX,7.3,,,coingecko
2026-08-21T02:47:20+00:00,DOT,0.839536,,,coingecko
2026-08-21T02:47:20+00:00,MATIC,0.126156,,,coingecko
2026-08-21T02:47:20+00:00,LTC,48.17,,,coingecko
2026-08-21T02:48:26+00:00,BTC,74584.0,,,coingecko
2026-08-21T02:48:26+00:00,ETH,2348.94,,,coingecko
2026-08-21T02:48:26+00:00,SOL,89.49,,,coingecko
2026-08-21T02:48:26+00:00,XRP,1.29,,,coingecko
2026-08-21T02:48:26+00:00,DOGE,0.081786,,,coingecko
2026-08-21T02:48:26+00:00,BNB,659.5,,,coingecko
2026-08-21T02:48:26+00:00,ADA,0.205825,,,coingecko
2026-08-21T02:48:26+00:00,LINK,10.93,,,coingecko
2026-08-21T02:48:26+00:00,AVAX,7.3,,,coingecko
2026-08-21T02:48:26+00:00,DOT,0.839619,,,coingecko
2026-08-21T02:48:26+00:00,MATIC,0.126156,,,coingecko
2026-08-21T02:48:26+00:00,LTC,48.14,,,coingecko
2026-08-21T02:48:22+00:00,BTC,74494.75,,,consenso
2026-08-21T02:48:22+00:00,ETH,2350.465,,,consenso
2026-08-21T02:48:22+00:00,SOL,89.63,,,consenso
2026-08-21T02:48:22+00:00,XRP,1.29252,,,consenso
2026-08-21T02:48:22+00:00,DOGE,0.08178,,,binance
2026-08-21T02:48:22+00:00,BNB,659.89,,,binance
2026-08-21T02:49:31+00:00,BTC,74530.0,,,coingecko
2026-08-21T02:49:31+00:00,ETH,2349.99,,,coingecko
2026-08-21T02:49:31+00:00,SOL,89.58,,,coingecko
2026-08-21T02:49:31+00:00,XRP,1.29,,,coingecko
2026-08-21T02:49:31+00:00,DOGE,0.081793,,,coingecko
2026-08-21T02:49:31+00:00,BNB,659.66,,,coingecko
2026-08-21T02:49:31+00:00,ADA,0.205971,,,coingecko
2026-08-21T02:49:31+00:00,LINK,10.92,,,coingecko
2026-08-21T02:49:31+00:00,AVAX,7.3,,,coingecko
2026-08-21T02:49:31+00:00,DOT,0.839593,,,coingecko
2026-08-21T02:49:31+00:00,MATIC,0.126156,,,coingecko
2026-08-21T02:49:31+00:00,LTC,48.13,,,coingecko
2026-08-21T02:49:27+00:00,BTC,74494.75,,,consenso
2026-08-21T02:49:27+00:00,ETH,2350.465,,,consenso
2026-08-21T02:49:27+00:00,SOL,89.49,,,consenso
2026-08-21T02:49:27+00:00,XRP,1.2915,,,consenso
2026-08-21T02:49:27+00:00,DOGE,0.08172,,,binance
2026-08-21T02:49:27+00:00,BNB,659.65,,,binance
2026-08-21T02:50:11+00:00,BTC,74494.75,,,consenso
2026-08-21T02:50:11+00:00,ETH,2350.465,,,consenso
2026-08-21T02:50:11+00:00,SOL,89.63,,,consenso
2026-08-21T02:50:11+00:00,XRP,1.2934,,,consenso
2026-08-21T02:50:11+00:00,DOGE,0.08183,,,binance
2026-08-21T02:50:11+00:00,BNB,660.24,,,binance
2026-08-21T02:50:35+00:00,BTC,74495.0,,,coingecko
2026-08-21T02:50:35+00:00,ETH,2348.29,,,coingecko
2026-08-21T02:50:35+00:00,SOL,89.47,,,coingecko
2026-08-21T02:50:35+00:00,XRP,1.29,,,coingecko
2026-08-21T02:50:35+00:00,DOGE,0.081731,,,coingecko
2026-08-21T02:50:35+00:00,BNB,659.45,,,coingecko
2026-08-21T02:50:35+00:00,ADA,0.20562,,,coingecko
2026-08-21T02:50:35+00:00,LINK,10.92,,,coingecko
2026-08-21T02:50:35+00:00,AVAX,7.3,,,coingecko
2026-08-21T02:50:35+00:00,DOT,0.839024,,,coingecko
2026-08-21T02:50:35+00:00,MATIC,0.126156,,,coingecko
2026-08-21T02:50:35+00:00,LTC,48.1,,,coingecko
2026-08-21T02:51:01+00:00,BTC,74494.75,,,consenso
2026-08-21T02:51:01+00:00,ETH,2350.465,,,consenso
2026-08-21T02:51:01+00:00,SOL,89.46,,,consenso
2026-08-21T02:51:01+00:00,XRP,1.2952,,,consenso
2026-08-21T02:51:01+00:00,DOGE,0.08178,,,binance
2026-08-21T02:51:01+00:00,BNB,659.9,,,binance
2026-08-21T02:51:39+00:00,BTC,74453.0,,,coingecko
2026-08-21T02:51:39+00:00,ETH,2348.63,,,coingecko
2026-08-21T02:51:39+00:00,SOL,89.54,,,coingecko
2026-08-21T02:51:39+00:00,XRP,1.29,,,coingecko
2026-08-21T02:51:39+00:00,DOGE,0.081751,,,coingecko
2026-08-21T02:51:39+00:00,BNB,659.66,,,coingecko
2026-08-21T02:51:39+00:00,ADA,0.205594,,,coingecko
2026-08-21T02:51:39+00:00,LINK,10.91,,,coingecko
2026-08-21T02:51:39+00:00,AVAX,7.3,,,coingecko
2026-08-21T02:51:39+00:00,DOT,0.840073,,,coingecko
2026-08-21T02:51:39+00:00,MATIC,0.126156,,,coingecko
2026-08-21T02:51:39+00:00,LTC,48.12,,,coingecko
2026-08-21T02:51:43+00:00,BTC,74494.75,,,consenso
2026-08-21T02:51:43+00:00,ETH,2350.465,,,consenso
2026-08-21T02:51:43+00:00,SOL,89.36,,,consenso
2026-08-21T02:51:43+00:00,XRP,1.294,,,consenso
2026-08-21T02:51:43+00:00,DOGE,0.08172,,,binance
2026-08-21T02:51:43+00:00,BNB,659.79,,,binance
2026-08-21T02:52:25+00:00,BTC,74494.75,,,consenso
2026-08-21T02:52:25+00:00,ETH,2350.465,,,consenso
2026-08-21T02:52:25+00:00,SOL,89.41,,,consenso
2026-08-21T02:52:25+00:00,XRP,1.2948,,,consenso
2026-08-21T02:52:25+00:00,DOGE,0.08177,,,binance
2026-08-21T02:52:25+00:00,BNB,660.22,,,binance
2026-08-21T02:52:44+00:00,BTC,74432.0,,,coingecko
2026-08-21T02:52:44+00:00,ETH,2347.01,,,coingecko
2026-08-21T02:52:44+00:00,SOL,89.41,,,coingecko
2026-08-21T02:52:44+00:00,XRP,1.29,,,coingecko
2026-08-21T02:52:44+00:00,DOGE,0.081726,,,coingecko
2026-08-21T02:52:44+00:00,BNB,659.46,,,coingecko
2026-08-21T02:52:44+00:00,ADA,0.205405,,,coingecko
2026-08-21T02:52:44+00:00,LINK,10.91,,,coingecko
2026-08-21T02:52:44+00:00,AVAX,7.31,,,coingecko
2026-08-21T02:52:44+00:00,DOT,0.840279,,,coingecko
2026-08-21T02:52:44+00:00,MATIC,0.126156,,,coingecko
2026-08-21T02:52:44+00:00,LTC,48.11,,,coingecko
2026-08-21T02:53:09+00:00,BTC,74494.75,,,consenso
2026-08-21T02:53:09+00:00,ETH,2350.465,,,consenso
2026-08-21T02:53:09+00:00,SOL,89.3,,,consenso
2026-08-21T02:53:09+00:00,XRP,1.2948,,,consenso
2026-08-21T02:53:09+00:00,DOGE,0.08174,,,binance
2026-08-21T02:53:09+00:00,BNB,659.97,,,binance
2026-08-21T02:53:49+00:00,BTC,74461.0,,,coingecko
2026-08-21T02:53:49+00:00,ETH,2347.74,,,coingecko
2026-08-21T02:53:49+00:00,SOL,89.35,,,coingecko
2026-08-21T02:53:49+00:00,XRP,1.29,,,coingecko
2026-08-21T02:53:49+00:00,DOGE,0.081714,,,coingecko
2026-08-21T02:53:49+00:00,BNB,659.68,,,coingecko
2026-08-21T02:53:49+00:00,ADA,0.206132,,,coingecko
2026-08-21T02:53:49+00:00,LINK,10.91,,,coingecko
2026-08-21T02:53:49+00:00,AVAX,7.31,,,coingecko
2026-08-21T02:53:49+00:00,DOT,0.840766,,,coingecko
2026-08-21T02:53:49+00:00,MATIC,0.126156,,,coingecko
2026-08-21T02:53:49+00:00,LTC,48.14,,,coingecko
2026-08-21T02:54:07+00:00,BTC,74380.105,,,consenso
2026-08-21T02:54:07+00:00,ETH,2345.845,,,consenso
2026-08-21T02:54:07+00:00,SOL,89.2,,,consenso
2026-08-21T02:54:07+00:00,XRP,1.2931,,,consenso
2026-08-21T02:54:07+00:00,DOGE,0.08161,,,binance
2026-08-21T02:54:07+00:00,BNB,659.43,,,binance
2026-08-21T02:54:54+00:00,BTC,74436.0,,,coingecko
2026-08-21T02:54:54+00:00,ETH,2346.89,,,coingecko
2026-08-21T02:54:54+00:00,SOL,89.28,,,coingecko
2026-08-21T02:54:54+00:00,XRP,1.29,,,coingecko
2026-08-21T02:54:54+00:00,DOGE,0.081703,,,coingecko
2026-08-21T02:54:54+00:00,BNB,659.49,,,coingecko
2026-08-21T02:54:54+00:00,ADA,0.205943,,,coingecko
2026-08-21T02:54:54+00:00,LINK,10.91,,,coingecko
2026-08-21T02:54:54+00:00,AVAX,7.3,,,coingecko
2026-08-21T02:54:54+00:00,DOT,0.84079,,,coingecko
2026-08-21T02:54:54+00:00,MATIC,0.126156,,,coingecko
2026-08-21T02:54:54+00:00,LTC,48.13,,,coingecko
2026-08-21T02:55:05+00:00,BTC,74380.105,,,consenso
2026-08-21T02:55:05+00:00,ETH,2345.845,,,consenso
2026-08-21T02:55:05+00:00,SOL,89.25,,,consenso
2026-08-21T02:55:05+00:00,XRP,1.2924,,,consenso
2026-08-21T02:55:05+00:00,DOGE,0.08161,,,binance
2026-08-21T02:55:05+00:00,BNB,659.2,,,binance
2026-08-21T02:55:54+00:00,BTC,74380.105,,,consenso
2026-08-21T02:55:54+00:00,ETH,2345.845,,,consenso
2026-08-21T02:55:54+00:00,SOL,89.16,,,consenso
2026-08-21T02:55:54+00:00,XRP,1.2913,,,consenso
2026-08-21T02:55:54+00:00,DOGE,0.08151,,,binance
2026-08-21T02:55:54+00:00,BNB,659.21,,,binance
2026-08-21T02:55:59+00:00,BTC,74417.0,,,coingecko
2026-08-21T02:55:59+00:00,ETH,2345.6,,,coingecko
2026-08-21T02:55:59+00:00,SOL,89.19,,,coingecko
2026-08-21T02:55:59+00:00,XRP,1.29,,,coingecko
2026-08-21T02:55:59+00:00,DOGE,0.081607,,,coingecko
2026-08-21T02:55:59+00:00,BNB,659.17,,,coingecko
2026-08-21T02:55:59+00:00,ADA,0.20565,,,coingecko
2026-08-21T02:55:59+00:00,LINK,10.89,,,coingecko
2026-08-21T02:55:59+00:00,AVAX,7.28,,,coingecko
2026-08-21T02:55:59+00:00,DOT,0.840807,,,coingecko
2026-08-21T02:55:59+00:00,MATIC,0.126156,,,coingecko
2026-08-21T02:55:59+00:00,LTC,48.1,,,coingecko
2026-08-21T02:56:45+00:00,BTC,74380.105,,,consenso
2026-08-21T02:56:45+00:00,ETH,2345.845,,,consenso
2026-08-21T02:56:45+00:00,SOL,89.2,,,consenso
2026-08-21T02:56:45+00:00,XRP,1.2924,,,consenso
2026-08-21T02:56:45+00:00,DOGE,0.08152,,,binance
2026-08-21T02:56:45+00:00,BNB,659.32,,,binance
2026-08-21T02:57:04+00:00,BTC,74406.0,,,coingecko
2026-08-21T02:57:04+00:00,ETH,2345.27,,,coingecko
2026-08-21T02:57:04+00:00,SOL,89.17,,,coingecko
2026-08-21T02:57:04+00:00,XRP,1.29,,,coingecko
2026-08-21T02:57:04+00:00,DOGE,0.081563,,,coingecko
2026-08-21T02:57:04+00:00,BNB,658.97,,,coingecko
2026-08-21T02:57:04+00:00,ADA,0.205538,,,coingecko
2026-08-21T02:57:04+00:00,LINK,10.87,,,coingecko
2026-08-21T02:57:04+00:00,AVAX,7.28,,,coingecko
2026-08-21T02:57:04+00:00,DOT,0.84091,,,coingecko
2026-08-21T02:57:04+00:00,MATIC,0.126156,,,coingecko
2026-08-21T02:57:04+00:00,LTC,48.1,,,coingecko
2026-08-21T02:57:25+00:00,BTC,74380.105,,,consenso
2026-08-21T02:57:25+00:00,ETH,2345.845,,,consenso
2026-08-21T02:57:25+00:00,SOL,89.33,,,consenso
2026-08-21T02:57:25+00:00,XRP,1.2931,,,consenso
2026-08-21T02:57:25+00:00,DOGE,0.08153,,,binance
2026-08-21T02:57:25+00:00,BNB,659.46,,,binance
2026-08-21T02:58:08+00:00,BTC,74380.105,,,consenso
2026-08-21T02:58:08+00:00,ETH,2345.845,,,consenso
2026-08-21T02:58:08+00:00,SOL,89.25,,,consenso
2026-08-21T02:58:08+00:00,XRP,1.2926,,,consenso
2026-08-21T02:58:08+00:00,DOGE,0.08149,,,binance
2026-08-21T02:58:08+00:00,BNB,659.4,,,binance
2026-08-21T02:59:14+00:00,BTC,74374.555,,,consenso
2026-08-21T02:59:14+00:00,ETH,2344.305,,,consenso
2026-08-21T02:59:14+00:00,SOL,89.245,,,consenso
2026-08-21T02:59:14+00:00,XRP,1.28976,,,consenso
2026-08-21T02:59:14+00:00,DOGE,0.08147,,,binance
2026-08-21T02:59:14+00:00,BNB,658.9,,,binance
2026-08-21T03:00:06+00:00,BTC,74387.0,,,coingecko
2026-08-21T03:00:06+00:00,ETH,2344.84,,,coingecko
2026-08-21T03:00:06+00:00,SOL,89.24,,,coingecko
2026-08-21T03:00:06+00:00,XRP,1.29,,,coingecko
2026-08-21T03:00:06+00:00,DOGE,0.081471,,,coingecko
2026-08-21T03:00:06+00:00,BNB,658.8,,,coingecko
2026-08-21T03:00:06+00:00,ADA,0.205273,,,coingecko
2026-08-21T03:00:06+00:00,LINK,10.88,,,coingecko
2026-08-21T03:00:06+00:00,AVAX,7.27,,,coingecko
2026-08-21T03:00:06+00:00,DOT,0.840955,,,coingecko
2026-08-21T03:00:06+00:00,MATIC,0.126156,,,coingecko
2026-08-21T03:00:06+00:00,LTC,48.09,,,coingecko
2026-08-21T03:00:05+00:00,BTC,74374.555,,,consenso
2026-08-21T03:00:05+00:00,ETH,2344.305,,,consenso
2026-08-21T03:00:05+00:00,SOL,89.29,,,consenso
2026-08-21T03:00:05+00:00,XRP,1.2901,,,consenso
2026-08-21T03:00:05+00:00,DOGE,0.08147,,,binance
2026-08-21T03:00:05+00:00,BNB,659.29,,,binance
2026-08-21T03:01:13+00:00,BTC,74373.0,,,coingecko
2026-08-21T03:01:13+00:00,ETH,2344.5,,,coingecko
2026-08-21T03:01:13+00:00,SOL,89.22,,,coingecko
2026-08-21T03:01:13+00:00,XRP,1.29,,,coingecko
2026-08-21T03:01:13+00:00,DOGE,0.081444,,,coingecko
2026-08-21T03:01:13+00:00,BNB,658.62,,,coingecko
2026-08-21T03:01:13+00:00,ADA,0.20511,,,coingecko
2026-08-21T03:01:13+00:00,LINK,10.88,,,coingecko
2026-08-21T03:01:13+00:00,AVAX,7.28,,,coingecko
2026-08-21T03:01:13+00:00,DOT,0.841008,,,coingecko
2026-08-21T03:01:13+00:00,MATIC,0.126156,,,coingecko
2026-08-21T03:01:13+00:00,LTC,48.07,,,coingecko
2026-08-21T03:01:56+00:00,BTC,74374.555,,,consenso
2026-08-21T03:01:56+00:00,ETH,2344.305,,,consenso
2026-08-21T03:01:56+00:00,SOL,89.23,,,consenso
2026-08-21T03:01:56+00:00,XRP,1.2922,,,consenso
2026-08-21T03:01:56+00:00,DOGE,0.08151,,,binance
2026-08-21T03:01:56+00:00,BNB,659.17,,,binance
2026-08-21T03:02:23+00:00,BTC,74396.0,,,coingecko
2026-08-21T03:02:23+00:00,ETH,2343.75,,,coingecko
2026-08-21T03:02:23+00:00,SOL,89.18,,,coingecko
2026-08-21T03:02:23+00:00,XRP,1.29,,,coingecko
2026-08-21T03:02:23+00:00,DOGE,0.081439,,,coingecko
2026-08-21T03:02:23+00:00,BNB,658.86,,,coingecko
2026-08-21T03:02:23+00:00,ADA,0.204989,,,coingecko
2026-08-21T03:02:23+00:00,LINK,10.87,,,coingecko
2026-08-21T03:02:23+00:00,AVAX,7.27,,,coingecko
2026-08-21T03:02:23+00:00,DOT,0.840928,,,coingecko
2026-08-21T03:02:23+00:00,MATIC,0.126156,,,coingecko
2026-08-21T03:02:23+00:00,LTC,48.07,,,coingecko
2026-08-21T03:03:30+00:00,BTC,74395.0,,,coingecko
2026-08-21T03:03:30+00:00,ETH,2343.56,,,coingecko
2026-08-21T03:03:30+00:00,SOL,89.19,,,coingecko
2026-08-21T03:03:30+00:00,XRP,1.29,,,coingecko
2026-08-21T03:03:30+00:00,DOGE,0.081474,,,coingecko
2026-08-21T03:03:30+00:00,BNB,658.84,,,coingecko
2026-08-21T03:03:30+00:00,ADA,0.204989,,,coingecko
2026-08-21T03:03:30+00:00,LINK,10.9,,,coingecko
2026-08-21T03:03:30+00:00,AVAX,7.27,,,coingecko
2026-08-21T03:03:30+00:00,DOT,0.8414,,,coingecko
2026-08-21T03:03:30+00:00,MATIC,0.126156,,,coingecko
2026-08-21T03:03:30+00:00,LTC,48.09,,,coingecko
2026-08-21T03:03:33+00:00,BTC,74374.555,,,consenso
2026-08-21T03:03:33+00:00,ETH,2344.305,,,consenso
2026-08-21T03:03:33+00:00,SOL,89.28,,,consenso
2026-08-21T03:03:33+00:00,XRP,1.2906,,,consenso
2026-08-21T03:03:33+00:00,DOGE,0.08154,,,binance
2026-08-21T03:03:33+00:00,BNB,659.33,,,binance
2026-08-21T03:04:38+00:00,BTC,74398.0,,,coingecko
2026-08-21T03:04:38+00:00,ETH,2344.82,,,coingecko
2026-08-21T03:04:38+00:00,SOL,89.2,,,coingecko
2026-08-21T03:04:38+00:00,XRP,1.29,,,coingecko
2026-08-21T03:04:38+00:00,DOGE,0.081472,,,coingecko
2026-08-21T03:04:38+00:00,BNB,658.8,,,coingecko
2026-08-21T03:04:38+00:00,ADA,0.205268,,,coingecko
2026-08-21T03:04:38+00:00,LINK,10.91,,,coingecko
2026-08-21T03:04:38+00:00,AVAX,7.27,,,coingecko
2026-08-21T03:04:38+00:00,DOT,0.841327,,,coingecko
2026-08-21T03:04:38+00:00,MATIC,0.126156,,,coingecko
2026-08-21T03:04:38+00:00,LTC,48.11,,,coingecko
2026-08-21T03:04:55+00:00,BTC,74344.975,,,consenso
2026-08-21T03:04:55+00:00,ETH,2341.11,,,consenso
2026-08-21T03:04:55+00:00,SOL,89.15,,,consenso
2026-08-21T03:04:55+00:00,XRP,1.2877,,,consenso
2026-08-21T03:04:55+00:00,DOGE,0.08142,,,binance
2026-08-21T03:04:55+00:00,BNB,658.86,,,binance
2026-08-21T03:05:46+00:00,BTC,74356.0,,,coingecko
2026-08-21T03:05:46+00:00,ETH,2341.44,,,coingecko
2026-08-21T03:05:46+00:00,SOL,89.11,,,coingecko
2026-08-21T03:05:46+00:00,XRP,1.29,,,coingecko
2026-08-21T03:05:46+00:00,DOGE,0.081373,,,coingecko
2026-08-21T03:05:46+00:00,BNB,658.46,,,coingecko
2026-08-21T03:05:46+00:00,ADA,0.205072,,,coingecko
2026-08-21T03:05:46+00:00,LINK,10.9,,,coingecko
2026-08-21T03:05:46+00:00,AVAX,7.26,,,coingecko
2026-08-21T03:05:46+00:00,DOT,0.840546,,,coingecko
2026-08-21T03:05:46+00:00,MATIC,0.126156,,,coingecko
2026-08-21T03:05:46+00:00,LTC,48.08,,,coingecko
2026-08-21T03:05:44+00:00,BTC,74344.975,,,consenso
2026-08-21T03:05:44+00:00,ETH,2341.11,,,consenso
2026-08-21T03:05:44+00:00,SOL,89.1,,,consenso
2026-08-21T03:05:44+00:00,XRP,1.287,,,consenso
2026-08-21T03:05:44+00:00,DOGE,0.08133,,,binance
2026-08-21T03:05:44+00:00,BNB,658.65,,,binance
2026-08-21T03:06:41+00:00,BTC,74344.975,,,consenso
2026-08-21T03:06:41+00:00,ETH,2341.11,,,consenso
2026-08-21T03:06:41+00:00,SOL,88.78,,,consenso
2026-08-21T03:06:41+00:00,XRP,1.2864,,,consenso
2026-08-21T03:06:41+00:00,DOGE,0.08127,,,binance
2026-08-21T03:06:41+00:00,BNB,657.44,,,binance
2026-08-21T03:06:50+00:00,BTC,74337.0,,,coingecko
2026-08-21T03:06:50+00:00,ETH,2341.23,,,coingecko
2026-08-21T03:06:50+00:00,SOL,89.09,,,coingecko
2026-08-21T03:06:50+00:00,XRP,1.29,,,coingecko
2026-08-21T03:06:50+00:00,DOGE,0.081366,,,coingecko
2026-08-21T03:06:50+00:00,BNB,658.43,,,coingecko
2026-08-21T03:06:50+00:00,ADA,0.205023,,,coingecko
2026-08-21T03:06:50+00:00,LINK,10.9,,,coingecko
2026-08-21T03:06:50+00:00,AVAX,7.26,,,coingecko
2026-08-21T03:06:50+00:00,DOT,0.839943,,,coingecko
2026-08-21T03:06:50+00:00,MATIC,0.126156,,,coingecko
2026-08-21T03:06:50+00:00,LTC,48.08,,,coingecko
2026-08-21T03:07:38+00:00,BTC,74344.975,,,consenso
2026-08-21T03:07:38+00:00,ETH,2341.11,,,consenso
2026-08-21T03:07:38+00:00,SOL,88.96,,,consenso
2026-08-21T03:07:38+00:00,XRP,1.2908,,,consenso
2026-08-21T03:07:38+00:00,DOGE,0.08149,,,binance
2026-08-21T03:07:38+00:00,BNB,657.99,,,binance
2026-08-21T03:07:58+00:00,BTC,74266.0,,,coingecko
2026-08-21T03:07:58+00:00,ETH,2338.31,,,coingecko
2026-08-21T03:07:58+00:00,SOL,88.84,,,coingecko
2026-08-21T03:07:58+00:00,XRP,1.29,,,coingecko
2026-08-21T03:07:58+00:00,DOGE,0.081285,,,coingecko
2026-08-21T03:07:58+00:00,BNB,657.7,,,coingecko
2026-08-21T03:07:58+00:00,ADA,0.204639,,,coingecko
2026-08-21T03:07:58+00:00,LINK,10.88,,,coingecko
2026-08-21T03:07:58+00:00,AVAX,7.24,,,coingecko
2026-08-21T03:07:58+00:00,DOT,0.838665,,,coingecko
2026-08-21T03:07:58+00:00,MATIC,0.126156,,,coingecko
2026-08-21T03:07:58+00:00,LTC,48.03,,,coingecko
2026-08-21T03:09:04+00:00,BTC,74300.0,,,coingecko
2026-08-21T03:09:04+00:00,ETH,2338.26,,,coingecko
2026-08-21T03:09:04+00:00,SOL,88.89,,,coingecko
2026-08-21T03:09:04+00:00,XRP,1.29,,,coingecko
2026-08-21T03:09:04+00:00,DOGE,0.081403,,,coingecko
2026-08-21T03:09:04+00:00,BNB,657.55,,,coingecko
2026-08-21T03:09:04+00:00,ADA,0.204924,,,coingecko
2026-08-21T03:09:04+00:00,LINK,10.89,,,coingecko
2026-08-21T03:09:04+00:00,AVAX,7.24,,,coingecko
2026-08-21T03:09:04+00:00,DOT,0.839118,,,coingecko
2026-08-21T03:09:04+00:00,MATIC,0.126156,,,coingecko
2026-08-21T03:09:04+00:00,LTC,47.99,,,coingecko
2026-08-21T03:10:11+00:00,BTC,74309.285,,,consenso
2026-08-21T03:10:11+00:00,ETH,2339.09,,,consenso
2026-08-21T03:10:11+00:00,SOL,89.025,,,consenso
2026-08-21T03:10:11+00:00,XRP,1.2936,,,consenso
2026-08-21T03:10:11+00:00,DOGE,0.0814,,,binance
2026-08-21T03:10:11+00:00,BNB,657.62,,,binance
2026-08-21T03:11:07+00:00,BTC,74294.0,,,coingecko
2026-08-21T03:11:07+00:00,ETH,2338.9,,,coingecko
2026-08-21T03:11:07+00:00,SOL,88.97,,,coingecko
2026-08-21T03:11:07+00:00,XRP,1.29,,,coingecko
2026-08-21T03:11:07+00:00,DOGE,0.081372,,,coingecko
2026-08-21T03:11:07+00:00,BNB,657.32,,,coingecko
2026-08-21T03:11:07+00:00,ADA,0.204978,,,coingecko
2026-08-21T03:11:07+00:00,LINK,10.91,,,coingecko
2026-08-21T03:11:07+00:00,AVAX,7.24,,,coingecko
2026-08-21T03:11:07+00:00,DOT,0.839987,,,coingecko
2026-08-21T03:11:07+00:00,MATIC,0.126156,,,coingecko
2026-08-21T03:11:07+00:00,LTC,47.99,,,coingecko
2026-08-21T03:11:25+00:00,BTC,74309.285,,,consenso
2026-08-21T03:11:25+00:00,ETH,2339.09,,,consenso
2026-08-21T03:11:25+00:00,SOL,89.22,,,consenso
2026-08-21T03:11:25+00:00,XRP,1.3005,,,consenso
2026-08-21T03:11:25+00:00,DOGE,0.0817,,,binance
2026-08-21T03:11:25+00:00,BNB,659.04,,,binance
2026-08-21T03:12:13+00:00,BTC,74339.0,,,coingecko
2026-08-21T03:12:13+00:00,ETH,2340.8,,,coingecko
2026-08-21T03:12:13+00:00,SOL,89.01,,,coingecko
2026-08-21T03:12:13+00:00,XRP,1.3,,,coingecko
2026-08-21T03:12:13+00:00,DOGE,0.081461,,,coingecko
2026-08-21T03:12:13+00:00,BNB,657.72,,,coingecko
2026-08-21T03:12:13+00:00,ADA,0.205204,,,coingecko
2026-08-21T03:12:13+00:00,LINK,10.92,,,coingecko
2026-08-21T03:12:13+00:00,AVAX,7.24,,,coingecko
2026-08-21T03:12:13+00:00,DOT,0.840963,,,coingecko
2026-08-21T03:12:13+00:00,MATIC,0.126156,,,coingecko
2026-08-21T03:12:13+00:00,LTC,48.0,,,coingecko
2026-08-21T03:12:24+00:00,BTC,74309.285,,,consenso
2026-08-21T03:12:24+00:00,ETH,2339.09,,,consenso
2026-08-21T03:12:24+00:00,SOL,89.32,,,consenso
2026-08-21T03:12:24+00:00,XRP,1.2994,,,consenso
2026-08-21T03:12:24+00:00,DOGE,0.08169,,,binance
2026-08-21T03:12:24+00:00,BNB,659.68,,,binance
2026-08-21T03:13:17+00:00,BTC,74407.0,,,coingecko
2026-08-21T03:13:17+00:00,ETH,2343.83,,,coingecko
2026-08-21T03:13:17+00:00,SOL,89.15,,,coingecko
2026-08-21T03:13:17+00:00,XRP,1.3,,,coingecko
2026-08-21T03:13:17+00:00,DOGE,0.081609,,,coingecko
2026-08-21T03:13:17+00:00,BNB,658.65,,,coingecko
2026-08-21T03:13:17+00:00,ADA,0.205573,,,coingecko
2026-08-21T03:13:17+00:00,LINK,10.94,,,coingecko
2026-08-21T03:13:17+00:00,AVAX,7.25,,,coingecko
2026-08-21T03:13:17+00:00,DOT,0.842093,,,coingecko
2026-08-21T03:13:17+00:00,MATIC,0.126156,,,coingecko
2026-08-21T03:13:17+00:00,LTC,48.05,,,coingecko
2026-08-21T03:13:17+00:00,BTC,74309.285,,,consenso
2026-08-21T03:13:17+00:00,ETH,2339.09,,,consenso
2026-08-21T03:13:17+00:00,SOL,89.34,,,consenso
2026-08-21T03:13:17+00:00,XRP,1.3016,,,consenso
2026-08-21T03:13:17+00:00,DOGE,0.08179,,,binance
2026-08-21T03:13:17+00:00,BNB,660.0,,,binance
2026-08-21T03:14:06+00:00,BTC,74309.285,,,consenso
2026-08-21T03:14:06+00:00,ETH,2339.09,,,consenso
2026-08-21T03:14:06+00:00,SOL,89.28,,,consenso
2026-08-21T03:14:06+00:00,XRP,1.2969,,,consenso
2026-08-21T03:14:06+00:00,DOGE,0.08175,,,binance
2026-08-21T03:14:06+00:00,BNB,659.49,,,binance
2026-08-21T03:14:23+00:00,BTC,74420.0,,,coingecko
2026-08-21T03:14:23+00:00,ETH,2344.87,,,coingecko
2026-08-21T03:14:23+00:00,SOL,89.24,,,coingecko
2026-08-21T03:14:23+00:00,XRP,1.3,,,coingecko
2026-08-21T03:14:23+00:00,DOGE,0.081655,,,coingecko
2026-08-21T03:14:23+00:00,BNB,659.22,,,coingecko
2026-08-21T03:14:23+00:00,ADA,0.205862,,,coingecko
2026-08-21T03:14:23+00:00,LINK,10.95,,,coingecko
2026-08-21T03:14:23+00:00,AVAX,7.25,,,coingecko
2026-08-21T03:14:23+00:00,DOT,0.842598,,,coingecko
2026-08-21T03:14:23+00:00,MATIC,0.126156,,,coingecko
2026-08-21T03:14:23+00:00,LTC,48.09,,,coingecko
2026-08-21T03:15:06+00:00,BTC,74309.285,,,consenso
2026-08-21T03:15:06+00:00,ETH,2339.09,,,consenso
2026-08-21T03:15:06+00:00,SOL,89.14,,,consenso
2026-08-21T03:15:06+00:00,XRP,1.2933,,,consenso
2026-08-21T03:15:06+00:00,DOGE,0.08159,,,binance
2026-08-21T03:15:06+00:00,BNB,659.09,,,binance
2026-08-21T03:15:28+00:00,BTC,74417.0,,,coingecko
2026-08-21T03:15:28+00:00,ETH,2344.75,,,coingecko
2026-08-21T03:15:28+00:00,SOL,89.21,,,coingecko
2026-08-21T03:15:28+00:00,XRP,1.3,,,coingecko
2026-08-21T03:15:28+00:00,DOGE,0.081676,,,coingecko
2026-08-21T03:15:28+00:00,BNB,658.91,,,coingecko
2026-08-21T03:15:28+00:00,ADA,0.205671,,,coingecko
2026-08-21T03:15:28+00:00,LINK,10.94,,,coingecko
2026-08-21T03:15:28+00:00,AVAX,7.26,,,coingecko
2026-08-21T03:15:28+00:00,DOT,0.842952,,,coingecko
2026-08-21T03:15:28+00:00,MATIC,0.126156,,,coingecko
2026-08-21T03:15:28+00:00,LTC,48.07,,,coingecko
2026-08-21T03:16:08+00:00,BTC,74363.275,,,consenso
2026-08-21T03:16:08+00:00,ETH,2341.74,,,consenso
2026-08-21T03:16:08+00:00,SOL,88.97,,,consenso
2026-08-21T03:16:08+00:00,XRP,1.2917,,,consenso
2026-08-21T03:16:08+00:00,DOGE,0.08141,,,binance
2026-08-21T03:16:08+00:00,BNB,658.41,,,binance
2026-08-21T03:16:35+00:00,BTC,74417.0,,,coingecko
2026-08-21T03:16:35+00:00,ETH,2344.81,,,coingecko
2026-08-21T03:16:35+00:00,SOL,89.05,,,coingecko
2026-08-21T03:16:35+00:00,XRP,1.29,,,coingecko
2026-08-21T03:16:35+00:00,DOGE,0.081612,,,coingecko
2026-08-21T03:16:35+00:00,BNB,658.84,,,coingecko
2026-08-21T03:16:35+00:00,ADA,0.205254,,,coingecko
2026-08-21T03:16:35+00:00,LINK,10.94,,,coingecko
2026-08-21T03:16:35+00:00,AVAX,7.25,,,coingecko
2026-08-21T03:16:35+00:00,DOT,0.843119,,,coingecko
2026-08-21T03:16:35+00:00,MATIC,0.126156,,,coingecko
2026-08-21T03:16:35+00:00,LTC,48.05,,,coingecko
2026-08-21T03:17:10+00:00,BTC,74363.275,,,consenso
2026-08-21T03:17:10+00:00,ETH,2341.74,,,consenso
2026-08-21T03:17:10+00:00,SOL,89.11,,,consenso
2026-08-21T03:17:10+00:00,XRP,1.2952,,,consenso
2026-08-21T03:17:10+00:00,DOGE,0.08158,,,binance
2026-08-21T03:17:10+00:00,BNB,659.0,,,binance
2026-08-21T03:17:42+00:00,BTC,74349.0,,,coingecko
2026-08-21T03:17:42+00:00,ETH,2341.81,,,coingecko
2026-08-21T03:17:42+00:00,SOL,88.95,,,coingecko
2026-08-21T03:17:42+00:00,XRP,1.29,,,coingecko
2026-08-21T03:17:42+00:00,DOGE,0.081432,,,coingecko
2026-08-21T03:17:42+00:00,BNB,658.2,,,coingecko
2026-08-21T03:17:42+00:00,ADA,0.205044,,,coingecko
2026-08-21T03:17:42+00:00,LINK,10.95,,,coingecko
2026-08-21T03:17:42+00:00,AVAX,7.24,,,coingecko
2026-08-21T03:17:42+00:00,DOT,0.842534,,,coingecko
2026-08-21T03:17:42+00:00,MATIC,0.126156,,,coingecko
2026-08-21T03:17:42+00:00,LTC,48.02,,,coingecko
2026-08-21T03:18:01+00:00,BTC,74363.275,,,consenso
2026-08-21T03:18:01+00:00,ETH,2341.74,,,consenso
2026-08-21T03:18:01+00:00,SOL,89.14,,,consenso
2026-08-21T03:18:01+00:00,XRP,1.2947,,,consenso
2026-08-21T03:18:01+00:00,DOGE,0.08161,,,binance
2026-08-21T03:18:01+00:00,BNB,659.16,,,binance
2026-08-21T03:18:47+00:00,BTC,74422.0,,,coingecko
2026-08-21T03:18:47+00:00,ETH,2343.95,,,coingecko
2026-08-21T03:18:47+00:00,SOL,89.05,,,coingecko
2026-08-21T03:18:47+00:00,XRP,1.29,,,coingecko
2026-08-21T03:18:47+00:00,DOGE,0.081537,,,coingecko
2026-08-21T03:18:47+00:00,BNB,658.59,,,coingecko
2026-08-21T03:18:47+00:00,ADA,0.205311,,,coingecko
2026-08-21T03:18:47+00:00,LINK,10.96,,,coingecko
2026-08-21T03:18:47+00:00,AVAX,7.25,,,coingecko
2026-08-21T03:18:47+00:00,DOT,0.842598,,,coingecko
2026-08-21T03:18:47+00:00,MATIC,0.126156,,,coingecko
2026-08-21T03:18:47+00:00,LTC,48.05,,,coingecko
2026-08-21T03:19:19+00:00,BTC,74363.275,,,consenso
2026-08-21T03:19:19+00:00,ETH,2341.74,,,consenso
2026-08-21T03:19:19+00:00,SOL,89.1,,,consenso
2026-08-21T03:19:19+00:00,XRP,1.2953,,,consenso
2026-08-21T03:19:19+00:00,DOGE,0.08165,,,binance
2026-08-21T03:19:19+00:00,BNB,659.19,,,binance
2026-08-21T03:19:52+00:00,BTC,74429.0,,,coingecko
2026-08-21T03:19:52+00:00,ETH,2344.3,,,coingecko
2026-08-21T03:19:52+00:00,SOL,89.04,,,coingecko
2026-08-21T03:19:52+00:00,XRP,1.29,,,coingecko
2026-08-21T03:19:52+00:00,DOGE,0.081553,,,coingecko
2026-08-21T03:19:52+00:00,BNB,658.66,,,coingecko
2026-08-21T03:19:52+00:00,ADA,0.205252,,,coingecko
2026-08-21T03:19:52+00:00,LINK,10.96,,,coingecko
2026-08-21T03:19:52+00:00,AVAX,7.25,,,coingecko
2026-08-21T03:19:52+00:00,DOT,0.842225,,,coingecko
2026-08-21T03:19:52+00:00,MATIC,0.126156,,,coingecko
2026-08-21T03:19:52+00:00,LTC,48.05,,,coingecko
2026-08-21T03:20:10+00:00,BTC,74363.275,,,consenso
2026-08-21T03:20:10+00:00,ETH,2341.74,,,consenso
2026-08-21T03:20:10+00:00,SOL,89.08,,,consenso
2026-08-21T03:20:10+00:00,XRP,1.2938,,,consenso
2026-08-21T03:20:10+00:00,DOGE,0.08161,,,binance
2026-08-21T03:20:10+00:00,BNB,659.13,,,binance
2026-08-21T03:20:56+00:00,BTC,74417.0,,,coingecko
2026-08-21T03:20:56+00:00,ETH,2343.78,,,coingecko
2026-08-21T03:20:56+00:00,SOL,89.04,,,coingecko
2026-08-21T03:20:56+00:00,XRP,1.29,,,coingecko
2026-08-21T03:20:56+00:00,DOGE,0.0816,,,coingecko
2026-08-21T03:20:56+00:00,BNB,658.7,,,coingecko
2026-08-21T03:20:56+00:00,ADA,0.205293,,,coingecko
2026-08-21T03:20:56+00:00,LINK,10.97,,,coingecko
2026-08-21T03:20:56+00:00,AVAX,7.24,,,coingecko
2026-08-21T03:20:56+00:00,DOT,0.841939,,,coingecko
2026-08-21T03:20:56+00:00,MATIC,0.126156,,,coingecko
2026-08-21T03:20:56+00:00,LTC,48.08,,,coingecko
2026-08-21T03:21:13+00:00,BTC,74485.505,,,consenso
2026-08-21T03:21:13+00:00,ETH,2346.77,,,consenso
2026-08-21T03:21:13+00:00,SOL,89.12,,,consenso
2026-08-21T03:21:13+00:00,XRP,1.2932,,,consenso
2026-08-21T03:21:13+00:00,DOGE,0.08168,,,binance
2026-08-21T03:21:13+00:00,BNB,659.4,,,binance
2026-08-21T03:22:00+00:00,BTC,74485.505,,,consenso
2026-08-21T03:22:00+00:00,ETH,2346.77,,,consenso
2026-08-21T03:22:00+00:00,SOL,89.18,,,consenso
2026-08-21T03:22:00+00:00,XRP,1.2947,,,consenso
2026-08-21T03:22:00+00:00,DOGE,0.08171,,,binance
2026-08-21T03:22:00+00:00,BNB,659.36,,,binance
2026-08-21T03:22:48+00:00,BTC,74470.0,,,coingecko
2026-08-21T03:22:48+00:00,ETH,2345.57,,,coingecko
2026-08-21T03:22:48+00:00,SOL,89.07,,,coingecko
2026-08-21T03:22:48+00:00,XRP,1.29,,,coingecko
2026-08-21T03:22:48+00:00,DOGE,0.081649,,,coingecko
2026-08-21T03:22:48+00:00,BNB,658.9,,,coingecko
2026-08-21T03:22:48+00:00,ADA,0.20547,,,coingecko
2026-08-21T03:22:48+00:00,LINK,10.97,,,coingecko
2026-08-21T03:22:48+00:00,AVAX,7.25,,,coingecko
2026-08-21T03:22:48+00:00,DOT,0.841511,,,coingecko
2026-08-21T03:22:48+00:00,MATIC,0.126156,,,coingecko
2026-08-21T03:22:48+00:00,LTC,48.09,,,coingecko
2026-08-21T03:23:05+00:00,BTC,74485.505,,,consenso
2026-08-21T03:23:05+00:00,ETH,2346.77,,,consenso
2026-08-21T03:23:05+00:00,SOL,89.2,,,consenso
2026-08-21T03:23:05+00:00,XRP,1.2959,,,consenso
2026-08-21T03:23:05+00:00,DOGE,0.08163,,,binance
2026-08-21T03:23:05+00:00,BNB,659.22,,,binance
2026-08-21T03:23:55+00:00,BTC,74453.0,,,coingecko
2026-08-21T03:23:55+00:00,ETH,2345.4,,,coingecko
2026-08-21T03:23:55+00:00,SOL,89.07,,,coingecko
2026-08-21T03:23:55+00:00,XRP,1.29,,,coingecko
2026-08-21T03:23:55+00:00,DOGE,0.081561,,,coingecko
2026-08-21T03:23:55+00:00,BNB,658.69,,,coingecko
2026-08-21T03:23:55+00:00,ADA,0.204982,,,coingecko
2026-08-21T03:23:55+00:00,LINK,10.95,,,coingecko
2026-08-21T03:23:55+00:00,AVAX,7.25,,,coingecko
2026-08-21T03:23:55+00:00,DOT,0.840647,,,coingecko
2026-08-21T03:23:55+00:00,MATIC,0.126156,,,coingecko
2026-08-21T03:23:55+00:00,LTC,48.08,,,coingecko
2026-08-21T03:23:54+00:00,BTC,74485.505,,,consenso
2026-08-21T03:23:54+00:00,ETH,2346.77,,,consenso
2026-08-21T03:23:54+00:00,SOL,89.28,,,consenso
2026-08-21T03:23:54+00:00,XRP,1.2985,,,consenso
2026-08-21T03:23:54+00:00,DOGE,0.08181,,,binance
2026-08-21T03:23:54+00:00,BNB,659.6,,,binance
2026-08-21T03:24:37+00:00,BTC,74485.505,,,consenso
2026-08-21T03:24:37+00:00,ETH,2346.77,,,consenso
2026-08-21T03:24:37+00:00,SOL,89.33,,,consenso
2026-08-21T03:24:37+00:00,XRP,1.2981,,,consenso
2026-08-21T03:24:37+00:00,DOGE,0.08182,,,binance
2026-08-21T03:24:37+00:00,BNB,659.51,,,binance
2026-08-21T03:24:59+00:00,BTC,74505.0,,,coingecko
2026-08-21T03:24:59+00:00,ETH,2346.62,,,coingecko
2026-08-21T03:24:59+00:00,SOL,89.12,,,coingecko
2026-08-21T03:24:59+00:00,XRP,1.3,,,coingecko
2026-08-21T03:24:59+00:00,DOGE,0.081651,,,coingecko
2026-08-21T03:24:59+00:00,BNB,658.93,,,coingecko
2026-08-21T03:24:59+00:00,ADA,0.204957,,,coingecko
2026-08-21T03:24:59+00:00,LINK,10.94,,,coingecko
2026-08-21T03:24:59+00:00,AVAX,7.25,,,coingecko
2026-08-21T03:24:59+00:00,DOT,0.840918,,,coingecko
2026-08-21T03:24:59+00:00,MATIC,0.126156,,,coingecko
2026-08-21T03:24:59+00:00,LTC,48.1,,,coingecko
2026-08-21T03:25:24+00:00,BTC,74485.505,,,consenso
2026-08-21T03:25:24+00:00,ETH,2346.77,,,consenso
2026-08-21T03:25:24+00:00,SOL,89.36,,,consenso
2026-08-21T03:25:24+00:00,XRP,1.2985,,,consenso
2026-08-21T03:25:24+00:00,DOGE,0.0819,,,binance
2026-08-21T03:25:24+00:00,BNB,659.58,,,binance
2026-08-21T03:26:03+00:00,BTC,74526.0,,,coingecko
2026-08-21T03:26:03+00:00,ETH,2347.21,,,coingecko
2026-08-21T03:26:03+00:00,SOL,89.24,,,coingecko
2026-08-21T03:26:03+00:00,XRP,1.3,,,coingecko
2026-08-21T03:26:03+00:00,DOGE,0.081748,,,coingecko
2026-08-21T03:26:03+00:00,BNB,659.04,,,coingecko
2026-08-21T03:26:03+00:00,ADA,0.205326,,,coingecko
2026-08-21T03:26:03+00:00,LINK,10.96,,,coingecko
2026-08-21T03:26:03+00:00,AVAX,7.26,,,coingecko
2026-08-21T03:26:03+00:00,DOT,0.84157,,,coingecko
2026-08-21T03:26:03+00:00,MATIC,0.126156,,,coingecko
2026-08-21T03:26:03+00:00,LTC,48.14,,,coingecko
2026-08-21T03:26:11+00:00,BTC,74485.505,,,consenso
2026-08-21T03:26:11+00:00,ETH,2346.77,,,consenso
2026-08-21T03:26:11+00:00,SOL,89.27,,,consenso
2026-08-21T03:26:11+00:00,XRP,1.2982,,,consenso
2026-08-21T03:26:11+00:00,DOGE,0.08184,,,binance
2026-08-21T03:26:11+00:00,BNB,659.3,,,binance
2026-08-21T03:27:08+00:00,BTC,74503.0,,,coingecko
2026-08-21T03:27:08+00:00,ETH,2345.99,,,coingecko
2026-08-21T03:27:08+00:00,SOL,89.22,,,coingecko
2026-08-21T03:27:08+00:00,XRP,1.3,,,coingecko
2026-08-21T03:27:08+00:00,DOGE,0.081777,,,coingecko
2026-08-21T03:27:08+00:00,BNB,658.88,,,coingecko
2026-08-21T03:27:08+00:00,ADA,0.205146,,,coingecko
2026-08-21T03:27:08+00:00,LINK,10.96,,,coingecko
2026-08-21T03:27:08+00:00,AVAX,7.25,,,coingecko
2026-08-21T03:27:08+00:00,DOT,0.841768,,,coingecko
2026-08-21T03:27:08+00:00,MATIC,0.126156,,,coingecko
2026-08-21T03:27:08+00:00,LTC,48.15,,,coingecko
2026-08-21T03:27:08+00:00,BTC,74514.675,,,consenso
2026-08-21T03:27:08+00:00,ETH,2345.62,,,consenso
2026-08-21T03:27:08+00:00,SOL,89.3,,,consenso
2026-08-21T03:27:08+00:00,XRP,1.3035,,,consenso
2026-08-21T03:27:08+00:00,DOGE,0.08193,,,binance
2026-08-21T03:27:08+00:00,BNB,659.62,,,binance
2026-08-21T03:27:53+00:00,BTC,74514.675,,,consenso
2026-08-21T03:27:53+00:00,ETH,2345.62,,,consenso
2026-08-21T03:27:53+00:00,SOL,89.35,,,consenso
2026-08-21T03:27:53+00:00,XRP,1.3031,,,consenso
2026-08-21T03:27:53+00:00,DOGE,0.08197,,,binance
2026-08-21T03:27:53+00:00,BNB,659.88,,,binance
2026-08-21T03:28:12+00:00,BTC,74511.0,,,coingecko
2026-08-21T03:28:12+00:00,ETH,2346.48,,,coingecko
2026-08-21T03:28:12+00:00,SOL,89.24,,,coingecko
2026-08-21T03:28:12+00:00,XRP,1.3,,,coingecko
2026-08-21T03:28:12+00:00,DOGE,0.081844,,,coingecko
2026-08-21T03:28:12+00:00,BNB,659.03,,,coingecko
2026-08-21T03:28:12+00:00,ADA,0.205381,,,coingecko
2026-08-21T03:28:12+00:00,LINK,10.96,,,coingecko
2026-08-21T03:28:12+00:00,AVAX,7.25,,,coingecko
2026-08-21T03:28:12+00:00,DOT,0.841943,,,coingecko
2026-08-21T03:28:12+00:00,MATIC,0.126156,,,coingecko
2026-08-21T03:28:12+00:00,LTC,48.16,,,coingecko
2026-08-21T03:28:44+00:00,BTC,74514.675,,,consenso
2026-08-21T03:28:44+00:00,ETH,2345.62,,,consenso
2026-08-21T03:28:44+00:00,SOL,89.29,,,consenso
2026-08-21T03:28:44+00:00,XRP,1.3038,,,consenso
2026-08-21T03:28:44+00:00,DOGE,0.08192,,,binance
2026-08-21T03:28:44+00:00,BNB,660.16,,,binance
2026-08-21T03:29:19+00:00,BTC,74566.0,,,coingecko
2026-08-21T03:29:19+00:00,ETH,2347.61,,,coingecko
2026-08-21T03:29:19+00:00,SOL,89.31,,,coingecko
2026-08-21T03:29:19+00:00,XRP,1.3,,,coingecko
2026-08-21T03:29:19+00:00,DOGE,0.081909,,,coingecko
2026-08-21T03:29:19+00:00,BNB,659.48,,,coingecko
2026-08-21T03:29:19+00:00,ADA,0.205548,,,coingecko
2026-08-21T03:29:19+00:00,LINK,10.97,,,coingecko
2026-08-21T03:29:19+00:00,AVAX,7.26,,,coingecko
2026-08-21T03:29:19+00:00,DOT,0.84241,,,coingecko
2026-08-21T03:29:19+00:00,MATIC,0.126156,,,coingecko
2026-08-21T03:29:19+00:00,LTC,48.2,,,coingecko
2026-08-21T03:29:34+00:00,BTC,74514.675,,,consenso
2026-08-21T03:29:34+00:00,ETH,2345.62,,,consenso
2026-08-21T03:29:34+00:00,SOL,89.36,,,consenso
2026-08-21T03:29:34+00:00,XRP,1.3061,,,consenso
2026-08-21T03:29:34+00:00,DOGE,0.08197,,,binance
2026-08-21T03:29:34+00:00,BNB,660.33,,,binance
2026-08-21T03:30:25+00:00,BTC,74565.0,,,coingecko
2026-08-21T03:30:25+00:00,ETH,2348.34,,,coingecko
2026-08-21T03:30:25+00:00,SOL,89.27,,,coingecko
2026-08-21T03:30:25+00:00,XRP,1.3,,,coingecko
2026-08-21T03:30:25+00:00,DOGE,0.081882,,,coingecko
2026-08-21T03:30:25+00:00,BNB,659.68,,,coingecko
2026-08-21T03:30:25+00:00,ADA,0.205606,,,coingecko
2026-08-21T03:30:25+00:00,LINK,10.98,,,coingecko
2026-08-21T03:30:25+00:00,AVAX,7.27,,,coingecko
2026-08-21T03:30:25+00:00,DOT,0.842692,,,coingecko
2026-08-21T03:30:25+00:00,MATIC,0.126156,,,coingecko
2026-08-21T03:30:25+00:00,LTC,48.24,,,coingecko
2026-08-21T03:30:46+00:00,BTC,74514.675,,,consenso
2026-08-21T03:30:46+00:00,ETH,2345.62,,,consenso
2026-08-21T03:30:46+00:00,SOL,89.41,,,consenso
2026-08-21T03:30:46+00:00,XRP,1.3074,,,consenso
2026-08-21T03:30:46+00:00,DOGE,0.08202,,,binance
2026-08-21T03:30:46+00:00,BNB,660.65,,,binance
2026-08-21T03:31:34+00:00,BTC,74560.0,,,coingecko
2026-08-21T03:31:34+00:00,ETH,2347.83,,,coingecko
2026-08-21T03:31:34+00:00,SOL,89.31,,,coingecko
2026-08-21T03:31:34+00:00,XRP,1.31,,,coingecko
2026-08-21T03:31:34+00:00,DOGE,0.081893,,,coingecko
2026-08-21T03:31:34+00:00,BNB,659.91,,,coingecko
2026-08-21T03:31:34+00:00,ADA,0.205642,,,coingecko
2026-08-21T03:31:34+00:00,LINK,10.98,,,coingecko
2026-08-21T03:31:34+00:00,AVAX,7.26,,,coingecko
2026-08-21T03:31:34+00:00,DOT,0.842852,,,coingecko
2026-08-21T03:31:34+00:00,MATIC,0.126156,,,coingecko
2026-08-21T03:31:34+00:00,LTC,48.25,,,coingecko
2026-08-21T03:31:45+00:00,BTC,74594.245,,,consenso
2026-08-21T03:31:45+00:00,ETH,2350.55,,,consenso
2026-08-21T03:31:45+00:00,SOL,89.3,,,consenso
2026-08-21T03:31:45+00:00,XRP,1.307,,,consenso
2026-08-21T03:31:45+00:00,DOGE,0.08206,,,binance
2026-08-21T03:31:45+00:00,BNB,660.72,,,binance
2026-08-21T03:32:39+00:00,BTC,74584.0,,,coingecko
2026-08-21T03:32:39+00:00,ETH,2349.76,,,coingecko
2026-08-21T03:32:39+00:00,SOL,89.3,,,coingecko
2026-08-21T03:32:39+00:00,XRP,1.31,,,coingecko
2026-08-21T03:32:39+00:00,DOGE,0.081957,,,coingecko
2026-08-21T03:32:39+00:00,BNB,660.17,,,coingecko
2026-08-21T03:32:39+00:00,ADA,0.205937,,,coingecko
2026-08-21T03:32:39+00:00,LINK,10.97,,,coingecko
2026-08-21T03:32:39+00:00,AVAX,7.27,,,coingecko
2026-08-21T03:32:39+00:00,DOT,0.843385,,,coingecko
2026-08-21T03:32:39+00:00,MATIC,0.126156,,,coingecko
2026-08-21T03:32:39+00:00,LTC,48.26,,,coingecko
2026-08-21T03:32:42+00:00,BTC,74594.245,,,consenso
2026-08-21T03:32:42+00:00,ETH,2350.55,,,consenso
2026-08-21T03:32:42+00:00,SOL,89.47,,,consenso
2026-08-21T03:32:42+00:00,XRP,1.3067,,,consenso
2026-08-21T03:32:42+00:00,DOGE,0.08213,,,binance
2026-08-21T03:32:42+00:00,BNB,661.29,,,binance
2026-08-21T03:33:38+00:00,BTC,74594.245,,,consenso
2026-08-21T03:33:38+00:00,ETH,2350.55,,,consenso
2026-08-21T03:33:38+00:00,SOL,89.41,,,consenso
2026-08-21T03:33:38+00:00,XRP,1.3091,,,consenso
2026-08-21T03:33:38+00:00,DOGE,0.08219,,,binance
2026-08-21T03:33:38+00:00,BNB,661.45,,,binance
2026-08-21T03:34:38+00:00,BTC,74583.0,,,coingecko
2026-08-21T03:34:38+00:00,ETH,2351.73,,,coingecko
2026-08-21T03:34:38+00:00,SOL,89.36,,,coingecko
2026-08-21T03:34:38+00:00,XRP,1.31,,,coingecko
2026-08-21T03:34:38+00:00,DOGE,0.082053,,,coingecko
2026-08-21T03:34:38+00:00,BNB,660.72,,,coingecko
2026-08-21T03:34:38+00:00,ADA,0.206315,,,coingecko
2026-08-21T03:34:38+00:00,LINK,11.01,,,coingecko
2026-08-21T03:34:38+00:00,AVAX,7.28,,,coingecko
2026-08-21T03:34:38+00:00,DOT,0.844556,,,coingecko
2026-08-21T03:34:38+00:00,MATIC,0.126156,,,coingecko
2026-08-21T03:34:38+00:00,LTC,48.33,,,coingecko
2026-08-21T03:34:53+00:00,BTC,74594.245,,,consenso
2026-08-21T03:34:53+00:00,ETH,2350.55,,,consenso
2026-08-21T03:34:53+00:00,SOL,89.3,,,consenso
2026-08-21T03:34:53+00:00,XRP,1.3083,,,consenso
2026-08-21T03:34:53+00:00,DOGE,0.08215,,,binance
2026-08-21T03:34:53+00:00,BNB,661.26,,,binance
2026-08-21T03:35:45+00:00,BTC,74567.0,,,coingecko
2026-08-21T03:35:45+00:00,ETH,2351.09,,,coingecko
2026-08-21T03:35:45+00:00,SOL,89.34,,,coingecko
2026-08-21T03:35:45+00:00,XRP,1.31,,,coingecko
2026-08-21T03:35:45+00:00,DOGE,0.082137,,,coingecko
2026-08-21T03:35:45+00:00,BNB,660.87,,,coingecko
2026-08-21T03:35:45+00:00,ADA,0.206566,,,coingecko
2026-08-21T03:35:45+00:00,LINK,11.0,,,coingecko
2026-08-21T03:35:45+00:00,AVAX,7.28,,,coingecko
2026-08-21T03:35:45+00:00,DOT,0.84492,,,coingecko
2026-08-21T03:35:45+00:00,MATIC,0.126156,,,coingecko
2026-08-21T03:35:45+00:00,LTC,48.35,,,coingecko
2026-08-21T03:36:10+00:00,BTC,74594.245,,,consenso
2026-08-21T03:36:10+00:00,ETH,2350.55,,,consenso
2026-08-21T03:36:10+00:00,SOL,89.35,,,consenso
2026-08-21T03:36:10+00:00,XRP,1.3089,,,consenso
2026-08-21T03:36:10+00:00,DOGE,0.08228,,,binance
2026-08-21T03:36:10+00:00,BNB,661.22,,,binance
2026-08-21T03:36:50+00:00,BTC,74556.0,,,coingecko
2026-08-21T03:36:50+00:00,ETH,2350.68,,,coingecko
2026-08-21T03:36:50+00:00,SOL,89.32,,,coingecko
2026-08-21T03:36:50+00:00,XRP,1.31,,,coingecko
2026-08-21T03:36:50+00:00,DOGE,0.082185,,,coingecko
2026-08-21T03:36:50+00:00,BNB,660.87,,,coingecko
2026-08-21T03:36:50+00:00,ADA,0.206975,,,coingecko
2026-08-21T03:36:50+00:00,LINK,11.01,,,coingecko
2026-08-21T03:36:50+00:00,AVAX,7.28,,,coingecko
2026-08-21T03:36:50+00:00,DOT,0.845421,,,coingecko
2026-08-21T03:36:50+00:00,MATIC,0.126156,,,coingecko
2026-08-21T03:36:50+00:00,LTC,48.33,,,coingecko
2026-08-21T03:37:58+00:00,BTC,74527.0,,,coingecko
2026-08-21T03:37:58+00:00,ETH,2350.01,,,coingecko
2026-08-21T03:37:58+00:00,SOL,89.3,,,coingecko
2026-08-21T03:37:58+00:00,XRP,1.31,,,coingecko
2026-08-21T03:37:58+00:00,DOGE,0.082194,,,coingecko
2026-08-21T03:37:58+00:00,BNB,660.57,,,coingecko
2026-08-21T03:37:58+00:00,ADA,0.206794,,,coingecko
2026-08-21T03:37:58+00:00,LINK,11.0,,,coingecko
2026-08-21T03:37:58+00:00,AVAX,7.29,,,coingecko
2026-08-21T03:37:58+00:00,DOT,0.845424,,,coingecko
2026-08-21T03:37:58+00:00,MATIC,0.126156,,,coingecko
2026-08-21T03:37:58+00:00,LTC,48.32,,,coingecko
2026-08-21T03:38:15+00:00,BTC,74430.245,,,consenso
2026-08-21T03:38:15+00:00,ETH,2346.14,,,consenso
2026-08-21T03:38:15+00:00,SOL,89.15,,,consenso
2026-08-21T03:38:15+00:00,XRP,1.3084,,,consenso
2026-08-21T03:38:15+00:00,DOGE,0.08207,,,binance
2026-08-21T03:38:15+00:00,BNB,659.76,,,binance
2026-08-21T03:39:03+00:00,BTC,74451.0,,,coingecko
2026-08-21T03:39:03+00:00,ETH,2347.05,,,coingecko
2026-08-21T03:39:03+00:00,SOL,89.19,,,coingecko
2026-08-21T03:39:03+00:00,XRP,1.31,,,coingecko
2026-08-21T03:39:03+00:00,DOGE,0.08215,,,coingecko
2026-08-21T03:39:03+00:00,BNB,659.81,,,coingecko
2026-08-21T03:39:03+00:00,ADA,0.206169,,,coingecko
2026-08-21T03:39:03+00:00,LINK,10.98,,,coingecko
2026-08-21T03:39:03+00:00,AVAX,7.27,,,coingecko
2026-08-21T03:39:03+00:00,DOT,0.844827,,,coingecko
2026-08-21T03:39:03+00:00,MATIC,0.126156,,,coingecko
2026-08-21T03:39:03+00:00,LTC,48.29,,,coingecko
2026-08-21T03:39:27+00:00,BTC,74430.245,,,consenso
2026-08-21T03:39:27+00:00,ETH,2346.14,,,consenso
2026-08-21T03:39:27+00:00,SOL,89.22,,,consenso
2026-08-21T03:39:27+00:00,XRP,1.3123,,,consenso
2026-08-21T03:39:27+00:00,DOGE,0.08218,,,binance
2026-08-21T03:39:27+00:00,BNB,660.56,,,binance
2026-08-21T03:40:08+00:00,BTC,74484.0,,,coingecko
2026-08-21T03:40:08+00:00,ETH,2347.83,,,coingecko
2026-08-21T03:40:08+00:00,SOL,89.17,,,coingecko
2026-08-21T03:40:08+00:00,XRP,1.31,,,coingecko
2026-08-21T03:40:08+00:00,DOGE,0.082102,,,coingecko
2026-08-21T03:40:08+00:00,BNB,659.97,,,coingecko
2026-08-21T03:40:08+00:00,ADA,0.206155,,,coingecko
2026-08-21T03:40:08+00:00,LINK,10.95,,,coingecko
2026-08-21T03:40:08+00:00,AVAX,7.26,,,coingecko
2026-08-21T03:40:08+00:00,DOT,0.844666,,,coingecko
2026-08-21T03:40:08+00:00,MATIC,0.126156,,,coingecko
2026-08-21T03:40:08+00:00,LTC,48.27,,,coingecko
2026-08-21T03:40:31+00:00,BTC,74430.245,,,consenso
2026-08-21T03:40:31+00:00,ETH,2346.14,,,consenso
2026-08-21T03:40:31+00:00,SOL,89.25,,,consenso
2026-08-21T03:40:31+00:00,XRP,1.3143,,,consenso
2026-08-21T03:40:31+00:00,DOGE,0.08223,,,binance
2026-08-21T03:40:31+00:00,BNB,661.1,,,binance
2026-08-21T03:41:16+00:00,BTC,74480.0,,,coingecko
2026-08-21T03:41:16+00:00,ETH,2347.35,,,coingecko
2026-08-21T03:41:16+00:00,SOL,89.2,,,coingecko
2026-08-21T03:41:16+00:00,XRP,1.31,,,coingecko
2026-08-21T03:41:16+00:00,DOGE,0.082146,,,coingecko
2026-08-21T03:41:16+00:00,BNB,660.18,,,coingecko
2026-08-21T03:41:16+00:00,ADA,0.206124,,,coingecko
2026-08-21T03:41:16+00:00,LINK,10.94,,,coingecko
2026-08-21T03:41:16+00:00,AVAX,7.27,,,coingecko
2026-08-21T03:41:16+00:00,DOT,0.84485,,,coingecko
2026-08-21T03:41:16+00:00,MATIC,0.126156,,,coingecko
2026-08-21T03:41:16+00:00,LTC,48.3,,,coingecko
2026-08-21T03:42:00+00:00,BTC,74430.245,,,consenso
2026-08-21T03:42:00+00:00,ETH,2346.14,,,consenso
2026-08-21T03:42:00+00:00,SOL,89.31,,,consenso
2026-08-21T03:42:00+00:00,XRP,1.3124,,,consenso
2026-08-21T03:42:00+00:00,DOGE,0.08226,,,binance
2026-08-21T03:42:00+00:00,BNB,661.44,,,binance
2026-08-21T03:42:22+00:00,BTC,74508.0,,,coingecko
2026-08-21T03:42:22+00:00,ETH,2348.33,,,coingecko
2026-08-21T03:42:22+00:00,SOL,89.21,,,coingecko
2026-08-21T03:42:22+00:00,XRP,1.31,,,coingecko
2026-08-21T03:42:22+00:00,DOGE,0.082177,,,coingecko
2026-08-21T03:42:22+00:00,BNB,660.69,,,coingecko
2026-08-21T03:42:22+00:00,ADA,0.20719,,,coingecko
2026-08-21T03:42:22+00:00,LINK,10.95,,,coingecko
2026-08-21T03:42:22+00:00,AVAX,7.27,,,coingecko
2026-08-21T03:42:22+00:00,DOT,0.845627,,,coingecko
2026-08-21T03:42:22+00:00,MATIC,0.126156,,,coingecko
2026-08-21T03:42:22+00:00,LTC,48.32,,,coingecko
2026-08-21T03:42:52+00:00,BTC,74430.245,,,consenso
2026-08-21T03:42:52+00:00,ETH,2346.14,,,consenso
2026-08-21T03:42:52+00:00,SOL,89.33,,,consenso
2026-08-21T03:42:52+00:00,XRP,1.3133,,,consenso
2026-08-21T03:42:52+00:00,DOGE,0.08231,,,binance
2026-08-21T03:42:52+00:00,BNB,661.47,,,binance
2026-08-21T03:43:27+00:00,BTC,74551.0,,,coingecko
2026-08-21T03:43:27+00:00,ETH,2349.54,,,coingecko
2026-08-21T03:43:27+00:00,SOL,89.23,,,coingecko
2026-08-21T03:43:27+00:00,XRP,1.31,,,coingecko
2026-08-21T03:43:27+00:00,DOGE,0.082207,,,coingecko
2026-08-21T03:43:27+00:00,BNB,660.9,,,coingecko
2026-08-21T03:43:27+00:00,ADA,0.20706,,,coingecko
2026-08-21T03:43:27+00:00,LINK,10.95,,,coingecko
2026-08-21T03:43:27+00:00,AVAX,7.28,,,coingecko
2026-08-21T03:43:27+00:00,DOT,0.845591,,,coingecko
2026-08-21T03:43:27+00:00,MATIC,0.126156,,,coingecko
2026-08-21T03:43:27+00:00,LTC,48.32,,,coingecko
2026-08-21T03:43:52+00:00,BTC,74583.965,,,consenso
2026-08-21T03:43:52+00:00,ETH,2348.92,,,consenso
2026-08-21T03:43:52+00:00,SOL,89.2,,,consenso
2026-08-21T03:43:52+00:00,XRP,1.30916,,,consenso
2026-08-21T03:43:52+00:00,DOGE,0.08221,,,binance
2026-08-21T03:43:52+00:00,BNB,660.95,,,binance
2026-08-21T03:44:31+00:00,BTC,74575.0,,,coingecko
2026-08-21T03:44:31+00:00,ETH,2350.58,,,coingecko
2026-08-21T03:44:31+00:00,SOL,89.27,,,coingecko
2026-08-21T03:44:31+00:00,XRP,1.31,,,coingecko
2026-08-21T03:44:31+00:00,DOGE,0.082168,,,coingecko
2026-08-21T03:44:31+00:00,BNB,660.7,,,coingecko
2026-08-21T03:44:31+00:00,ADA,0.207905,,,coingecko
2026-08-21T03:44:31+00:00,LINK,10.94,,,coingecko
2026-08-21T03:44:31+00:00,AVAX,7.28,,,coingecko
2026-08-21T03:44:31+00:00,DOT,0.846351,,,coingecko
2026-08-21T03:44:31+00:00,MATIC,0.126156,,,coingecko
2026-08-21T03:44:31+00:00,LTC,48.31,,,coingecko
2026-08-21T03:44:35+00:00,BTC,74583.965,,,consenso
2026-08-21T03:44:35+00:00,ETH,2348.92,,,consenso
2026-08-21T03:44:35+00:00,SOL,89.19,,,consenso
2026-08-21T03:44:35+00:00,XRP,1.3086,,,consenso
2026-08-21T03:44:35+00:00,DOGE,0.08207,,,binance
2026-08-21T03:44:35+00:00,BNB,660.86,,,binance
2026-08-21T03:45:35+00:00,BTC,74583.965,,,consenso
2026-08-21T03:45:35+00:00,ETH,2348.92,,,consenso
2026-08-21T03:45:35+00:00,SOL,89.31,,,consenso
2026-08-21T03:45:35+00:00,XRP,1.3117,,,consenso
2026-08-21T03:45:35+00:00,DOGE,0.08225,,,binance
2026-08-21T03:45:35+00:00,BNB,661.12,,,binance
2026-08-21T03:47:12+00:00,BTC,74664.0,,,coingecko
2026-08-21T03:47:12+00:00,ETH,2348.87,,,coingecko
2026-08-21T03:47:12+00:00,SOL,89.26,,,coingecko
2026-08-21T03:47:12+00:00,XRP,1.31,,,coingecko
2026-08-21T03:47:12+00:00,DOGE,0.082178,,,coingecko
2026-08-21T03:47:12+00:00,BNB,660.66,,,coingecko
2026-08-21T03:47:12+00:00,ADA,0.20821,,,coingecko
2026-08-21T03:47:12+00:00,LINK,10.94,,,coingecko
2026-08-21T03:47:12+00:00,AVAX,7.29,,,coingecko
2026-08-21T03:47:12+00:00,DOT,0.846363,,,coingecko
2026-08-21T03:47:12+00:00,MATIC,0.126156,,,coingecko
2026-08-21T03:47:12+00:00,LTC,48.31,,,coingecko
2026-08-21T03:47:50+00:00,BTC,74583.965,,,consenso
2026-08-21T03:47:50+00:00,ETH,2348.92,,,consenso
2026-08-21T03:47:50+00:00,SOL,89.37,,,consenso
2026-08-21T03:47:50+00:00,XRP,1.3135,,,consenso
2026-08-21T03:47:50+00:00,DOGE,0.08233,,,binance
2026-08-21T03:47:50+00:00,BNB,661.39,,,binance
2026-08-21T03:48:18+00:00,BTC,74684.0,,,coingecko
2026-08-21T03:48:18+00:00,ETH,2350.06,,,coingecko
2026-08-21T03:48:18+00:00,SOL,89.3,,,coingecko
2026-08-21T03:48:18+00:00,XRP,1.31,,,coingecko
2026-08-21T03:48:18+00:00,DOGE,0.082248,,,coingecko
2026-08-21T03:48:18+00:00,BNB,660.82,,,coingecko
2026-08-21T03:48:18+00:00,ADA,0.208031,,,coingecko
2026-08-21T03:48:18+00:00,LINK,10.94,,,coingecko
2026-08-21T03:48:18+00:00,AVAX,7.29,,,coingecko
2026-08-21T03:48:18+00:00,DOT,0.846459,,,coingecko
2026-08-21T03:48:18+00:00,MATIC,0.126156,,,coingecko
2026-08-21T03:48:18+00:00,LTC,48.34,,,coingecko
2026-08-21T03:48:58+00:00,BTC,74778.245,,,consenso
2026-08-21T03:48:58+00:00,ETH,2352.14,,,consenso
2026-08-21T03:48:58+00:00,SOL,89.39,,,consenso
2026-08-21T03:48:58+00:00,XRP,1.31085,,,consenso
2026-08-21T03:48:58+00:00,DOGE,0.08228,,,binance
2026-08-21T03:48:58+00:00,BNB,661.81,,,binance
2026-08-21T03:49:24+00:00,BTC,74748.0,,,coingecko
2026-08-21T03:49:24+00:00,ETH,2351.51,,,coingecko
2026-08-21T03:49:24+00:00,SOL,89.32,,,coingecko
2026-08-21T03:49:24+00:00,XRP,1.31,,,coingecko
2026-08-21T03:49:24+00:00,DOGE,0.08225,,,coingecko
2026-08-21T03:49:24+00:00,BNB,661.08,,,coingecko
2026-08-21T03:49:24+00:00,ADA,0.20801,,,coingecko
2026-08-21T03:49:24+00:00,LINK,10.95,,,coingecko
2026-08-21T03:49:24+00:00,AVAX,7.29,,,coingecko
2026-08-21T03:49:24+00:00,DOT,0.846943,,,coingecko
2026-08-21T03:49:24+00:00,MATIC,0.126156,,,coingecko
2026-08-21T03:49:24+00:00,LTC,48.35,,,coingecko
2026-08-21T03:49:42+00:00,BTC,74778.245,,,consenso
2026-08-21T03:49:42+00:00,ETH,2352.14,,,consenso
2026-08-21T03:49:42+00:00,SOL,89.38,,,consenso
2026-08-21T03:49:42+00:00,XRP,1.3102,,,consenso
2026-08-21T03:49:42+00:00,DOGE,0.0822,,,binance
2026-08-21T03:49:42+00:00,BNB,662.04,,,binance
2026-08-21T03:50:25+00:00,BTC,74778.245,,,consenso
2026-08-21T03:50:25+00:00,ETH,2352.14,,,consenso
2026-08-21T03:50:25+00:00,SOL,89.46,,,consenso
2026-08-21T03:50:25+00:00,XRP,1.3154,,,consenso
2026-08-21T03:50:25+00:00,DOGE,0.08222,,,binance
2026-08-21T03:50:25+00:00,BNB,662.43,,,binance
2026-08-21T03:50:30+00:00,BTC,74761.0,,,coingecko
2026-08-21T03:50:30+00:00,ETH,2351.57,,,coingecko
2026-08-21T03:50:30+00:00,SOL,89.34,,,coingecko
2026-08-21T03:50:30+00:00,XRP,1.31,,,coingecko
2026-08-21T03:50:30+00:00,DOGE,0.082192,,,coingecko
2026-08-21T03:50:30+00:00,BNB,661.33,,,coingecko
2026-08-21T03:50:30+00:00,ADA,0.207826,,,coingecko
2026-08-21T03:50:30+00:00,LINK,10.95,,,coingecko
2026-08-21T03:50:30+00:00,AVAX,7.3,,,coingecko
2026-08-21T03:50:30+00:00,DOT,0.847108,,,coingecko
2026-08-21T03:50:30+00:00,MATIC,0.126156,,,coingecko
2026-08-21T03:50:30+00:00,LTC,48.35,,,coingecko
2026-08-21T03:51:18+00:00,BTC,74778.245,,,consenso
2026-08-21T03:51:18+00:00,ETH,2352.14,,,consenso
2026-08-21T03:51:18+00:00,SOL,89.53,,,consenso
2026-08-21T03:51:18+00:00,XRP,1.3166,,,consenso
2026-08-21T03:51:18+00:00,DOGE,0.08226,,,binance
2026-08-21T03:51:18+00:00,BNB,662.37,,,binance
2026-08-21T03:51:37+00:00,BTC,74757.0,,,coingecko
2026-08-21T03:51:37+00:00,ETH,2351.71,,,coingecko
2026-08-21T03:51:37+00:00,SOL,89.37,,,coingecko
2026-08-21T03:51:37+00:00,XRP,1.31,,,coingecko
2026-08-21T03:51:37+00:00,DOGE,0.082192,,,coingecko
2026-08-21T03:51:37+00:00,BNB,661.8,,,coingecko
2026-08-21T03:51:37+00:00,ADA,0.207975,,,coingecko
2026-08-21T03:51:37+00:00,LINK,10.95,,,coingecko
2026-08-21T03:51:37+00:00,AVAX,7.3,,,coingecko
2026-08-21T03:51:37+00:00,DOT,0.847491,,,coingecko
2026-08-21T03:51:37+00:00,MATIC,0.126156,,,coingecko
2026-08-21T03:51:37+00:00,LTC,48.34,,,coingecko
2026-08-21T03:52:08+00:00,BTC,74778.245,,,consenso
2026-08-21T03:52:08+00:00,ETH,2352.14,,,consenso
2026-08-21T03:52:08+00:00,SOL,89.39,,,consenso
2026-08-21T03:52:08+00:00,XRP,1.3147,,,consenso
2026-08-21T03:52:08+00:00,DOGE,0.08215,,,binance
2026-08-21T03:52:08+00:00,BNB,662.29,,,binance
2026-08-21T03:52:42+00:00,BTC,74791.0,,,coingecko
2026-08-21T03:52:42+00:00,ETH,2352.27,,,coingecko
2026-08-21T03:52:42+00:00,SOL,89.43,,,coingecko
2026-08-21T03:52:42+00:00,XRP,1.31,,,coingecko
2026-08-21T03:52:42+00:00,DOGE,0.082191,,,coingecko
2026-08-21T03:52:42+00:00,BNB,661.88,,,coingecko
2026-08-21T03:52:42+00:00,ADA,0.208856,,,coingecko
2026-08-21T03:52:42+00:00,LINK,10.95,,,coingecko
2026-08-21T03:52:42+00:00,AVAX,7.3,,,coingecko
2026-08-21T03:52:42+00:00,DOT,0.84854,,,coingecko
2026-08-21T03:52:42+00:00,MATIC,0.126156,,,coingecko
2026-08-21T03:52:42+00:00,LTC,48.36,,,coingecko
2026-08-21T03:52:54+00:00,BTC,74778.245,,,consenso
2026-08-21T03:52:54+00:00,ETH,2352.14,,,consenso
2026-08-21T03:52:54+00:00,SOL,89.35,,,consenso
2026-08-21T03:52:54+00:00,XRP,1.3171,,,consenso
2026-08-21T03:52:54+00:00,DOGE,0.08218,,,binance
2026-08-21T03:52:54+00:00,BNB,662.46,,,binance
2026-08-21T03:53:38+00:00,BTC,74778.245,,,consenso
2026-08-21T03:53:38+00:00,ETH,2352.14,,,consenso
2026-08-21T03:53:38+00:00,SOL,89.48,,,consenso
2026-08-21T03:53:38+00:00,XRP,1.3189,,,consenso
2026-08-21T03:53:38+00:00,DOGE,0.08227,,,binance
2026-08-21T03:53:38+00:00,BNB,662.51,,,binance
2026-08-21T03:53:49+00:00,BTC,74788.0,,,coingecko
2026-08-21T03:53:49+00:00,ETH,2350.61,,,coingecko
2026-08-21T03:53:49+00:00,SOL,89.33,,,coingecko
2026-08-21T03:53:49+00:00,XRP,1.31,,,coingecko
2026-08-21T03:53:49+00:00,DOGE,0.082115,,,coingecko
2026-08-21T03:53:49+00:00,BNB,661.85,,,coingecko
2026-08-21T03:53:49+00:00,ADA,0.208713,,,coingecko
2026-08-21T03:53:49+00:00,LINK,10.95,,,coingecko
2026-08-21T03:53:49+00:00,AVAX,7.3,,,coingecko
2026-08-21T03:53:49+00:00,DOT,0.848299,,,coingecko
2026-08-21T03:53:49+00:00,MATIC,0.126156,,,coingecko
2026-08-21T03:53:49+00:00,LTC,48.33,,,coingecko
2026-08-21T03:54:56+00:00,BTC,74736.0,,,coingecko
2026-08-21T03:54:56+00:00,ETH,2350.15,,,coingecko
2026-08-21T03:54:56+00:00,SOL,89.37,,,coingecko
2026-08-21T03:54:56+00:00,XRP,1.32,,,coingecko
2026-08-21T03:54:56+00:00,DOGE,0.082173,,,coingecko
2026-08-21T03:54:56+00:00,BNB,661.82,,,coingecko
2026-08-21T03:54:56+00:00,ADA,0.209096,,,coingecko
2026-08-21T03:54:56+00:00,LINK,10.94,,,coingecko
2026-08-21T03:54:56+00:00,AVAX,7.3,,,coingecko
2026-08-21T03:54:56+00:00,DOT,0.848934,,,coingecko
2026-08-21T03:54:56+00:00,MATIC,0.126156,,,coingecko
2026-08-21T03:54:56+00:00,LTC,48.38,,,coingecko
2026-08-21T03:55:17+00:00,BTC,74667.02,,,consenso
2026-08-21T03:55:17+00:00,ETH,2348.58,,,consenso
2026-08-21T03:55:17+00:00,SOL,89.25,,,consenso
2026-08-21T03:55:17+00:00,XRP,1.31385,,,consenso
2026-08-21T03:55:17+00:00,DOGE,0.08212,,,binance
2026-08-21T03:55:17+00:00,BNB,662.32,,,binance
2026-08-21T03:56:00+00:00,BTC,74683.0,,,coingecko
2026-08-21T03:56:00+00:00,ETH,2349.35,,,coingecko
2026-08-21T03:56:00+00:00,SOL,89.3,,,coingecko
2026-08-21T03:56:00+00:00,XRP,1.31,,,coingecko
2026-08-21T03:56:00+00:00,DOGE,0.082122,,,coingecko
2026-08-21T03:56:00+00:00,BNB,661.8,,,coingecko
2026-08-21T03:56:00+00:00,ADA,0.209635,,,coingecko
2026-08-21T03:56:00+00:00,LINK,10.93,,,coingecko
2026-08-21T03:56:00+00:00,AVAX,7.3,,,coingecko
2026-08-21T03:56:00+00:00,DOT,0.848751,,,coingecko
2026-08-21T03:56:00+00:00,MATIC,0.126156,,,coingecko
2026-08-21T03:56:00+00:00,LTC,48.39,,,coingecko
2026-08-21T03:56:12+00:00,BTC,74667.02,,,consenso
2026-08-21T03:56:12+00:00,ETH,2348.58,,,consenso
2026-08-21T03:56:12+00:00,SOL,89.31,,,consenso
2026-08-21T03:56:12+00:00,XRP,1.3156,,,consenso
2026-08-21T03:56:12+00:00,DOGE,0.08214,,,binance
2026-08-21T03:56:12+00:00,BNB,662.32,,,binance
2026-08-21T03:56:57+00:00,BTC,74667.02,,,consenso
2026-08-21T03:56:57+00:00,ETH,2348.58,,,consenso
2026-08-21T03:56:57+00:00,SOL,89.33,,,consenso
2026-08-21T03:56:57+00:00,XRP,1.3151,,,consenso
2026-08-21T03:56:57+00:00,DOGE,0.0821,,,binance
2026-08-21T03:56:57+00:00,BNB,662.36,,,binance
2026-08-21T03:57:04+00:00,BTC,74647.0,,,coingecko
2026-08-21T03:57:04+00:00,ETH,2348.28,,,coingecko
2026-08-21T03:57:04+00:00,SOL,89.27,,,coingecko
2026-08-21T03:57:04+00:00,XRP,1.31,,,coingecko
2026-08-21T03:57:04+00:00,DOGE,0.082098,,,coingecko
2026-08-21T03:57:04+00:00,BNB,661.9,,,coingecko
2026-08-21T03:57:04+00:00,ADA,0.209627,,,coingecko
2026-08-21T03:57:04+00:00,LINK,10.94,,,coingecko
2026-08-21T03:57:04+00:00,AVAX,7.31,,,coingecko
2026-08-21T03:57:04+00:00,DOT,0.849359,,,coingecko
2026-08-21T03:57:04+00:00,MATIC,0.126156,,,coingecko
2026-08-21T03:57:04+00:00,LTC,48.42,,,coingecko
2026-08-21T03:57:55+00:00,BTC,74667.02,,,consenso
2026-08-21T03:57:55+00:00,ETH,2348.58,,,consenso
2026-08-21T03:57:55+00:00,SOL,89.32,,,consenso
2026-08-21T03:57:55+00:00,XRP,1.3158,,,consenso
2026-08-21T03:57:55+00:00,DOGE,0.08206,,,binance
2026-08-21T03:57:55+00:00,BNB,662.15,,,binance
2026-08-21T03:58:45+00:00,BTC,74608.0,,,coingecko
2026-08-21T03:58:45+00:00,ETH,2346.9,,,coingecko
2026-08-21T03:58:45+00:00,SOL,89.27,,,coingecko
2026-08-21T03:58:45+00:00,XRP,1.31,,,coingecko
2026-08-21T03:58:45+00:00,DOGE,0.08205,,,coingecko
2026-08-21T03:58:45+00:00,BNB,661.79,,,coingecko
2026-08-21T03:58:45+00:00,ADA,0.20941,,,coingecko
2026-08-21T03:58:45+00:00,LINK,10.94,,,coingecko
2026-08-21T03:58:45+00:00,AVAX,7.32,,,coingecko
2026-08-21T03:58:45+00:00,DOT,0.85013,,,coingecko
2026-08-21T03:58:45+00:00,MATIC,0.126156,,,coingecko
2026-08-21T03:58:45+00:00,LTC,48.41,,,coingecko
2026-08-21T03:58:52+00:00,BTC,74667.02,,,consenso
2026-08-21T03:58:52+00:00,ETH,2348.58,,,consenso
2026-08-21T03:58:52+00:00,SOL,89.22,,,consenso
2026-08-21T03:58:52+00:00,XRP,1.3135,,,consenso
2026-08-21T03:58:52+00:00,DOGE,0.08189,,,binance
2026-08-21T03:58:52+00:00,BNB,661.66,,,binance
2026-08-21T03:59:43+00:00,BTC,74667.02,,,consenso
2026-08-21T03:59:43+00:00,ETH,2348.58,,,consenso
2026-08-21T03:59:43+00:00,SOL,89.15,,,consenso
2026-08-21T03:59:43+00:00,XRP,1.3091,,,consenso
2026-08-21T03:59:43+00:00,DOGE,0.08184,,,binance
2026-08-21T03:59:43+00:00,BNB,661.31,,,binance
2026-08-21T04:00:55+00:00,BTC,74550.0,,,coingecko
2026-08-21T04:00:55+00:00,ETH,2343.99,,,coingecko
2026-08-21T04:00:55+00:00,SOL,89.16,,,coingecko
2026-08-21T04:00:55+00:00,XRP,1.31,,,coingecko
2026-08-21T04:00:55+00:00,DOGE,0.081844,,,coingecko
2026-08-21T04:00:55+00:00,BNB,660.97,,,coingecko
2026-08-21T04:00:55+00:00,ADA,0.209127,,,coingecko
2026-08-21T04:00:55+00:00,LINK,10.92,,,coingecko
2026-08-21T04:00:55+00:00,AVAX,7.32,,,coingecko
2026-08-21T04:00:55+00:00,DOT,0.849893,,,coingecko
2026-08-21T04:00:55+00:00,MATIC,0.126156,,,coingecko
2026-08-21T04:00:55+00:00,LTC,48.33,,,coingecko
2026-08-21T04:00:52+00:00,BTC,74591.805,,,consenso
2026-08-21T04:00:52+00:00,ETH,2343.79,,,consenso
2026-08-21T04:00:52+00:00,SOL,89.16,,,consenso
2026-08-21T04:00:52+00:00,XRP,1.31105,,,consenso
2026-08-21T04:00:52+00:00,DOGE,0.08194,,,binance
2026-08-21T04:00:52+00:00,BNB,661.28,,,binance
2026-08-21T04:01:49+00:00,BTC,74591.805,,,consenso
2026-08-21T04:01:49+00:00,ETH,2343.79,,,consenso
2026-08-21T04:01:49+00:00,SOL,89.16,,,consenso
2026-08-21T04:01:49+00:00,XRP,1.3139,,,consenso
2026-08-21T04:01:49+00:00,DOGE,0.08199,,,binance
2026-08-21T04:01:49+00:00,BNB,661.05,,,binance
2026-08-21T04:02:00+00:00,BTC,74536.0,,,coingecko
2026-08-21T04:02:00+00:00,ETH,2342.54,,,coingecko
2026-08-21T04:02:00+00:00,SOL,89.14,,,coingecko
2026-08-21T04:02:00+00:00,XRP,1.31,,,coingecko
2026-08-21T04:02:00+00:00,DOGE,0.081884,,,coingecko
2026-08-21T04:02:00+00:00,BNB,660.94,,,coingecko
2026-08-21T04:02:00+00:00,ADA,0.208343,,,coingecko
2026-08-21T04:02:00+00:00,LINK,10.91,,,coingecko
2026-08-21T04:02:00+00:00,AVAX,7.31,,,coingecko
2026-08-21T04:02:00+00:00,DOT,0.850031,,,coingecko
2026-08-21T04:02:00+00:00,MATIC,0.126156,,,coingecko
2026-08-21T04:02:00+00:00,LTC,48.34,,,coingecko
2026-08-21T04:02:29+00:00,BTC,74591.805,,,consenso
2026-08-21T04:02:29+00:00,ETH,2343.79,,,consenso
2026-08-21T04:02:29+00:00,SOL,89.17,,,consenso
2026-08-21T04:02:29+00:00,XRP,1.3128,,,consenso
2026-08-21T04:02:29+00:00,DOGE,0.08203,,,binance
2026-08-21T04:02:29+00:00,BNB,660.99,,,binance
2026-08-21T04:03:05+00:00,BTC,74555.0,,,coingecko
2026-08-21T04:03:05+00:00,ETH,2343.15,,,coingecko
2026-08-21T04:03:05+00:00,SOL,89.12,,,coingecko
2026-08-21T04:03:05+00:00,XRP,1.31,,,coingecko
2026-08-21T04:03:05+00:00,DOGE,0.081909,,,coingecko
2026-08-21T04:03:05+00:00,BNB,660.73,,,coingecko
2026-08-21T04:03:05+00:00,ADA,0.208114,,,coingecko
2026-08-21T04:03:05+00:00,LINK,10.91,,,coingecko
2026-08-21T04:03:05+00:00,AVAX,7.31,,,coingecko
2026-08-21T04:03:05+00:00,DOT,0.848781,,,coingecko
2026-08-21T04:03:05+00:00,MATIC,0.126156,,,coingecko
2026-08-21T04:03:05+00:00,LTC,48.36,,,coingecko
2026-08-21T04:03:24+00:00,BTC,74591.805,,,consenso
2026-08-21T04:03:24+00:00,ETH,2343.79,,,consenso
2026-08-21T04:03:24+00:00,SOL,89.37,,,consenso
2026-08-21T04:03:24+00:00,XRP,1.3155,,,consenso
2026-08-21T04:03:24+00:00,DOGE,0.0822,,,binance
2026-08-21T04:03:24+00:00,BNB,661.98,,,binance
2026-08-21T04:04:10+00:00,BTC,74576.0,,,coingecko
2026-08-21T04:04:10+00:00,ETH,2345.97,,,coingecko
2026-08-21T04:04:10+00:00,SOL,89.22,,,coingecko
2026-08-21T04:04:10+00:00,XRP,1.31,,,coingecko
2026-08-21T04:04:10+00:00,DOGE,0.082062,,,coingecko
2026-08-21T04:04:10+00:00,BNB,660.63,,,coingecko
2026-08-21T04:04:10+00:00,ADA,0.209626,,,coingecko
2026-08-21T04:04:10+00:00,LINK,10.93,,,coingecko
2026-08-21T04:04:10+00:00,AVAX,7.32,,,coingecko
2026-08-21T04:04:10+00:00,DOT,0.849608,,,coingecko
2026-08-21T04:04:10+00:00,MATIC,0.126156,,,coingecko
2026-08-21T04:04:10+00:00,LTC,48.37,,,coingecko
2026-08-21T04:04:26+00:00,BTC,74591.805,,,consenso
2026-08-21T04:04:26+00:00,ETH,2343.79,,,consenso
2026-08-21T04:04:26+00:00,SOL,89.45,,,consenso
2026-08-21T04:04:26+00:00,XRP,1.3202,,,consenso
2026-08-21T04:04:26+00:00,DOGE,0.08232,,,binance
2026-08-21T04:04:26+00:00,BNB,662.39,,,binance
2026-08-21T04:05:06+00:00,BTC,74591.805,,,consenso
2026-08-21T04:05:06+00:00,ETH,2343.79,,,consenso
2026-08-21T04:05:06+00:00,SOL,89.43,,,consenso
2026-08-21T04:05:06+00:00,XRP,1.3203,,,consenso
2026-08-21T04:05:06+00:00,DOGE,0.08244,,,binance
2026-08-21T04:05:06+00:00,BNB,662.13,,,binance
2026-08-21T04:05:17+00:00,BTC,74738.0,,,coingecko
2026-08-21T04:05:17+00:00,ETH,2347.22,,,coingecko
2026-08-21T04:05:17+00:00,SOL,89.32,,,coingecko
2026-08-21T04:05:17+00:00,XRP,1.32,,,coingecko
2026-08-21T04:05:17+00:00,DOGE,0.082178,,,coingecko
2026-08-21T04:05:17+00:00,BNB,661.37,,,coingecko
2026-08-21T04:05:17+00:00,ADA,0.20946,,,coingecko
2026-08-21T04:05:17+00:00,LINK,10.94,,,coingecko
2026-08-21T04:05:17+00:00,AVAX,7.33,,,coingecko
2026-08-21T04:05:17+00:00,DOT,0.850498,,,coingecko
2026-08-21T04:05:17+00:00,MATIC,0.126156,,,coingecko
2026-08-21T04:05:17+00:00,LTC,48.45,,,coingecko
2026-08-21T04:06:02+00:00,BTC,74681.035,,,consenso
2026-08-21T04:06:02+00:00,ETH,2343.005,,,consenso
2026-08-21T04:06:02+00:00,SOL,89.24,,,consenso
2026-08-21T04:06:02+00:00,XRP,1.31841,,,consenso
2026-08-21T04:06:02+00:00,DOGE,0.08234,,,binance
2026-08-21T04:06:02+00:00,BNB,661.49,,,binance
2026-08-21T04:06:22+00:00,BTC,74777.0,,,coingecko
2026-08-21T04:06:22+00:00,ETH,2348.73,,,coingecko
2026-08-21T04:06:22+00:00,SOL,89.37,,,coingecko
2026-08-21T04:06:22+00:00,XRP,1.32,,,coingecko
2026-08-21T04:06:22+00:00,DOGE,0.082258,,,coingecko
2026-08-21T04:06:22+00:00,BNB,661.9,,,coingecko
2026-08-21T04:06:22+00:00,ADA,0.209463,,,coingecko
2026-08-21T04:06:22+00:00,LINK,10.96,,,coingecko
2026-08-21T04:06:22+00:00,AVAX,7.34,,,coingecko
2026-08-21T04:06:22+00:00,DOT,0.851092,,,coingecko
2026-08-21T04:06:22+00:00,MATIC,0.126156,,,coingecko
2026-08-21T04:06:22+00:00,LTC,48.45,,,coingecko
2026-08-21T04:06:45+00:00,BTC,74681.035,,,consenso
2026-08-21T04:06:45+00:00,ETH,2343.005,,,consenso
2026-08-21T04:06:45+00:00,SOL,89.22,,,consenso
2026-08-21T04:06:45+00:00,XRP,1.3166,,,consenso
2026-08-21T04:06:45+00:00,DOGE,0.08221,,,binance
2026-08-21T04:06:45+00:00,BNB,661.36,,,binance
2026-08-21T04:07:26+00:00,BTC,74702.0,,,coingecko
2026-08-21T04:07:26+00:00,ETH,2344.57,,,coingecko
2026-08-21T04:07:26+00:00,SOL,89.25,,,coingecko
2026-08-21T04:07:26+00:00,XRP,1.32,,,coingecko
2026-08-21T04:07:26+00:00,DOGE,0.082277,,,coingecko
2026-08-21T04:07:26+00:00,BNB,661.17,,,coingecko
2026-08-21T04:07:26+00:00,ADA,0.2092,,,coingecko
2026-08-21T04:07:26+00:00,LINK,10.94,,,coingecko
2026-08-21T04:07:26+00:00,AVAX,7.33,,,coingecko
2026-08-21T04:07:26+00:00,DOT,0.850476,,,coingecko
2026-08-21T04:07:26+00:00,MATIC,0.126156,,,coingecko
2026-08-21T04:07:26+00:00,LTC,48.44,,,coingecko
2026-08-21T04:07:35+00:00,BTC,74681.035,,,consenso
2026-08-21T04:07:35+00:00,ETH,2343.005,,,consenso
2026-08-21T04:07:35+00:00,SOL,89.22,,,consenso
2026-08-21T04:07:35+00:00,XRP,1.3153,,,consenso
2026-08-21T04:07:35+00:00,DOGE,0.08217,,,binance
2026-08-21T04:07:35+00:00,BNB,661.4,,,binance
2026-08-21T04:08:20+00:00,BTC,74681.035,,,consenso
2026-08-21T04:08:20+00:00,ETH,2343.005,,,consenso
2026-08-21T04:08:20+00:00,SOL,89.21,,,consenso
2026-08-21T04:08:20+00:00,XRP,1.3147,,,consenso
2026-08-21T04:08:20+00:00,DOGE,0.08211,,,binance
2026-08-21T04:08:20+00:00,BNB,661.41,,,binance
2026-08-21T04:08:31+00:00,BTC,74695.0,,,coingecko
2026-08-21T04:08:31+00:00,ETH,2343.87,,,coingecko
2026-08-21T04:08:31+00:00,SOL,89.2,,,coingecko
2026-08-21T04:08:31+00:00,XRP,1.32,,,coingecko
2026-08-21T04:08:31+00:00,DOGE,0.082166,,,coingecko
2026-08-21T04:08:31+00:00,BNB,661.06,,,coingecko
2026-08-21T04:08:31+00:00,ADA,0.208868,,,coingecko
2026-08-21T04:08:31+00:00,LINK,10.93,,,coingecko
2026-08-21T04:08:31+00:00,AVAX,7.33,,,coingecko
2026-08-21T04:08:31+00:00,DOT,0.849488,,,coingecko
2026-08-21T04:08:31+00:00,MATIC,0.126156,,,coingecko
2026-08-21T04:08:31+00:00,LTC,48.42,,,coingecko
2026-08-21T04:09:55+00:00,BTC,74681.035,,,consenso
2026-08-21T04:09:55+00:00,ETH,2343.005,,,consenso
2026-08-21T04:09:55+00:00,SOL,89.22,,,consenso
2026-08-21T04:09:55+00:00,XRP,1.3137,,,consenso
2026-08-21T04:09:55+00:00,DOGE,0.08218,,,binance
2026-08-21T04:09:55+00:00,BNB,661.74,,,binance
2026-08-21T04:10:14+00:00,BTC,74783.0,,,coingecko
2026-08-21T04:10:14+00:00,ETH,2345.79,,,coingecko
2026-08-21T04:10:14+00:00,SOL,89.22,,,coingecko
2026-08-21T04:10:14+00:00,XRP,1.31,,,coingecko
2026-08-21T04:10:14+00:00,DOGE,0.082154,,,coingecko
2026-08-21T04:10:14+00:00,BNB,661.28,,,coingecko
2026-08-21T04:10:14+00:00,ADA,0.208354,,,coingecko
2026-08-21T04:10:14+00:00,LINK,10.93,,,coingecko
2026-08-21T04:10:14+00:00,AVAX,7.33,,,coingecko
2026-08-21T04:10:14+00:00,DOT,0.848926,,,coingecko
2026-08-21T04:10:14+00:00,MATIC,0.126156,,,coingecko
2026-08-21T04:10:14+00:00,LTC,48.39,,,coingecko
2026-08-21T04:11:21+00:00,BTC,74804.0,,,coingecko
2026-08-21T04:11:21+00:00,ETH,2346.07,,,coingecko
2026-08-21T04:11:21+00:00,SOL,89.19,,,coingecko
2026-08-21T04:11:21+00:00,XRP,1.31,,,coingecko
2026-08-21T04:11:21+00:00,DOGE,0.082139,,,coingecko
2026-08-21T04:11:21+00:00,BNB,661.31,,,coingecko
2026-08-21T04:11:21+00:00,ADA,0.208182,,,coingecko
2026-08-21T04:11:21+00:00,LINK,10.95,,,coingecko
2026-08-21T04:11:21+00:00,AVAX,7.33,,,coingecko
2026-08-21T04:11:21+00:00,DOT,0.848883,,,coingecko
2026-08-21T04:11:21+00:00,MATIC,0.126156,,,coingecko
2026-08-21T04:11:21+00:00,LTC,48.4,,,coingecko
2026-08-21T04:11:15+00:00,BTC,74801.745,,,consenso
2026-08-21T04:11:15+00:00,ETH,2344.865,,,consenso
2026-08-21T04:11:15+00:00,SOL,89.13,,,consenso
2026-08-21T04:11:15+00:00,XRP,1.3132,,,consenso
2026-08-21T04:11:15+00:00,DOGE,0.08211,,,binance
2026-08-21T04:11:15+00:00,BNB,661.45,,,binance
2026-08-21T04:12:29+00:00,BTC,74805.0,,,coingecko
2026-08-21T04:12:29+00:00,ETH,2345.52,,,coingecko
2026-08-21T04:12:29+00:00,SOL,89.16,,,coingecko
2026-08-21T04:12:29+00:00,XRP,1.31,,,coingecko
2026-08-21T04:12:29+00:00,DOGE,0.082106,,,coingecko
2026-08-21T04:12:29+00:00,BNB,661.25,,,coingecko
2026-08-21T04:12:29+00:00,ADA,0.208277,,,coingecko
2026-08-21T04:12:29+00:00,LINK,10.95,,,coingecko
2026-08-21T04:12:29+00:00,AVAX,7.32,,,coingecko
2026-08-21T04:12:29+00:00,DOT,0.847768,,,coingecko
2026-08-21T04:12:29+00:00,MATIC,0.126156,,,coingecko
2026-08-21T04:12:29+00:00,LTC,48.39,,,coingecko
2026-08-21T04:13:35+00:00,BTC,74770.0,,,coingecko
2026-08-21T04:13:35+00:00,ETH,2344.81,,,coingecko
2026-08-21T04:13:35+00:00,SOL,89.11,,,coingecko
2026-08-21T04:13:35+00:00,XRP,1.31,,,coingecko
2026-08-21T04:13:35+00:00,DOGE,0.08208,,,coingecko
2026-08-21T04:13:35+00:00,BNB,660.74,,,coingecko
2026-08-21T04:13:35+00:00,ADA,0.208083,,,coingecko
2026-08-21T04:13:35+00:00,LINK,10.93,,,coingecko
2026-08-21T04:13:35+00:00,AVAX,7.31,,,coingecko
2026-08-21T04:13:35+00:00,DOT,0.847086,,,coingecko
2026-08-21T04:13:35+00:00,MATIC,0.126156,,,coingecko
2026-08-21T04:13:35+00:00,LTC,48.36,,,coingecko
2026-08-21T04:14:28+00:00,BTC,74801.745,,,consenso
2026-08-21T04:14:28+00:00,ETH,2344.865,,,consenso
2026-08-21T04:14:28+00:00,SOL,89.08,,,consenso
2026-08-21T04:14:28+00:00,XRP,1.3064,,,consenso
2026-08-21T04:14:28+00:00,DOGE,0.08209,,,binance
2026-08-21T04:14:28+00:00,BNB,660.14,,,binance
2026-08-21T04:14:41+00:00,BTC,74798.0,,,coingecko
2026-08-21T04:14:41+00:00,ETH,2344.28,,,coingecko
2026-08-21T04:14:41+00:00,SOL,89.08,,,coingecko
2026-08-21T04:14:41+00:00,XRP,1.31,,,coingecko
2026-08-21T04:14:41+00:00,DOGE,0.082129,,,coingecko
2026-08-21T04:14:41+00:00,BNB,660.15,,,coingecko
2026-08-21T04:14:41+00:00,ADA,0.207655,,,coingecko
2026-08-21T04:14:41+00:00,LINK,10.91,,,coingecko
2026-08-21T04:14:41+00:00,AVAX,7.31,,,coingecko
2026-08-21T04:14:41+00:00,DOT,0.846968,,,coingecko
2026-08-21T04:14:41+00:00,MATIC,0.126156,,,coingecko
2026-08-21T04:14:41+00:00,LTC,48.41,,,coingecko
2026-08-21T04:15:31+00:00,BTC,74801.745,,,consenso
2026-08-21T04:15:31+00:00,ETH,2344.865,,,consenso
2026-08-21T04:15:31+00:00,SOL,89.07,,,consenso
2026-08-21T04:15:31+00:00,XRP,1.3059,,,consenso
2026-08-21T04:15:31+00:00,DOGE,0.08209,,,binance
2026-08-21T04:15:31+00:00,BNB,660.94,,,binance
2026-08-21T04:15:47+00:00,BTC,74801.0,,,coingecko
2026-08-21T04:15:47+00:00,ETH,2344.04,,,coingecko
2026-08-21T04:15:47+00:00,SOL,89.06,,,coingecko
2026-08-21T04:15:47+00:00,XRP,1.31,,,coingecko
2026-08-21T04:15:47+00:00,DOGE,0.08208,,,coingecko
2026-08-21T04:15:47+00:00,BNB,659.96,,,coingecko
2026-08-21T04:15:47+00:00,ADA,0.207414,,,coingecko
2026-08-21T04:15:47+00:00,LINK,10.9,,,coingecko
2026-08-21T04:15:47+00:00,AVAX,7.3,,,coingecko
2026-08-21T04:15:47+00:00,DOT,0.847119,,,coingecko
2026-08-21T04:15:47+00:00,MATIC,0.126156,,,coingecko
2026-08-21T04:15:47+00:00,LTC,48.4,,,coingecko
2026-08-21T04:16:29+00:00,BTC,74809.585,,,consenso
2026-08-21T04:16:29+00:00,ETH,2346.465,,,consenso
2026-08-21T04:16:29+00:00,SOL,89.12,,,consenso
2026-08-21T04:16:29+00:00,XRP,1.30759,,,consenso
2026-08-21T04:16:29+00:00,DOGE,0.08217,,,binance
2026-08-21T04:16:29+00:00,BNB,660.56,,,binance
2026-08-21T04:16:55+00:00,BTC,74827.0,,,coingecko
2026-08-21T04:16:55+00:00,ETH,2344.68,,,coingecko
2026-08-21T04:16:55+00:00,SOL,89.05,,,coingecko
2026-08-21T04:16:55+00:00,XRP,1.31,,,coingecko
2026-08-21T04:16:55+00:00,DOGE,0.082084,,,coingecko
2026-08-21T04:16:55+00:00,BNB,660.51,,,coingecko
2026-08-21T04:16:55+00:00,ADA,0.207406,,,coingecko
2026-08-21T04:16:55+00:00,LINK,10.9,,,coingecko
2026-08-21T04:16:55+00:00,AVAX,7.3,,,coingecko
2026-08-21T04:16:55+00:00,DOT,0.846793,,,coingecko
2026-08-21T04:16:55+00:00,MATIC,0.126156,,,coingecko
2026-08-21T04:16:55+00:00,LTC,48.39,,,coingecko
2026-08-21T04:17:18+00:00,BTC,74809.585,,,consenso
2026-08-21T04:17:18+00:00,ETH,2346.465,,,consenso
2026-08-21T04:17:18+00:00,SOL,89.09,,,consenso
2026-08-21T04:17:18+00:00,XRP,1.3084,,,consenso
2026-08-21T04:17:18+00:00,DOGE,0.08222,,,binance
2026-08-21T04:17:18+00:00,BNB,660.46,,,binance
2026-08-21T04:18:01+00:00,BTC,74813.0,,,coingecko
2026-08-21T04:18:01+00:00,ETH,2345.35,,,coingecko
2026-08-21T04:18:01+00:00,SOL,89.08,,,coingecko
2026-08-21T04:18:01+00:00,XRP,1.31,,,coingecko
2026-08-21T04:18:01+00:00,DOGE,0.082115,,,coingecko
2026-08-21T04:18:01+00:00,BNB,660.23,,,coingecko
2026-08-21T04:18:01+00:00,ADA,0.207475,,,coingecko
2026-08-21T04:18:01+00:00,LINK,10.9,,,coingecko
2026-08-21T04:18:01+00:00,AVAX,7.31,,,coingecko
2026-08-21T04:18:01+00:00,DOT,0.846945,,,coingecko
2026-08-21T04:18:01+00:00,MATIC,0.126156,,,coingecko
2026-08-21T04:18:01+00:00,LTC,48.37,,,coingecko
2026-08-21T04:18:19+00:00,BTC,74809.585,,,consenso
2026-08-21T04:18:19+00:00,ETH,2346.465,,,consenso
2026-08-21T04:18:19+00:00,SOL,89.19,,,consenso
2026-08-21T04:18:19+00:00,XRP,1.3119,,,consenso
2026-08-21T04:18:19+00:00,DOGE,0.08229,,,binance
2026-08-21T04:18:19+00:00,BNB,660.81,,,binance
2026-08-21T04:19:07+00:00,BTC,74800.0,,,coingecko
2026-08-21T04:19:07+00:00,ETH,2345.44,,,coingecko
2026-08-21T04:19:07+00:00,SOL,89.05,,,coingecko
2026-08-21T04:19:07+00:00,XRP,1.31,,,coingecko
2026-08-21T04:19:07+00:00,DOGE,0.082179,,,coingecko
2026-08-21T04:19:07+00:00,BNB,660.05,,,coingecko
2026-08-21T04:19:07+00:00,ADA,0.207285,,,coingecko
2026-08-21T04:19:07+00:00,LINK,10.9,,,coingecko
2026-08-21T04:19:07+00:00,AVAX,7.3,,,coingecko
2026-08-21T04:19:07+00:00,DOT,0.846211,,,coingecko
2026-08-21T04:19:07+00:00,MATIC,0.126156,,,coingecko
2026-08-21T04:19:07+00:00,LTC,48.37,,,coingecko
2026-08-21T04:19:13+00:00,BTC,74809.585,,,consenso
2026-08-21T04:19:13+00:00,ETH,2346.465,,,consenso
2026-08-21T04:19:13+00:00,SOL,89.27,,,consenso
2026-08-21T04:19:13+00:00,XRP,1.3134,,,consenso
2026-08-21T04:19:13+00:00,DOGE,0.08234,,,binance
2026-08-21T04:19:13+00:00,BNB,661.2,,,binance
2026-08-21T04:20:00+00:00,BTC,74809.585,,,consenso
2026-08-21T04:20:00+00:00,ETH,2346.465,,,consenso
2026-08-21T04:20:00+00:00,SOL,89.24,,,consenso
2026-08-21T04:20:00+00:00,XRP,1.3135,,,consenso
2026-08-21T04:20:00+00:00,DOGE,0.08228,,,binance
2026-08-21T04:20:00+00:00,BNB,660.81,,,binance
2026-08-21T04:20:12+00:00,BTC,74837.0,,,coingecko
2026-08-21T04:20:12+00:00,ETH,2347.0,,,coingecko
2026-08-21T04:20:12+00:00,SOL,89.16,,,coingecko
2026-08-21T04:20:12+00:00,XRP,1.31,,,coingecko
2026-08-21T04:20:12+00:00,DOGE,0.082238,,,coingecko
2026-08-21T04:20:12+00:00,BNB,660.4,,,coingecko
2026-08-21T04:20:12+00:00,ADA,0.207615,,,coingecko
2026-08-21T04:20:12+00:00,LINK,10.9,,,coingecko
2026-08-21T04:20:12+00:00,AVAX,7.31,,,coingecko
2026-08-21T04:20:12+00:00,DOT,0.846691,,,coingecko
2026-08-21T04:20:12+00:00,MATIC,0.126156,,,coingecko
2026-08-21T04:20:12+00:00,LTC,48.42,,,coingecko
2026-08-21T04:20:50+00:00,BTC,74809.585,,,consenso
2026-08-21T04:20:50+00:00,ETH,2346.465,,,consenso
2026-08-21T04:20:50+00:00,SOL,89.24,,,consenso
2026-08-21T04:20:50+00:00,XRP,1.3106,,,consenso
2026-08-21T04:20:50+00:00,DOGE,0.08226,,,binance
2026-08-21T04:20:50+00:00,BNB,660.78,,,binance
2026-08-21T04:21:45+00:00,BTC,74869.065,,,consenso
2026-08-21T04:21:45+00:00,ETH,2347.515,,,consenso
2026-08-21T04:21:45+00:00,SOL,89.27,,,consenso
2026-08-21T04:21:45+00:00,XRP,1.31262,,,consenso
2026-08-21T04:21:45+00:00,DOGE,0.08233,,,binance
2026-08-21T04:21:45+00:00,BNB,660.95,,,binance
2026-08-21T04:21:53+00:00,BTC,74837.0,,,coingecko
2026-08-21T04:21:53+00:00,ETH,2347.12,,,coingecko
2026-08-21T04:21:53+00:00,SOL,89.2,,,coingecko
2026-08-21T04:21:53+00:00,XRP,1.31,,,coingecko
2026-08-21T04:21:53+00:00,DOGE,0.082251,,,coingecko
2026-08-21T04:21:53+00:00,BNB,660.48,,,coingecko
2026-08-21T04:21:53+00:00,ADA,0.207832,,,coingecko
2026-08-21T04:21:53+00:00,LINK,10.9,,,coingecko
2026-08-21T04:21:53+00:00,AVAX,7.31,,,coingecko
2026-08-21T04:21:53+00:00,DOT,0.846562,,,coingecko
2026-08-21T04:21:53+00:00,MATIC,0.126156,,,coingecko
2026-08-21T04:21:53+00:00,LTC,48.41,,,coingecko
2026-08-21T04:22:31+00:00,BTC,74869.065,,,consenso
2026-08-21T04:22:31+00:00,ETH,2347.515,,,consenso
2026-08-21T04:22:31+00:00,SOL,89.27,,,consenso
2026-08-21T04:22:31+00:00,XRP,1.3108,,,consenso
2026-08-21T04:22:31+00:00,DOGE,0.08231,,,binance
2026-08-21T04:22:31+00:00,BNB,660.8,,,binance
2026-08-21T04:23:00+00:00,BTC,74864.0,,,coingecko
2026-08-21T04:23:00+00:00,ETH,2347.58,,,coingecko
2026-08-21T04:23:00+00:00,SOL,89.23,,,coingecko
2026-08-21T04:23:00+00:00,XRP,1.31,,,coingecko
2026-08-21T04:23:00+00:00,DOGE,0.082279,,,coingecko
2026-08-21T04:23:00+00:00,BNB,660.55,,,coingecko
2026-08-21T04:23:00+00:00,ADA,0.207904,,,coingecko
2026-08-21T04:23:00+00:00,LINK,10.89,,,coingecko
2026-08-21T04:23:00+00:00,AVAX,7.31,,,coingecko
2026-08-21T04:23:00+00:00,DOT,0.846597,,,coingecko
2026-08-21T04:23:00+00:00,MATIC,0.126156,,,coingecko
2026-08-21T04:23:00+00:00,LTC,48.41,,,coingecko
2026-08-21T04:23:18+00:00,BTC,74869.065,,,consenso
2026-08-21T04:23:18+00:00,ETH,2347.515,,,consenso
2026-08-21T04:23:18+00:00,SOL,89.26,,,consenso
2026-08-21T04:23:18+00:00,XRP,1.3108,,,consenso
2026-08-21T04:23:18+00:00,DOGE,0.08232,,,binance
2026-08-21T04:23:18+00:00,BNB,660.86,,,binance
2026-08-21T04:24:03+00:00,BTC,74857.0,,,coingecko
2026-08-21T04:24:03+00:00,ETH,2347.35,,,coingecko
2026-08-21T04:24:03+00:00,SOL,89.23,,,coingecko
2026-08-21T04:24:03+00:00,XRP,1.31,,,coingecko
2026-08-21T04:24:03+00:00,DOGE,0.082291,,,coingecko
2026-08-21T04:24:03+00:00,BNB,660.44,,,coingecko
2026-08-21T04:24:03+00:00,ADA,0.207964,,,coingecko
2026-08-21T04:24:03+00:00,LINK,10.89,,,coingecko
2026-08-21T04:24:03+00:00,AVAX,7.32,,,coingecko
2026-08-21T04:24:03+00:00,DOT,0.84703,,,coingecko
2026-08-21T04:24:03+00:00,MATIC,0.126156,,,coingecko
2026-08-21T04:24:03+00:00,LTC,48.42,,,coingecko
2026-08-21T04:24:01+00:00,BTC,74869.065,,,consenso
2026-08-21T04:24:01+00:00,ETH,2347.515,,,consenso
2026-08-21T04:24:01+00:00,SOL,89.26,,,consenso
2026-08-21T04:24:01+00:00,XRP,1.3103,,,consenso
2026-08-21T04:24:01+00:00,DOGE,0.08233,,,binance
2026-08-21T04:24:01+00:00,BNB,660.78,,,binance
2026-08-21T04:25:08+00:00,BTC,74887.0,,,coingecko
2026-08-21T04:25:08+00:00,ETH,2348.19,,,coingecko
2026-08-21T04:25:08+00:00,SOL,89.25,,,coingecko
2026-08-21T04:25:08+00:00,XRP,1.31,,,coingecko
2026-08-21T04:25:08+00:00,DOGE,0.08231,,,coingecko
2026-08-21T04:25:08+00:00,BNB,660.61,,,coingecko
2026-08-21T04:25:08+00:00,ADA,0.207984,,,coingecko
2026-08-21T04:25:08+00:00,LINK,10.89,,,coingecko
2026-08-21T04:25:08+00:00,AVAX,7.31,,,coingecko
2026-08-21T04:25:08+00:00,DOT,0.847323,,,coingecko
2026-08-21T04:25:08+00:00,MATIC,0.126156,,,coingecko
2026-08-21T04:25:08+00:00,LTC,48.42,,,coingecko
2026-08-21T04:25:31+00:00,BTC,74869.065,,,consenso
2026-08-21T04:25:31+00:00,ETH,2347.515,,,consenso
2026-08-21T04:25:31+00:00,SOL,89.05,,,consenso
2026-08-21T04:25:31+00:00,XRP,1.3075,,,consenso
2026-08-21T04:25:31+00:00,DOGE,0.08217,,,binance
2026-08-21T04:25:31+00:00,BNB,660.01,,,binance
2026-08-21T04:26:12+00:00,BTC,74848.0,,,coingecko
2026-08-21T04:26:12+00:00,ETH,2347.02,,,coingecko
2026-08-21T04:26:12+00:00,SOL,89.14,,,coingecko
2026-08-21T04:26:12+00:00,XRP,1.31,,,coingecko
2026-08-21T04:26:12+00:00,DOGE,0.082266,,,coingecko
2026-08-21T04:26:12+00:00,BNB,660.22,,,coingecko
2026-08-21T04:26:12+00:00,ADA,0.20778,,,coingecko
2026-08-21T04:26:12+00:00,LINK,10.89,,,coingecko
2026-08-21T04:26:12+00:00,AVAX,7.31,,,coingecko
2026-08-21T04:26:12+00:00,DOT,0.846961,,,coingecko
2026-08-21T04:26:12+00:00,MATIC,0.126156,,,coingecko
2026-08-21T04:26:12+00:00,LTC,48.48,,,coingecko
2026-08-21T04:26:13+00:00,BTC,74869.065,,,consenso
2026-08-21T04:26:13+00:00,ETH,2347.515,,,consenso
2026-08-21T04:26:13+00:00,SOL,89.04,,,consenso
2026-08-21T04:26:13+00:00,XRP,1.3029,,,consenso
2026-08-21T04:26:13+00:00,DOGE,0.08207,,,binance
2026-08-21T04:26:13+00:00,BNB,659.94,,,binance
2026-08-21T04:27:17+00:00,BTC,74782.0,,,coingecko
2026-08-21T04:27:17+00:00,ETH,2345.45,,,coingecko
2026-08-21T04:27:17+00:00,SOL,89.03,,,coingecko
2026-08-21T04:27:17+00:00,XRP,1.31,,,coingecko
2026-08-21T04:27:17+00:00,DOGE,0.082066,,,coingecko
2026-08-21T04:27:17+00:00,BNB,659.71,,,coingecko
2026-08-21T04:27:17+00:00,ADA,0.207493,,,coingecko
2026-08-21T04:27:17+00:00,LINK,10.88,,,coingecko
2026-08-21T04:27:17+00:00,AVAX,7.3,,,coingecko
2026-08-21T04:27:17+00:00,DOT,0.847137,,,coingecko
2026-08-21T04:27:17+00:00,MATIC,0.126156,,,coingecko
2026-08-21T04:27:17+00:00,LTC,48.42,,,coingecko
2026-08-21T04:27:13+00:00,BTC,74788.685,,,consenso
2026-08-21T04:27:13+00:00,ETH,2346.525,,,consenso
2026-08-21T04:27:13+00:00,SOL,89.06,,,consenso
2026-08-21T04:27:13+00:00,XRP,1.3028,,,consenso
2026-08-21T04:27:13+00:00,DOGE,0.08204,,,binance
2026-08-21T04:27:13+00:00,BNB,659.85,,,binance
2026-08-21T04:28:01+00:00,BTC,74788.685,,,consenso
2026-08-21T04:28:01+00:00,ETH,2346.525,,,consenso
2026-08-21T04:28:01+00:00,SOL,89.04,,,consenso
2026-08-21T04:28:01+00:00,XRP,1.2989,,,consenso
2026-08-21T04:28:01+00:00,DOGE,0.08201,,,binance
2026-08-21T04:28:01+00:00,BNB,659.95,,,binance
2026-08-21T04:28:24+00:00,BTC,74832.0,,,coingecko
2026-08-21T04:28:24+00:00,ETH,2346.3,,,coingecko
2026-08-21T04:28:24+00:00,SOL,89.06,,,coingecko
2026-08-21T04:28:24+00:00,XRP,1.31,,,coingecko
2026-08-21T04:28:24+00:00,DOGE,0.082016,,,coingecko
2026-08-21T04:28:24+00:00,BNB,659.7,,,coingecko
2026-08-21T04:28:24+00:00,ADA,0.207718,,,coingecko
2026-08-21T04:28:24+00:00,LINK,10.87,,,coingecko
2026-08-21T04:28:24+00:00,AVAX,7.3,,,coingecko
2026-08-21T04:28:24+00:00,DOT,0.84706,,,coingecko
2026-08-21T04:28:24+00:00,MATIC,0.126156,,,coingecko
2026-08-21T04:28:24+00:00,LTC,48.43,,,coingecko
2026-08-21T04:28:56+00:00,BTC,74788.685,,,consenso
2026-08-21T04:28:56+00:00,ETH,2346.525,,,consenso
2026-08-21T04:28:56+00:00,SOL,88.98,,,consenso
2026-08-21T04:28:56+00:00,XRP,1.2986,,,consenso
2026-08-21T04:28:56+00:00,DOGE,0.08201,,,binance
2026-08-21T04:28:56+00:00,BNB,659.74,,,binance
2026-08-21T04:29:29+00:00,BTC,74815.0,,,coingecko
2026-08-21T04:29:29+00:00,ETH,2345.76,,,coingecko
2026-08-21T04:29:29+00:00,SOL,89.01,,,coingecko
2026-08-21T04:29:29+00:00,XRP,1.3,,,coingecko
2026-08-21T04:29:29+00:00,DOGE,0.082009,,,coingecko
2026-08-21T04:29:29+00:00,BNB,659.77,,,coingecko
2026-08-21T04:29:29+00:00,ADA,0.207412,,,coingecko
2026-08-21T04:29:29+00:00,LINK,10.88,,,coingecko
2026-08-21T04:29:29+00:00,AVAX,7.3,,,coingecko
2026-08-21T04:29:29+00:00,DOT,0.846181,,,coingecko
2026-08-21T04:29:29+00:00,MATIC,0.126156,,,coingecko
2026-08-21T04:29:29+00:00,LTC,48.39,,,coingecko
2026-08-21T04:29:43+00:00,BTC,74788.685,,,consenso
2026-08-21T04:29:43+00:00,ETH,2346.525,,,consenso
2026-08-21T04:29:43+00:00,SOL,88.92,,,consenso
2026-08-21T04:29:43+00:00,XRP,1.301,,,consenso
2026-08-21T04:29:43+00:00,DOGE,0.08205,,,binance
2026-08-21T04:29:43+00:00,BNB,659.52,,,binance
2026-08-21T04:30:35+00:00,BTC,74795.0,,,coingecko
2026-08-21T04:30:35+00:00,ETH,2344.58,,,coingecko
2026-08-21T04:30:35+00:00,SOL,88.93,,,coingecko
2026-08-21T04:30:35+00:00,XRP,1.3,,,coingecko
2026-08-21T04:30:35+00:00,DOGE,0.081984,,,coingecko
2026-08-21T04:30:35+00:00,BNB,659.32,,,coingecko
2026-08-21T04:30:35+00:00,ADA,0.207182,,,coingecko
2026-08-21T04:30:35+00:00,LINK,10.87,,,coingecko
2026-08-21T04:30:35+00:00,AVAX,7.3,,,coingecko
2026-08-21T04:30:35+00:00,DOT,0.845792,,,coingecko
2026-08-21T04:30:35+00:00,MATIC,0.126156,,,coingecko
2026-08-21T04:30:35+00:00,LTC,48.35,,,coingecko
2026-08-21T04:30:47+00:00,BTC,74788.685,,,consenso
2026-08-21T04:30:47+00:00,ETH,2346.525,,,consenso
2026-08-21T04:30:47+00:00,SOL,88.89,,,consenso
2026-08-21T04:30:47+00:00,XRP,1.3005,,,consenso
2026-08-21T04:30:47+00:00,DOGE,0.08204,,,binance
2026-08-21T04:30:47+00:00,BNB,659.06,,,binance
2026-08-21T04:31:39+00:00,BTC,74775.0,,,coingecko
2026-08-21T04:31:39+00:00,ETH,2343.53,,,coingecko
2026-08-21T04:31:39+00:00,SOL,88.91,,,coingecko
2026-08-21T04:31:39+00:00,XRP,1.3,,,coingecko
2026-08-21T04:31:39+00:00,DOGE,0.082007,,,coingecko
2026-08-21T04:31:39+00:00,BNB,658.96,,,coingecko
2026-08-21T04:31:39+00:00,ADA,0.20721,,,coingecko
2026-08-21T04:31:39+00:00,LINK,10.87,,,coingecko
2026-08-21T04:31:39+00:00,AVAX,7.3,,,coingecko
2026-08-21T04:31:39+00:00,DOT,0.846006,,,coingecko
2026-08-21T04:31:39+00:00,MATIC,0.126156,,,coingecko
2026-08-21T04:31:39+00:00,LTC,48.34,,,coingecko
2026-08-21T04:31:37+00:00,BTC,74788.685,,,consenso
2026-08-21T04:31:37+00:00,ETH,2346.525,,,consenso
2026-08-21T04:31:37+00:00,SOL,89.03,,,consenso
2026-08-21T04:31:37+00:00,XRP,1.303,,,consenso
2026-08-21T04:31:37+00:00,DOGE,0.08221,,,binance
2026-08-21T04:31:37+00:00,BNB,659.67,,,binance
2026-08-21T04:32:30+00:00,BTC,74956.505,,,consenso
2026-08-21T04:32:30+00:00,ETH,2348.495,,,consenso
2026-08-21T04:32:30+00:00,SOL,89.105,,,consenso
2026-08-21T04:32:30+00:00,XRP,1.30431,,,consenso
2026-08-21T04:32:30+00:00,DOGE,0.08225,,,binance
2026-08-21T04:32:30+00:00,BNB,660.31,,,binance
2026-08-21T04:33:33+00:00,BTC,74844.0,,,coingecko
2026-08-21T04:33:33+00:00,ETH,2346.09,,,coingecko
2026-08-21T04:33:33+00:00,SOL,88.99,,,coingecko
2026-08-21T04:33:33+00:00,XRP,1.3,,,coingecko
2026-08-21T04:33:33+00:00,DOGE,0.082147,,,coingecko
2026-08-21T04:33:33+00:00,BNB,659.41,,,coingecko
2026-08-21T04:33:33+00:00,ADA,0.207419,,,coingecko
2026-08-21T04:33:33+00:00,LINK,10.88,,,coingecko
2026-08-21T04:33:33+00:00,AVAX,7.31,,,coingecko
2026-08-21T04:33:33+00:00,DOT,0.84599,,,coingecko
2026-08-21T04:33:33+00:00,MATIC,0.126156,,,coingecko
2026-08-21T04:33:33+00:00,LTC,48.37,,,coingecko
2026-08-21T04:33:33+00:00,BTC,74956.505,,,consenso
2026-08-21T04:33:33+00:00,ETH,2348.495,,,consenso
2026-08-21T04:33:33+00:00,SOL,89.22,,,consenso
2026-08-21T04:33:33+00:00,XRP,1.3069,,,consenso
2026-08-21T04:33:33+00:00,DOGE,0.08236,,,binance
2026-08-21T04:33:33+00:00,BNB,660.51,,,binance
2026-08-21T04:34:24+00:00,BTC,74956.505,,,consenso
2026-08-21T04:34:24+00:00,ETH,2348.495,,,consenso
2026-08-21T04:34:24+00:00,SOL,89.17,,,consenso
2026-08-21T04:34:24+00:00,XRP,1.3057,,,consenso
2026-08-21T04:34:24+00:00,DOGE,0.08229,,,binance
2026-08-21T04:34:24+00:00,BNB,660.42,,,binance
2026-08-21T04:34:39+00:00,BTC,74928.0,,,coingecko
2026-08-21T04:34:39+00:00,ETH,2347.64,,,coingecko
2026-08-21T04:34:39+00:00,SOL,89.08,,,coingecko
2026-08-21T04:34:39+00:00,XRP,1.31,,,coingecko
2026-08-21T04:34:39+00:00,DOGE,0.082218,,,coingecko
2026-08-21T04:34:39+00:00,BNB,659.83,,,coingecko
2026-08-21T04:34:39+00:00,ADA,0.207554,,,coingecko
2026-08-21T04:34:39+00:00,LINK,10.89,,,coingecko
2026-08-21T04:34:39+00:00,AVAX,7.31,,,coingecko
2026-08-21T04:34:39+00:00,DOT,0.846135,,,coingecko
2026-08-21T04:34:39+00:00,MATIC,0.126156,,,coingecko
2026-08-21T04:34:39+00:00,LTC,48.38,,,coingecko
2026-08-21T04:35:05+00:00,BTC,74956.505,,,consenso
2026-08-21T04:35:05+00:00,ETH,2348.495,,,consenso
2026-08-21T04:35:05+00:00,SOL,89.14,,,consenso
2026-08-21T04:35:05+00:00,XRP,1.304,,,consenso
2026-08-21T04:35:05+00:00,DOGE,0.0822,,,binance
2026-08-21T04:35:05+00:00,BNB,660.33,,,binance
2026-08-21T04:35:43+00:00,BTC,74897.0,,,coingecko
2026-08-21T04:35:43+00:00,ETH,2347.88,,,coingecko
2026-08-21T04:35:43+00:00,SOL,89.09,,,coingecko
2026-08-21T04:35:43+00:00,XRP,1.3,,,coingecko
2026-08-21T04:35:43+00:00,DOGE,0.082235,,,coingecko
2026-08-21T04:35:43+00:00,BNB,659.91,,,coingecko
2026-08-21T04:35:43+00:00,ADA,0.207405,,,coingecko
2026-08-21T04:35:43+00:00,LINK,10.89,,,coingecko
2026-08-21T04:35:43+00:00,AVAX,7.31,,,coingecko
2026-08-21T04:35:43+00:00,DOT,0.846077,,,coingecko
2026-08-21T04:35:43+00:00,MATIC,0.126156,,,coingecko
2026-08-21T04:35:43+00:00,LTC,48.43,,,coingecko
2026-08-21T04:35:52+00:00,BTC,74956.505,,,consenso
2026-08-21T04:35:52+00:00,ETH,2348.495,,,consenso
2026-08-21T04:35:52+00:00,SOL,89.14,,,consenso
2026-08-21T04:35:52+00:00,XRP,1.3038,,,consenso
2026-08-21T04:35:52+00:00,DOGE,0.08227,,,binance
2026-08-21T04:35:52+00:00,BNB,660.23,,,binance
2026-08-21T04:36:47+00:00,BTC,74930.0,,,coingecko
2026-08-21T04:36:47+00:00,ETH,2347.79,,,coingecko
2026-08-21T04:36:47+00:00,SOL,89.1,,,coingecko
2026-08-21T04:36:47+00:00,XRP,1.3,,,coingecko
2026-08-21T04:36:47+00:00,DOGE,0.082218,,,coingecko
2026-08-21T04:36:47+00:00,BNB,659.97,,,coingecko
2026-08-21T04:36:47+00:00,ADA,0.207411,,,coingecko
2026-08-21T04:36:47+00:00,LINK,10.89,,,coingecko
2026-08-21T04:36:47+00:00,AVAX,7.31,,,coingecko
2026-08-21T04:36:47+00:00,DOT,0.846297,,,coingecko
2026-08-21T04:36:47+00:00,MATIC,0.126156,,,coingecko
2026-08-21T04:36:47+00:00,LTC,48.44,,,coingecko
2026-08-21T04:36:44+00:00,BTC,74956.505,,,consenso
2026-08-21T04:36:44+00:00,ETH,2348.495,,,consenso
2026-08-21T04:36:44+00:00,SOL,89.15,,,consenso
2026-08-21T04:36:44+00:00,XRP,1.3056,,,consenso
2026-08-21T04:36:44+00:00,DOGE,0.08232,,,binance
2026-08-21T04:36:44+00:00,BNB,660.55,,,binance
2026-08-21T04:37:39+00:00,BTC,74935.995,,,consenso
2026-08-21T04:37:39+00:00,ETH,2347.945,,,consenso
2026-08-21T04:37:39+00:00,SOL,89.1,,,consenso
2026-08-21T04:37:39+00:00,XRP,1.3058,,,consenso
2026-08-21T04:37:39+00:00,DOGE,0.08234,,,binance
2026-08-21T04:37:39+00:00,BNB,660.68,,,binance
2026-08-21T04:37:52+00:00,BTC,74931.0,,,coingecko
2026-08-21T04:37:52+00:00,ETH,2347.93,,,coingecko
2026-08-21T04:37:52+00:00,SOL,89.1,,,coingecko
2026-08-21T04:37:52+00:00,XRP,1.3,,,coingecko
2026-08-21T04:37:52+00:00,DOGE,0.082231,,,coingecko
2026-08-21T04:37:52+00:00,BNB,659.96,,,coingecko
2026-08-21T04:37:52+00:00,ADA,0.207496,,,coingecko
2026-08-21T04:37:52+00:00,LINK,10.9,,,coingecko
2026-08-21T04:37:52+00:00,AVAX,7.31,,,coingecko
2026-08-21T04:37:52+00:00,DOT,0.846257,,,coingecko
2026-08-21T04:37:52+00:00,MATIC,0.126156,,,coingecko
2026-08-21T04:37:52+00:00,LTC,48.45,,,coingecko
2026-08-21T04:38:43+00:00,BTC,74935.995,,,consenso
2026-08-21T04:38:43+00:00,ETH,2347.945,,,consenso
2026-08-21T04:38:43+00:00,SOL,89.14,,,consenso
2026-08-21T04:38:43+00:00,XRP,1.307,,,consenso
2026-08-21T04:38:43+00:00,DOGE,0.08227,,,binance
2026-08-21T04:38:43+00:00,BNB,660.71,,,binance
2026-08-21T04:38:59+00:00,BTC,74926.0,,,coingecko
2026-08-21T04:38:59+00:00,ETH,2347.53,,,coingecko
2026-08-21T04:38:59+00:00,SOL,89.08,,,coingecko
2026-08-21T04:38:59+00:00,XRP,1.3,,,coingecko
2026-08-21T04:38:59+00:00,DOGE,0.082284,,,coingecko
2026-08-21T04:38:59+00:00,BNB,660.17,,,coingecko
2026-08-21T04:38:59+00:00,ADA,0.207448,,,coingecko
2026-08-21T04:38:59+00:00,LINK,10.9,,,coingecko
2026-08-21T04:38:59+00:00,AVAX,7.31,,,coingecko
2026-08-21T04:38:59+00:00,DOT,0.846119,,,coingecko
2026-08-21T04:38:59+00:00,MATIC,0.126156,,,coingecko
2026-08-21T04:38:59+00:00,LTC,48.44,,,coingecko
2026-08-21T04:39:26+00:00,BTC,74935.995,,,consenso
2026-08-21T04:39:26+00:00,ETH,2347.945,,,consenso
2026-08-21T04:39:26+00:00,SOL,89.16,,,consenso
2026-08-21T04:39:26+00:00,XRP,1.3074,,,consenso
2026-08-21T04:39:26+00:00,DOGE,0.08218,,,binance
2026-08-21T04:39:26+00:00,BNB,660.88,,,binance
2026-08-21T04:40:05+00:00,BTC,74916.0,,,coingecko
2026-08-21T04:40:05+00:00,ETH,2347.57,,,coingecko
2026-08-21T04:40:05+00:00,SOL,89.12,,,coingecko
2026-08-21T04:40:05+00:00,XRP,1.31,,,coingecko
2026-08-21T04:40:05+00:00,DOGE,0.082277,,,coingecko
2026-08-21T04:40:05+00:00,BNB,660.29,,,coingecko
2026-08-21T04:40:05+00:00,ADA,0.207377,,,coingecko
2026-08-21T04:40:05+00:00,LINK,10.9,,,coingecko
2026-08-21T04:40:05+00:00,AVAX,7.31,,,coingecko
2026-08-21T04:40:05+00:00,DOT,0.845321,,,coingecko
2026-08-21T04:40:05+00:00,MATIC,0.126156,,,coingecko
2026-08-21T04:40:05+00:00,LTC,48.43,,,coingecko
2026-08-21T04:40:32+00:00,BTC,74935.995,,,consenso
2026-08-21T04:40:32+00:00,ETH,2347.945,,,consenso
2026-08-21T04:40:32+00:00,SOL,89.05,,,consenso
2026-08-21T04:40:32+00:00,XRP,1.3057,,,consenso
2026-08-21T04:40:32+00:00,DOGE,0.08208,,,binance
2026-08-21T04:40:32+00:00,BNB,660.1,,,binance
2026-08-21T04:41:10+00:00,BTC,74899.0,,,coingecko
2026-08-21T04:41:10+00:00,ETH,2346.94,,,coingecko
2026-08-21T04:41:10+00:00,SOL,89.07,,,coingecko
2026-08-21T04:41:10+00:00,XRP,1.31,,,coingecko
2026-08-21T04:41:10+00:00,DOGE,0.082187,,,coingecko
2026-08-21T04:41:10+00:00,BNB,660.41,,,coingecko
2026-08-21T04:41:10+00:00,ADA,0.207592,,,coingecko
2026-08-21T04:41:10+00:00,LINK,10.9,,,coingecko
2026-08-21T04:41:10+00:00,AVAX,7.31,,,coingecko
2026-08-21T04:41:10+00:00,DOT,0.845288,,,coingecko
2026-08-21T04:41:10+00:00,MATIC,0.126156,,,coingecko
2026-08-21T04:41:10+00:00,LTC,48.4,,,coingecko
2026-08-21T04:41:12+00:00,BTC,74935.995,,,consenso
2026-08-21T04:41:12+00:00,ETH,2347.945,,,consenso
2026-08-21T04:41:12+00:00,SOL,89.11,,,consenso
2026-08-21T04:41:12+00:00,XRP,1.3079,,,consenso
2026-08-21T04:41:12+00:00,DOGE,0.08206,,,binance
2026-08-21T04:41:12+00:00,BNB,660.11,,,binance
2026-08-21T04:42:14+00:00,BTC,74873.0,,,coingecko
2026-08-21T04:42:14+00:00,ETH,2346.34,,,coingecko
2026-08-21T04:42:14+00:00,SOL,89.03,,,coingecko
2026-08-21T04:42:14+00:00,XRP,1.31,,,coingecko
2026-08-21T04:42:14+00:00,DOGE,0.082073,,,coingecko
2026-08-21T04:42:14+00:00,BNB,659.93,,,coingecko
2026-08-21T04:42:14+00:00,ADA,0.207485,,,coingecko
2026-08-21T04:42:14+00:00,LINK,10.9,,,coingecko
2026-08-21T04:42:14+00:00,AVAX,7.3,,,coingecko
2026-08-21T04:42:14+00:00,DOT,0.844853,,,coingecko
2026-08-21T04:42:14+00:00,MATIC,0.126156,,,coingecko
2026-08-21T04:42:14+00:00,LTC,48.43,,,coingecko
2026-08-21T04:42:13+00:00,BTC,74935.995,,,consenso
2026-08-21T04:42:13+00:00,ETH,2347.945,,,consenso
2026-08-21T04:42:13+00:00,SOL,89.01,,,consenso
2026-08-21T04:42:13+00:00,XRP,1.3044,,,consenso
2026-08-21T04:42:13+00:00,DOGE,0.08195,,,binance
2026-08-21T04:42:13+00:00,BNB,659.69,,,binance
2026-08-21T04:42:57+00:00,BTC,74867.305,,,consenso
2026-08-21T04:42:57+00:00,ETH,2346.065,,,consenso
2026-08-21T04:42:57+00:00,SOL,89.05,,,consenso
2026-08-21T04:42:57+00:00,XRP,1.30809,,,consenso
2026-08-21T04:42:57+00:00,DOGE,0.082,,,binance
2026-08-21T04:42:57+00:00,BNB,659.77,,,binance
2026-08-21T04:43:18+00:00,BTC,74888.0,,,coingecko
2026-08-21T04:43:18+00:00,ETH,2346.72,,,coingecko
2026-08-21T04:43:18+00:00,SOL,89.07,,,coingecko
2026-08-21T04:43:18+00:00,XRP,1.31,,,coingecko
2026-08-21T04:43:18+00:00,DOGE,0.082023,,,coingecko
2026-08-21T04:43:18+00:00,BNB,659.81,,,coingecko
2026-08-21T04:43:18+00:00,ADA,0.207257,,,coingecko
2026-08-21T04:43:18+00:00,LINK,10.9,,,coingecko
2026-08-21T04:43:18+00:00,AVAX,7.3,,,coingecko
2026-08-21T04:43:18+00:00,DOT,0.844685,,,coingecko
2026-08-21T04:43:18+00:00,MATIC,0.126156,,,coingecko
2026-08-21T04:43:18+00:00,LTC,48.5,,,coingecko
2026-08-21T04:43:46+00:00,BTC,74867.305,,,consenso
2026-08-21T04:43:46+00:00,ETH,2346.065,,,consenso
2026-08-21T04:43:46+00:00,SOL,89.15,,,consenso
2026-08-21T04:43:46+00:00,XRP,1.3097,,,consenso
2026-08-21T04:43:46+00:00,DOGE,0.08207,,,binance
2026-08-21T04:43:46+00:00,BNB,660.07,,,binance
2026-08-21T04:44:41+00:00,BTC,74867.305,,,consenso
2026-08-21T04:44:41+00:00,ETH,2346.065,,,consenso
2026-08-21T04:44:41+00:00,SOL,89.15,,,consenso
2026-08-21T04:44:41+00:00,XRP,1.3108,,,consenso
2026-08-21T04:44:41+00:00,DOGE,0.08217,,,binance
2026-08-21T04:44:41+00:00,BNB,660.28,,,binance
2026-08-21T04:45:50+00:00,BTC,74912.0,,,coingecko
2026-08-21T04:45:50+00:00,ETH,2348.5,,,coingecko
2026-08-21T04:45:50+00:00,SOL,89.09,,,coingecko
2026-08-21T04:45:50+00:00,XRP,1.31,,,coingecko
2026-08-21T04:45:50+00:00,DOGE,0.082025,,,coingecko
2026-08-21T04:45:50+00:00,BNB,659.78,,,coingecko
2026-08-21T04:45:50+00:00,ADA,0.20829,,,coingecko
2026-08-21T04:45:50+00:00,LINK,10.91,,,coingecko
2026-08-21T04:45:50+00:00,AVAX,7.31,,,coingecko
2026-08-21T04:45:50+00:00,DOT,0.845992,,,coingecko
2026-08-21T04:45:50+00:00,MATIC,0.126156,,,coingecko
2026-08-21T04:45:50+00:00,LTC,48.59,,,coingecko
2026-08-21T04:46:06+00:00,BTC,74867.305,,,consenso
2026-08-21T04:46:06+00:00,ETH,2346.065,,,consenso
2026-08-21T04:46:06+00:00,SOL,89.15,,,consenso
2026-08-21T04:46:06+00:00,XRP,1.3087,,,consenso
2026-08-21T04:46:06+00:00,DOGE,0.08217,,,binance
2026-08-21T04:46:06+00:00,BNB,660.21,,,binance
2026-08-21T04:46:59+00:00,BTC,74912.0,,,coingecko
2026-08-21T04:46:59+00:00,ETH,2348.85,,,coingecko
2026-08-21T04:46:59+00:00,SOL,89.1,,,coingecko
2026-08-21T04:46:59+00:00,XRP,1.31,,,coingecko
2026-08-21T04:46:59+00:00,DOGE,0.082096,,,coingecko
2026-08-21T04:46:59+00:00,BNB,659.81,,,coingecko
2026-08-21T04:46:59+00:00,ADA,0.207838,,,coingecko
2026-08-21T04:46:59+00:00,LINK,10.91,,,coingecko
2026-08-21T04:46:59+00:00,AVAX,7.31,,,coingecko
2026-08-21T04:46:59+00:00,DOT,0.846366,,,coingecko
2026-08-21T04:46:59+00:00,MATIC,0.126156,,,coingecko
2026-08-21T04:46:59+00:00,LTC,48.61,,,coingecko
2026-08-21T04:48:04+00:00,BTC,74957.0,,,coingecko
2026-08-21T04:48:04+00:00,ETH,2350.18,,,coingecko
2026-08-21T04:48:04+00:00,SOL,89.14,,,coingecko
2026-08-21T04:48:04+00:00,XRP,1.31,,,coingecko
2026-08-21T04:48:04+00:00,DOGE,0.082175,,,coingecko
2026-08-21T04:48:04+00:00,BNB,660.02,,,coingecko
2026-08-21T04:48:04+00:00,ADA,0.207649,,,coingecko
2026-08-21T04:48:04+00:00,LINK,10.91,,,coingecko
2026-08-21T04:48:04+00:00,AVAX,7.31,,,coingecko
2026-08-21T04:48:04+00:00,DOT,0.845465,,,coingecko
2026-08-21T04:48:04+00:00,MATIC,0.126156,,,coingecko
2026-08-21T04:48:04+00:00,LTC,48.6,,,coingecko
2026-08-21T04:49:13+00:00,BTC,74977.0,,,coingecko
2026-08-21T04:49:13+00:00,ETH,2352.17,,,coingecko
2026-08-21T04:49:13+00:00,SOL,89.29,,,coingecko
2026-08-21T04:49:13+00:00,XRP,1.31,,,coingecko
2026-08-21T04:49:13+00:00,DOGE,0.082231,,,coingecko
2026-08-21T04:49:13+00:00,BNB,660.23,,,coingecko
2026-08-21T04:49:13+00:00,ADA,0.207539,,,coingecko
2026-08-21T04:49:13+00:00,LINK,10.92,,,coingecko
2026-08-21T04:49:13+00:00,AVAX,7.32,,,coingecko
2026-08-21T04:49:13+00:00,DOT,0.845263,,,coingecko
2026-08-21T04:49:13+00:00,MATIC,0.126156,,,coingecko
2026-08-21T04:49:13+00:00,LTC,48.6,,,coingecko
2026-08-21T04:49:58+00:00,BTC,74956.395,,,consenso
2026-08-21T04:49:58+00:00,ETH,2352.665,,,consenso
2026-08-21T04:49:58+00:00,SOL,89.26,,,consenso
2026-08-21T04:49:58+00:00,XRP,1.3106,,,consenso
2026-08-21T04:49:58+00:00,DOGE,0.08207,,,binance
2026-08-21T04:49:58+00:00,BNB,660.57,,,binance
2026-08-21T04:50:19+00:00,BTC,74982.0,,,coingecko
2026-08-21T04:50:19+00:00,ETH,2353.37,,,coingecko
2026-08-21T04:50:19+00:00,SOL,89.39,,,coingecko
2026-08-21T04:50:19+00:00,XRP,1.31,,,coingecko
2026-08-21T04:50:19+00:00,DOGE,0.082133,,,coingecko
2026-08-21T04:50:19+00:00,BNB,660.44,,,coingecko
2026-08-21T04:50:19+00:00,ADA,0.20757,,,coingecko
2026-08-21T04:50:19+00:00,LINK,10.92,,,coingecko
2026-08-21T04:50:19+00:00,AVAX,7.33,,,coingecko
2026-08-21T04:50:19+00:00,DOT,0.845241,,,coingecko
2026-08-21T04:50:19+00:00,MATIC,0.126156,,,coingecko
2026-08-21T04:50:19+00:00,LTC,48.62,,,coingecko
2026-08-21T04:51:25+00:00,BTC,74954.0,,,coingecko
2026-08-21T04:51:25+00:00,ETH,2352.91,,,coingecko
2026-08-21T04:51:25+00:00,SOL,89.26,,,coingecko
2026-08-21T04:51:25+00:00,XRP,1.31,,,coingecko
2026-08-21T04:51:25+00:00,DOGE,0.082051,,,coingecko
2026-08-21T04:51:25+00:00,BNB,660.25,,,coingecko
2026-08-21T04:51:25+00:00,ADA,0.207534,,,coingecko
2026-08-21T04:51:25+00:00,LINK,10.91,,,coingecko
2026-08-21T04:51:25+00:00,AVAX,7.3,,,coingecko
2026-08-21T04:51:25+00:00,DOT,0.84517,,,coingecko
2026-08-21T04:51:25+00:00,MATIC,0.126156,,,coingecko
2026-08-21T04:51:25+00:00,LTC,48.61,,,coingecko
2026-08-21T04:51:27+00:00,BTC,74956.395,,,consenso
2026-08-21T04:51:27+00:00,ETH,2352.665,,,consenso
2026-08-21T04:51:27+00:00,SOL,89.36,,,consenso
2026-08-21T04:51:27+00:00,XRP,1.3121,,,consenso
2026-08-21T04:51:27+00:00,DOGE,0.08219,,,binance
2026-08-21T04:51:27+00:00,BNB,661.16,,,binance
2026-08-21T04:52:24+00:00,BTC,74956.395,,,consenso
2026-08-21T04:52:24+00:00,ETH,2352.665,,,consenso
2026-08-21T04:52:24+00:00,SOL,89.41,,,consenso
2026-08-21T04:52:24+00:00,XRP,1.3134,,,consenso
2026-08-21T04:52:24+00:00,DOGE,0.08225,,,binance
2026-08-21T04:52:24+00:00,BNB,661.41,,,binance
2026-08-21T04:52:32+00:00,BTC,74965.0,,,coingecko
2026-08-21T04:52:32+00:00,ETH,2353.51,,,coingecko
2026-08-21T04:52:32+00:00,SOL,89.31,,,coingecko
2026-08-21T04:52:32+00:00,XRP,1.31,,,coingecko
2026-08-21T04:52:32+00:00,DOGE,0.082125,,,coingecko
2026-08-21T04:52:32+00:00,BNB,660.71,,,coingecko
2026-08-21T04:52:32+00:00,ADA,0.207948,,,coingecko
2026-08-21T04:52:32+00:00,LINK,10.92,,,coingecko
2026-08-21T04:52:32+00:00,AVAX,7.31,,,coingecko
2026-08-21T04:52:32+00:00,DOT,0.845999,,,coingecko
2026-08-21T04:52:32+00:00,MATIC,0.126156,,,coingecko
2026-08-21T04:52:32+00:00,LTC,48.62,,,coingecko
2026-08-21T04:53:12+00:00,BTC,74956.395,,,consenso
2026-08-21T04:53:12+00:00,ETH,2352.665,,,consenso
2026-08-21T04:53:12+00:00,SOL,89.44,,,consenso
2026-08-21T04:53:12+00:00,XRP,1.3152,,,consenso
2026-08-21T04:53:12+00:00,DOGE,0.08239,,,binance
2026-08-21T04:53:12+00:00,BNB,661.21,,,binance
2026-08-21T04:53:36+00:00,BTC,74941.0,,,coingecko
2026-08-21T04:53:36+00:00,ETH,2352.78,,,coingecko
2026-08-21T04:53:36+00:00,SOL,89.35,,,coingecko
2026-08-21T04:53:36+00:00,XRP,1.31,,,coingecko
2026-08-21T04:53:36+00:00,DOGE,0.082161,,,coingecko
2026-08-21T04:53:36+00:00,BNB,660.78,,,coingecko
2026-08-21T04:53:36+00:00,ADA,0.208074,,,coingecko
2026-08-21T04:53:36+00:00,LINK,10.92,,,coingecko
2026-08-21T04:53:36+00:00,AVAX,7.31,,,coingecko
2026-08-21T04:53:36+00:00,DOT,0.84641,,,coingecko
2026-08-21T04:53:36+00:00,MATIC,0.126156,,,coingecko
2026-08-21T04:53:36+00:00,LTC,48.63,,,coingecko
2026-08-21T04:53:58+00:00,BTC,74956.395,,,consenso
2026-08-21T04:53:58+00:00,ETH,2352.665,,,consenso
2026-08-21T04:53:58+00:00,SOL,89.44,,,consenso
2026-08-21T04:53:58+00:00,XRP,1.3155,,,consenso
2026-08-21T04:53:58+00:00,DOGE,0.08242,,,binance
2026-08-21T04:53:58+00:00,BNB,661.07,,,binance
2026-08-21T04:54:40+00:00,BTC,74931.0,,,coingecko
2026-08-21T04:54:40+00:00,ETH,2353.01,,,coingecko
2026-08-21T04:54:40+00:00,SOL,89.37,,,coingecko
2026-08-21T04:54:40+00:00,XRP,1.31,,,coingecko
2026-08-21T04:54:40+00:00,DOGE,0.082309,,,coingecko
2026-08-21T04:54:40+00:00,BNB,660.74,,,coingecko
2026-08-21T04:54:40+00:00,ADA,0.208249,,,coingecko
2026-08-21T04:54:40+00:00,LINK,10.92,,,coingecko
2026-08-21T04:54:40+00:00,AVAX,7.32,,,coingecko
2026-08-21T04:54:40+00:00,DOT,0.846163,,,coingecko
2026-08-21T04:54:40+00:00,MATIC,0.126156,,,coingecko
2026-08-21T04:54:40+00:00,LTC,48.63,,,coingecko
2026-08-21T04:55:22+00:00,BTC,75013.71,,,consenso
2026-08-21T04:55:22+00:00,ETH,2354.135,,,consenso
2026-08-21T04:55:22+00:00,SOL,89.425,,,consenso
2026-08-21T04:55:22+00:00,XRP,1.3162,,,consenso
2026-08-21T04:55:22+00:00,DOGE,0.08237,,,binance
2026-08-21T04:55:22+00:00,BNB,661.11,,,binance
2026-08-21T04:55:45+00:00,BTC,74971.0,,,coingecko
2026-08-21T04:55:45+00:00,ETH,2353.65,,,coingecko
2026-08-21T04:55:45+00:00,SOL,89.4,,,coingecko
2026-08-21T04:55:45+00:00,XRP,1.31,,,coingecko
2026-08-21T04:55:45+00:00,DOGE,0.082345,,,coingecko
2026-08-21T04:55:45+00:00,BNB,660.66,,,coingecko
2026-08-21T04:55:45+00:00,ADA,0.208207,,,coingecko
2026-08-21T04:55:45+00:00,LINK,10.92,,,coingecko
2026-08-21T04:55:45+00:00,AVAX,7.32,,,coingecko
2026-08-21T04:55:45+00:00,DOT,0.846484,,,coingecko
2026-08-21T04:55:45+00:00,MATIC,0.126156,,,coingecko
2026-08-21T04:55:45+00:00,LTC,48.63,,,coingecko
2026-08-21T04:56:10+00:00,BTC,75013.71,,,consenso
2026-08-21T04:56:10+00:00,ETH,2354.135,,,consenso
2026-08-21T04:56:10+00:00,SOL,89.46,,,consenso
2026-08-21T04:56:10+00:00,XRP,1.3171,,,consenso
2026-08-21T04:56:10+00:00,DOGE,0.08232,,,binance
2026-08-21T04:56:10+00:00,BNB,661.36,,,binance
2026-08-21T04:56:53+00:00,BTC,75013.71,,,consenso
2026-08-21T04:56:53+00:00,ETH,2354.135,,,consenso
2026-08-21T04:56:53+00:00,SOL,89.45,,,consenso
2026-08-21T04:56:53+00:00,XRP,1.3185,,,consenso
2026-08-21T04:56:53+00:00,DOGE,0.0823,,,binance
2026-08-21T04:56:53+00:00,BNB,660.73,,,binance
2026-08-21T04:57:23+00:00,BTC,75000.0,,,coingecko
2026-08-21T04:57:23+00:00,ETH,2353.65,,,coingecko
2026-08-21T04:57:23+00:00,SOL,89.4,,,coingecko
2026-08-21T04:57:23+00:00,XRP,1.32,,,coingecko
2026-08-21T04:57:23+00:00,DOGE,0.082297,,,coingecko
2026-08-21T04:57:23+00:00,BNB,660.8,,,coingecko
2026-08-21T04:57:23+00:00,ADA,0.20832,,,coingecko
2026-08-21T04:57:23+00:00,LINK,10.91,,,coingecko
2026-08-21T04:57:23+00:00,AVAX,7.32,,,coingecko
2026-08-21T04:57:23+00:00,DOT,0.846342,,,coingecko
2026-08-21T04:57:23+00:00,MATIC,0.126156,,,coingecko
2026-08-21T04:57:23+00:00,LTC,48.65,,,coingecko
2026-08-21T04:57:41+00:00,BTC,75013.71,,,consenso
2026-08-21T04:57:41+00:00,ETH,2354.135,,,consenso
2026-08-21T04:57:41+00:00,SOL,89.48,,,consenso
2026-08-21T04:57:41+00:00,XRP,1.3178,,,consenso
2026-08-21T04:57:41+00:00,DOGE,0.08236,,,binance
2026-08-21T04:57:41+00:00,BNB,660.73,,,binance
2026-08-21T04:58:29+00:00,BTC,74972.0,,,coingecko
2026-08-21T04:58:29+00:00,ETH,2352.83,,,coingecko
2026-08-21T04:58:29+00:00,SOL,89.41,,,coingecko
2026-08-21T04:58:29+00:00,XRP,1.32,,,coingecko
2026-08-21T04:58:29+00:00,DOGE,0.082277,,,coingecko
2026-08-21T04:58:29+00:00,BNB,660.43,,,coingecko
2026-08-21T04:58:29+00:00,ADA,0.208142,,,coingecko
2026-08-21T04:58:29+00:00,LINK,10.91,,,coingecko
2026-08-21T04:58:29+00:00,AVAX,7.32,,,coingecko
2026-08-21T04:58:29+00:00,DOT,0.845378,,,coingecko
2026-08-21T04:58:29+00:00,MATIC,0.126156,,,coingecko
2026-08-21T04:58:29+00:00,LTC,48.67,,,coingecko
2026-08-21T04:58:30+00:00,BTC,75013.71,,,consenso
2026-08-21T04:58:30+00:00,ETH,2354.135,,,consenso
2026-08-21T04:58:30+00:00,SOL,89.44,,,consenso
2026-08-21T04:58:30+00:00,XRP,1.3172,,,consenso
2026-08-21T04:58:30+00:00,DOGE,0.08234,,,binance
2026-08-21T04:58:30+00:00,BNB,660.61,,,binance
2026-08-21T04:59:14+00:00,BTC,75013.71,,,consenso
2026-08-21T04:59:14+00:00,ETH,2354.135,,,consenso
2026-08-21T04:59:14+00:00,SOL,89.43,,,consenso
2026-08-21T04:59:14+00:00,XRP,1.3147,,,consenso
2026-08-21T04:59:14+00:00,DOGE,0.08229,,,binance
2026-08-21T04:59:14+00:00,BNB,660.34,,,binance
2026-08-21T04:59:53+00:00,BTC,75013.71,,,consenso
2026-08-21T04:59:53+00:00,ETH,2354.135,,,consenso
2026-08-21T04:59:53+00:00,SOL,89.43,,,consenso
2026-08-21T04:59:53+00:00,XRP,1.3145,,,consenso
2026-08-21T04:59:53+00:00,DOGE,0.08231,,,binance
2026-08-21T04:59:53+00:00,BNB,660.45,,,binance
2026-08-21T05:00:37+00:00,BTC,74974.0,,,coingecko
2026-08-21T05:00:37+00:00,ETH,2352.83,,,coingecko
2026-08-21T05:00:37+00:00,SOL,89.38,,,coingecko
2026-08-21T05:00:37+00:00,XRP,1.31,,,coingecko
2026-08-21T05:00:37+00:00,DOGE,0.082272,,,coingecko
2026-08-21T05:00:37+00:00,BNB,660.1,,,coingecko
2026-08-21T05:00:37+00:00,ADA,0.20806,,,coingecko
2026-08-21T05:00:37+00:00,LINK,10.9,,,coingecko
2026-08-21T05:00:37+00:00,AVAX,7.31,,,coingecko
2026-08-21T05:00:37+00:00,DOT,0.84517,,,coingecko
2026-08-21T05:00:37+00:00,MATIC,0.126156,,,coingecko
2026-08-21T05:00:37+00:00,LTC,48.68,,,coingecko
2026-08-21T05:01:19+00:00,BTC,74964.005,,,consenso
2026-08-21T05:01:19+00:00,ETH,2352.65,,,consenso
2026-08-21T05:01:19+00:00,SOL,89.395,,,consenso
2026-08-21T05:01:19+00:00,XRP,1.3119,,,consenso
2026-08-21T05:01:19+00:00,DOGE,0.0823,,,binance
2026-08-21T05:01:19+00:00,BNB,661.09,,,binance
2026-08-21T05:01:43+00:00,BTC,74973.0,,,coingecko
2026-08-21T05:01:43+00:00,ETH,2352.41,,,coingecko
2026-08-21T05:01:43+00:00,SOL,89.37,,,coingecko
2026-08-21T05:01:43+00:00,XRP,1.31,,,coingecko
2026-08-21T05:01:43+00:00,DOGE,0.082262,,,coingecko
2026-08-21T05:01:43+00:00,BNB,660.11,,,coingecko
2026-08-21T05:01:43+00:00,ADA,0.20798,,,coingecko
2026-08-21T05:01:43+00:00,LINK,10.9,,,coingecko
2026-08-21T05:01:43+00:00,AVAX,7.31,,,coingecko
2026-08-21T05:01:43+00:00,DOT,0.844956,,,coingecko
2026-08-21T05:01:43+00:00,MATIC,0.126156,,,coingecko
2026-08-21T05:01:43+00:00,LTC,48.69,,,coingecko
2026-08-21T05:02:09+00:00,BTC,74964.005,,,consenso
2026-08-21T05:02:09+00:00,ETH,2352.65,,,consenso
2026-08-21T05:02:09+00:00,SOL,89.45,,,consenso
2026-08-21T05:02:09+00:00,XRP,1.3105,,,consenso
2026-08-21T05:02:09+00:00,DOGE,0.08237,,,binance
2026-08-21T05:02:09+00:00,BNB,661.34,,,binance
2026-08-21T05:02:49+00:00,BTC,74958.0,,,coingecko
2026-08-21T05:02:49+00:00,ETH,2352.37,,,coingecko
2026-08-21T05:02:49+00:00,SOL,89.38,,,coingecko
2026-08-21T05:02:49+00:00,XRP,1.31,,,coingecko
2026-08-21T05:02:49+00:00,DOGE,0.082264,,,coingecko
2026-08-21T05:02:49+00:00,BNB,660.38,,,coingecko
2026-08-21T05:02:49+00:00,ADA,0.207951,,,coingecko
2026-08-21T05:02:49+00:00,LINK,10.89,,,coingecko
2026-08-21T05:02:49+00:00,AVAX,7.31,,,coingecko
2026-08-21T05:02:49+00:00,DOT,0.844526,,,coingecko
2026-08-21T05:02:49+00:00,MATIC,0.126156,,,coingecko
2026-08-21T05:02:49+00:00,LTC,48.67,,,coingecko
2026-08-21T05:03:17+00:00,BTC,74964.005,,,consenso
2026-08-21T05:03:17+00:00,ETH,2352.65,,,consenso
2026-08-21T05:03:17+00:00,SOL,89.43,,,consenso
2026-08-21T05:03:17+00:00,XRP,1.3096,,,consenso
2026-08-21T05:03:17+00:00,DOGE,0.08235,,,binance
2026-08-21T05:03:17+00:00,BNB,661.51,,,binance
2026-08-21T05:03:57+00:00,BTC,74988.0,,,coingecko
2026-08-21T05:03:57+00:00,ETH,2353.26,,,coingecko
2026-08-21T05:03:57+00:00,SOL,89.4,,,coingecko
2026-08-21T05:03:57+00:00,XRP,1.31,,,coingecko
2026-08-21T05:03:57+00:00,DOGE,0.082306,,,coingecko
2026-08-21T05:03:57+00:00,BNB,660.94,,,coingecko
2026-08-21T05:03:57+00:00,ADA,0.20777,,,coingecko
2026-08-21T05:03:57+00:00,LINK,10.89,,,coingecko
2026-08-21T05:03:57+00:00,AVAX,7.3,,,coingecko
2026-08-21T05:03:57+00:00,DOT,0.844613,,,coingecko
2026-08-21T05:03:57+00:00,MATIC,0.126156,,,coingecko
2026-08-21T05:03:57+00:00,LTC,48.68,,,coingecko
2026-08-21T05:04:26+00:00,BTC,74964.005,,,consenso
2026-08-21T05:04:26+00:00,ETH,2352.65,,,consenso
2026-08-21T05:04:26+00:00,SOL,89.18,,,consenso
2026-08-21T05:04:26+00:00,XRP,1.3057,,,consenso
2026-08-21T05:04:26+00:00,DOGE,0.08207,,,binance
2026-08-21T05:04:26+00:00,BNB,660.16,,,binance
2026-08-21T05:05:03+00:00,BTC,75000.0,,,coingecko
2026-08-21T05:05:03+00:00,ETH,2353.92,,,coingecko
2026-08-21T05:05:03+00:00,SOL,89.39,,,coingecko
2026-08-21T05:05:03+00:00,XRP,1.31,,,coingecko
2026-08-21T05:05:03+00:00,DOGE,0.082326,,,coingecko
2026-08-21T05:05:03+00:00,BNB,661.02,,,coingecko
2026-08-21T05:05:03+00:00,ADA,0.207429,,,coingecko
2026-08-21T05:05:03+00:00,LINK,10.9,,,coingecko
2026-08-21T05:05:03+00:00,AVAX,7.3,,,coingecko
2026-08-21T05:05:03+00:00,DOT,0.844344,,,coingecko
2026-08-21T05:05:03+00:00,MATIC,0.126156,,,coingecko
2026-08-21T05:05:03+00:00,LTC,48.7,,,coingecko
2026-08-21T05:06:13+00:00,BTC,74910.0,,,coingecko
2026-08-21T05:06:13+00:00,ETH,2349.84,,,coingecko
2026-08-21T05:06:13+00:00,SOL,89.19,,,coingecko
2026-08-21T05:06:13+00:00,XRP,1.31,,,coingecko
2026-08-21T05:06:13+00:00,DOGE,0.082093,,,coingecko
2026-08-21T05:06:13+00:00,BNB,659.99,,,coingecko
2026-08-21T05:06:13+00:00,ADA,0.206413,,,coingecko
2026-08-21T05:06:13+00:00,LINK,10.88,,,coingecko
2026-08-21T05:06:13+00:00,AVAX,7.28,,,coingecko
2026-08-21T05:06:13+00:00,DOT,0.843012,,,coingecko
2026-08-21T05:06:13+00:00,MATIC,0.126156,,,coingecko
2026-08-21T05:06:13+00:00,LTC,48.56,,,coingecko
2026-08-21T05:06:47+00:00,BTC,75112.02,,,consenso
2026-08-21T05:06:47+00:00,ETH,2353.715,,,consenso
2026-08-21T05:06:47+00:00,SOL,89.39,,,consenso
2026-08-21T05:06:47+00:00,XRP,1.31035,,,consenso
2026-08-21T05:06:47+00:00,DOGE,0.08237,,,binance
2026-08-21T05:06:47+00:00,BNB,661.61,,,binance
2026-08-21T05:07:18+00:00,BTC,75078.0,,,coingecko
2026-08-21T05:07:18+00:00,ETH,2350.38,,,coingecko
2026-08-21T05:07:18+00:00,SOL,89.32,,,coingecko
2026-08-21T05:07:18+00:00,XRP,1.31,,,coingecko
2026-08-21T05:07:18+00:00,DOGE,0.082273,,,coingecko
2026-08-21T05:07:18+00:00,BNB,660.47,,,coingecko
2026-08-21T05:07:18+00:00,ADA,0.207112,,,coingecko
2026-08-21T05:07:18+00:00,LINK,10.89,,,coingecko
2026-08-21T05:07:18+00:00,AVAX,7.3,,,coingecko
2026-08-21T05:07:18+00:00,DOT,0.842719,,,coingecko
2026-08-21T05:07:18+00:00,MATIC,0.126156,,,coingecko
2026-08-21T05:07:18+00:00,LTC,48.56,,,coingecko
2026-08-21T05:07:58+00:00,BTC,75112.02,,,consenso
2026-08-21T05:07:58+00:00,ETH,2353.715,,,consenso
2026-08-21T05:07:58+00:00,SOL,89.45,,,consenso
2026-08-21T05:07:58+00:00,XRP,1.3105,,,consenso
2026-08-21T05:07:58+00:00,DOGE,0.08243,,,binance
2026-08-21T05:07:58+00:00,BNB,661.59,,,binance
2026-08-21T05:09:07+00:00,BTC,75112.02,,,consenso
2026-08-21T05:09:07+00:00,ETH,2353.715,,,consenso
2026-08-21T05:09:07+00:00,SOL,89.46,,,consenso
2026-08-21T05:09:07+00:00,XRP,1.3112,,,consenso
2026-08-21T05:09:07+00:00,DOGE,0.08248,,,binance
2026-08-21T05:09:07+00:00,BNB,661.41,,,binance
2026-08-21T05:09:58+00:00,BTC,75067.0,,,coingecko
2026-08-21T05:09:58+00:00,ETH,2351.8,,,coingecko
2026-08-21T05:09:58+00:00,SOL,89.4,,,coingecko
2026-08-21T05:09:58+00:00,XRP,1.31,,,coingecko
2026-08-21T05:09:58+00:00,DOGE,0.08241,,,coingecko
2026-08-21T05:09:58+00:00,BNB,661.02,,,coingecko
2026-08-21T05:09:58+00:00,ADA,0.207537,,,coingecko
2026-08-21T05:09:58+00:00,LINK,10.9,,,coingecko
2026-08-21T05:09:58+00:00,AVAX,7.3,,,coingecko
2026-08-21T05:09:58+00:00,DOT,0.844509,,,coingecko
2026-08-21T05:09:58+00:00,MATIC,0.126156,,,coingecko
2026-08-21T05:09:58+00:00,LTC,48.58,,,coingecko
2026-08-21T05:10:38+00:00,BTC,75112.02,,,consenso
2026-08-21T05:10:38+00:00,ETH,2353.715,,,consenso
2026-08-21T05:10:38+00:00,SOL,89.47,,,consenso
2026-08-21T05:10:38+00:00,XRP,1.3106,,,consenso
2026-08-21T05:10:38+00:00,DOGE,0.08243,,,binance
2026-08-21T05:10:38+00:00,BNB,661.84,,,binance
2026-08-21T05:11:05+00:00,BTC,75064.0,,,coingecko
2026-08-21T05:11:05+00:00,ETH,2351.16,,,coingecko
2026-08-21T05:11:05+00:00,SOL,89.4,,,coingecko
2026-08-21T05:11:05+00:00,XRP,1.31,,,coingecko
2026-08-21T05:11:05+00:00,DOGE,0.082417,,,coingecko
2026-08-21T05:11:05+00:00,BNB,660.94,,,coingecko
2026-08-21T05:11:05+00:00,ADA,0.207315,,,coingecko
2026-08-21T05:11:05+00:00,LINK,10.9,,,coingecko
2026-08-21T05:11:05+00:00,AVAX,7.31,,,coingecko
2026-08-21T05:11:05+00:00,DOT,0.844531,,,coingecko
2026-08-21T05:11:05+00:00,MATIC,0.126156,,,coingecko
2026-08-21T05:11:05+00:00,LTC,48.61,,,coingecko
2026-08-21T05:11:38+00:00,BTC,75112.02,,,consenso
2026-08-21T05:11:38+00:00,ETH,2353.715,,,consenso
2026-08-21T05:11:38+00:00,SOL,89.53,,,consenso
2026-08-21T05:11:38+00:00,XRP,1.3115,,,consenso
2026-08-21T05:11:38+00:00,DOGE,0.08248,,,binance
2026-08-21T05:11:38+00:00,BNB,662.5,,,binance
2026-08-21T05:12:11+00:00,BTC,75165.0,,,coingecko
2026-08-21T05:12:11+00:00,ETH,2352.05,,,coingecko
2026-08-21T05:12:11+00:00,SOL,89.4,,,coingecko
2026-08-21T05:12:11+00:00,XRP,1.31,,,coingecko
2026-08-21T05:12:11+00:00,DOGE,0.082416,,,coingecko
2026-08-21T05:12:11+00:00,BNB,661.24,,,coingecko
2026-08-21T05:12:11+00:00,ADA,0.207238,,,coingecko
2026-08-21T05:12:11+00:00,LINK,10.9,,,coingecko
2026-08-21T05:12:11+00:00,AVAX,7.31,,,coingecko
2026-08-21T05:12:11+00:00,DOT,0.844219,,,coingecko
2026-08-21T05:12:11+00:00,MATIC,0.126156,,,coingecko
2026-08-21T05:12:11+00:00,LTC,48.63,,,coingecko
2026-08-21T05:13:08+00:00,BTC,75188.295,,,consenso
2026-08-21T05:13:08+00:00,ETH,2355.915,,,consenso
2026-08-21T05:13:08+00:00,SOL,89.52,,,consenso
2026-08-21T05:13:08+00:00,XRP,1.312,,,consenso
2026-08-21T05:13:08+00:00,DOGE,0.08253,,,binance
2026-08-21T05:13:08+00:00,BNB,662.6,,,binance
2026-08-21T05:13:18+00:00,BTC,75198.0,,,coingecko
2026-08-21T05:13:18+00:00,ETH,2354.72,,,coingecko
2026-08-21T05:13:18+00:00,SOL,89.48,,,coingecko
2026-08-21T05:13:18+00:00,XRP,1.31,,,coingecko
2026-08-21T05:13:18+00:00,DOGE,0.082474,,,coingecko
2026-08-21T05:13:18+00:00,BNB,661.92,,,coingecko
2026-08-21T05:13:18+00:00,ADA,0.207461,,,coingecko
2026-08-21T05:13:18+00:00,LINK,10.91,,,coingecko
2026-08-21T05:13:18+00:00,AVAX,7.32,,,coingecko
2026-08-21T05:13:18+00:00,DOT,0.844753,,,coingecko
2026-08-21T05:13:18+00:00,MATIC,0.126156,,,coingecko
2026-08-21T05:13:18+00:00,LTC,48.66,,,coingecko
2026-08-21T05:14:19+00:00,BTC,75188.295,,,consenso
2026-08-21T05:14:19+00:00,ETH,2355.915,,,consenso
2026-08-21T05:14:19+00:00,SOL,89.63,,,consenso
2026-08-21T05:14:19+00:00,XRP,1.3112,,,consenso
2026-08-21T05:14:19+00:00,DOGE,0.08253,,,binance
2026-08-21T05:14:19+00:00,BNB,662.99,,,binance
2026-08-21T05:14:24+00:00,BTC,75180.0,,,coingecko
2026-08-21T05:14:24+00:00,ETH,2354.9,,,coingecko
2026-08-21T05:14:24+00:00,SOL,89.51,,,coingecko
2026-08-21T05:14:24+00:00,XRP,1.31,,,coingecko
2026-08-21T05:14:24+00:00,DOGE,0.082488,,,coingecko
2026-08-21T05:14:24+00:00,BNB,662.04,,,coingecko
2026-08-21T05:14:24+00:00,ADA,0.207497,,,coingecko
2026-08-21T05:14:24+00:00,LINK,10.91,,,coingecko
2026-08-21T05:14:24+00:00,AVAX,7.32,,,coingecko
2026-08-21T05:14:24+00:00,DOT,0.844992,,,coingecko
2026-08-21T05:14:24+00:00,MATIC,0.126156,,,coingecko
2026-08-21T05:14:24+00:00,LTC,48.66,,,coingecko
2026-08-21T05:15:23+00:00,BTC,75188.295,,,consenso
2026-08-21T05:15:23+00:00,ETH,2355.915,,,consenso
2026-08-21T05:15:23+00:00,SOL,89.53,,,consenso
2026-08-21T05:15:23+00:00,XRP,1.3097,,,consenso
2026-08-21T05:15:23+00:00,DOGE,0.08243,,,binance
2026-08-21T05:15:23+00:00,BNB,662.26,,,binance
2026-08-21T05:15:30+00:00,BTC,75225.0,,,coingecko
2026-08-21T05:15:30+00:00,ETH,2355.74,,,coingecko
2026-08-21T05:15:30+00:00,SOL,89.55,,,coingecko
2026-08-21T05:15:30+00:00,XRP,1.31,,,coingecko
2026-08-21T05:15:30+00:00,DOGE,0.082484,,,coingecko
2026-08-21T05:15:30+00:00,BNB,662.34,,,coingecko
2026-08-21T05:15:30+00:00,ADA,0.207542,,,coingecko
2026-08-21T05:15:30+00:00,LINK,10.92,,,coingecko
2026-08-21T05:15:30+00:00,AVAX,7.31,,,coingecko
2026-08-21T05:15:30+00:00,DOT,0.845265,,,coingecko
2026-08-21T05:15:30+00:00,MATIC,0.126156,,,coingecko
2026-08-21T05:15:30+00:00,LTC,48.68,,,coingecko
2026-08-21T05:16:35+00:00,BTC,75188.295,,,consenso
2026-08-21T05:16:35+00:00,ETH,2355.915,,,consenso
2026-08-21T05:16:35+00:00,SOL,89.69,,,consenso
2026-08-21T05:16:35+00:00,XRP,1.3135,,,consenso
2026-08-21T05:16:35+00:00,DOGE,0.08252,,,binance
2026-08-21T05:16:35+00:00,BNB,662.76,,,binance
2026-08-21T05:16:43+00:00,BTC,75258.0,,,coingecko
2026-08-21T05:16:43+00:00,ETH,2356.69,,,coingecko
2026-08-21T05:16:43+00:00,SOL,89.54,,,coingecko
2026-08-21T05:16:43+00:00,XRP,1.31,,,coingecko
2026-08-21T05:16:43+00:00,DOGE,0.082454,,,coingecko
2026-08-21T05:16:43+00:00,BNB,662.15,,,coingecko
2026-08-21T05:16:43+00:00,ADA,0.207571,,,coingecko
2026-08-21T05:16:43+00:00,LINK,10.92,,,coingecko
2026-08-21T05:16:43+00:00,AVAX,7.32,,,coingecko
2026-08-21T05:16:43+00:00,DOT,0.845303,,,coingecko
2026-08-21T05:16:43+00:00,MATIC,0.126156,,,coingecko
2026-08-21T05:16:43+00:00,LTC,48.65,,,coingecko
2026-08-21T05:17:50+00:00,BTC,75282.0,,,coingecko
2026-08-21T05:17:50+00:00,ETH,2357.92,,,coingecko
2026-08-21T05:17:50+00:00,SOL,89.59,,,coingecko
2026-08-21T05:17:50+00:00,XRP,1.31,,,coingecko
2026-08-21T05:17:50+00:00,DOGE,0.082458,,,coingecko
2026-08-21T05:17:50+00:00,BNB,662.24,,,coingecko
2026-08-21T05:17:50+00:00,ADA,0.207655,,,coingecko
2026-08-21T05:17:50+00:00,LINK,10.93,,,coingecko
2026-08-21T05:17:50+00:00,AVAX,7.32,,,coingecko
2026-08-21T05:17:50+00:00,DOT,0.845298,,,coingecko
2026-08-21T05:17:50+00:00,MATIC,0.126156,,,coingecko
2026-08-21T05:17:50+00:00,LTC,48.67,,,coingecko
2026-08-21T05:18:59+00:00,BTC,75306.0,,,coingecko
2026-08-21T05:18:59+00:00,ETH,2358.32,,,coingecko
2026-08-21T05:18:59+00:00,SOL,89.62,,,coingecko
2026-08-21T05:18:59+00:00,XRP,1.31,,,coingecko
2026-08-21T05:18:59+00:00,DOGE,0.08246,,,coingecko
2026-08-21T05:18:59+00:00,BNB,662.4,,,coingecko
2026-08-21T05:18:59+00:00,ADA,0.207742,,,coingecko
2026-08-21T05:18:59+00:00,LINK,10.93,,,coingecko
2026-08-21T05:18:59+00:00,AVAX,7.32,,,coingecko
2026-08-21T05:18:59+00:00,DOT,0.845815,,,coingecko
2026-08-21T05:18:59+00:00,MATIC,0.126156,,,coingecko
2026-08-21T05:18:59+00:00,LTC,48.69,,,coingecko
2026-08-21T05:20:04+00:00,BTC,75379.0,,,coingecko
2026-08-21T05:20:04+00:00,ETH,2359.04,,,coingecko
2026-08-21T05:20:04+00:00,SOL,89.72,,,coingecko
2026-08-21T05:20:04+00:00,XRP,1.31,,,coingecko
2026-08-21T05:20:04+00:00,DOGE,0.082499,,,coingecko
2026-08-21T05:20:04+00:00,BNB,662.62,,,coingecko
2026-08-21T05:20:04+00:00,ADA,0.208107,,,coingecko
2026-08-21T05:20:04+00:00,LINK,10.93,,,coingecko
2026-08-21T05:20:04+00:00,AVAX,7.32,,,coingecko
2026-08-21T05:20:04+00:00,DOT,0.846553,,,coingecko
2026-08-21T05:20:04+00:00,MATIC,0.126156,,,coingecko
2026-08-21T05:20:04+00:00,LTC,48.7,,,coingecko
2026-08-21T05:21:46+00:00,BTC,75401.825,,,consenso
2026-08-21T05:21:46+00:00,ETH,2357.875,,,consenso
2026-08-21T05:21:46+00:00,SOL,89.85,,,consenso
2026-08-21T05:21:46+00:00,XRP,1.3114,,,consenso
2026-08-21T05:21:46+00:00,DOGE,0.08267,,,binance
2026-08-21T05:21:46+00:00,BNB,663.41,,,binance
2026-08-21T05:22:32+00:00,BTC,75392.0,,,coingecko
2026-08-21T05:22:32+00:00,ETH,2359.19,,,coingecko
2026-08-21T05:22:32+00:00,SOL,89.89,,,coingecko
2026-08-21T05:22:32+00:00,XRP,1.31,,,coingecko
2026-08-21T05:22:32+00:00,DOGE,0.082625,,,coingecko
2026-08-21T05:22:32+00:00,BNB,663.16,,,coingecko
2026-08-21T05:22:32+00:00,ADA,0.208309,,,coingecko
2026-08-21T05:22:32+00:00,LINK,10.92,,,coingecko
2026-08-21T05:22:32+00:00,AVAX,7.33,,,coingecko
2026-08-21T05:22:32+00:00,DOT,0.845924,,,coingecko
2026-08-21T05:22:32+00:00,MATIC,0.126156,,,coingecko
2026-08-21T05:22:32+00:00,LTC,48.72,,,coingecko
2026-08-21T05:23:38+00:00,BTC,75373.0,,,coingecko
2026-08-21T05:23:38+00:00,ETH,2357.14,,,coingecko
2026-08-21T05:23:38+00:00,SOL,89.82,,,coingecko
2026-08-21T05:23:38+00:00,XRP,1.31,,,coingecko
2026-08-21T05:23:38+00:00,DOGE,0.082609,,,coingecko
2026-08-21T05:23:38+00:00,BNB,662.95,,,coingecko
2026-08-21T05:23:38+00:00,ADA,0.208097,,,coingecko
2026-08-21T05:23:38+00:00,LINK,10.91,,,coingecko
2026-08-21T05:23:38+00:00,AVAX,7.32,,,coingecko
2026-08-21T05:23:38+00:00,DOT,0.845337,,,coingecko
2026-08-21T05:23:38+00:00,MATIC,0.126156,,,coingecko
2026-08-21T05:23:38+00:00,LTC,48.67,,,coingecko
2026-08-21T05:24:36+00:00,BTC,75401.825,,,consenso
2026-08-21T05:24:36+00:00,ETH,2357.875,,,consenso
2026-08-21T05:24:36+00:00,SOL,89.74,,,consenso
2026-08-21T05:24:36+00:00,XRP,1.3083,,,consenso
2026-08-21T05:24:36+00:00,DOGE,0.08252,,,binance
2026-08-21T05:24:36+00:00,BNB,663.15,,,binance
2026-08-21T05:24:48+00:00,BTC,75372.0,,,coingecko
2026-08-21T05:24:48+00:00,ETH,2356.81,,,coingecko
2026-08-21T05:24:48+00:00,SOL,89.82,,,coingecko
2026-08-21T05:24:48+00:00,XRP,1.31,,,coingecko
2026-08-21T05:24:48+00:00,DOGE,0.082572,,,coingecko
2026-08-21T05:24:48+00:00,BNB,662.63,,,coingecko
2026-08-21T05:24:48+00:00,ADA,0.207657,,,coingecko
2026-08-21T05:24:48+00:00,LINK,10.91,,,coingecko
2026-08-21T05:24:48+00:00,AVAX,7.32,,,coingecko
2026-08-21T05:24:48+00:00,DOT,0.845032,,,coingecko
2026-08-21T05:24:48+00:00,MATIC,0.126156,,,coingecko
2026-08-21T05:24:48+00:00,LTC,48.64,,,coingecko
2026-08-21T05:25:44+00:00,BTC,75401.825,,,consenso
2026-08-21T05:25:44+00:00,ETH,2357.875,,,consenso
2026-08-21T05:25:44+00:00,SOL,89.68,,,consenso
2026-08-21T05:25:44+00:00,XRP,1.308,,,consenso
2026-08-21T05:25:44+00:00,DOGE,0.08237,,,binance
2026-08-21T05:25:44+00:00,BNB,661.99,,,binance
2026-08-21T05:25:56+00:00,BTC,75291.0,,,coingecko
2026-08-21T05:25:56+00:00,ETH,2356.27,,,coingecko
2026-08-21T05:25:56+00:00,SOL,89.72,,,coingecko
2026-08-21T05:25:56+00:00,XRP,1.31,,,coingecko
2026-08-21T05:25:56+00:00,DOGE,0.082497,,,coingecko
2026-08-21T05:25:56+00:00,BNB,662.62,,,coingecko
2026-08-21T05:25:56+00:00,ADA,0.20738,,,coingecko
2026-08-21T05:25:56+00:00,LINK,10.9,,,coingecko
2026-08-21T05:25:56+00:00,AVAX,7.32,,,coingecko
2026-08-21T05:25:56+00:00,DOT,0.844481,,,coingecko
2026-08-21T05:25:56+00:00,MATIC,0.126156,,,coingecko
2026-08-21T05:25:56+00:00,LTC,48.62,,,coingecko
2026-08-21T05:26:54+00:00,BTC,75181.725,,,consenso
2026-08-21T05:26:54+00:00,ETH,2352.315,,,consenso
2026-08-21T05:26:54+00:00,SOL,89.585,,,consenso
2026-08-21T05:26:54+00:00,XRP,1.3079,,,consenso
2026-08-21T05:26:54+00:00,DOGE,0.08229,,,binance
2026-08-21T05:26:54+00:00,BNB,661.35,,,binance
2026-08-21T05:27:04+00:00,BTC,75232.0,,,coingecko
2026-08-21T05:27:04+00:00,ETH,2354.25,,,coingecko
2026-08-21T05:27:04+00:00,SOL,89.65,,,coingecko
2026-08-21T05:27:04+00:00,XRP,1.31,,,coingecko
2026-08-21T05:27:04+00:00,DOGE,0.082382,,,coingecko
2026-08-21T05:27:04+00:00,BNB,661.64,,,coingecko
2026-08-21T05:27:04+00:00,ADA,0.207045,,,coingecko
2026-08-21T05:27:04+00:00,LINK,10.89,,,coingecko
2026-08-21T05:27:04+00:00,AVAX,7.32,,,coingecko
2026-08-21T05:27:04+00:00,DOT,0.844295,,,coingecko
2026-08-21T05:27:04+00:00,MATIC,0.126156,,,coingecko
2026-08-21T05:27:04+00:00,LTC,48.6,,,coingecko
2026-08-21T05:28:13+00:00,BTC,75192.0,,,coingecko
2026-08-21T05:28:13+00:00,ETH,2352.3,,,coingecko
2026-08-21T05:28:13+00:00,SOL,89.59,,,coingecko
2026-08-21T05:28:13+00:00,XRP,1.31,,,coingecko
2026-08-21T05:28:13+00:00,DOGE,0.082301,,,coingecko
2026-08-21T05:28:13+00:00,BNB,660.95,,,coingecko
2026-08-21T05:28:13+00:00,ADA,0.206844,,,coingecko
2026-08-21T05:28:13+00:00,LINK,10.89,,,coingecko
2026-08-21T05:28:13+00:00,AVAX,7.32,,,coingecko
2026-08-21T05:28:13+00:00,DOT,0.843763,,,coingecko
2026-08-21T05:28:13+00:00,MATIC,0.126156,,,coingecko
2026-08-21T05:28:13+00:00,LTC,48.56,,,coingecko
2026-08-21T05:28:15+00:00,BTC,75181.725,,,consenso
2026-08-21T05:28:15+00:00,ETH,2352.315,,,consenso
2026-08-21T05:28:15+00:00,SOL,89.58,,,consenso
2026-08-21T05:28:15+00:00,XRP,1.3091,,,consenso
2026-08-21T05:28:15+00:00,DOGE,0.08228,,,binance
2026-08-21T05:28:15+00:00,BNB,661.21,,,binance
2026-08-21T05:29:20+00:00,BTC,75103.0,,,coingecko
2026-08-21T05:29:20+00:00,ETH,2350.84,,,coingecko
2026-08-21T05:29:20+00:00,SOL,89.49,,,coingecko
2026-08-21T05:29:20+00:00,XRP,1.31,,,coingecko
2026-08-21T05:29:20+00:00,DOGE,0.082213,,,coingecko
2026-08-21T05:29:20+00:00,BNB,660.56,,,coingecko
2026-08-21T05:29:20+00:00,ADA,0.206578,,,coingecko
2026-08-21T05:29:20+00:00,LINK,10.87,,,coingecko
2026-08-21T05:29:20+00:00,AVAX,7.31,,,coingecko
2026-08-21T05:29:20+00:00,DOT,0.842728,,,coingecko
2026-08-21T05:29:20+00:00,MATIC,0.126156,,,coingecko
2026-08-21T05:29:20+00:00,LTC,48.51,,,coingecko
2026-08-21T05:29:23+00:00,BTC,75181.725,,,consenso
2026-08-21T05:29:23+00:00,ETH,2352.315,,,consenso
2026-08-21T05:29:23+00:00,SOL,89.7,,,consenso
2026-08-21T05:29:23+00:00,XRP,1.3096,,,consenso
2026-08-21T05:29:23+00:00,DOGE,0.0825,,,binance
2026-08-21T05:29:23+00:00,BNB,661.87,,,binance
2026-08-21T05:30:20+00:00,BTC,75181.725,,,consenso
2026-08-21T05:30:20+00:00,ETH,2352.315,,,consenso
2026-08-21T05:30:20+00:00,SOL,89.59,,,consenso
2026-08-21T05:30:20+00:00,XRP,1.3081,,,consenso
2026-08-21T05:30:20+00:00,DOGE,0.08242,,,binance
2026-08-21T05:30:20+00:00,BNB,661.64,,,binance
2026-08-21T05:30:24+00:00,BTC,75224.0,,,coingecko
2026-08-21T05:30:24+00:00,ETH,2352.92,,,coingecko
2026-08-21T05:30:24+00:00,SOL,89.59,,,coingecko
2026-08-21T05:30:24+00:00,XRP,1.31,,,coingecko
2026-08-21T05:30:24+00:00,DOGE,0.082338,,,coingecko
2026-08-21T05:30:24+00:00,BNB,661.22,,,coingecko
2026-08-21T05:30:24+00:00,ADA,0.206911,,,coingecko
2026-08-21T05:30:24+00:00,LINK,10.88,,,coingecko
2026-08-21T05:30:24+00:00,AVAX,7.31,,,coingecko
2026-08-21T05:30:24+00:00,DOT,0.844087,,,coingecko
2026-08-21T05:30:24+00:00,MATIC,0.126156,,,coingecko
2026-08-21T05:30:24+00:00,LTC,48.55,,,coingecko
2026-08-21T05:31:15+00:00,BTC,75181.725,,,consenso
2026-08-21T05:31:15+00:00,ETH,2352.315,,,consenso
2026-08-21T05:31:15+00:00,SOL,89.67,,,consenso
2026-08-21T05:31:15+00:00,XRP,1.3085,,,consenso
2026-08-21T05:31:15+00:00,DOGE,0.08253,,,binance
2026-08-21T05:31:15+00:00,BNB,661.97,,,binance
2026-08-21T05:31:32+00:00,BTC,75160.0,,,coingecko
2026-08-21T05:31:32+00:00,ETH,2352.44,,,coingecko
2026-08-21T05:31:32+00:00,SOL,89.59,,,coingecko
2026-08-21T05:31:32+00:00,XRP,1.31,,,coingecko
2026-08-21T05:31:32+00:00,DOGE,0.082389,,,coingecko
2026-08-21T05:31:32+00:00,BNB,661.25,,,coingecko
2026-08-21T05:31:32+00:00,ADA,0.207018,,,coingecko
2026-08-21T05:31:32+00:00,LINK,10.87,,,coingecko
2026-08-21T05:31:32+00:00,AVAX,7.31,,,coingecko
2026-08-21T05:31:32+00:00,DOT,0.843964,,,coingecko
2026-08-21T05:31:32+00:00,MATIC,0.126156,,,coingecko
2026-08-21T05:31:32+00:00,LTC,48.55,,,coingecko
2026-08-21T05:32:11+00:00,BTC,75143.645,,,consenso
2026-08-21T05:32:11+00:00,ETH,2352.395,,,consenso
2026-08-21T05:32:11+00:00,SOL,89.64,,,consenso
2026-08-21T05:32:11+00:00,XRP,1.3076,,,consenso
2026-08-21T05:32:11+00:00,DOGE,0.08249,,,binance
2026-08-21T05:32:11+00:00,BNB,662.09,,,binance
2026-08-21T05:32:41+00:00,BTC,75141.0,,,coingecko
2026-08-21T05:32:41+00:00,ETH,2352.0,,,coingecko
2026-08-21T05:32:41+00:00,SOL,89.6,,,coingecko
2026-08-21T05:32:41+00:00,XRP,1.31,,,coingecko
2026-08-21T05:32:41+00:00,DOGE,0.082459,,,coingecko
2026-08-21T05:32:41+00:00,BNB,661.48,,,coingecko
2026-08-21T05:32:41+00:00,ADA,0.207034,,,coingecko
2026-08-21T05:32:41+00:00,LINK,10.87,,,coingecko
2026-08-21T05:32:41+00:00,AVAX,7.32,,,coingecko
2026-08-21T05:32:41+00:00,DOT,0.845044,,,coingecko
2026-08-21T05:32:41+00:00,MATIC,0.126156,,,coingecko
2026-08-21T05:32:41+00:00,LTC,48.56,,,coingecko
2026-08-21T05:33:06+00:00,BTC,75143.645,,,consenso
2026-08-21T05:33:06+00:00,ETH,2352.395,,,consenso
2026-08-21T05:33:06+00:00,SOL,89.69,,,consenso
2026-08-21T05:33:06+00:00,XRP,1.306,,,consenso
2026-08-21T05:33:06+00:00,DOGE,0.08261,,,binance
2026-08-21T05:33:06+00:00,BNB,662.13,,,binance
2026-08-21T05:34:09+00:00,BTC,75143.645,,,consenso
2026-08-21T05:34:09+00:00,ETH,2352.395,,,consenso
2026-08-21T05:34:09+00:00,SOL,89.83,,,consenso
2026-08-21T05:34:09+00:00,XRP,1.308,,,consenso
2026-08-21T05:34:09+00:00,DOGE,0.08274,,,binance
2026-08-21T05:34:09+00:00,BNB,663.11,,,binance
2026-08-21T05:34:58+00:00,BTC,75122.0,,,coingecko
2026-08-21T05:34:58+00:00,ETH,2351.61,,,coingecko
2026-08-21T05:34:58+00:00,SOL,89.69,,,coingecko
2026-08-21T05:34:58+00:00,XRP,1.31,,,coingecko
2026-08-21T05:34:58+00:00,DOGE,0.082569,,,coingecko
2026-08-21T05:34:58+00:00,BNB,662.23,,,coingecko
2026-08-21T05:34:58+00:00,ADA,0.206931,,,coingecko
2026-08-21T05:34:58+00:00,LINK,10.86,,,coingecko
2026-08-21T05:34:58+00:00,AVAX,7.32,,,coingecko
2026-08-21T05:34:58+00:00,DOT,0.846317,,,coingecko
2026-08-21T05:34:58+00:00,MATIC,0.126156,,,coingecko
2026-08-21T05:34:58+00:00,LTC,48.57,,,coingecko
2026-08-21T05:35:52+00:00,BTC,75143.645,,,consenso
2026-08-21T05:35:52+00:00,ETH,2352.395,,,consenso
2026-08-21T05:35:52+00:00,SOL,89.75,,,consenso
2026-08-21T05:35:52+00:00,XRP,1.3062,,,consenso
2026-08-21T05:35:52+00:00,DOGE,0.0826,,,binance
2026-08-21T05:35:52+00:00,BNB,663.27,,,binance
2026-08-21T05:36:08+00:00,BTC,75179.0,,,coingecko
2026-08-21T05:36:08+00:00,ETH,2354.79,,,coingecko
2026-08-21T05:36:08+00:00,SOL,89.75,,,coingecko
2026-08-21T05:36:08+00:00,XRP,1.31,,,coingecko
2026-08-21T05:36:08+00:00,DOGE,0.082658,,,coingecko
2026-08-21T05:36:08+00:00,BNB,662.7,,,coingecko
2026-08-21T05:36:08+00:00,ADA,0.207264,,,coingecko
2026-08-21T05:36:08+00:00,LINK,10.87,,,coingecko
2026-08-21T05:36:08+00:00,AVAX,7.33,,,coingecko
2026-08-21T05:36:08+00:00,DOT,0.847079,,,coingecko
2026-08-21T05:36:08+00:00,MATIC,0.126156,,,coingecko
2026-08-21T05:36:08+00:00,LTC,48.59,,,coingecko
2026-08-21T05:36:42+00:00,BTC,75143.645,,,consenso
2026-08-21T05:36:42+00:00,ETH,2352.395,,,consenso
2026-08-21T05:36:42+00:00,SOL,89.89,,,consenso
2026-08-21T05:36:42+00:00,XRP,1.3068,,,consenso
2026-08-21T05:36:42+00:00,DOGE,0.08265,,,binance
2026-08-21T05:36:42+00:00,BNB,663.48,,,binance
2026-08-21T05:37:14+00:00,BTC,75164.0,,,coingecko
2026-08-21T05:37:14+00:00,ETH,2353.54,,,coingecko
2026-08-21T05:37:14+00:00,SOL,89.71,,,coingecko
2026-08-21T05:37:14+00:00,XRP,1.31,,,coingecko
2026-08-21T05:37:14+00:00,DOGE,0.082564,,,coingecko
2026-08-21T05:37:14+00:00,BNB,662.79,,,coingecko
2026-08-21T05:37:14+00:00,ADA,0.207147,,,coingecko
2026-08-21T05:37:14+00:00,LINK,10.87,,,coingecko
2026-08-21T05:37:14+00:00,AVAX,7.34,,,coingecko
2026-08-21T05:37:14+00:00,DOT,0.847282,,,coingecko
2026-08-21T05:37:14+00:00,MATIC,0.126156,,,coingecko
2026-08-21T05:37:14+00:00,LTC,48.58,,,coingecko
2026-08-21T05:37:35+00:00,BTC,75206.285,,,consenso
2026-08-21T05:37:35+00:00,ETH,2354.53,,,consenso
2026-08-21T05:37:35+00:00,SOL,89.9,,,consenso
2026-08-21T05:37:35+00:00,XRP,1.3076,,,consenso
2026-08-21T05:37:35+00:00,DOGE,0.08265,,,binance
2026-08-21T05:37:35+00:00,BNB,663.45,,,binance
2026-08-21T05:38:19+00:00,BTC,75188.0,,,coingecko
2026-08-21T05:38:19+00:00,ETH,2353.98,,,coingecko
2026-08-21T05:38:19+00:00,SOL,89.77,,,coingecko
2026-08-21T05:38:19+00:00,XRP,1.31,,,coingecko
2026-08-21T05:38:19+00:00,DOGE,0.082595,,,coingecko
2026-08-21T05:38:19+00:00,BNB,663.01,,,coingecko
2026-08-21T05:38:19+00:00,ADA,0.207438,,,coingecko
2026-08-21T05:38:19+00:00,LINK,10.87,,,coingecko
2026-08-21T05:38:19+00:00,AVAX,7.33,,,coingecko
2026-08-21T05:38:19+00:00,DOT,0.848119,,,coingecko
2026-08-21T05:38:19+00:00,MATIC,0.126156,,,coingecko
2026-08-21T05:38:19+00:00,LTC,48.61,,,coingecko
2026-08-21T05:38:58+00:00,BTC,75206.285,,,consenso
2026-08-21T05:38:58+00:00,ETH,2354.53,,,consenso
2026-08-21T05:38:58+00:00,SOL,89.93,,,consenso
2026-08-21T05:38:58+00:00,XRP,1.3067,,,consenso
2026-08-21T05:38:58+00:00,DOGE,0.08261,,,binance
2026-08-21T05:38:58+00:00,BNB,663.38,,,binance
2026-08-21T05:39:25+00:00,BTC,75208.0,,,coingecko
2026-08-21T05:39:25+00:00,ETH,2353.23,,,coingecko
2026-08-21T05:39:25+00:00,SOL,89.84,,,coingecko
2026-08-21T05:39:25+00:00,XRP,1.31,,,coingecko
2026-08-21T05:39:25+00:00,DOGE,0.082573,,,coingecko
2026-08-21T05:39:25+00:00,BNB,662.94,,,coingecko
2026-08-21T05:39:25+00:00,ADA,0.208142,,,coingecko
2026-08-21T05:39:25+00:00,LINK,10.87,,,coingecko
2026-08-21T05:39:25+00:00,AVAX,7.32,,,coingecko
2026-08-21T05:39:25+00:00,DOT,0.848243,,,coingecko
2026-08-21T05:39:25+00:00,MATIC,0.126156,,,coingecko
2026-08-21T05:39:25+00:00,LTC,48.62,,,coingecko
2026-08-21T05:39:59+00:00,BTC,75206.285,,,consenso
2026-08-21T05:39:59+00:00,ETH,2354.53,,,consenso
2026-08-21T05:39:59+00:00,SOL,90.05,,,consenso
2026-08-21T05:39:59+00:00,XRP,1.3077,,,consenso
2026-08-21T05:39:59+00:00,DOGE,0.0826,,,binance
2026-08-21T05:39:59+00:00,BNB,663.56,,,binance
2026-08-21T05:40:30+00:00,BTC,75222.0,,,coingecko
2026-08-21T05:40:30+00:00,ETH,2353.26,,,coingecko
2026-08-21T05:40:30+00:00,SOL,89.9,,,coingecko
2026-08-21T05:40:30+00:00,XRP,1.31,,,coingecko
2026-08-21T05:40:30+00:00,DOGE,0.082576,,,coingecko
2026-08-21T05:40:30+00:00,BNB,662.97,,,coingecko
2026-08-21T05:40:30+00:00,ADA,0.207997,,,coingecko
2026-08-21T05:40:30+00:00,LINK,10.87,,,coingecko
2026-08-21T05:40:30+00:00,AVAX,7.32,,,coingecko
2026-08-21T05:40:30+00:00,DOT,0.848323,,,coingecko
2026-08-21T05:40:30+00:00,MATIC,0.126156,,,coingecko
2026-08-21T05:40:30+00:00,LTC,48.64,,,coingecko
2026-08-21T05:41:09+00:00,BTC,75206.285,,,consenso
2026-08-21T05:41:09+00:00,ETH,2354.53,,,consenso
2026-08-21T05:41:09+00:00,SOL,89.97,,,consenso
2026-08-21T05:41:09+00:00,XRP,1.3067,,,consenso
2026-08-21T05:41:09+00:00,DOGE,0.08253,,,binance
2026-08-21T05:41:09+00:00,BNB,663.6,,,binance
2026-08-21T05:41:39+00:00,BTC,75299.0,,,coingecko
2026-08-21T05:41:39+00:00,ETH,2354.52,,,coingecko
2026-08-21T05:41:39+00:00,SOL,89.96,,,coingecko
2026-08-21T05:41:39+00:00,XRP,1.31,,,coingecko
2026-08-21T05:41:39+00:00,DOGE,0.082548,,,coingecko
2026-08-21T05:41:39+00:00,BNB,663.1,,,coingecko
2026-08-21T05:41:39+00:00,ADA,0.208061,,,coingecko
2026-08-21T05:41:39+00:00,LINK,10.88,,,coingecko
2026-08-21T05:41:39+00:00,AVAX,7.34,,,coingecko
2026-08-21T05:41:39+00:00,DOT,0.848048,,,coingecko
2026-08-21T05:41:39+00:00,MATIC,0.126156,,,coingecko
2026-08-21T05:41:39+00:00,LTC,48.69,,,coingecko
2026-08-21T05:42:10+00:00,BTC,75206.285,,,consenso
2026-08-21T05:42:10+00:00,ETH,2354.53,,,consenso
2026-08-21T05:42:10+00:00,SOL,90.07,,,consenso
2026-08-21T05:42:10+00:00,XRP,1.3077,,,consenso
2026-08-21T05:42:10+00:00,DOGE,0.08258,,,binance
2026-08-21T05:42:10+00:00,BNB,663.74,,,binance
2026-08-21T05:42:44+00:00,BTC,75257.0,,,coingecko
2026-08-21T05:42:44+00:00,ETH,2353.66,,,coingecko
2026-08-21T05:42:44+00:00,SOL,89.92,,,coingecko
2026-08-21T05:42:44+00:00,XRP,1.31,,,coingecko
2026-08-21T05:42:44+00:00,DOGE,0.082475,,,coingecko
2026-08-21T05:42:44+00:00,BNB,663.09,,,coingecko
2026-08-21T05:42:44+00:00,ADA,0.208246,,,coingecko
2026-08-21T05:42:44+00:00,LINK,10.9,,,coingecko
2026-08-21T05:42:44+00:00,AVAX,7.34,,,coingecko
2026-08-21T05:42:44+00:00,DOT,0.847888,,,coingecko
2026-08-21T05:42:44+00:00,MATIC,0.126156,,,coingecko
2026-08-21T05:42:44+00:00,LTC,48.7,,,coingecko
2026-08-21T05:43:04+00:00,BTC,75271.615,,,consenso
2026-08-21T05:43:04+00:00,ETH,2354.98,,,consenso
2026-08-21T05:43:04+00:00,SOL,90.0,,,consenso
2026-08-21T05:43:04+00:00,XRP,1.3062,,,consenso
2026-08-21T05:43:04+00:00,DOGE,0.08248,,,binance
2026-08-21T05:43:04+00:00,BNB,663.47,,,binance
2026-08-21T05:43:48+00:00,BTC,75268.0,,,coingecko
2026-08-21T05:43:48+00:00,ETH,2352.76,,,coingecko
2026-08-21T05:43:48+00:00,SOL,90.01,,,coingecko
2026-08-21T05:43:48+00:00,XRP,1.31,,,coingecko
2026-08-21T05:43:48+00:00,DOGE,0.082518,,,coingecko
2026-08-21T05:43:48+00:00,BNB,663.07,,,coingecko
2026-08-21T05:43:48+00:00,ADA,0.208346,,,coingecko
2026-08-21T05:43:48+00:00,LINK,10.9,,,coingecko
2026-08-21T05:43:48+00:00,AVAX,7.34,,,coingecko
2026-08-21T05:43:48+00:00,DOT,0.848251,,,coingecko
2026-08-21T05:43:48+00:00,MATIC,0.126156,,,coingecko
2026-08-21T05:43:48+00:00,LTC,48.71,,,coingecko
2026-08-21T05:43:50+00:00,BTC,75271.615,,,consenso
2026-08-21T05:43:50+00:00,ETH,2354.98,,,consenso
2026-08-21T05:43:50+00:00,SOL,90.04,,,consenso
2026-08-21T05:43:50+00:00,XRP,1.3047,,,consenso
2026-08-21T05:43:50+00:00,DOGE,0.08244,,,binance
2026-08-21T05:43:50+00:00,BNB,663.01,,,binance
2026-08-21T05:44:53+00:00,BTC,75242.0,,,coingecko
2026-08-21T05:44:53+00:00,ETH,2353.77,,,coingecko
2026-08-21T05:44:53+00:00,SOL,90.0,,,coingecko
2026-08-21T05:44:53+00:00,XRP,1.31,,,coingecko
2026-08-21T05:44:53+00:00,DOGE,0.082435,,,coingecko
2026-08-21T05:44:53+00:00,BNB,662.93,,,coingecko
2026-08-21T05:44:53+00:00,ADA,0.208134,,,coingecko
2026-08-21T05:44:53+00:00,LINK,10.9,,,coingecko
2026-08-21T05:44:53+00:00,AVAX,7.34,,,coingecko
2026-08-21T05:44:53+00:00,DOT,0.848306,,,coingecko
2026-08-21T05:44:53+00:00,MATIC,0.126156,,,coingecko
2026-08-21T05:44:53+00:00,LTC,48.7,,,coingecko
2026-08-21T05:45:20+00:00,BTC,75271.615,,,consenso
2026-08-21T05:45:20+00:00,ETH,2354.98,,,consenso
2026-08-21T05:45:20+00:00,SOL,90.26,,,consenso
2026-08-21T05:45:20+00:00,XRP,1.3046,,,consenso
2026-08-21T05:45:20+00:00,DOGE,0.08251,,,binance
2026-08-21T05:45:20+00:00,BNB,663.35,,,binance
2026-08-21T05:46:36+00:00,BTC,75271.615,,,consenso
2026-08-21T05:46:36+00:00,ETH,2354.98,,,consenso
2026-08-21T05:46:36+00:00,SOL,90.32,,,consenso
2026-08-21T05:46:36+00:00,XRP,1.3052,,,consenso
2026-08-21T05:46:36+00:00,DOGE,0.08259,,,binance
2026-08-21T05:46:36+00:00,BNB,663.78,,,binance
2026-08-21T05:46:54+00:00,BTC,75236.0,,,coingecko
2026-08-21T05:46:54+00:00,ETH,2353.07,,,coingecko
2026-08-21T05:46:54+00:00,SOL,90.11,,,coingecko
2026-08-21T05:46:54+00:00,XRP,1.3,,,coingecko
2026-08-21T05:46:54+00:00,DOGE,0.082438,,,coingecko
2026-08-21T05:46:54+00:00,BNB,663.0,,,coingecko
2026-08-21T05:46:54+00:00,ADA,0.208154,,,coingecko
2026-08-21T05:46:54+00:00,LINK,10.9,,,coingecko
2026-08-21T05:46:54+00:00,AVAX,7.35,,,coingecko
2026-08-21T05:46:54+00:00,DOT,0.848436,,,coingecko
2026-08-21T05:46:54+00:00,MATIC,0.126156,,,coingecko
2026-08-21T05:46:54+00:00,LTC,48.7,,,coingecko
2026-08-21T05:47:54+00:00,BTC,75271.615,,,consenso
2026-08-21T05:47:54+00:00,ETH,2354.98,,,consenso
2026-08-21T05:47:54+00:00,SOL,90.24,,,consenso
2026-08-21T05:47:54+00:00,XRP,1.3066,,,consenso
2026-08-21T05:47:54+00:00,DOGE,0.08261,,,binance
2026-08-21T05:47:54+00:00,BNB,663.86,,,binance
2026-08-21T05:48:04+00:00,BTC,75211.0,,,coingecko
2026-08-21T05:48:04+00:00,ETH,2352.96,,,coingecko
2026-08-21T05:48:04+00:00,SOL,90.28,,,coingecko
2026-08-21T05:48:04+00:00,XRP,1.3,,,coingecko
2026-08-21T05:48:04+00:00,DOGE,0.082496,,,coingecko
2026-08-21T05:48:04+00:00,BNB,663.29,,,coingecko
2026-08-21T05:48:04+00:00,ADA,0.208213,,,coingecko
2026-08-21T05:48:04+00:00,LINK,10.91,,,coingecko
2026-08-21T05:48:04+00:00,AVAX,7.34,,,coingecko
2026-08-21T05:48:04+00:00,DOT,0.848298,,,coingecko
2026-08-21T05:48:04+00:00,MATIC,0.126156,,,coingecko
2026-08-21T05:48:04+00:00,LTC,48.68,,,coingecko
2026-08-21T05:48:59+00:00,BTC,75227.155,,,consenso
2026-08-21T05:48:59+00:00,ETH,2355.7,,,consenso
2026-08-21T05:48:59+00:00,SOL,90.49,,,consenso
2026-08-21T05:48:59+00:00,XRP,1.30705,,,consenso
2026-08-21T05:48:59+00:00,DOGE,0.08274,,,binance
2026-08-21T05:48:59+00:00,BNB,664.0,,,binance
2026-08-21T05:49:14+00:00,BTC,75208.0,,,coingecko
2026-08-21T05:49:14+00:00,ETH,2352.49,,,coingecko
2026-08-21T05:49:14+00:00,SOL,90.18,,,coingecko
2026-08-21T05:49:14+00:00,XRP,1.31,,,coingecko
2026-08-21T05:49:14+00:00,DOGE,0.082536,,,coingecko
2026-08-21T05:49:14+00:00,BNB,663.27,,,coingecko
2026-08-21T05:49:14+00:00,ADA,0.208056,,,coingecko
2026-08-21T05:49:14+00:00,LINK,10.91,,,coingecko
2026-08-21T05:49:14+00:00,AVAX,7.34,,,coingecko
2026-08-21T05:49:14+00:00,DOT,0.848542,,,coingecko
2026-08-21T05:49:14+00:00,MATIC,0.126156,,,coingecko
2026-08-21T05:49:14+00:00,LTC,48.67,,,coingecko
2026-08-21T05:49:52+00:00,BTC,75227.155,,,consenso
2026-08-21T05:49:52+00:00,ETH,2355.7,,,consenso
2026-08-21T05:49:52+00:00,SOL,90.46,,,consenso
2026-08-21T05:49:52+00:00,XRP,1.3065,,,consenso
2026-08-21T05:49:52+00:00,DOGE,0.08271,,,binance
2026-08-21T05:49:52+00:00,BNB,663.86,,,binance
2026-08-21T05:50:21+00:00,BTC,75229.0,,,coingecko
2026-08-21T05:50:21+00:00,ETH,2354.43,,,coingecko
2026-08-21T05:50:21+00:00,SOL,90.37,,,coingecko
2026-08-21T05:50:21+00:00,XRP,1.31,,,coingecko
2026-08-21T05:50:21+00:00,DOGE,0.082616,,,coingecko
2026-08-21T05:50:21+00:00,BNB,663.41,,,coingecko
2026-08-21T05:50:21+00:00,ADA,0.208167,,,coingecko
2026-08-21T05:50:21+00:00,LINK,10.91,,,coingecko
2026-08-21T05:50:21+00:00,AVAX,7.35,,,coingecko
2026-08-21T05:50:21+00:00,DOT,0.849673,,,coingecko
2026-08-21T05:50:21+00:00,MATIC,0.126156,,,coingecko
2026-08-21T05:50:21+00:00,LTC,48.68,,,coingecko
2026-08-21T05:50:48+00:00,BTC,75227.155,,,consenso
2026-08-21T05:50:48+00:00,ETH,2355.7,,,consenso
2026-08-21T05:50:48+00:00,SOL,90.65,,,consenso
2026-08-21T05:50:48+00:00,XRP,1.3089,,,consenso
2026-08-21T05:50:48+00:00,DOGE,0.08274,,,binance
2026-08-21T05:50:48+00:00,BNB,664.28,,,binance
2026-08-21T05:51:29+00:00,BTC,75240.0,,,coingecko
2026-08-21T05:51:29+00:00,ETH,2355.8,,,coingecko
2026-08-21T05:51:29+00:00,SOL,90.52,,,coingecko
2026-08-21T05:51:29+00:00,XRP,1.31,,,coingecko
2026-08-21T05:51:29+00:00,DOGE,0.082642,,,coingecko
2026-08-21T05:51:29+00:00,BNB,663.38,,,coingecko
2026-08-21T05:51:29+00:00,ADA,0.208222,,,coingecko
2026-08-21T05:51:29+00:00,LINK,10.91,,,coingecko
2026-08-21T05:51:29+00:00,AVAX,7.35,,,coingecko
2026-08-21T05:51:29+00:00,DOT,0.850294,,,coingecko
2026-08-21T05:51:29+00:00,MATIC,0.126156,,,coingecko
2026-08-21T05:51:29+00:00,LTC,48.67,,,coingecko
2026-08-21T05:51:39+00:00,BTC,75227.155,,,consenso
2026-08-21T05:51:39+00:00,ETH,2355.7,,,consenso
2026-08-21T05:51:39+00:00,SOL,90.46,,,consenso
2026-08-21T05:51:39+00:00,XRP,1.3087,,,consenso
2026-08-21T05:51:39+00:00,DOGE,0.08269,,,binance
2026-08-21T05:51:39+00:00,BNB,664.04,,,binance
2026-08-21T05:52:34+00:00,BTC,75299.0,,,coingecko
2026-08-21T05:52:34+00:00,ETH,2357.42,,,coingecko
2026-08-21T05:52:34+00:00,SOL,90.57,,,coingecko
2026-08-21T05:52:34+00:00,XRP,1.31,,,coingecko
2026-08-21T05:52:34+00:00,DOGE,0.082694,,,coingecko
2026-08-21T05:52:34+00:00,BNB,663.58,,,coingecko
2026-08-21T05:52:34+00:00,ADA,0.208271,,,coingecko
2026-08-21T05:52:34+00:00,LINK,10.92,,,coingecko
2026-08-21T05:52:34+00:00,AVAX,7.36,,,coingecko
2026-08-21T05:52:34+00:00,DOT,0.850009,,,coingecko
2026-08-21T05:52:34+00:00,MATIC,0.126156,,,coingecko
2026-08-21T05:52:34+00:00,LTC,48.69,,,coingecko
2026-08-21T05:52:34+00:00,BTC,75227.155,,,consenso
2026-08-21T05:52:34+00:00,ETH,2355.7,,,consenso
2026-08-21T05:52:34+00:00,SOL,90.47,,,consenso
2026-08-21T05:52:34+00:00,XRP,1.3107,,,consenso
2026-08-21T05:52:34+00:00,DOGE,0.08279,,,binance
2026-08-21T05:52:34+00:00,BNB,664.31,,,binance
2026-08-21T05:53:14+00:00,BTC,75227.155,,,consenso
2026-08-21T05:53:14+00:00,ETH,2355.7,,,consenso
2026-08-21T05:53:14+00:00,SOL,90.5,,,consenso
2026-08-21T05:53:14+00:00,XRP,1.3139,,,consenso
2026-08-21T05:53:14+00:00,DOGE,0.08282,,,binance
2026-08-21T05:53:14+00:00,BNB,664.7,,,binance
2026-08-21T05:53:41+00:00,BTC,75266.0,,,coingecko
2026-08-21T05:53:41+00:00,ETH,2356.99,,,coingecko
2026-08-21T05:53:41+00:00,SOL,90.42,,,coingecko
2026-08-21T05:53:41+00:00,XRP,1.31,,,coingecko
2026-08-21T05:53:41+00:00,DOGE,0.082689,,,coingecko
2026-08-21T05:53:41+00:00,BNB,663.59,,,coingecko
2026-08-21T05:53:41+00:00,ADA,0.208138,,,coingecko
2026-08-21T05:53:41+00:00,LINK,10.91,,,coingecko
2026-08-21T05:53:41+00:00,AVAX,7.36,,,coingecko
2026-08-21T05:53:41+00:00,DOT,0.849976,,,coingecko
2026-08-21T05:53:41+00:00,MATIC,0.126156,,,coingecko
2026-08-21T05:53:41+00:00,LTC,48.68,,,coingecko
2026-08-21T05:53:51+00:00,BTC,75227.155,,,consenso
2026-08-21T05:53:51+00:00,ETH,2355.7,,,consenso
2026-08-21T05:53:51+00:00,SOL,90.44,,,consenso
2026-08-21T05:53:51+00:00,XRP,1.3129,,,consenso
2026-08-21T05:53:51+00:00,DOGE,0.08277,,,binance
2026-08-21T05:53:51+00:00,BNB,664.33,,,binance
2026-08-21T05:54:44+00:00,BTC,75322.0,,,coingecko
2026-08-21T05:54:44+00:00,ETH,2358.8,,,coingecko
2026-08-21T05:54:44+00:00,SOL,90.43,,,coingecko
2026-08-21T05:54:44+00:00,XRP,1.31,,,coingecko
2026-08-21T05:54:44+00:00,DOGE,0.082733,,,coingecko
2026-08-21T05:54:44+00:00,BNB,663.99,,,coingecko
2026-08-21T05:54:44+00:00,ADA,0.208819,,,coingecko
2026-08-21T05:54:44+00:00,LINK,10.92,,,coingecko
2026-08-21T05:54:44+00:00,AVAX,7.37,,,coingecko
2026-08-21T05:54:44+00:00,DOT,0.850639,,,coingecko
2026-08-21T05:54:44+00:00,MATIC,0.126156,,,coingecko
2026-08-21T05:54:44+00:00,LTC,48.69,,,coingecko
2026-08-21T05:54:39+00:00,BTC,75344.425,,,consenso
2026-08-21T05:54:39+00:00,ETH,2359.855,,,consenso
2026-08-21T05:54:39+00:00,SOL,90.37,,,consenso
2026-08-21T05:54:39+00:00,XRP,1.3127,,,consenso
2026-08-21T05:54:39+00:00,DOGE,0.08271,,,binance
2026-08-21T05:54:39+00:00,BNB,664.43,,,binance
2026-08-21T05:55:38+00:00,BTC,75344.425,,,consenso
2026-08-21T05:55:38+00:00,ETH,2359.855,,,consenso
2026-08-21T05:55:38+00:00,SOL,90.44,,,consenso
2026-08-21T05:55:38+00:00,XRP,1.3118,,,consenso
2026-08-21T05:55:38+00:00,DOGE,0.08276,,,binance
2026-08-21T05:55:38+00:00,BNB,664.48,,,binance
2026-08-21T05:55:48+00:00,BTC,75325.0,,,coingecko
2026-08-21T05:55:48+00:00,ETH,2358.95,,,coingecko
2026-08-21T05:55:48+00:00,SOL,90.4,,,coingecko
2026-08-21T05:55:48+00:00,XRP,1.31,,,coingecko
2026-08-21T05:55:48+00:00,DOGE,0.082704,,,coingecko
2026-08-21T05:55:48+00:00,BNB,663.88,,,coingecko
2026-08-21T05:55:48+00:00,ADA,0.208758,,,coingecko
2026-08-21T05:55:48+00:00,LINK,10.92,,,coingecko
2026-08-21T05:55:48+00:00,AVAX,7.37,,,coingecko
2026-08-21T05:55:48+00:00,DOT,0.850611,,,coingecko
2026-08-21T05:55:48+00:00,MATIC,0.126156,,,coingecko
2026-08-21T05:55:48+00:00,LTC,48.69,,,coingecko
2026-08-21T05:56:27+00:00,BTC,75344.425,,,consenso
2026-08-21T05:56:27+00:00,ETH,2359.855,,,consenso
2026-08-21T05:56:27+00:00,SOL,90.42,,,consenso
2026-08-21T05:56:27+00:00,XRP,1.3124,,,consenso
2026-08-21T05:56:27+00:00,DOGE,0.08269,,,binance
2026-08-21T05:56:27+00:00,BNB,664.25,,,binance
2026-08-21T05:56:54+00:00,BTC,75352.0,,,coingecko
2026-08-21T05:56:54+00:00,ETH,2360.92,,,coingecko
2026-08-21T05:56:54+00:00,SOL,90.4,,,coingecko
2026-08-21T05:56:54+00:00,XRP,1.31,,,coingecko
2026-08-21T05:56:54+00:00,DOGE,0.082725,,,coingecko
2026-08-21T05:56:54+00:00,BNB,664.07,,,coingecko
2026-08-21T05:56:54+00:00,ADA,0.208862,,,coingecko
2026-08-21T05:56:54+00:00,LINK,10.93,,,coingecko
2026-08-21T05:56:54+00:00,AVAX,7.38,,,coingecko
2026-08-21T05:56:54+00:00,DOT,0.850863,,,coingecko
2026-08-21T05:56:54+00:00,MATIC,0.126156,,,coingecko
2026-08-21T05:56:54+00:00,LTC,48.71,,,coingecko
2026-08-21T05:57:38+00:00,BTC,75344.425,,,consenso
2026-08-21T05:57:38+00:00,ETH,2359.855,,,consenso
2026-08-21T05:57:38+00:00,SOL,90.43,,,consenso
2026-08-21T05:57:38+00:00,XRP,1.3098,,,consenso
2026-08-21T05:57:38+00:00,DOGE,0.08263,,,binance
2026-08-21T05:57:38+00:00,BNB,664.44,,,binance
2026-08-21T05:58:14+00:00,BTC,75344.425,,,consenso
2026-08-21T05:58:14+00:00,ETH,2359.855,,,consenso
2026-08-21T05:58:14+00:00,SOL,90.36,,,consenso
2026-08-21T05:58:14+00:00,XRP,1.3103,,,consenso
2026-08-21T05:58:14+00:00,DOGE,0.08265,,,binance
2026-08-21T05:58:14+00:00,BNB,664.64,,,binance
2026-08-21T05:58:52+00:00,BTC,75372.0,,,coingecko
2026-08-21T05:58:52+00:00,ETH,2360.79,,,coingecko
2026-08-21T05:58:52+00:00,SOL,90.38,,,coingecko
2026-08-21T05:58:52+00:00,XRP,1.31,,,coingecko
2026-08-21T05:58:52+00:00,DOGE,0.082592,,,coingecko
2026-08-21T05:58:52+00:00,BNB,663.83,,,coingecko
2026-08-21T05:58:52+00:00,ADA,0.208684,,,coingecko
2026-08-21T05:58:52+00:00,LINK,10.94,,,coingecko
2026-08-21T05:58:52+00:00,AVAX,7.37,,,coingecko
2026-08-21T05:58:52+00:00,DOT,0.850798,,,coingecko
2026-08-21T05:58:52+00:00,MATIC,0.126156,,,coingecko
2026-08-21T05:58:52+00:00,LTC,48.64,,,coingecko
2026-08-21T05:59:05+00:00,BTC,75344.425,,,consenso
2026-08-21T05:59:05+00:00,ETH,2359.855,,,consenso
2026-08-21T05:59:05+00:00,SOL,90.3,,,consenso
2026-08-21T05:59:05+00:00,XRP,1.3087,,,consenso
2026-08-21T05:59:05+00:00,DOGE,0.08265,,,binance
2026-08-21T05:59:05+00:00,BNB,664.45,,,binance
2026-08-21T05:59:57+00:00,BTC,75356.0,,,coingecko
2026-08-21T05:59:57+00:00,ETH,2363.21,,,coingecko
2026-08-21T05:59:57+00:00,SOL,90.26,,,coingecko
2026-08-21T05:59:57+00:00,XRP,1.31,,,coingecko
2026-08-21T05:59:57+00:00,DOGE,0.082609,,,coingecko
2026-08-21T05:59:57+00:00,BNB,664.07,,,coingecko
2026-08-21T05:59:57+00:00,ADA,0.208625,,,coingecko
2026-08-21T05:59:57+00:00,LINK,10.93,,,coingecko
2026-08-21T05:59:57+00:00,AVAX,7.37,,,coingecko
2026-08-21T05:59:57+00:00,DOT,0.850625,,,coingecko
2026-08-21T05:59:57+00:00,MATIC,0.126156,,,coingecko
2026-08-21T05:59:57+00:00,LTC,48.62,,,coingecko
2026-08-21T05:59:58+00:00,BTC,75438.085,,,consenso
2026-08-21T05:59:58+00:00,ETH,2367.335,,,consenso
2026-08-21T05:59:58+00:00,SOL,90.385,,,consenso
2026-08-21T05:59:58+00:00,XRP,1.30965,,,consenso
2026-08-21T05:59:58+00:00,DOGE,0.08272,,,binance
2026-08-21T05:59:58+00:00,BNB,664.73,,,binance
2026-08-21T06:01:02+00:00,BTC,75378.0,,,coingecko
2026-08-21T06:01:02+00:00,ETH,2363.64,,,coingecko
2026-08-21T06:01:02+00:00,SOL,90.3,,,coingecko
2026-08-21T06:01:02+00:00,XRP,1.31,,,coingecko
2026-08-21T06:01:02+00:00,DOGE,0.082631,,,coingecko
2026-08-21T06:01:02+00:00,BNB,664.02,,,coingecko
2026-08-21T06:01:02+00:00,ADA,0.208566,,,coingecko
2026-08-21T06:01:02+00:00,LINK,10.93,,,coingecko
2026-08-21T06:01:02+00:00,AVAX,7.38,,,coingecko
2026-08-21T06:01:02+00:00,DOT,0.8504,,,coingecko
2026-08-21T06:01:02+00:00,MATIC,0.126156,,,coingecko
2026-08-21T06:01:02+00:00,LTC,48.62,,,coingecko
2026-08-21T06:01:13+00:00,BTC,75438.085,,,consenso
2026-08-21T06:01:13+00:00,ETH,2367.335,,,consenso
2026-08-21T06:01:13+00:00,SOL,90.41,,,consenso
2026-08-21T06:01:13+00:00,XRP,1.3098,,,consenso
2026-08-21T06:01:13+00:00,DOGE,0.0827,,,binance
2026-08-21T06:01:13+00:00,BNB,664.57,,,binance
2026-08-21T06:01:56+00:00,BTC,75438.085,,,consenso
2026-08-21T06:01:56+00:00,ETH,2367.335,,,consenso
2026-08-21T06:01:56+00:00,SOL,90.64,,,consenso
2026-08-21T06:01:56+00:00,XRP,1.3112,,,consenso
2026-08-21T06:01:56+00:00,DOGE,0.08278,,,binance
2026-08-21T06:01:56+00:00,BNB,664.76,,,binance
2026-08-21T06:02:08+00:00,BTC,75380.0,,,coingecko
2026-08-21T06:02:08+00:00,ETH,2366.51,,,coingecko
2026-08-21T06:02:08+00:00,SOL,90.32,,,coingecko
2026-08-21T06:02:08+00:00,XRP,1.31,,,coingecko
2026-08-21T06:02:08+00:00,DOGE,0.082612,,,coingecko
2026-08-21T06:02:08+00:00,BNB,664.07,,,coingecko
2026-08-21T06:02:08+00:00,ADA,0.208607,,,coingecko
2026-08-21T06:02:08+00:00,LINK,10.92,,,coingecko
2026-08-21T06:02:08+00:00,AVAX,7.38,,,coingecko
2026-08-21T06:02:08+00:00,DOT,0.850353,,,coingecko
2026-08-21T06:02:08+00:00,MATIC,0.126156,,,coingecko
2026-08-21T06:02:08+00:00,LTC,48.61,,,coingecko
2026-08-21T06:02:55+00:00,BTC,75438.085,,,consenso
2026-08-21T06:02:55+00:00,ETH,2367.335,,,consenso
2026-08-21T06:02:55+00:00,SOL,90.82,,,consenso
2026-08-21T06:02:55+00:00,XRP,1.312,,,consenso
2026-08-21T06:02:55+00:00,DOGE,0.08275,,,binance
2026-08-21T06:02:55+00:00,BNB,664.75,,,binance
2026-08-21T06:03:15+00:00,BTC,75366.0,,,coingecko
2026-08-21T06:03:15+00:00,ETH,2365.72,,,coingecko
2026-08-21T06:03:15+00:00,SOL,90.54,,,coingecko
2026-08-21T06:03:15+00:00,XRP,1.31,,,coingecko
2026-08-21T06:03:15+00:00,DOGE,0.082702,,,coingecko
2026-08-21T06:03:15+00:00,BNB,664.22,,,coingecko
2026-08-21T06:03:15+00:00,ADA,0.208608,,,coingecko
2026-08-21T06:03:15+00:00,LINK,10.93,,,coingecko
2026-08-21T06:03:15+00:00,AVAX,7.39,,,coingecko
2026-08-21T06:03:15+00:00,DOT,0.85023,,,coingecko
2026-08-21T06:03:15+00:00,MATIC,0.126156,,,coingecko
2026-08-21T06:03:15+00:00,LTC,48.62,,,coingecko
2026-08-21T06:03:39+00:00,BTC,75438.085,,,consenso
2026-08-21T06:03:39+00:00,ETH,2367.335,,,consenso
2026-08-21T06:03:39+00:00,SOL,90.98,,,consenso
2026-08-21T06:03:39+00:00,XRP,1.3142,,,consenso
2026-08-21T06:03:39+00:00,DOGE,0.08285,,,binance
2026-08-21T06:03:39+00:00,BNB,664.98,,,binance
2026-08-21T06:04:20+00:00,BTC,75353.0,,,coingecko
2026-08-21T06:04:20+00:00,ETH,2366.48,,,coingecko
2026-08-21T06:04:20+00:00,SOL,90.74,,,coingecko
2026-08-21T06:04:20+00:00,XRP,1.31,,,coingecko
2026-08-21T06:04:20+00:00,DOGE,0.082726,,,coingecko
2026-08-21T06:04:20+00:00,BNB,664.31,,,coingecko
2026-08-21T06:04:20+00:00,ADA,0.208793,,,coingecko
2026-08-21T06:04:20+00:00,LINK,10.93,,,coingecko
2026-08-21T06:04:20+00:00,AVAX,7.39,,,coingecko
2026-08-21T06:04:20+00:00,DOT,0.850375,,,coingecko
2026-08-21T06:04:20+00:00,MATIC,0.126156,,,coingecko
2026-08-21T06:04:20+00:00,LTC,48.6,,,coingecko
2026-08-21T06:04:26+00:00,BTC,75438.085,,,consenso
2026-08-21T06:04:26+00:00,ETH,2367.335,,,consenso
2026-08-21T06:04:26+00:00,SOL,91.0,,,consenso
2026-08-21T06:04:26+00:00,XRP,1.3134,,,consenso
2026-08-21T06:04:26+00:00,DOGE,0.08296,,,binance
2026-08-21T06:04:26+00:00,BNB,665.11,,,binance
2026-08-21T06:05:13+00:00,BTC,75387.245,,,consenso
2026-08-21T06:05:13+00:00,ETH,2371.985,,,consenso
2026-08-21T06:05:13+00:00,SOL,90.77,,,consenso
2026-08-21T06:05:13+00:00,XRP,1.31291,,,consenso
2026-08-21T06:05:13+00:00,DOGE,0.08301,,,binance
2026-08-21T06:05:13+00:00,BNB,665.4,,,binance
2026-08-21T06:05:26+00:00,BTC,75388.0,,,coingecko
2026-08-21T06:05:26+00:00,ETH,2369.56,,,coingecko
2026-08-21T06:05:26+00:00,SOL,90.87,,,coingecko
2026-08-21T06:05:26+00:00,XRP,1.31,,,coingecko
2026-08-21T06:05:26+00:00,DOGE,0.082787,,,coingecko
2026-08-21T06:05:26+00:00,BNB,664.49,,,coingecko
2026-08-21T06:05:26+00:00,ADA,0.209073,,,coingecko
2026-08-21T06:05:26+00:00,LINK,10.95,,,coingecko
2026-08-21T06:05:26+00:00,AVAX,7.38,,,coingecko
2026-08-21T06:05:26+00:00,DOT,0.850248,,,coingecko
2026-08-21T06:05:26+00:00,MATIC,0.126156,,,coingecko
2026-08-21T06:05:26+00:00,LTC,48.62,,,coingecko
2026-08-21T06:05:58+00:00,BTC,75387.245,,,consenso
2026-08-21T06:05:58+00:00,ETH,2371.985,,,consenso
2026-08-21T06:05:58+00:00,SOL,90.88,,,consenso
2026-08-21T06:05:58+00:00,XRP,1.3134,,,consenso
2026-08-21T06:05:58+00:00,DOGE,0.08309,,,binance
2026-08-21T06:05:58+00:00,BNB,665.83,,,binance
2026-08-21T06:06:34+00:00,BTC,75391.0,,,coingecko
2026-08-21T06:06:34+00:00,ETH,2371.66,,,coingecko
2026-08-21T06:06:34+00:00,SOL,90.8,,,coingecko
2026-08-21T06:06:34+00:00,XRP,1.31,,,coingecko
2026-08-21T06:06:34+00:00,DOGE,0.082902,,,coingecko
2026-08-21T06:06:34+00:00,BNB,664.77,,,coingecko
2026-08-21T06:06:34+00:00,ADA,0.209137,,,coingecko
2026-08-21T06:06:34+00:00,LINK,10.95,,,coingecko
2026-08-21T06:06:34+00:00,AVAX,7.38,,,coingecko
2026-08-21T06:06:34+00:00,DOT,0.849949,,,coingecko
2026-08-21T06:06:34+00:00,MATIC,0.126156,,,coingecko
2026-08-21T06:06:34+00:00,LTC,48.63,,,coingecko
2026-08-21T06:06:41+00:00,BTC,75387.245,,,consenso
2026-08-21T06:06:41+00:00,ETH,2371.985,,,consenso
2026-08-21T06:06:41+00:00,SOL,90.9,,,consenso
2026-08-21T06:06:41+00:00,XRP,1.3133,,,consenso
2026-08-21T06:06:41+00:00,DOGE,0.08304,,,binance
2026-08-21T06:06:41+00:00,BNB,665.61,,,binance
2026-08-21T06:07:18+00:00,BTC,75387.245,,,consenso
2026-08-21T06:07:18+00:00,ETH,2371.985,,,consenso
2026-08-21T06:07:18+00:00,SOL,90.98,,,consenso
2026-08-21T06:07:18+00:00,XRP,1.3123,,,consenso
2026-08-21T06:07:18+00:00,DOGE,0.08307,,,binance
2026-08-21T06:07:18+00:00,BNB,665.8,,,binance
2026-08-21T06:07:39+00:00,BTC,75389.0,,,coingecko
2026-08-21T06:07:39+00:00,ETH,2372.51,,,coingecko
2026-08-21T06:07:39+00:00,SOL,90.76,,,coingecko
2026-08-21T06:07:39+00:00,XRP,1.31,,,coingecko
2026-08-21T06:07:39+00:00,DOGE,0.082982,,,coingecko
2026-08-21T06:07:39+00:00,BNB,665.0,,,coingecko
2026-08-21T06:07:39+00:00,ADA,0.209056,,,coingecko
2026-08-21T06:07:39+00:00,LINK,10.96,,,coingecko
2026-08-21T06:07:39+00:00,AVAX,7.38,,,coingecko
2026-08-21T06:07:39+00:00,DOT,0.849107,,,coingecko
2026-08-21T06:07:39+00:00,MATIC,0.126156,,,coingecko
2026-08-21T06:07:39+00:00,LTC,48.62,,,coingecko
2026-08-21T06:08:05+00:00,BTC,75387.245,,,consenso
2026-08-21T06:08:05+00:00,ETH,2371.985,,,consenso
2026-08-21T06:08:05+00:00,SOL,90.99,,,consenso
2026-08-21T06:08:05+00:00,XRP,1.3141,,,consenso
2026-08-21T06:08:05+00:00,DOGE,0.08318,,,binance
2026-08-21T06:08:05+00:00,BNB,665.84,,,binance
2026-08-21T06:08:43+00:00,BTC,75432.0,,,coingecko
2026-08-21T06:08:43+00:00,ETH,2374.35,,,coingecko
2026-08-21T06:08:43+00:00,SOL,90.89,,,coingecko
2026-08-21T06:08:43+00:00,XRP,1.31,,,coingecko
2026-08-21T06:08:43+00:00,DOGE,0.082989,,,coingecko
2026-08-21T06:08:43+00:00,BNB,665.21,,,coingecko
2026-08-21T06:08:43+00:00,ADA,0.209403,,,coingecko
2026-08-21T06:08:43+00:00,LINK,10.96,,,coingecko
2026-08-21T06:08:43+00:00,AVAX,7.38,,,coingecko
2026-08-21T06:08:43+00:00,DOT,0.849288,,,coingecko
2026-08-21T06:08:43+00:00,MATIC,0.126156,,,coingecko
2026-08-21T06:08:43+00:00,LTC,48.66,,,coingecko
2026-08-21T06:08:46+00:00,BTC,75387.245,,,consenso
2026-08-21T06:08:46+00:00,ETH,2371.985,,,consenso
2026-08-21T06:08:46+00:00,SOL,91.18,,,consenso
2026-08-21T06:08:46+00:00,XRP,1.3136,,,consenso
2026-08-21T06:08:46+00:00,DOGE,0.08312,,,binance
2026-08-21T06:08:46+00:00,BNB,665.68,,,binance
2026-08-21T06:09:26+00:00,BTC,75387.245,,,consenso
2026-08-21T06:09:26+00:00,ETH,2371.985,,,consenso
2026-08-21T06:09:26+00:00,SOL,91.07,,,consenso
2026-08-21T06:09:26+00:00,XRP,1.3164,,,consenso
2026-08-21T06:09:26+00:00,DOGE,0.08323,,,binance
2026-08-21T06:09:26+00:00,BNB,665.99,,,binance
2026-08-21T06:10:05+00:00,BTC,75387.245,,,consenso
2026-08-21T06:10:05+00:00,ETH,2371.985,,,consenso
2026-08-21T06:10:05+00:00,SOL,90.97,,,consenso
2026-08-21T06:10:05+00:00,XRP,1.3192,,,consenso
2026-08-21T06:10:05+00:00,DOGE,0.08324,,,binance
2026-08-21T06:10:05+00:00,BNB,665.88,,,binance
2026-08-21T06:10:46+00:00,BTC,75386.0,,,coingecko
2026-08-21T06:10:46+00:00,ETH,2374.78,,,coingecko
2026-08-21T06:10:46+00:00,SOL,91.06,,,coingecko
2026-08-21T06:10:46+00:00,XRP,1.31,,,coingecko
2026-08-21T06:10:46+00:00,DOGE,0.083123,,,coingecko
2026-08-21T06:10:46+00:00,BNB,665.29,,,coingecko
2026-08-21T06:10:46+00:00,ADA,0.209657,,,coingecko
2026-08-21T06:10:46+00:00,LINK,10.98,,,coingecko
2026-08-21T06:10:46+00:00,AVAX,7.38,,,coingecko
2026-08-21T06:10:46+00:00,DOT,0.850095,,,coingecko
2026-08-21T06:10:46+00:00,MATIC,0.126156,,,coingecko
2026-08-21T06:10:46+00:00,LTC,48.68,,,coingecko
2026-08-21T06:11:00+00:00,BTC,75408.135,,,consenso
2026-08-21T06:11:00+00:00,ETH,2371.745,,,consenso
2026-08-21T06:11:00+00:00,SOL,90.87,,,consenso
2026-08-21T06:11:00+00:00,XRP,1.3181,,,consenso
2026-08-21T06:11:00+00:00,DOGE,0.08312,,,binance
2026-08-21T06:11:00+00:00,BNB,665.57,,,binance
2026-08-21T06:11:38+00:00,BTC,75408.135,,,consenso
2026-08-21T06:11:38+00:00,ETH,2371.745,,,consenso
2026-08-21T06:11:38+00:00,SOL,90.85,,,consenso
2026-08-21T06:11:38+00:00,XRP,1.3166,,,consenso
2026-08-21T06:11:38+00:00,DOGE,0.08312,,,binance
2026-08-21T06:11:38+00:00,BNB,665.47,,,binance
2026-08-21T06:11:53+00:00,BTC,75378.0,,,coingecko
2026-08-21T06:11:53+00:00,ETH,2371.04,,,coingecko
2026-08-21T06:11:53+00:00,SOL,90.95,,,coingecko
2026-08-21T06:11:53+00:00,XRP,1.32,,,coingecko
2026-08-21T06:11:53+00:00,DOGE,0.083158,,,coingecko
2026-08-21T06:11:53+00:00,BNB,665.32,,,coingecko
2026-08-21T06:11:53+00:00,ADA,0.210076,,,coingecko
2026-08-21T06:11:53+00:00,LINK,10.98,,,coingecko
2026-08-21T06:11:53+00:00,AVAX,7.38,,,coingecko
2026-08-21T06:11:53+00:00,DOT,0.849929,,,coingecko
2026-08-21T06:11:53+00:00,MATIC,0.126156,,,coingecko
2026-08-21T06:11:53+00:00,LTC,48.67,,,coingecko
2026-08-21T06:12:18+00:00,BTC,75408.135,,,consenso
2026-08-21T06:12:18+00:00,ETH,2371.745,,,consenso
2026-08-21T06:12:18+00:00,SOL,90.85,,,consenso
2026-08-21T06:12:18+00:00,XRP,1.3155,,,consenso
2026-08-21T06:12:18+00:00,DOGE,0.08308,,,binance
2026-08-21T06:12:18+00:00,BNB,665.17,,,binance
2026-08-21T06:12:58+00:00,BTC,75334.0,,,coingecko
2026-08-21T06:12:58+00:00,ETH,2370.18,,,coingecko
2026-08-21T06:12:58+00:00,SOL,90.78,,,coingecko
2026-08-21T06:12:58+00:00,XRP,1.31,,,coingecko
2026-08-21T06:12:58+00:00,DOGE,0.083109,,,coingecko
2026-08-21T06:12:58+00:00,BNB,665.15,,,coingecko
2026-08-21T06:12:58+00:00,ADA,0.209595,,,coingecko
2026-08-21T06:12:58+00:00,LINK,10.97,,,coingecko
2026-08-21T06:12:58+00:00,AVAX,7.38,,,coingecko
2026-08-21T06:12:58+00:00,DOT,0.849807,,,coingecko
2026-08-21T06:12:58+00:00,MATIC,0.126156,,,coingecko
2026-08-21T06:12:58+00:00,LTC,48.64,,,coingecko
2026-08-21T06:13:18+00:00,BTC,75408.135,,,consenso
2026-08-21T06:13:18+00:00,ETH,2371.745,,,consenso
2026-08-21T06:13:18+00:00,SOL,90.75,,,consenso
2026-08-21T06:13:18+00:00,XRP,1.3137,,,consenso
2026-08-21T06:13:18+00:00,DOGE,0.08299,,,binance
2026-08-21T06:13:18+00:00,BNB,664.83,,,binance
2026-08-21T06:14:04+00:00,BTC,75288.0,,,coingecko
2026-08-21T06:14:04+00:00,ETH,2367.75,,,coingecko
2026-08-21T06:14:04+00:00,SOL,90.76,,,coingecko
2026-08-21T06:14:04+00:00,XRP,1.31,,,coingecko
2026-08-21T06:14:04+00:00,DOGE,0.083022,,,coingecko
2026-08-21T06:14:04+00:00,BNB,664.53,,,coingecko
2026-08-21T06:14:04+00:00,ADA,0.209439,,,coingecko
2026-08-21T06:14:04+00:00,LINK,10.97,,,coingecko
2026-08-21T06:14:04+00:00,AVAX,7.38,,,coingecko
2026-08-21T06:14:04+00:00,DOT,0.849603,,,coingecko
2026-08-21T06:14:04+00:00,MATIC,0.126156,,,coingecko
2026-08-21T06:14:04+00:00,LTC,48.64,,,coingecko
2026-08-21T06:14:04+00:00,BTC,75408.135,,,consenso
2026-08-21T06:14:04+00:00,ETH,2371.745,,,consenso
2026-08-21T06:14:04+00:00,SOL,90.7,,,consenso
2026-08-21T06:14:04+00:00,XRP,1.3119,,,consenso
2026-08-21T06:14:04+00:00,DOGE,0.08298,,,binance
2026-08-21T06:14:04+00:00,BNB,664.71,,,binance
2026-08-21T06:14:49+00:00,BTC,75408.135,,,consenso
2026-08-21T06:14:49+00:00,ETH,2371.745,,,consenso
2026-08-21T06:14:49+00:00,SOL,90.73,,,consenso
2026-08-21T06:14:49+00:00,XRP,1.3113,,,consenso
2026-08-21T06:14:49+00:00,DOGE,0.08294,,,binance
2026-08-21T06:14:49+00:00,BNB,664.95,,,binance
2026-08-21T06:15:10+00:00,BTC,75277.0,,,coingecko
2026-08-21T06:15:10+00:00,ETH,2365.07,,,coingecko
2026-08-21T06:15:10+00:00,SOL,90.7,,,coingecko
2026-08-21T06:15:10+00:00,XRP,1.31,,,coingecko
2026-08-21T06:15:10+00:00,DOGE,0.082952,,,coingecko
2026-08-21T06:15:10+00:00,BNB,664.32,,,coingecko
2026-08-21T06:15:10+00:00,ADA,0.209299,,,coingecko
2026-08-21T06:15:10+00:00,LINK,10.97,,,coingecko
2026-08-21T06:15:10+00:00,AVAX,7.36,,,coingecko
2026-08-21T06:15:10+00:00,DOT,0.849207,,,coingecko
2026-08-21T06:15:10+00:00,MATIC,0.126156,,,coingecko
2026-08-21T06:15:10+00:00,LTC,48.61,,,coingecko
2026-08-21T06:15:33+00:00,BTC,75281.875,,,consenso
2026-08-21T06:15:33+00:00,ETH,2365.615,,,consenso
2026-08-21T06:15:33+00:00,SOL,90.72,,,consenso
2026-08-21T06:15:33+00:00,XRP,1.31234,,,consenso
2026-08-21T06:15:33+00:00,DOGE,0.083,,,binance
2026-08-21T06:15:33+00:00,BNB,665.36,,,binance
2026-08-21T06:16:14+00:00,BTC,75254.0,,,coingecko
2026-08-21T06:16:14+00:00,ETH,2363.85,,,coingecko
2026-08-21T06:16:14+00:00,SOL,90.67,,,coingecko
2026-08-21T06:16:14+00:00,XRP,1.31,,,coingecko
2026-08-21T06:16:14+00:00,DOGE,0.082928,,,coingecko
2026-08-21T06:16:14+00:00,BNB,664.36,,,coingecko
2026-08-21T06:16:14+00:00,ADA,0.209299,,,coingecko
2026-08-21T06:16:14+00:00,LINK,10.98,,,coingecko
2026-08-21T06:16:14+00:00,AVAX,7.37,,,coingecko
2026-08-21T06:16:14+00:00,DOT,0.849187,,,coingecko
2026-08-21T06:16:14+00:00,MATIC,0.126156,,,coingecko
2026-08-21T06:16:14+00:00,LTC,48.6,,,coingecko
2026-08-21T06:16:12+00:00,BTC,75281.875,,,consenso
2026-08-21T06:16:12+00:00,ETH,2365.615,,,consenso
2026-08-21T06:16:12+00:00,SOL,90.75,,,consenso
2026-08-21T06:16:12+00:00,XRP,1.3142,,,consenso
2026-08-21T06:16:12+00:00,DOGE,0.08306,,,binance
2026-08-21T06:16:12+00:00,BNB,665.78,,,binance
2026-08-21T06:16:58+00:00,BTC,75281.875,,,consenso
2026-08-21T06:16:58+00:00,ETH,2365.615,,,consenso
2026-08-21T06:16:58+00:00,SOL,90.7,,,consenso
2026-08-21T06:16:58+00:00,XRP,1.3142,,,consenso
2026-08-21T06:16:58+00:00,DOGE,0.08308,,,binance
2026-08-21T06:16:58+00:00,BNB,665.7,,,binance
2026-08-21T06:17:20+00:00,BTC,75298.0,,,coingecko
2026-08-21T06:17:20+00:00,ETH,2365.46,,,coingecko
2026-08-21T06:17:20+00:00,SOL,90.7,,,coingecko
2026-08-21T06:17:20+00:00,XRP,1.31,,,coingecko
2026-08-21T06:17:20+00:00,DOGE,0.082988,,,coingecko
2026-08-21T06:17:20+00:00,BNB,665.1,,,coingecko
2026-08-21T06:17:20+00:00,ADA,0.209588,,,coingecko
2026-08-21T06:17:20+00:00,LINK,10.99,,,coingecko
2026-08-21T06:17:20+00:00,AVAX,7.38,,,coingecko
2026-08-21T06:17:20+00:00,DOT,0.849271,,,coingecko
2026-08-21T06:17:20+00:00,MATIC,0.126156,,,coingecko
2026-08-21T06:17:20+00:00,LTC,48.6,,,coingecko
2026-08-21T06:17:37+00:00,BTC,75281.875,,,consenso
2026-08-21T06:17:37+00:00,ETH,2365.615,,,consenso
2026-08-21T06:17:37+00:00,SOL,90.77,,,consenso
2026-08-21T06:17:37+00:00,XRP,1.3147,,,consenso
2026-08-21T06:17:37+00:00,DOGE,0.08305,,,binance
2026-08-21T06:17:37+00:00,BNB,665.83,,,binance
2026-08-21T06:18:25+00:00,BTC,75318.0,,,coingecko
2026-08-21T06:18:25+00:00,ETH,2364.49,,,coingecko
2026-08-21T06:18:25+00:00,SOL,90.67,,,coingecko
2026-08-21T06:18:25+00:00,XRP,1.31,,,coingecko
2026-08-21T06:18:25+00:00,DOGE,0.08304,,,coingecko
2026-08-21T06:18:25+00:00,BNB,665.18,,,coingecko
2026-08-21T06:18:25+00:00,ADA,0.210046,,,coingecko
2026-08-21T06:18:25+00:00,LINK,11.0,,,coingecko
2026-08-21T06:18:25+00:00,AVAX,7.4,,,coingecko
2026-08-21T06:18:25+00:00,DOT,0.849743,,,coingecko
2026-08-21T06:18:25+00:00,MATIC,0.126156,,,coingecko
2026-08-21T06:18:25+00:00,LTC,48.61,,,coingecko
2026-08-21T06:18:43+00:00,BTC,75281.875,,,consenso
2026-08-21T06:18:43+00:00,ETH,2365.615,,,consenso
2026-08-21T06:18:43+00:00,SOL,90.71,,,consenso
2026-08-21T06:18:43+00:00,XRP,1.314,,,consenso
2026-08-21T06:18:43+00:00,DOGE,0.08306,,,binance
2026-08-21T06:18:43+00:00,BNB,666.11,,,binance
2026-08-21T06:19:30+00:00,BTC,75349.0,,,coingecko
2026-08-21T06:19:30+00:00,ETH,2363.75,,,coingecko
2026-08-21T06:19:30+00:00,SOL,90.75,,,coingecko
2026-08-21T06:19:30+00:00,XRP,1.31,,,coingecko
2026-08-21T06:19:30+00:00,DOGE,0.083043,,,coingecko
2026-08-21T06:19:30+00:00,BNB,665.36,,,coingecko
2026-08-21T06:19:30+00:00,ADA,0.210194,,,coingecko
2026-08-21T06:19:30+00:00,LINK,11.01,,,coingecko
2026-08-21T06:19:30+00:00,AVAX,7.4,,,coingecko
2026-08-21T06:19:30+00:00,DOT,0.850141,,,coingecko
2026-08-21T06:19:30+00:00,MATIC,0.126156,,,coingecko
2026-08-21T06:19:30+00:00,LTC,48.64,,,coingecko
2026-08-21T06:19:28+00:00,BTC,75281.875,,,consenso
2026-08-21T06:19:28+00:00,ETH,2365.615,,,consenso
2026-08-21T06:19:28+00:00,SOL,90.65,,,consenso
2026-08-21T06:19:28+00:00,XRP,1.3132,,,consenso
2026-08-21T06:19:28+00:00,DOGE,0.08334,,,binance
2026-08-21T06:19:28+00:00,BNB,665.92,,,binance
2026-08-21T06:20:07+00:00,BTC,75281.875,,,consenso
2026-08-21T06:20:07+00:00,ETH,2365.615,,,consenso
2026-08-21T06:20:07+00:00,SOL,90.66,,,consenso
2026-08-21T06:20:07+00:00,XRP,1.3131,,,consenso
2026-08-21T06:20:07+00:00,DOGE,0.08364,,,binance
2026-08-21T06:20:07+00:00,BNB,665.84,,,binance
2026-08-21T06:20:34+00:00,BTC,75315.0,,,coingecko
2026-08-21T06:20:34+00:00,ETH,2363.41,,,coingecko
2026-08-21T06:20:34+00:00,SOL,90.67,,,coingecko
2026-08-21T06:20:34+00:00,XRP,1.31,,,coingecko
2026-08-21T06:20:34+00:00,DOGE,0.083098,,,coingecko
2026-08-21T06:20:34+00:00,BNB,665.46,,,coingecko
2026-08-21T06:20:34+00:00,ADA,0.210076,,,coingecko
2026-08-21T06:20:34+00:00,LINK,11.01,,,coingecko
2026-08-21T06:20:34+00:00,AVAX,7.4,,,coingecko
2026-08-21T06:20:34+00:00,DOT,0.849892,,,coingecko
2026-08-21T06:20:34+00:00,MATIC,0.126156,,,coingecko
2026-08-21T06:20:34+00:00,LTC,48.63,,,coingecko
2026-08-21T06:20:51+00:00,BTC,75232.925,,,consenso
2026-08-21T06:20:51+00:00,ETH,2360.34,,,consenso
2026-08-21T06:20:51+00:00,SOL,90.52,,,consenso
2026-08-21T06:20:51+00:00,XRP,1.3121,,,consenso
2026-08-21T06:20:51+00:00,DOGE,0.08358,,,binance
2026-08-21T06:20:51+00:00,BNB,665.65,,,binance
2026-08-21T06:21:32+00:00,BTC,75232.925,,,consenso
2026-08-21T06:21:32+00:00,ETH,2360.34,,,consenso
2026-08-21T06:21:32+00:00,SOL,90.55,,,consenso
2026-08-21T06:21:32+00:00,XRP,1.3123,,,consenso
2026-08-21T06:21:32+00:00,DOGE,0.08393,,,binance
2026-08-21T06:21:32+00:00,BNB,666.0,,,binance
2026-08-21T06:22:14+00:00,BTC,75232.925,,,consenso
2026-08-21T06:22:14+00:00,ETH,2360.34,,,consenso
2026-08-21T06:22:14+00:00,SOL,90.38,,,consenso
2026-08-21T06:22:14+00:00,XRP,1.3107,,,consenso
2026-08-21T06:22:14+00:00,DOGE,0.08385,,,binance
2026-08-21T06:22:14+00:00,BNB,665.69,,,binance
2026-08-21T06:22:44+00:00,BTC,75249.0,,,coingecko
2026-08-21T06:22:44+00:00,ETH,2361.39,,,coingecko
2026-08-21T06:22:44+00:00,SOL,90.55,,,coingecko
2026-08-21T06:22:44+00:00,XRP,1.31,,,coingecko
2026-08-21T06:22:44+00:00,DOGE,0.083554,,,coingecko
2026-08-21T06:22:44+00:00,BNB,665.23,,,coingecko
2026-08-21T06:22:44+00:00,ADA,0.209551,,,coingecko
2026-08-21T06:22:44+00:00,LINK,11.0,,,coingecko
2026-08-21T06:22:44+00:00,AVAX,7.41,,,coingecko
2026-08-21T06:22:44+00:00,DOT,0.849282,,,coingecko
2026-08-21T06:22:44+00:00,MATIC,0.126156,,,coingecko
2026-08-21T06:22:44+00:00,LTC,48.63,,,coingecko
2026-08-21T06:22:52+00:00,BTC,75232.925,,,consenso
2026-08-21T06:22:52+00:00,ETH,2360.34,,,consenso
2026-08-21T06:22:52+00:00,SOL,90.26,,,consenso
2026-08-21T06:22:52+00:00,XRP,1.306,,,consenso
2026-08-21T06:22:52+00:00,DOGE,0.08351,,,binance
2026-08-21T06:22:52+00:00,BNB,664.83,,,binance
2026-08-21T06:23:37+00:00,BTC,75232.925,,,consenso
2026-08-21T06:23:37+00:00,ETH,2360.34,,,consenso
2026-08-21T06:23:37+00:00,SOL,90.18,,,consenso
2026-08-21T06:23:37+00:00,XRP,1.3054,,,consenso
2026-08-21T06:23:37+00:00,DOGE,0.08338,,,binance
2026-08-21T06:23:37+00:00,BNB,664.48,,,binance
2026-08-21T06:23:50+00:00,BTC,75243.0,,,coingecko
2026-08-21T06:23:50+00:00,ETH,2359.05,,,coingecko
2026-08-21T06:23:50+00:00,SOL,90.32,,,coingecko
2026-08-21T06:23:50+00:00,XRP,1.31,,,coingecko
2026-08-21T06:23:50+00:00,DOGE,0.083728,,,coingecko
2026-08-21T06:23:50+00:00,BNB,664.96,,,coingecko
2026-08-21T06:23:50+00:00,ADA,0.209016,,,coingecko
2026-08-21T06:23:50+00:00,LINK,10.99,,,coingecko
2026-08-21T06:23:50+00:00,AVAX,7.4,,,coingecko
2026-08-21T06:23:50+00:00,DOT,0.849205,,,coingecko
2026-08-21T06:23:50+00:00,MATIC,0.126156,,,coingecko
2026-08-21T06:23:50+00:00,LTC,48.64,,,coingecko
2026-08-21T06:24:32+00:00,BTC,75232.925,,,consenso
2026-08-21T06:24:32+00:00,ETH,2360.34,,,consenso
2026-08-21T06:24:32+00:00,SOL,90.06,,,consenso
2026-08-21T06:24:32+00:00,XRP,1.3026,,,consenso
2026-08-21T06:24:32+00:00,DOGE,0.08321,,,binance
2026-08-21T06:24:32+00:00,BNB,663.97,,,binance
2026-08-21T06:24:56+00:00,BTC,75114.0,,,coingecko
2026-08-21T06:24:56+00:00,ETH,2357.12,,,coingecko
2026-08-21T06:24:56+00:00,SOL,90.19,,,coingecko
2026-08-21T06:24:56+00:00,XRP,1.31,,,coingecko
2026-08-21T06:24:56+00:00,DOGE,0.083394,,,coingecko
2026-08-21T06:24:56+00:00,BNB,664.11,,,coingecko
2026-08-21T06:24:56+00:00,ADA,0.208484,,,coingecko
2026-08-21T06:24:56+00:00,LINK,10.97,,,coingecko
2026-08-21T06:24:56+00:00,AVAX,7.39,,,coingecko
2026-08-21T06:24:56+00:00,DOT,0.848191,,,coingecko
2026-08-21T06:24:56+00:00,MATIC,0.126156,,,coingecko
2026-08-21T06:24:56+00:00,LTC,48.55,,,coingecko
2026-08-21T06:25:23+00:00,BTC,75232.925,,,consenso
2026-08-21T06:25:23+00:00,ETH,2360.34,,,consenso
2026-08-21T06:25:23+00:00,SOL,90.09,,,consenso
2026-08-21T06:25:23+00:00,XRP,1.3036,,,consenso
2026-08-21T06:25:23+00:00,DOGE,0.08326,,,binance
2026-08-21T06:25:23+00:00,BNB,664.64,,,binance
2026-08-21T06:26:02+00:00,BTC,75133.0,,,coingecko
2026-08-21T06:26:02+00:00,ETH,2356.51,,,coingecko
2026-08-21T06:26:02+00:00,SOL,90.05,,,coingecko
2026-08-21T06:26:02+00:00,XRP,1.3,,,coingecko
2026-08-21T06:26:02+00:00,DOGE,0.083214,,,coingecko
2026-08-21T06:26:02+00:00,BNB,663.83,,,coingecko
2026-08-21T06:26:02+00:00,ADA,0.208423,,,coingecko
2026-08-21T06:26:02+00:00,LINK,10.96,,,coingecko
2026-08-21T06:26:02+00:00,AVAX,7.4,,,coingecko
2026-08-21T06:26:02+00:00,DOT,0.848113,,,coingecko
2026-08-21T06:26:02+00:00,MATIC,0.126156,,,coingecko
2026-08-21T06:26:02+00:00,LTC,48.53,,,coingecko
2026-08-21T06:26:01+00:00,BTC,75227.155,,,consenso
2026-08-21T06:26:01+00:00,ETH,2358.95,,,consenso
2026-08-21T06:26:01+00:00,SOL,90.15,,,consenso
2026-08-21T06:26:01+00:00,XRP,1.30468,,,consenso
2026-08-21T06:26:01+00:00,DOGE,0.08338,,,binance
2026-08-21T06:26:01+00:00,BNB,664.86,,,binance
2026-08-21T06:26:42+00:00,BTC,75227.155,,,consenso
2026-08-21T06:26:42+00:00,ETH,2358.95,,,consenso
2026-08-21T06:26:42+00:00,SOL,90.31,,,consenso
2026-08-21T06:26:42+00:00,XRP,1.3071,,,consenso
2026-08-21T06:26:42+00:00,DOGE,0.0836,,,binance
2026-08-21T06:26:42+00:00,BNB,666.18,,,binance
2026-08-21T06:27:06+00:00,BTC,75196.0,,,coingecko
2026-08-21T06:27:06+00:00,ETH,2357.98,,,coingecko
2026-08-21T06:27:06+00:00,SOL,90.09,,,coingecko
2026-08-21T06:27:06+00:00,XRP,1.3,,,coingecko
2026-08-21T06:27:06+00:00,DOGE,0.083294,,,coingecko
2026-08-21T06:27:06+00:00,BNB,664.26,,,coingecko
2026-08-21T06:27:06+00:00,ADA,0.208391,,,coingecko
2026-08-21T06:27:06+00:00,LINK,10.97,,,coingecko
2026-08-21T06:27:06+00:00,AVAX,7.4,,,coingecko
2026-08-21T06:27:06+00:00,DOT,0.848738,,,coingecko
2026-08-21T06:27:06+00:00,MATIC,0.126156,,,coingecko
2026-08-21T06:27:06+00:00,LTC,48.58,,,coingecko
2026-08-21T06:27:27+00:00,BTC,75227.155,,,consenso
2026-08-21T06:27:27+00:00,ETH,2358.95,,,consenso
2026-08-21T06:27:27+00:00,SOL,90.29,,,consenso
2026-08-21T06:27:27+00:00,XRP,1.3069,,,consenso
2026-08-21T06:27:27+00:00,DOGE,0.08364,,,binance
2026-08-21T06:27:27+00:00,BNB,666.26,,,binance
2026-08-21T06:28:11+00:00,BTC,75318.0,,,coingecko
2026-08-21T06:28:11+00:00,ETH,2361.21,,,coingecko
2026-08-21T06:28:11+00:00,SOL,90.21,,,coingecko
2026-08-21T06:28:11+00:00,XRP,1.31,,,coingecko
2026-08-21T06:28:11+00:00,DOGE,0.083439,,,coingecko
2026-08-21T06:28:11+00:00,BNB,665.11,,,coingecko
2026-08-21T06:28:11+00:00,ADA,0.209187,,,coingecko
2026-08-21T06:28:11+00:00,LINK,10.99,,,coingecko
2026-08-21T06:28:11+00:00,AVAX,7.42,,,coingecko
2026-08-21T06:28:11+00:00,DOT,0.849655,,,coingecko
2026-08-21T06:28:11+00:00,MATIC,0.126156,,,coingecko
2026-08-21T06:28:11+00:00,LTC,48.65,,,coingecko
2026-08-21T06:28:10+00:00,BTC,75227.155,,,consenso
2026-08-21T06:28:10+00:00,ETH,2358.95,,,consenso
2026-08-21T06:28:10+00:00,SOL,90.25,,,consenso
2026-08-21T06:28:10+00:00,XRP,1.3059,,,consenso
2026-08-21T06:28:10+00:00,DOGE,0.08363,,,binance
2026-08-21T06:28:10+00:00,BNB,666.18,,,binance
2026-08-21T06:28:46+00:00,BTC,75227.155,,,consenso
2026-08-21T06:28:46+00:00,ETH,2358.95,,,consenso
2026-08-21T06:28:46+00:00,SOL,90.22,,,consenso
2026-08-21T06:28:46+00:00,XRP,1.3049,,,consenso
2026-08-21T06:28:46+00:00,DOGE,0.08361,,,binance
2026-08-21T06:28:46+00:00,BNB,665.75,,,binance
2026-08-21T06:29:17+00:00,BTC,75386.0,,,coingecko
2026-08-21T06:29:17+00:00,ETH,2361.21,,,coingecko
2026-08-21T06:29:17+00:00,SOL,90.23,,,coingecko
2026-08-21T06:29:17+00:00,XRP,1.3,,,coingecko
2026-08-21T06:29:17+00:00,DOGE,0.083554,,,coingecko
2026-08-21T06:29:17+00:00,BNB,665.44,,,coingecko
2026-08-21T06:29:17+00:00,ADA,0.209584,,,coingecko
2026-08-21T06:29:17+00:00,LINK,11.0,,,coingecko
2026-08-21T06:29:17+00:00,AVAX,7.43,,,coingecko
2026-08-21T06:29:17+00:00,DOT,0.850098,,,coingecko
2026-08-21T06:29:17+00:00,MATIC,0.126156,,,coingecko
2026-08-21T06:29:17+00:00,LTC,48.66,,,coingecko
2026-08-21T06:29:37+00:00,BTC,75227.155,,,consenso
2026-08-21T06:29:37+00:00,ETH,2358.95,,,consenso
2026-08-21T06:29:37+00:00,SOL,90.09,,,consenso
2026-08-21T06:29:37+00:00,XRP,1.3038,,,consenso
2026-08-21T06:29:37+00:00,DOGE,0.08341,,,binance
2026-08-21T06:29:37+00:00,BNB,665.85,,,binance
2026-08-21T06:30:21+00:00,BTC,75350.0,,,coingecko
2026-08-21T06:30:21+00:00,ETH,2360.02,,,coingecko
2026-08-21T06:30:21+00:00,SOL,90.15,,,coingecko
2026-08-21T06:30:21+00:00,XRP,1.3,,,coingecko
2026-08-21T06:30:21+00:00,DOGE,0.083541,,,coingecko
2026-08-21T06:30:21+00:00,BNB,665.31,,,coingecko
2026-08-21T06:30:21+00:00,ADA,0.208961,,,coingecko
2026-08-21T06:30:21+00:00,LINK,10.99,,,coingecko
2026-08-21T06:30:21+00:00,AVAX,7.42,,,coingecko
2026-08-21T06:30:21+00:00,DOT,0.849802,,,coingecko
2026-08-21T06:30:21+00:00,MATIC,0.126156,,,coingecko
2026-08-21T06:30:21+00:00,LTC,48.65,,,coingecko
2026-08-21T06:30:25+00:00,BTC,75227.155,,,consenso
2026-08-21T06:30:25+00:00,ETH,2358.95,,,consenso
2026-08-21T06:30:25+00:00,SOL,90.07,,,consenso
2026-08-21T06:30:25+00:00,XRP,1.3044,,,consenso
2026-08-21T06:30:25+00:00,DOGE,0.08342,,,binance
2026-08-21T06:30:25+00:00,BNB,665.9,,,binance
2026-08-21T06:31:15+00:00,BTC,75432.475,,,consenso
2026-08-21T06:31:15+00:00,ETH,2363.75,,,consenso
2026-08-21T06:31:15+00:00,SOL,90.09,,,consenso
2026-08-21T06:31:15+00:00,XRP,1.3041,,,consenso
2026-08-21T06:31:15+00:00,DOGE,0.08338,,,binance
2026-08-21T06:31:15+00:00,BNB,666.39,,,binance
2026-08-21T06:31:26+00:00,BTC,75312.0,,,coingecko
2026-08-21T06:31:26+00:00,ETH,2359.4,,,coingecko
2026-08-21T06:31:26+00:00,SOL,90.04,,,coingecko
2026-08-21T06:31:26+00:00,XRP,1.3,,,coingecko
2026-08-21T06:31:26+00:00,DOGE,0.083379,,,coingecko
2026-08-21T06:31:26+00:00,BNB,665.34,,,coingecko
2026-08-21T06:31:26+00:00,ADA,0.208695,,,coingecko
2026-08-21T06:31:26+00:00,LINK,10.99,,,coingecko
2026-08-21T06:31:26+00:00,AVAX,7.41,,,coingecko
2026-08-21T06:31:26+00:00,DOT,0.849432,,,coingecko
2026-08-21T06:31:26+00:00,MATIC,0.126156,,,coingecko
2026-08-21T06:31:26+00:00,LTC,48.63,,,coingecko
2026-08-21T06:31:57+00:00,BTC,75432.475,,,consenso
2026-08-21T06:31:57+00:00,ETH,2363.75,,,consenso
2026-08-21T06:31:57+00:00,SOL,90.16,,,consenso
2026-08-21T06:31:57+00:00,XRP,1.3037,,,consenso
2026-08-21T06:31:57+00:00,DOGE,0.08342,,,binance
2026-08-21T06:31:57+00:00,BNB,666.99,,,binance
2026-08-21T06:32:34+00:00,BTC,75357.0,,,coingecko
2026-08-21T06:32:34+00:00,ETH,2361.16,,,coingecko
2026-08-21T06:32:34+00:00,SOL,90.06,,,coingecko
2026-08-21T06:32:34+00:00,XRP,1.3,,,coingecko
2026-08-21T06:32:34+00:00,DOGE,0.083363,,,coingecko
2026-08-21T06:32:34+00:00,BNB,665.54,,,coingecko
2026-08-21T06:32:34+00:00,ADA,0.208794,,,coingecko
2026-08-21T06:32:34+00:00,LINK,11.01,,,coingecko
2026-08-21T06:32:34+00:00,AVAX,7.41,,,coingecko
2026-08-21T06:32:34+00:00,DOT,0.849461,,,coingecko
2026-08-21T06:32:34+00:00,MATIC,0.126156,,,coingecko
2026-08-21T06:32:34+00:00,LTC,48.64,,,coingecko
2026-08-21T06:32:40+00:00,BTC,75432.475,,,consenso
2026-08-21T06:32:40+00:00,ETH,2363.75,,,consenso
2026-08-21T06:32:40+00:00,SOL,90.19,,,consenso
2026-08-21T06:32:40+00:00,XRP,1.3049,,,consenso
2026-08-21T06:32:40+00:00,DOGE,0.08345,,,binance
2026-08-21T06:32:40+00:00,BNB,667.45,,,binance
2026-08-21T06:33:31+00:00,BTC,75432.475,,,consenso
2026-08-21T06:33:31+00:00,ETH,2363.75,,,consenso
2026-08-21T06:33:31+00:00,SOL,90.25,,,consenso
2026-08-21T06:33:31+00:00,XRP,1.3071,,,consenso
2026-08-21T06:33:31+00:00,DOGE,0.08353,,,binance
2026-08-21T06:33:31+00:00,BNB,668.18,,,binance
2026-08-21T06:34:28+00:00,BTC,75498.0,,,coingecko
2026-08-21T06:34:28+00:00,ETH,2365.39,,,coingecko
2026-08-21T06:34:28+00:00,SOL,90.15,,,coingecko
2026-08-21T06:34:28+00:00,XRP,1.3,,,coingecko
2026-08-21T06:34:28+00:00,DOGE,0.083427,,,coingecko
2026-08-21T06:34:28+00:00,BNB,666.99,,,coingecko
2026-08-21T06:34:28+00:00,ADA,0.209227,,,coingecko
2026-08-21T06:34:28+00:00,LINK,11.03,,,coingecko
2026-08-21T06:34:28+00:00,AVAX,7.42,,,coingecko
2026-08-21T06:34:28+00:00,DOT,0.850286,,,coingecko
2026-08-21T06:34:28+00:00,MATIC,0.126156,,,coingecko
2026-08-21T06:34:28+00:00,LTC,48.7,,,coingecko
2026-08-21T06:34:25+00:00,BTC,75432.475,,,consenso
2026-08-21T06:34:25+00:00,ETH,2363.75,,,consenso
2026-08-21T06:34:25+00:00,SOL,90.28,,,consenso
2026-08-21T06:34:25+00:00,XRP,1.3076,,,consenso
2026-08-21T06:34:25+00:00,DOGE,0.08345,,,binance
2026-08-21T06:34:25+00:00,BNB,668.36,,,binance
2026-08-21T06:35:35+00:00,BTC,75540.0,,,coingecko
2026-08-21T06:35:35+00:00,ETH,2366.47,,,coingecko
2026-08-21T06:35:35+00:00,SOL,90.24,,,coingecko
2026-08-21T06:35:35+00:00,XRP,1.31,,,coingecko
2026-08-21T06:35:35+00:00,DOGE,0.083462,,,coingecko
2026-08-21T06:35:35+00:00,BNB,667.43,,,coingecko
2026-08-21T06:35:35+00:00,ADA,0.209414,,,coingecko
2026-08-21T06:35:35+00:00,LINK,11.05,,,coingecko
2026-08-21T06:35:35+00:00,AVAX,7.42,,,coingecko
2026-08-21T06:35:35+00:00,DOT,0.852274,,,coingecko
2026-08-21T06:35:35+00:00,MATIC,0.126156,,,coingecko
2026-08-21T06:35:35+00:00,LTC,48.73,,,coingecko
2026-08-21T06:35:33+00:00,BTC,75432.475,,,consenso
2026-08-21T06:35:33+00:00,ETH,2363.75,,,consenso
2026-08-21T06:35:33+00:00,SOL,90.31,,,consenso
2026-08-21T06:35:33+00:00,XRP,1.3076,,,consenso
2026-08-21T06:35:33+00:00,DOGE,0.08345,,,binance
2026-08-21T06:35:33+00:00,BNB,668.64,,,binance
2026-08-21T06:36:17+00:00,BTC,75549.065,,,consenso
2026-08-21T06:36:17+00:00,ETH,2369.55,,,consenso
2026-08-21T06:36:17+00:00,SOL,90.27,,,consenso
2026-08-21T06:36:17+00:00,XRP,1.3071,,,consenso
2026-08-21T06:36:17+00:00,DOGE,0.08334,,,binance
2026-08-21T06:36:17+00:00,BNB,668.81,,,binance
2026-08-21T06:36:41+00:00,BTC,75572.0,,,coingecko
2026-08-21T06:36:41+00:00,ETH,2368.53,,,coingecko
2026-08-21T06:36:41+00:00,SOL,90.24,,,coingecko
2026-08-21T06:36:41+00:00,XRP,1.31,,,coingecko
2026-08-21T06:36:41+00:00,DOGE,0.083385,,,coingecko
2026-08-21T06:36:41+00:00,BNB,668.01,,,coingecko
2026-08-21T06:36:41+00:00,ADA,0.209423,,,coingecko
2026-08-21T06:36:41+00:00,LINK,11.04,,,coingecko
2026-08-21T06:36:41+00:00,AVAX,7.39,,,coingecko
2026-08-21T06:36:41+00:00,DOT,0.852695,,,coingecko
2026-08-21T06:36:41+00:00,MATIC,0.126156,,,coingecko
2026-08-21T06:36:41+00:00,LTC,48.77,,,coingecko
2026-08-21T06:37:17+00:00,BTC,75549.065,,,consenso
2026-08-21T06:37:17+00:00,ETH,2369.55,,,consenso
2026-08-21T06:37:17+00:00,SOL,90.25,,,consenso
2026-08-21T06:37:17+00:00,XRP,1.3061,,,consenso
2026-08-21T06:37:17+00:00,DOGE,0.08332,,,binance
2026-08-21T06:37:17+00:00,BNB,668.9,,,binance
2026-08-21T06:37:49+00:00,BTC,75559.0,,,coingecko
2026-08-21T06:37:49+00:00,ETH,2369.49,,,coingecko
2026-08-21T06:37:49+00:00,SOL,90.26,,,coingecko
2026-08-21T06:37:49+00:00,XRP,1.31,,,coingecko
2026-08-21T06:37:49+00:00,DOGE,0.083297,,,coingecko
2026-08-21T06:37:49+00:00,BNB,668.23,,,coingecko
2026-08-21T06:37:49+00:00,ADA,0.209409,,,coingecko
2026-08-21T06:37:49+00:00,LINK,11.03,,,coingecko
2026-08-21T06:37:49+00:00,AVAX,7.38,,,coingecko
2026-08-21T06:37:49+00:00,DOT,0.852626,,,coingecko
2026-08-21T06:37:49+00:00,MATIC,0.126156,,,coingecko
2026-08-21T06:37:49+00:00,LTC,48.77,,,coingecko
2026-08-21T06:38:00+00:00,BTC,75549.065,,,consenso
2026-08-21T06:38:00+00:00,ETH,2369.55,,,consenso
2026-08-21T06:38:00+00:00,SOL,90.21,,,consenso
2026-08-21T06:38:00+00:00,XRP,1.307,,,consenso
2026-08-21T06:38:00+00:00,DOGE,0.08354,,,binance
2026-08-21T06:38:00+00:00,BNB,669.37,,,binance
2026-08-21T06:38:54+00:00,BTC,75520.0,,,coingecko
2026-08-21T06:38:54+00:00,ETH,2367.78,,,coingecko
2026-08-21T06:38:54+00:00,SOL,90.18,,,coingecko
2026-08-21T06:38:54+00:00,XRP,1.31,,,coingecko
2026-08-21T06:38:54+00:00,DOGE,0.083339,,,coingecko
2026-08-21T06:38:54+00:00,BNB,668.48,,,coingecko
2026-08-21T06:38:54+00:00,ADA,0.209315,,,coingecko
2026-08-21T06:38:54+00:00,LINK,11.01,,,coingecko
2026-08-21T06:38:54+00:00,AVAX,7.36,,,coingecko
2026-08-21T06:38:54+00:00,DOT,0.852168,,,coingecko
2026-08-21T06:38:54+00:00,MATIC,0.126156,,,coingecko
2026-08-21T06:38:54+00:00,LTC,48.77,,,coingecko
2026-08-21T06:39:03+00:00,BTC,75549.065,,,consenso
2026-08-21T06:39:03+00:00,ETH,2369.55,,,consenso
2026-08-21T06:39:03+00:00,SOL,90.32,,,consenso
2026-08-21T06:39:03+00:00,XRP,1.3088,,,consenso
2026-08-21T06:39:03+00:00,DOGE,0.08365,,,binance
2026-08-21T06:39:03+00:00,BNB,671.64,,,binance
2026-08-21T06:39:49+00:00,BTC,75549.065,,,consenso
2026-08-21T06:39:49+00:00,ETH,2369.55,,,consenso
2026-08-21T06:39:49+00:00,SOL,90.41,,,consenso
2026-08-21T06:39:49+00:00,XRP,1.3096,,,consenso
2026-08-21T06:39:49+00:00,DOGE,0.08358,,,binance
2026-08-21T06:39:49+00:00,BNB,672.57,,,binance
2026-08-21T06:40:00+00:00,BTC,75515.0,,,coingecko
2026-08-21T06:40:00+00:00,ETH,2368.12,,,coingecko
2026-08-21T06:40:00+00:00,SOL,90.16,,,coingecko
2026-08-21T06:40:00+00:00,XRP,1.31,,,coingecko
2026-08-21T06:40:00+00:00,DOGE,0.083523,,,coingecko
2026-08-21T06:40:00+00:00,BNB,669.04,,,coingecko
2026-08-21T06:40:00+00:00,ADA,0.209448,,,coingecko
2026-08-21T06:40:00+00:00,LINK,11.01,,,coingecko
2026-08-21T06:40:00+00:00,AVAX,7.36,,,coingecko
2026-08-21T06:40:00+00:00,DOT,0.85217,,,coingecko
2026-08-21T06:40:00+00:00,MATIC,0.126156,,,coingecko
2026-08-21T06:40:00+00:00,LTC,48.78,,,coingecko
2026-08-21T06:41:08+00:00,BTC,75599.0,,,coingecko
2026-08-21T06:41:08+00:00,ETH,2370.12,,,coingecko
2026-08-21T06:41:08+00:00,SOL,90.31,,,coingecko
2026-08-21T06:41:08+00:00,XRP,1.31,,,coingecko
2026-08-21T06:41:08+00:00,DOGE,0.08353,,,coingecko
2026-08-21T06:41:08+00:00,BNB,671.05,,,coingecko
2026-08-21T06:41:08+00:00,ADA,0.209687,,,coingecko
2026-08-21T06:41:08+00:00,LINK,11.01,,,coingecko
2026-08-21T06:41:08+00:00,AVAX,7.34,,,coingecko
2026-08-21T06:41:08+00:00,DOT,0.852145,,,coingecko
2026-08-21T06:41:08+00:00,MATIC,0.126156,,,coingecko
2026-08-21T06:41:08+00:00,LTC,48.85,,,coingecko
2026-08-21T06:41:04+00:00,BTC,75549.065,,,consenso
2026-08-21T06:41:04+00:00,ETH,2369.55,,,consenso
2026-08-21T06:41:04+00:00,SOL,90.47,,,consenso
2026-08-21T06:41:04+00:00,XRP,1.3104,,,consenso
2026-08-21T06:41:04+00:00,DOGE,0.08363,,,binance
2026-08-21T06:41:04+00:00,BNB,672.4,,,binance
2026-08-21T06:41:51+00:00,BTC,75589.085,,,consenso
2026-08-21T06:41:51+00:00,ETH,2368.915,,,consenso
2026-08-21T06:41:51+00:00,SOL,90.36,,,consenso
2026-08-21T06:41:51+00:00,XRP,1.3074,,,consenso
2026-08-21T06:41:51+00:00,DOGE,0.08359,,,binance
2026-08-21T06:41:51+00:00,BNB,670.33,,,binance
2026-08-21T06:42:13+00:00,BTC,75667.0,,,coingecko
2026-08-21T06:42:13+00:00,ETH,2371.12,,,coingecko
2026-08-21T06:42:13+00:00,SOL,90.35,,,coingecko
2026-08-21T06:42:13+00:00,XRP,1.31,,,coingecko
2026-08-21T06:42:13+00:00,DOGE,0.083605,,,coingecko
2026-08-21T06:42:13+00:00,BNB,671.96,,,coingecko
2026-08-21T06:42:13+00:00,ADA,0.209695,,,coingecko
2026-08-21T06:42:13+00:00,LINK,11.01,,,coingecko
2026-08-21T06:42:13+00:00,AVAX,7.35,,,coingecko
2026-08-21T06:42:13+00:00,DOT,0.85213,,,coingecko
2026-08-21T06:42:13+00:00,MATIC,0.126156,,,coingecko
2026-08-21T06:42:13+00:00,LTC,48.9,,,coingecko
2026-08-21T06:42:34+00:00,BTC,75589.085,,,consenso
2026-08-21T06:42:34+00:00,ETH,2368.915,,,consenso
2026-08-21T06:42:34+00:00,SOL,90.22,,,consenso
2026-08-21T06:42:34+00:00,XRP,1.3052,,,consenso
2026-08-21T06:42:34+00:00,DOGE,0.08353,,,binance
2026-08-21T06:42:34+00:00,BNB,668.74,,,binance
2026-08-21T06:43:16+00:00,BTC,75598.0,,,coingecko
2026-08-21T06:43:16+00:00,ETH,2369.31,,,coingecko
2026-08-21T06:43:16+00:00,SOL,90.35,,,coingecko
2026-08-21T06:43:16+00:00,XRP,1.31,,,coingecko
2026-08-21T06:43:16+00:00,DOGE,0.083572,,,coingecko
2026-08-21T06:43:16+00:00,BNB,669.26,,,coingecko
2026-08-21T06:43:16+00:00,ADA,0.209434,,,coingecko
2026-08-21T06:43:16+00:00,LINK,11.0,,,coingecko
2026-08-21T06:43:16+00:00,AVAX,7.33,,,coingecko
2026-08-21T06:43:16+00:00,DOT,0.85191,,,coingecko
2026-08-21T06:43:16+00:00,MATIC,0.126156,,,coingecko
2026-08-21T06:43:16+00:00,LTC,48.89,,,coingecko
2026-08-21T06:43:23+00:00,BTC,75589.085,,,consenso
2026-08-21T06:43:23+00:00,ETH,2368.915,,,consenso
2026-08-21T06:43:23+00:00,SOL,90.12,,,consenso
2026-08-21T06:43:23+00:00,XRP,1.3042,,,consenso
2026-08-21T06:43:23+00:00,DOGE,0.0834,,,binance
2026-08-21T06:43:23+00:00,BNB,666.8,,,binance
2026-08-21T06:44:04+00:00,BTC,75589.085,,,consenso
2026-08-21T06:44:04+00:00,ETH,2368.915,,,consenso
2026-08-21T06:44:04+00:00,SOL,90.19,,,consenso
2026-08-21T06:44:04+00:00,XRP,1.3018,,,consenso
2026-08-21T06:44:04+00:00,DOGE,0.08345,,,binance
2026-08-21T06:44:04+00:00,BNB,668.05,,,binance
2026-08-21T06:44:23+00:00,BTC,75457.0,,,coingecko
2026-08-21T06:44:23+00:00,ETH,2365.84,,,coingecko
2026-08-21T06:44:23+00:00,SOL,90.19,,,coingecko
2026-08-21T06:44:23+00:00,XRP,1.3,,,coingecko
2026-08-21T06:44:23+00:00,DOGE,0.083527,,,coingecko
2026-08-21T06:44:23+00:00,BNB,668.04,,,coingecko
2026-08-21T06:44:23+00:00,ADA,0.209049,,,coingecko
2026-08-21T06:44:23+00:00,LINK,10.99,,,coingecko
2026-08-21T06:44:23+00:00,AVAX,7.33,,,coingecko
2026-08-21T06:44:23+00:00,DOT,0.850721,,,coingecko
2026-08-21T06:44:23+00:00,MATIC,0.126156,,,coingecko
2026-08-21T06:44:23+00:00,LTC,48.88,,,coingecko
2026-08-21T06:45:00+00:00,BTC,75589.085,,,consenso
2026-08-21T06:45:00+00:00,ETH,2368.915,,,consenso
2026-08-21T06:45:00+00:00,SOL,90.09,,,consenso
2026-08-21T06:45:00+00:00,XRP,1.3004,,,consenso
2026-08-21T06:45:00+00:00,DOGE,0.08342,,,binance
2026-08-21T06:45:00+00:00,BNB,668.1,,,binance
2026-08-21T06:45:59+00:00,BTC,75589.085,,,consenso
2026-08-21T06:45:59+00:00,ETH,2368.915,,,consenso
2026-08-21T06:45:59+00:00,SOL,89.85,,,consenso
2026-08-21T06:45:59+00:00,XRP,1.3002,,,consenso
2026-08-21T06:45:59+00:00,DOGE,0.0833,,,binance
2026-08-21T06:45:59+00:00,BNB,667.85,,,binance
2026-08-21T06:46:43+00:00,BTC,75310.0,,,coingecko
2026-08-21T06:46:43+00:00,ETH,2368.79,,,coingecko
2026-08-21T06:46:43+00:00,SOL,89.84,,,coingecko
2026-08-21T06:46:43+00:00,XRP,1.3,,,coingecko
2026-08-21T06:46:43+00:00,DOGE,0.083414,,,coingecko
2026-08-21T06:46:43+00:00,BNB,667.56,,,coingecko
2026-08-21T06:46:43+00:00,ADA,0.208075,,,coingecko
2026-08-21T06:46:43+00:00,LINK,10.98,,,coingecko
2026-08-21T06:46:43+00:00,AVAX,7.31,,,coingecko
2026-08-21T06:46:43+00:00,DOT,0.850958,,,coingecko
2026-08-21T06:46:43+00:00,MATIC,0.126156,,,coingecko
2026-08-21T06:46:43+00:00,LTC,48.88,,,coingecko
2026-08-21T06:47:13+00:00,BTC,75296.31,,,consenso
2026-08-21T06:47:13+00:00,ETH,2363.855,,,consenso
2026-08-21T06:47:13+00:00,SOL,89.88,,,consenso
2026-08-21T06:47:13+00:00,XRP,1.29874,,,consenso
2026-08-21T06:47:13+00:00,DOGE,0.08308,,,binance
2026-08-21T06:47:13+00:00,BNB,667.03,,,binance
2026-08-21T06:47:55+00:00,BTC,75296.0,,,coingecko
2026-08-21T06:47:55+00:00,ETH,2365.31,,,coingecko
2026-08-21T06:47:55+00:00,SOL,89.79,,,coingecko
2026-08-21T06:47:55+00:00,XRP,1.3,,,coingecko
2026-08-21T06:47:55+00:00,DOGE,0.083098,,,coingecko
2026-08-21T06:47:55+00:00,BNB,667.06,,,coingecko
2026-08-21T06:47:55+00:00,ADA,0.207918,,,coingecko
2026-08-21T06:47:55+00:00,LINK,10.97,,,coingecko
2026-08-21T06:47:55+00:00,AVAX,7.32,,,coingecko
2026-08-21T06:47:55+00:00,DOT,0.849672,,,coingecko
2026-08-21T06:47:55+00:00,MATIC,0.126156,,,coingecko
2026-08-21T06:47:55+00:00,LTC,48.76,,,coingecko
2026-08-21T06:48:02+00:00,BTC,75296.31,,,consenso
2026-08-21T06:48:02+00:00,ETH,2363.855,,,consenso
2026-08-21T06:48:02+00:00,SOL,90.17,,,consenso
2026-08-21T06:48:02+00:00,XRP,1.3009,,,consenso
2026-08-21T06:48:02+00:00,DOGE,0.08323,,,binance
2026-08-21T06:48:02+00:00,BNB,667.33,,,binance
2026-08-21T06:48:52+00:00,BTC,75296.31,,,consenso
2026-08-21T06:48:52+00:00,ETH,2363.855,,,consenso
2026-08-21T06:48:52+00:00,SOL,90.31,,,consenso
2026-08-21T06:48:52+00:00,XRP,1.3026,,,consenso
2026-08-21T06:48:52+00:00,DOGE,0.08332,,,binance
2026-08-21T06:48:52+00:00,BNB,667.51,,,binance
2026-08-21T06:48:59+00:00,BTC,75334.0,,,coingecko
2026-08-21T06:48:59+00:00,ETH,2369.3,,,coingecko
2026-08-21T06:48:59+00:00,SOL,89.93,,,coingecko
2026-08-21T06:48:59+00:00,XRP,1.3,,,coingecko
2026-08-21T06:48:59+00:00,DOGE,0.083124,,,coingecko
2026-08-21T06:48:59+00:00,BNB,666.71,,,coingecko
2026-08-21T06:48:59+00:00,ADA,0.207833,,,coingecko
2026-08-21T06:48:59+00:00,LINK,10.95,,,coingecko
2026-08-21T06:48:59+00:00,AVAX,7.32,,,coingecko
2026-08-21T06:48:59+00:00,DOT,0.850123,,,coingecko
2026-08-21T06:48:59+00:00,MATIC,0.126156,,,coingecko
2026-08-21T06:48:59+00:00,LTC,48.81,,,coingecko
2026-08-21T06:49:46+00:00,BTC,75296.31,,,consenso
2026-08-21T06:49:46+00:00,ETH,2363.855,,,consenso
2026-08-21T06:49:46+00:00,SOL,90.31,,,consenso
2026-08-21T06:49:46+00:00,XRP,1.3027,,,consenso
2026-08-21T06:49:46+00:00,DOGE,0.08342,,,binance
2026-08-21T06:49:46+00:00,BNB,667.89,,,binance
2026-08-21T06:50:06+00:00,BTC,75372.0,,,coingecko
2026-08-21T06:50:06+00:00,ETH,2369.5,,,coingecko
2026-08-21T06:50:06+00:00,SOL,90.18,,,coingecko
2026-08-21T06:50:06+00:00,XRP,1.3,,,coingecko
2026-08-21T06:50:06+00:00,DOGE,0.08321,,,coingecko
2026-08-21T06:50:06+00:00,BNB,667.01,,,coingecko
2026-08-21T06:50:06+00:00,ADA,0.207578,,,coingecko
2026-08-21T06:50:06+00:00,LINK,10.95,,,coingecko
2026-08-21T06:50:06+00:00,AVAX,7.33,,,coingecko
2026-08-21T06:50:06+00:00,DOT,0.850483,,,coingecko
2026-08-21T06:50:06+00:00,MATIC,0.126156,,,coingecko
2026-08-21T06:50:06+00:00,LTC,48.81,,,coingecko
2026-08-21T06:50:40+00:00,BTC,75296.31,,,consenso
2026-08-21T06:50:40+00:00,ETH,2363.855,,,consenso
2026-08-21T06:50:40+00:00,SOL,90.23,,,consenso
2026-08-21T06:50:40+00:00,XRP,1.302,,,consenso
2026-08-21T06:50:40+00:00,DOGE,0.08339,,,binance
2026-08-21T06:50:40+00:00,BNB,667.47,,,binance
2026-08-21T06:51:15+00:00,BTC,75479.0,,,coingecko
2026-08-21T06:51:15+00:00,ETH,2374.79,,,coingecko
2026-08-21T06:51:15+00:00,SOL,90.3,,,coingecko
2026-08-21T06:51:15+00:00,XRP,1.3,,,coingecko
2026-08-21T06:51:15+00:00,DOGE,0.083357,,,coingecko
2026-08-21T06:51:15+00:00,BNB,667.54,,,coingecko
2026-08-21T06:51:15+00:00,ADA,0.207606,,,coingecko
2026-08-21T06:51:15+00:00,LINK,10.97,,,coingecko
2026-08-21T06:51:15+00:00,AVAX,7.34,,,coingecko
2026-08-21T06:51:15+00:00,DOT,0.851848,,,coingecko
2026-08-21T06:51:15+00:00,MATIC,0.126156,,,coingecko
2026-08-21T06:51:15+00:00,LTC,48.88,,,coingecko
2026-08-21T06:51:20+00:00,BTC,75296.31,,,consenso
2026-08-21T06:51:20+00:00,ETH,2363.855,,,consenso
2026-08-21T06:51:20+00:00,SOL,90.22,,,consenso
2026-08-21T06:51:20+00:00,XRP,1.3022,,,consenso
2026-08-21T06:51:20+00:00,DOGE,0.08333,,,binance
2026-08-21T06:51:20+00:00,BNB,666.81,,,binance
2026-08-21T06:52:16+00:00,BTC,75452.515,,,consenso
2026-08-21T06:52:16+00:00,ETH,2372.745,,,consenso
2026-08-21T06:52:16+00:00,SOL,90.225,,,consenso
2026-08-21T06:52:16+00:00,XRP,1.3027,,,consenso
2026-08-21T06:52:16+00:00,DOGE,0.0834,,,binance
2026-08-21T06:52:16+00:00,BNB,666.68,,,binance
2026-08-21T06:52:21+00:00,BTC,75473.0,,,coingecko
2026-08-21T06:52:21+00:00,ETH,2373.13,,,coingecko
2026-08-21T06:52:21+00:00,SOL,90.23,,,coingecko
2026-08-21T06:52:21+00:00,XRP,1.3,,,coingecko
2026-08-21T06:52:21+00:00,DOGE,0.083344,,,coingecko
2026-08-21T06:52:21+00:00,BNB,666.65,,,coingecko
2026-08-21T06:52:21+00:00,ADA,0.207793,,,coingecko
2026-08-21T06:52:21+00:00,LINK,10.97,,,coingecko
2026-08-21T06:52:21+00:00,AVAX,7.34,,,coingecko
2026-08-21T06:52:21+00:00,DOT,0.852038,,,coingecko
2026-08-21T06:52:21+00:00,MATIC,0.126156,,,coingecko
2026-08-21T06:52:21+00:00,LTC,48.84,,,coingecko
2026-08-21T06:53:20+00:00,BTC,75452.515,,,consenso
2026-08-21T06:53:20+00:00,ETH,2372.745,,,consenso
2026-08-21T06:53:20+00:00,SOL,90.25,,,consenso
2026-08-21T06:53:20+00:00,XRP,1.3017,,,consenso
2026-08-21T06:53:20+00:00,DOGE,0.08331,,,binance
2026-08-21T06:53:20+00:00,BNB,666.3,,,binance
2026-08-21T06:53:29+00:00,BTC,75438.0,,,coingecko
2026-08-21T06:53:29+00:00,ETH,2371.38,,,coingecko
2026-08-21T06:53:29+00:00,SOL,90.2,,,coingecko
2026-08-21T06:53:29+00:00,XRP,1.3,,,coingecko
2026-08-21T06:53:29+00:00,DOGE,0.083337,,,coingecko
2026-08-21T06:53:29+00:00,BNB,666.16,,,coingecko
2026-08-21T06:53:29+00:00,ADA,0.20797,,,coingecko
2026-08-21T06:53:29+00:00,LINK,10.96,,,coingecko
2026-08-21T06:53:29+00:00,AVAX,7.34,,,coingecko
2026-08-21T06:53:29+00:00,DOT,0.852924,,,coingecko
2026-08-21T06:53:29+00:00,MATIC,0.126156,,,coingecko
2026-08-21T06:53:29+00:00,LTC,48.81,,,coingecko
2026-08-21T06:54:02+00:00,BTC,75452.515,,,consenso
2026-08-21T06:54:02+00:00,ETH,2372.745,,,consenso
2026-08-21T06:54:02+00:00,SOL,90.21,,,consenso
2026-08-21T06:54:02+00:00,XRP,1.3005,,,consenso
2026-08-21T06:54:02+00:00,DOGE,0.08328,,,binance
2026-08-21T06:54:02+00:00,BNB,666.15,,,binance
2026-08-21T06:54:35+00:00,BTC,75413.0,,,coingecko
2026-08-21T06:54:35+00:00,ETH,2369.5,,,coingecko
2026-08-21T06:54:35+00:00,SOL,90.18,,,coingecko
2026-08-21T06:54:35+00:00,XRP,1.3,,,coingecko
2026-08-21T06:54:35+00:00,DOGE,0.08329,,,coingecko
2026-08-21T06:54:35+00:00,BNB,665.74,,,coingecko
2026-08-21T06:54:35+00:00,ADA,0.207608,,,coingecko
2026-08-21T06:54:35+00:00,LINK,10.96,,,coingecko
2026-08-21T06:54:35+00:00,AVAX,7.33,,,coingecko
2026-08-21T06:54:35+00:00,DOT,0.852774,,,coingecko
2026-08-21T06:54:35+00:00,MATIC,0.126156,,,coingecko
2026-08-21T06:54:35+00:00,LTC,48.79,,,coingecko
2026-08-21T06:54:41+00:00,BTC,75452.515,,,consenso
2026-08-21T06:54:41+00:00,ETH,2372.745,,,consenso
2026-08-21T06:54:41+00:00,SOL,90.14,,,consenso
2026-08-21T06:54:41+00:00,XRP,1.3,,,consenso
2026-08-21T06:54:41+00:00,DOGE,0.08326,,,binance
2026-08-21T06:54:41+00:00,BNB,666.4,,,binance
2026-08-21T06:55:33+00:00,BTC,75452.515,,,consenso
2026-08-21T06:55:33+00:00,ETH,2372.745,,,consenso
2026-08-21T06:55:33+00:00,SOL,90.17,,,consenso
2026-08-21T06:55:33+00:00,XRP,1.2997,,,consenso
2026-08-21T06:55:33+00:00,DOGE,0.08326,,,binance
2026-08-21T06:55:33+00:00,BNB,666.96,,,binance
2026-08-21T06:55:40+00:00,BTC,75469.0,,,coingecko
2026-08-21T06:55:40+00:00,ETH,2370.66,,,coingecko
2026-08-21T06:55:40+00:00,SOL,90.12,,,coingecko
2026-08-21T06:55:40+00:00,XRP,1.3,,,coingecko
2026-08-21T06:55:40+00:00,DOGE,0.08327,,,coingecko
2026-08-21T06:55:40+00:00,BNB,665.96,,,coingecko
2026-08-21T06:55:40+00:00,ADA,0.207469,,,coingecko
2026-08-21T06:55:40+00:00,LINK,10.96,,,coingecko
2026-08-21T06:55:40+00:00,AVAX,7.34,,,coingecko
2026-08-21T06:55:40+00:00,DOT,0.852445,,,coingecko
2026-08-21T06:55:40+00:00,MATIC,0.126156,,,coingecko
2026-08-21T06:55:40+00:00,LTC,48.78,,,coingecko
2026-08-21T06:56:30+00:00,BTC,75452.515,,,consenso
2026-08-21T06:56:30+00:00,ETH,2372.745,,,consenso
2026-08-21T06:56:30+00:00,SOL,90.23,,,consenso
2026-08-21T06:56:30+00:00,XRP,1.3004,,,consenso
2026-08-21T06:56:30+00:00,DOGE,0.08325,,,binance
2026-08-21T06:56:30+00:00,BNB,666.95,,,binance
2026-08-21T06:56:45+00:00,BTC,75547.0,,,coingecko
2026-08-21T06:56:45+00:00,ETH,2370.7,,,coingecko
2026-08-21T06:56:45+00:00,SOL,90.12,,,coingecko
2026-08-21T06:56:45+00:00,XRP,1.3,,,coingecko
2026-08-21T06:56:45+00:00,DOGE,0.083232,,,coingecko
2026-08-21T06:56:45+00:00,BNB,666.31,,,coingecko
2026-08-21T06:56:45+00:00,ADA,0.207295,,,coingecko
2026-08-21T06:56:45+00:00,LINK,10.96,,,coingecko
2026-08-21T06:56:45+00:00,AVAX,7.35,,,coingecko
2026-08-21T06:56:45+00:00,DOT,0.852095,,,coingecko
2026-08-21T06:56:45+00:00,MATIC,0.126156,,,coingecko
2026-08-21T06:56:45+00:00,LTC,48.75,,,coingecko
2026-08-21T06:57:27+00:00,BTC,75595.8,,,consenso
2026-08-21T06:57:27+00:00,ETH,2371.735,,,consenso
2026-08-21T06:57:27+00:00,SOL,90.1,,,consenso
2026-08-21T06:57:27+00:00,XRP,1.29985,,,consenso
2026-08-21T06:57:27+00:00,DOGE,0.08328,,,binance
2026-08-21T06:57:27+00:00,BNB,667.02,,,binance
2026-08-21T06:58:11+00:00,BTC,75595.8,,,consenso
2026-08-21T06:58:11+00:00,ETH,2371.735,,,consenso
2026-08-21T06:58:11+00:00,SOL,90.16,,,consenso
2026-08-21T06:58:11+00:00,XRP,1.2984,,,consenso
2026-08-21T06:58:11+00:00,DOGE,0.08323,,,binance
2026-08-21T06:58:11+00:00,BNB,666.85,,,binance
2026-08-21T06:58:57+00:00,BTC,75549.0,,,coingecko
2026-08-21T06:58:57+00:00,ETH,2371.15,,,coingecko
2026-08-21T06:58:57+00:00,SOL,90.12,,,coingecko
2026-08-21T06:58:57+00:00,XRP,1.3,,,coingecko
2026-08-21T06:58:57+00:00,DOGE,0.083217,,,coingecko
2026-08-21T06:58:57+00:00,BNB,666.54,,,coingecko
2026-08-21T06:58:57+00:00,ADA,0.207243,,,coingecko
2026-08-21T06:58:57+00:00,LINK,10.97,,,coingecko
2026-08-21T06:58:57+00:00,AVAX,7.35,,,coingecko
2026-08-21T06:58:57+00:00,DOT,0.851001,,,coingecko
2026-08-21T06:58:57+00:00,MATIC,0.126156,,,coingecko
2026-08-21T06:58:57+00:00,LTC,48.78,,,coingecko
2026-08-21T06:59:08+00:00,BTC,75595.8,,,consenso
2026-08-21T06:59:08+00:00,ETH,2371.735,,,consenso
2026-08-21T06:59:08+00:00,SOL,90.2,,,consenso
2026-08-21T06:59:08+00:00,XRP,1.2988,,,consenso
2026-08-21T06:59:08+00:00,DOGE,0.08324,,,binance
2026-08-21T06:59:08+00:00,BNB,666.85,,,binance
2026-08-21T06:59:50+00:00,BTC,75595.8,,,consenso
2026-08-21T06:59:50+00:00,ETH,2371.735,,,consenso
2026-08-21T06:59:50+00:00,SOL,90.23,,,consenso
2026-08-21T06:59:50+00:00,XRP,1.299,,,consenso
2026-08-21T06:59:50+00:00,DOGE,0.08327,,,binance
2026-08-21T06:59:50+00:00,BNB,666.87,,,binance
2026-08-21T07:00:04+00:00,BTC,75536.0,,,coingecko
2026-08-21T07:00:04+00:00,ETH,2370.16,,,coingecko
2026-08-21T07:00:04+00:00,SOL,90.1,,,coingecko
2026-08-21T07:00:04+00:00,XRP,1.3,,,coingecko
2026-08-21T07:00:04+00:00,DOGE,0.083201,,,coingecko
2026-08-21T07:00:04+00:00,BNB,666.58,,,coingecko
2026-08-21T07:00:04+00:00,ADA,0.207253,,,coingecko
2026-08-21T07:00:04+00:00,LINK,10.96,,,coingecko
2026-08-21T07:00:04+00:00,AVAX,7.36,,,coingecko
2026-08-21T07:00:04+00:00,DOT,0.850708,,,coingecko
2026-08-21T07:00:04+00:00,MATIC,0.126156,,,coingecko
2026-08-21T07:00:04+00:00,LTC,48.78,,,coingecko
2026-08-21T07:00:41+00:00,BTC,75595.8,,,consenso
2026-08-21T07:00:41+00:00,ETH,2371.735,,,consenso
2026-08-21T07:00:41+00:00,SOL,90.22,,,consenso
2026-08-21T07:00:41+00:00,XRP,1.2991,,,consenso
2026-08-21T07:00:41+00:00,DOGE,0.0832,,,binance
2026-08-21T07:00:41+00:00,BNB,667.12,,,binance
2026-08-21T07:01:16+00:00,BTC,75572.0,,,coingecko
2026-08-21T07:01:16+00:00,ETH,2370.54,,,coingecko
2026-08-21T07:01:16+00:00,SOL,90.16,,,coingecko
2026-08-21T07:01:16+00:00,XRP,1.3,,,coingecko
2026-08-21T07:01:16+00:00,DOGE,0.083216,,,coingecko
2026-08-21T07:01:16+00:00,BNB,666.35,,,coingecko
2026-08-21T07:01:16+00:00,ADA,0.207214,,,coingecko
2026-08-21T07:01:16+00:00,LINK,10.97,,,coingecko
2026-08-21T07:01:16+00:00,AVAX,7.36,,,coingecko
2026-08-21T07:01:16+00:00,DOT,0.851036,,,coingecko
2026-08-21T07:01:16+00:00,MATIC,0.126156,,,coingecko
2026-08-21T07:01:16+00:00,LTC,48.81,,,coingecko
2026-08-21T07:01:27+00:00,BTC,75595.8,,,consenso
2026-08-21T07:01:27+00:00,ETH,2371.735,,,consenso
2026-08-21T07:01:27+00:00,SOL,90.4,,,consenso
2026-08-21T07:01:27+00:00,XRP,1.3033,,,consenso
2026-08-21T07:01:27+00:00,DOGE,0.08329,,,binance
2026-08-21T07:01:27+00:00,BNB,667.38,,,binance
2026-08-21T07:02:03+00:00,BTC,75595.8,,,consenso
2026-08-21T07:02:03+00:00,ETH,2371.735,,,consenso
2026-08-21T07:02:03+00:00,SOL,90.39,,,consenso
2026-08-21T07:02:03+00:00,XRP,1.3037,,,consenso
2026-08-21T07:02:03+00:00,DOGE,0.08336,,,binance
2026-08-21T07:02:03+00:00,BNB,667.33,,,binance
2026-08-21T07:02:22+00:00,BTC,75613.0,,,coingecko
2026-08-21T07:02:22+00:00,ETH,2370.83,,,coingecko
2026-08-21T07:02:22+00:00,SOL,90.16,,,coingecko
2026-08-21T07:02:22+00:00,XRP,1.3,,,coingecko
2026-08-21T07:02:22+00:00,DOGE,0.083185,,,coingecko
2026-08-21T07:02:22+00:00,BNB,666.7,,,coingecko
2026-08-21T07:02:22+00:00,ADA,0.207213,,,coingecko
2026-08-21T07:02:22+00:00,LINK,10.97,,,coingecko
2026-08-21T07:02:22+00:00,AVAX,7.35,,,coingecko
2026-08-21T07:02:22+00:00,DOT,0.850686,,,coingecko
2026-08-21T07:02:22+00:00,MATIC,0.126156,,,coingecko
2026-08-21T07:02:22+00:00,LTC,48.8,,,coingecko
2026-08-21T07:02:45+00:00,BTC,75686.515,,,consenso
2026-08-21T07:02:45+00:00,ETH,2373.22,,,consenso
2026-08-21T07:02:45+00:00,SOL,90.47,,,consenso
2026-08-21T07:02:45+00:00,XRP,1.3034,,,consenso
2026-08-21T07:02:45+00:00,DOGE,0.08343,,,binance
2026-08-21T07:02:45+00:00,BNB,667.97,,,binance
2026-08-21T07:03:26+00:00,BTC,75629.0,,,coingecko
2026-08-21T07:03:26+00:00,ETH,2372.14,,,coingecko
2026-08-21T07:03:26+00:00,SOL,90.31,,,coingecko
2026-08-21T07:03:26+00:00,XRP,1.3,,,coingecko
2026-08-21T07:03:26+00:00,DOGE,0.083276,,,coingecko
2026-08-21T07:03:26+00:00,BNB,666.79,,,coingecko
2026-08-21T07:03:26+00:00,ADA,0.207408,,,coingecko
2026-08-21T07:03:26+00:00,LINK,10.97,,,coingecko
2026-08-21T07:03:26+00:00,AVAX,7.35,,,coingecko
2026-08-21T07:03:26+00:00,DOT,0.850914,,,coingecko
2026-08-21T07:03:26+00:00,MATIC,0.126156,,,coingecko
2026-08-21T07:03:26+00:00,LTC,48.8,,,coingecko
2026-08-21T07:03:34+00:00,BTC,75686.515,,,consenso
2026-08-21T07:03:34+00:00,ETH,2373.22,,,consenso
2026-08-21T07:03:34+00:00,SOL,90.63,,,consenso
2026-08-21T07:03:34+00:00,XRP,1.3049,,,consenso
2026-08-21T07:03:34+00:00,DOGE,0.08347,,,binance
2026-08-21T07:03:34+00:00,BNB,668.43,,,binance
2026-08-21T07:04:10+00:00,BTC,75686.515,,,consenso
2026-08-21T07:04:10+00:00,ETH,2373.22,,,consenso
2026-08-21T07:04:10+00:00,SOL,90.59,,,consenso
2026-08-21T07:04:10+00:00,XRP,1.3056,,,consenso
2026-08-21T07:04:10+00:00,DOGE,0.08345,,,binance
2026-08-21T07:04:10+00:00,BNB,668.78,,,binance
2026-08-21T07:04:31+00:00,BTC,75737.0,,,coingecko
2026-08-21T07:04:31+00:00,ETH,2374.34,,,coingecko
2026-08-21T07:04:31+00:00,SOL,90.48,,,coingecko
2026-08-21T07:04:31+00:00,XRP,1.3,,,coingecko
2026-08-21T07:04:31+00:00,DOGE,0.083388,,,coingecko
2026-08-21T07:04:31+00:00,BNB,667.55,,,coingecko
2026-08-21T07:04:31+00:00,ADA,0.207975,,,coingecko
2026-08-21T07:04:31+00:00,LINK,10.98,,,coingecko
2026-08-21T07:04:31+00:00,AVAX,7.36,,,coingecko
2026-08-21T07:04:31+00:00,DOT,0.851998,,,coingecko
2026-08-21T07:04:31+00:00,MATIC,0.126156,,,coingecko
2026-08-21T07:04:31+00:00,LTC,48.89,,,coingecko
2026-08-21T07:04:47+00:00,BTC,75686.515,,,consenso
2026-08-21T07:04:47+00:00,ETH,2373.22,,,consenso
2026-08-21T07:04:47+00:00,SOL,90.53,,,consenso
2026-08-21T07:04:47+00:00,XRP,1.306,,,consenso
2026-08-21T07:04:47+00:00,DOGE,0.0834,,,binance
2026-08-21T07:04:47+00:00,BNB,668.44,,,binance
2026-08-21T07:05:37+00:00,BTC,75728.0,,,coingecko
2026-08-21T07:05:37+00:00,ETH,2373.75,,,coingecko
2026-08-21T07:05:37+00:00,SOL,90.53,,,coingecko
2026-08-21T07:05:37+00:00,XRP,1.3,,,coingecko
2026-08-21T07:05:37+00:00,DOGE,0.083388,,,coingecko
2026-08-21T07:05:37+00:00,BNB,667.84,,,coingecko
2026-08-21T07:05:37+00:00,ADA,0.208248,,,coingecko
2026-08-21T07:05:37+00:00,LINK,11.0,,,coingecko
2026-08-21T07:05:37+00:00,AVAX,7.37,,,coingecko
2026-08-21T07:05:37+00:00,DOT,0.852312,,,coingecko
2026-08-21T07:05:37+00:00,MATIC,0.126156,,,coingecko
2026-08-21T07:05:37+00:00,LTC,48.9,,,coingecko
2026-08-21T07:05:35+00:00,BTC,75686.515,,,consenso
2026-08-21T07:05:35+00:00,ETH,2373.22,,,consenso
2026-08-21T07:05:35+00:00,SOL,90.54,,,consenso
2026-08-21T07:05:35+00:00,XRP,1.3075,,,consenso
2026-08-21T07:05:35+00:00,DOGE,0.0834,,,binance
2026-08-21T07:05:35+00:00,BNB,668.76,,,binance
2026-08-21T07:06:19+00:00,BTC,75686.515,,,consenso
2026-08-21T07:06:19+00:00,ETH,2373.22,,,consenso
2026-08-21T07:06:19+00:00,SOL,90.53,,,consenso
2026-08-21T07:06:19+00:00,XRP,1.3069,,,consenso
2026-08-21T07:06:19+00:00,DOGE,0.08334,,,binance
2026-08-21T07:06:19+00:00,BNB,668.53,,,binance
2026-08-21T07:06:42+00:00,BTC,75699.0,,,coingecko
2026-08-21T07:06:42+00:00,ETH,2372.5,,,coingecko
2026-08-21T07:06:42+00:00,SOL,90.48,,,coingecko
2026-08-21T07:06:42+00:00,XRP,1.31,,,coingecko
2026-08-21T07:06:42+00:00,DOGE,0.08336,,,coingecko
2026-08-21T07:06:42+00:00,BNB,668.07,,,coingecko
2026-08-21T07:06:42+00:00,ADA,0.208375,,,coingecko
2026-08-21T07:06:42+00:00,LINK,11.01,,,coingecko
2026-08-21T07:06:42+00:00,AVAX,7.38,,,coingecko
2026-08-21T07:06:42+00:00,DOT,0.852541,,,coingecko
2026-08-21T07:06:42+00:00,MATIC,0.126156,,,coingecko
2026-08-21T07:06:42+00:00,LTC,48.92,,,coingecko
2026-08-21T07:06:57+00:00,BTC,75686.515,,,consenso
2026-08-21T07:06:57+00:00,ETH,2373.22,,,consenso
2026-08-21T07:06:57+00:00,SOL,90.54,,,consenso
2026-08-21T07:06:57+00:00,XRP,1.306,,,consenso
2026-08-21T07:06:57+00:00,DOGE,0.08324,,,binance
2026-08-21T07:06:57+00:00,BNB,668.14,,,binance
2026-08-21T07:07:41+00:00,BTC,75686.515,,,consenso
2026-08-21T07:07:41+00:00,ETH,2373.22,,,consenso
2026-08-21T07:07:41+00:00,SOL,90.6,,,consenso
2026-08-21T07:07:41+00:00,XRP,1.3068,,,consenso
2026-08-21T07:07:41+00:00,DOGE,0.0833,,,binance
2026-08-21T07:07:41+00:00,BNB,669.0,,,binance
2026-08-21T07:07:46+00:00,BTC,75666.0,,,coingecko
2026-08-21T07:07:46+00:00,ETH,2372.14,,,coingecko
2026-08-21T07:07:46+00:00,SOL,90.46,,,coingecko
2026-08-21T07:07:46+00:00,XRP,1.31,,,coingecko
2026-08-21T07:07:46+00:00,DOGE,0.08331,,,coingecko
2026-08-21T07:07:46+00:00,BNB,668.01,,,coingecko
2026-08-21T07:07:46+00:00,ADA,0.20836,,,coingecko
2026-08-21T07:07:46+00:00,LINK,11.01,,,coingecko
2026-08-21T07:07:46+00:00,AVAX,7.38,,,coingecko
2026-08-21T07:07:46+00:00,DOT,0.85239,,,coingecko
2026-08-21T07:07:46+00:00,MATIC,0.126156,,,coingecko
2026-08-21T07:07:46+00:00,LTC,48.91,,,coingecko
2026-08-21T07:08:19+00:00,BTC,75801.355,,,consenso
2026-08-21T07:08:19+00:00,ETH,2374.7,,,consenso
2026-08-21T07:08:19+00:00,SOL,90.59,,,consenso
2026-08-21T07:08:19+00:00,XRP,1.3066,,,consenso
2026-08-21T07:08:19+00:00,DOGE,0.08334,,,binance
2026-08-21T07:08:19+00:00,BNB,669.14,,,binance
2026-08-21T07:08:51+00:00,BTC,75754.0,,,coingecko
2026-08-21T07:08:51+00:00,ETH,2373.42,,,coingecko
2026-08-21T07:08:51+00:00,SOL,90.51,,,coingecko
2026-08-21T07:08:51+00:00,XRP,1.31,,,coingecko
2026-08-21T07:08:51+00:00,DOGE,0.083249,,,coingecko
2026-08-21T07:08:51+00:00,BNB,668.28,,,coingecko
2026-08-21T07:08:51+00:00,ADA,0.208574,,,coingecko
2026-08-21T07:08:51+00:00,LINK,11.01,,,coingecko
2026-08-21T07:08:51+00:00,AVAX,7.38,,,coingecko
2026-08-21T07:08:51+00:00,DOT,0.852434,,,coingecko
2026-08-21T07:08:51+00:00,MATIC,0.126156,,,coingecko
2026-08-21T07:08:51+00:00,LTC,48.91,,,coingecko
2026-08-21T07:08:57+00:00,BTC,75801.355,,,consenso
2026-08-21T07:08:57+00:00,ETH,2374.7,,,consenso
2026-08-21T07:08:57+00:00,SOL,90.62,,,consenso
2026-08-21T07:08:57+00:00,XRP,1.3075,,,consenso
2026-08-21T07:08:57+00:00,DOGE,0.08337,,,binance
2026-08-21T07:08:57+00:00,BNB,669.27,,,binance
2026-08-21T07:09:37+00:00,BTC,75801.355,,,consenso
2026-08-21T07:09:37+00:00,ETH,2374.7,,,consenso
2026-08-21T07:09:37+00:00,SOL,90.64,,,consenso
2026-08-21T07:09:37+00:00,XRP,1.3085,,,consenso
2026-08-21T07:09:37+00:00,DOGE,0.08332,,,binance
2026-08-21T07:09:37+00:00,BNB,669.14,,,binance
2026-08-21T07:10:19+00:00,BTC,75801.355,,,consenso
2026-08-21T07:10:19+00:00,ETH,2374.7,,,consenso
2026-08-21T07:10:19+00:00,SOL,90.64,,,consenso
2026-08-21T07:10:19+00:00,XRP,1.3082,,,consenso
2026-08-21T07:10:19+00:00,DOGE,0.08328,,,binance
2026-08-21T07:10:19+00:00,BNB,668.95,,,binance
2026-08-21T07:10:41+00:00,BTC,75809.0,,,coingecko
2026-08-21T07:10:41+00:00,ETH,2376.01,,,coingecko
2026-08-21T07:10:41+00:00,SOL,90.57,,,coingecko
2026-08-21T07:10:41+00:00,XRP,1.31,,,coingecko
2026-08-21T07:10:41+00:00,DOGE,0.083282,,,coingecko
2026-08-21T07:10:41+00:00,BNB,668.38,,,coingecko
2026-08-21T07:10:41+00:00,ADA,0.209168,,,coingecko
2026-08-21T07:10:41+00:00,LINK,11.04,,,coingecko
2026-08-21T07:10:41+00:00,AVAX,7.39,,,coingecko
2026-08-21T07:10:41+00:00,DOT,0.853505,,,coingecko
2026-08-21T07:10:41+00:00,MATIC,0.126156,,,coingecko
2026-08-21T07:10:41+00:00,LTC,48.97,,,coingecko
2026-08-21T07:11:08+00:00,BTC,75801.355,,,consenso
2026-08-21T07:11:08+00:00,ETH,2374.7,,,consenso
2026-08-21T07:11:08+00:00,SOL,90.63,,,consenso
2026-08-21T07:11:08+00:00,XRP,1.3076,,,consenso
2026-08-21T07:11:08+00:00,DOGE,0.08324,,,binance
2026-08-21T07:11:08+00:00,BNB,669.24,,,binance
2026-08-21T07:11:48+00:00,BTC,75834.0,,,coingecko
2026-08-21T07:11:48+00:00,ETH,2376.1,,,coingecko
2026-08-21T07:11:48+00:00,SOL,90.6,,,coingecko
2026-08-21T07:11:48+00:00,XRP,1.31,,,coingecko
2026-08-21T07:11:48+00:00,DOGE,0.083265,,,coingecko
2026-08-21T07:11:48+00:00,BNB,668.56,,,coingecko
2026-08-21T07:11:48+00:00,ADA,0.209428,,,coingecko
2026-08-21T07:11:48+00:00,LINK,11.04,,,coingecko
2026-08-21T07:11:48+00:00,AVAX,7.39,,,coingecko
2026-08-21T07:11:48+00:00,DOT,0.853852,,,coingecko
2026-08-21T07:11:48+00:00,MATIC,0.126156,,,coingecko
2026-08-21T07:11:48+00:00,LTC,48.96,,,coingecko
2026-08-21T07:11:53+00:00,BTC,75801.355,,,consenso
2026-08-21T07:11:53+00:00,ETH,2374.7,,,consenso
2026-08-21T07:11:53+00:00,SOL,90.73,,,consenso
2026-08-21T07:11:53+00:00,XRP,1.3085,,,consenso
2026-08-21T07:11:53+00:00,DOGE,0.08332,,,binance
2026-08-21T07:11:53+00:00,BNB,669.5,,,binance
2026-08-21T07:12:34+00:00,BTC,75801.355,,,consenso
2026-08-21T07:12:34+00:00,ETH,2374.7,,,consenso
2026-08-21T07:12:34+00:00,SOL,90.68,,,consenso
2026-08-21T07:12:34+00:00,XRP,1.3084,,,consenso
2026-08-21T07:12:34+00:00,DOGE,0.0834,,,binance
2026-08-21T07:12:34+00:00,BNB,669.72,,,binance
2026-08-21T07:12:53+00:00,BTC,75871.0,,,coingecko
2026-08-21T07:12:53+00:00,ETH,2377.04,,,coingecko
2026-08-21T07:12:53+00:00,SOL,90.61,,,coingecko
2026-08-21T07:12:53+00:00,XRP,1.31,,,coingecko
2026-08-21T07:12:53+00:00,DOGE,0.083224,,,coingecko
2026-08-21T07:12:53+00:00,BNB,668.79,,,coingecko
2026-08-21T07:12:53+00:00,ADA,0.209225,,,coingecko
2026-08-21T07:12:53+00:00,LINK,11.05,,,coingecko
2026-08-21T07:12:53+00:00,AVAX,7.39,,,coingecko
2026-08-21T07:12:53+00:00,DOT,0.853925,,,coingecko
2026-08-21T07:12:53+00:00,MATIC,0.126156,,,coingecko
2026-08-21T07:12:53+00:00,LTC,48.94,,,coingecko
2026-08-21T07:13:11+00:00,BTC,75884.885,,,consenso
2026-08-21T07:13:11+00:00,ETH,2378.925,,,consenso
2026-08-21T07:13:11+00:00,SOL,90.69,,,consenso
2026-08-21T07:13:11+00:00,XRP,1.3082,,,consenso
2026-08-21T07:13:11+00:00,DOGE,0.08337,,,binance
2026-08-21T07:13:11+00:00,BNB,669.92,,,binance
2026-08-21T07:13:57+00:00,BTC,75895.0,,,coingecko
2026-08-21T07:13:57+00:00,ETH,2379.22,,,coingecko
2026-08-21T07:13:57+00:00,SOL,90.62,,,coingecko
2026-08-21T07:13:57+00:00,XRP,1.31,,,coingecko
2026-08-21T07:13:57+00:00,DOGE,0.083339,,,coingecko
2026-08-21T07:13:57+00:00,BNB,669.14,,,coingecko
2026-08-21T07:13:57+00:00,ADA,0.209345,,,coingecko
2026-08-21T07:13:57+00:00,LINK,11.07,,,coingecko
2026-08-21T07:13:57+00:00,AVAX,7.4,,,coingecko
2026-08-21T07:13:57+00:00,DOT,0.854277,,,coingecko
2026-08-21T07:13:57+00:00,MATIC,0.126156,,,coingecko
2026-08-21T07:13:57+00:00,LTC,48.97,,,coingecko
2026-08-21T07:14:01+00:00,BTC,75884.885,,,consenso
2026-08-21T07:14:01+00:00,ETH,2378.925,,,consenso
2026-08-21T07:14:01+00:00,SOL,90.72,,,consenso
2026-08-21T07:14:01+00:00,XRP,1.3109,,,consenso
2026-08-21T07:14:01+00:00,DOGE,0.08349,,,binance
2026-08-21T07:14:01+00:00,BNB,670.01,,,binance
2026-08-21T07:14:36+00:00,BTC,75884.885,,,consenso
2026-08-21T07:14:36+00:00,ETH,2378.925,,,consenso
2026-08-21T07:14:36+00:00,SOL,90.69,,,consenso
2026-08-21T07:14:36+00:00,XRP,1.3107,,,consenso
2026-08-21T07:14:36+00:00,DOGE,0.08342,,,binance
2026-08-21T07:14:36+00:00,BNB,669.91,,,binance
2026-08-21T07:15:02+00:00,BTC,75881.0,,,coingecko
2026-08-21T07:15:02+00:00,ETH,2378.52,,,coingecko
2026-08-21T07:15:02+00:00,SOL,90.65,,,coingecko
2026-08-21T07:15:02+00:00,XRP,1.31,,,coingecko
2026-08-21T07:15:02+00:00,DOGE,0.083389,,,coingecko
2026-08-21T07:15:02+00:00,BNB,669.52,,,coingecko
2026-08-21T07:15:02+00:00,ADA,0.209349,,,coingecko
2026-08-21T07:15:02+00:00,LINK,11.08,,,coingecko
2026-08-21T07:15:02+00:00,AVAX,7.4,,,coingecko
2026-08-21T07:15:02+00:00,DOT,0.854498,,,coingecko
2026-08-21T07:15:02+00:00,MATIC,0.126156,,,coingecko
2026-08-21T07:15:02+00:00,LTC,49.01,,,coingecko
2026-08-21T07:15:20+00:00,BTC,75884.885,,,consenso
2026-08-21T07:15:20+00:00,ETH,2378.925,,,consenso
2026-08-21T07:15:20+00:00,SOL,90.91,,,consenso
2026-08-21T07:15:20+00:00,XRP,1.3146,,,consenso
2026-08-21T07:15:20+00:00,DOGE,0.08363,,,binance
2026-08-21T07:15:20+00:00,BNB,671.06,,,binance
2026-08-21T07:16:12+00:00,BTC,75873.0,,,coingecko
2026-08-21T07:16:12+00:00,ETH,2378.31,,,coingecko
2026-08-21T07:16:12+00:00,SOL,90.64,,,coingecko
2026-08-21T07:16:12+00:00,XRP,1.31,,,coingecko
2026-08-21T07:16:12+00:00,DOGE,0.083404,,,coingecko
2026-08-21T07:16:12+00:00,BNB,669.26,,,coingecko
2026-08-21T07:16:12+00:00,ADA,0.209163,,,coingecko
2026-08-21T07:16:12+00:00,LINK,11.09,,,coingecko
2026-08-21T07:16:12+00:00,AVAX,7.41,,,coingecko
2026-08-21T07:16:12+00:00,DOT,0.85459,,,coingecko
2026-08-21T07:16:12+00:00,MATIC,0.126156,,,coingecko
2026-08-21T07:16:12+00:00,LTC,49.01,,,coingecko
2026-08-21T07:16:13+00:00,BTC,75884.885,,,consenso
2026-08-21T07:16:13+00:00,ETH,2378.925,,,consenso
2026-08-21T07:16:13+00:00,SOL,90.87,,,consenso
2026-08-21T07:16:13+00:00,XRP,1.314,,,consenso
2026-08-21T07:16:13+00:00,DOGE,0.08379,,,binance
2026-08-21T07:16:13+00:00,BNB,671.81,,,binance
2026-08-21T07:16:55+00:00,BTC,75884.885,,,consenso
2026-08-21T07:16:55+00:00,ETH,2378.925,,,consenso
2026-08-21T07:16:55+00:00,SOL,90.98,,,consenso
2026-08-21T07:16:55+00:00,XRP,1.3159,,,consenso
2026-08-21T07:16:55+00:00,DOGE,0.08389,,,binance
2026-08-21T07:16:55+00:00,BNB,672.35,,,binance
2026-08-21T07:17:18+00:00,BTC,76213.0,,,coingecko
2026-08-21T07:17:18+00:00,ETH,2385.65,,,coingecko
2026-08-21T07:17:18+00:00,SOL,90.84,,,coingecko
2026-08-21T07:17:18+00:00,XRP,1.31,,,coingecko
2026-08-21T07:17:18+00:00,DOGE,0.083612,,,coingecko
2026-08-21T07:17:18+00:00,BNB,670.48,,,coingecko
2026-08-21T07:17:18+00:00,ADA,0.209221,,,coingecko
2026-08-21T07:17:18+00:00,LINK,11.12,,,coingecko
2026-08-21T07:17:18+00:00,AVAX,7.44,,,coingecko
2026-08-21T07:17:18+00:00,DOT,0.855837,,,coingecko
2026-08-21T07:17:18+00:00,MATIC,0.126156,,,coingecko
2026-08-21T07:17:18+00:00,LTC,49.11,,,coingecko
2026-08-21T07:17:33+00:00,BTC,75884.885,,,consenso
2026-08-21T07:17:33+00:00,ETH,2378.925,,,consenso
2026-08-21T07:17:33+00:00,SOL,91.01,,,consenso
2026-08-21T07:17:33+00:00,XRP,1.3171,,,consenso
2026-08-21T07:17:33+00:00,DOGE,0.0838,,,binance
2026-08-21T07:17:33+00:00,BNB,672.66,,,binance
2026-08-21T07:18:22+00:00,BTC,76488.0,,,coingecko
2026-08-21T07:18:22+00:00,ETH,2390.34,,,coingecko
2026-08-21T07:18:22+00:00,SOL,90.93,,,coingecko
2026-08-21T07:18:22+00:00,XRP,1.32,,,coingecko
2026-08-21T07:18:22+00:00,DOGE,0.083798,,,coingecko
2026-08-21T07:18:22+00:00,BNB,671.3,,,coingecko
2026-08-21T07:18:22+00:00,ADA,0.209941,,,coingecko
2026-08-21T07:18:22+00:00,LINK,11.15,,,coingecko
2026-08-21T07:18:22+00:00,AVAX,7.44,,,coingecko
2026-08-21T07:18:22+00:00,DOT,0.857518,,,coingecko
2026-08-21T07:18:22+00:00,MATIC,0.126156,,,coingecko
2026-08-21T07:18:22+00:00,LTC,49.21,,,coingecko
2026-08-21T07:18:26+00:00,BTC,76602.18,,,consenso
2026-08-21T07:18:26+00:00,ETH,2385.7,,,consenso
2026-08-21T07:18:26+00:00,SOL,91.01,,,consenso
2026-08-21T07:18:26+00:00,XRP,1.3164,,,consenso
2026-08-21T07:18:26+00:00,DOGE,0.08382,,,binance
2026-08-21T07:18:26+00:00,BNB,673.09,,,binance
2026-08-21T07:19:19+00:00,BTC,76602.18,,,consenso
2026-08-21T07:19:19+00:00,ETH,2385.7,,,consenso
2026-08-21T07:19:19+00:00,SOL,90.98,,,consenso
2026-08-21T07:19:19+00:00,XRP,1.3175,,,consenso
2026-08-21T07:19:19+00:00,DOGE,0.08376,,,binance
2026-08-21T07:19:19+00:00,BNB,672.4,,,binance
2026-08-21T07:19:27+00:00,BTC,76537.0,,,coingecko
2026-08-21T07:19:27+00:00,ETH,2386.55,,,coingecko
2026-08-21T07:19:27+00:00,SOL,90.89,,,coingecko
2026-08-21T07:19:27+00:00,XRP,1.31,,,coingecko
2026-08-21T07:19:27+00:00,DOGE,0.083703,,,coingecko
2026-08-21T07:19:27+00:00,BNB,671.99,,,coingecko
2026-08-21T07:19:27+00:00,ADA,0.209457,,,coingecko
2026-08-21T07:19:27+00:00,LINK,11.26,,,coingecko
2026-08-21T07:19:27+00:00,AVAX,7.44,,,coingecko
2026-08-21T07:19:27+00:00,DOT,0.857028,,,coingecko
2026-08-21T07:19:27+00:00,MATIC,0.126156,,,coingecko
2026-08-21T07:19:27+00:00,LTC,49.18,,,coingecko
2026-08-21T07:20:04+00:00,BTC,76602.18,,,consenso
2026-08-21T07:20:04+00:00,ETH,2385.7,,,consenso
2026-08-21T07:20:04+00:00,SOL,90.96,,,consenso
2026-08-21T07:20:04+00:00,XRP,1.3182,,,consenso
2026-08-21T07:20:04+00:00,DOGE,0.08377,,,binance
2026-08-21T07:20:04+00:00,BNB,672.04,,,binance
2026-08-21T07:20:31+00:00,BTC,76512.0,,,coingecko
2026-08-21T07:20:31+00:00,ETH,2386.64,,,coingecko
2026-08-21T07:20:31+00:00,SOL,90.93,,,coingecko
2026-08-21T07:20:31+00:00,XRP,1.32,,,coingecko
2026-08-21T07:20:31+00:00,DOGE,0.083739,,,coingecko
2026-08-21T07:20:31+00:00,BNB,671.86,,,coingecko
2026-08-21T07:20:31+00:00,ADA,0.209923,,,coingecko
2026-08-21T07:20:31+00:00,LINK,11.28,,,coingecko
2026-08-21T07:20:31+00:00,AVAX,7.46,,,coingecko
2026-08-21T07:20:31+00:00,DOT,0.857871,,,coingecko
2026-08-21T07:20:31+00:00,MATIC,0.126156,,,coingecko
2026-08-21T07:20:31+00:00,LTC,49.19,,,coingecko
2026-08-21T07:20:58+00:00,BTC,76602.18,,,consenso
2026-08-21T07:20:58+00:00,ETH,2385.7,,,consenso
2026-08-21T07:20:58+00:00,SOL,90.91,,,consenso
2026-08-21T07:20:58+00:00,XRP,1.3165,,,consenso
2026-08-21T07:20:58+00:00,DOGE,0.08376,,,binance
2026-08-21T07:20:58+00:00,BNB,671.69,,,binance
2026-08-21T07:21:44+00:00,BTC,76602.18,,,consenso
2026-08-21T07:21:44+00:00,ETH,2385.7,,,consenso
2026-08-21T07:21:44+00:00,SOL,90.9,,,consenso
2026-08-21T07:21:44+00:00,XRP,1.3171,,,consenso
2026-08-21T07:21:44+00:00,DOGE,0.08376,,,binance
2026-08-21T07:21:44+00:00,BNB,671.35,,,binance
2026-08-21T07:22:34+00:00,BTC,76602.18,,,consenso
2026-08-21T07:22:34+00:00,ETH,2385.7,,,consenso
2026-08-21T07:22:34+00:00,SOL,90.74,,,consenso
2026-08-21T07:22:34+00:00,XRP,1.3161,,,consenso
2026-08-21T07:22:34+00:00,DOGE,0.08384,,,binance
2026-08-21T07:22:34+00:00,BNB,671.07,,,binance
2026-08-21T07:23:19+00:00,BTC,76406.0,,,coingecko
2026-08-21T07:23:19+00:00,ETH,2383.05,,,coingecko
2026-08-21T07:23:19+00:00,SOL,90.84,,,coingecko
2026-08-21T07:23:19+00:00,XRP,1.32,,,coingecko
2026-08-21T07:23:19+00:00,DOGE,0.083722,,,coingecko
2026-08-21T07:23:19+00:00,BNB,671.04,,,coingecko
2026-08-21T07:23:19+00:00,ADA,0.209745,,,coingecko
2026-08-21T07:23:19+00:00,LINK,11.29,,,coingecko
2026-08-21T07:23:19+00:00,AVAX,7.46,,,coingecko
2026-08-21T07:23:19+00:00,DOT,0.85715,,,coingecko
2026-08-21T07:23:19+00:00,MATIC,0.126156,,,coingecko
2026-08-21T07:23:19+00:00,LTC,49.17,,,coingecko
2026-08-21T07:23:16+00:00,BTC,76602.18,,,consenso
2026-08-21T07:23:16+00:00,ETH,2385.7,,,consenso
2026-08-21T07:23:16+00:00,SOL,90.56,,,consenso
2026-08-21T07:23:16+00:00,XRP,1.3177,,,consenso
2026-08-21T07:23:16+00:00,DOGE,0.08393,,,binance
2026-08-21T07:23:16+00:00,BNB,671.26,,,binance
2026-08-21T07:23:52+00:00,BTC,76345.62,,,consenso
2026-08-21T07:23:52+00:00,ETH,2381.115,,,consenso
2026-08-21T07:23:52+00:00,SOL,90.585,,,consenso
2026-08-21T07:23:52+00:00,XRP,1.3183,,,consenso
2026-08-21T07:23:52+00:00,DOGE,0.08399,,,binance
2026-08-21T07:23:52+00:00,BNB,671.41,,,binance
2026-08-21T07:24:25+00:00,BTC,76306.0,,,coingecko
2026-08-21T07:24:25+00:00,ETH,2380.7,,,coingecko
2026-08-21T07:24:25+00:00,SOL,90.56,,,coingecko
2026-08-21T07:24:25+00:00,XRP,1.32,,,coingecko
2026-08-21T07:24:25+00:00,DOGE,0.083816,,,coingecko
2026-08-21T07:24:25+00:00,BNB,670.77,,,coingecko
2026-08-21T07:24:25+00:00,ADA,0.209707,,,coingecko
2026-08-21T07:24:25+00:00,LINK,11.29,,,coingecko
2026-08-21T07:24:25+00:00,AVAX,7.46,,,coingecko
2026-08-21T07:24:25+00:00,DOT,0.856794,,,coingecko
2026-08-21T07:24:25+00:00,MATIC,0.126156,,,coingecko
2026-08-21T07:24:25+00:00,LTC,49.14,,,coingecko
2026-08-21T07:24:35+00:00,BTC,76345.62,,,consenso
2026-08-21T07:24:35+00:00,ETH,2381.115,,,consenso
2026-08-21T07:24:35+00:00,SOL,90.62,,,consenso
2026-08-21T07:24:35+00:00,XRP,1.3187,,,consenso
2026-08-21T07:24:35+00:00,DOGE,0.08397,,,binance
2026-08-21T07:24:35+00:00,BNB,671.21,,,binance
2026-08-21T07:25:23+00:00,BTC,76345.62,,,consenso
2026-08-21T07:25:23+00:00,ETH,2381.115,,,consenso
2026-08-21T07:25:23+00:00,SOL,90.46,,,consenso
2026-08-21T07:25:23+00:00,XRP,1.321,,,consenso
2026-08-21T07:25:23+00:00,DOGE,0.08405,,,binance
2026-08-21T07:25:23+00:00,BNB,671.57,,,binance
2026-08-21T07:25:29+00:00,BTC,76351.0,,,coingecko
2026-08-21T07:25:29+00:00,ETH,2381.69,,,coingecko
2026-08-21T07:25:29+00:00,SOL,90.58,,,coingecko
2026-08-21T07:25:29+00:00,XRP,1.32,,,coingecko
2026-08-21T07:25:29+00:00,DOGE,0.083944,,,coingecko
2026-08-21T07:25:29+00:00,BNB,671.11,,,coingecko
2026-08-21T07:25:29+00:00,ADA,0.210053,,,coingecko
2026-08-21T07:25:29+00:00,LINK,11.3,,,coingecko
2026-08-21T07:25:29+00:00,AVAX,7.47,,,coingecko
2026-08-21T07:25:29+00:00,DOT,0.85756,,,coingecko
2026-08-21T07:25:29+00:00,MATIC,0.126156,,,coingecko
2026-08-21T07:25:29+00:00,LTC,49.18,,,coingecko
2026-08-21T07:27:09+00:00,BTC,76345.62,,,consenso
2026-08-21T07:27:09+00:00,ETH,2381.115,,,consenso
2026-08-21T07:27:09+00:00,SOL,90.37,,,consenso
2026-08-21T07:27:09+00:00,XRP,1.3149,,,consenso
2026-08-21T07:27:09+00:00,DOGE,0.08384,,,binance
2026-08-21T07:27:09+00:00,BNB,670.78,,,binance
2026-08-21T07:27:49+00:00,BTC,76345.62,,,consenso
2026-08-21T07:27:49+00:00,ETH,2381.115,,,consenso
2026-08-21T07:27:49+00:00,SOL,90.32,,,consenso
2026-08-21T07:27:49+00:00,XRP,1.3154,,,consenso
2026-08-21T07:27:49+00:00,DOGE,0.08386,,,binance
2026-08-21T07:27:49+00:00,BNB,670.95,,,binance
2026-08-21T07:27:58+00:00,BTC,76300.0,,,coingecko
2026-08-21T07:27:58+00:00,ETH,2380.45,,,coingecko
2026-08-21T07:27:58+00:00,SOL,90.43,,,coingecko
2026-08-21T07:27:58+00:00,XRP,1.32,,,coingecko
2026-08-21T07:27:58+00:00,DOGE,0.083883,,,coingecko
2026-08-21T07:27:58+00:00,BNB,670.82,,,coingecko
2026-08-21T07:27:58+00:00,ADA,0.210877,,,coingecko
2026-08-21T07:27:58+00:00,LINK,11.34,,,coingecko
2026-08-21T07:27:58+00:00,AVAX,7.46,,,coingecko
2026-08-21T07:27:58+00:00,DOT,0.858144,,,coingecko
2026-08-21T07:27:58+00:00,MATIC,0.126156,,,coingecko
2026-08-21T07:27:58+00:00,LTC,49.15,,,coingecko
2026-08-21T07:28:29+00:00,BTC,76345.62,,,consenso
2026-08-21T07:28:29+00:00,ETH,2381.115,,,consenso
2026-08-21T07:28:29+00:00,SOL,90.25,,,consenso
2026-08-21T07:28:29+00:00,XRP,1.3115,,,consenso
2026-08-21T07:28:29+00:00,DOGE,0.08381,,,binance
2026-08-21T07:28:29+00:00,BNB,670.77,,,binance
2026-08-21T07:29:12+00:00,BTC,76367.715,,,consenso
2026-08-21T07:29:12+00:00,ETH,2380.48,,,consenso
2026-08-21T07:29:12+00:00,SOL,90.23,,,consenso
2026-08-21T07:29:12+00:00,XRP,1.313,,,consenso
2026-08-21T07:29:12+00:00,DOGE,0.08387,,,binance
2026-08-21T07:29:12+00:00,BNB,671.29,,,binance
2026-08-21T07:30:03+00:00,BTC,76238.0,,,coingecko
2026-08-21T07:30:03+00:00,ETH,2377.56,,,coingecko
2026-08-21T07:30:03+00:00,SOL,90.22,,,coingecko
2026-08-21T07:30:03+00:00,XRP,1.31,,,coingecko
2026-08-21T07:30:03+00:00,DOGE,0.083786,,,coingecko
2026-08-21T07:30:03+00:00,BNB,670.39,,,coingecko
2026-08-21T07:30:03+00:00,ADA,0.210834,,,coingecko
2026-08-21T07:30:03+00:00,LINK,11.51,,,coingecko
2026-08-21T07:30:03+00:00,AVAX,7.45,,,coingecko
2026-08-21T07:30:03+00:00,DOT,0.858467,,,coingecko
2026-08-21T07:30:03+00:00,MATIC,0.126156,,,coingecko
2026-08-21T07:30:03+00:00,LTC,49.16,,,coingecko
2026-08-21T07:30:40+00:00,BTC,76367.715,,,consenso
2026-08-21T07:30:40+00:00,ETH,2380.48,,,consenso
2026-08-21T07:30:40+00:00,SOL,90.1,,,consenso
2026-08-21T07:30:40+00:00,XRP,1.312,,,consenso
2026-08-21T07:30:40+00:00,DOGE,0.08399,,,binance
2026-08-21T07:30:40+00:00,BNB,671.85,,,binance
2026-08-21T07:31:20+00:00,BTC,76367.715,,,consenso
2026-08-21T07:31:20+00:00,ETH,2380.48,,,consenso
2026-08-21T07:31:20+00:00,SOL,90.21,,,consenso
2026-08-21T07:31:20+00:00,XRP,1.3144,,,consenso
2026-08-21T07:31:20+00:00,DOGE,0.08413,,,binance
2026-08-21T07:31:20+00:00,BNB,671.76,,,binance
2026-08-21T07:31:22+00:00,BTC,76370.0,,,coingecko
2026-08-21T07:31:22+00:00,ETH,2380.27,,,coingecko
2026-08-21T07:31:22+00:00,SOL,90.21,,,coingecko
2026-08-21T07:31:22+00:00,XRP,1.31,,,coingecko
2026-08-21T07:31:22+00:00,DOGE,0.083804,,,coingecko
2026-08-21T07:31:22+00:00,BNB,671.26,,,coingecko
2026-08-21T07:31:22+00:00,ADA,0.210797,,,coingecko
2026-08-21T07:31:22+00:00,LINK,11.53,,,coingecko
2026-08-21T07:31:22+00:00,AVAX,7.46,,,coingecko
2026-08-21T07:31:22+00:00,DOT,0.858767,,,coingecko
2026-08-21T07:31:22+00:00,MATIC,0.126156,,,coingecko
2026-08-21T07:31:22+00:00,LTC,49.17,,,coingecko
2026-08-21T07:32:26+00:00,BTC,76367.715,,,consenso
2026-08-21T07:32:26+00:00,ETH,2380.48,,,consenso
2026-08-21T07:32:26+00:00,SOL,90.15,,,consenso
2026-08-21T07:32:26+00:00,XRP,1.3136,,,consenso
2026-08-21T07:32:26+00:00,DOGE,0.08403,,,binance
2026-08-21T07:32:26+00:00,BNB,671.55,,,binance
2026-08-21T07:33:02+00:00,BTC,76367.715,,,consenso
2026-08-21T07:33:02+00:00,ETH,2380.48,,,consenso
2026-08-21T07:33:02+00:00,SOL,90.26,,,consenso
2026-08-21T07:33:02+00:00,XRP,1.3155,,,consenso
2026-08-21T07:33:02+00:00,DOGE,0.08406,,,binance
2026-08-21T07:33:02+00:00,BNB,671.07,,,binance
2026-08-21T07:33:07+00:00,BTC,76414.0,,,coingecko
2026-08-21T07:33:07+00:00,ETH,2383.55,,,coingecko
2026-08-21T07:33:07+00:00,SOL,90.16,,,coingecko
2026-08-21T07:33:07+00:00,XRP,1.31,,,coingecko
2026-08-21T07:33:07+00:00,DOGE,0.08403,,,coingecko
2026-08-21T07:33:07+00:00,BNB,671.47,,,coingecko
2026-08-21T07:33:07+00:00,ADA,0.210575,,,coingecko
2026-08-21T07:33:07+00:00,LINK,11.71,,,coingecko
2026-08-21T07:33:07+00:00,AVAX,7.48,,,coingecko
2026-08-21T07:33:07+00:00,DOT,0.859777,,,coingecko
2026-08-21T07:33:07+00:00,MATIC,0.126156,,,coingecko
2026-08-21T07:33:07+00:00,LTC,49.28,,,coingecko
2026-08-21T07:33:51+00:00,BTC,76367.715,,,consenso
2026-08-21T07:33:51+00:00,ETH,2380.48,,,consenso
2026-08-21T07:33:51+00:00,SOL,90.2,,,consenso
2026-08-21T07:33:51+00:00,XRP,1.3125,,,consenso
2026-08-21T07:33:51+00:00,DOGE,0.08392,,,binance
2026-08-21T07:33:51+00:00,BNB,670.01,,,binance
2026-08-21T07:34:23+00:00,BTC,76393.0,,,coingecko
2026-08-21T07:34:23+00:00,ETH,2384.25,,,coingecko
2026-08-21T07:34:23+00:00,SOL,90.2,,,coingecko
2026-08-21T07:34:23+00:00,XRP,1.31,,,coingecko
2026-08-21T07:34:23+00:00,DOGE,0.084003,,,coingecko
2026-08-21T07:34:23+00:00,BNB,671.21,,,coingecko
2026-08-21T07:34:23+00:00,ADA,0.210299,,,coingecko
2026-08-21T07:34:23+00:00,LINK,11.76,,,coingecko
2026-08-21T07:34:23+00:00,AVAX,7.49,,,coingecko
2026-08-21T07:34:23+00:00,DOT,0.859875,,,coingecko
2026-08-21T07:34:23+00:00,MATIC,0.126156,,,coingecko
2026-08-21T07:34:23+00:00,LTC,49.32,,,coingecko
2026-08-21T07:34:32+00:00,BTC,76314.655,,,consenso
2026-08-21T07:34:32+00:00,ETH,2379.4,,,consenso
2026-08-21T07:34:32+00:00,SOL,90.17,,,consenso
2026-08-21T07:34:32+00:00,XRP,1.30977,,,consenso
2026-08-21T07:34:32+00:00,DOGE,0.08396,,,binance
2026-08-21T07:34:32+00:00,BNB,670.62,,,binance
2026-08-21T07:35:19+00:00,BTC,76314.655,,,consenso
2026-08-21T07:35:19+00:00,ETH,2379.4,,,consenso
2026-08-21T07:35:19+00:00,SOL,90.26,,,consenso
2026-08-21T07:35:19+00:00,XRP,1.3134,,,consenso
2026-08-21T07:35:19+00:00,DOGE,0.08424,,,binance
2026-08-21T07:35:19+00:00,BNB,671.45,,,binance
2026-08-21T07:35:29+00:00,BTC,76345.0,,,coingecko
2026-08-21T07:35:29+00:00,ETH,2379.89,,,coingecko
2026-08-21T07:35:29+00:00,SOL,90.15,,,coingecko
2026-08-21T07:35:29+00:00,XRP,1.31,,,coingecko
2026-08-21T07:35:29+00:00,DOGE,0.083877,,,coingecko
2026-08-21T07:35:29+00:00,BNB,669.93,,,coingecko
2026-08-21T07:35:29+00:00,ADA,0.209297,,,coingecko
2026-08-21T07:35:29+00:00,LINK,11.67,,,coingecko
2026-08-21T07:35:29+00:00,AVAX,7.48,,,coingecko
2026-08-21T07:35:29+00:00,DOT,0.86027,,,coingecko
2026-08-21T07:35:29+00:00,MATIC,0.126156,,,coingecko
2026-08-21T07:35:29+00:00,LTC,49.27,,,coingecko
2026-08-21T07:35:53+00:00,BTC,76314.655,,,consenso
2026-08-21T07:35:53+00:00,ETH,2379.4,,,consenso
2026-08-21T07:35:53+00:00,SOL,90.17,,,consenso
2026-08-21T07:35:53+00:00,XRP,1.3125,,,consenso
2026-08-21T07:35:53+00:00,DOGE,0.08426,,,binance
2026-08-21T07:35:53+00:00,BNB,670.75,,,binance
2026-08-21T07:36:30+00:00,BTC,76314.655,,,consenso
2026-08-21T07:36:30+00:00,ETH,2379.4,,,consenso
2026-08-21T07:36:30+00:00,SOL,90.18,,,consenso
2026-08-21T07:36:30+00:00,XRP,1.3132,,,consenso
2026-08-21T07:36:30+00:00,DOGE,0.08424,,,binance
2026-08-21T07:36:30+00:00,BNB,670.72,,,binance
2026-08-21T07:36:34+00:00,BTC,76361.0,,,coingecko
2026-08-21T07:36:34+00:00,ETH,2377.84,,,coingecko
2026-08-21T07:36:34+00:00,SOL,90.16,,,coingecko
2026-08-21T07:36:34+00:00,XRP,1.31,,,coingecko
2026-08-21T07:36:34+00:00,DOGE,0.084066,,,coingecko
2026-08-21T07:36:34+00:00,BNB,670.78,,,coingecko
2026-08-21T07:36:34+00:00,ADA,0.209613,,,coingecko
2026-08-21T07:36:34+00:00,LINK,11.64,,,coingecko
2026-08-21T07:36:34+00:00,AVAX,7.48,,,coingecko
2026-08-21T07:36:34+00:00,DOT,0.860472,,,coingecko
2026-08-21T07:36:34+00:00,MATIC,0.126156,,,coingecko
2026-08-21T07:36:34+00:00,LTC,49.31,,,coingecko
2026-08-21T07:37:08+00:00,BTC,76314.655,,,consenso
2026-08-21T07:37:08+00:00,ETH,2379.4,,,consenso
2026-08-21T07:37:08+00:00,SOL,90.18,,,consenso
2026-08-21T07:37:08+00:00,XRP,1.3124,,,consenso
2026-08-21T07:37:08+00:00,DOGE,0.08422,,,binance
2026-08-21T07:37:08+00:00,BNB,670.21,,,binance
2026-08-21T07:38:10+00:00,BTC,76314.655,,,consenso
2026-08-21T07:38:10+00:00,ETH,2379.4,,,consenso
2026-08-21T07:38:10+00:00,SOL,90.16,,,consenso
2026-08-21T07:38:10+00:00,XRP,1.3109,,,consenso
2026-08-21T07:38:10+00:00,DOGE,0.08409,,,binance
2026-08-21T07:38:10+00:00,BNB,669.86,,,binance
2026-08-21T07:38:52+00:00,BTC,76308.0,,,coingecko
2026-08-21T07:38:52+00:00,ETH,2373.98,,,coingecko
2026-08-21T07:38:52+00:00,SOL,90.11,,,coingecko
2026-08-21T07:38:52+00:00,XRP,1.31,,,coingecko
2026-08-21T07:38:52+00:00,DOGE,0.084118,,,coingecko
2026-08-21T07:38:52+00:00,BNB,669.67,,,coingecko
2026-08-21T07:38:52+00:00,ADA,0.209799,,,coingecko
2026-08-21T07:38:52+00:00,LINK,11.62,,,coingecko
2026-08-21T07:38:52+00:00,AVAX,7.48,,,coingecko
2026-08-21T07:38:52+00:00,DOT,0.86114,,,coingecko
2026-08-21T07:38:52+00:00,MATIC,0.126156,,,coingecko
2026-08-21T07:38:52+00:00,LTC,49.27,,,coingecko
2026-08-21T07:39:06+00:00,BTC,76314.655,,,consenso
2026-08-21T07:39:06+00:00,ETH,2379.4,,,consenso
2026-08-21T07:39:06+00:00,SOL,90.26,,,consenso
2026-08-21T07:39:06+00:00,XRP,1.313,,,consenso
2026-08-21T07:39:06+00:00,DOGE,0.08423,,,binance
2026-08-21T07:39:06+00:00,BNB,670.13,,,binance
2026-08-21T07:39:56+00:00,BTC,76300.0,,,coingecko
2026-08-21T07:39:56+00:00,ETH,2373.55,,,coingecko
2026-08-21T07:39:56+00:00,SOL,90.12,,,coingecko
2026-08-21T07:39:56+00:00,XRP,1.31,,,coingecko
2026-08-21T07:39:56+00:00,DOGE,0.084064,,,coingecko
2026-08-21T07:39:56+00:00,BNB,669.46,,,coingecko
2026-08-21T07:39:56+00:00,ADA,0.210131,,,coingecko
2026-08-21T07:39:56+00:00,LINK,11.58,,,coingecko
2026-08-21T07:39:56+00:00,AVAX,7.47,,,coingecko
2026-08-21T07:39:56+00:00,DOT,0.861402,,,coingecko
2026-08-21T07:39:56+00:00,MATIC,0.126156,,,coingecko
2026-08-21T07:39:56+00:00,LTC,49.25,,,coingecko
2026-08-21T07:39:55+00:00,BTC,76491.515,,,consenso
2026-08-21T07:39:55+00:00,ETH,2382.225,,,consenso
2026-08-21T07:39:55+00:00,SOL,90.38,,,consenso
2026-08-21T07:39:55+00:00,XRP,1.3138,,,consenso
2026-08-21T07:39:55+00:00,DOGE,0.08447,,,binance
2026-08-21T07:39:55+00:00,BNB,670.68,,,binance
2026-08-21T07:40:50+00:00,BTC,76491.515,,,consenso
2026-08-21T07:40:50+00:00,ETH,2382.225,,,consenso
2026-08-21T07:40:50+00:00,SOL,90.47,,,consenso
2026-08-21T07:40:50+00:00,XRP,1.3154,,,consenso
2026-08-21T07:40:50+00:00,DOGE,0.08444,,,binance
2026-08-21T07:40:50+00:00,BNB,671.28,,,binance
2026-08-21T07:41:03+00:00,BTC,76420.0,,,coingecko
2026-08-21T07:41:03+00:00,ETH,2377.47,,,coingecko
2026-08-21T07:41:03+00:00,SOL,90.28,,,coingecko
2026-08-21T07:41:03+00:00,XRP,1.31,,,coingecko
2026-08-21T07:41:03+00:00,DOGE,0.084237,,,coingecko
2026-08-21T07:41:03+00:00,BNB,670.04,,,coingecko
2026-08-21T07:41:03+00:00,ADA,0.210427,,,coingecko
2026-08-21T07:41:03+00:00,LINK,11.62,,,coingecko
2026-08-21T07:41:03+00:00,AVAX,7.47,,,coingecko
2026-08-21T07:41:03+00:00,DOT,0.86253,,,coingecko
2026-08-21T07:41:03+00:00,MATIC,0.126156,,,coingecko
2026-08-21T07:41:03+00:00,LTC,49.33,,,coingecko
2026-08-21T07:41:36+00:00,BTC,76491.515,,,consenso
2026-08-21T07:41:36+00:00,ETH,2382.225,,,consenso
2026-08-21T07:41:36+00:00,SOL,90.43,,,consenso
2026-08-21T07:41:36+00:00,XRP,1.3153,,,consenso
2026-08-21T07:41:36+00:00,DOGE,0.08435,,,binance
2026-08-21T07:41:36+00:00,BNB,671.41,,,binance
2026-08-21T07:42:10+00:00,BTC,76496.0,,,coingecko
2026-08-21T07:42:10+00:00,ETH,2380.4,,,coingecko
2026-08-21T07:42:10+00:00,SOL,90.4,,,coingecko
2026-08-21T07:42:10+00:00,XRP,1.31,,,coingecko
2026-08-21T07:42:10+00:00,DOGE,0.084401,,,coingecko
2026-08-21T07:42:10+00:00,BNB,670.69,,,coingecko
2026-08-21T07:42:10+00:00,ADA,0.210423,,,coingecko
2026-08-21T07:42:10+00:00,LINK,11.63,,,coingecko
2026-08-21T07:42:10+00:00,AVAX,7.48,,,coingecko
2026-08-21T07:42:10+00:00,DOT,0.863625,,,coingecko
2026-08-21T07:42:10+00:00,MATIC,0.126156,,,coingecko
2026-08-21T07:42:10+00:00,LTC,49.46,,,coingecko
2026-08-21T07:42:20+00:00,BTC,76491.515,,,consenso
2026-08-21T07:42:20+00:00,ETH,2382.225,,,consenso
2026-08-21T07:42:20+00:00,SOL,90.52,,,consenso
2026-08-21T07:42:20+00:00,XRP,1.3179,,,consenso
2026-08-21T07:42:20+00:00,DOGE,0.08437,,,binance
2026-08-21T07:42:20+00:00,BNB,671.45,,,binance
2026-08-21T07:43:06+00:00,BTC,76491.515,,,consenso
2026-08-21T07:43:06+00:00,ETH,2382.225,,,consenso
2026-08-21T07:43:06+00:00,SOL,90.61,,,consenso
2026-08-21T07:43:06+00:00,XRP,1.3208,,,consenso
2026-08-21T07:43:06+00:00,DOGE,0.08446,,,binance
2026-08-21T07:43:06+00:00,BNB,672.08,,,binance
2026-08-21T07:43:15+00:00,BTC,76493.0,,,coingecko
2026-08-21T07:43:15+00:00,ETH,2379.96,,,coingecko
2026-08-21T07:43:15+00:00,SOL,90.43,,,coingecko
2026-08-21T07:43:15+00:00,XRP,1.32,,,coingecko
2026-08-21T07:43:15+00:00,DOGE,0.084369,,,coingecko
2026-08-21T07:43:15+00:00,BNB,670.85,,,coingecko
2026-08-21T07:43:15+00:00,ADA,0.210571,,,coingecko
2026-08-21T07:43:15+00:00,LINK,11.58,,,coingecko
2026-08-21T07:43:15+00:00,AVAX,7.48,,,coingecko
2026-08-21T07:43:15+00:00,DOT,0.863834,,,coingecko
2026-08-21T07:43:15+00:00,MATIC,0.126156,,,coingecko
2026-08-21T07:43:15+00:00,LTC,49.48,,,coingecko
2026-08-21T07:44:04+00:00,BTC,76491.515,,,consenso
2026-08-21T07:44:04+00:00,ETH,2382.225,,,consenso
2026-08-21T07:44:04+00:00,SOL,90.63,,,consenso
2026-08-21T07:44:04+00:00,XRP,1.3188,,,consenso
2026-08-21T07:44:04+00:00,DOGE,0.08443,,,binance
2026-08-21T07:44:04+00:00,BNB,672.01,,,binance
2026-08-21T07:44:22+00:00,BTC,76576.0,,,coingecko
2026-08-21T07:44:22+00:00,ETH,2382.15,,,coingecko
2026-08-21T07:44:22+00:00,SOL,90.55,,,coingecko
2026-08-21T07:44:22+00:00,XRP,1.32,,,coingecko
2026-08-21T07:44:22+00:00,DOGE,0.084425,,,coingecko
2026-08-21T07:44:22+00:00,BNB,671.31,,,coingecko
2026-08-21T07:44:22+00:00,ADA,0.210868,,,coingecko
2026-08-21T07:44:22+00:00,LINK,11.59,,,coingecko
2026-08-21T07:44:22+00:00,AVAX,7.48,,,coingecko
2026-08-21T07:44:22+00:00,DOT,0.864331,,,coingecko
2026-08-21T07:44:22+00:00,MATIC,0.126156,,,coingecko
2026-08-21T07:44:22+00:00,LTC,49.48,,,coingecko
2026-08-21T07:44:55+00:00,BTC,76563.525,,,consenso
2026-08-21T07:44:55+00:00,ETH,2380.355,,,consenso
2026-08-21T07:44:55+00:00,SOL,90.545,,,consenso
2026-08-21T07:44:55+00:00,XRP,1.3191,,,consenso
2026-08-21T07:44:55+00:00,DOGE,0.08443,,,binance
2026-08-21T07:44:55+00:00,BNB,671.61,,,binance
2026-08-21T07:45:28+00:00,BTC,76593.0,,,coingecko
2026-08-21T07:45:28+00:00,ETH,2381.64,,,coingecko
2026-08-21T07:45:28+00:00,SOL,90.54,,,coingecko
2026-08-21T07:45:28+00:00,XRP,1.32,,,coingecko
2026-08-21T07:45:28+00:00,DOGE,0.084351,,,coingecko
2026-08-21T07:45:28+00:00,BNB,671.34,,,coingecko
2026-08-21T07:45:28+00:00,ADA,0.210931,,,coingecko
2026-08-21T07:45:28+00:00,LINK,11.6,,,coingecko
2026-08-21T07:45:28+00:00,AVAX,7.48,,,coingecko
2026-08-21T07:45:28+00:00,DOT,0.864763,,,coingecko
2026-08-21T07:45:28+00:00,MATIC,0.126156,,,coingecko
2026-08-21T07:45:28+00:00,LTC,49.53,,,coingecko
2026-08-21T07:46:04+00:00,BTC,76563.525,,,consenso
2026-08-21T07:46:04+00:00,ETH,2380.355,,,consenso
2026-08-21T07:46:04+00:00,SOL,90.62,,,consenso
2026-08-21T07:46:04+00:00,XRP,1.3179,,,consenso
2026-08-21T07:46:04+00:00,DOGE,0.08442,,,binance
2026-08-21T07:46:04+00:00,BNB,671.41,,,binance
2026-08-21T07:46:37+00:00,BTC,76572.0,,,coingecko
2026-08-21T07:46:37+00:00,ETH,2379.93,,,coingecko
2026-08-21T07:46:37+00:00,SOL,90.54,,,coingecko
2026-08-21T07:46:37+00:00,XRP,1.32,,,coingecko
2026-08-21T07:46:37+00:00,DOGE,0.084367,,,coingecko
2026-08-21T07:46:37+00:00,BNB,671.11,,,coingecko
2026-08-21T07:46:37+00:00,ADA,0.210809,,,coingecko
2026-08-21T07:46:37+00:00,LINK,11.59,,,coingecko
2026-08-21T07:46:37+00:00,AVAX,7.48,,,coingecko
2026-08-21T07:46:37+00:00,DOT,0.864668,,,coingecko
2026-08-21T07:46:37+00:00,MATIC,0.126156,,,coingecko
2026-08-21T07:46:37+00:00,LTC,49.54,,,coingecko
2026-08-21T07:46:52+00:00,BTC,76563.525,,,consenso
2026-08-21T07:46:52+00:00,ETH,2380.355,,,consenso
2026-08-21T07:46:52+00:00,SOL,90.65,,,consenso
2026-08-21T07:46:52+00:00,XRP,1.3173,,,consenso
2026-08-21T07:46:52+00:00,DOGE,0.08442,,,binance
2026-08-21T07:46:52+00:00,BNB,670.99,,,binance
2026-08-21T07:47:33+00:00,BTC,76563.525,,,consenso
2026-08-21T07:47:33+00:00,ETH,2380.355,,,consenso
2026-08-21T07:47:33+00:00,SOL,90.7,,,consenso
2026-08-21T07:47:33+00:00,XRP,1.3157,,,consenso
2026-08-21T07:47:33+00:00,DOGE,0.08437,,,binance
2026-08-21T07:47:33+00:00,BNB,671.46,,,binance
2026-08-21T07:47:44+00:00,BTC,76487.0,,,coingecko
2026-08-21T07:47:44+00:00,ETH,2379.55,,,coingecko
2026-08-21T07:47:44+00:00,SOL,90.53,,,coingecko
2026-08-21T07:47:44+00:00,XRP,1.32,,,coingecko
2026-08-21T07:47:44+00:00,DOGE,0.084342,,,coingecko
2026-08-21T07:47:44+00:00,BNB,670.87,,,coingecko
2026-08-21T07:47:44+00:00,ADA,0.210661,,,coingecko
2026-08-21T07:47:44+00:00,LINK,11.57,,,coingecko
2026-08-21T07:47:44+00:00,AVAX,7.48,,,coingecko
2026-08-21T07:47:44+00:00,DOT,0.864505,,,coingecko
2026-08-21T07:47:44+00:00,MATIC,0.126156,,,coingecko
2026-08-21T07:47:44+00:00,LTC,49.52,,,coingecko
2026-08-21T07:48:12+00:00,BTC,76563.525,,,consenso
2026-08-21T07:48:12+00:00,ETH,2380.355,,,consenso
2026-08-21T07:48:12+00:00,SOL,90.66,,,consenso
2026-08-21T07:48:12+00:00,XRP,1.3155,,,consenso
2026-08-21T07:48:12+00:00,DOGE,0.08423,,,binance
2026-08-21T07:48:12+00:00,BNB,671.37,,,binance
2026-08-21T07:48:49+00:00,BTC,76522.0,,,coingecko
2026-08-21T07:48:49+00:00,ETH,2379.73,,,coingecko
2026-08-21T07:48:49+00:00,SOL,90.63,,,coingecko
2026-08-21T07:48:49+00:00,XRP,1.32,,,coingecko
2026-08-21T07:48:49+00:00,DOGE,0.084352,,,coingecko
2026-08-21T07:48:49+00:00,BNB,670.97,,,coingecko
2026-08-21T07:48:49+00:00,ADA,0.210773,,,coingecko
2026-08-21T07:48:49+00:00,LINK,11.59,,,coingecko
2026-08-21T07:48:49+00:00,AVAX,7.49,,,coingecko
2026-08-21T07:48:49+00:00,DOT,0.864615,,,coingecko
2026-08-21T07:48:49+00:00,MATIC,0.126156,,,coingecko
2026-08-21T07:48:49+00:00,LTC,49.74,,,coingecko
2026-08-21T07:48:51+00:00,BTC,76563.525,,,consenso
2026-08-21T07:48:51+00:00,ETH,2380.355,,,consenso
2026-08-21T07:48:51+00:00,SOL,90.58,,,consenso
2026-08-21T07:48:51+00:00,XRP,1.3138,,,consenso
2026-08-21T07:48:51+00:00,DOGE,0.08411,,,binance
2026-08-21T07:48:51+00:00,BNB,671.12,,,binance
2026-08-21T07:49:32+00:00,BTC,76563.525,,,consenso
2026-08-21T07:49:32+00:00,ETH,2380.355,,,consenso
2026-08-21T07:49:32+00:00,SOL,90.52,,,consenso
2026-08-21T07:49:32+00:00,XRP,1.3118,,,consenso
2026-08-21T07:49:32+00:00,DOGE,0.08394,,,binance
2026-08-21T07:49:32+00:00,BNB,670.66,,,binance
2026-08-21T07:50:27+00:00,BTC,76429.515,,,consenso
2026-08-21T07:50:27+00:00,ETH,2374.115,,,consenso
2026-08-21T07:50:27+00:00,SOL,90.5,,,consenso
2026-08-21T07:50:27+00:00,XRP,1.31131,,,consenso
2026-08-21T07:50:27+00:00,DOGE,0.08389,,,binance
2026-08-21T07:50:27+00:00,BNB,670.64,,,binance
2026-08-21T07:50:37+00:00,BTC,76472.0,,,coingecko
2026-08-21T07:50:37+00:00,ETH,2377.66,,,coingecko
2026-08-21T07:50:37+00:00,SOL,90.53,,,coingecko
2026-08-21T07:50:37+00:00,XRP,1.31,,,coingecko
2026-08-21T07:50:37+00:00,DOGE,0.08411,,,coingecko
2026-08-21T07:50:37+00:00,BNB,670.79,,,coingecko
2026-08-21T07:50:37+00:00,ADA,0.210778,,,coingecko
2026-08-21T07:50:37+00:00,LINK,11.57,,,coingecko
2026-08-21T07:50:37+00:00,AVAX,7.48,,,coingecko
2026-08-21T07:50:37+00:00,DOT,0.864661,,,coingecko
2026-08-21T07:50:37+00:00,MATIC,0.126156,,,coingecko
2026-08-21T07:50:37+00:00,LTC,49.69,,,coingecko
2026-08-21T07:51:26+00:00,BTC,76429.515,,,consenso
2026-08-21T07:51:26+00:00,ETH,2374.115,,,consenso
2026-08-21T07:51:26+00:00,SOL,90.44,,,consenso
2026-08-21T07:51:26+00:00,XRP,1.3119,,,consenso
2026-08-21T07:51:26+00:00,DOGE,0.08367,,,binance
2026-08-21T07:51:26+00:00,BNB,670.28,,,binance
2026-08-21T07:51:44+00:00,BTC,76435.0,,,coingecko
2026-08-21T07:51:44+00:00,ETH,2375.35,,,coingecko
2026-08-21T07:51:44+00:00,SOL,90.49,,,coingecko
2026-08-21T07:51:44+00:00,XRP,1.31,,,coingecko
2026-08-21T07:51:44+00:00,DOGE,0.083903,,,coingecko
2026-08-21T07:51:44+00:00,BNB,670.35,,,coingecko
2026-08-21T07:51:44+00:00,ADA,0.210164,,,coingecko
2026-08-21T07:51:44+00:00,LINK,11.56,,,coingecko
2026-08-21T07:51:44+00:00,AVAX,7.48,,,coingecko
2026-08-21T07:51:44+00:00,DOT,0.864032,,,coingecko
2026-08-21T07:51:44+00:00,MATIC,0.126156,,,coingecko
2026-08-21T07:51:44+00:00,LTC,49.68,,,coingecko
2026-08-21T07:52:13+00:00,BTC,76429.515,,,consenso
2026-08-21T07:52:13+00:00,ETH,2374.115,,,consenso
2026-08-21T07:52:13+00:00,SOL,90.46,,,consenso
2026-08-21T07:52:13+00:00,XRP,1.3116,,,consenso
2026-08-21T07:52:13+00:00,DOGE,0.08342,,,binance
2026-08-21T07:52:13+00:00,BNB,670.18,,,binance
2026-08-21T07:52:50+00:00,BTC,76354.0,,,coingecko
2026-08-21T07:52:50+00:00,ETH,2373.07,,,coingecko
2026-08-21T07:52:50+00:00,SOL,90.41,,,coingecko
2026-08-21T07:52:50+00:00,XRP,1.31,,,coingecko
2026-08-21T07:52:50+00:00,DOGE,0.083726,,,coingecko
2026-08-21T07:52:50+00:00,BNB,670.05,,,coingecko
2026-08-21T07:52:50+00:00,ADA,0.209711,,,coingecko
2026-08-21T07:52:50+00:00,LINK,11.55,,,coingecko
2026-08-21T07:52:50+00:00,AVAX,7.48,,,coingecko
2026-08-21T07:52:50+00:00,DOT,0.864297,,,coingecko
2026-08-21T07:52:50+00:00,MATIC,0.126156,,,coingecko
2026-08-21T07:52:50+00:00,LTC,49.64,,,coingecko
2026-08-21T07:52:59+00:00,BTC,76429.515,,,consenso
2026-08-21T07:52:59+00:00,ETH,2374.115,,,consenso
2026-08-21T07:52:59+00:00,SOL,90.46,,,consenso
2026-08-21T07:52:59+00:00,XRP,1.3122,,,consenso
2026-08-21T07:52:59+00:00,DOGE,0.0833,,,binance
2026-08-21T07:52:59+00:00,BNB,670.24,,,binance
