timestamp_utc,ticker,floor_strike,yes_bid,yes_ask,last_price,volume,open_time,close_time
2026-09-24T00:00:00.630+00:00,KXBTC15M-26SEP232000-00,84450.73,0.0000,0.0010,0.0010,2661635.12,2026-09-23T23:45:00Z,2026-09-24T00:00:00Z
2026-09-24T00:00:03.230+00:00,KXBTC15M-26SEP232000-00,84450.73,0.0000,0.0010,0.0010,2661635.12,2026-09-23T23:45:00Z,2026-09-24T00:00:00Z
2026-09-24T00:00:05.500+00:00,KXBTC15M-26SEP232000-00,84450.73,0.0000,0.0010,0.0010,2661635.12,2026-09-23T23:45:00Z,2026-09-24T00:00:00Z
2026-09-24T00:00:08.324+00:00,KXBTC15M-26SEP232000-00,84450.73,0.0000,1.0000,0.0010,2662167.61,2026-09-23T23:45:00Z,2026-09-24T00:00:00Z
2026-09-24T00:00:11.635+00:00,KXBTC15M-26SEP232000-00,84450.73,0.0000,1.0000,0.0010,2662167.61,2026-09-23T23:45:00Z,2026-09-24T00:00:00Z
2026-09-24T00:00:13.902+00:00,KXBTC15M-26SEP232000-00,84450.73,0.0000,1.0000,0.0010,2662167.61,2026-09-23T23:45:00Z,2026-09-24T00:00:00Z
2026-09-24T00:00:16.171+00:00,KXBTC15M-26SEP232000-00,84450.73,0.0000,1.0000,0.0010,2662167.61,2026-09-23T23:45:00Z,2026-09-24T00:00:00Z
2026-09-24T00:00:18.375+00:00,KXBTC15M-26SEP232000-00,84450.73,0.0000,1.0000,0.0010,2662167.61,2026-09-23T23:45:00Z,2026-09-24T00:00:00Z
2026-09-24T00:00:20.532+00:00,KXBTC15M-26SEP232000-00,84450.73,0.0000,1.0000,0.0010,2662167.61,2026-09-23T23:45:00Z,2026-09-24T00:00:00Z
2026-09-24T00:00:22.987+00:00,KXBTC15M-26SEP232000-00,84450.73,0.0000,1.0000,0.0010,2662167.61,2026-09-23T23:45:00Z,2026-09-24T00:00:00Z
2026-09-24T00:00:25.411+00:00,KXBTC15M-26SEP232000-00,84450.73,0.0000,1.0000,0.0010,2662167.61,2026-09-23T23:45:00Z,2026-09-24T00:00:00Z
2026-09-24T00:00:27.632+00:00,KXBTC15M-26SEP232000-00,84450.73,0.0000,1.0000,0.0010,2662167.61,2026-09-23T23:45:00Z,2026-09-24T00:00:00Z
2026-09-24T00:00:29.855+00:00,KXBTC15M-26SEP232000-00,84450.73,0.0000,1.0000,0.0010,2662167.61,2026-09-23T23:45:00Z,2026-09-24T00:00:00Z
2026-09-24T00:00:32.002+00:00,KXBTC15M-26SEP232000-00,84450.73,0.0000,1.0000,0.0010,2662167.61,2026-09-23T23:45:00Z,2026-09-24T00:00:00Z
2026-09-24T00:00:34.147+00:00,KXBTC15M-26SEP232000-00,84450.73,0.0000,1.0000,0.0010,2662167.61,2026-09-23T23:45:00Z,2026-09-24T00:00:00Z
2026-09-24T00:00:36.457+00:00,KXBTC15M-26SEP232000-00,84450.73,0.0000,1.0000,0.0010,2662167.61,2026-09-23T23:45:00Z,2026-09-24T00:00:00Z
2026-09-24T00:00:38.631+00:00,KXBTC15M-26SEP232000-00,84450.73,0.0000,1.0000,0.0010,2662167.61,2026-09-23T23:45:00Z,2026-09-24T00:00:00Z
2026-09-24T00:00:40.871+00:00,KXBTC15M-26SEP232000-00,84450.73,0.0000,1.0000,0.0010,2662167.61,2026-09-23T23:45:00Z,2026-09-24T00:00:00Z
2026-09-24T00:00:43.169+00:00,KXBTC15M-26SEP232000-00,84450.73,0.0000,1.0000,0.0010,2662167.61,2026-09-23T23:45:00Z,2026-09-24T00:00:00Z
2026-09-24T00:00:45.364+00:00,KXBTC15M-26SEP232015-15,84380.99,0.6900,0.7000,0.7000,126100.19,2026-09-24T00:00:00Z,2026-09-24T00:15:00Z
2026-09-24T00:00:47.675+00:00,KXBTC15M-26SEP232015-15,84380.99,0.6900,0.7000,0.7000,126100.19,2026-09-24T00:00:00Z,2026-09-24T00:15:00Z
2026-09-24T00:00:49.907+00:00,KXBTC15M-26SEP232015-15,84380.99,0.6900,0.7000,0.7000,126100.19,2026-09-24T00:00:00Z,2026-09-24T00:15:00Z
2026-09-24T00:00:52.109+00:00,KXBTC15M-26SEP232015-15,84380.99,0.6900,0.7000,0.7000,126100.19,2026-09-24T00:00:00Z,2026-09-24T00:15:00Z
2026-09-24T00:00:54.265+00:00,KXBTC15M-26SEP232015-15,84380.99,0.7500,0.7600,0.7500,166453.20,2026-09-24T00:00:00Z,2026-09-24T00:15:00Z
2026-09-24T00:00:56.435+00:00,KXBTC15M-26SEP232015-15,84380.99,0.7500,0.7600,0.7500,166453.20,2026-09-24T00:00:00Z,2026-09-24T00:15:00Z
2026-09-24T00:00:58.592+00:00,KXBTC15M-26SEP232015-15,84380.99,0.7500,0.7600,0.7500,166453.20,2026-09-24T00:00:00Z,2026-09-24T00:15:00Z
2026-09-24T00:01:00.750+00:00,KXBTC15M-26SEP232015-15,84380.99,0.7500,0.7600,0.7500,166453.20,2026-09-24T00:00:00Z,2026-09-24T00:15:00Z
2026-09-24T00:01:02.908+00:00,KXBTC15M-26SEP232015-15,84380.99,0.7500,0.7600,0.7500,166453.20,2026-09-24T00:00:00Z,2026-09-24T00:15:00Z
2026-09-24T00:01:05.156+00:00,KXBTC15M-26SEP232015-15,84380.99,0.7900,0.8000,0.7900,212801.35,2026-09-24T00:00:00Z,2026-09-24T00:15:00Z
2026-09-24T00:01:07.297+00:00,KXBTC15M-26SEP232015-15,84380.99,0.7900,0.8000,0.7900,212801.35,2026-09-24T00:00:00Z,2026-09-24T00:15:00Z
2026-09-24T00:01:09.481+00:00,KXBTC15M-26SEP232015-15,84380.99,0.7900,0.8000,0.7900,212801.35,2026-09-24T00:00:00Z,2026-09-24T00:15:00Z
2026-09-24T00:01:11.719+00:00,KXBTC15M-26SEP232015-15,84380.99,0.7900,0.8000,0.7900,212801.35,2026-09-24T00:00:00Z,2026-09-24T00:15:00Z
2026-09-24T00:01:13.915+00:00,KXBTC15M-26SEP232015-15,84380.99,0.7900,0.8000,0.7900,212801.35,2026-09-24T00:00:00Z,2026-09-24T00:15:00Z
2026-09-24T00:01:16.079+00:00,KXBTC15M-26SEP232015-15,84380.99,0.7000,0.7100,0.7100,240500.27,2026-09-24T00:00:00Z,2026-09-24T00:15:00Z
2026-09-24T00:01:18.250+00:00,KXBTC15M-26SEP232015-15,84380.99,0.7000,0.7100,0.7100,240500.27,2026-09-24T00:00:00Z,2026-09-24T00:15:00Z
2026-09-24T00:01:20.396+00:00,KXBTC15M-26SEP232015-15,84380.99,0.7000,0.7100,0.7100,240500.27,2026-09-24T00:00:00Z,2026-09-24T00:15:00Z
2026-09-24T00:01:22.578+00:00,KXBTC15M-26SEP232015-15,84380.99,0.7000,0.7100,0.7100,240500.27,2026-09-24T00:00:00Z,2026-09-24T00:15:00Z
2026-09-24T00:01:24.856+00:00,KXBTC15M-26SEP232015-15,84380.99,0.7000,0.7100,0.7100,240500.27,2026-09-24T00:00:00Z,2026-09-24T00:15:00Z
2026-09-24T00:01:26.998+00:00,KXBTC15M-26SEP232015-15,84380.99,0.7100,0.7200,0.7100,283356.49,2026-09-24T00:00:00Z,2026-09-24T00:15:00Z
2026-09-24T00:01:29.138+00:00,KXBTC15M-26SEP232015-15,84380.99,0.7100,0.7200,0.7100,283356.49,2026-09-24T00:00:00Z,2026-09-24T00:15:00Z
2026-09-24T00:01:31.278+00:00,KXBTC15M-26SEP232015-15,84380.99,0.7100,0.7200,0.7100,283356.49,2026-09-24T00:00:00Z,2026-09-24T00:15:00Z
2026-09-24T00:01:33.417+00:00,KXBTC15M-26SEP232015-15,84380.99,0.7100,0.7200,0.7100,283356.49,2026-09-24T00:00:00Z,2026-09-24T00:15:00Z
2026-09-24T00:01:35.614+00:00,KXBTC15M-26SEP232015-15,84380.99,0.7100,0.7200,0.7100,283356.49,2026-09-24T00:00:00Z,2026-09-24T00:15:00Z
2026-09-24T00:01:37.757+00:00,KXBTC15M-26SEP232015-15,84380.99,0.6800,0.6900,0.6900,306119.34,2026-09-24T00:00:00Z,2026-09-24T00:15:00Z
2026-09-24T00:01:39.902+00:00,KXBTC15M-26SEP232015-15,84380.99,0.6800,0.6900,0.6900,306119.34,2026-09-24T00:00:00Z,2026-09-24T00:15:00Z
2026-09-24T00:01:42.045+00:00,KXBTC15M-26SEP232015-15,84380.99,0.6800,0.6900,0.6900,306119.34,2026-09-24T00:00:00Z,2026-09-24T00:15:00Z
2026-09-24T00:01:44.190+00:00,KXBTC15M-26SEP232015-15,84380.99,0.6800,0.6900,0.6900,306119.34,2026-09-24T00:00:00Z,2026-09-24T00:15:00Z
2026-09-24T00:01:46.338+00:00,KXBTC15M-26SEP232015-15,84380.99,0.6800,0.6900,0.6900,306119.34,2026-09-24T00:00:00Z,2026-09-24T00:15:00Z
2026-09-24T00:01:48.751+00:00,KXBTC15M-26SEP232015-15,84380.99,0.6900,0.7000,0.7000,337815.69,2026-09-24T00:00:00Z,2026-09-24T00:15:00Z
2026-09-24T00:01:50.894+00:00,KXBTC15M-26SEP232015-15,84380.99,0.6900,0.7000,0.7000,337815.69,2026-09-24T00:00:00Z,2026-09-24T00:15:00Z
2026-09-24T00:01:53.102+00:00,KXBTC15M-26SEP232015-15,84380.99,0.6900,0.7000,0.7000,337815.69,2026-09-24T00:00:00Z,2026-09-24T00:15:00Z
2026-09-24T00:01:55.244+00:00,KXBTC15M-26SEP232015-15,84380.99,0.6900,0.7000,0.7000,337815.69,2026-09-24T00:00:00Z,2026-09-24T00:15:00Z
2026-09-24T00:01:57.386+00:00,KXBTC15M-26SEP232015-15,84380.99,0.6900,0.7000,0.7000,337815.69,2026-09-24T00:00:00Z,2026-09-24T00:15:00Z
2026-09-24T00:01:59.532+00:00,KXBTC15M-26SEP232015-15,84380.99,0.7100,0.7200,0.7100,357567.00,2026-09-24T00:00:00Z,2026-09-24T00:15:00Z
2026-09-24T00:02:01.670+00:00,KXBTC15M-26SEP232015-15,84380.99,0.7100,0.7200,0.7100,357567.00,2026-09-24T00:00:00Z,2026-09-24T00:15:00Z
2026-09-24T00:02:03.810+00:00,KXBTC15M-26SEP232015-15,84380.99,0.7100,0.7200,0.7100,357567.00,2026-09-24T00:00:00Z,2026-09-24T00:15:00Z
2026-09-24T00:02:05.950+00:00,KXBTC15M-26SEP232015-15,84380.99,0.7100,0.7200,0.7100,357567.00,2026-09-24T00:00:00Z,2026-09-24T00:15:00Z
2026-09-24T00:02:08.095+00:00,KXBTC15M-26SEP232015-15,84380.99,0.7100,0.7200,0.7100,357567.00,2026-09-24T00:00:00Z,2026-09-24T00:15:00Z
2026-09-24T00:02:10.251+00:00,KXBTC15M-26SEP232015-15,84380.99,0.6900,0.7000,0.6900,382515.78,2026-09-24T00:00:00Z,2026-09-24T00:15:00Z
2026-09-24T00:02:12.394+00:00,KXBTC15M-26SEP232015-15,84380.99,0.6900,0.7000,0.6900,382515.78,2026-09-24T00:00:00Z,2026-09-24T00:15:00Z
2026-09-24T00:02:14.535+00:00,KXBTC15M-26SEP232015-15,84380.99,0.6900,0.7000,0.6900,382515.78,2026-09-24T00:00:00Z,2026-09-24T00:15:00Z
2026-09-24T00:02:17.081+00:00,KXBTC15M-26SEP232015-15,84380.99,0.6900,0.7000,0.6900,382515.78,2026-09-24T00:00:00Z,2026-09-24T00:15:00Z
2026-09-24T00:02:19.224+00:00,KXBTC15M-26SEP232015-15,84380.99,0.6900,0.7000,0.6900,382515.78,2026-09-24T00:00:00Z,2026-09-24T00:15:00Z
2026-09-24T00:02:21.361+00:00,KXBTC15M-26SEP232015-15,84380.99,0.7200,0.7300,0.7200,399875.65,2026-09-24T00:00:00Z,2026-09-24T00:15:00Z
2026-09-24T00:02:23.498+00:00,KXBTC15M-26SEP232015-15,84380.99,0.7200,0.7300,0.7200,399875.65,2026-09-24T00:00:00Z,2026-09-24T00:15:00Z
2026-09-24T00:02:25.634+00:00,KXBTC15M-26SEP232015-15,84380.99,0.7200,0.7300,0.7200,399875.65,2026-09-24T00:00:00Z,2026-09-24T00:15:00Z
2026-09-24T00:02:27.775+00:00,KXBTC15M-26SEP232015-15,84380.99,0.7200,0.7300,0.7200,399875.65,2026-09-24T00:00:00Z,2026-09-24T00:15:00Z
2026-09-24T00:02:29.914+00:00,KXBTC15M-26SEP232015-15,84380.99,0.7200,0.7300,0.7200,399875.65,2026-09-24T00:00:00Z,2026-09-24T00:15:00Z
2026-09-24T00:02:32.060+00:00,KXBTC15M-26SEP232015-15,84380.99,0.7300,0.7400,0.7400,414649.76,2026-09-24T00:00:00Z,2026-09-24T00:15:00Z
2026-09-24T00:02:34.199+00:00,KXBTC15M-26SEP232015-15,84380.99,0.7300,0.7400,0.7400,414649.76,2026-09-24T00:00:00Z,2026-09-24T00:15:00Z
2026-09-24T00:02:36.350+00:00,KXBTC15M-26SEP232015-15,84380.99,0.7300,0.7400,0.7400,414649.76,2026-09-24T00:00:00Z,2026-09-24T00:15:00Z
2026-09-24T00:02:38.562+00:00,KXBTC15M-26SEP232015-15,84380.99,0.7300,0.7400,0.7400,414649.76,2026-09-24T00:00:00Z,2026-09-24T00:15:00Z
2026-09-24T00:02:40.709+00:00,KXBTC15M-26SEP232015-15,84380.99,0.7300,0.7400,0.7400,414649.76,2026-09-24T00:00:00Z,2026-09-24T00:15:00Z
2026-09-24T00:02:42.850+00:00,KXBTC15M-26SEP232015-15,84380.99,0.7100,0.7200,0.7200,425737.44,2026-09-24T00:00:00Z,2026-09-24T00:15:00Z
2026-09-24T00:02:45.000+00:00,KXBTC15M-26SEP232015-15,84380.99,0.7100,0.7200,0.7200,425737.44,2026-09-24T00:00:00Z,2026-09-24T00:15:00Z
2026-09-24T00:02:47.247+00:00,KXBTC15M-26SEP232015-15,84380.99,0.7100,0.7200,0.7200,425737.44,2026-09-24T00:00:00Z,2026-09-24T00:15:00Z
2026-09-24T00:02:49.386+00:00,KXBTC15M-26SEP232015-15,84380.99,0.7100,0.7200,0.7200,425737.44,2026-09-24T00:00:00Z,2026-09-24T00:15:00Z
2026-09-24T00:02:51.527+00:00,KXBTC15M-26SEP232015-15,84380.99,0.7100,0.7200,0.7200,425737.44,2026-09-24T00:00:00Z,2026-09-24T00:15:00Z
2026-09-24T00:02:53.668+00:00,KXBTC15M-26SEP232015-15,84380.99,0.7100,0.7200,0.7200,425737.44,2026-09-24T00:00:00Z,2026-09-24T00:15:00Z
2026-09-24T00:02:55.805+00:00,KXBTC15M-26SEP232015-15,84380.99,0.7100,0.7200,0.7200,443111.08,2026-09-24T00:00:00Z,2026-09-24T00:15:00Z
2026-09-24T00:02:57.954+00:00,KXBTC15M-26SEP232015-15,84380.99,0.7100,0.7200,0.7200,443111.08,2026-09-24T00:00:00Z,2026-09-24T00:15:00Z
2026-09-24T00:03:00.114+00:00,KXBTC15M-26SEP232015-15,84380.99,0.7100,0.7200,0.7200,443111.08,2026-09-24T00:00:00Z,2026-09-24T00:15:00Z
2026-09-24T00:03:02.256+00:00,KXBTC15M-26SEP232015-15,84380.99,0.7100,0.7200,0.7200,443111.08,2026-09-24T00:00:00Z,2026-09-24T00:15:00Z
2026-09-24T00:03:04.394+00:00,KXBTC15M-26SEP232015-15,84380.99,0.7100,0.7200,0.7200,443111.08,2026-09-24T00:00:00Z,2026-09-24T00:15:00Z
2026-09-24T00:03:06.552+00:00,KXBTC15M-26SEP232015-15,84380.99,0.7000,0.7100,0.7000,457758.40,2026-09-24T00:00:00Z,2026-09-24T00:15:00Z
2026-09-24T00:03:08.696+00:00,KXBTC15M-26SEP232015-15,84380.99,0.7000,0.7100,0.7000,457758.40,2026-09-24T00:00:00Z,2026-09-24T00:15:00Z
2026-09-24T00:03:10.882+00:00,KXBTC15M-26SEP232015-15,84380.99,0.7000,0.7100,0.7000,457758.40,2026-09-24T00:00:00Z,2026-09-24T00:15:00Z
2026-09-24T00:03:13.035+00:00,KXBTC15M-26SEP232015-15,84380.99,0.7000,0.7100,0.7000,457758.40,2026-09-24T00:00:00Z,2026-09-24T00:15:00Z
2026-09-24T00:03:15.255+00:00,KXBTC15M-26SEP232015-15,84380.99,0.7000,0.7100,0.7000,457758.40,2026-09-24T00:00:00Z,2026-09-24T00:15:00Z
2026-09-24T00:03:17.409+00:00,KXBTC15M-26SEP232015-15,84380.99,0.7700,0.7800,0.7800,484194.58,2026-09-24T00:00:00Z,2026-09-24T00:15:00Z
2026-09-24T00:03:19.547+00:00,KXBTC15M-26SEP232015-15,84380.99,0.7700,0.7800,0.7800,484194.58,2026-09-24T00:00:00Z,2026-09-24T00:15:00Z
2026-09-24T00:03:21.769+00:00,KXBTC15M-26SEP232015-15,84380.99,0.7700,0.7800,0.7800,484194.58,2026-09-24T00:00:00Z,2026-09-24T00:15:00Z
2026-09-24T00:03:23.908+00:00,KXBTC15M-26SEP232015-15,84380.99,0.7700,0.7800,0.7800,484194.58,2026-09-24T00:00:00Z,2026-09-24T00:15:00Z
2026-09-24T00:03:26.056+00:00,KXBTC15M-26SEP232015-15,84380.99,0.7700,0.7800,0.7800,484194.58,2026-09-24T00:00:00Z,2026-09-24T00:15:00Z
2026-09-24T00:03:28.198+00:00,KXBTC15M-26SEP232015-15,84380.99,0.8000,0.8100,0.8000,516588.99,2026-09-24T00:00:00Z,2026-09-24T00:15:00Z
2026-09-24T00:03:30.342+00:00,KXBTC15M-26SEP232015-15,84380.99,0.8000,0.8100,0.8000,516588.99,2026-09-24T00:00:00Z,2026-09-24T00:15:00Z
2026-09-24T00:03:32.481+00:00,KXBTC15M-26SEP232015-15,84380.99,0.8000,0.8100,0.8000,516588.99,2026-09-24T00:00:00Z,2026-09-24T00:15:00Z
2026-09-24T00:03:34.617+00:00,KXBTC15M-26SEP232015-15,84380.99,0.8000,0.8100,0.8000,516588.99,2026-09-24T00:00:00Z,2026-09-24T00:15:00Z
2026-09-24T00:03:36.757+00:00,KXBTC15M-26SEP232015-15,84380.99,0.8000,0.8100,0.8000,516588.99,2026-09-24T00:00:00Z,2026-09-24T00:15:00Z
2026-09-24T00:03:38.897+00:00,KXBTC15M-26SEP232015-15,84380.99,0.8200,0.8300,0.8200,545144.30,2026-09-24T00:00:00Z,2026-09-24T00:15:00Z
2026-09-24T00:03:41.044+00:00,KXBTC15M-26SEP232015-15,84380.99,0.8200,0.8300,0.8200,545144.30,2026-09-24T00:00:00Z,2026-09-24T00:15:00Z
2026-09-24T00:03:43.184+00:00,KXBTC15M-26SEP232015-15,84380.99,0.8200,0.8300,0.8200,545144.30,2026-09-24T00:00:00Z,2026-09-24T00:15:00Z
2026-09-24T00:03:45.332+00:00,KXBTC15M-26SEP232015-15,84380.99,0.8200,0.8300,0.8200,545144.30,2026-09-24T00:00:00Z,2026-09-24T00:15:00Z
2026-09-24T00:03:47.480+00:00,KXBTC15M-26SEP232015-15,84380.99,0.8200,0.8300,0.8200,545144.30,2026-09-24T00:00:00Z,2026-09-24T00:15:00Z
2026-09-24T00:03:49.620+00:00,KXBTC15M-26SEP232015-15,84380.99,0.8200,0.8300,0.8200,545144.30,2026-09-24T00:00:00Z,2026-09-24T00:15:00Z
2026-09-24T00:03:51.762+00:00,KXBTC15M-26SEP232015-15,84380.99,0.8100,0.8200,0.8100,557618.11,2026-09-24T00:00:00Z,2026-09-24T00:15:00Z
2026-09-24T00:03:53.906+00:00,KXBTC15M-26SEP232015-15,84380.99,0.8100,0.8200,0.8100,557618.11,2026-09-24T00:00:00Z,2026-09-24T00:15:00Z
2026-09-24T00:03:56.047+00:00,KXBTC15M-26SEP232015-15,84380.99,0.8100,0.8200,0.8100,557618.11,2026-09-24T00:00:00Z,2026-09-24T00:15:00Z
2026-09-24T00:03:58.186+00:00,KXBTC15M-26SEP232015-15,84380.99,0.8100,0.8200,0.8100,557618.11,2026-09-24T00:00:00Z,2026-09-24T00:15:00Z
2026-09-24T00:04:00.325+00:00,KXBTC15M-26SEP232015-15,84380.99,0.8100,0.8200,0.8100,557618.11,2026-09-24T00:00:00Z,2026-09-24T00:15:00Z
2026-09-24T00:04:02.472+00:00,KXBTC15M-26SEP232015-15,84380.99,0.8000,0.8100,0.8100,578901.54,2026-09-24T00:00:00Z,2026-09-24T00:15:00Z
2026-09-24T00:04:04.611+00:00,KXBTC15M-26SEP232015-15,84380.99,0.8000,0.8100,0.8100,578901.54,2026-09-24T00:00:00Z,2026-09-24T00:15:00Z
2026-09-24T00:04:06.755+00:00,KXBTC15M-26SEP232015-15,84380.99,0.8000,0.8100,0.8100,578901.54,2026-09-24T00:00:00Z,2026-09-24T00:15:00Z
2026-09-24T00:04:08.895+00:00,KXBTC15M-26SEP232015-15,84380.99,0.8000,0.8100,0.8100,578901.54,2026-09-24T00:00:00Z,2026-09-24T00:15:00Z
2026-09-24T00:04:11.032+00:00,KXBTC15M-26SEP232015-15,84380.99,0.8000,0.8100,0.8100,578901.54,2026-09-24T00:00:00Z,2026-09-24T00:15:00Z
2026-09-24T00:04:13.172+00:00,KXBTC15M-26SEP232015-15,84380.99,0.7700,0.7800,0.7700,597539.76,2026-09-24T00:00:00Z,2026-09-24T00:15:00Z
2026-09-24T00:04:15.310+00:00,KXBTC15M-26SEP232015-15,84380.99,0.7700,0.7800,0.7700,597539.76,2026-09-24T00:00:00Z,2026-09-24T00:15:00Z
2026-09-24T00:04:17.452+00:00,KXBTC15M-26SEP232015-15,84380.99,0.7700,0.7800,0.7700,597539.76,2026-09-24T00:00:00Z,2026-09-24T00:15:00Z
2026-09-24T00:04:19.596+00:00,KXBTC15M-26SEP232015-15,84380.99,0.7700,0.7800,0.7700,597539.76,2026-09-24T00:00:00Z,2026-09-24T00:15:00Z
2026-09-24T00:04:21.739+00:00,KXBTC15M-26SEP232015-15,84380.99,0.7700,0.7800,0.7700,597539.76,2026-09-24T00:00:00Z,2026-09-24T00:15:00Z
2026-09-24T00:04:23.879+00:00,KXBTC15M-26SEP232015-15,84380.99,0.7700,0.7800,0.7700,597539.76,2026-09-24T00:00:00Z,2026-09-24T00:15:00Z
2026-09-24T00:04:26.023+00:00,KXBTC15M-26SEP232015-15,84380.99,0.7800,0.7900,0.7800,609953.16,2026-09-24T00:00:00Z,2026-09-24T00:15:00Z
2026-09-24T00:04:28.166+00:00,KXBTC15M-26SEP232015-15,84380.99,0.7800,0.7900,0.7800,609953.16,2026-09-24T00:00:00Z,2026-09-24T00:15:00Z
2026-09-24T00:04:30.311+00:00,KXBTC15M-26SEP232015-15,84380.99,0.7800,0.7900,0.7800,609953.16,2026-09-24T00:00:00Z,2026-09-24T00:15:00Z
2026-09-24T00:04:32.450+00:00,KXBTC15M-26SEP232015-15,84380.99,0.7800,0.7900,0.7800,609953.16,2026-09-24T00:00:00Z,2026-09-24T00:15:00Z
2026-09-24T00:04:34.648+00:00,KXBTC15M-26SEP232015-15,84380.99,0.7800,0.7900,0.7800,609953.16,2026-09-24T00:00:00Z,2026-09-24T00:15:00Z
2026-09-24T00:04:36.787+00:00,KXBTC15M-26SEP232015-15,84380.99,0.7600,0.7700,0.7700,621701.80,2026-09-24T00:00:00Z,2026-09-24T00:15:00Z
2026-09-24T00:04:38.930+00:00,KXBTC15M-26SEP232015-15,84380.99,0.7600,0.7700,0.7700,621701.80,2026-09-24T00:00:00Z,2026-09-24T00:15:00Z
2026-09-24T00:04:41.069+00:00,KXBTC15M-26SEP232015-15,84380.99,0.7600,0.7700,0.7700,621701.80,2026-09-24T00:00:00Z,2026-09-24T00:15:00Z
2026-09-24T00:04:43.209+00:00,KXBTC15M-26SEP232015-15,84380.99,0.7600,0.7700,0.7700,621701.80,2026-09-24T00:00:00Z,2026-09-24T00:15:00Z
2026-09-24T00:04:45.372+00:00,KXBTC15M-26SEP232015-15,84380.99,0.7600,0.7700,0.7700,621701.80,2026-09-24T00:00:00Z,2026-09-24T00:15:00Z
2026-09-24T00:04:47.513+00:00,KXBTC15M-26SEP232015-15,84380.99,0.7800,0.7900,0.7800,629359.47,2026-09-24T00:00:00Z,2026-09-24T00:15:00Z
2026-09-24T00:04:49.671+00:00,KXBTC15M-26SEP232015-15,84380.99,0.7800,0.7900,0.7800,629359.47,2026-09-24T00:00:00Z,2026-09-24T00:15:00Z
2026-09-24T00:04:52.010+00:00,KXBTC15M-26SEP232015-15,84380.99,0.7800,0.7900,0.7800,629359.47,2026-09-24T00:00:00Z,2026-09-24T00:15:00Z
2026-09-24T00:04:54.154+00:00,KXBTC15M-26SEP232015-15,84380.99,0.7800,0.7900,0.7800,629359.47,2026-09-24T00:00:00Z,2026-09-24T00:15:00Z
2026-09-24T00:04:56.298+00:00,KXBTC15M-26SEP232015-15,84380.99,0.7800,0.7900,0.7800,629359.47,2026-09-24T00:00:00Z,2026-09-24T00:15:00Z
2026-09-24T00:04:58.438+00:00,KXBTC15M-26SEP232015-15,84380.99,0.7800,0.7900,0.7800,629359.47,2026-09-24T00:00:00Z,2026-09-24T00:15:00Z
2026-09-24T00:05:00.577+00:00,KXBTC15M-26SEP232015-15,84380.99,0.8200,0.8300,0.8300,648750.97,2026-09-24T00:00:00Z,2026-09-24T00:15:00Z
2026-09-24T00:05:02.958+00:00,KXBTC15M-26SEP232015-15,84380.99,0.8200,0.8300,0.8300,648750.97,2026-09-24T00:00:00Z,2026-09-24T00:15:00Z
2026-09-24T00:05:05.098+00:00,KXBTC15M-26SEP232015-15,84380.99,0.8200,0.8300,0.8300,648750.97,2026-09-24T00:00:00Z,2026-09-24T00:15:00Z
2026-09-24T00:05:07.243+00:00,KXBTC15M-26SEP232015-15,84380.99,0.8200,0.8300,0.8300,648750.97,2026-09-24T00:00:00Z,2026-09-24T00:15:00Z
2026-09-24T00:05:09.382+00:00,KXBTC15M-26SEP232015-15,84380.99,0.8200,0.8300,0.8300,648750.97,2026-09-24T00:00:00Z,2026-09-24T00:15:00Z
2026-09-24T00:05:11.529+00:00,KXBTC15M-26SEP232015-15,84380.99,0.8300,0.8400,0.8300,671551.62,2026-09-24T00:00:00Z,2026-09-24T00:15:00Z
2026-09-24T00:05:13.669+00:00,KXBTC15M-26SEP232015-15,84380.99,0.8300,0.8400,0.8300,671551.62,2026-09-24T00:00:00Z,2026-09-24T00:15:00Z
2026-09-24T00:05:15.810+00:00,KXBTC15M-26SEP232015-15,84380.99,0.8300,0.8400,0.8300,671551.62,2026-09-24T00:00:00Z,2026-09-24T00:15:00Z
2026-09-24T00:05:17.951+00:00,KXBTC15M-26SEP232015-15,84380.99,0.8300,0.8400,0.8300,671551.62,2026-09-24T00:00:00Z,2026-09-24T00:15:00Z
2026-09-24T00:05:20.102+00:00,KXBTC15M-26SEP232015-15,84380.99,0.8300,0.8400,0.8300,671551.62,2026-09-24T00:00:00Z,2026-09-24T00:15:00Z
2026-09-24T00:05:22.280+00:00,KXBTC15M-26SEP232015-15,84380.99,0.8900,0.9000,0.9000,708361.98,2026-09-24T00:00:00Z,2026-09-24T00:15:00Z
2026-09-24T00:05:24.419+00:00,KXBTC15M-26SEP232015-15,84380.99,0.8900,0.9000,0.9000,708361.98,2026-09-24T00:00:00Z,2026-09-24T00:15:00Z
2026-09-24T00:05:26.562+00:00,KXBTC15M-26SEP232015-15,84380.99,0.8900,0.9000,0.9000,708361.98,2026-09-24T00:00:00Z,2026-09-24T00:15:00Z
2026-09-24T00:05:28.701+00:00,KXBTC15M-26SEP232015-15,84380.99,0.8900,0.9000,0.9000,708361.98,2026-09-24T00:00:00Z,2026-09-24T00:15:00Z
2026-09-24T00:05:30.838+00:00,KXBTC15M-26SEP232015-15,84380.99,0.8900,0.9000,0.9000,708361.98,2026-09-24T00:00:00Z,2026-09-24T00:15:00Z
2026-09-24T00:05:33.056+00:00,KXBTC15M-26SEP232015-15,84380.99,0.8900,0.9000,0.9000,728737.14,2026-09-24T00:00:00Z,2026-09-24T00:15:00Z
2026-09-24T00:05:35.195+00:00,KXBTC15M-26SEP232015-15,84380.99,0.8900,0.9000,0.9000,728737.14,2026-09-24T00:00:00Z,2026-09-24T00:15:00Z
2026-09-24T00:05:37.333+00:00,KXBTC15M-26SEP232015-15,84380.99,0.8900,0.9000,0.9000,728737.14,2026-09-24T00:00:00Z,2026-09-24T00:15:00Z
2026-09-24T00:05:39.471+00:00,KXBTC15M-26SEP232015-15,84380.99,0.8900,0.9000,0.9000,728737.14,2026-09-24T00:00:00Z,2026-09-24T00:15:00Z
2026-09-24T00:05:41.614+00:00,KXBTC15M-26SEP232015-15,84380.99,0.8900,0.9000,0.9000,728737.14,2026-09-24T00:00:00Z,2026-09-24T00:15:00Z
2026-09-24T00:05:43.759+00:00,KXBTC15M-26SEP232015-15,84380.99,0.8900,0.9000,0.8900,743070.49,2026-09-24T00:00:00Z,2026-09-24T00:15:00Z
2026-09-24T00:05:45.900+00:00,KXBTC15M-26SEP232015-15,84380.99,0.8900,0.9000,0.8900,743070.49,2026-09-24T00:00:00Z,2026-09-24T00:15:00Z
2026-09-24T00:05:48.044+00:00,KXBTC15M-26SEP232015-15,84380.99,0.8900,0.9000,0.8900,743070.49,2026-09-24T00:00:00Z,2026-09-24T00:15:00Z
2026-09-24T00:05:50.195+00:00,KXBTC15M-26SEP232015-15,84380.99,0.8900,0.9000,0.8900,743070.49,2026-09-24T00:00:00Z,2026-09-24T00:15:00Z
2026-09-24T00:05:52.338+00:00,KXBTC15M-26SEP232015-15,84380.99,0.8900,0.9000,0.8900,743070.49,2026-09-24T00:00:00Z,2026-09-24T00:15:00Z
2026-09-24T00:05:54.478+00:00,KXBTC15M-26SEP232015-15,84380.99,0.8300,0.8400,0.8300,755826.08,2026-09-24T00:00:00Z,2026-09-24T00:15:00Z
2026-09-24T00:05:56.617+00:00,KXBTC15M-26SEP232015-15,84380.99,0.8300,0.8400,0.8300,755826.08,2026-09-24T00:00:00Z,2026-09-24T00:15:00Z
2026-09-24T00:05:58.754+00:00,KXBTC15M-26SEP232015-15,84380.99,0.8300,0.8400,0.8300,755826.08,2026-09-24T00:00:00Z,2026-09-24T00:15:00Z
2026-09-24T00:06:00.896+00:00,KXBTC15M-26SEP232015-15,84380.99,0.8300,0.8400,0.8300,755826.08,2026-09-24T00:00:00Z,2026-09-24T00:15:00Z
2026-09-24T00:06:03.032+00:00,KXBTC15M-26SEP232015-15,84380.99,0.8300,0.8400,0.8300,755826.08,2026-09-24T00:00:00Z,2026-09-24T00:15:00Z
2026-09-24T00:06:05.171+00:00,KXBTC15M-26SEP232015-15,84380.99,0.8300,0.8400,0.8300,755826.08,2026-09-24T00:00:00Z,2026-09-24T00:15:00Z
2026-09-24T00:06:07.320+00:00,KXBTC15M-26SEP232015-15,84380.99,0.8400,0.8500,0.8500,793576.45,2026-09-24T00:00:00Z,2026-09-24T00:15:00Z
2026-09-24T00:06:09.460+00:00,KXBTC15M-26SEP232015-15,84380.99,0.8400,0.8500,0.8500,793576.45,2026-09-24T00:00:00Z,2026-09-24T00:15:00Z
2026-09-24T00:06:11.599+00:00,KXBTC15M-26SEP232015-15,84380.99,0.8400,0.8500,0.8500,793576.45,2026-09-24T00:00:00Z,2026-09-24T00:15:00Z
2026-09-24T00:06:13.739+00:00,KXBTC15M-26SEP232015-15,84380.99,0.8400,0.8500,0.8500,793576.45,2026-09-24T00:00:00Z,2026-09-24T00:15:00Z
2026-09-24T00:06:15.885+00:00,KXBTC15M-26SEP232015-15,84380.99,0.8400,0.8500,0.8500,793576.45,2026-09-24T00:00:00Z,2026-09-24T00:15:00Z
2026-09-24T00:06:18.026+00:00,KXBTC15M-26SEP232015-15,84380.99,0.8800,0.8900,0.8900,812889.56,2026-09-24T00:00:00Z,2026-09-24T00:15:00Z
2026-09-24T00:06:20.170+00:00,KXBTC15M-26SEP232015-15,84380.99,0.8800,0.8900,0.8900,812889.56,2026-09-24T00:00:00Z,2026-09-24T00:15:00Z
2026-09-24T00:06:22.323+00:00,KXBTC15M-26SEP232015-15,84380.99,0.8800,0.8900,0.8900,812889.56,2026-09-24T00:00:00Z,2026-09-24T00:15:00Z
2026-09-24T00:06:24.730+00:00,KXBTC15M-26SEP232015-15,84380.99,0.8800,0.8900,0.8900,812889.56,2026-09-24T00:00:00Z,2026-09-24T00:15:00Z
2026-09-24T00:06:26.871+00:00,KXBTC15M-26SEP232015-15,84380.99,0.8800,0.8900,0.8900,812889.56,2026-09-24T00:00:00Z,2026-09-24T00:15:00Z
2026-09-24T00:06:29.019+00:00,KXBTC15M-26SEP232015-15,84380.99,0.8900,0.9000,0.8900,828488.72,2026-09-24T00:00:00Z,2026-09-24T00:15:00Z
2026-09-24T00:06:31.161+00:00,KXBTC15M-26SEP232015-15,84380.99,0.8900,0.9000,0.8900,828488.72,2026-09-24T00:00:00Z,2026-09-24T00:15:00Z
2026-09-24T00:06:33.302+00:00,KXBTC15M-26SEP232015-15,84380.99,0.8900,0.9000,0.8900,828488.72,2026-09-24T00:00:00Z,2026-09-24T00:15:00Z
2026-09-24T00:06:35.440+00:00,KXBTC15M-26SEP232015-15,84380.99,0.8900,0.9000,0.8900,828488.72,2026-09-24T00:00:00Z,2026-09-24T00:15:00Z
2026-09-24T00:06:37.579+00:00,KXBTC15M-26SEP232015-15,84380.99,0.8900,0.9000,0.8900,828488.72,2026-09-24T00:00:00Z,2026-09-24T00:15:00Z
2026-09-24T00:06:39.719+00:00,KXBTC15M-26SEP232015-15,84380.99,0.8900,0.9000,0.8900,828488.72,2026-09-24T00:00:00Z,2026-09-24T00:15:00Z
2026-09-24T00:06:41.858+00:00,KXBTC15M-26SEP232015-15,84380.99,0.8800,0.8900,0.8900,842994.39,2026-09-24T00:00:00Z,2026-09-24T00:15:00Z
2026-09-24T00:06:43.997+00:00,KXBTC15M-26SEP232015-15,84380.99,0.8800,0.8900,0.8900,842994.39,2026-09-24T00:00:00Z,2026-09-24T00:15:00Z
2026-09-24T00:06:46.158+00:00,KXBTC15M-26SEP232015-15,84380.99,0.8800,0.8900,0.8900,842994.39,2026-09-24T00:00:00Z,2026-09-24T00:15:00Z
2026-09-24T00:06:48.315+00:00,KXBTC15M-26SEP232015-15,84380.99,0.8800,0.8900,0.8900,842994.39,2026-09-24T00:00:00Z,2026-09-24T00:15:00Z
2026-09-24T00:06:50.456+00:00,KXBTC15M-26SEP232015-15,84380.99,0.8900,0.9000,0.8900,878970.06,2026-09-24T00:00:00Z,2026-09-24T00:15:00Z
2026-09-24T00:06:52.604+00:00,KXBTC15M-26SEP232015-15,84380.99,0.8900,0.9000,0.8900,878970.06,2026-09-24T00:00:00Z,2026-09-24T00:15:00Z
2026-09-24T00:06:54.744+00:00,KXBTC15M-26SEP232015-15,84380.99,0.8900,0.9000,0.8900,878970.06,2026-09-24T00:00:00Z,2026-09-24T00:15:00Z
2026-09-24T00:06:56.883+00:00,KXBTC15M-26SEP232015-15,84380.99,0.8900,0.9000,0.8900,878970.06,2026-09-24T00:00:00Z,2026-09-24T00:15:00Z
2026-09-24T00:06:59.022+00:00,KXBTC15M-26SEP232015-15,84380.99,0.8900,0.9000,0.8900,878970.06,2026-09-24T00:00:00Z,2026-09-24T00:15:00Z
2026-09-24T00:07:01.165+00:00,KXBTC15M-26SEP232015-15,84380.99,0.8900,0.9000,0.8900,878970.06,2026-09-24T00:00:00Z,2026-09-24T00:15:00Z
2026-09-24T00:07:03.302+00:00,KXBTC15M-26SEP232015-15,84380.99,0.8800,0.8900,0.8900,891464.03,2026-09-24T00:00:00Z,2026-09-24T00:15:00Z
2026-09-24T00:07:05.454+00:00,KXBTC15M-26SEP232015-15,84380.99,0.8800,0.8900,0.8900,891464.03,2026-09-24T00:00:00Z,2026-09-24T00:15:00Z
2026-09-24T00:07:07.593+00:00,KXBTC15M-26SEP232015-15,84380.99,0.8800,0.8900,0.8900,891464.03,2026-09-24T00:00:00Z,2026-09-24T00:15:00Z
2026-09-24T00:07:09.738+00:00,KXBTC15M-26SEP232015-15,84380.99,0.8800,0.8900,0.8900,891464.03,2026-09-24T00:00:00Z,2026-09-24T00:15:00Z
2026-09-24T00:07:11.877+00:00,KXBTC15M-26SEP232015-15,84380.99,0.8800,0.8900,0.8900,891464.03,2026-09-24T00:00:00Z,2026-09-24T00:15:00Z
2026-09-24T00:07:14.017+00:00,KXBTC15M-26SEP232015-15,84380.99,0.8400,0.8500,0.8400,915695.35,2026-09-24T00:00:00Z,2026-09-24T00:15:00Z
2026-09-24T00:07:16.170+00:00,KXBTC15M-26SEP232015-15,84380.99,0.8400,0.8500,0.8400,915695.35,2026-09-24T00:00:00Z,2026-09-24T00:15:00Z
2026-09-24T00:07:18.307+00:00,KXBTC15M-26SEP232015-15,84380.99,0.8400,0.8500,0.8400,915695.35,2026-09-24T00:00:00Z,2026-09-24T00:15:00Z
2026-09-24T00:07:20.448+00:00,KXBTC15M-26SEP232015-15,84380.99,0.8400,0.8500,0.8400,915695.35,2026-09-24T00:00:00Z,2026-09-24T00:15:00Z
2026-09-24T00:07:22.588+00:00,KXBTC15M-26SEP232015-15,84380.99,0.8400,0.8500,0.8400,915695.35,2026-09-24T00:00:00Z,2026-09-24T00:15:00Z
2026-09-24T00:07:24.739+00:00,KXBTC15M-26SEP232015-15,84380.99,0.8600,0.8700,0.8700,925532.76,2026-09-24T00:00:00Z,2026-09-24T00:15:00Z
2026-09-24T00:07:26.878+00:00,KXBTC15M-26SEP232015-15,84380.99,0.8600,0.8700,0.8700,925532.76,2026-09-24T00:00:00Z,2026-09-24T00:15:00Z
2026-09-24T00:07:29.021+00:00,KXBTC15M-26SEP232015-15,84380.99,0.8600,0.8700,0.8700,925532.76,2026-09-24T00:00:00Z,2026-09-24T00:15:00Z
2026-09-24T00:07:31.162+00:00,KXBTC15M-26SEP232015-15,84380.99,0.8600,0.8700,0.8700,925532.76,2026-09-24T00:00:00Z,2026-09-24T00:15:00Z
2026-09-24T00:07:33.303+00:00,KXBTC15M-26SEP232015-15,84380.99,0.8600,0.8700,0.8700,925532.76,2026-09-24T00:00:00Z,2026-09-24T00:15:00Z
2026-09-24T00:07:35.461+00:00,KXBTC15M-26SEP232015-15,84380.99,0.8600,0.8700,0.8700,939521.57,2026-09-24T00:00:00Z,2026-09-24T00:15:00Z
2026-09-24T00:07:37.603+00:00,KXBTC15M-26SEP232015-15,84380.99,0.8600,0.8700,0.8700,939521.57,2026-09-24T00:00:00Z,2026-09-24T00:15:00Z
2026-09-24T00:07:39.746+00:00,KXBTC15M-26SEP232015-15,84380.99,0.8600,0.8700,0.8700,939521.57,2026-09-24T00:00:00Z,2026-09-24T00:15:00Z
2026-09-24T00:07:41.888+00:00,KXBTC15M-26SEP232015-15,84380.99,0.8600,0.8700,0.8700,939521.57,2026-09-24T00:00:00Z,2026-09-24T00:15:00Z
2026-09-24T00:07:44.031+00:00,KXBTC15M-26SEP232015-15,84380.99,0.8600,0.8700,0.8700,939521.57,2026-09-24T00:00:00Z,2026-09-24T00:15:00Z
2026-09-24T00:07:46.175+00:00,KXBTC15M-26SEP232015-15,84380.99,0.8700,0.8800,0.8700,945364.26,2026-09-24T00:00:00Z,2026-09-24T00:15:00Z
2026-09-24T00:07:48.311+00:00,KXBTC15M-26SEP232015-15,84380.99,0.8700,0.8800,0.8700,945364.26,2026-09-24T00:00:00Z,2026-09-24T00:15:00Z
2026-09-24T00:07:50.451+00:00,KXBTC15M-26SEP232015-15,84380.99,0.8700,0.8800,0.8700,945364.26,2026-09-24T00:00:00Z,2026-09-24T00:15:00Z
2026-09-24T00:07:52.592+00:00,KXBTC15M-26SEP232015-15,84380.99,0.8700,0.8800,0.8700,945364.26,2026-09-24T00:00:00Z,2026-09-24T00:15:00Z
2026-09-24T00:07:54.743+00:00,KXBTC15M-26SEP232015-15,84380.99,0.8700,0.8800,0.8700,945364.26,2026-09-24T00:00:00Z,2026-09-24T00:15:00Z
2026-09-24T00:07:56.888+00:00,KXBTC15M-26SEP232015-15,84380.99,0.8400,0.8500,0.8400,964555.40,2026-09-24T00:00:00Z,2026-09-24T00:15:00Z
2026-09-24T00:07:59.028+00:00,KXBTC15M-26SEP232015-15,84380.99,0.8400,0.8500,0.8400,964555.40,2026-09-24T00:00:00Z,2026-09-24T00:15:00Z
2026-09-24T00:08:01.171+00:00,KXBTC15M-26SEP232015-15,84380.99,0.8400,0.8500,0.8400,964555.40,2026-09-24T00:00:00Z,2026-09-24T00:15:00Z
2026-09-24T00:08:03.317+00:00,KXBTC15M-26SEP232015-15,84380.99,0.8400,0.8500,0.8400,964555.40,2026-09-24T00:00:00Z,2026-09-24T00:15:00Z
2026-09-24T00:08:05.456+00:00,KXBTC15M-26SEP232015-15,84380.99,0.8400,0.8500,0.8400,964555.40,2026-09-24T00:00:00Z,2026-09-24T00:15:00Z
2026-09-24T00:08:07.593+00:00,KXBTC15M-26SEP232015-15,84380.99,0.8400,0.8500,0.8400,964555.40,2026-09-24T00:00:00Z,2026-09-24T00:15:00Z
2026-09-24T00:08:09.732+00:00,KXBTC15M-26SEP232015-15,84380.99,0.8300,0.8400,0.8400,1007407.93,2026-09-24T00:00:00Z,2026-09-24T00:15:00Z
2026-09-24T00:08:11.889+00:00,KXBTC15M-26SEP232015-15,84380.99,0.8300,0.8400,0.8400,1007407.93,2026-09-24T00:00:00Z,2026-09-24T00:15:00Z
2026-09-24T00:08:14.034+00:00,KXBTC15M-26SEP232015-15,84380.99,0.8300,0.8400,0.8400,1007407.93,2026-09-24T00:00:00Z,2026-09-24T00:15:00Z
2026-09-24T00:08:16.173+00:00,KXBTC15M-26SEP232015-15,84380.99,0.8300,0.8400,0.8400,1007407.93,2026-09-24T00:00:00Z,2026-09-24T00:15:00Z
2026-09-24T00:08:18.312+00:00,KXBTC15M-26SEP232015-15,84380.99,0.8300,0.8400,0.8400,1007407.93,2026-09-24T00:00:00Z,2026-09-24T00:15:00Z
2026-09-24T00:08:20.500+00:00,KXBTC15M-26SEP232015-15,84380.99,0.8100,0.8200,0.8200,1020140.20,2026-09-24T00:00:00Z,2026-09-24T00:15:00Z
2026-09-24T00:08:22.654+00:00,KXBTC15M-26SEP232015-15,84380.99,0.8100,0.8200,0.8200,1020140.20,2026-09-24T00:00:00Z,2026-09-24T00:15:00Z
2026-09-24T00:08:24.813+00:00,KXBTC15M-26SEP232015-15,84380.99,0.8100,0.8200,0.8200,1020140.20,2026-09-24T00:00:00Z,2026-09-24T00:15:00Z
2026-09-24T00:08:26.951+00:00,KXBTC15M-26SEP232015-15,84380.99,0.8100,0.8200,0.8200,1020140.20,2026-09-24T00:00:00Z,2026-09-24T00:15:00Z
2026-09-24T00:08:29.087+00:00,KXBTC15M-26SEP232015-15,84380.99,0.8100,0.8200,0.8200,1020140.20,2026-09-24T00:00:00Z,2026-09-24T00:15:00Z
2026-09-24T00:08:31.230+00:00,KXBTC15M-26SEP232015-15,84380.99,0.7800,0.7900,0.7900,1041544.18,2026-09-24T00:00:00Z,2026-09-24T00:15:00Z
2026-09-24T00:08:33.375+00:00,KXBTC15M-26SEP232015-15,84380.99,0.7800,0.7900,0.7900,1041544.18,2026-09-24T00:00:00Z,2026-09-24T00:15:00Z
2026-09-24T00:08:35.512+00:00,KXBTC15M-26SEP232015-15,84380.99,0.7800,0.7900,0.7900,1041544.18,2026-09-24T00:00:00Z,2026-09-24T00:15:00Z
2026-09-24T00:08:37.656+00:00,KXBTC15M-26SEP232015-15,84380.99,0.7800,0.7900,0.7900,1041544.18,2026-09-24T00:00:00Z,2026-09-24T00:15:00Z
2026-09-24T00:08:39.798+00:00,KXBTC15M-26SEP232015-15,84380.99,0.7800,0.7900,0.7900,1041544.18,2026-09-24T00:00:00Z,2026-09-24T00:15:00Z
2026-09-24T00:08:41.937+00:00,KXBTC15M-26SEP232015-15,84380.99,0.6700,0.6800,0.6800,1098090.49,2026-09-24T00:00:00Z,2026-09-24T00:15:00Z
2026-09-24T00:08:44.079+00:00,KXBTC15M-26SEP232015-15,84380.99,0.6700,0.6800,0.6800,1098090.49,2026-09-24T00:00:00Z,2026-09-24T00:15:00Z
2026-09-24T00:08:46.221+00:00,KXBTC15M-26SEP232015-15,84380.99,0.6700,0.6800,0.6800,1098090.49,2026-09-24T00:00:00Z,2026-09-24T00:15:00Z
2026-09-24T00:08:48.363+00:00,KXBTC15M-26SEP232015-15,84380.99,0.6700,0.6800,0.6800,1098090.49,2026-09-24T00:00:00Z,2026-09-24T00:15:00Z
2026-09-24T00:08:50.505+00:00,KXBTC15M-26SEP232015-15,84380.99,0.6700,0.6800,0.6800,1098090.49,2026-09-24T00:00:00Z,2026-09-24T00:15:00Z
2026-09-24T00:08:52.644+00:00,KXBTC15M-26SEP232015-15,84380.99,0.6700,0.6800,0.6800,1098090.49,2026-09-24T00:00:00Z,2026-09-24T00:15:00Z
2026-09-24T00:08:54.783+00:00,KXBTC15M-26SEP232015-15,84380.99,0.6500,0.6600,0.6600,1124368.93,2026-09-24T00:00:00Z,2026-09-24T00:15:00Z
2026-09-24T00:08:56.939+00:00,KXBTC15M-26SEP232015-15,84380.99,0.6500,0.6600,0.6600,1124368.93,2026-09-24T00:00:00Z,2026-09-24T00:15:00Z
2026-09-24T00:08:59.076+00:00,KXBTC15M-26SEP232015-15,84380.99,0.6500,0.6600,0.6600,1124368.93,2026-09-24T00:00:00Z,2026-09-24T00:15:00Z
2026-09-24T00:09:01.214+00:00,KXBTC15M-26SEP232015-15,84380.99,0.6500,0.6600,0.6600,1124368.93,2026-09-24T00:00:00Z,2026-09-24T00:15:00Z
2026-09-24T00:09:03.355+00:00,KXBTC15M-26SEP232015-15,84380.99,0.6500,0.6600,0.6600,1124368.93,2026-09-24T00:00:00Z,2026-09-24T00:15:00Z
2026-09-24T00:09:05.493+00:00,KXBTC15M-26SEP232015-15,84380.99,0.6800,0.6900,0.6800,1157392.91,2026-09-24T00:00:00Z,2026-09-24T00:15:00Z
2026-09-24T00:09:07.635+00:00,KXBTC15M-26SEP232015-15,84380.99,0.6800,0.6900,0.6800,1157392.91,2026-09-24T00:00:00Z,2026-09-24T00:15:00Z
2026-09-24T00:09:09.776+00:00,KXBTC15M-26SEP232015-15,84380.99,0.6800,0.6900,0.6800,1157392.91,2026-09-24T00:00:00Z,2026-09-24T00:15:00Z
2026-09-24T00:09:11.915+00:00,KXBTC15M-26SEP232015-15,84380.99,0.6800,0.6900,0.6800,1157392.91,2026-09-24T00:00:00Z,2026-09-24T00:15:00Z
2026-09-24T00:09:14.054+00:00,KXBTC15M-26SEP232015-15,84380.99,0.6800,0.6900,0.6800,1157392.91,2026-09-24T00:00:00Z,2026-09-24T00:15:00Z
2026-09-24T00:09:16.196+00:00,KXBTC15M-26SEP232015-15,84380.99,0.5200,0.5300,0.5300,1229903.77,2026-09-24T00:00:00Z,2026-09-24T00:15:00Z
2026-09-24T00:09:18.357+00:00,KXBTC15M-26SEP232015-15,84380.99,0.5200,0.5300,0.5300,1229903.77,2026-09-24T00:00:00Z,2026-09-24T00:15:00Z
2026-09-24T00:09:20.500+00:00,KXBTC15M-26SEP232015-15,84380.99,0.5200,0.5300,0.5300,1229903.77,2026-09-24T00:00:00Z,2026-09-24T00:15:00Z
2026-09-24T00:09:22.658+00:00,KXBTC15M-26SEP232015-15,84380.99,0.5200,0.5300,0.5300,1229903.77,2026-09-24T00:00:00Z,2026-09-24T00:15:00Z
2026-09-24T00:09:24.846+00:00,KXBTC15M-26SEP232015-15,84380.99,0.5200,0.5300,0.5300,1229903.77,2026-09-24T00:00:00Z,2026-09-24T00:15:00Z
2026-09-24T00:09:27.001+00:00,KXBTC15M-26SEP232015-15,84380.99,0.4700,0.4800,0.4700,1272162.68,2026-09-24T00:00:00Z,2026-09-24T00:15:00Z
2026-09-24T00:09:29.138+00:00,KXBTC15M-26SEP232015-15,84380.99,0.4700,0.4800,0.4700,1272162.68,2026-09-24T00:00:00Z,2026-09-24T00:15:00Z
2026-09-24T00:09:31.279+00:00,KXBTC15M-26SEP232015-15,84380.99,0.4700,0.4800,0.4700,1272162.68,2026-09-24T00:00:00Z,2026-09-24T00:15:00Z
2026-09-24T00:09:33.415+00:00,KXBTC15M-26SEP232015-15,84380.99,0.4700,0.4800,0.4700,1272162.68,2026-09-24T00:00:00Z,2026-09-24T00:15:00Z
2026-09-24T00:09:35.555+00:00,KXBTC15M-26SEP232015-15,84380.99,0.4700,0.4800,0.4700,1272162.68,2026-09-24T00:00:00Z,2026-09-24T00:15:00Z
2026-09-24T00:09:37.693+00:00,KXBTC15M-26SEP232015-15,84380.99,0.4300,0.4400,0.4400,1336365.45,2026-09-24T00:00:00Z,2026-09-24T00:15:00Z
2026-09-24T00:09:39.833+00:00,KXBTC15M-26SEP232015-15,84380.99,0.4300,0.4400,0.4400,1336365.45,2026-09-24T00:00:00Z,2026-09-24T00:15:00Z
2026-09-24T00:09:42.220+00:00,KXBTC15M-26SEP232015-15,84380.99,0.4300,0.4400,0.4400,1336365.45,2026-09-24T00:00:00Z,2026-09-24T00:15:00Z
2026-09-24T00:09:44.358+00:00,KXBTC15M-26SEP232015-15,84380.99,0.4300,0.4400,0.4400,1336365.45,2026-09-24T00:00:00Z,2026-09-24T00:15:00Z
2026-09-24T00:09:46.501+00:00,KXBTC15M-26SEP232015-15,84380.99,0.4300,0.4400,0.4400,1336365.45,2026-09-24T00:00:00Z,2026-09-24T00:15:00Z
2026-09-24T00:09:48.643+00:00,KXBTC15M-26SEP232015-15,84380.99,0.4300,0.4400,0.4400,1336365.45,2026-09-24T00:00:00Z,2026-09-24T00:15:00Z
2026-09-24T00:09:50.783+00:00,KXBTC15M-26SEP232015-15,84380.99,0.5100,0.5200,0.5200,1376883.65,2026-09-24T00:00:00Z,2026-09-24T00:15:00Z
2026-09-24T00:09:52.928+00:00,KXBTC15M-26SEP232015-15,84380.99,0.5100,0.5200,0.5200,1376883.65,2026-09-24T00:00:00Z,2026-09-24T00:15:00Z
2026-09-24T00:09:55.069+00:00,KXBTC15M-26SEP232015-15,84380.99,0.5100,0.5200,0.5200,1376883.65,2026-09-24T00:00:00Z,2026-09-24T00:15:00Z
2026-09-24T00:09:57.221+00:00,KXBTC15M-26SEP232015-15,84380.99,0.5100,0.5200,0.5200,1376883.65,2026-09-24T00:00:00Z,2026-09-24T00:15:00Z
2026-09-24T00:09:59.363+00:00,KXBTC15M-26SEP232015-15,84380.99,0.5100,0.5200,0.5200,1376883.65,2026-09-24T00:00:00Z,2026-09-24T00:15:00Z
2026-09-24T00:10:01.506+00:00,KXBTC15M-26SEP232015-15,84380.99,0.4700,0.4800,0.4800,1409911.73,2026-09-24T00:00:00Z,2026-09-24T00:15:00Z
2026-09-24T00:10:03.645+00:00,KXBTC15M-26SEP232015-15,84380.99,0.4700,0.4800,0.4800,1409911.73,2026-09-24T00:00:00Z,2026-09-24T00:15:00Z
2026-09-24T00:10:05.783+00:00,KXBTC15M-26SEP232015-15,84380.99,0.4700,0.4800,0.4800,1409911.73,2026-09-24T00:00:00Z,2026-09-24T00:15:00Z
2026-09-24T00:10:07.930+00:00,KXBTC15M-26SEP232015-15,84380.99,0.4700,0.4800,0.4800,1409911.73,2026-09-24T00:00:00Z,2026-09-24T00:15:00Z
2026-09-24T00:10:10.071+00:00,KXBTC15M-26SEP232015-15,84380.99,0.4700,0.4800,0.4800,1409911.73,2026-09-24T00:00:00Z,2026-09-24T00:15:00Z
2026-09-24T00:10:12.211+00:00,KXBTC15M-26SEP232015-15,84380.99,0.4800,0.4900,0.4800,1447966.79,2026-09-24T00:00:00Z,2026-09-24T00:15:00Z
2026-09-24T00:10:14.347+00:00,KXBTC15M-26SEP232015-15,84380.99,0.4800,0.4900,0.4800,1447966.79,2026-09-24T00:00:00Z,2026-09-24T00:15:00Z
2026-09-24T00:10:16.484+00:00,KXBTC15M-26SEP232015-15,84380.99,0.4800,0.4900,0.4800,1447966.79,2026-09-24T00:00:00Z,2026-09-24T00:15:00Z
2026-09-24T00:10:18.626+00:00,KXBTC15M-26SEP232015-15,84380.99,0.4800,0.4900,0.4800,1447966.79,2026-09-24T00:00:00Z,2026-09-24T00:15:00Z
2026-09-24T00:10:20.769+00:00,KXBTC15M-26SEP232015-15,84380.99,0.4800,0.4900,0.4800,1447966.79,2026-09-24T00:00:00Z,2026-09-24T00:15:00Z
2026-09-24T00:10:22.908+00:00,KXBTC15M-26SEP232015-15,84380.99,0.3100,0.3200,0.3200,1505919.65,2026-09-24T00:00:00Z,2026-09-24T00:15:00Z
2026-09-24T00:10:25.055+00:00,KXBTC15M-26SEP232015-15,84380.99,0.3100,0.3200,0.3200,1505919.65,2026-09-24T00:00:00Z,2026-09-24T00:15:00Z
2026-09-24T00:10:27.264+00:00,KXBTC15M-26SEP232015-15,84380.99,0.3100,0.3200,0.3200,1505919.65,2026-09-24T00:00:00Z,2026-09-24T00:15:00Z
2026-09-24T00:10:29.421+00:00,KXBTC15M-26SEP232015-15,84380.99,0.3100,0.3200,0.3200,1505919.65,2026-09-24T00:00:00Z,2026-09-24T00:15:00Z
2026-09-24T00:10:31.564+00:00,KXBTC15M-26SEP232015-15,84380.99,0.3100,0.3200,0.3200,1505919.65,2026-09-24T00:00:00Z,2026-09-24T00:15:00Z
2026-09-24T00:10:33.706+00:00,KXBTC15M-26SEP232015-15,84380.99,0.2400,0.2500,0.2400,1559333.18,2026-09-24T00:00:00Z,2026-09-24T00:15:00Z
2026-09-24T00:10:35.846+00:00,KXBTC15M-26SEP232015-15,84380.99,0.2400,0.2500,0.2400,1559333.18,2026-09-24T00:00:00Z,2026-09-24T00:15:00Z
2026-09-24T00:10:37.984+00:00,KXBTC15M-26SEP232015-15,84380.99,0.2400,0.2500,0.2400,1559333.18,2026-09-24T00:00:00Z,2026-09-24T00:15:00Z
2026-09-24T00:10:40.122+00:00,KXBTC15M-26SEP232015-15,84380.99,0.2400,0.2500,0.2400,1559333.18,2026-09-24T00:00:00Z,2026-09-24T00:15:00Z
2026-09-24T00:10:42.267+00:00,KXBTC15M-26SEP232015-15,84380.99,0.2400,0.2500,0.2400,1559333.18,2026-09-24T00:00:00Z,2026-09-24T00:15:00Z
2026-09-24T00:10:44.409+00:00,KXBTC15M-26SEP232015-15,84380.99,0.2200,0.2300,0.2300,1630763.51,2026-09-24T00:00:00Z,2026-09-24T00:15:00Z
2026-09-24T00:10:46.547+00:00,KXBTC15M-26SEP232015-15,84380.99,0.2200,0.2300,0.2300,1630763.51,2026-09-24T00:00:00Z,2026-09-24T00:15:00Z
2026-09-24T00:10:48.682+00:00,KXBTC15M-26SEP232015-15,84380.99,0.2200,0.2300,0.2300,1630763.51,2026-09-24T00:00:00Z,2026-09-24T00:15:00Z
2026-09-24T00:10:50.823+00:00,KXBTC15M-26SEP232015-15,84380.99,0.2200,0.2300,0.2300,1630763.51,2026-09-24T00:00:00Z,2026-09-24T00:15:00Z
2026-09-24T00:10:52.964+00:00,KXBTC15M-26SEP232015-15,84380.99,0.2200,0.2300,0.2300,1630763.51,2026-09-24T00:00:00Z,2026-09-24T00:15:00Z
2026-09-24T00:10:55.105+00:00,KXBTC15M-26SEP232015-15,84380.99,0.2700,0.2800,0.2800,1657149.79,2026-09-24T00:00:00Z,2026-09-24T00:15:00Z
2026-09-24T00:10:57.244+00:00,KXBTC15M-26SEP232015-15,84380.99,0.2700,0.2800,0.2800,1657149.79,2026-09-24T00:00:00Z,2026-09-24T00:15:00Z
2026-09-24T00:10:59.383+00:00,KXBTC15M-26SEP232015-15,84380.99,0.2700,0.2800,0.2800,1657149.79,2026-09-24T00:00:00Z,2026-09-24T00:15:00Z
2026-09-24T00:11:01.582+00:00,KXBTC15M-26SEP232015-15,84380.99,0.2700,0.2800,0.2800,1657149.79,2026-09-24T00:00:00Z,2026-09-24T00:15:00Z
2026-09-24T00:11:03.722+00:00,KXBTC15M-26SEP232015-15,84380.99,0.2700,0.2800,0.2800,1657149.79,2026-09-24T00:00:00Z,2026-09-24T00:15:00Z
2026-09-24T00:11:05.862+00:00,KXBTC15M-26SEP232015-15,84380.99,0.2200,0.2300,0.2300,1689793.63,2026-09-24T00:00:00Z,2026-09-24T00:15:00Z
2026-09-24T00:11:08.007+00:00,KXBTC15M-26SEP232015-15,84380.99,0.2200,0.2300,0.2300,1689793.63,2026-09-24T00:00:00Z,2026-09-24T00:15:00Z
2026-09-24T00:11:10.146+00:00,KXBTC15M-26SEP232015-15,84380.99,0.2200,0.2300,0.2300,1689793.63,2026-09-24T00:00:00Z,2026-09-24T00:15:00Z
2026-09-24T00:11:12.288+00:00,KXBTC15M-26SEP232015-15,84380.99,0.2200,0.2300,0.2300,1689793.63,2026-09-24T00:00:00Z,2026-09-24T00:15:00Z
2026-09-24T00:11:14.448+00:00,KXBTC15M-26SEP232015-15,84380.99,0.2200,0.2300,0.2300,1689793.63,2026-09-24T00:00:00Z,2026-09-24T00:15:00Z
2026-09-24T00:11:16.831+00:00,KXBTC15M-26SEP232015-15,84380.99,0.1900,0.2000,0.2000,1710769.39,2026-09-24T00:00:00Z,2026-09-24T00:15:00Z
2026-09-24T00:11:18.974+00:00,KXBTC15M-26SEP232015-15,84380.99,0.1900,0.2000,0.2000,1710769.39,2026-09-24T00:00:00Z,2026-09-24T00:15:00Z
2026-09-24T00:11:21.116+00:00,KXBTC15M-26SEP232015-15,84380.99,0.1900,0.2000,0.2000,1710769.39,2026-09-24T00:00:00Z,2026-09-24T00:15:00Z
2026-09-24T00:11:23.272+00:00,KXBTC15M-26SEP232015-15,84380.99,0.1900,0.2000,0.2000,1710769.39,2026-09-24T00:00:00Z,2026-09-24T00:15:00Z
2026-09-24T00:11:25.410+00:00,KXBTC15M-26SEP232015-15,84380.99,0.1800,0.1900,0.1900,1732948.45,2026-09-24T00:00:00Z,2026-09-24T00:15:00Z
2026-09-24T00:11:27.547+00:00,KXBTC15M-26SEP232015-15,84380.99,0.1800,0.1900,0.1900,1732948.45,2026-09-24T00:00:00Z,2026-09-24T00:15:00Z
2026-09-24T00:11:29.691+00:00,KXBTC15M-26SEP232015-15,84380.99,0.1800,0.1900,0.1900,1732948.45,2026-09-24T00:00:00Z,2026-09-24T00:15:00Z
2026-09-24T00:11:31.843+00:00,KXBTC15M-26SEP232015-15,84380.99,0.1800,0.1900,0.1900,1732948.45,2026-09-24T00:00:00Z,2026-09-24T00:15:00Z
2026-09-24T00:11:34.048+00:00,KXBTC15M-26SEP232015-15,84380.99,0.1800,0.1900,0.1900,1732948.45,2026-09-24T00:00:00Z,2026-09-24T00:15:00Z
2026-09-24T00:11:36.185+00:00,KXBTC15M-26SEP232015-15,84380.99,0.1800,0.1900,0.1900,1732948.45,2026-09-24T00:00:00Z,2026-09-24T00:15:00Z
2026-09-24T00:11:38.328+00:00,KXBTC15M-26SEP232015-15,84380.99,0.1000,0.1100,0.1100,1787492.55,2026-09-24T00:00:00Z,2026-09-24T00:15:00Z
2026-09-24T00:11:40.469+00:00,KXBTC15M-26SEP232015-15,84380.99,0.1000,0.1100,0.1100,1787492.55,2026-09-24T00:00:00Z,2026-09-24T00:15:00Z
2026-09-24T00:11:42.607+00:00,KXBTC15M-26SEP232015-15,84380.99,0.1000,0.1100,0.1100,1787492.55,2026-09-24T00:00:00Z,2026-09-24T00:15:00Z
2026-09-24T00:11:44.743+00:00,KXBTC15M-26SEP232015-15,84380.99,0.1000,0.1100,0.1100,1787492.55,2026-09-24T00:00:00Z,2026-09-24T00:15:00Z
2026-09-24T00:11:46.882+00:00,KXBTC15M-26SEP232015-15,84380.99,0.1000,0.1100,0.1100,1787492.55,2026-09-24T00:00:00Z,2026-09-24T00:15:00Z
2026-09-24T00:11:49.019+00:00,KXBTC15M-26SEP232015-15,84380.99,0.0940,0.0950,0.0950,1933071.14,2026-09-24T00:00:00Z,2026-09-24T00:15:00Z
2026-09-24T00:11:51.164+00:00,KXBTC15M-26SEP232015-15,84380.99,0.0940,0.0950,0.0950,1933071.14,2026-09-24T00:00:00Z,2026-09-24T00:15:00Z
2026-09-24T00:11:53.315+00:00,KXBTC15M-26SEP232015-15,84380.99,0.0940,0.0950,0.0950,1933071.14,2026-09-24T00:00:00Z,2026-09-24T00:15:00Z
2026-09-24T00:11:55.453+00:00,KXBTC15M-26SEP232015-15,84380.99,0.0940,0.0950,0.0950,1933071.14,2026-09-24T00:00:00Z,2026-09-24T00:15:00Z
2026-09-24T00:11:57.596+00:00,KXBTC15M-26SEP232015-15,84380.99,0.0940,0.0950,0.0950,1933071.14,2026-09-24T00:00:00Z,2026-09-24T00:15:00Z
2026-09-24T00:11:59.735+00:00,KXBTC15M-26SEP232015-15,84380.99,0.0940,0.0950,0.0950,1933071.14,2026-09-24T00:00:00Z,2026-09-24T00:15:00Z
2026-09-24T00:12:01.885+00:00,KXBTC15M-26SEP232015-15,84380.99,0.0380,0.0390,0.0380,2002058.28,2026-09-24T00:00:00Z,2026-09-24T00:15:00Z
2026-09-24T00:12:04.026+00:00,KXBTC15M-26SEP232015-15,84380.99,0.0380,0.0390,0.0380,2002058.28,2026-09-24T00:00:00Z,2026-09-24T00:15:00Z
2026-09-24T00:12:06.163+00:00,KXBTC15M-26SEP232015-15,84380.99,0.0380,0.0390,0.0380,2002058.28,2026-09-24T00:00:00Z,2026-09-24T00:15:00Z
2026-09-24T00:12:08.442+00:00,KXBTC15M-26SEP232015-15,84380.99,0.0380,0.0390,0.0380,2002058.28,2026-09-24T00:00:00Z,2026-09-24T00:15:00Z
2026-09-24T00:12:10.584+00:00,KXBTC15M-26SEP232015-15,84380.99,0.0380,0.0390,0.0380,2002058.28,2026-09-24T00:00:00Z,2026-09-24T00:15:00Z
2026-09-24T00:12:12.725+00:00,KXBTC15M-26SEP232015-15,84380.99,0.0400,0.0410,0.0410,2086130.93,2026-09-24T00:00:00Z,2026-09-24T00:15:00Z
2026-09-24T00:12:14.866+00:00,KXBTC15M-26SEP232015-15,84380.99,0.0400,0.0410,0.0410,2086130.93,2026-09-24T00:00:00Z,2026-09-24T00:15:00Z
2026-09-24T00:12:17.010+00:00,KXBTC15M-26SEP232015-15,84380.99,0.0400,0.0410,0.0410,2086130.93,2026-09-24T00:00:00Z,2026-09-24T00:15:00Z
2026-09-24T00:12:19.150+00:00,KXBTC15M-26SEP232015-15,84380.99,0.0400,0.0410,0.0410,2086130.93,2026-09-24T00:00:00Z,2026-09-24T00:15:00Z
2026-09-24T00:12:21.382+00:00,KXBTC15M-26SEP232015-15,84380.99,0.0400,0.0410,0.0410,2086130.93,2026-09-24T00:00:00Z,2026-09-24T00:15:00Z
2026-09-24T00:12:23.523+00:00,KXBTC15M-26SEP232015-15,84380.99,0.0400,0.0410,0.0410,2086130.93,2026-09-24T00:00:00Z,2026-09-24T00:15:00Z
2026-09-24T00:12:25.661+00:00,KXBTC15M-26SEP232015-15,84380.99,0.0380,0.0390,0.0350,2124414.68,2026-09-24T00:00:00Z,2026-09-24T00:15:00Z
2026-09-24T00:12:27.799+00:00,KXBTC15M-26SEP232015-15,84380.99,0.0380,0.0390,0.0350,2124414.68,2026-09-24T00:00:00Z,2026-09-24T00:15:00Z
2026-09-24T00:12:29.940+00:00,KXBTC15M-26SEP232015-15,84380.99,0.0380,0.0390,0.0350,2124414.68,2026-09-24T00:00:00Z,2026-09-24T00:15:00Z
2026-09-24T00:12:32.091+00:00,KXBTC15M-26SEP232015-15,84380.99,0.0380,0.0390,0.0350,2124414.68,2026-09-24T00:00:00Z,2026-09-24T00:15:00Z
2026-09-24T00:12:34.227+00:00,KXBTC15M-26SEP232015-15,84380.99,0.0700,0.0710,0.0700,2178493.79,2026-09-24T00:00:00Z,2026-09-24T00:15:00Z
2026-09-24T00:12:36.363+00:00,KXBTC15M-26SEP232015-15,84380.99,0.0700,0.0710,0.0700,2178493.79,2026-09-24T00:00:00Z,2026-09-24T00:15:00Z
2026-09-24T00:12:38.506+00:00,KXBTC15M-26SEP232015-15,84380.99,0.0700,0.0710,0.0700,2178493.79,2026-09-24T00:00:00Z,2026-09-24T00:15:00Z
2026-09-24T00:12:40.646+00:00,KXBTC15M-26SEP232015-15,84380.99,0.0700,0.0710,0.0700,2178493.79,2026-09-24T00:00:00Z,2026-09-24T00:15:00Z
2026-09-24T00:12:42.787+00:00,KXBTC15M-26SEP232015-15,84380.99,0.0700,0.0710,0.0700,2178493.79,2026-09-24T00:00:00Z,2026-09-24T00:15:00Z
2026-09-24T00:12:44.926+00:00,KXBTC15M-26SEP232015-15,84380.99,0.0890,0.0900,0.0900,2222684.55,2026-09-24T00:00:00Z,2026-09-24T00:15:00Z
2026-09-24T00:12:47.065+00:00,KXBTC15M-26SEP232015-15,84380.99,0.0890,0.0900,0.0900,2222684.55,2026-09-24T00:00:00Z,2026-09-24T00:15:00Z
2026-09-24T00:12:49.204+00:00,KXBTC15M-26SEP232015-15,84380.99,0.0890,0.0900,0.0900,2222684.55,2026-09-24T00:00:00Z,2026-09-24T00:15:00Z
2026-09-24T00:12:51.341+00:00,KXBTC15M-26SEP232015-15,84380.99,0.0890,0.0900,0.0900,2222684.55,2026-09-24T00:00:00Z,2026-09-24T00:15:00Z
2026-09-24T00:12:53.735+00:00,KXBTC15M-26SEP232015-15,84380.99,0.0890,0.0900,0.0900,2222684.55,2026-09-24T00:00:00Z,2026-09-24T00:15:00Z
2026-09-24T00:12:55.875+00:00,KXBTC15M-26SEP232015-15,84380.99,0.0590,0.0600,0.0610,2255758.37,2026-09-24T00:00:00Z,2026-09-24T00:15:00Z
2026-09-24T00:12:58.016+00:00,KXBTC15M-26SEP232015-15,84380.99,0.0590,0.0600,0.0610,2255758.37,2026-09-24T00:00:00Z,2026-09-24T00:15:00Z
2026-09-24T00:13:00.158+00:00,KXBTC15M-26SEP232015-15,84380.99,0.0590,0.0600,0.0610,2255758.37,2026-09-24T00:00:00Z,2026-09-24T00:15:00Z
2026-09-24T00:13:02.309+00:00,KXBTC15M-26SEP232015-15,84380.99,0.0590,0.0600,0.0610,2255758.37,2026-09-24T00:00:00Z,2026-09-24T00:15:00Z
2026-09-24T00:13:04.446+00:00,KXBTC15M-26SEP232015-15,84380.99,0.0590,0.0600,0.0610,2255758.37,2026-09-24T00:00:00Z,2026-09-24T00:15:00Z
2026-09-24T00:13:06.588+00:00,KXBTC15M-26SEP232015-15,84380.99,0.0290,0.0310,0.0310,2344729.08,2026-09-24T00:00:00Z,2026-09-24T00:15:00Z
2026-09-24T00:13:08.742+00:00,KXBTC15M-26SEP232015-15,84380.99,0.0290,0.0310,0.0310,2344729.08,2026-09-24T00:00:00Z,2026-09-24T00:15:00Z
2026-09-24T00:13:10.883+00:00,KXBTC15M-26SEP232015-15,84380.99,0.0290,0.0310,0.0310,2344729.08,2026-09-24T00:00:00Z,2026-09-24T00:15:00Z
2026-09-24T00:13:13.157+00:00,KXBTC15M-26SEP232015-15,84380.99,0.0290,0.0310,0.0310,2344729.08,2026-09-24T00:00:00Z,2026-09-24T00:15:00Z
2026-09-24T00:13:15.295+00:00,KXBTC15M-26SEP232015-15,84380.99,0.0290,0.0310,0.0310,2344729.08,2026-09-24T00:00:00Z,2026-09-24T00:15:00Z
2026-09-24T00:13:17.434+00:00,KXBTC15M-26SEP232015-15,84380.99,0.0290,0.0310,0.0310,2344729.08,2026-09-24T00:00:00Z,2026-09-24T00:15:00Z
2026-09-24T00:13:19.578+00:00,KXBTC15M-26SEP232015-15,84380.99,0.0330,0.0350,0.0360,2407288.67,2026-09-24T00:00:00Z,2026-09-24T00:15:00Z
2026-09-24T00:13:21.719+00:00,KXBTC15M-26SEP232015-15,84380.99,0.0330,0.0350,0.0360,2407288.67,2026-09-24T00:00:00Z,2026-09-24T00:15:00Z
2026-09-24T00:13:23.858+00:00,KXBTC15M-26SEP232015-15,84380.99,0.0330,0.0350,0.0360,2407288.67,2026-09-24T00:00:00Z,2026-09-24T00:15:00Z
2026-09-24T00:13:26.002+00:00,KXBTC15M-26SEP232015-15,84380.99,0.0330,0.0350,0.0360,2407288.67,2026-09-24T00:00:00Z,2026-09-24T00:15:00Z
2026-09-24T00:13:28.144+00:00,KXBTC15M-26SEP232015-15,84380.99,0.0220,0.0240,0.0220,2463133.64,2026-09-24T00:00:00Z,2026-09-24T00:15:00Z
2026-09-24T00:13:30.282+00:00,KXBTC15M-26SEP232015-15,84380.99,0.0220,0.0240,0.0220,2463133.64,2026-09-24T00:00:00Z,2026-09-24T00:15:00Z
2026-09-24T00:13:32.437+00:00,KXBTC15M-26SEP232015-15,84380.99,0.0220,0.0240,0.0220,2463133.64,2026-09-24T00:00:00Z,2026-09-24T00:15:00Z
2026-09-24T00:13:34.823+00:00,KXBTC15M-26SEP232015-15,84380.99,0.0220,0.0240,0.0220,2463133.64,2026-09-24T00:00:00Z,2026-09-24T00:15:00Z
2026-09-24T00:13:36.963+00:00,KXBTC15M-26SEP232015-15,84380.99,0.0220,0.0240,0.0220,2463133.64,2026-09-24T00:00:00Z,2026-09-24T00:15:00Z
2026-09-24T00:13:39.105+00:00,KXBTC15M-26SEP232015-15,84380.99,0.0220,0.0240,0.0220,2463133.64,2026-09-24T00:00:00Z,2026-09-24T00:15:00Z
2026-09-24T00:13:41.244+00:00,KXBTC15M-26SEP232015-15,84380.99,0.0220,0.0230,0.0210,2509704.69,2026-09-24T00:00:00Z,2026-09-24T00:15:00Z
2026-09-24T00:13:43.392+00:00,KXBTC15M-26SEP232015-15,84380.99,0.0220,0.0230,0.0210,2509704.69,2026-09-24T00:00:00Z,2026-09-24T00:15:00Z
2026-09-24T00:13:45.540+00:00,KXBTC15M-26SEP232015-15,84380.99,0.0220,0.0230,0.0210,2509704.69,2026-09-24T00:00:00Z,2026-09-24T00:15:00Z
2026-09-24T00:13:47.677+00:00,KXBTC15M-26SEP232015-15,84380.99,0.0220,0.0230,0.0210,2509704.69,2026-09-24T00:00:00Z,2026-09-24T00:15:00Z
2026-09-24T00:13:49.817+00:00,KXBTC15M-26SEP232015-15,84380.99,0.0170,0.0180,0.0160,2582818.51,2026-09-24T00:00:00Z,2026-09-24T00:15:00Z
2026-09-24T00:13:51.961+00:00,KXBTC15M-26SEP232015-15,84380.99,0.0170,0.0180,0.0160,2582818.51,2026-09-24T00:00:00Z,2026-09-24T00:15:00Z
2026-09-24T00:13:54.103+00:00,KXBTC15M-26SEP232015-15,84380.99,0.0170,0.0180,0.0160,2582818.51,2026-09-24T00:00:00Z,2026-09-24T00:15:00Z
2026-09-24T00:13:56.240+00:00,KXBTC15M-26SEP232015-15,84380.99,0.0170,0.0180,0.0160,2582818.51,2026-09-24T00:00:00Z,2026-09-24T00:15:00Z
2026-09-24T00:13:58.379+00:00,KXBTC15M-26SEP232015-15,84380.99,0.0170,0.0180,0.0160,2582818.51,2026-09-24T00:00:00Z,2026-09-24T00:15:00Z
2026-09-24T00:14:00.518+00:00,KXBTC15M-26SEP232015-15,84380.99,0.0120,0.0150,0.0150,2699062.87,2026-09-24T00:00:00Z,2026-09-24T00:15:00Z
2026-09-24T00:14:02.665+00:00,KXBTC15M-26SEP232015-15,84380.99,0.0120,0.0150,0.0150,2699062.87,2026-09-24T00:00:00Z,2026-09-24T00:15:00Z
2026-09-24T00:14:04.801+00:00,KXBTC15M-26SEP232015-15,84380.99,0.0120,0.0150,0.0150,2699062.87,2026-09-24T00:00:00Z,2026-09-24T00:15:00Z
2026-09-24T00:14:06.940+00:00,KXBTC15M-26SEP232015-15,84380.99,0.0120,0.0150,0.0150,2699062.87,2026-09-24T00:00:00Z,2026-09-24T00:15:00Z
2026-09-24T00:14:09.081+00:00,KXBTC15M-26SEP232015-15,84380.99,0.0120,0.0150,0.0150,2699062.87,2026-09-24T00:00:00Z,2026-09-24T00:15:00Z
2026-09-24T00:14:11.222+00:00,KXBTC15M-26SEP232015-15,84380.99,0.0070,0.0080,0.0070,2767689.31,2026-09-24T00:00:00Z,2026-09-24T00:15:00Z
2026-09-24T00:14:13.365+00:00,KXBTC15M-26SEP232015-15,84380.99,0.0070,0.0080,0.0070,2767689.31,2026-09-24T00:00:00Z,2026-09-24T00:15:00Z
2026-09-24T00:14:15.504+00:00,KXBTC15M-26SEP232015-15,84380.99,0.0070,0.0080,0.0070,2767689.31,2026-09-24T00:00:00Z,2026-09-24T00:15:00Z
2026-09-24T00:14:17.643+00:00,KXBTC15M-26SEP232015-15,84380.99,0.0070,0.0080,0.0070,2767689.31,2026-09-24T00:00:00Z,2026-09-24T00:15:00Z
2026-09-24T00:14:19.787+00:00,KXBTC15M-26SEP232015-15,84380.99,0.0070,0.0080,0.0070,2767689.31,2026-09-24T00:00:00Z,2026-09-24T00:15:00Z
2026-09-24T00:14:21.923+00:00,KXBTC15M-26SEP232015-15,84380.99,0.0030,0.0040,0.0030,2855337.28,2026-09-24T00:00:00Z,2026-09-24T00:15:00Z
2026-09-24T00:14:24.067+00:00,KXBTC15M-26SEP232015-15,84380.99,0.0030,0.0040,0.0030,2855337.28,2026-09-24T00:00:00Z,2026-09-24T00:15:00Z
2026-09-24T00:14:26.203+00:00,KXBTC15M-26SEP232015-15,84380.99,0.0030,0.0040,0.0030,2855337.28,2026-09-24T00:00:00Z,2026-09-24T00:15:00Z
2026-09-24T00:14:28.341+00:00,KXBTC15M-26SEP232015-15,84380.99,0.0030,0.0040,0.0030,2855337.28,2026-09-24T00:00:00Z,2026-09-24T00:15:00Z
2026-09-24T00:14:30.482+00:00,KXBTC15M-26SEP232015-15,84380.99,0.0030,0.0040,0.0030,2855337.28,2026-09-24T00:00:00Z,2026-09-24T00:15:00Z
2026-09-24T00:14:32.621+00:00,KXBTC15M-26SEP232015-15,84380.99,0.0030,0.0040,0.0030,2855337.28,2026-09-24T00:00:00Z,2026-09-24T00:15:00Z
2026-09-24T00:14:34.769+00:00,KXBTC15M-26SEP232015-15,84380.99,0.0000,0.0010,0.0010,3125691.62,2026-09-24T00:00:00Z,2026-09-24T00:15:00Z
2026-09-24T00:14:36.910+00:00,KXBTC15M-26SEP232015-15,84380.99,0.0000,0.0010,0.0010,3125691.62,2026-09-24T00:00:00Z,2026-09-24T00:15:00Z
2026-09-24T00:14:39.049+00:00,KXBTC15M-26SEP232015-15,84380.99,0.0000,0.0010,0.0010,3125691.62,2026-09-24T00:00:00Z,2026-09-24T00:15:00Z
2026-09-24T00:14:41.188+00:00,KXBTC15M-26SEP232015-15,84380.99,0.0000,0.0010,0.0010,3125691.62,2026-09-24T00:00:00Z,2026-09-24T00:15:00Z
2026-09-24T00:14:43.328+00:00,KXBTC15M-26SEP232015-15,84380.99,0.0000,0.0010,0.0010,3125691.62,2026-09-24T00:00:00Z,2026-09-24T00:15:00Z
2026-09-24T00:14:45.470+00:00,KXBTC15M-26SEP232015-15,84380.99,0.0000,0.0010,0.0010,3278902.94,2026-09-24T00:00:00Z,2026-09-24T00:15:00Z
2026-09-24T00:14:47.611+00:00,KXBTC15M-26SEP232015-15,84380.99,0.0000,0.0010,0.0010,3278902.94,2026-09-24T00:00:00Z,2026-09-24T00:15:00Z
2026-09-24T00:14:49.752+00:00,KXBTC15M-26SEP232015-15,84380.99,0.0000,0.0010,0.0010,3278902.94,2026-09-24T00:00:00Z,2026-09-24T00:15:00Z
2026-09-24T00:14:51.892+00:00,KXBTC15M-26SEP232015-15,84380.99,0.0000,0.0010,0.0010,3278902.94,2026-09-24T00:00:00Z,2026-09-24T00:15:00Z
2026-09-24T00:14:54.035+00:00,KXBTC15M-26SEP232015-15,84380.99,0.0000,0.0010,0.0010,3278902.94,2026-09-24T00:00:00Z,2026-09-24T00:15:00Z
2026-09-24T00:14:56.177+00:00,KXBTC15M-26SEP232015-15,84380.99,0.0000,0.0010,0.0010,3317005.58,2026-09-24T00:00:00Z,2026-09-24T00:15:00Z
2026-09-24T00:14:58.315+00:00,KXBTC15M-26SEP232015-15,84380.99,0.0000,0.0010,0.0010,3317005.58,2026-09-24T00:00:00Z,2026-09-24T00:15:00Z
2026-09-24T00:15:00.456+00:00,KXBTC15M-26SEP232015-15,84380.99,0.0000,0.0010,0.0010,3317005.58,2026-09-24T00:00:00Z,2026-09-24T00:15:00Z
2026-09-24T00:15:02.643+00:00,KXBTC15M-26SEP232015-15,84380.99,0.0000,0.0010,0.0010,3317005.58,2026-09-24T00:00:00Z,2026-09-24T00:15:00Z
2026-09-24T00:15:04.843+00:00,KXBTC15M-26SEP232015-15,84380.99,0.0000,0.0010,0.0010,3317005.58,2026-09-24T00:00:00Z,2026-09-24T00:15:00Z
2026-09-24T00:15:07.049+00:00,KXBTC15M-26SEP232015-15,84380.99,0.0000,1.0000,0.0010,3327961.16,2026-09-24T00:00:00Z,2026-09-24T00:15:00Z
2026-09-24T00:15:09.190+00:00,KXBTC15M-26SEP232015-15,84380.99,0.0000,1.0000,0.0010,3327961.16,2026-09-24T00:00:00Z,2026-09-24T00:15:00Z
2026-09-24T00:15:11.326+00:00,KXBTC15M-26SEP232015-15,84380.99,0.0000,1.0000,0.0010,3327961.16,2026-09-24T00:00:00Z,2026-09-24T00:15:00Z
2026-09-24T00:15:13.468+00:00,KXBTC15M-26SEP232015-15,84380.99,0.0000,1.0000,0.0010,3327961.16,2026-09-24T00:00:00Z,2026-09-24T00:15:00Z
2026-09-24T00:15:15.616+00:00,KXBTC15M-26SEP232015-15,84380.99,0.0000,1.0000,0.0010,3327961.16,2026-09-24T00:00:00Z,2026-09-24T00:15:00Z
2026-09-24T00:15:17.760+00:00,KXBTC15M-26SEP232015-15,84380.99,0.0000,1.0000,0.0010,3327961.16,2026-09-24T00:00:00Z,2026-09-24T00:15:00Z
2026-09-24T00:15:19.951+00:00,KXBTC15M-26SEP232015-15,84380.99,0.0000,1.0000,0.0010,3327961.16,2026-09-24T00:00:00Z,2026-09-24T00:15:00Z
2026-09-24T00:15:22.094+00:00,KXBTC15M-26SEP232015-15,84380.99,0.0000,1.0000,0.0010,3327961.16,2026-09-24T00:00:00Z,2026-09-24T00:15:00Z
2026-09-24T00:15:24.231+00:00,KXBTC15M-26SEP232015-15,84380.99,0.0000,1.0000,0.0010,3327961.16,2026-09-24T00:00:00Z,2026-09-24T00:15:00Z
2026-09-24T00:15:26.374+00:00,KXBTC15M-26SEP232015-15,84380.99,0.0000,1.0000,0.0010,3327961.16,2026-09-24T00:00:00Z,2026-09-24T00:15:00Z
2026-09-24T00:15:28.645+00:00,KXBTC15M-26SEP232015-15,84380.99,0.0000,1.0000,0.0010,3327961.16,2026-09-24T00:00:00Z,2026-09-24T00:15:00Z
2026-09-24T00:15:30.793+00:00,KXBTC15M-26SEP232015-15,84380.99,0.0000,1.0000,0.0010,3327961.16,2026-09-24T00:00:00Z,2026-09-24T00:15:00Z
2026-09-24T00:15:32.930+00:00,KXBTC15M-26SEP232015-15,84380.99,0.0000,1.0000,0.0010,3327961.16,2026-09-24T00:00:00Z,2026-09-24T00:15:00Z
2026-09-24T00:15:35.080+00:00,KXBTC15M-26SEP232015-15,84380.99,0.0000,1.0000,0.0010,3327961.16,2026-09-24T00:00:00Z,2026-09-24T00:15:00Z
2026-09-24T00:15:37.219+00:00,KXBTC15M-26SEP232015-15,84380.99,0.0000,1.0000,0.0010,3327961.16,2026-09-24T00:00:00Z,2026-09-24T00:15:00Z
2026-09-24T00:15:39.426+00:00,KXBTC15M-26SEP232015-15,84380.99,0.0000,1.0000,0.0010,3327961.16,2026-09-24T00:00:00Z,2026-09-24T00:15:00Z
2026-09-24T00:15:41.575+00:00,KXBTC15M-26SEP232015-15,84380.99,0.0000,1.0000,0.0010,3327961.16,2026-09-24T00:00:00Z,2026-09-24T00:15:00Z
2026-09-24T00:15:43.720+00:00,KXBTC15M-26SEP232015-15,84380.99,0.0000,1.0000,0.0010,3327961.16,2026-09-24T00:00:00Z,2026-09-24T00:15:00Z
2026-09-24T00:15:45.856+00:00,KXBTC15M-26SEP232015-15,84380.99,0.0000,1.0000,0.0010,3327961.16,2026-09-24T00:00:00Z,2026-09-24T00:15:00Z
2026-09-24T00:15:47.996+00:00,KXBTC15M-26SEP232015-15,84380.99,0.0000,1.0000,0.0010,3327961.16,2026-09-24T00:00:00Z,2026-09-24T00:15:00Z
2026-09-24T00:15:50.135+00:00,KXBTC15M-26SEP232015-15,84380.99,0.0000,1.0000,0.0010,3327961.16,2026-09-24T00:00:00Z,2026-09-24T00:15:00Z
2026-09-24T00:15:52.276+00:00,KXBTC15M-26SEP232015-15,84380.99,0.0000,1.0000,0.0010,3327961.16,2026-09-24T00:00:00Z,2026-09-24T00:15:00Z
2026-09-24T00:15:54.419+00:00,KXBTC15M-26SEP232015-15,84380.99,0.0000,1.0000,0.0010,3327961.16,2026-09-24T00:00:00Z,2026-09-24T00:15:00Z
2026-09-24T00:15:56.560+00:00,KXBTC15M-26SEP232015-15,84380.99,0.0000,1.0000,0.0010,3327961.16,2026-09-24T00:00:00Z,2026-09-24T00:15:00Z
2026-09-24T00:15:58.702+00:00,KXBTC15M-26SEP232015-15,84380.99,0.0000,1.0000,0.0010,3327961.16,2026-09-24T00:00:00Z,2026-09-24T00:15:00Z
2026-09-24T00:16:00.908+00:00,KXBTC15M-26SEP232015-15,84380.99,0.0000,1.0000,0.0010,3327961.16,2026-09-24T00:00:00Z,2026-09-24T00:15:00Z
2026-09-24T00:16:03.045+00:00,KXBTC15M-26SEP232015-15,84380.99,0.0000,1.0000,0.0010,3327961.16,2026-09-24T00:00:00Z,2026-09-24T00:15:00Z
2026-09-24T00:16:05.194+00:00,KXBTC15M-26SEP232030-30,84345.33,0.7600,0.7700,0.7600,169100.86,2026-09-24T00:15:00Z,2026-09-24T00:30:00Z
2026-09-24T00:16:07.330+00:00,KXBTC15M-26SEP232030-30,84345.33,0.7600,0.7700,0.7600,169100.86,2026-09-24T00:15:00Z,2026-09-24T00:30:00Z
2026-09-24T00:16:09.471+00:00,KXBTC15M-26SEP232030-30,84345.33,0.7600,0.7700,0.7600,169100.86,2026-09-24T00:15:00Z,2026-09-24T00:30:00Z
2026-09-24T00:16:11.610+00:00,KXBTC15M-26SEP232030-30,84345.33,0.7600,0.7700,0.7600,169100.86,2026-09-24T00:15:00Z,2026-09-24T00:30:00Z
2026-09-24T00:16:13.749+00:00,KXBTC15M-26SEP232030-30,84345.33,0.7600,0.7700,0.7600,169100.86,2026-09-24T00:15:00Z,2026-09-24T00:30:00Z
2026-09-24T00:16:16.137+00:00,KXBTC15M-26SEP232030-30,84345.33,0.7200,0.7300,0.7200,199586.03,2026-09-24T00:15:00Z,2026-09-24T00:30:00Z
2026-09-24T00:16:18.281+00:00,KXBTC15M-26SEP232030-30,84345.33,0.7200,0.7300,0.7200,199586.03,2026-09-24T00:15:00Z,2026-09-24T00:30:00Z
2026-09-24T00:16:20.422+00:00,KXBTC15M-26SEP232030-30,84345.33,0.7200,0.7300,0.7200,199586.03,2026-09-24T00:15:00Z,2026-09-24T00:30:00Z
2026-09-24T00:16:22.563+00:00,KXBTC15M-26SEP232030-30,84345.33,0.7200,0.7300,0.7200,199586.03,2026-09-24T00:15:00Z,2026-09-24T00:30:00Z
2026-09-24T00:16:24.705+00:00,KXBTC15M-26SEP232030-30,84345.33,0.7200,0.7300,0.7200,199586.03,2026-09-24T00:15:00Z,2026-09-24T00:30:00Z
2026-09-24T00:16:26.844+00:00,KXBTC15M-26SEP232030-30,84345.33,0.7300,0.7400,0.7300,234117.40,2026-09-24T00:15:00Z,2026-09-24T00:30:00Z
2026-09-24T00:16:28.985+00:00,KXBTC15M-26SEP232030-30,84345.33,0.7300,0.7400,0.7300,234117.40,2026-09-24T00:15:00Z,2026-09-24T00:30:00Z
2026-09-24T00:16:31.129+00:00,KXBTC15M-26SEP232030-30,84345.33,0.7300,0.7400,0.7300,234117.40,2026-09-24T00:15:00Z,2026-09-24T00:30:00Z
2026-09-24T00:16:33.271+00:00,KXBTC15M-26SEP232030-30,84345.33,0.7300,0.7400,0.7300,234117.40,2026-09-24T00:15:00Z,2026-09-24T00:30:00Z
2026-09-24T00:16:35.425+00:00,KXBTC15M-26SEP232030-30,84345.33,0.7300,0.7400,0.7300,234117.40,2026-09-24T00:15:00Z,2026-09-24T00:30:00Z
2026-09-24T00:16:37.568+00:00,KXBTC15M-26SEP232030-30,84345.33,0.7200,0.7300,0.7200,249654.62,2026-09-24T00:15:00Z,2026-09-24T00:30:00Z
2026-09-24T00:16:39.710+00:00,KXBTC15M-26SEP232030-30,84345.33,0.7200,0.7300,0.7200,249654.62,2026-09-24T00:15:00Z,2026-09-24T00:30:00Z
2026-09-24T00:16:42.092+00:00,KXBTC15M-26SEP232030-30,84345.33,0.7200,0.7300,0.7200,249654.62,2026-09-24T00:15:00Z,2026-09-24T00:30:00Z
2026-09-24T00:16:44.234+00:00,KXBTC15M-26SEP232030-30,84345.33,0.7200,0.7300,0.7200,249654.62,2026-09-24T00:15:00Z,2026-09-24T00:30:00Z
2026-09-24T00:16:46.373+00:00,KXBTC15M-26SEP232030-30,84345.33,0.7200,0.7300,0.7200,249654.62,2026-09-24T00:15:00Z,2026-09-24T00:30:00Z
2026-09-24T00:16:48.514+00:00,KXBTC15M-26SEP232030-30,84345.33,0.7200,0.7300,0.7200,311507.36,2026-09-24T00:15:00Z,2026-09-24T00:30:00Z
2026-09-24T00:16:50.704+00:00,KXBTC15M-26SEP232030-30,84345.33,0.7200,0.7300,0.7200,311507.36,2026-09-24T00:15:00Z,2026-09-24T00:30:00Z
2026-09-24T00:16:52.854+00:00,KXBTC15M-26SEP232030-30,84345.33,0.7200,0.7300,0.7200,311507.36,2026-09-24T00:15:00Z,2026-09-24T00:30:00Z
2026-09-24T00:16:54.995+00:00,KXBTC15M-26SEP232030-30,84345.33,0.7200,0.7300,0.7200,311507.36,2026-09-24T00:15:00Z,2026-09-24T00:30:00Z
2026-09-24T00:16:57.147+00:00,KXBTC15M-26SEP232030-30,84345.33,0.7200,0.7300,0.7200,311507.36,2026-09-24T00:15:00Z,2026-09-24T00:30:00Z
2026-09-24T00:16:59.360+00:00,KXBTC15M-26SEP232030-30,84345.33,0.6400,0.6500,0.6400,335191.02,2026-09-24T00:15:00Z,2026-09-24T00:30:00Z
2026-09-24T00:17:01.498+00:00,KXBTC15M-26SEP232030-30,84345.33,0.6400,0.6500,0.6400,335191.02,2026-09-24T00:15:00Z,2026-09-24T00:30:00Z
2026-09-24T00:17:03.642+00:00,KXBTC15M-26SEP232030-30,84345.33,0.6400,0.6500,0.6400,335191.02,2026-09-24T00:15:00Z,2026-09-24T00:30:00Z
2026-09-24T00:17:05.798+00:00,KXBTC15M-26SEP232030-30,84345.33,0.6400,0.6500,0.6400,335191.02,2026-09-24T00:15:00Z,2026-09-24T00:30:00Z
2026-09-24T00:17:07.942+00:00,KXBTC15M-26SEP232030-30,84345.33,0.6700,0.6800,0.6700,364233.76,2026-09-24T00:15:00Z,2026-09-24T00:30:00Z
2026-09-24T00:17:10.080+00:00,KXBTC15M-26SEP232030-30,84345.33,0.6700,0.6800,0.6700,364233.76,2026-09-24T00:15:00Z,2026-09-24T00:30:00Z
2026-09-24T00:17:12.229+00:00,KXBTC15M-26SEP232030-30,84345.33,0.6700,0.6800,0.6700,364233.76,2026-09-24T00:15:00Z,2026-09-24T00:30:00Z
2026-09-24T00:17:14.370+00:00,KXBTC15M-26SEP232030-30,84345.33,0.6700,0.6800,0.6700,364233.76,2026-09-24T00:15:00Z,2026-09-24T00:30:00Z
2026-09-24T00:17:16.510+00:00,KXBTC15M-26SEP232030-30,84345.33,0.6700,0.6800,0.6700,364233.76,2026-09-24T00:15:00Z,2026-09-24T00:30:00Z
2026-09-24T00:17:18.650+00:00,KXBTC15M-26SEP232030-30,84345.33,0.6500,0.6600,0.6500,392786.27,2026-09-24T00:15:00Z,2026-09-24T00:30:00Z
2026-09-24T00:17:20.791+00:00,KXBTC15M-26SEP232030-30,84345.33,0.6500,0.6600,0.6500,392786.27,2026-09-24T00:15:00Z,2026-09-24T00:30:00Z
2026-09-24T00:17:22.929+00:00,KXBTC15M-26SEP232030-30,84345.33,0.6500,0.6600,0.6500,392786.27,2026-09-24T00:15:00Z,2026-09-24T00:30:00Z
2026-09-24T00:17:25.067+00:00,KXBTC15M-26SEP232030-30,84345.33,0.6500,0.6600,0.6500,392786.27,2026-09-24T00:15:00Z,2026-09-24T00:30:00Z
2026-09-24T00:17:27.205+00:00,KXBTC15M-26SEP232030-30,84345.33,0.6500,0.6600,0.6500,392786.27,2026-09-24T00:15:00Z,2026-09-24T00:30:00Z
2026-09-24T00:17:29.353+00:00,KXBTC15M-26SEP232030-30,84345.33,0.7000,0.7100,0.7000,429839.63,2026-09-24T00:15:00Z,2026-09-24T00:30:00Z
2026-09-24T00:17:31.507+00:00,KXBTC15M-26SEP232030-30,84345.33,0.7000,0.7100,0.7000,429839.63,2026-09-24T00:15:00Z,2026-09-24T00:30:00Z
2026-09-24T00:17:33.647+00:00,KXBTC15M-26SEP232030-30,84345.33,0.7000,0.7100,0.7000,429839.63,2026-09-24T00:15:00Z,2026-09-24T00:30:00Z
2026-09-24T00:17:35.796+00:00,KXBTC15M-26SEP232030-30,84345.33,0.7000,0.7100,0.7000,429839.63,2026-09-24T00:15:00Z,2026-09-24T00:30:00Z
2026-09-24T00:17:37.950+00:00,KXBTC15M-26SEP232030-30,84345.33,0.7000,0.7100,0.7000,429839.63,2026-09-24T00:15:00Z,2026-09-24T00:30:00Z
2026-09-24T00:17:40.090+00:00,KXBTC15M-26SEP232030-30,84345.33,0.7000,0.7100,0.7000,429839.63,2026-09-24T00:15:00Z,2026-09-24T00:30:00Z
2026-09-24T00:17:42.232+00:00,KXBTC15M-26SEP232030-30,84345.33,0.6700,0.6800,0.6800,463581.17,2026-09-24T00:15:00Z,2026-09-24T00:30:00Z
2026-09-24T00:17:44.371+00:00,KXBTC15M-26SEP232030-30,84345.33,0.6700,0.6800,0.6800,463581.17,2026-09-24T00:15:00Z,2026-09-24T00:30:00Z
2026-09-24T00:17:46.512+00:00,KXBTC15M-26SEP232030-30,84345.33,0.6700,0.6800,0.6800,463581.17,2026-09-24T00:15:00Z,2026-09-24T00:30:00Z
2026-09-24T00:17:48.653+00:00,KXBTC15M-26SEP232030-30,84345.33,0.6700,0.6800,0.6800,463581.17,2026-09-24T00:15:00Z,2026-09-24T00:30:00Z
2026-09-24T00:17:50.794+00:00,KXBTC15M-26SEP232030-30,84345.33,0.6700,0.6800,0.6800,463581.17,2026-09-24T00:15:00Z,2026-09-24T00:30:00Z
2026-09-24T00:17:52.952+00:00,KXBTC15M-26SEP232030-30,84345.33,0.6700,0.6800,0.6800,484508.51,2026-09-24T00:15:00Z,2026-09-24T00:30:00Z
2026-09-24T00:17:55.101+00:00,KXBTC15M-26SEP232030-30,84345.33,0.6700,0.6800,0.6800,484508.51,2026-09-24T00:15:00Z,2026-09-24T00:30:00Z
2026-09-24T00:17:57.245+00:00,KXBTC15M-26SEP232030-30,84345.33,0.6700,0.6800,0.6800,484508.51,2026-09-24T00:15:00Z,2026-09-24T00:30:00Z
2026-09-24T00:17:59.383+00:00,KXBTC15M-26SEP232030-30,84345.33,0.6700,0.6800,0.6800,484508.51,2026-09-24T00:15:00Z,2026-09-24T00:30:00Z
2026-09-24T00:18:01.527+00:00,KXBTC15M-26SEP232030-30,84345.33,0.6700,0.6800,0.6800,484508.51,2026-09-24T00:15:00Z,2026-09-24T00:30:00Z
2026-09-24T00:18:03.685+00:00,KXBTC15M-26SEP232030-30,84345.33,0.6800,0.6900,0.6900,519128.16,2026-09-24T00:15:00Z,2026-09-24T00:30:00Z
2026-09-24T00:18:05.837+00:00,KXBTC15M-26SEP232030-30,84345.33,0.6800,0.6900,0.6900,519128.16,2026-09-24T00:15:00Z,2026-09-24T00:30:00Z
2026-09-24T00:18:07.979+00:00,KXBTC15M-26SEP232030-30,84345.33,0.6800,0.6900,0.6900,519128.16,2026-09-24T00:15:00Z,2026-09-24T00:30:00Z
2026-09-24T00:18:10.125+00:00,KXBTC15M-26SEP232030-30,84345.33,0.6800,0.6900,0.6900,519128.16,2026-09-24T00:15:00Z,2026-09-24T00:30:00Z
2026-09-24T00:18:12.271+00:00,KXBTC15M-26SEP232030-30,84345.33,0.6800,0.6900,0.6900,519128.16,2026-09-24T00:15:00Z,2026-09-24T00:30:00Z
2026-09-24T00:18:14.532+00:00,KXBTC15M-26SEP232030-30,84345.33,0.7500,0.7600,0.7500,553960.92,2026-09-24T00:15:00Z,2026-09-24T00:30:00Z
2026-09-24T00:18:16.674+00:00,KXBTC15M-26SEP232030-30,84345.33,0.7500,0.7600,0.7500,553960.92,2026-09-24T00:15:00Z,2026-09-24T00:30:00Z
2026-09-24T00:18:18.828+00:00,KXBTC15M-26SEP232030-30,84345.33,0.7500,0.7600,0.7500,553960.92,2026-09-24T00:15:00Z,2026-09-24T00:30:00Z
2026-09-24T00:18:20.976+00:00,KXBTC15M-26SEP232030-30,84345.33,0.7500,0.7600,0.7500,553960.92,2026-09-24T00:15:00Z,2026-09-24T00:30:00Z
2026-09-24T00:18:23.366+00:00,KXBTC15M-26SEP232030-30,84345.33,0.7500,0.7600,0.7500,553960.92,2026-09-24T00:15:00Z,2026-09-24T00:30:00Z
2026-09-24T00:18:25.508+00:00,KXBTC15M-26SEP232030-30,84345.33,0.7600,0.7700,0.7700,579900.44,2026-09-24T00:15:00Z,2026-09-24T00:30:00Z
2026-09-24T00:18:27.654+00:00,KXBTC15M-26SEP232030-30,84345.33,0.7600,0.7700,0.7700,579900.44,2026-09-24T00:15:00Z,2026-09-24T00:30:00Z
2026-09-24T00:18:29.800+00:00,KXBTC15M-26SEP232030-30,84345.33,0.7600,0.7700,0.7700,579900.44,2026-09-24T00:15:00Z,2026-09-24T00:30:00Z
2026-09-24T00:18:32.188+00:00,KXBTC15M-26SEP232030-30,84345.33,0.7600,0.7700,0.7700,579900.44,2026-09-24T00:15:00Z,2026-09-24T00:30:00Z
2026-09-24T00:18:34.328+00:00,KXBTC15M-26SEP232030-30,84345.33,0.7600,0.7700,0.7700,579900.44,2026-09-24T00:15:00Z,2026-09-24T00:30:00Z
2026-09-24T00:18:36.478+00:00,KXBTC15M-26SEP232030-30,84345.33,0.7700,0.7800,0.7800,602572.66,2026-09-24T00:15:00Z,2026-09-24T00:30:00Z
2026-09-24T00:18:38.621+00:00,KXBTC15M-26SEP232030-30,84345.33,0.7700,0.7800,0.7800,602572.66,2026-09-24T00:15:00Z,2026-09-24T00:30:00Z
2026-09-24T00:18:40.761+00:00,KXBTC15M-26SEP232030-30,84345.33,0.7700,0.7800,0.7800,602572.66,2026-09-24T00:15:00Z,2026-09-24T00:30:00Z
2026-09-24T00:18:42.901+00:00,KXBTC15M-26SEP232030-30,84345.33,0.7700,0.7800,0.7800,602572.66,2026-09-24T00:15:00Z,2026-09-24T00:30:00Z
2026-09-24T00:18:45.041+00:00,KXBTC15M-26SEP232030-30,84345.33,0.7700,0.7800,0.7800,602572.66,2026-09-24T00:15:00Z,2026-09-24T00:30:00Z
2026-09-24T00:18:47.180+00:00,KXBTC15M-26SEP232030-30,84345.33,0.7600,0.7700,0.7600,647539.07,2026-09-24T00:15:00Z,2026-09-24T00:30:00Z
2026-09-24T00:18:49.395+00:00,KXBTC15M-26SEP232030-30,84345.33,0.7600,0.7700,0.7600,647539.07,2026-09-24T00:15:00Z,2026-09-24T00:30:00Z
2026-09-24T00:18:51.537+00:00,KXBTC15M-26SEP232030-30,84345.33,0.7600,0.7700,0.7600,647539.07,2026-09-24T00:15:00Z,2026-09-24T00:30:00Z
2026-09-24T00:18:53.677+00:00,KXBTC15M-26SEP232030-30,84345.33,0.7600,0.7700,0.7600,647539.07,2026-09-24T00:15:00Z,2026-09-24T00:30:00Z
2026-09-24T00:18:55.838+00:00,KXBTC15M-26SEP232030-30,84345.33,0.7600,0.7700,0.7600,647539.07,2026-09-24T00:15:00Z,2026-09-24T00:30:00Z
2026-09-24T00:18:58.048+00:00,KXBTC15M-26SEP232030-30,84345.33,0.7200,0.7300,0.7300,669013.11,2026-09-24T00:15:00Z,2026-09-24T00:30:00Z
2026-09-24T00:19:00.206+00:00,KXBTC15M-26SEP232030-30,84345.33,0.7200,0.7300,0.7300,669013.11,2026-09-24T00:15:00Z,2026-09-24T00:30:00Z
2026-09-24T00:19:02.352+00:00,KXBTC15M-26SEP232030-30,84345.33,0.7200,0.7300,0.7300,669013.11,2026-09-24T00:15:00Z,2026-09-24T00:30:00Z
2026-09-24T00:19:04.494+00:00,KXBTC15M-26SEP232030-30,84345.33,0.7200,0.7300,0.7300,669013.11,2026-09-24T00:15:00Z,2026-09-24T00:30:00Z
2026-09-24T00:19:06.655+00:00,KXBTC15M-26SEP232030-30,84345.33,0.7200,0.7300,0.7300,669013.11,2026-09-24T00:15:00Z,2026-09-24T00:30:00Z
2026-09-24T00:19:08.797+00:00,KXBTC15M-26SEP232030-30,84345.33,0.7500,0.7600,0.7500,681916.79,2026-09-24T00:15:00Z,2026-09-24T00:30:00Z
2026-09-24T00:19:10.940+00:00,KXBTC15M-26SEP232030-30,84345.33,0.7500,0.7600,0.7500,681916.79,2026-09-24T00:15:00Z,2026-09-24T00:30:00Z
2026-09-24T00:19:13.081+00:00,KXBTC15M-26SEP232030-30,84345.33,0.7500,0.7600,0.7500,681916.79,2026-09-24T00:15:00Z,2026-09-24T00:30:00Z
2026-09-24T00:19:15.462+00:00,KXBTC15M-26SEP232030-30,84345.33,0.7500,0.7600,0.7500,681916.79,2026-09-24T00:15:00Z,2026-09-24T00:30:00Z
2026-09-24T00:19:17.602+00:00,KXBTC15M-26SEP232030-30,84345.33,0.7500,0.7600,0.7500,681916.79,2026-09-24T00:15:00Z,2026-09-24T00:30:00Z
2026-09-24T00:19:19.750+00:00,KXBTC15M-26SEP232030-30,84345.33,0.7300,0.7400,0.7300,715770.48,2026-09-24T00:15:00Z,2026-09-24T00:30:00Z
2026-09-24T00:19:22.132+00:00,KXBTC15M-26SEP232030-30,84345.33,0.7300,0.7400,0.7300,715770.48,2026-09-24T00:15:00Z,2026-09-24T00:30:00Z
2026-09-24T00:19:24.271+00:00,KXBTC15M-26SEP232030-30,84345.33,0.7300,0.7400,0.7300,715770.48,2026-09-24T00:15:00Z,2026-09-24T00:30:00Z
2026-09-24T00:19:26.458+00:00,KXBTC15M-26SEP232030-30,84345.33,0.7300,0.7400,0.7300,715770.48,2026-09-24T00:15:00Z,2026-09-24T00:30:00Z
2026-09-24T00:19:28.600+00:00,KXBTC15M-26SEP232030-30,84345.33,0.7300,0.7400,0.7300,715770.48,2026-09-24T00:15:00Z,2026-09-24T00:30:00Z
2026-09-24T00:19:30.998+00:00,KXBTC15M-26SEP232030-30,84345.33,0.7900,0.8000,0.7900,757460.29,2026-09-24T00:15:00Z,2026-09-24T00:30:00Z
2026-09-24T00:19:33.135+00:00,KXBTC15M-26SEP232030-30,84345.33,0.7900,0.8000,0.7900,757460.29,2026-09-24T00:15:00Z,2026-09-24T00:30:00Z
2026-09-24T00:19:35.325+00:00,KXBTC15M-26SEP232030-30,84345.33,0.7900,0.8000,0.7900,757460.29,2026-09-24T00:15:00Z,2026-09-24T00:30:00Z
2026-09-24T00:19:37.521+00:00,KXBTC15M-26SEP232030-30,84345.33,0.7900,0.8000,0.7900,757460.29,2026-09-24T00:15:00Z,2026-09-24T00:30:00Z
2026-09-24T00:19:39.658+00:00,KXBTC15M-26SEP232030-30,84345.33,0.7900,0.8000,0.7900,757460.29,2026-09-24T00:15:00Z,2026-09-24T00:30:00Z
2026-09-24T00:19:42.043+00:00,KXBTC15M-26SEP232030-30,84345.33,0.7900,0.8000,0.8000,831818.88,2026-09-24T00:15:00Z,2026-09-24T00:30:00Z
2026-09-24T00:19:44.338+00:00,KXBTC15M-26SEP232030-30,84345.33,0.7900,0.8000,0.8000,831818.88,2026-09-24T00:15:00Z,2026-09-24T00:30:00Z
2026-09-24T00:19:46.477+00:00,KXBTC15M-26SEP232030-30,84345.33,0.7900,0.8000,0.8000,831818.88,2026-09-24T00:15:00Z,2026-09-24T00:30:00Z
2026-09-24T00:19:48.622+00:00,KXBTC15M-26SEP232030-30,84345.33,0.7900,0.8000,0.8000,831818.88,2026-09-24T00:15:00Z,2026-09-24T00:30:00Z
2026-09-24T00:19:51.010+00:00,KXBTC15M-26SEP232030-30,84345.33,0.7900,0.8000,0.8000,831818.88,2026-09-24T00:15:00Z,2026-09-24T00:30:00Z
2026-09-24T00:19:53.158+00:00,KXBTC15M-26SEP232030-30,84345.33,0.7900,0.8000,0.8000,831818.88,2026-09-24T00:15:00Z,2026-09-24T00:30:00Z
2026-09-24T00:19:55.309+00:00,KXBTC15M-26SEP232030-30,84345.33,0.8000,0.8100,0.8000,850978.25,2026-09-24T00:15:00Z,2026-09-24T00:30:00Z
2026-09-24T00:19:57.531+00:00,KXBTC15M-26SEP232030-30,84345.33,0.8000,0.8100,0.8000,850978.25,2026-09-24T00:15:00Z,2026-09-24T00:30:00Z
2026-09-24T00:19:59.670+00:00,KXBTC15M-26SEP232030-30,84345.33,0.8000,0.8100,0.8000,850978.25,2026-09-24T00:15:00Z,2026-09-24T00:30:00Z
2026-09-24T00:20:01.810+00:00,KXBTC15M-26SEP232030-30,84345.33,0.8000,0.8100,0.8000,850978.25,2026-09-24T00:15:00Z,2026-09-24T00:30:00Z
2026-09-24T00:20:03.956+00:00,KXBTC15M-26SEP232030-30,84345.33,0.8000,0.8100,0.8000,850978.25,2026-09-24T00:15:00Z,2026-09-24T00:30:00Z
2026-09-24T00:20:06.094+00:00,KXBTC15M-26SEP232030-30,84345.33,0.8000,0.8100,0.8000,881208.60,2026-09-24T00:15:00Z,2026-09-24T00:30:00Z
2026-09-24T00:20:08.248+00:00,KXBTC15M-26SEP232030-30,84345.33,0.8000,0.8100,0.8000,881208.60,2026-09-24T00:15:00Z,2026-09-24T00:30:00Z
2026-09-24T00:20:10.388+00:00,KXBTC15M-26SEP232030-30,84345.33,0.8000,0.8100,0.8000,881208.60,2026-09-24T00:15:00Z,2026-09-24T00:30:00Z
2026-09-24T00:20:12.533+00:00,KXBTC15M-26SEP232030-30,84345.33,0.8000,0.8100,0.8000,881208.60,2026-09-24T00:15:00Z,2026-09-24T00:30:00Z
2026-09-24T00:20:14.690+00:00,KXBTC15M-26SEP232030-30,84345.33,0.8000,0.8100,0.8000,881208.60,2026-09-24T00:15:00Z,2026-09-24T00:30:00Z
2026-09-24T00:20:17.113+00:00,KXBTC15M-26SEP232030-30,84345.33,0.8100,0.8200,0.8100,910151.46,2026-09-24T00:15:00Z,2026-09-24T00:30:00Z
2026-09-24T00:20:19.254+00:00,KXBTC15M-26SEP232030-30,84345.33,0.8100,0.8200,0.8100,910151.46,2026-09-24T00:15:00Z,2026-09-24T00:30:00Z
2026-09-24T00:20:21.395+00:00,KXBTC15M-26SEP232030-30,84345.33,0.8100,0.8200,0.8100,910151.46,2026-09-24T00:15:00Z,2026-09-24T00:30:00Z
2026-09-24T00:20:23.537+00:00,KXBTC15M-26SEP232030-30,84345.33,0.8100,0.8200,0.8100,910151.46,2026-09-24T00:15:00Z,2026-09-24T00:30:00Z
2026-09-24T00:20:25.934+00:00,KXBTC15M-26SEP232030-30,84345.33,0.8100,0.8200,0.8100,910151.46,2026-09-24T00:15:00Z,2026-09-24T00:30:00Z
2026-09-24T00:20:28.082+00:00,KXBTC15M-26SEP232030-30,84345.33,0.8200,0.8300,0.8200,925561.80,2026-09-24T00:15:00Z,2026-09-24T00:30:00Z
2026-09-24T00:20:30.492+00:00,KXBTC15M-26SEP232030-30,84345.33,0.8200,0.8300,0.8200,925561.80,2026-09-24T00:15:00Z,2026-09-24T00:30:00Z
2026-09-24T00:20:32.638+00:00,KXBTC15M-26SEP232030-30,84345.33,0.8200,0.8300,0.8200,925561.80,2026-09-24T00:15:00Z,2026-09-24T00:30:00Z
2026-09-24T00:20:34.778+00:00,KXBTC15M-26SEP232030-30,84345.33,0.8200,0.8300,0.8200,925561.80,2026-09-24T00:15:00Z,2026-09-24T00:30:00Z
2026-09-24T00:20:36.917+00:00,KXBTC15M-26SEP232030-30,84345.33,0.8200,0.8300,0.8200,925561.80,2026-09-24T00:15:00Z,2026-09-24T00:30:00Z
2026-09-24T00:20:39.321+00:00,KXBTC15M-26SEP232030-30,84345.33,0.7700,0.7800,0.7700,939489.66,2026-09-24T00:15:00Z,2026-09-24T00:30:00Z
2026-09-24T00:20:41.483+00:00,KXBTC15M-26SEP232030-30,84345.33,0.7700,0.7800,0.7700,939489.66,2026-09-24T00:15:00Z,2026-09-24T00:30:00Z
2026-09-24T00:20:43.627+00:00,KXBTC15M-26SEP232030-30,84345.33,0.7700,0.7800,0.7700,939489.66,2026-09-24T00:15:00Z,2026-09-24T00:30:00Z
2026-09-24T00:20:45.768+00:00,KXBTC15M-26SEP232030-30,84345.33,0.7700,0.7800,0.7700,939489.66,2026-09-24T00:15:00Z,2026-09-24T00:30:00Z
2026-09-24T00:20:47.908+00:00,KXBTC15M-26SEP232030-30,84345.33,0.7700,0.7800,0.7700,949218.69,2026-09-24T00:15:00Z,2026-09-24T00:30:00Z
2026-09-24T00:20:50.043+00:00,KXBTC15M-26SEP232030-30,84345.33,0.7700,0.7800,0.7700,949218.69,2026-09-24T00:15:00Z,2026-09-24T00:30:00Z
2026-09-24T00:20:52.185+00:00,KXBTC15M-26SEP232030-30,84345.33,0.7700,0.7800,0.7700,949218.69,2026-09-24T00:15:00Z,2026-09-24T00:30:00Z
2026-09-24T00:20:54.365+00:00,KXBTC15M-26SEP232030-30,84345.33,0.7700,0.7800,0.7700,949218.69,2026-09-24T00:15:00Z,2026-09-24T00:30:00Z
2026-09-24T00:20:56.502+00:00,KXBTC15M-26SEP232030-30,84345.33,0.7700,0.7800,0.7700,949218.69,2026-09-24T00:15:00Z,2026-09-24T00:30:00Z
2026-09-24T00:20:58.646+00:00,KXBTC15M-26SEP232030-30,84345.33,0.7700,0.7800,0.7700,949218.69,2026-09-24T00:15:00Z,2026-09-24T00:30:00Z
2026-09-24T00:21:01.046+00:00,KXBTC15M-26SEP232030-30,84345.33,0.7100,0.7200,0.7200,964604.94,2026-09-24T00:15:00Z,2026-09-24T00:30:00Z
2026-09-24T00:21:03.184+00:00,KXBTC15M-26SEP232030-30,84345.33,0.7100,0.7200,0.7200,964604.94,2026-09-24T00:15:00Z,2026-09-24T00:30:00Z
2026-09-24T00:21:05.334+00:00,KXBTC15M-26SEP232030-30,84345.33,0.7100,0.7200,0.7200,964604.94,2026-09-24T00:15:00Z,2026-09-24T00:30:00Z
2026-09-24T00:21:07.480+00:00,KXBTC15M-26SEP232030-30,84345.33,0.7100,0.7200,0.7200,964604.94,2026-09-24T00:15:00Z,2026-09-24T00:30:00Z
2026-09-24T00:21:09.637+00:00,KXBTC15M-26SEP232030-30,84345.33,0.7100,0.7200,0.7200,964604.94,2026-09-24T00:15:00Z,2026-09-24T00:30:00Z
2026-09-24T00:21:11.779+00:00,KXBTC15M-26SEP232030-30,84345.33,0.7000,0.7100,0.7100,1001136.60,2026-09-24T00:15:00Z,2026-09-24T00:30:00Z
2026-09-24T00:21:13.921+00:00,KXBTC15M-26SEP232030-30,84345.33,0.7000,0.7100,0.7100,1001136.60,2026-09-24T00:15:00Z,2026-09-24T00:30:00Z
2026-09-24T00:21:16.069+00:00,KXBTC15M-26SEP232030-30,84345.33,0.7000,0.7100,0.7100,1001136.60,2026-09-24T00:15:00Z,2026-09-24T00:30:00Z
2026-09-24T00:21:18.211+00:00,KXBTC15M-26SEP232030-30,84345.33,0.7000,0.7100,0.7100,1001136.60,2026-09-24T00:15:00Z,2026-09-24T00:30:00Z
2026-09-24T00:21:20.375+00:00,KXBTC15M-26SEP232030-30,84345.33,0.7000,0.7100,0.7100,1001136.60,2026-09-24T00:15:00Z,2026-09-24T00:30:00Z
2026-09-24T00:21:22.513+00:00,KXBTC15M-26SEP232030-30,84345.33,0.6300,0.6400,0.6400,1033036.20,2026-09-24T00:15:00Z,2026-09-24T00:30:00Z
2026-09-24T00:21:24.667+00:00,KXBTC15M-26SEP232030-30,84345.33,0.6300,0.6400,0.6400,1033036.20,2026-09-24T00:15:00Z,2026-09-24T00:30:00Z
2026-09-24T00:21:26.809+00:00,KXBTC15M-26SEP232030-30,84345.33,0.6300,0.6400,0.6400,1033036.20,2026-09-24T00:15:00Z,2026-09-24T00:30:00Z
2026-09-24T00:21:28.952+00:00,KXBTC15M-26SEP232030-30,84345.33,0.6300,0.6400,0.6400,1033036.20,2026-09-24T00:15:00Z,2026-09-24T00:30:00Z
2026-09-24T00:21:31.337+00:00,KXBTC15M-26SEP232030-30,84345.33,0.6300,0.6400,0.6400,1033036.20,2026-09-24T00:15:00Z,2026-09-24T00:30:00Z
2026-09-24T00:21:33.740+00:00,KXBTC15M-26SEP232030-30,84345.33,0.6300,0.6400,0.6300,1059470.64,2026-09-24T00:15:00Z,2026-09-24T00:30:00Z
2026-09-24T00:21:36.126+00:00,KXBTC15M-26SEP232030-30,84345.33,0.6300,0.6400,0.6300,1059470.64,2026-09-24T00:15:00Z,2026-09-24T00:30:00Z
2026-09-24T00:21:38.271+00:00,KXBTC15M-26SEP232030-30,84345.33,0.6300,0.6400,0.6300,1059470.64,2026-09-24T00:15:00Z,2026-09-24T00:30:00Z
2026-09-24T00:21:40.425+00:00,KXBTC15M-26SEP232030-30,84345.33,0.6300,0.6400,0.6300,1059470.64,2026-09-24T00:15:00Z,2026-09-24T00:30:00Z
2026-09-24T00:21:42.565+00:00,KXBTC15M-26SEP232030-30,84345.33,0.6300,0.6400,0.6300,1059470.64,2026-09-24T00:15:00Z,2026-09-24T00:30:00Z
2026-09-24T00:21:44.706+00:00,KXBTC15M-26SEP232030-30,84345.33,0.7100,0.7200,0.7200,1073434.05,2026-09-24T00:15:00Z,2026-09-24T00:30:00Z
2026-09-24T00:21:46.846+00:00,KXBTC15M-26SEP232030-30,84345.33,0.7100,0.7200,0.7200,1073434.05,2026-09-24T00:15:00Z,2026-09-24T00:30:00Z
2026-09-24T00:21:48.985+00:00,KXBTC15M-26SEP232030-30,84345.33,0.7100,0.7200,0.7200,1073434.05,2026-09-24T00:15:00Z,2026-09-24T00:30:00Z
2026-09-24T00:21:51.123+00:00,KXBTC15M-26SEP232030-30,84345.33,0.7100,0.7200,0.7200,1073434.05,2026-09-24T00:15:00Z,2026-09-24T00:30:00Z
2026-09-24T00:21:53.268+00:00,KXBTC15M-26SEP232030-30,84345.33,0.7100,0.7200,0.7200,1073434.05,2026-09-24T00:15:00Z,2026-09-24T00:30:00Z
2026-09-24T00:21:55.410+00:00,KXBTC15M-26SEP232030-30,84345.33,0.7500,0.7600,0.7600,1095673.19,2026-09-24T00:15:00Z,2026-09-24T00:30:00Z
2026-09-24T00:21:57.546+00:00,KXBTC15M-26SEP232030-30,84345.33,0.7500,0.7600,0.7600,1095673.19,2026-09-24T00:15:00Z,2026-09-24T00:30:00Z
2026-09-24T00:21:59.691+00:00,KXBTC15M-26SEP232030-30,84345.33,0.7500,0.7600,0.7600,1095673.19,2026-09-24T00:15:00Z,2026-09-24T00:30:00Z
2026-09-24T00:22:01.833+00:00,KXBTC15M-26SEP232030-30,84345.33,0.7500,0.7600,0.7600,1095673.19,2026-09-24T00:15:00Z,2026-09-24T00:30:00Z
2026-09-24T00:22:04.026+00:00,KXBTC15M-26SEP232030-30,84345.33,0.7500,0.7600,0.7600,1095673.19,2026-09-24T00:15:00Z,2026-09-24T00:30:00Z
2026-09-24T00:22:06.170+00:00,KXBTC15M-26SEP232030-30,84345.33,0.7800,0.7900,0.7800,1118308.15,2026-09-24T00:15:00Z,2026-09-24T00:30:00Z
2026-09-24T00:22:08.308+00:00,KXBTC15M-26SEP232030-30,84345.33,0.7800,0.7900,0.7800,1118308.15,2026-09-24T00:15:00Z,2026-09-24T00:30:00Z
2026-09-24T00:22:10.455+00:00,KXBTC15M-26SEP232030-30,84345.33,0.7800,0.7900,0.7800,1118308.15,2026-09-24T00:15:00Z,2026-09-24T00:30:00Z
2026-09-24T00:22:12.595+00:00,KXBTC15M-26SEP232030-30,84345.33,0.7800,0.7900,0.7800,1118308.15,2026-09-24T00:15:00Z,2026-09-24T00:30:00Z
2026-09-24T00:22:14.737+00:00,KXBTC15M-26SEP232030-30,84345.33,0.7800,0.7900,0.7800,1118308.15,2026-09-24T00:15:00Z,2026-09-24T00:30:00Z
2026-09-24T00:22:16.878+00:00,KXBTC15M-26SEP232030-30,84345.33,0.7900,0.8000,0.8000,1137197.56,2026-09-24T00:15:00Z,2026-09-24T00:30:00Z
2026-09-24T00:22:19.024+00:00,KXBTC15M-26SEP232030-30,84345.33,0.7900,0.8000,0.8000,1137197.56,2026-09-24T00:15:00Z,2026-09-24T00:30:00Z
2026-09-24T00:22:21.163+00:00,KXBTC15M-26SEP232030-30,84345.33,0.7900,0.8000,0.8000,1137197.56,2026-09-24T00:15:00Z,2026-09-24T00:30:00Z
2026-09-24T00:22:23.316+00:00,KXBTC15M-26SEP232030-30,84345.33,0.7900,0.8000,0.8000,1137197.56,2026-09-24T00:15:00Z,2026-09-24T00:30:00Z
2026-09-24T00:22:25.489+00:00,KXBTC15M-26SEP232030-30,84345.33,0.7900,0.8000,0.8000,1137197.56,2026-09-24T00:15:00Z,2026-09-24T00:30:00Z
2026-09-24T00:22:27.638+00:00,KXBTC15M-26SEP232030-30,84345.33,0.6200,0.6300,0.6300,1169989.22,2026-09-24T00:15:00Z,2026-09-24T00:30:00Z
2026-09-24T00:22:29.842+00:00,KXBTC15M-26SEP232030-30,84345.33,0.6200,0.6300,0.6300,1169989.22,2026-09-24T00:15:00Z,2026-09-24T00:30:00Z
2026-09-24T00:22:32.151+00:00,KXBTC15M-26SEP232030-30,84345.33,0.6200,0.6300,0.6300,1169989.22,2026-09-24T00:15:00Z,2026-09-24T00:30:00Z
2026-09-24T00:22:34.291+00:00,KXBTC15M-26SEP232030-30,84345.33,0.6200,0.6300,0.6300,1169989.22,2026-09-24T00:15:00Z,2026-09-24T00:30:00Z
2026-09-24T00:22:36.436+00:00,KXBTC15M-26SEP232030-30,84345.33,0.6200,0.6300,0.6300,1169989.22,2026-09-24T00:15:00Z,2026-09-24T00:30:00Z
2026-09-24T00:22:38.657+00:00,KXBTC15M-26SEP232030-30,84345.33,0.6600,0.6700,0.6700,1197349.57,2026-09-24T00:15:00Z,2026-09-24T00:30:00Z
2026-09-24T00:22:40.865+00:00,KXBTC15M-26SEP232030-30,84345.33,0.6600,0.6700,0.6700,1197349.57,2026-09-24T00:15:00Z,2026-09-24T00:30:00Z
2026-09-24T00:22:43.044+00:00,KXBTC15M-26SEP232030-30,84345.33,0.6600,0.6700,0.6700,1197349.57,2026-09-24T00:15:00Z,2026-09-24T00:30:00Z
2026-09-24T00:22:45.312+00:00,KXBTC15M-26SEP232030-30,84345.33,0.6600,0.6700,0.6700,1197349.57,2026-09-24T00:15:00Z,2026-09-24T00:30:00Z
2026-09-24T00:22:47.451+00:00,KXBTC15M-26SEP232030-30,84345.33,0.6600,0.6700,0.6700,1197349.57,2026-09-24T00:15:00Z,2026-09-24T00:30:00Z
2026-09-24T00:22:49.661+00:00,KXBTC15M-26SEP232030-30,84345.33,0.6400,0.6500,0.6400,1215280.37,2026-09-24T00:15:00Z,2026-09-24T00:30:00Z
2026-09-24T00:22:51.807+00:00,KXBTC15M-26SEP232030-30,84345.33,0.6400,0.6500,0.6400,1215280.37,2026-09-24T00:15:00Z,2026-09-24T00:30:00Z
2026-09-24T00:22:53.947+00:00,KXBTC15M-26SEP232030-30,84345.33,0.6400,0.6500,0.6400,1215280.37,2026-09-24T00:15:00Z,2026-09-24T00:30:00Z
2026-09-24T00:22:56.088+00:00,KXBTC15M-26SEP232030-30,84345.33,0.6400,0.6500,0.6400,1215280.37,2026-09-24T00:15:00Z,2026-09-24T00:30:00Z
2026-09-24T00:22:58.239+00:00,KXBTC15M-26SEP232030-30,84345.33,0.6400,0.6500,0.6400,1215280.37,2026-09-24T00:15:00Z,2026-09-24T00:30:00Z
2026-09-24T00:23:00.400+00:00,KXBTC15M-26SEP232030-30,84345.33,0.4000,0.4100,0.4100,1245534.30,2026-09-24T00:15:00Z,2026-09-24T00:30:00Z
2026-09-24T00:23:02.545+00:00,KXBTC15M-26SEP232030-30,84345.33,0.4000,0.4100,0.4100,1245534.30,2026-09-24T00:15:00Z,2026-09-24T00:30:00Z
2026-09-24T00:23:04.682+00:00,KXBTC15M-26SEP232030-30,84345.33,0.4000,0.4100,0.4100,1245534.30,2026-09-24T00:15:00Z,2026-09-24T00:30:00Z
2026-09-24T00:23:06.825+00:00,KXBTC15M-26SEP232030-30,84345.33,0.4000,0.4100,0.4100,1245534.30,2026-09-24T00:15:00Z,2026-09-24T00:30:00Z
2026-09-24T00:23:08.968+00:00,KXBTC15M-26SEP232030-30,84345.33,0.4000,0.4100,0.4100,1245534.30,2026-09-24T00:15:00Z,2026-09-24T00:30:00Z
2026-09-24T00:23:11.126+00:00,KXBTC15M-26SEP232030-30,84345.33,0.3800,0.3900,0.3900,1366256.76,2026-09-24T00:15:00Z,2026-09-24T00:30:00Z
2026-09-24T00:23:13.267+00:00,KXBTC15M-26SEP232030-30,84345.33,0.3800,0.3900,0.3900,1366256.76,2026-09-24T00:15:00Z,2026-09-24T00:30:00Z
2026-09-24T00:23:15.409+00:00,KXBTC15M-26SEP232030-30,84345.33,0.3800,0.3900,0.3900,1366256.76,2026-09-24T00:15:00Z,2026-09-24T00:30:00Z
2026-09-24T00:23:17.546+00:00,KXBTC15M-26SEP232030-30,84345.33,0.3800,0.3900,0.3900,1366256.76,2026-09-24T00:15:00Z,2026-09-24T00:30:00Z
2026-09-24T00:23:19.689+00:00,KXBTC15M-26SEP232030-30,84345.33,0.3800,0.3900,0.3900,1366256.76,2026-09-24T00:15:00Z,2026-09-24T00:30:00Z
2026-09-24T00:23:21.827+00:00,KXBTC15M-26SEP232030-30,84345.33,0.4300,0.4400,0.4300,1398787.77,2026-09-24T00:15:00Z,2026-09-24T00:30:00Z
2026-09-24T00:23:23.975+00:00,KXBTC15M-26SEP232030-30,84345.33,0.4300,0.4400,0.4300,1398787.77,2026-09-24T00:15:00Z,2026-09-24T00:30:00Z
2026-09-24T00:23:26.133+00:00,KXBTC15M-26SEP232030-30,84345.33,0.4300,0.4400,0.4300,1398787.77,2026-09-24T00:15:00Z,2026-09-24T00:30:00Z
2026-09-24T00:23:28.278+00:00,KXBTC15M-26SEP232030-30,84345.33,0.4300,0.4400,0.4300,1398787.77,2026-09-24T00:15:00Z,2026-09-24T00:30:00Z
2026-09-24T00:23:30.479+00:00,KXBTC15M-26SEP232030-30,84345.33,0.4300,0.4400,0.4300,1398787.77,2026-09-24T00:15:00Z,2026-09-24T00:30:00Z
2026-09-24T00:23:32.622+00:00,KXBTC15M-26SEP232030-30,84345.33,0.4600,0.4700,0.4600,1442578.12,2026-09-24T00:15:00Z,2026-09-24T00:30:00Z
2026-09-24T00:23:34.767+00:00,KXBTC15M-26SEP232030-30,84345.33,0.4600,0.4700,0.4600,1442578.12,2026-09-24T00:15:00Z,2026-09-24T00:30:00Z
2026-09-24T00:23:36.924+00:00,KXBTC15M-26SEP232030-30,84345.33,0.4600,0.4700,0.4600,1442578.12,2026-09-24T00:15:00Z,2026-09-24T00:30:00Z
2026-09-24T00:23:39.065+00:00,KXBTC15M-26SEP232030-30,84345.33,0.4600,0.4700,0.4600,1442578.12,2026-09-24T00:15:00Z,2026-09-24T00:30:00Z
2026-09-24T00:23:41.222+00:00,KXBTC15M-26SEP232030-30,84345.33,0.4600,0.4700,0.4600,1442578.12,2026-09-24T00:15:00Z,2026-09-24T00:30:00Z
2026-09-24T00:23:43.358+00:00,KXBTC15M-26SEP232030-30,84345.33,0.4600,0.4700,0.4600,1472984.23,2026-09-24T00:15:00Z,2026-09-24T00:30:00Z
2026-09-24T00:23:45.591+00:00,KXBTC15M-26SEP232030-30,84345.33,0.4600,0.4700,0.4600,1472984.23,2026-09-24T00:15:00Z,2026-09-24T00:30:00Z
2026-09-24T00:23:47.731+00:00,KXBTC15M-26SEP232030-30,84345.33,0.4600,0.4700,0.4600,1472984.23,2026-09-24T00:15:00Z,2026-09-24T00:30:00Z
2026-09-24T00:23:49.867+00:00,KXBTC15M-26SEP232030-30,84345.33,0.4600,0.4700,0.4600,1472984.23,2026-09-24T00:15:00Z,2026-09-24T00:30:00Z
2026-09-24T00:23:52.009+00:00,KXBTC15M-26SEP232030-30,84345.33,0.4600,0.4700,0.4600,1472984.23,2026-09-24T00:15:00Z,2026-09-24T00:30:00Z
2026-09-24T00:23:54.153+00:00,KXBTC15M-26SEP232030-30,84345.33,0.5300,0.5400,0.5300,1507535.67,2026-09-24T00:15:00Z,2026-09-24T00:30:00Z
2026-09-24T00:23:56.295+00:00,KXBTC15M-26SEP232030-30,84345.33,0.5300,0.5400,0.5300,1507535.67,2026-09-24T00:15:00Z,2026-09-24T00:30:00Z
2026-09-24T00:23:58.432+00:00,KXBTC15M-26SEP232030-30,84345.33,0.5300,0.5400,0.5300,1507535.67,2026-09-24T00:15:00Z,2026-09-24T00:30:00Z
2026-09-24T00:24:00.575+00:00,KXBTC15M-26SEP232030-30,84345.33,0.5300,0.5400,0.5300,1507535.67,2026-09-24T00:15:00Z,2026-09-24T00:30:00Z
2026-09-24T00:24:02.716+00:00,KXBTC15M-26SEP232030-30,84345.33,0.5300,0.5400,0.5300,1507535.67,2026-09-24T00:15:00Z,2026-09-24T00:30:00Z
2026-09-24T00:24:04.853+00:00,KXBTC15M-26SEP232030-30,84345.33,0.5300,0.5400,0.5300,1507535.67,2026-09-24T00:15:00Z,2026-09-24T00:30:00Z
2026-09-24T00:24:06.992+00:00,KXBTC15M-26SEP232030-30,84345.33,0.4900,0.5000,0.5000,1534452.20,2026-09-24T00:15:00Z,2026-09-24T00:30:00Z
2026-09-24T00:24:09.136+00:00,KXBTC15M-26SEP232030-30,84345.33,0.4900,0.5000,0.5000,1534452.20,2026-09-24T00:15:00Z,2026-09-24T00:30:00Z
2026-09-24T00:24:11.297+00:00,KXBTC15M-26SEP232030-30,84345.33,0.4900,0.5000,0.5000,1534452.20,2026-09-24T00:15:00Z,2026-09-24T00:30:00Z
2026-09-24T00:24:13.435+00:00,KXBTC15M-26SEP232030-30,84345.33,0.4900,0.5000,0.5000,1534452.20,2026-09-24T00:15:00Z,2026-09-24T00:30:00Z
2026-09-24T00:24:15.572+00:00,KXBTC15M-26SEP232030-30,84345.33,0.4900,0.5000,0.5000,1534452.20,2026-09-24T00:15:00Z,2026-09-24T00:30:00Z
2026-09-24T00:24:17.708+00:00,KXBTC15M-26SEP232030-30,84345.33,0.5800,0.5900,0.5900,1562815.78,2026-09-24T00:15:00Z,2026-09-24T00:30:00Z
2026-09-24T00:24:19.850+00:00,KXBTC15M-26SEP232030-30,84345.33,0.5800,0.5900,0.5900,1562815.78,2026-09-24T00:15:00Z,2026-09-24T00:30:00Z
2026-09-24T00:24:21.990+00:00,KXBTC15M-26SEP232030-30,84345.33,0.5800,0.5900,0.5900,1562815.78,2026-09-24T00:15:00Z,2026-09-24T00:30:00Z
2026-09-24T00:24:24.132+00:00,KXBTC15M-26SEP232030-30,84345.33,0.5800,0.5900,0.5900,1562815.78,2026-09-24T00:15:00Z,2026-09-24T00:30:00Z
2026-09-24T00:24:26.286+00:00,KXBTC15M-26SEP232030-30,84345.33,0.5800,0.5900,0.5900,1562815.78,2026-09-24T00:15:00Z,2026-09-24T00:30:00Z
2026-09-24T00:24:28.487+00:00,KXBTC15M-26SEP232030-30,84345.33,0.5800,0.5900,0.5900,1562815.78,2026-09-24T00:15:00Z,2026-09-24T00:30:00Z
2026-09-24T00:24:30.631+00:00,KXBTC15M-26SEP232030-30,84345.33,0.5700,0.5800,0.5800,1603119.31,2026-09-24T00:15:00Z,2026-09-24T00:30:00Z
2026-09-24T00:24:32.886+00:00,KXBTC15M-26SEP232030-30,84345.33,0.5700,0.5800,0.5800,1603119.31,2026-09-24T00:15:00Z,2026-09-24T00:30:00Z
2026-09-24T00:24:35.024+00:00,KXBTC15M-26SEP232030-30,84345.33,0.5700,0.5800,0.5800,1603119.31,2026-09-24T00:15:00Z,2026-09-24T00:30:00Z
2026-09-24T00:24:37.167+00:00,KXBTC15M-26SEP232030-30,84345.33,0.5700,0.5800,0.5800,1603119.31,2026-09-24T00:15:00Z,2026-09-24T00:30:00Z
2026-09-24T00:24:39.307+00:00,KXBTC15M-26SEP232030-30,84345.33,0.5700,0.5800,0.5800,1603119.31,2026-09-24T00:15:00Z,2026-09-24T00:30:00Z
2026-09-24T00:24:41.457+00:00,KXBTC15M-26SEP232030-30,84345.33,0.6700,0.6800,0.6800,1653232.70,2026-09-24T00:15:00Z,2026-09-24T00:30:00Z
2026-09-24T00:24:43.597+00:00,KXBTC15M-26SEP232030-30,84345.33,0.6700,0.6800,0.6800,1653232.70,2026-09-24T00:15:00Z,2026-09-24T00:30:00Z
2026-09-24T00:24:45.854+00:00,KXBTC15M-26SEP232030-30,84345.33,0.6700,0.6800,0.6800,1653232.70,2026-09-24T00:15:00Z,2026-09-24T00:30:00Z
2026-09-24T00:24:47.992+00:00,KXBTC15M-26SEP232030-30,84345.33,0.6700,0.6800,0.6800,1653232.70,2026-09-24T00:15:00Z,2026-09-24T00:30:00Z
2026-09-24T00:24:50.131+00:00,KXBTC15M-26SEP232030-30,84345.33,0.6700,0.6800,0.6800,1653232.70,2026-09-24T00:15:00Z,2026-09-24T00:30:00Z
2026-09-24T00:24:52.278+00:00,KXBTC15M-26SEP232030-30,84345.33,0.6900,0.7000,0.7000,1679089.08,2026-09-24T00:15:00Z,2026-09-24T00:30:00Z
2026-09-24T00:24:54.417+00:00,KXBTC15M-26SEP232030-30,84345.33,0.6900,0.7000,0.7000,1679089.08,2026-09-24T00:15:00Z,2026-09-24T00:30:00Z
2026-09-24T00:24:56.571+00:00,KXBTC15M-26SEP232030-30,84345.33,0.6900,0.7000,0.7000,1679089.08,2026-09-24T00:15:00Z,2026-09-24T00:30:00Z
2026-09-24T00:24:58.708+00:00,KXBTC15M-26SEP232030-30,84345.33,0.6900,0.7000,0.7000,1679089.08,2026-09-24T00:15:00Z,2026-09-24T00:30:00Z
2026-09-24T00:25:00.849+00:00,KXBTC15M-26SEP232030-30,84345.33,0.6900,0.7000,0.7000,1679089.08,2026-09-24T00:15:00Z,2026-09-24T00:30:00Z
2026-09-24T00:25:02.986+00:00,KXBTC15M-26SEP232030-30,84345.33,0.7100,0.7200,0.7100,1701814.90,2026-09-24T00:15:00Z,2026-09-24T00:30:00Z
2026-09-24T00:25:05.364+00:00,KXBTC15M-26SEP232030-30,84345.33,0.7100,0.7200,0.7100,1701814.90,2026-09-24T00:15:00Z,2026-09-24T00:30:00Z
2026-09-24T00:25:07.504+00:00,KXBTC15M-26SEP232030-30,84345.33,0.7100,0.7200,0.7100,1701814.90,2026-09-24T00:15:00Z,2026-09-24T00:30:00Z
2026-09-24T00:25:09.643+00:00,KXBTC15M-26SEP232030-30,84345.33,0.7100,0.7200,0.7100,1701814.90,2026-09-24T00:15:00Z,2026-09-24T00:30:00Z
2026-09-24T00:25:11.793+00:00,KXBTC15M-26SEP232030-30,84345.33,0.7100,0.7200,0.7100,1701814.90,2026-09-24T00:15:00Z,2026-09-24T00:30:00Z
2026-09-24T00:25:13.957+00:00,KXBTC15M-26SEP232030-30,84345.33,0.7000,0.7100,0.7100,1723708.91,2026-09-24T00:15:00Z,2026-09-24T00:30:00Z
2026-09-24T00:25:16.097+00:00,KXBTC15M-26SEP232030-30,84345.33,0.7000,0.7100,0.7100,1723708.91,2026-09-24T00:15:00Z,2026-09-24T00:30:00Z
2026-09-24T00:25:18.237+00:00,KXBTC15M-26SEP232030-30,84345.33,0.7000,0.7100,0.7100,1723708.91,2026-09-24T00:15:00Z,2026-09-24T00:30:00Z
2026-09-24T00:25:20.374+00:00,KXBTC15M-26SEP232030-30,84345.33,0.7000,0.7100,0.7100,1723708.91,2026-09-24T00:15:00Z,2026-09-24T00:30:00Z
2026-09-24T00:25:22.514+00:00,KXBTC15M-26SEP232030-30,84345.33,0.7000,0.7100,0.7100,1723708.91,2026-09-24T00:15:00Z,2026-09-24T00:30:00Z
2026-09-24T00:25:24.654+00:00,KXBTC15M-26SEP232030-30,84345.33,0.5500,0.5600,0.5500,1746465.27,2026-09-24T00:15:00Z,2026-09-24T00:30:00Z
2026-09-24T00:25:26.796+00:00,KXBTC15M-26SEP232030-30,84345.33,0.5500,0.5600,0.5500,1746465.27,2026-09-24T00:15:00Z,2026-09-24T00:30:00Z
2026-09-24T00:25:28.935+00:00,KXBTC15M-26SEP232030-30,84345.33,0.5500,0.5600,0.5500,1746465.27,2026-09-24T00:15:00Z,2026-09-24T00:30:00Z
2026-09-24T00:25:31.076+00:00,KXBTC15M-26SEP232030-30,84345.33,0.5500,0.5600,0.5500,1746465.27,2026-09-24T00:15:00Z,2026-09-24T00:30:00Z
2026-09-24T00:25:33.327+00:00,KXBTC15M-26SEP232030-30,84345.33,0.5500,0.5600,0.5500,1746465.27,2026-09-24T00:15:00Z,2026-09-24T00:30:00Z
2026-09-24T00:25:35.501+00:00,KXBTC15M-26SEP232030-30,84345.33,0.5000,0.5100,0.5000,1786787.23,2026-09-24T00:15:00Z,2026-09-24T00:30:00Z
2026-09-24T00:25:37.658+00:00,KXBTC15M-26SEP232030-30,84345.33,0.5000,0.5100,0.5000,1786787.23,2026-09-24T00:15:00Z,2026-09-24T00:30:00Z
2026-09-24T00:25:39.807+00:00,KXBTC15M-26SEP232030-30,84345.33,0.5000,0.5100,0.5000,1786787.23,2026-09-24T00:15:00Z,2026-09-24T00:30:00Z
2026-09-24T00:25:42.021+00:00,KXBTC15M-26SEP232030-30,84345.33,0.5000,0.5100,0.5000,1786787.23,2026-09-24T00:15:00Z,2026-09-24T00:30:00Z
2026-09-24T00:25:44.165+00:00,KXBTC15M-26SEP232030-30,84345.33,0.5000,0.5100,0.5000,1786787.23,2026-09-24T00:15:00Z,2026-09-24T00:30:00Z
2026-09-24T00:25:46.361+00:00,KXBTC15M-26SEP232030-30,84345.33,0.5300,0.5400,0.5300,1807454.90,2026-09-24T00:15:00Z,2026-09-24T00:30:00Z
2026-09-24T00:25:48.502+00:00,KXBTC15M-26SEP232030-30,84345.33,0.5300,0.5400,0.5300,1807454.90,2026-09-24T00:15:00Z,2026-09-24T00:30:00Z
2026-09-24T00:25:50.784+00:00,KXBTC15M-26SEP232030-30,84345.33,0.5300,0.5400,0.5300,1807454.90,2026-09-24T00:15:00Z,2026-09-24T00:30:00Z
2026-09-24T00:25:52.935+00:00,KXBTC15M-26SEP232030-30,84345.33,0.5300,0.5400,0.5300,1807454.90,2026-09-24T00:15:00Z,2026-09-24T00:30:00Z
2026-09-24T00:25:55.076+00:00,KXBTC15M-26SEP232030-30,84345.33,0.5300,0.5400,0.5300,1807454.90,2026-09-24T00:15:00Z,2026-09-24T00:30:00Z
2026-09-24T00:25:57.220+00:00,KXBTC15M-26SEP232030-30,84345.33,0.5300,0.5400,0.5300,1807454.90,2026-09-24T00:15:00Z,2026-09-24T00:30:00Z
2026-09-24T00:25:59.375+00:00,KXBTC15M-26SEP232030-30,84345.33,0.7400,0.7500,0.7400,1869104.37,2026-09-24T00:15:00Z,2026-09-24T00:30:00Z
2026-09-24T00:26:01.535+00:00,KXBTC15M-26SEP232030-30,84345.33,0.7400,0.7500,0.7400,1869104.37,2026-09-24T00:15:00Z,2026-09-24T00:30:00Z
2026-09-24T00:26:03.735+00:00,KXBTC15M-26SEP232030-30,84345.33,0.7400,0.7500,0.7400,1869104.37,2026-09-24T00:15:00Z,2026-09-24T00:30:00Z
2026-09-24T00:26:05.876+00:00,KXBTC15M-26SEP232030-30,84345.33,0.7400,0.7500,0.7400,1869104.37,2026-09-24T00:15:00Z,2026-09-24T00:30:00Z
2026-09-24T00:26:08.017+00:00,KXBTC15M-26SEP232030-30,84345.33,0.7400,0.7500,0.7400,1869104.37,2026-09-24T00:15:00Z,2026-09-24T00:30:00Z
2026-09-24T00:26:10.159+00:00,KXBTC15M-26SEP232030-30,84345.33,0.7400,0.7500,0.7400,1905812.70,2026-09-24T00:15:00Z,2026-09-24T00:30:00Z
2026-09-24T00:26:12.312+00:00,KXBTC15M-26SEP232030-30,84345.33,0.7400,0.7500,0.7400,1905812.70,2026-09-24T00:15:00Z,2026-09-24T00:30:00Z
2026-09-24T00:26:14.452+00:00,KXBTC15M-26SEP232030-30,84345.33,0.7400,0.7500,0.7400,1905812.70,2026-09-24T00:15:00Z,2026-09-24T00:30:00Z
2026-09-24T00:26:16.591+00:00,KXBTC15M-26SEP232030-30,84345.33,0.7400,0.7500,0.7400,1905812.70,2026-09-24T00:15:00Z,2026-09-24T00:30:00Z
2026-09-24T00:26:18.878+00:00,KXBTC15M-26SEP232030-30,84345.33,0.7400,0.7500,0.7400,1905812.70,2026-09-24T00:15:00Z,2026-09-24T00:30:00Z
2026-09-24T00:26:21.019+00:00,KXBTC15M-26SEP232030-30,84345.33,0.8000,0.8100,0.8100,1946406.16,2026-09-24T00:15:00Z,2026-09-24T00:30:00Z
2026-09-24T00:26:23.163+00:00,KXBTC15M-26SEP232030-30,84345.33,0.8000,0.8100,0.8100,1946406.16,2026-09-24T00:15:00Z,2026-09-24T00:30:00Z
2026-09-24T00:26:25.328+00:00,KXBTC15M-26SEP232030-30,84345.33,0.8000,0.8100,0.8100,1946406.16,2026-09-24T00:15:00Z,2026-09-24T00:30:00Z
2026-09-24T00:26:27.472+00:00,KXBTC15M-26SEP232030-30,84345.33,0.8000,0.8100,0.8100,1946406.16,2026-09-24T00:15:00Z,2026-09-24T00:30:00Z
2026-09-24T00:26:29.611+00:00,KXBTC15M-26SEP232030-30,84345.33,0.8000,0.8100,0.8100,1946406.16,2026-09-24T00:15:00Z,2026-09-24T00:30:00Z
2026-09-24T00:26:31.754+00:00,KXBTC15M-26SEP232030-30,84345.33,0.8000,0.8100,0.8100,1946406.16,2026-09-24T00:15:00Z,2026-09-24T00:30:00Z
2026-09-24T00:26:33.895+00:00,KXBTC15M-26SEP232030-30,84345.33,0.8300,0.8400,0.8300,2002148.67,2026-09-24T00:15:00Z,2026-09-24T00:30:00Z
2026-09-24T00:26:36.043+00:00,KXBTC15M-26SEP232030-30,84345.33,0.8300,0.8400,0.8300,2002148.67,2026-09-24T00:15:00Z,2026-09-24T00:30:00Z
2026-09-24T00:26:38.181+00:00,KXBTC15M-26SEP232030-30,84345.33,0.8300,0.8400,0.8300,2002148.67,2026-09-24T00:15:00Z,2026-09-24T00:30:00Z
2026-09-24T00:26:40.320+00:00,KXBTC15M-26SEP232030-30,84345.33,0.8300,0.8400,0.8300,2002148.67,2026-09-24T00:15:00Z,2026-09-24T00:30:00Z
2026-09-24T00:26:42.474+00:00,KXBTC15M-26SEP232030-30,84345.33,0.8300,0.8400,0.8300,2002148.67,2026-09-24T00:15:00Z,2026-09-24T00:30:00Z
2026-09-24T00:26:44.613+00:00,KXBTC15M-26SEP232030-30,84345.33,0.7400,0.7500,0.7500,2076096.05,2026-09-24T00:15:00Z,2026-09-24T00:30:00Z
2026-09-24T00:26:46.751+00:00,KXBTC15M-26SEP232030-30,84345.33,0.7400,0.7500,0.7500,2076096.05,2026-09-24T00:15:00Z,2026-09-24T00:30:00Z
2026-09-24T00:26:48.892+00:00,KXBTC15M-26SEP232030-30,84345.33,0.7400,0.7500,0.7500,2076096.05,2026-09-24T00:15:00Z,2026-09-24T00:30:00Z
2026-09-24T00:26:51.041+00:00,KXBTC15M-26SEP232030-30,84345.33,0.7400,0.7500,0.7500,2076096.05,2026-09-24T00:15:00Z,2026-09-24T00:30:00Z
2026-09-24T00:26:53.179+00:00,KXBTC15M-26SEP232030-30,84345.33,0.7400,0.7500,0.7500,2076096.05,2026-09-24T00:15:00Z,2026-09-24T00:30:00Z
2026-09-24T00:26:55.318+00:00,KXBTC15M-26SEP232030-30,84345.33,0.7800,0.7900,0.7800,2107552.76,2026-09-24T00:15:00Z,2026-09-24T00:30:00Z
2026-09-24T00:26:57.459+00:00,KXBTC15M-26SEP232030-30,84345.33,0.7800,0.7900,0.7800,2107552.76,2026-09-24T00:15:00Z,2026-09-24T00:30:00Z
2026-09-24T00:26:59.596+00:00,KXBTC15M-26SEP232030-30,84345.33,0.7800,0.7900,0.7800,2107552.76,2026-09-24T00:15:00Z,2026-09-24T00:30:00Z
2026-09-24T00:27:01.735+00:00,KXBTC15M-26SEP232030-30,84345.33,0.7800,0.7900,0.7800,2107552.76,2026-09-24T00:15:00Z,2026-09-24T00:30:00Z
2026-09-24T00:27:03.875+00:00,KXBTC15M-26SEP232030-30,84345.33,0.7800,0.7900,0.7800,2107552.76,2026-09-24T00:15:00Z,2026-09-24T00:30:00Z
2026-09-24T00:27:06.158+00:00,KXBTC15M-26SEP232030-30,84345.33,0.6800,0.6900,0.6900,2148574.10,2026-09-24T00:15:00Z,2026-09-24T00:30:00Z
2026-09-24T00:27:08.297+00:00,KXBTC15M-26SEP232030-30,84345.33,0.6800,0.6900,0.6900,2148574.10,2026-09-24T00:15:00Z,2026-09-24T00:30:00Z
2026-09-24T00:27:10.442+00:00,KXBTC15M-26SEP232030-30,84345.33,0.6800,0.6900,0.6900,2148574.10,2026-09-24T00:15:00Z,2026-09-24T00:30:00Z
2026-09-24T00:27:12.595+00:00,KXBTC15M-26SEP232030-30,84345.33,0.6800,0.6900,0.6900,2148574.10,2026-09-24T00:15:00Z,2026-09-24T00:30:00Z
2026-09-24T00:27:14.734+00:00,KXBTC15M-26SEP232030-30,84345.33,0.6800,0.6900,0.6900,2148574.10,2026-09-24T00:15:00Z,2026-09-24T00:30:00Z
2026-09-24T00:27:16.922+00:00,KXBTC15M-26SEP232030-30,84345.33,0.8000,0.8100,0.8000,2209161.80,2026-09-24T00:15:00Z,2026-09-24T00:30:00Z
2026-09-24T00:27:19.061+00:00,KXBTC15M-26SEP232030-30,84345.33,0.8000,0.8100,0.8000,2209161.80,2026-09-24T00:15:00Z,2026-09-24T00:30:00Z
2026-09-24T00:27:21.205+00:00,KXBTC15M-26SEP232030-30,84345.33,0.8000,0.8100,0.8000,2209161.80,2026-09-24T00:15:00Z,2026-09-24T00:30:00Z
2026-09-24T00:27:23.347+00:00,KXBTC15M-26SEP232030-30,84345.33,0.8000,0.8100,0.8000,2209161.80,2026-09-24T00:15:00Z,2026-09-24T00:30:00Z
2026-09-24T00:27:25.485+00:00,KXBTC15M-26SEP232030-30,84345.33,0.8000,0.8100,0.8000,2209161.80,2026-09-24T00:15:00Z,2026-09-24T00:30:00Z
2026-09-24T00:27:27.621+00:00,KXBTC15M-26SEP232030-30,84345.33,0.8000,0.8100,0.8000,2209161.80,2026-09-24T00:15:00Z,2026-09-24T00:30:00Z
2026-09-24T00:27:29.763+00:00,KXBTC15M-26SEP232030-30,84345.33,0.7700,0.7800,0.7800,2242077.88,2026-09-24T00:15:00Z,2026-09-24T00:30:00Z
2026-09-24T00:27:31.903+00:00,KXBTC15M-26SEP232030-30,84345.33,0.7700,0.7800,0.7800,2242077.88,2026-09-24T00:15:00Z,2026-09-24T00:30:00Z
2026-09-24T00:27:34.051+00:00,KXBTC15M-26SEP232030-30,84345.33,0.7700,0.7800,0.7800,2242077.88,2026-09-24T00:15:00Z,2026-09-24T00:30:00Z
2026-09-24T00:27:36.197+00:00,KXBTC15M-26SEP232030-30,84345.33,0.7700,0.7800,0.7800,2242077.88,2026-09-24T00:15:00Z,2026-09-24T00:30:00Z
2026-09-24T00:27:38.344+00:00,KXBTC15M-26SEP232030-30,84345.33,0.7700,0.7800,0.7800,2242077.88,2026-09-24T00:15:00Z,2026-09-24T00:30:00Z
2026-09-24T00:27:40.486+00:00,KXBTC15M-26SEP232030-30,84345.33,0.7800,0.7900,0.7800,2270761.00,2026-09-24T00:15:00Z,2026-09-24T00:30:00Z
2026-09-24T00:27:42.642+00:00,KXBTC15M-26SEP232030-30,84345.33,0.7800,0.7900,0.7800,2270761.00,2026-09-24T00:15:00Z,2026-09-24T00:30:00Z
2026-09-24T00:27:44.784+00:00,KXBTC15M-26SEP232030-30,84345.33,0.7800,0.7900,0.7800,2270761.00,2026-09-24T00:15:00Z,2026-09-24T00:30:00Z
2026-09-24T00:27:46.924+00:00,KXBTC15M-26SEP232030-30,84345.33,0.7800,0.7900,0.7800,2270761.00,2026-09-24T00:15:00Z,2026-09-24T00:30:00Z
2026-09-24T00:27:49.064+00:00,KXBTC15M-26SEP232030-30,84345.33,0.7800,0.7900,0.7800,2270761.00,2026-09-24T00:15:00Z,2026-09-24T00:30:00Z
2026-09-24T00:27:51.204+00:00,KXBTC15M-26SEP232030-30,84345.33,0.7600,0.7700,0.7700,2292987.82,2026-09-24T00:15:00Z,2026-09-24T00:30:00Z
2026-09-24T00:27:53.402+00:00,KXBTC15M-26SEP232030-30,84345.33,0.7600,0.7700,0.7700,2292987.82,2026-09-24T00:15:00Z,2026-09-24T00:30:00Z
2026-09-24T00:27:55.547+00:00,KXBTC15M-26SEP232030-30,84345.33,0.7600,0.7700,0.7700,2292987.82,2026-09-24T00:15:00Z,2026-09-24T00:30:00Z
2026-09-24T00:27:57.686+00:00,KXBTC15M-26SEP232030-30,84345.33,0.7600,0.7700,0.7700,2292987.82,2026-09-24T00:15:00Z,2026-09-24T00:30:00Z
2026-09-24T00:27:59.830+00:00,KXBTC15M-26SEP232030-30,84345.33,0.7600,0.7700,0.7700,2292987.82,2026-09-24T00:15:00Z,2026-09-24T00:30:00Z
2026-09-24T00:28:01.979+00:00,KXBTC15M-26SEP232030-30,84345.33,0.7600,0.7700,0.7700,2292987.82,2026-09-24T00:15:00Z,2026-09-24T00:30:00Z
2026-09-24T00:28:04.119+00:00,KXBTC15M-26SEP232030-30,84345.33,0.8000,0.8100,0.8000,2325869.97,2026-09-24T00:15:00Z,2026-09-24T00:30:00Z
2026-09-24T00:28:06.262+00:00,KXBTC15M-26SEP232030-30,84345.33,0.8000,0.8100,0.8000,2325869.97,2026-09-24T00:15:00Z,2026-09-24T00:30:00Z
2026-09-24T00:28:08.401+00:00,KXBTC15M-26SEP232030-30,84345.33,0.8000,0.8100,0.8000,2325869.97,2026-09-24T00:15:00Z,2026-09-24T00:30:00Z
2026-09-24T00:28:10.538+00:00,KXBTC15M-26SEP232030-30,84345.33,0.8000,0.8100,0.8000,2325869.97,2026-09-24T00:15:00Z,2026-09-24T00:30:00Z
2026-09-24T00:28:12.691+00:00,KXBTC15M-26SEP232030-30,84345.33,0.8000,0.8100,0.8000,2325869.97,2026-09-24T00:15:00Z,2026-09-24T00:30:00Z
2026-09-24T00:28:14.835+00:00,KXBTC15M-26SEP232030-30,84345.33,0.5500,0.5600,0.5500,2401228.90,2026-09-24T00:15:00Z,2026-09-24T00:30:00Z
2026-09-24T00:28:16.975+00:00,KXBTC15M-26SEP232030-30,84345.33,0.5500,0.5600,0.5500,2401228.90,2026-09-24T00:15:00Z,2026-09-24T00:30:00Z
2026-09-24T00:28:19.113+00:00,KXBTC15M-26SEP232030-30,84345.33,0.5500,0.5600,0.5500,2401228.90,2026-09-24T00:15:00Z,2026-09-24T00:30:00Z
2026-09-24T00:28:21.258+00:00,KXBTC15M-26SEP232030-30,84345.33,0.5500,0.5600,0.5500,2401228.90,2026-09-24T00:15:00Z,2026-09-24T00:30:00Z
2026-09-24T00:28:23.396+00:00,KXBTC15M-26SEP232030-30,84345.33,0.5500,0.5600,0.5500,2401228.90,2026-09-24T00:15:00Z,2026-09-24T00:30:00Z
2026-09-24T00:28:25.540+00:00,KXBTC15M-26SEP232030-30,84345.33,0.5500,0.5600,0.5500,2401228.90,2026-09-24T00:15:00Z,2026-09-24T00:30:00Z
2026-09-24T00:28:27.681+00:00,KXBTC15M-26SEP232030-30,84345.33,0.4400,0.4600,0.4400,2510502.48,2026-09-24T00:15:00Z,2026-09-24T00:30:00Z
2026-09-24T00:28:29.822+00:00,KXBTC15M-26SEP232030-30,84345.33,0.4400,0.4600,0.4400,2510502.48,2026-09-24T00:15:00Z,2026-09-24T00:30:00Z
2026-09-24T00:28:31.959+00:00,KXBTC15M-26SEP232030-30,84345.33,0.4400,0.4600,0.4400,2510502.48,2026-09-24T00:15:00Z,2026-09-24T00:30:00Z
2026-09-24T00:28:34.164+00:00,KXBTC15M-26SEP232030-30,84345.33,0.4400,0.4600,0.4400,2510502.48,2026-09-24T00:15:00Z,2026-09-24T00:30:00Z
2026-09-24T00:28:36.324+00:00,KXBTC15M-26SEP232030-30,84345.33,0.4400,0.4600,0.4400,2510502.48,2026-09-24T00:15:00Z,2026-09-24T00:30:00Z
2026-09-24T00:28:38.470+00:00,KXBTC15M-26SEP232030-30,84345.33,0.5000,0.5100,0.5000,2563468.60,2026-09-24T00:15:00Z,2026-09-24T00:30:00Z
2026-09-24T00:28:40.610+00:00,KXBTC15M-26SEP232030-30,84345.33,0.5000,0.5100,0.5000,2563468.60,2026-09-24T00:15:00Z,2026-09-24T00:30:00Z
2026-09-24T00:28:42.768+00:00,KXBTC15M-26SEP232030-30,84345.33,0.5000,0.5100,0.5000,2563468.60,2026-09-24T00:15:00Z,2026-09-24T00:30:00Z
2026-09-24T00:28:44.920+00:00,KXBTC15M-26SEP232030-30,84345.33,0.5000,0.5100,0.5000,2563468.60,2026-09-24T00:15:00Z,2026-09-24T00:30:00Z
2026-09-24T00:28:47.060+00:00,KXBTC15M-26SEP232030-30,84345.33,0.5000,0.5100,0.5000,2563468.60,2026-09-24T00:15:00Z,2026-09-24T00:30:00Z
2026-09-24T00:28:49.219+00:00,KXBTC15M-26SEP232030-30,84345.33,0.2800,0.2900,0.2800,2629011.05,2026-09-24T00:15:00Z,2026-09-24T00:30:00Z
2026-09-24T00:28:51.425+00:00,KXBTC15M-26SEP232030-30,84345.33,0.2800,0.2900,0.2800,2629011.05,2026-09-24T00:15:00Z,2026-09-24T00:30:00Z
2026-09-24T00:28:53.647+00:00,KXBTC15M-26SEP232030-30,84345.33,0.2800,0.2900,0.2800,2629011.05,2026-09-24T00:15:00Z,2026-09-24T00:30:00Z
2026-09-24T00:28:55.788+00:00,KXBTC15M-26SEP232030-30,84345.33,0.2800,0.2900,0.2800,2629011.05,2026-09-24T00:15:00Z,2026-09-24T00:30:00Z
2026-09-24T00:28:57.927+00:00,KXBTC15M-26SEP232030-30,84345.33,0.2800,0.2900,0.2800,2629011.05,2026-09-24T00:15:00Z,2026-09-24T00:30:00Z
2026-09-24T00:29:00.072+00:00,KXBTC15M-26SEP232030-30,84345.33,0.4900,0.5000,0.4900,2794436.39,2026-09-24T00:15:00Z,2026-09-24T00:30:00Z
2026-09-24T00:29:02.217+00:00,KXBTC15M-26SEP232030-30,84345.33,0.4900,0.5000,0.4900,2794436.39,2026-09-24T00:15:00Z,2026-09-24T00:30:00Z
2026-09-24T00:29:04.362+00:00,KXBTC15M-26SEP232030-30,84345.33,0.4900,0.5000,0.4900,2794436.39,2026-09-24T00:15:00Z,2026-09-24T00:30:00Z
2026-09-24T00:29:06.501+00:00,KXBTC15M-26SEP232030-30,84345.33,0.4900,0.5000,0.4900,2794436.39,2026-09-24T00:15:00Z,2026-09-24T00:30:00Z
2026-09-24T00:29:08.641+00:00,KXBTC15M-26SEP232030-30,84345.33,0.4900,0.5000,0.4900,2794436.39,2026-09-24T00:15:00Z,2026-09-24T00:30:00Z
2026-09-24T00:29:10.781+00:00,KXBTC15M-26SEP232030-30,84345.33,0.4400,0.4500,0.4400,2866577.79,2026-09-24T00:15:00Z,2026-09-24T00:30:00Z
2026-09-24T00:29:12.933+00:00,KXBTC15M-26SEP232030-30,84345.33,0.4400,0.4500,0.4400,2866577.79,2026-09-24T00:15:00Z,2026-09-24T00:30:00Z
2026-09-24T00:29:15.226+00:00,KXBTC15M-26SEP232030-30,84345.33,0.4400,0.4500,0.4400,2866577.79,2026-09-24T00:15:00Z,2026-09-24T00:30:00Z
2026-09-24T00:29:17.369+00:00,KXBTC15M-26SEP232030-30,84345.33,0.4400,0.4500,0.4400,2866577.79,2026-09-24T00:15:00Z,2026-09-24T00:30:00Z
2026-09-24T00:29:19.511+00:00,KXBTC15M-26SEP232030-30,84345.33,0.4400,0.4500,0.4400,2866577.79,2026-09-24T00:15:00Z,2026-09-24T00:30:00Z
2026-09-24T00:29:21.654+00:00,KXBTC15M-26SEP232030-30,84345.33,0.2300,0.2400,0.2300,2942950.19,2026-09-24T00:15:00Z,2026-09-24T00:30:00Z
2026-09-24T00:29:23.796+00:00,KXBTC15M-26SEP232030-30,84345.33,0.2300,0.2400,0.2300,2942950.19,2026-09-24T00:15:00Z,2026-09-24T00:30:00Z
2026-09-24T00:29:25.936+00:00,KXBTC15M-26SEP232030-30,84345.33,0.2300,0.2400,0.2300,2942950.19,2026-09-24T00:15:00Z,2026-09-24T00:30:00Z
2026-09-24T00:29:28.076+00:00,KXBTC15M-26SEP232030-30,84345.33,0.2300,0.2400,0.2300,2942950.19,2026-09-24T00:15:00Z,2026-09-24T00:30:00Z
2026-09-24T00:29:30.340+00:00,KXBTC15M-26SEP232030-30,84345.33,0.2300,0.2400,0.2300,2942950.19,2026-09-24T00:15:00Z,2026-09-24T00:30:00Z
2026-09-24T00:29:32.479+00:00,KXBTC15M-26SEP232030-30,84345.33,0.2300,0.2400,0.2300,2942950.19,2026-09-24T00:15:00Z,2026-09-24T00:30:00Z
2026-09-24T00:29:34.626+00:00,KXBTC15M-26SEP232030-30,84345.33,0.1400,0.1500,0.1500,3065805.30,2026-09-24T00:15:00Z,2026-09-24T00:30:00Z
2026-09-24T00:29:36.765+00:00,KXBTC15M-26SEP232030-30,84345.33,0.1400,0.1500,0.1500,3065805.30,2026-09-24T00:15:00Z,2026-09-24T00:30:00Z
2026-09-24T00:29:38.907+00:00,KXBTC15M-26SEP232030-30,84345.33,0.1400,0.1500,0.1500,3065805.30,2026-09-24T00:15:00Z,2026-09-24T00:30:00Z
2026-09-24T00:29:41.049+00:00,KXBTC15M-26SEP232030-30,84345.33,0.1400,0.1500,0.1500,3065805.30,2026-09-24T00:15:00Z,2026-09-24T00:30:00Z
2026-09-24T00:29:43.208+00:00,KXBTC15M-26SEP232030-30,84345.33,0.1400,0.1500,0.1500,3065805.30,2026-09-24T00:15:00Z,2026-09-24T00:30:00Z
2026-09-24T00:29:45.349+00:00,KXBTC15M-26SEP232030-30,84345.33,0.1600,0.1700,0.1700,3405590.15,2026-09-24T00:15:00Z,2026-09-24T00:30:00Z
2026-09-24T00:29:47.492+00:00,KXBTC15M-26SEP232030-30,84345.33,0.1600,0.1700,0.1700,3405590.15,2026-09-24T00:15:00Z,2026-09-24T00:30:00Z
2026-09-24T00:29:49.884+00:00,KXBTC15M-26SEP232030-30,84345.33,0.1600,0.1700,0.1700,3405590.15,2026-09-24T00:15:00Z,2026-09-24T00:30:00Z
2026-09-24T00:29:52.090+00:00,KXBTC15M-26SEP232030-30,84345.33,0.1600,0.1700,0.1700,3405590.15,2026-09-24T00:15:00Z,2026-09-24T00:30:00Z
2026-09-24T00:29:54.234+00:00,KXBTC15M-26SEP232030-30,84345.33,0.1600,0.1700,0.1700,3405590.15,2026-09-24T00:15:00Z,2026-09-24T00:30:00Z
2026-09-24T00:29:56.378+00:00,KXBTC15M-26SEP232030-30,84345.33,0.0000,0.0010,0.0010,3654705.86,2026-09-24T00:15:00Z,2026-09-24T00:30:00Z
2026-09-24T00:29:58.526+00:00,KXBTC15M-26SEP232030-30,84345.33,0.0000,0.0010,0.0010,3654705.86,2026-09-24T00:15:00Z,2026-09-24T00:30:00Z
2026-09-24T00:30:00.676+00:00,KXBTC15M-26SEP232030-30,84345.33,0.0000,0.0010,0.0010,3654705.86,2026-09-24T00:15:00Z,2026-09-24T00:30:00Z
2026-09-24T00:30:03.078+00:00,KXBTC15M-26SEP232030-30,84345.33,0.0000,0.0010,0.0010,3654705.86,2026-09-24T00:15:00Z,2026-09-24T00:30:00Z
2026-09-24T00:30:05.221+00:00,KXBTC15M-26SEP232030-30,84345.33,0.0000,0.0010,0.0010,3654705.86,2026-09-24T00:15:00Z,2026-09-24T00:30:00Z
2026-09-24T00:30:07.361+00:00,KXBTC15M-26SEP232030-30,84345.33,0.0000,1.0000,0.0010,3707374.07,2026-09-24T00:15:00Z,2026-09-24T00:30:00Z
2026-09-24T00:30:09.504+00:00,KXBTC15M-26SEP232030-30,84345.33,0.0000,1.0000,0.0010,3707374.07,2026-09-24T00:15:00Z,2026-09-24T00:30:00Z
2026-09-24T00:30:11.641+00:00,KXBTC15M-26SEP232030-30,84345.33,0.0000,1.0000,0.0010,3707374.07,2026-09-24T00:15:00Z,2026-09-24T00:30:00Z
2026-09-24T00:30:13.797+00:00,KXBTC15M-26SEP232030-30,84345.33,0.0000,1.0000,0.0010,3707374.07,2026-09-24T00:15:00Z,2026-09-24T00:30:00Z
2026-09-24T00:30:15.938+00:00,KXBTC15M-26SEP232030-30,84345.33,0.0000,1.0000,0.0010,3707374.07,2026-09-24T00:15:00Z,2026-09-24T00:30:00Z
2026-09-24T00:30:18.083+00:00,KXBTC15M-26SEP232030-30,84345.33,0.0000,1.0000,0.0010,3707374.07,2026-09-24T00:15:00Z,2026-09-24T00:30:00Z
2026-09-24T00:30:20.224+00:00,KXBTC15M-26SEP232030-30,84345.33,0.0000,1.0000,0.0010,3707374.07,2026-09-24T00:15:00Z,2026-09-24T00:30:00Z
2026-09-24T00:30:22.361+00:00,KXBTC15M-26SEP232030-30,84345.33,0.0000,1.0000,0.0010,3707374.07,2026-09-24T00:15:00Z,2026-09-24T00:30:00Z
2026-09-24T00:30:24.591+00:00,KXBTC15M-26SEP232030-30,84345.33,0.0000,1.0000,0.0010,3707374.07,2026-09-24T00:15:00Z,2026-09-24T00:30:00Z
2026-09-24T00:30:26.735+00:00,KXBTC15M-26SEP232030-30,84345.33,0.0000,1.0000,0.0010,3707374.07,2026-09-24T00:15:00Z,2026-09-24T00:30:00Z
2026-09-24T00:30:28.965+00:00,KXBTC15M-26SEP232030-30,84345.33,0.0000,1.0000,0.0010,3707374.07,2026-09-24T00:15:00Z,2026-09-24T00:30:00Z
2026-09-24T00:30:31.105+00:00,KXBTC15M-26SEP232030-30,84345.33,0.0000,1.0000,0.0010,3707374.07,2026-09-24T00:15:00Z,2026-09-24T00:30:00Z
2026-09-24T00:30:33.249+00:00,KXBTC15M-26SEP232030-30,84345.33,0.0000,1.0000,0.0010,3707374.07,2026-09-24T00:15:00Z,2026-09-24T00:30:00Z
2026-09-24T00:30:35.417+00:00,KXBTC15M-26SEP232030-30,84345.33,0.0000,1.0000,0.0010,3707374.07,2026-09-24T00:15:00Z,2026-09-24T00:30:00Z
2026-09-24T00:30:37.637+00:00,KXBTC15M-26SEP232030-30,84345.33,0.0000,1.0000,0.0010,3707374.07,2026-09-24T00:15:00Z,2026-09-24T00:30:00Z
2026-09-24T00:30:40.089+00:00,KXBTC15M-26SEP232030-30,84345.33,0.0000,1.0000,0.0010,3707374.07,2026-09-24T00:15:00Z,2026-09-24T00:30:00Z
2026-09-24T00:30:42.225+00:00,KXBTC15M-26SEP232030-30,84345.33,0.0000,1.0000,0.0010,3707374.07,2026-09-24T00:15:00Z,2026-09-24T00:30:00Z
2026-09-24T00:30:44.386+00:00,KXBTC15M-26SEP232045-45,84341.96,0.5500,0.5600,0.5500,152994.16,2026-09-24T00:30:00Z,2026-09-24T00:45:00Z
2026-09-24T00:30:46.533+00:00,KXBTC15M-26SEP232045-45,84341.96,0.5500,0.5600,0.5500,152994.16,2026-09-24T00:30:00Z,2026-09-24T00:45:00Z
2026-09-24T00:30:48.687+00:00,KXBTC15M-26SEP232045-45,84341.96,0.5500,0.5600,0.5500,152994.16,2026-09-24T00:30:00Z,2026-09-24T00:45:00Z
2026-09-24T00:30:50.828+00:00,KXBTC15M-26SEP232045-45,84341.96,0.5500,0.5600,0.5500,152994.16,2026-09-24T00:30:00Z,2026-09-24T00:45:00Z
2026-09-24T00:30:53.024+00:00,KXBTC15M-26SEP232045-45,84341.96,0.5500,0.5600,0.5500,152994.16,2026-09-24T00:30:00Z,2026-09-24T00:45:00Z
2026-09-24T00:30:55.171+00:00,KXBTC15M-26SEP232045-45,84341.96,0.6100,0.6200,0.6100,188173.56,2026-09-24T00:30:00Z,2026-09-24T00:45:00Z
2026-09-24T00:30:57.310+00:00,KXBTC15M-26SEP232045-45,84341.96,0.6100,0.6200,0.6100,188173.56,2026-09-24T00:30:00Z,2026-09-24T00:45:00Z
2026-09-24T00:30:59.448+00:00,KXBTC15M-26SEP232045-45,84341.96,0.6100,0.6200,0.6100,188173.56,2026-09-24T00:30:00Z,2026-09-24T00:45:00Z
2026-09-24T00:31:01.598+00:00,KXBTC15M-26SEP232045-45,84341.96,0.6100,0.6200,0.6100,188173.56,2026-09-24T00:30:00Z,2026-09-24T00:45:00Z
2026-09-24T00:31:03.744+00:00,KXBTC15M-26SEP232045-45,84341.96,0.6100,0.6200,0.6100,188173.56,2026-09-24T00:30:00Z,2026-09-24T00:45:00Z
2026-09-24T00:31:05.881+00:00,KXBTC15M-26SEP232045-45,84341.96,0.6100,0.6200,0.6100,188173.56,2026-09-24T00:30:00Z,2026-09-24T00:45:00Z
2026-09-24T00:31:08.019+00:00,KXBTC15M-26SEP232045-45,84341.96,0.6700,0.6800,0.6700,224955.67,2026-09-24T00:30:00Z,2026-09-24T00:45:00Z
2026-09-24T00:31:10.162+00:00,KXBTC15M-26SEP232045-45,84341.96,0.6700,0.6800,0.6700,224955.67,2026-09-24T00:30:00Z,2026-09-24T00:45:00Z
2026-09-24T00:31:12.304+00:00,KXBTC15M-26SEP232045-45,84341.96,0.6700,0.6800,0.6700,224955.67,2026-09-24T00:30:00Z,2026-09-24T00:45:00Z
2026-09-24T00:31:14.450+00:00,KXBTC15M-26SEP232045-45,84341.96,0.6700,0.6800,0.6700,224955.67,2026-09-24T00:30:00Z,2026-09-24T00:45:00Z
2026-09-24T00:31:16.589+00:00,KXBTC15M-26SEP232045-45,84341.96,0.6700,0.6800,0.6700,224955.67,2026-09-24T00:30:00Z,2026-09-24T00:45:00Z
2026-09-24T00:31:18.726+00:00,KXBTC15M-26SEP232045-45,84341.96,0.7200,0.7300,0.7300,284642.96,2026-09-24T00:30:00Z,2026-09-24T00:45:00Z
2026-09-24T00:31:20.864+00:00,KXBTC15M-26SEP232045-45,84341.96,0.7200,0.7300,0.7300,284642.96,2026-09-24T00:30:00Z,2026-09-24T00:45:00Z
2026-09-24T00:31:23.009+00:00,KXBTC15M-26SEP232045-45,84341.96,0.7200,0.7300,0.7300,284642.96,2026-09-24T00:30:00Z,2026-09-24T00:45:00Z
2026-09-24T00:31:25.156+00:00,KXBTC15M-26SEP232045-45,84341.96,0.7200,0.7300,0.7300,284642.96,2026-09-24T00:30:00Z,2026-09-24T00:45:00Z
2026-09-24T00:31:27.300+00:00,KXBTC15M-26SEP232045-45,84341.96,0.7200,0.7300,0.7300,284642.96,2026-09-24T00:30:00Z,2026-09-24T00:45:00Z
2026-09-24T00:31:29.436+00:00,KXBTC15M-26SEP232045-45,84341.96,0.7100,0.7200,0.7100,320980.35,2026-09-24T00:30:00Z,2026-09-24T00:45:00Z
2026-09-24T00:31:31.575+00:00,KXBTC15M-26SEP232045-45,84341.96,0.7100,0.7200,0.7100,320980.35,2026-09-24T00:30:00Z,2026-09-24T00:45:00Z
2026-09-24T00:31:33.716+00:00,KXBTC15M-26SEP232045-45,84341.96,0.7100,0.7200,0.7100,320980.35,2026-09-24T00:30:00Z,2026-09-24T00:45:00Z
2026-09-24T00:31:35.859+00:00,KXBTC15M-26SEP232045-45,84341.96,0.7100,0.7200,0.7100,320980.35,2026-09-24T00:30:00Z,2026-09-24T00:45:00Z
2026-09-24T00:31:38.001+00:00,KXBTC15M-26SEP232045-45,84341.96,0.7100,0.7200,0.7100,320980.35,2026-09-24T00:30:00Z,2026-09-24T00:45:00Z
2026-09-24T00:31:40.144+00:00,KXBTC15M-26SEP232045-45,84341.96,0.7200,0.7300,0.7300,363689.44,2026-09-24T00:30:00Z,2026-09-24T00:45:00Z
2026-09-24T00:31:42.281+00:00,KXBTC15M-26SEP232045-45,84341.96,0.7200,0.7300,0.7300,363689.44,2026-09-24T00:30:00Z,2026-09-24T00:45:00Z
2026-09-24T00:31:44.422+00:00,KXBTC15M-26SEP232045-45,84341.96,0.7200,0.7300,0.7300,363689.44,2026-09-24T00:30:00Z,2026-09-24T00:45:00Z
2026-09-24T00:31:46.573+00:00,KXBTC15M-26SEP232045-45,84341.96,0.7200,0.7300,0.7300,363689.44,2026-09-24T00:30:00Z,2026-09-24T00:45:00Z
2026-09-24T00:31:48.712+00:00,KXBTC15M-26SEP232045-45,84341.96,0.7200,0.7300,0.7300,363689.44,2026-09-24T00:30:00Z,2026-09-24T00:45:00Z
2026-09-24T00:31:50.848+00:00,KXBTC15M-26SEP232045-45,84341.96,0.7200,0.7300,0.7300,363689.44,2026-09-24T00:30:00Z,2026-09-24T00:45:00Z
2026-09-24T00:31:53.042+00:00,KXBTC15M-26SEP232045-45,84341.96,0.7300,0.7400,0.7400,389688.23,2026-09-24T00:30:00Z,2026-09-24T00:45:00Z
2026-09-24T00:31:55.179+00:00,KXBTC15M-26SEP232045-45,84341.96,0.7300,0.7400,0.7400,389688.23,2026-09-24T00:30:00Z,2026-09-24T00:45:00Z
2026-09-24T00:31:57.319+00:00,KXBTC15M-26SEP232045-45,84341.96,0.7300,0.7400,0.7400,389688.23,2026-09-24T00:30:00Z,2026-09-24T00:45:00Z
2026-09-24T00:31:59.707+00:00,KXBTC15M-26SEP232045-45,84341.96,0.7300,0.7400,0.7400,389688.23,2026-09-24T00:30:00Z,2026-09-24T00:45:00Z
2026-09-24T00:32:01.848+00:00,KXBTC15M-26SEP232045-45,84341.96,0.7300,0.7400,0.7400,389688.23,2026-09-24T00:30:00Z,2026-09-24T00:45:00Z
2026-09-24T00:32:03.996+00:00,KXBTC15M-26SEP232045-45,84341.96,0.7400,0.7500,0.7400,407877.90,2026-09-24T00:30:00Z,2026-09-24T00:45:00Z
2026-09-24T00:32:06.137+00:00,KXBTC15M-26SEP232045-45,84341.96,0.7400,0.7500,0.7400,407877.90,2026-09-24T00:30:00Z,2026-09-24T00:45:00Z
2026-09-24T00:32:08.278+00:00,KXBTC15M-26SEP232045-45,84341.96,0.7400,0.7500,0.7400,407877.90,2026-09-24T00:30:00Z,2026-09-24T00:45:00Z
2026-09-24T00:32:10.424+00:00,KXBTC15M-26SEP232045-45,84341.96,0.7400,0.7500,0.7400,407877.90,2026-09-24T00:30:00Z,2026-09-24T00:45:00Z
2026-09-24T00:32:12.576+00:00,KXBTC15M-26SEP232045-45,84341.96,0.7400,0.7500,0.7400,407877.90,2026-09-24T00:30:00Z,2026-09-24T00:45:00Z
2026-09-24T00:32:14.715+00:00,KXBTC15M-26SEP232045-45,84341.96,0.7300,0.7400,0.7400,425559.57,2026-09-24T00:30:00Z,2026-09-24T00:45:00Z
2026-09-24T00:32:16.864+00:00,KXBTC15M-26SEP232045-45,84341.96,0.7300,0.7400,0.7400,425559.57,2026-09-24T00:30:00Z,2026-09-24T00:45:00Z
2026-09-24T00:32:19.004+00:00,KXBTC15M-26SEP232045-45,84341.96,0.7300,0.7400,0.7400,425559.57,2026-09-24T00:30:00Z,2026-09-24T00:45:00Z
2026-09-24T00:32:21.150+00:00,KXBTC15M-26SEP232045-45,84341.96,0.7300,0.7400,0.7400,425559.57,2026-09-24T00:30:00Z,2026-09-24T00:45:00Z
2026-09-24T00:32:23.288+00:00,KXBTC15M-26SEP232045-45,84341.96,0.7300,0.7400,0.7400,425559.57,2026-09-24T00:30:00Z,2026-09-24T00:45:00Z
2026-09-24T00:32:25.430+00:00,KXBTC15M-26SEP232045-45,84341.96,0.7600,0.7700,0.7600,446622.71,2026-09-24T00:30:00Z,2026-09-24T00:45:00Z
2026-09-24T00:32:27.569+00:00,KXBTC15M-26SEP232045-45,84341.96,0.7600,0.7700,0.7600,446622.71,2026-09-24T00:30:00Z,2026-09-24T00:45:00Z
2026-09-24T00:32:29.728+00:00,KXBTC15M-26SEP232045-45,84341.96,0.7600,0.7700,0.7600,446622.71,2026-09-24T00:30:00Z,2026-09-24T00:45:00Z
2026-09-24T00:32:31.875+00:00,KXBTC15M-26SEP232045-45,84341.96,0.7600,0.7700,0.7600,446622.71,2026-09-24T00:30:00Z,2026-09-24T00:45:00Z
2026-09-24T00:32:34.018+00:00,KXBTC15M-26SEP232045-45,84341.96,0.7600,0.7700,0.7600,446622.71,2026-09-24T00:30:00Z,2026-09-24T00:45:00Z
2026-09-24T00:32:36.155+00:00,KXBTC15M-26SEP232045-45,84341.96,0.7500,0.7600,0.7600,487624.74,2026-09-24T00:30:00Z,2026-09-24T00:45:00Z
2026-09-24T00:32:38.298+00:00,KXBTC15M-26SEP232045-45,84341.96,0.7500,0.7600,0.7600,487624.74,2026-09-24T00:30:00Z,2026-09-24T00:45:00Z
2026-09-24T00:32:40.440+00:00,KXBTC15M-26SEP232045-45,84341.96,0.7500,0.7600,0.7600,487624.74,2026-09-24T00:30:00Z,2026-09-24T00:45:00Z
2026-09-24T00:32:42.580+00:00,KXBTC15M-26SEP232045-45,84341.96,0.7500,0.7600,0.7600,487624.74,2026-09-24T00:30:00Z,2026-09-24T00:45:00Z
2026-09-24T00:32:44.717+00:00,KXBTC15M-26SEP232045-45,84341.96,0.7500,0.7600,0.7600,487624.74,2026-09-24T00:30:00Z,2026-09-24T00:45:00Z
2026-09-24T00:32:46.871+00:00,KXBTC15M-26SEP232045-45,84341.96,0.7700,0.7800,0.7700,528528.39,2026-09-24T00:30:00Z,2026-09-24T00:45:00Z
2026-09-24T00:32:49.010+00:00,KXBTC15M-26SEP232045-45,84341.96,0.7700,0.7800,0.7700,528528.39,2026-09-24T00:30:00Z,2026-09-24T00:45:00Z
2026-09-24T00:32:51.147+00:00,KXBTC15M-26SEP232045-45,84341.96,0.7700,0.7800,0.7700,528528.39,2026-09-24T00:30:00Z,2026-09-24T00:45:00Z
2026-09-24T00:32:53.286+00:00,KXBTC15M-26SEP232045-45,84341.96,0.7700,0.7800,0.7700,528528.39,2026-09-24T00:30:00Z,2026-09-24T00:45:00Z
2026-09-24T00:32:55.432+00:00,KXBTC15M-26SEP232045-45,84341.96,0.7700,0.7800,0.7700,528528.39,2026-09-24T00:30:00Z,2026-09-24T00:45:00Z
2026-09-24T00:32:57.572+00:00,KXBTC15M-26SEP232045-45,84341.96,0.7800,0.7900,0.7800,545626.63,2026-09-24T00:30:00Z,2026-09-24T00:45:00Z
2026-09-24T00:32:59.713+00:00,KXBTC15M-26SEP232045-45,84341.96,0.7800,0.7900,0.7800,545626.63,2026-09-24T00:30:00Z,2026-09-24T00:45:00Z
2026-09-24T00:33:01.851+00:00,KXBTC15M-26SEP232045-45,84341.96,0.7800,0.7900,0.7800,545626.63,2026-09-24T00:30:00Z,2026-09-24T00:45:00Z
2026-09-24T00:33:03.991+00:00,KXBTC15M-26SEP232045-45,84341.96,0.7800,0.7900,0.7800,545626.63,2026-09-24T00:30:00Z,2026-09-24T00:45:00Z
2026-09-24T00:33:06.132+00:00,KXBTC15M-26SEP232045-45,84341.96,0.7800,0.7900,0.7800,545626.63,2026-09-24T00:30:00Z,2026-09-24T00:45:00Z
2026-09-24T00:33:08.272+00:00,KXBTC15M-26SEP232045-45,84341.96,0.7800,0.7900,0.7800,545626.63,2026-09-24T00:30:00Z,2026-09-24T00:45:00Z
2026-09-24T00:33:10.410+00:00,KXBTC15M-26SEP232045-45,84341.96,0.7800,0.7900,0.7800,561708.42,2026-09-24T00:30:00Z,2026-09-24T00:45:00Z
2026-09-24T00:33:12.546+00:00,KXBTC15M-26SEP232045-45,84341.96,0.7800,0.7900,0.7800,561708.42,2026-09-24T00:30:00Z,2026-09-24T00:45:00Z
2026-09-24T00:33:14.685+00:00,KXBTC15M-26SEP232045-45,84341.96,0.7800,0.7900,0.7800,561708.42,2026-09-24T00:30:00Z,2026-09-24T00:45:00Z
2026-09-24T00:33:16.825+00:00,KXBTC15M-26SEP232045-45,84341.96,0.7800,0.7900,0.7800,561708.42,2026-09-24T00:30:00Z,2026-09-24T00:45:00Z
2026-09-24T00:33:18.984+00:00,KXBTC15M-26SEP232045-45,84341.96,0.7800,0.7900,0.7800,561708.42,2026-09-24T00:30:00Z,2026-09-24T00:45:00Z
2026-09-24T00:33:21.127+00:00,KXBTC15M-26SEP232045-45,84341.96,0.7500,0.7600,0.7500,576257.97,2026-09-24T00:30:00Z,2026-09-24T00:45:00Z
2026-09-24T00:33:23.268+00:00,KXBTC15M-26SEP232045-45,84341.96,0.7500,0.7600,0.7500,576257.97,2026-09-24T00:30:00Z,2026-09-24T00:45:00Z
2026-09-24T00:33:25.410+00:00,KXBTC15M-26SEP232045-45,84341.96,0.7500,0.7600,0.7500,576257.97,2026-09-24T00:30:00Z,2026-09-24T00:45:00Z
2026-09-24T00:33:27.548+00:00,KXBTC15M-26SEP232045-45,84341.96,0.7500,0.7600,0.7500,576257.97,2026-09-24T00:30:00Z,2026-09-24T00:45:00Z
2026-09-24T00:33:29.688+00:00,KXBTC15M-26SEP232045-45,84341.96,0.7500,0.7600,0.7500,576257.97,2026-09-24T00:30:00Z,2026-09-24T00:45:00Z
2026-09-24T00:33:31.838+00:00,KXBTC15M-26SEP232045-45,84341.96,0.7500,0.7600,0.7600,590491.23,2026-09-24T00:30:00Z,2026-09-24T00:45:00Z
2026-09-24T00:33:33.984+00:00,KXBTC15M-26SEP232045-45,84341.96,0.7500,0.7600,0.7600,590491.23,2026-09-24T00:30:00Z,2026-09-24T00:45:00Z
2026-09-24T00:33:36.123+00:00,KXBTC15M-26SEP232045-45,84341.96,0.7500,0.7600,0.7600,590491.23,2026-09-24T00:30:00Z,2026-09-24T00:45:00Z
2026-09-24T00:33:38.262+00:00,KXBTC15M-26SEP232045-45,84341.96,0.7500,0.7600,0.7600,590491.23,2026-09-24T00:30:00Z,2026-09-24T00:45:00Z
2026-09-24T00:33:40.406+00:00,KXBTC15M-26SEP232045-45,84341.96,0.7500,0.7600,0.7600,590491.23,2026-09-24T00:30:00Z,2026-09-24T00:45:00Z
2026-09-24T00:33:42.548+00:00,KXBTC15M-26SEP232045-45,84341.96,0.7200,0.7300,0.7200,610360.71,2026-09-24T00:30:00Z,2026-09-24T00:45:00Z
2026-09-24T00:33:44.689+00:00,KXBTC15M-26SEP232045-45,84341.96,0.7200,0.7300,0.7200,610360.71,2026-09-24T00:30:00Z,2026-09-24T00:45:00Z
2026-09-24T00:33:46.831+00:00,KXBTC15M-26SEP232045-45,84341.96,0.7200,0.7300,0.7200,610360.71,2026-09-24T00:30:00Z,2026-09-24T00:45:00Z
2026-09-24T00:33:49.160+00:00,KXBTC15M-26SEP232045-45,84341.96,0.7200,0.7300,0.7200,610360.71,2026-09-24T00:30:00Z,2026-09-24T00:45:00Z
2026-09-24T00:33:51.338+00:00,KXBTC15M-26SEP232045-45,84341.96,0.7200,0.7300,0.7200,610360.71,2026-09-24T00:30:00Z,2026-09-24T00:45:00Z
2026-09-24T00:33:53.475+00:00,KXBTC15M-26SEP232045-45,84341.96,0.6800,0.6900,0.6800,651680.35,2026-09-24T00:30:00Z,2026-09-24T00:45:00Z
2026-09-24T00:33:55.614+00:00,KXBTC15M-26SEP232045-45,84341.96,0.6800,0.6900,0.6800,651680.35,2026-09-24T00:30:00Z,2026-09-24T00:45:00Z
2026-09-24T00:33:57.751+00:00,KXBTC15M-26SEP232045-45,84341.96,0.6800,0.6900,0.6800,651680.35,2026-09-24T00:30:00Z,2026-09-24T00:45:00Z
2026-09-24T00:33:59.943+00:00,KXBTC15M-26SEP232045-45,84341.96,0.6800,0.6900,0.6800,651680.35,2026-09-24T00:30:00Z,2026-09-24T00:45:00Z
2026-09-24T00:34:02.083+00:00,KXBTC15M-26SEP232045-45,84341.96,0.6800,0.6900,0.6800,651680.35,2026-09-24T00:30:00Z,2026-09-24T00:45:00Z
2026-09-24T00:34:04.230+00:00,KXBTC15M-26SEP232045-45,84341.96,0.5400,0.5500,0.5400,726485.31,2026-09-24T00:30:00Z,2026-09-24T00:45:00Z
2026-09-24T00:34:06.372+00:00,KXBTC15M-26SEP232045-45,84341.96,0.5400,0.5500,0.5400,726485.31,2026-09-24T00:30:00Z,2026-09-24T00:45:00Z
2026-09-24T00:34:08.510+00:00,KXBTC15M-26SEP232045-45,84341.96,0.5400,0.5500,0.5400,726485.31,2026-09-24T00:30:00Z,2026-09-24T00:45:00Z
2026-09-24T00:34:10.656+00:00,KXBTC15M-26SEP232045-45,84341.96,0.5400,0.5500,0.5400,726485.31,2026-09-24T00:30:00Z,2026-09-24T00:45:00Z
2026-09-24T00:34:12.799+00:00,KXBTC15M-26SEP232045-45,84341.96,0.5400,0.5500,0.5400,726485.31,2026-09-24T00:30:00Z,2026-09-24T00:45:00Z
2026-09-24T00:34:14.935+00:00,KXBTC15M-26SEP232045-45,84341.96,0.5400,0.5500,0.5400,726485.31,2026-09-24T00:30:00Z,2026-09-24T00:45:00Z
2026-09-24T00:34:17.080+00:00,KXBTC15M-26SEP232045-45,84341.96,0.6000,0.6100,0.6100,808713.15,2026-09-24T00:30:00Z,2026-09-24T00:45:00Z
2026-09-24T00:34:19.242+00:00,KXBTC15M-26SEP232045-45,84341.96,0.6000,0.6100,0.6100,808713.15,2026-09-24T00:30:00Z,2026-09-24T00:45:00Z
2026-09-24T00:34:21.383+00:00,KXBTC15M-26SEP232045-45,84341.96,0.6000,0.6100,0.6100,808713.15,2026-09-24T00:30:00Z,2026-09-24T00:45:00Z
2026-09-24T00:34:23.522+00:00,KXBTC15M-26SEP232045-45,84341.96,0.6000,0.6100,0.6100,808713.15,2026-09-24T00:30:00Z,2026-09-24T00:45:00Z
2026-09-24T00:34:25.662+00:00,KXBTC15M-26SEP232045-45,84341.96,0.6000,0.6100,0.6100,808713.15,2026-09-24T00:30:00Z,2026-09-24T00:45:00Z
2026-09-24T00:34:27.800+00:00,KXBTC15M-26SEP232045-45,84341.96,0.6400,0.6500,0.6500,839597.21,2026-09-24T00:30:00Z,2026-09-24T00:45:00Z
2026-09-24T00:34:29.943+00:00,KXBTC15M-26SEP232045-45,84341.96,0.6400,0.6500,0.6500,839597.21,2026-09-24T00:30:00Z,2026-09-24T00:45:00Z
2026-09-24T00:34:32.183+00:00,KXBTC15M-26SEP232045-45,84341.96,0.6400,0.6500,0.6500,839597.21,2026-09-24T00:30:00Z,2026-09-24T00:45:00Z
2026-09-24T00:34:34.323+00:00,KXBTC15M-26SEP232045-45,84341.96,0.6400,0.6500,0.6500,839597.21,2026-09-24T00:30:00Z,2026-09-24T00:45:00Z
2026-09-24T00:34:36.466+00:00,KXBTC15M-26SEP232045-45,84341.96,0.6400,0.6500,0.6500,839597.21,2026-09-24T00:30:00Z,2026-09-24T00:45:00Z
2026-09-24T00:34:38.647+00:00,KXBTC15M-26SEP232045-45,84341.96,0.5500,0.5600,0.5600,859184.41,2026-09-24T00:30:00Z,2026-09-24T00:45:00Z
2026-09-24T00:34:40.786+00:00,KXBTC15M-26SEP232045-45,84341.96,0.5500,0.5600,0.5600,859184.41,2026-09-24T00:30:00Z,2026-09-24T00:45:00Z
2026-09-24T00:34:42.927+00:00,KXBTC15M-26SEP232045-45,84341.96,0.5500,0.5600,0.5600,859184.41,2026-09-24T00:30:00Z,2026-09-24T00:45:00Z
2026-09-24T00:34:45.075+00:00,KXBTC15M-26SEP232045-45,84341.96,0.5500,0.5600,0.5600,859184.41,2026-09-24T00:30:00Z,2026-09-24T00:45:00Z
2026-09-24T00:34:47.217+00:00,KXBTC15M-26SEP232045-45,84341.96,0.5500,0.5600,0.5600,859184.41,2026-09-24T00:30:00Z,2026-09-24T00:45:00Z
2026-09-24T00:34:49.374+00:00,KXBTC15M-26SEP232045-45,84341.96,0.5600,0.5700,0.5700,879654.74,2026-09-24T00:30:00Z,2026-09-24T00:45:00Z
2026-09-24T00:34:51.513+00:00,KXBTC15M-26SEP232045-45,84341.96,0.5600,0.5700,0.5700,879654.74,2026-09-24T00:30:00Z,2026-09-24T00:45:00Z
2026-09-24T00:34:53.653+00:00,KXBTC15M-26SEP232045-45,84341.96,0.5600,0.5700,0.5700,879654.74,2026-09-24T00:30:00Z,2026-09-24T00:45:00Z
2026-09-24T00:34:55.842+00:00,KXBTC15M-26SEP232045-45,84341.96,0.5600,0.5700,0.5700,879654.74,2026-09-24T00:30:00Z,2026-09-24T00:45:00Z
2026-09-24T00:34:58.228+00:00,KXBTC15M-26SEP232045-45,84341.96,0.5600,0.5700,0.5700,879654.74,2026-09-24T00:30:00Z,2026-09-24T00:45:00Z
2026-09-24T00:35:00.365+00:00,KXBTC15M-26SEP232045-45,84341.96,0.5900,0.6000,0.6000,893470.58,2026-09-24T00:30:00Z,2026-09-24T00:45:00Z
2026-09-24T00:35:02.516+00:00,KXBTC15M-26SEP232045-45,84341.96,0.5900,0.6000,0.6000,893470.58,2026-09-24T00:30:00Z,2026-09-24T00:45:00Z
2026-09-24T00:35:04.659+00:00,KXBTC15M-26SEP232045-45,84341.96,0.5900,0.6000,0.6000,893470.58,2026-09-24T00:30:00Z,2026-09-24T00:45:00Z
2026-09-24T00:35:06.834+00:00,KXBTC15M-26SEP232045-45,84341.96,0.5900,0.6000,0.6000,893470.58,2026-09-24T00:30:00Z,2026-09-24T00:45:00Z
2026-09-24T00:35:08.980+00:00,KXBTC15M-26SEP232045-45,84341.96,0.5900,0.6000,0.6000,893470.58,2026-09-24T00:30:00Z,2026-09-24T00:45:00Z
2026-09-24T00:35:11.366+00:00,KXBTC15M-26SEP232045-45,84341.96,0.5700,0.5800,0.5800,921904.43,2026-09-24T00:30:00Z,2026-09-24T00:45:00Z
2026-09-24T00:35:13.505+00:00,KXBTC15M-26SEP232045-45,84341.96,0.5700,0.5800,0.5800,921904.43,2026-09-24T00:30:00Z,2026-09-24T00:45:00Z
2026-09-24T00:35:15.646+00:00,KXBTC15M-26SEP232045-45,84341.96,0.5700,0.5800,0.5800,921904.43,2026-09-24T00:30:00Z,2026-09-24T00:45:00Z
2026-09-24T00:35:17.787+00:00,KXBTC15M-26SEP232045-45,84341.96,0.5700,0.5800,0.5800,921904.43,2026-09-24T00:30:00Z,2026-09-24T00:45:00Z
2026-09-24T00:35:19.937+00:00,KXBTC15M-26SEP232045-45,84341.96,0.5700,0.5800,0.5800,921904.43,2026-09-24T00:30:00Z,2026-09-24T00:45:00Z
2026-09-24T00:35:22.074+00:00,KXBTC15M-26SEP232045-45,84341.96,0.5000,0.5100,0.5100,947359.20,2026-09-24T00:30:00Z,2026-09-24T00:45:00Z
2026-09-24T00:35:24.215+00:00,KXBTC15M-26SEP232045-45,84341.96,0.5000,0.5100,0.5100,947359.20,2026-09-24T00:30:00Z,2026-09-24T00:45:00Z
2026-09-24T00:35:26.366+00:00,KXBTC15M-26SEP232045-45,84341.96,0.5000,0.5100,0.5100,947359.20,2026-09-24T00:30:00Z,2026-09-24T00:45:00Z
2026-09-24T00:35:28.506+00:00,KXBTC15M-26SEP232045-45,84341.96,0.5000,0.5100,0.5100,947359.20,2026-09-24T00:30:00Z,2026-09-24T00:45:00Z
2026-09-24T00:35:30.649+00:00,KXBTC15M-26SEP232045-45,84341.96,0.4600,0.4700,0.4600,975631.93,2026-09-24T00:30:00Z,2026-09-24T00:45:00Z
2026-09-24T00:35:32.790+00:00,KXBTC15M-26SEP232045-45,84341.96,0.4600,0.4700,0.4600,975631.93,2026-09-24T00:30:00Z,2026-09-24T00:45:00Z
2026-09-24T00:35:34.932+00:00,KXBTC15M-26SEP232045-45,84341.96,0.4600,0.4700,0.4600,975631.93,2026-09-24T00:30:00Z,2026-09-24T00:45:00Z
2026-09-24T00:35:37.074+00:00,KXBTC15M-26SEP232045-45,84341.96,0.4600,0.4700,0.4600,975631.93,2026-09-24T00:30:00Z,2026-09-24T00:45:00Z
2026-09-24T00:35:39.212+00:00,KXBTC15M-26SEP232045-45,84341.96,0.4600,0.4700,0.4600,975631.93,2026-09-24T00:30:00Z,2026-09-24T00:45:00Z
2026-09-24T00:35:41.354+00:00,KXBTC15M-26SEP232045-45,84341.96,0.4600,0.4700,0.4600,975631.93,2026-09-24T00:30:00Z,2026-09-24T00:45:00Z
2026-09-24T00:35:43.492+00:00,KXBTC15M-26SEP232045-45,84341.96,0.4600,0.4700,0.4700,1007378.77,2026-09-24T00:30:00Z,2026-09-24T00:45:00Z
2026-09-24T00:35:45.636+00:00,KXBTC15M-26SEP232045-45,84341.96,0.4600,0.4700,0.4700,1007378.77,2026-09-24T00:30:00Z,2026-09-24T00:45:00Z
2026-09-24T00:35:47.774+00:00,KXBTC15M-26SEP232045-45,84341.96,0.4600,0.4700,0.4700,1007378.77,2026-09-24T00:30:00Z,2026-09-24T00:45:00Z
2026-09-24T00:35:49.911+00:00,KXBTC15M-26SEP232045-45,84341.96,0.4600,0.4700,0.4700,1007378.77,2026-09-24T00:30:00Z,2026-09-24T00:45:00Z
2026-09-24T00:35:52.067+00:00,KXBTC15M-26SEP232045-45,84341.96,0.4600,0.4700,0.4700,1007378.77,2026-09-24T00:30:00Z,2026-09-24T00:45:00Z
2026-09-24T00:35:54.208+00:00,KXBTC15M-26SEP232045-45,84341.96,0.4600,0.4700,0.4700,1022373.50,2026-09-24T00:30:00Z,2026-09-24T00:45:00Z
2026-09-24T00:35:56.345+00:00,KXBTC15M-26SEP232045-45,84341.96,0.4600,0.4700,0.4700,1022373.50,2026-09-24T00:30:00Z,2026-09-24T00:45:00Z
2026-09-24T00:35:58.559+00:00,KXBTC15M-26SEP232045-45,84341.96,0.4600,0.4700,0.4700,1022373.50,2026-09-24T00:30:00Z,2026-09-24T00:45:00Z
2026-09-24T00:36:00.697+00:00,KXBTC15M-26SEP232045-45,84341.96,0.4600,0.4700,0.4700,1022373.50,2026-09-24T00:30:00Z,2026-09-24T00:45:00Z
2026-09-24T00:36:02.837+00:00,KXBTC15M-26SEP232045-45,84341.96,0.4600,0.4700,0.4700,1022373.50,2026-09-24T00:30:00Z,2026-09-24T00:45:00Z
2026-09-24T00:36:04.975+00:00,KXBTC15M-26SEP232045-45,84341.96,0.4200,0.4300,0.4200,1079264.35,2026-09-24T00:30:00Z,2026-09-24T00:45:00Z
2026-09-24T00:36:07.114+00:00,KXBTC15M-26SEP232045-45,84341.96,0.4200,0.4300,0.4200,1079264.35,2026-09-24T00:30:00Z,2026-09-24T00:45:00Z
2026-09-24T00:36:09.257+00:00,KXBTC15M-26SEP232045-45,84341.96,0.4200,0.4300,0.4200,1079264.35,2026-09-24T00:30:00Z,2026-09-24T00:45:00Z
2026-09-24T00:36:11.398+00:00,KXBTC15M-26SEP232045-45,84341.96,0.4200,0.4300,0.4200,1079264.35,2026-09-24T00:30:00Z,2026-09-24T00:45:00Z
2026-09-24T00:36:13.537+00:00,KXBTC15M-26SEP232045-45,84341.96,0.4200,0.4300,0.4200,1079264.35,2026-09-24T00:30:00Z,2026-09-24T00:45:00Z
2026-09-24T00:36:15.675+00:00,KXBTC15M-26SEP232045-45,84341.96,0.4400,0.4500,0.4500,1098546.61,2026-09-24T00:30:00Z,2026-09-24T00:45:00Z
2026-09-24T00:36:17.816+00:00,KXBTC15M-26SEP232045-45,84341.96,0.4400,0.4500,0.4500,1098546.61,2026-09-24T00:30:00Z,2026-09-24T00:45:00Z
2026-09-24T00:36:19.958+00:00,KXBTC15M-26SEP232045-45,84341.96,0.4400,0.4500,0.4500,1098546.61,2026-09-24T00:30:00Z,2026-09-24T00:45:00Z
2026-09-24T00:36:22.112+00:00,KXBTC15M-26SEP232045-45,84341.96,0.4400,0.4500,0.4500,1098546.61,2026-09-24T00:30:00Z,2026-09-24T00:45:00Z
2026-09-24T00:36:24.254+00:00,KXBTC15M-26SEP232045-45,84341.96,0.4400,0.4500,0.4500,1098546.61,2026-09-24T00:30:00Z,2026-09-24T00:45:00Z
2026-09-24T00:36:26.394+00:00,KXBTC15M-26SEP232045-45,84341.96,0.4300,0.4400,0.4300,1111192.98,2026-09-24T00:30:00Z,2026-09-24T00:45:00Z
2026-09-24T00:36:28.535+00:00,KXBTC15M-26SEP232045-45,84341.96,0.4300,0.4400,0.4300,1111192.98,2026-09-24T00:30:00Z,2026-09-24T00:45:00Z
2026-09-24T00:36:30.675+00:00,KXBTC15M-26SEP232045-45,84341.96,0.4300,0.4400,0.4300,1111192.98,2026-09-24T00:30:00Z,2026-09-24T00:45:00Z
2026-09-24T00:36:32.813+00:00,KXBTC15M-26SEP232045-45,84341.96,0.4300,0.4400,0.4300,1111192.98,2026-09-24T00:30:00Z,2026-09-24T00:45:00Z
2026-09-24T00:36:34.958+00:00,KXBTC15M-26SEP232045-45,84341.96,0.4300,0.4400,0.4300,1111192.98,2026-09-24T00:30:00Z,2026-09-24T00:45:00Z
2026-09-24T00:36:37.102+00:00,KXBTC15M-26SEP232045-45,84341.96,0.4300,0.4400,0.4300,1111192.98,2026-09-24T00:30:00Z,2026-09-24T00:45:00Z
2026-09-24T00:36:39.249+00:00,KXBTC15M-26SEP232045-45,84341.96,0.4200,0.4300,0.4300,1129452.53,2026-09-24T00:30:00Z,2026-09-24T00:45:00Z
2026-09-24T00:36:41.392+00:00,KXBTC15M-26SEP232045-45,84341.96,0.4200,0.4300,0.4300,1129452.53,2026-09-24T00:30:00Z,2026-09-24T00:45:00Z
2026-09-24T00:36:43.529+00:00,KXBTC15M-26SEP232045-45,84341.96,0.4200,0.4300,0.4300,1129452.53,2026-09-24T00:30:00Z,2026-09-24T00:45:00Z
2026-09-24T00:36:45.666+00:00,KXBTC15M-26SEP232045-45,84341.96,0.4200,0.4300,0.4300,1129452.53,2026-09-24T00:30:00Z,2026-09-24T00:45:00Z
2026-09-24T00:36:47.807+00:00,KXBTC15M-26SEP232045-45,84341.96,0.4300,0.4400,0.4400,1138400.74,2026-09-24T00:30:00Z,2026-09-24T00:45:00Z
2026-09-24T00:36:49.950+00:00,KXBTC15M-26SEP232045-45,84341.96,0.4300,0.4400,0.4400,1138400.74,2026-09-24T00:30:00Z,2026-09-24T00:45:00Z
2026-09-24T00:36:52.093+00:00,KXBTC15M-26SEP232045-45,84341.96,0.4300,0.4400,0.4400,1138400.74,2026-09-24T00:30:00Z,2026-09-24T00:45:00Z
2026-09-24T00:36:54.441+00:00,KXBTC15M-26SEP232045-45,84341.96,0.4300,0.4400,0.4400,1138400.74,2026-09-24T00:30:00Z,2026-09-24T00:45:00Z
2026-09-24T00:36:56.582+00:00,KXBTC15M-26SEP232045-45,84341.96,0.4300,0.4400,0.4400,1138400.74,2026-09-24T00:30:00Z,2026-09-24T00:45:00Z
2026-09-24T00:36:58.724+00:00,KXBTC15M-26SEP232045-45,84341.96,0.4700,0.4800,0.4800,1164288.87,2026-09-24T00:30:00Z,2026-09-24T00:45:00Z
2026-09-24T00:37:00.865+00:00,KXBTC15M-26SEP232045-45,84341.96,0.4700,0.4800,0.4800,1164288.87,2026-09-24T00:30:00Z,2026-09-24T00:45:00Z
2026-09-24T00:37:03.006+00:00,KXBTC15M-26SEP232045-45,84341.96,0.4700,0.4800,0.4800,1164288.87,2026-09-24T00:30:00Z,2026-09-24T00:45:00Z
2026-09-24T00:37:05.146+00:00,KXBTC15M-26SEP232045-45,84341.96,0.4700,0.4800,0.4800,1164288.87,2026-09-24T00:30:00Z,2026-09-24T00:45:00Z
2026-09-24T00:37:07.288+00:00,KXBTC15M-26SEP232045-45,84341.96,0.4700,0.4800,0.4800,1164288.87,2026-09-24T00:30:00Z,2026-09-24T00:45:00Z
2026-09-24T00:37:09.427+00:00,KXBTC15M-26SEP232045-45,84341.96,0.4200,0.4300,0.4300,1231599.86,2026-09-24T00:30:00Z,2026-09-24T00:45:00Z
2026-09-24T00:37:11.568+00:00,KXBTC15M-26SEP232045-45,84341.96,0.4200,0.4300,0.4300,1231599.86,2026-09-24T00:30:00Z,2026-09-24T00:45:00Z
2026-09-24T00:37:13.708+00:00,KXBTC15M-26SEP232045-45,84341.96,0.4200,0.4300,0.4300,1231599.86,2026-09-24T00:30:00Z,2026-09-24T00:45:00Z
2026-09-24T00:37:15.897+00:00,KXBTC15M-26SEP232045-45,84341.96,0.4200,0.4300,0.4300,1231599.86,2026-09-24T00:30:00Z,2026-09-24T00:45:00Z
2026-09-24T00:37:18.037+00:00,KXBTC15M-26SEP232045-45,84341.96,0.4200,0.4300,0.4300,1231599.86,2026-09-24T00:30:00Z,2026-09-24T00:45:00Z
2026-09-24T00:37:20.176+00:00,KXBTC15M-26SEP232045-45,84341.96,0.4200,0.4300,0.4300,1231599.86,2026-09-24T00:30:00Z,2026-09-24T00:45:00Z
2026-09-24T00:37:22.317+00:00,KXBTC15M-26SEP232045-45,84341.96,0.4000,0.4100,0.4000,1256943.99,2026-09-24T00:30:00Z,2026-09-24T00:45:00Z
2026-09-24T00:37:24.779+00:00,KXBTC15M-26SEP232045-45,84341.96,0.4000,0.4100,0.4000,1256943.99,2026-09-24T00:30:00Z,2026-09-24T00:45:00Z
2026-09-24T00:37:26.917+00:00,KXBTC15M-26SEP232045-45,84341.96,0.4000,0.4100,0.4000,1256943.99,2026-09-24T00:30:00Z,2026-09-24T00:45:00Z
2026-09-24T00:37:29.058+00:00,KXBTC15M-26SEP232045-45,84341.96,0.4000,0.4100,0.4000,1256943.99,2026-09-24T00:30:00Z,2026-09-24T00:45:00Z
2026-09-24T00:37:31.196+00:00,KXBTC15M-26SEP232045-45,84341.96,0.3500,0.3600,0.3600,1327095.33,2026-09-24T00:30:00Z,2026-09-24T00:45:00Z
2026-09-24T00:37:33.337+00:00,KXBTC15M-26SEP232045-45,84341.96,0.3500,0.3600,0.3600,1327095.33,2026-09-24T00:30:00Z,2026-09-24T00:45:00Z
2026-09-24T00:37:35.476+00:00,KXBTC15M-26SEP232045-45,84341.96,0.3500,0.3600,0.3600,1327095.33,2026-09-24T00:30:00Z,2026-09-24T00:45:00Z
2026-09-24T00:37:37.617+00:00,KXBTC15M-26SEP232045-45,84341.96,0.3500,0.3600,0.3600,1327095.33,2026-09-24T00:30:00Z,2026-09-24T00:45:00Z
2026-09-24T00:37:39.759+00:00,KXBTC15M-26SEP232045-45,84341.96,0.3500,0.3600,0.3600,1327095.33,2026-09-24T00:30:00Z,2026-09-24T00:45:00Z
2026-09-24T00:37:41.904+00:00,KXBTC15M-26SEP232045-45,84341.96,0.3500,0.3600,0.3600,1363896.79,2026-09-24T00:30:00Z,2026-09-24T00:45:00Z
2026-09-24T00:37:44.043+00:00,KXBTC15M-26SEP232045-45,84341.96,0.3500,0.3600,0.3600,1363896.79,2026-09-24T00:30:00Z,2026-09-24T00:45:00Z
2026-09-24T00:37:46.182+00:00,KXBTC15M-26SEP232045-45,84341.96,0.3500,0.3600,0.3600,1363896.79,2026-09-24T00:30:00Z,2026-09-24T00:45:00Z
2026-09-24T00:37:48.550+00:00,KXBTC15M-26SEP232045-45,84341.96,0.3500,0.3600,0.3600,1363896.79,2026-09-24T00:30:00Z,2026-09-24T00:45:00Z
2026-09-24T00:37:50.717+00:00,KXBTC15M-26SEP232045-45,84341.96,0.3500,0.3600,0.3600,1363896.79,2026-09-24T00:30:00Z,2026-09-24T00:45:00Z
2026-09-24T00:37:52.858+00:00,KXBTC15M-26SEP232045-45,84341.96,0.3500,0.3600,0.3600,1363896.79,2026-09-24T00:30:00Z,2026-09-24T00:45:00Z
2026-09-24T00:37:55.011+00:00,KXBTC15M-26SEP232045-45,84341.96,0.3200,0.3300,0.3300,1395593.65,2026-09-24T00:30:00Z,2026-09-24T00:45:00Z
2026-09-24T00:37:57.153+00:00,KXBTC15M-26SEP232045-45,84341.96,0.3200,0.3300,0.3300,1395593.65,2026-09-24T00:30:00Z,2026-09-24T00:45:00Z
2026-09-24T00:37:59.294+00:00,KXBTC15M-26SEP232045-45,84341.96,0.3200,0.3300,0.3300,1395593.65,2026-09-24T00:30:00Z,2026-09-24T00:45:00Z
2026-09-24T00:38:01.435+00:00,KXBTC15M-26SEP232045-45,84341.96,0.3200,0.3300,0.3300,1395593.65,2026-09-24T00:30:00Z,2026-09-24T00:45:00Z
2026-09-24T00:38:03.579+00:00,KXBTC15M-26SEP232045-45,84341.96,0.3200,0.3300,0.3300,1395593.65,2026-09-24T00:30:00Z,2026-09-24T00:45:00Z
2026-09-24T00:38:05.720+00:00,KXBTC15M-26SEP232045-45,84341.96,0.3300,0.3400,0.3300,1429590.27,2026-09-24T00:30:00Z,2026-09-24T00:45:00Z
2026-09-24T00:38:07.864+00:00,KXBTC15M-26SEP232045-45,84341.96,0.3300,0.3400,0.3300,1429590.27,2026-09-24T00:30:00Z,2026-09-24T00:45:00Z
2026-09-24T00:38:10.006+00:00,KXBTC15M-26SEP232045-45,84341.96,0.3300,0.3400,0.3300,1429590.27,2026-09-24T00:30:00Z,2026-09-24T00:45:00Z
2026-09-24T00:38:12.145+00:00,KXBTC15M-26SEP232045-45,84341.96,0.3300,0.3400,0.3300,1429590.27,2026-09-24T00:30:00Z,2026-09-24T00:45:00Z
2026-09-24T00:38:14.283+00:00,KXBTC15M-26SEP232045-45,84341.96,0.3300,0.3400,0.3300,1429590.27,2026-09-24T00:30:00Z,2026-09-24T00:45:00Z
2026-09-24T00:38:16.426+00:00,KXBTC15M-26SEP232045-45,84341.96,0.2200,0.2300,0.2200,1488962.93,2026-09-24T00:30:00Z,2026-09-24T00:45:00Z
2026-09-24T00:38:18.570+00:00,KXBTC15M-26SEP232045-45,84341.96,0.2200,0.2300,0.2200,1488962.93,2026-09-24T00:30:00Z,2026-09-24T00:45:00Z
2026-09-24T00:38:20.953+00:00,KXBTC15M-26SEP232045-45,84341.96,0.2200,0.2300,0.2200,1488962.93,2026-09-24T00:30:00Z,2026-09-24T00:45:00Z
2026-09-24T00:38:23.097+00:00,KXBTC15M-26SEP232045-45,84341.96,0.2200,0.2300,0.2200,1488962.93,2026-09-24T00:30:00Z,2026-09-24T00:45:00Z
2026-09-24T00:38:25.291+00:00,KXBTC15M-26SEP232045-45,84341.96,0.2200,0.2300,0.2200,1488962.93,2026-09-24T00:30:00Z,2026-09-24T00:45:00Z
2026-09-24T00:38:27.426+00:00,KXBTC15M-26SEP232045-45,84341.96,0.2000,0.2100,0.2100,1560295.58,2026-09-24T00:30:00Z,2026-09-24T00:45:00Z
2026-09-24T00:38:29.806+00:00,KXBTC15M-26SEP232045-45,84341.96,0.2000,0.2100,0.2100,1560295.58,2026-09-24T00:30:00Z,2026-09-24T00:45:00Z
2026-09-24T00:38:31.945+00:00,KXBTC15M-26SEP232045-45,84341.96,0.2000,0.2100,0.2100,1560295.58,2026-09-24T00:30:00Z,2026-09-24T00:45:00Z
2026-09-24T00:38:34.085+00:00,KXBTC15M-26SEP232045-45,84341.96,0.2000,0.2100,0.2100,1560295.58,2026-09-24T00:30:00Z,2026-09-24T00:45:00Z
2026-09-24T00:38:36.225+00:00,KXBTC15M-26SEP232045-45,84341.96,0.2000,0.2100,0.2100,1560295.58,2026-09-24T00:30:00Z,2026-09-24T00:45:00Z
2026-09-24T00:38:38.366+00:00,KXBTC15M-26SEP232045-45,84341.96,0.1900,0.2000,0.1900,1641373.90,2026-09-24T00:30:00Z,2026-09-24T00:45:00Z
2026-09-24T00:38:40.507+00:00,KXBTC15M-26SEP232045-45,84341.96,0.1900,0.2000,0.1900,1641373.90,2026-09-24T00:30:00Z,2026-09-24T00:45:00Z
2026-09-24T00:38:42.651+00:00,KXBTC15M-26SEP232045-45,84341.96,0.1900,0.2000,0.1900,1641373.90,2026-09-24T00:30:00Z,2026-09-24T00:45:00Z
2026-09-24T00:38:44.794+00:00,KXBTC15M-26SEP232045-45,84341.96,0.1900,0.2000,0.1900,1641373.90,2026-09-24T00:30:00Z,2026-09-24T00:45:00Z
2026-09-24T00:38:46.949+00:00,KXBTC15M-26SEP232045-45,84341.96,0.1900,0.2000,0.1900,1641373.90,2026-09-24T00:30:00Z,2026-09-24T00:45:00Z
2026-09-24T00:38:49.092+00:00,KXBTC15M-26SEP232045-45,84341.96,0.3700,0.3800,0.3700,1688361.87,2026-09-24T00:30:00Z,2026-09-24T00:45:00Z
2026-09-24T00:38:51.237+00:00,KXBTC15M-26SEP232045-45,84341.96,0.3700,0.3800,0.3700,1688361.87,2026-09-24T00:30:00Z,2026-09-24T00:45:00Z
2026-09-24T00:38:53.383+00:00,KXBTC15M-26SEP232045-45,84341.96,0.3700,0.3800,0.3700,1688361.87,2026-09-24T00:30:00Z,2026-09-24T00:45:00Z
2026-09-24T00:38:55.664+00:00,KXBTC15M-26SEP232045-45,84341.96,0.3700,0.3800,0.3700,1688361.87,2026-09-24T00:30:00Z,2026-09-24T00:45:00Z
2026-09-24T00:38:57.802+00:00,KXBTC15M-26SEP232045-45,84341.96,0.3700,0.3800,0.3700,1688361.87,2026-09-24T00:30:00Z,2026-09-24T00:45:00Z
2026-09-24T00:38:59.939+00:00,KXBTC15M-26SEP232045-45,84341.96,0.3700,0.3800,0.3700,1688361.87,2026-09-24T00:30:00Z,2026-09-24T00:45:00Z
2026-09-24T00:39:02.077+00:00,KXBTC15M-26SEP232045-45,84341.96,0.3500,0.3700,0.3700,1742305.73,2026-09-24T00:30:00Z,2026-09-24T00:45:00Z
2026-09-24T00:39:04.225+00:00,KXBTC15M-26SEP232045-45,84341.96,0.3500,0.3700,0.3700,1742305.73,2026-09-24T00:30:00Z,2026-09-24T00:45:00Z
2026-09-24T00:39:06.366+00:00,KXBTC15M-26SEP232045-45,84341.96,0.3500,0.3700,0.3700,1742305.73,2026-09-24T00:30:00Z,2026-09-24T00:45:00Z
2026-09-24T00:39:08.509+00:00,KXBTC15M-26SEP232045-45,84341.96,0.3500,0.3700,0.3700,1742305.73,2026-09-24T00:30:00Z,2026-09-24T00:45:00Z
2026-09-24T00:39:10.652+00:00,KXBTC15M-26SEP232045-45,84341.96,0.3500,0.3600,0.3500,1763635.53,2026-09-24T00:30:00Z,2026-09-24T00:45:00Z
2026-09-24T00:39:12.791+00:00,KXBTC15M-26SEP232045-45,84341.96,0.3500,0.3600,0.3500,1763635.53,2026-09-24T00:30:00Z,2026-09-24T00:45:00Z
2026-09-24T00:39:14.956+00:00,KXBTC15M-26SEP232045-45,84341.96,0.3500,0.3600,0.3500,1763635.53,2026-09-24T00:30:00Z,2026-09-24T00:45:00Z
2026-09-24T00:39:17.097+00:00,KXBTC15M-26SEP232045-45,84341.96,0.3500,0.3600,0.3500,1763635.53,2026-09-24T00:30:00Z,2026-09-24T00:45:00Z
2026-09-24T00:39:19.236+00:00,KXBTC15M-26SEP232045-45,84341.96,0.3500,0.3600,0.3500,1763635.53,2026-09-24T00:30:00Z,2026-09-24T00:45:00Z
2026-09-24T00:39:21.376+00:00,KXBTC15M-26SEP232045-45,84341.96,0.3500,0.3600,0.3500,1763635.53,2026-09-24T00:30:00Z,2026-09-24T00:45:00Z
2026-09-24T00:39:23.516+00:00,KXBTC15M-26SEP232045-45,84341.96,0.3700,0.3800,0.3700,1802088.66,2026-09-24T00:30:00Z,2026-09-24T00:45:00Z
2026-09-24T00:39:25.670+00:00,KXBTC15M-26SEP232045-45,84341.96,0.3700,0.3800,0.3700,1802088.66,2026-09-24T00:30:00Z,2026-09-24T00:45:00Z
2026-09-24T00:39:27.812+00:00,KXBTC15M-26SEP232045-45,84341.96,0.3700,0.3800,0.3700,1802088.66,2026-09-24T00:30:00Z,2026-09-24T00:45:00Z
2026-09-24T00:39:29.954+00:00,KXBTC15M-26SEP232045-45,84341.96,0.3700,0.3800,0.3700,1802088.66,2026-09-24T00:30:00Z,2026-09-24T00:45:00Z
2026-09-24T00:39:32.099+00:00,KXBTC15M-26SEP232045-45,84341.96,0.3700,0.3800,0.3700,1802088.66,2026-09-24T00:30:00Z,2026-09-24T00:45:00Z
2026-09-24T00:39:34.239+00:00,KXBTC15M-26SEP232045-45,84341.96,0.3200,0.3300,0.3200,1819949.53,2026-09-24T00:30:00Z,2026-09-24T00:45:00Z
2026-09-24T00:39:36.378+00:00,KXBTC15M-26SEP232045-45,84341.96,0.3200,0.3300,0.3200,1819949.53,2026-09-24T00:30:00Z,2026-09-24T00:45:00Z
2026-09-24T00:39:38.517+00:00,KXBTC15M-26SEP232045-45,84341.96,0.3200,0.3300,0.3200,1819949.53,2026-09-24T00:30:00Z,2026-09-24T00:45:00Z
2026-09-24T00:39:40.656+00:00,KXBTC15M-26SEP232045-45,84341.96,0.3200,0.3300,0.3200,1819949.53,2026-09-24T00:30:00Z,2026-09-24T00:45:00Z
2026-09-24T00:39:42.792+00:00,KXBTC15M-26SEP232045-45,84341.96,0.3200,0.3300,0.3200,1819949.53,2026-09-24T00:30:00Z,2026-09-24T00:45:00Z
2026-09-24T00:39:44.934+00:00,KXBTC15M-26SEP232045-45,84341.96,0.2900,0.3000,0.3000,1836676.02,2026-09-24T00:30:00Z,2026-09-24T00:45:00Z
2026-09-24T00:39:47.071+00:00,KXBTC15M-26SEP232045-45,84341.96,0.2900,0.3000,0.3000,1836676.02,2026-09-24T00:30:00Z,2026-09-24T00:45:00Z
2026-09-24T00:39:49.213+00:00,KXBTC15M-26SEP232045-45,84341.96,0.2900,0.3000,0.3000,1836676.02,2026-09-24T00:30:00Z,2026-09-24T00:45:00Z
2026-09-24T00:39:51.355+00:00,KXBTC15M-26SEP232045-45,84341.96,0.2900,0.3000,0.3000,1836676.02,2026-09-24T00:30:00Z,2026-09-24T00:45:00Z
2026-09-24T00:39:53.498+00:00,KXBTC15M-26SEP232045-45,84341.96,0.2900,0.3000,0.3000,1836676.02,2026-09-24T00:30:00Z,2026-09-24T00:45:00Z
2026-09-24T00:39:55.640+00:00,KXBTC15M-26SEP232045-45,84341.96,0.2200,0.2300,0.2200,1894349.99,2026-09-24T00:30:00Z,2026-09-24T00:45:00Z
2026-09-24T00:39:57.849+00:00,KXBTC15M-26SEP232045-45,84341.96,0.2200,0.2300,0.2200,1894349.99,2026-09-24T00:30:00Z,2026-09-24T00:45:00Z
2026-09-24T00:40:00.004+00:00,KXBTC15M-26SEP232045-45,84341.96,0.2200,0.2300,0.2200,1894349.99,2026-09-24T00:30:00Z,2026-09-24T00:45:00Z
2026-09-24T00:40:02.220+00:00,KXBTC15M-26SEP232045-45,84341.96,0.2200,0.2300,0.2200,1894349.99,2026-09-24T00:30:00Z,2026-09-24T00:45:00Z
2026-09-24T00:40:04.359+00:00,KXBTC15M-26SEP232045-45,84341.96,0.2200,0.2300,0.2200,1894349.99,2026-09-24T00:30:00Z,2026-09-24T00:45:00Z
2026-09-24T00:40:06.499+00:00,KXBTC15M-26SEP232045-45,84341.96,0.2100,0.2200,0.2100,1929128.85,2026-09-24T00:30:00Z,2026-09-24T00:45:00Z
2026-09-24T00:40:08.638+00:00,KXBTC15M-26SEP232045-45,84341.96,0.2100,0.2200,0.2100,1929128.85,2026-09-24T00:30:00Z,2026-09-24T00:45:00Z
2026-09-24T00:40:10.780+00:00,KXBTC15M-26SEP232045-45,84341.96,0.2100,0.2200,0.2100,1929128.85,2026-09-24T00:30:00Z,2026-09-24T00:45:00Z
2026-09-24T00:40:12.920+00:00,KXBTC15M-26SEP232045-45,84341.96,0.2100,0.2200,0.2100,1929128.85,2026-09-24T00:30:00Z,2026-09-24T00:45:00Z
2026-09-24T00:40:15.055+00:00,KXBTC15M-26SEP232045-45,84341.96,0.2100,0.2200,0.2100,1929128.85,2026-09-24T00:30:00Z,2026-09-24T00:45:00Z
2026-09-24T00:40:17.197+00:00,KXBTC15M-26SEP232045-45,84341.96,0.2100,0.2200,0.2100,1929128.85,2026-09-24T00:30:00Z,2026-09-24T00:45:00Z
2026-09-24T00:40:19.336+00:00,KXBTC15M-26SEP232045-45,84341.96,0.1400,0.1500,0.1400,2004876.88,2026-09-24T00:30:00Z,2026-09-24T00:45:00Z
2026-09-24T00:40:21.474+00:00,KXBTC15M-26SEP232045-45,84341.96,0.1400,0.1500,0.1400,2004876.88,2026-09-24T00:30:00Z,2026-09-24T00:45:00Z
2026-09-24T00:40:23.613+00:00,KXBTC15M-26SEP232045-45,84341.96,0.1400,0.1500,0.1400,2004876.88,2026-09-24T00:30:00Z,2026-09-24T00:45:00Z
2026-09-24T00:40:25.753+00:00,KXBTC15M-26SEP232045-45,84341.96,0.1400,0.1500,0.1400,2004876.88,2026-09-24T00:30:00Z,2026-09-24T00:45:00Z
2026-09-24T00:40:27.906+00:00,KXBTC15M-26SEP232045-45,84341.96,0.1400,0.1500,0.1400,2004876.88,2026-09-24T00:30:00Z,2026-09-24T00:45:00Z
2026-09-24T00:40:30.047+00:00,KXBTC15M-26SEP232045-45,84341.96,0.1400,0.1500,0.1400,2087611.90,2026-09-24T00:30:00Z,2026-09-24T00:45:00Z
2026-09-24T00:40:32.192+00:00,KXBTC15M-26SEP232045-45,84341.96,0.1400,0.1500,0.1400,2087611.90,2026-09-24T00:30:00Z,2026-09-24T00:45:00Z
2026-09-24T00:40:34.336+00:00,KXBTC15M-26SEP232045-45,84341.96,0.1400,0.1500,0.1400,2087611.90,2026-09-24T00:30:00Z,2026-09-24T00:45:00Z
2026-09-24T00:40:36.474+00:00,KXBTC15M-26SEP232045-45,84341.96,0.1400,0.1500,0.1400,2087611.90,2026-09-24T00:30:00Z,2026-09-24T00:45:00Z
2026-09-24T00:40:38.619+00:00,KXBTC15M-26SEP232045-45,84341.96,0.1400,0.1500,0.1400,2087611.90,2026-09-24T00:30:00Z,2026-09-24T00:45:00Z
2026-09-24T00:40:40.763+00:00,KXBTC15M-26SEP232045-45,84341.96,0.1900,0.2000,0.2000,2143452.19,2026-09-24T00:30:00Z,2026-09-24T00:45:00Z
2026-09-24T00:40:42.901+00:00,KXBTC15M-26SEP232045-45,84341.96,0.1900,0.2000,0.2000,2143452.19,2026-09-24T00:30:00Z,2026-09-24T00:45:00Z
2026-09-24T00:40:45.046+00:00,KXBTC15M-26SEP232045-45,84341.96,0.1900,0.2000,0.2000,2143452.19,2026-09-24T00:30:00Z,2026-09-24T00:45:00Z
2026-09-24T00:40:47.185+00:00,KXBTC15M-26SEP232045-45,84341.96,0.1900,0.2000,0.2000,2143452.19,2026-09-24T00:30:00Z,2026-09-24T00:45:00Z
2026-09-24T00:40:49.328+00:00,KXBTC15M-26SEP232045-45,84341.96,0.1900,0.2000,0.2000,2143452.19,2026-09-24T00:30:00Z,2026-09-24T00:45:00Z
2026-09-24T00:40:51.468+00:00,KXBTC15M-26SEP232045-45,84341.96,0.3200,0.3300,0.3200,2174908.42,2026-09-24T00:30:00Z,2026-09-24T00:45:00Z
2026-09-24T00:40:53.608+00:00,KXBTC15M-26SEP232045-45,84341.96,0.3200,0.3300,0.3200,2174908.42,2026-09-24T00:30:00Z,2026-09-24T00:45:00Z
2026-09-24T00:40:55.747+00:00,KXBTC15M-26SEP232045-45,84341.96,0.3200,0.3300,0.3200,2174908.42,2026-09-24T00:30:00Z,2026-09-24T00:45:00Z
2026-09-24T00:40:57.906+00:00,KXBTC15M-26SEP232045-45,84341.96,0.3200,0.3300,0.3200,2174908.42,2026-09-24T00:30:00Z,2026-09-24T00:45:00Z
2026-09-24T00:41:00.047+00:00,KXBTC15M-26SEP232045-45,84341.96,0.3200,0.3300,0.3200,2174908.42,2026-09-24T00:30:00Z,2026-09-24T00:45:00Z
2026-09-24T00:41:02.184+00:00,KXBTC15M-26SEP232045-45,84341.96,0.2700,0.2800,0.2700,2206989.46,2026-09-24T00:30:00Z,2026-09-24T00:45:00Z
2026-09-24T00:41:04.321+00:00,KXBTC15M-26SEP232045-45,84341.96,0.2700,0.2800,0.2700,2206989.46,2026-09-24T00:30:00Z,2026-09-24T00:45:00Z
2026-09-24T00:41:06.460+00:00,KXBTC15M-26SEP232045-45,84341.96,0.2700,0.2800,0.2700,2206989.46,2026-09-24T00:30:00Z,2026-09-24T00:45:00Z
2026-09-24T00:41:08.601+00:00,KXBTC15M-26SEP232045-45,84341.96,0.2700,0.2800,0.2700,2206989.46,2026-09-24T00:30:00Z,2026-09-24T00:45:00Z
2026-09-24T00:41:10.741+00:00,KXBTC15M-26SEP232045-45,84341.96,0.2700,0.2800,0.2700,2206989.46,2026-09-24T00:30:00Z,2026-09-24T00:45:00Z
2026-09-24T00:41:12.881+00:00,KXBTC15M-26SEP232045-45,84341.96,0.2400,0.2500,0.2500,2265767.14,2026-09-24T00:30:00Z,2026-09-24T00:45:00Z
2026-09-24T00:41:15.017+00:00,KXBTC15M-26SEP232045-45,84341.96,0.2400,0.2500,0.2500,2265767.14,2026-09-24T00:30:00Z,2026-09-24T00:45:00Z
2026-09-24T00:41:17.158+00:00,KXBTC15M-26SEP232045-45,84341.96,0.2400,0.2500,0.2500,2265767.14,2026-09-24T00:30:00Z,2026-09-24T00:45:00Z
2026-09-24T00:41:19.300+00:00,KXBTC15M-26SEP232045-45,84341.96,0.2400,0.2500,0.2500,2265767.14,2026-09-24T00:30:00Z,2026-09-24T00:45:00Z
2026-09-24T00:41:21.437+00:00,KXBTC15M-26SEP232045-45,84341.96,0.2400,0.2500,0.2500,2265767.14,2026-09-24T00:30:00Z,2026-09-24T00:45:00Z
2026-09-24T00:41:23.574+00:00,KXBTC15M-26SEP232045-45,84341.96,0.2600,0.2700,0.2600,2295394.40,2026-09-24T00:30:00Z,2026-09-24T00:45:00Z
2026-09-24T00:41:25.711+00:00,KXBTC15M-26SEP232045-45,84341.96,0.2600,0.2700,0.2600,2295394.40,2026-09-24T00:30:00Z,2026-09-24T00:45:00Z
2026-09-24T00:41:27.850+00:00,KXBTC15M-26SEP232045-45,84341.96,0.2600,0.2700,0.2600,2295394.40,2026-09-24T00:30:00Z,2026-09-24T00:45:00Z
2026-09-24T00:41:29.998+00:00,KXBTC15M-26SEP232045-45,84341.96,0.2600,0.2700,0.2600,2295394.40,2026-09-24T00:30:00Z,2026-09-24T00:45:00Z
2026-09-24T00:41:32.154+00:00,KXBTC15M-26SEP232045-45,84341.96,0.2600,0.2700,0.2600,2295394.40,2026-09-24T00:30:00Z,2026-09-24T00:45:00Z
2026-09-24T00:41:34.337+00:00,KXBTC15M-26SEP232045-45,84341.96,0.2600,0.2700,0.2600,2295394.40,2026-09-24T00:30:00Z,2026-09-24T00:45:00Z
2026-09-24T00:41:36.486+00:00,KXBTC15M-26SEP232045-45,84341.96,0.2400,0.2500,0.2600,2324269.63,2026-09-24T00:30:00Z,2026-09-24T00:45:00Z
2026-09-24T00:41:38.629+00:00,KXBTC15M-26SEP232045-45,84341.96,0.2400,0.2500,0.2600,2324269.63,2026-09-24T00:30:00Z,2026-09-24T00:45:00Z
2026-09-24T00:41:40.770+00:00,KXBTC15M-26SEP232045-45,84341.96,0.2400,0.2500,0.2600,2324269.63,2026-09-24T00:30:00Z,2026-09-24T00:45:00Z
2026-09-24T00:41:42.912+00:00,KXBTC15M-26SEP232045-45,84341.96,0.2400,0.2500,0.2600,2324269.63,2026-09-24T00:30:00Z,2026-09-24T00:45:00Z
2026-09-24T00:41:45.055+00:00,KXBTC15M-26SEP232045-45,84341.96,0.2400,0.2500,0.2600,2324269.63,2026-09-24T00:30:00Z,2026-09-24T00:45:00Z
2026-09-24T00:41:47.194+00:00,KXBTC15M-26SEP232045-45,84341.96,0.3200,0.3400,0.3300,2375286.09,2026-09-24T00:30:00Z,2026-09-24T00:45:00Z
2026-09-24T00:41:49.335+00:00,KXBTC15M-26SEP232045-45,84341.96,0.3200,0.3400,0.3300,2375286.09,2026-09-24T00:30:00Z,2026-09-24T00:45:00Z
2026-09-24T00:41:51.475+00:00,KXBTC15M-26SEP232045-45,84341.96,0.3200,0.3400,0.3300,2375286.09,2026-09-24T00:30:00Z,2026-09-24T00:45:00Z
2026-09-24T00:41:53.864+00:00,KXBTC15M-26SEP232045-45,84341.96,0.3200,0.3400,0.3300,2375286.09,2026-09-24T00:30:00Z,2026-09-24T00:45:00Z
2026-09-24T00:41:56.007+00:00,KXBTC15M-26SEP232045-45,84341.96,0.3200,0.3400,0.3300,2375286.09,2026-09-24T00:30:00Z,2026-09-24T00:45:00Z
2026-09-24T00:41:58.230+00:00,KXBTC15M-26SEP232045-45,84341.96,0.3200,0.3400,0.3300,2375286.09,2026-09-24T00:30:00Z,2026-09-24T00:45:00Z
2026-09-24T00:42:00.384+00:00,KXBTC15M-26SEP232045-45,84341.96,0.2400,0.2500,0.2500,2411664.41,2026-09-24T00:30:00Z,2026-09-24T00:45:00Z
2026-09-24T00:42:02.600+00:00,KXBTC15M-26SEP232045-45,84341.96,0.2400,0.2500,0.2500,2411664.41,2026-09-24T00:30:00Z,2026-09-24T00:45:00Z
2026-09-24T00:42:04.740+00:00,KXBTC15M-26SEP232045-45,84341.96,0.2400,0.2500,0.2500,2411664.41,2026-09-24T00:30:00Z,2026-09-24T00:45:00Z
2026-09-24T00:42:06.892+00:00,KXBTC15M-26SEP232045-45,84341.96,0.2400,0.2500,0.2500,2411664.41,2026-09-24T00:30:00Z,2026-09-24T00:45:00Z
2026-09-24T00:42:09.035+00:00,KXBTC15M-26SEP232045-45,84341.96,0.3100,0.3200,0.3100,2470795.92,2026-09-24T00:30:00Z,2026-09-24T00:45:00Z
2026-09-24T00:42:11.174+00:00,KXBTC15M-26SEP232045-45,84341.96,0.3100,0.3200,0.3100,2470795.92,2026-09-24T00:30:00Z,2026-09-24T00:45:00Z
2026-09-24T00:42:13.314+00:00,KXBTC15M-26SEP232045-45,84341.96,0.3100,0.3200,0.3100,2470795.92,2026-09-24T00:30:00Z,2026-09-24T00:45:00Z
2026-09-24T00:42:15.453+00:00,KXBTC15M-26SEP232045-45,84341.96,0.3100,0.3200,0.3100,2470795.92,2026-09-24T00:30:00Z,2026-09-24T00:45:00Z
2026-09-24T00:42:17.589+00:00,KXBTC15M-26SEP232045-45,84341.96,0.3100,0.3200,0.3100,2470795.92,2026-09-24T00:30:00Z,2026-09-24T00:45:00Z
2026-09-24T00:42:19.761+00:00,KXBTC15M-26SEP232045-45,84341.96,0.2300,0.2400,0.2300,2517448.04,2026-09-24T00:30:00Z,2026-09-24T00:45:00Z
2026-09-24T00:42:21.903+00:00,KXBTC15M-26SEP232045-45,84341.96,0.2300,0.2400,0.2300,2517448.04,2026-09-24T00:30:00Z,2026-09-24T00:45:00Z
2026-09-24T00:42:24.044+00:00,KXBTC15M-26SEP232045-45,84341.96,0.2300,0.2400,0.2300,2517448.04,2026-09-24T00:30:00Z,2026-09-24T00:45:00Z
2026-09-24T00:42:26.182+00:00,KXBTC15M-26SEP232045-45,84341.96,0.2300,0.2400,0.2300,2517448.04,2026-09-24T00:30:00Z,2026-09-24T00:45:00Z
2026-09-24T00:42:28.325+00:00,KXBTC15M-26SEP232045-45,84341.96,0.2300,0.2400,0.2300,2517448.04,2026-09-24T00:30:00Z,2026-09-24T00:45:00Z
2026-09-24T00:42:30.671+00:00,KXBTC15M-26SEP232045-45,84341.96,0.2400,0.2500,0.2500,2555693.64,2026-09-24T00:30:00Z,2026-09-24T00:45:00Z
2026-09-24T00:42:32.812+00:00,KXBTC15M-26SEP232045-45,84341.96,0.2400,0.2500,0.2500,2555693.64,2026-09-24T00:30:00Z,2026-09-24T00:45:00Z
2026-09-24T00:42:34.952+00:00,KXBTC15M-26SEP232045-45,84341.96,0.2400,0.2500,0.2500,2555693.64,2026-09-24T00:30:00Z,2026-09-24T00:45:00Z
2026-09-24T00:42:37.095+00:00,KXBTC15M-26SEP232045-45,84341.96,0.2400,0.2500,0.2500,2555693.64,2026-09-24T00:30:00Z,2026-09-24T00:45:00Z
2026-09-24T00:42:39.262+00:00,KXBTC15M-26SEP232045-45,84341.96,0.2400,0.2500,0.2500,2555693.64,2026-09-24T00:30:00Z,2026-09-24T00:45:00Z
2026-09-24T00:42:41.404+00:00,KXBTC15M-26SEP232045-45,84341.96,0.5500,0.5600,0.5600,2659531.56,2026-09-24T00:30:00Z,2026-09-24T00:45:00Z
2026-09-24T00:42:43.541+00:00,KXBTC15M-26SEP232045-45,84341.96,0.5500,0.5600,0.5600,2659531.56,2026-09-24T00:30:00Z,2026-09-24T00:45:00Z
2026-09-24T00:42:45.679+00:00,KXBTC15M-26SEP232045-45,84341.96,0.5500,0.5600,0.5600,2659531.56,2026-09-24T00:30:00Z,2026-09-24T00:45:00Z
2026-09-24T00:42:47.821+00:00,KXBTC15M-26SEP232045-45,84341.96,0.5500,0.5600,0.5600,2659531.56,2026-09-24T00:30:00Z,2026-09-24T00:45:00Z
2026-09-24T00:42:49.961+00:00,KXBTC15M-26SEP232045-45,84341.96,0.5500,0.5600,0.5600,2659531.56,2026-09-24T00:30:00Z,2026-09-24T00:45:00Z
2026-09-24T00:42:52.102+00:00,KXBTC15M-26SEP232045-45,84341.96,0.5500,0.5600,0.5600,2659531.56,2026-09-24T00:30:00Z,2026-09-24T00:45:00Z
2026-09-24T00:42:54.251+00:00,KXBTC15M-26SEP232045-45,84341.96,0.4900,0.5000,0.5000,2747790.26,2026-09-24T00:30:00Z,2026-09-24T00:45:00Z
2026-09-24T00:42:56.396+00:00,KXBTC15M-26SEP232045-45,84341.96,0.4900,0.5000,0.5000,2747790.26,2026-09-24T00:30:00Z,2026-09-24T00:45:00Z
2026-09-24T00:42:58.535+00:00,KXBTC15M-26SEP232045-45,84341.96,0.4900,0.5000,0.5000,2747790.26,2026-09-24T00:30:00Z,2026-09-24T00:45:00Z
2026-09-24T00:43:00.691+00:00,KXBTC15M-26SEP232045-45,84341.96,0.4900,0.5000,0.5000,2747790.26,2026-09-24T00:30:00Z,2026-09-24T00:45:00Z
2026-09-24T00:43:02.830+00:00,KXBTC15M-26SEP232045-45,84341.96,0.4900,0.5000,0.5000,2747790.26,2026-09-24T00:30:00Z,2026-09-24T00:45:00Z
2026-09-24T00:43:04.968+00:00,KXBTC15M-26SEP232045-45,84341.96,0.3700,0.3800,0.3800,2801329.06,2026-09-24T00:30:00Z,2026-09-24T00:45:00Z
2026-09-24T00:43:07.110+00:00,KXBTC15M-26SEP232045-45,84341.96,0.3700,0.3800,0.3800,2801329.06,2026-09-24T00:30:00Z,2026-09-24T00:45:00Z
2026-09-24T00:43:09.256+00:00,KXBTC15M-26SEP232045-45,84341.96,0.3700,0.3800,0.3800,2801329.06,2026-09-24T00:30:00Z,2026-09-24T00:45:00Z
2026-09-24T00:43:11.395+00:00,KXBTC15M-26SEP232045-45,84341.96,0.3700,0.3800,0.3800,2801329.06,2026-09-24T00:30:00Z,2026-09-24T00:45:00Z
2026-09-24T00:43:13.536+00:00,KXBTC15M-26SEP232045-45,84341.96,0.3700,0.3800,0.3800,2801329.06,2026-09-24T00:30:00Z,2026-09-24T00:45:00Z
2026-09-24T00:43:15.674+00:00,KXBTC15M-26SEP232045-45,84341.96,0.4800,0.4900,0.4800,2835629.50,2026-09-24T00:30:00Z,2026-09-24T00:45:00Z
2026-09-24T00:43:17.811+00:00,KXBTC15M-26SEP232045-45,84341.96,0.4800,0.4900,0.4800,2835629.50,2026-09-24T00:30:00Z,2026-09-24T00:45:00Z
2026-09-24T00:43:20.003+00:00,KXBTC15M-26SEP232045-45,84341.96,0.4800,0.4900,0.4800,2835629.50,2026-09-24T00:30:00Z,2026-09-24T00:45:00Z
2026-09-24T00:43:22.149+00:00,KXBTC15M-26SEP232045-45,84341.96,0.4800,0.4900,0.4800,2835629.50,2026-09-24T00:30:00Z,2026-09-24T00:45:00Z
2026-09-24T00:43:24.288+00:00,KXBTC15M-26SEP232045-45,84341.96,0.4800,0.4900,0.4800,2835629.50,2026-09-24T00:30:00Z,2026-09-24T00:45:00Z
2026-09-24T00:43:26.428+00:00,KXBTC15M-26SEP232045-45,84341.96,0.4200,0.4300,0.4300,2888964.23,2026-09-24T00:30:00Z,2026-09-24T00:45:00Z
2026-09-24T00:43:28.568+00:00,KXBTC15M-26SEP232045-45,84341.96,0.4200,0.4300,0.4300,2888964.23,2026-09-24T00:30:00Z,2026-09-24T00:45:00Z
2026-09-24T00:43:30.732+00:00,KXBTC15M-26SEP232045-45,84341.96,0.4200,0.4300,0.4300,2888964.23,2026-09-24T00:30:00Z,2026-09-24T00:45:00Z
2026-09-24T00:43:32.877+00:00,KXBTC15M-26SEP232045-45,84341.96,0.4200,0.4300,0.4300,2888964.23,2026-09-24T00:30:00Z,2026-09-24T00:45:00Z
2026-09-24T00:43:35.019+00:00,KXBTC15M-26SEP232045-45,84341.96,0.4200,0.4300,0.4300,2888964.23,2026-09-24T00:30:00Z,2026-09-24T00:45:00Z
2026-09-24T00:43:37.158+00:00,KXBTC15M-26SEP232045-45,84341.96,0.5700,0.5800,0.5700,2934354.20,2026-09-24T00:30:00Z,2026-09-24T00:45:00Z
2026-09-24T00:43:39.298+00:00,KXBTC15M-26SEP232045-45,84341.96,0.5700,0.5800,0.5700,2934354.20,2026-09-24T00:30:00Z,2026-09-24T00:45:00Z
2026-09-24T00:43:41.449+00:00,KXBTC15M-26SEP232045-45,84341.96,0.5700,0.5800,0.5700,2934354.20,2026-09-24T00:30:00Z,2026-09-24T00:45:00Z
2026-09-24T00:43:43.591+00:00,KXBTC15M-26SEP232045-45,84341.96,0.5700,0.5800,0.5700,2934354.20,2026-09-24T00:30:00Z,2026-09-24T00:45:00Z
2026-09-24T00:43:45.727+00:00,KXBTC15M-26SEP232045-45,84341.96,0.5700,0.5800,0.5700,2934354.20,2026-09-24T00:30:00Z,2026-09-24T00:45:00Z
2026-09-24T00:43:47.869+00:00,KXBTC15M-26SEP232045-45,84341.96,0.5700,0.5800,0.5700,2934354.20,2026-09-24T00:30:00Z,2026-09-24T00:45:00Z
2026-09-24T00:43:50.010+00:00,KXBTC15M-26SEP232045-45,84341.96,0.5100,0.5200,0.5100,2985379.44,2026-09-24T00:30:00Z,2026-09-24T00:45:00Z
2026-09-24T00:43:52.151+00:00,KXBTC15M-26SEP232045-45,84341.96,0.5100,0.5200,0.5100,2985379.44,2026-09-24T00:30:00Z,2026-09-24T00:45:00Z
2026-09-24T00:43:54.289+00:00,KXBTC15M-26SEP232045-45,84341.96,0.5100,0.5200,0.5100,2985379.44,2026-09-24T00:30:00Z,2026-09-24T00:45:00Z
2026-09-24T00:43:56.431+00:00,KXBTC15M-26SEP232045-45,84341.96,0.5100,0.5200,0.5100,2985379.44,2026-09-24T00:30:00Z,2026-09-24T00:45:00Z
2026-09-24T00:43:58.571+00:00,KXBTC15M-26SEP232045-45,84341.96,0.5100,0.5200,0.5100,2985379.44,2026-09-24T00:30:00Z,2026-09-24T00:45:00Z
2026-09-24T00:44:00.723+00:00,KXBTC15M-26SEP232045-45,84341.96,0.5000,0.5100,0.5000,3055620.88,2026-09-24T00:30:00Z,2026-09-24T00:45:00Z
2026-09-24T00:44:02.867+00:00,KXBTC15M-26SEP232045-45,84341.96,0.5000,0.5100,0.5000,3055620.88,2026-09-24T00:30:00Z,2026-09-24T00:45:00Z
2026-09-24T00:44:05.008+00:00,KXBTC15M-26SEP232045-45,84341.96,0.5000,0.5100,0.5000,3055620.88,2026-09-24T00:30:00Z,2026-09-24T00:45:00Z
2026-09-24T00:44:07.146+00:00,KXBTC15M-26SEP232045-45,84341.96,0.5000,0.5100,0.5000,3055620.88,2026-09-24T00:30:00Z,2026-09-24T00:45:00Z
2026-09-24T00:44:09.439+00:00,KXBTC15M-26SEP232045-45,84341.96,0.5200,0.5300,0.5200,3104820.20,2026-09-24T00:30:00Z,2026-09-24T00:45:00Z
2026-09-24T00:44:11.578+00:00,KXBTC15M-26SEP232045-45,84341.96,0.5200,0.5300,0.5200,3104820.20,2026-09-24T00:30:00Z,2026-09-24T00:45:00Z
2026-09-24T00:44:13.715+00:00,KXBTC15M-26SEP232045-45,84341.96,0.5200,0.5300,0.5200,3104820.20,2026-09-24T00:30:00Z,2026-09-24T00:45:00Z
2026-09-24T00:44:15.857+00:00,KXBTC15M-26SEP232045-45,84341.96,0.5200,0.5300,0.5200,3104820.20,2026-09-24T00:30:00Z,2026-09-24T00:45:00Z
2026-09-24T00:44:17.999+00:00,KXBTC15M-26SEP232045-45,84341.96,0.5200,0.5300,0.5200,3104820.20,2026-09-24T00:30:00Z,2026-09-24T00:45:00Z
2026-09-24T00:44:20.140+00:00,KXBTC15M-26SEP232045-45,84341.96,0.5200,0.5300,0.5200,3104820.20,2026-09-24T00:30:00Z,2026-09-24T00:45:00Z
2026-09-24T00:44:22.280+00:00,KXBTC15M-26SEP232045-45,84341.96,0.5400,0.5500,0.5500,3222347.48,2026-09-24T00:30:00Z,2026-09-24T00:45:00Z
2026-09-24T00:44:24.420+00:00,KXBTC15M-26SEP232045-45,84341.96,0.5400,0.5500,0.5500,3222347.48,2026-09-24T00:30:00Z,2026-09-24T00:45:00Z
2026-09-24T00:44:26.558+00:00,KXBTC15M-26SEP232045-45,84341.96,0.5400,0.5500,0.5500,3222347.48,2026-09-24T00:30:00Z,2026-09-24T00:45:00Z
2026-09-24T00:44:28.705+00:00,KXBTC15M-26SEP232045-45,84341.96,0.5400,0.5500,0.5500,3222347.48,2026-09-24T00:30:00Z,2026-09-24T00:45:00Z
2026-09-24T00:44:30.859+00:00,KXBTC15M-26SEP232045-45,84341.96,0.5400,0.5500,0.5500,3222347.48,2026-09-24T00:30:00Z,2026-09-24T00:45:00Z
2026-09-24T00:44:32.998+00:00,KXBTC15M-26SEP232045-45,84341.96,0.5800,0.5900,0.5900,3290793.26,2026-09-24T00:30:00Z,2026-09-24T00:45:00Z
2026-09-24T00:44:35.141+00:00,KXBTC15M-26SEP232045-45,84341.96,0.5800,0.5900,0.5900,3290793.26,2026-09-24T00:30:00Z,2026-09-24T00:45:00Z
2026-09-24T00:44:37.283+00:00,KXBTC15M-26SEP232045-45,84341.96,0.5800,0.5900,0.5900,3290793.26,2026-09-24T00:30:00Z,2026-09-24T00:45:00Z
2026-09-24T00:44:39.422+00:00,KXBTC15M-26SEP232045-45,84341.96,0.5800,0.5900,0.5900,3290793.26,2026-09-24T00:30:00Z,2026-09-24T00:45:00Z
2026-09-24T00:44:41.564+00:00,KXBTC15M-26SEP232045-45,84341.96,0.5800,0.5900,0.5900,3290793.26,2026-09-24T00:30:00Z,2026-09-24T00:45:00Z
2026-09-24T00:44:43.700+00:00,KXBTC15M-26SEP232045-45,84341.96,0.4400,0.4500,0.4500,3408528.19,2026-09-24T00:30:00Z,2026-09-24T00:45:00Z
2026-09-24T00:44:45.835+00:00,KXBTC15M-26SEP232045-45,84341.96,0.4400,0.4500,0.4500,3408528.19,2026-09-24T00:30:00Z,2026-09-24T00:45:00Z
2026-09-24T00:44:47.975+00:00,KXBTC15M-26SEP232045-45,84341.96,0.4400,0.4500,0.4500,3408528.19,2026-09-24T00:30:00Z,2026-09-24T00:45:00Z
2026-09-24T00:44:50.133+00:00,KXBTC15M-26SEP232045-45,84341.96,0.4400,0.4500,0.4500,3408528.19,2026-09-24T00:30:00Z,2026-09-24T00:45:00Z
2026-09-24T00:44:52.273+00:00,KXBTC15M-26SEP232045-45,84341.96,0.4400,0.4500,0.4500,3408528.19,2026-09-24T00:30:00Z,2026-09-24T00:45:00Z
2026-09-24T00:44:54.411+00:00,KXBTC15M-26SEP232045-45,84341.96,0.5600,0.5700,0.5400,3624271.53,2026-09-24T00:30:00Z,2026-09-24T00:45:00Z
2026-09-24T00:44:56.550+00:00,KXBTC15M-26SEP232045-45,84341.96,0.5600,0.5700,0.5400,3624271.53,2026-09-24T00:30:00Z,2026-09-24T00:45:00Z
2026-09-24T00:44:58.687+00:00,KXBTC15M-26SEP232045-45,84341.96,0.5600,0.5700,0.5400,3624271.53,2026-09-24T00:30:00Z,2026-09-24T00:45:00Z
2026-09-24T00:45:00.903+00:00,KXBTC15M-26SEP232045-45,84341.96,0.5600,0.5700,0.5400,3624271.53,2026-09-24T00:30:00Z,2026-09-24T00:45:00Z
2026-09-24T00:45:03.180+00:00,KXBTC15M-26SEP232045-45,84341.96,0.5600,0.5700,0.5400,3624271.53,2026-09-24T00:30:00Z,2026-09-24T00:45:00Z
2026-09-24T00:45:05.318+00:00,KXBTC15M-26SEP232045-45,84341.96,0.0000,1.0000,0.9990,4014966.47,2026-09-24T00:30:00Z,2026-09-24T00:45:00Z
2026-09-24T00:45:07.462+00:00,KXBTC15M-26SEP232045-45,84341.96,0.0000,1.0000,0.9990,4014966.47,2026-09-24T00:30:00Z,2026-09-24T00:45:00Z
2026-09-24T00:45:09.603+00:00,KXBTC15M-26SEP232045-45,84341.96,0.0000,1.0000,0.9990,4014966.47,2026-09-24T00:30:00Z,2026-09-24T00:45:00Z
2026-09-24T00:45:11.747+00:00,KXBTC15M-26SEP232045-45,84341.96,0.0000,1.0000,0.9990,4014966.47,2026-09-24T00:30:00Z,2026-09-24T00:45:00Z
2026-09-24T00:45:13.898+00:00,KXBTC15M-26SEP232045-45,84341.96,0.0000,1.0000,0.9990,4014966.47,2026-09-24T00:30:00Z,2026-09-24T00:45:00Z
2026-09-24T00:45:16.290+00:00,KXBTC15M-26SEP232045-45,84341.96,0.0000,1.0000,0.9990,4014966.47,2026-09-24T00:30:00Z,2026-09-24T00:45:00Z
2026-09-24T00:45:18.432+00:00,KXBTC15M-26SEP232045-45,84341.96,0.0000,1.0000,0.9990,4014966.47,2026-09-24T00:30:00Z,2026-09-24T00:45:00Z
2026-09-24T00:45:20.836+00:00,KXBTC15M-26SEP232045-45,84341.96,0.0000,1.0000,0.9990,4014966.47,2026-09-24T00:30:00Z,2026-09-24T00:45:00Z
2026-09-24T00:45:22.979+00:00,KXBTC15M-26SEP232045-45,84341.96,0.0000,1.0000,0.9990,4014966.47,2026-09-24T00:30:00Z,2026-09-24T00:45:00Z
2026-09-24T00:45:25.121+00:00,KXBTC15M-26SEP232045-45,84341.96,0.0000,1.0000,0.9990,4014966.47,2026-09-24T00:30:00Z,2026-09-24T00:45:00Z
2026-09-24T00:45:27.270+00:00,KXBTC15M-26SEP232045-45,84341.96,0.0000,1.0000,0.9990,4014966.47,2026-09-24T00:30:00Z,2026-09-24T00:45:00Z
2026-09-24T00:45:29.410+00:00,KXBTC15M-26SEP232045-45,84341.96,0.0000,1.0000,0.9990,4014966.47,2026-09-24T00:30:00Z,2026-09-24T00:45:00Z
2026-09-24T00:45:31.550+00:00,KXBTC15M-26SEP232045-45,84341.96,0.0000,1.0000,0.9990,4014966.47,2026-09-24T00:30:00Z,2026-09-24T00:45:00Z
2026-09-24T00:45:33.702+00:00,KXBTC15M-26SEP232045-45,84341.96,0.0000,1.0000,0.9990,4014966.47,2026-09-24T00:30:00Z,2026-09-24T00:45:00Z
2026-09-24T00:45:35.841+00:00,KXBTC15M-26SEP232045-45,84341.96,0.0000,1.0000,0.9990,4014966.47,2026-09-24T00:30:00Z,2026-09-24T00:45:00Z
2026-09-24T00:45:37.976+00:00,KXBTC15M-26SEP232045-45,84341.96,0.0000,1.0000,0.9990,4014966.47,2026-09-24T00:30:00Z,2026-09-24T00:45:00Z
2026-09-24T00:45:40.119+00:00,KXBTC15M-26SEP232045-45,84341.96,0.0000,1.0000,0.9990,4014966.47,2026-09-24T00:30:00Z,2026-09-24T00:45:00Z
2026-09-24T00:45:42.450+00:00,KXBTC15M-26SEP232045-45,84341.96,0.0000,1.0000,0.9990,4014966.47,2026-09-24T00:30:00Z,2026-09-24T00:45:00Z
2026-09-24T00:45:44.658+00:00,KXBTC15M-26SEP232045-45,84341.96,0.0000,1.0000,0.9990,4014966.47,2026-09-24T00:30:00Z,2026-09-24T00:45:00Z
2026-09-24T00:45:46.797+00:00,KXBTC15M-26SEP232045-45,84341.96,0.0000,1.0000,0.9990,4014966.47,2026-09-24T00:30:00Z,2026-09-24T00:45:00Z
2026-09-24T00:45:48.944+00:00,KXBTC15M-26SEP232045-45,84341.96,0.0000,1.0000,0.9990,4014966.47,2026-09-24T00:30:00Z,2026-09-24T00:45:00Z
2026-09-24T00:45:51.087+00:00,KXBTC15M-26SEP232045-45,84341.96,0.0000,1.0000,0.9990,4014966.47,2026-09-24T00:30:00Z,2026-09-24T00:45:00Z
2026-09-24T00:45:53.229+00:00,KXBTC15M-26SEP232045-45,84341.96,0.0000,1.0000,0.9990,4014966.47,2026-09-24T00:30:00Z,2026-09-24T00:45:00Z
2026-09-24T00:45:55.370+00:00,KXBTC15M-26SEP232045-45,84341.96,0.0000,1.0000,0.9990,4014966.47,2026-09-24T00:30:00Z,2026-09-24T00:45:00Z
2026-09-24T00:45:57.511+00:00,KXBTC15M-26SEP232045-45,84341.96,0.0000,1.0000,0.9990,4014966.47,2026-09-24T00:30:00Z,2026-09-24T00:45:00Z
2026-09-24T00:45:59.651+00:00,KXBTC15M-26SEP232045-45,84341.96,0.0000,1.0000,0.9990,4014966.47,2026-09-24T00:30:00Z,2026-09-24T00:45:00Z
2026-09-24T00:46:01.792+00:00,KXBTC15M-26SEP232045-45,84341.96,0.0000,1.0000,0.9990,4014966.47,2026-09-24T00:30:00Z,2026-09-24T00:45:00Z
2026-09-24T00:46:03.945+00:00,KXBTC15M-26SEP232100-00,84342.32,0.3600,0.3700,0.3700,126202.07,2026-09-24T00:45:00Z,2026-09-24T01:00:00Z
2026-09-24T00:46:06.087+00:00,KXBTC15M-26SEP232100-00,84342.32,0.3600,0.3700,0.3700,126202.07,2026-09-24T00:45:00Z,2026-09-24T01:00:00Z
2026-09-24T00:46:08.231+00:00,KXBTC15M-26SEP232100-00,84342.32,0.3200,0.3300,0.3300,154267.00,2026-09-24T00:45:00Z,2026-09-24T01:00:00Z
2026-09-24T00:46:10.369+00:00,KXBTC15M-26SEP232100-00,84342.32,0.3200,0.3300,0.3300,154267.00,2026-09-24T00:45:00Z,2026-09-24T01:00:00Z
2026-09-24T00:46:12.517+00:00,KXBTC15M-26SEP232100-00,84342.32,0.3200,0.3300,0.3300,154267.00,2026-09-24T00:45:00Z,2026-09-24T01:00:00Z
2026-09-24T00:46:14.657+00:00,KXBTC15M-26SEP232100-00,84342.32,0.3200,0.3300,0.3300,154267.00,2026-09-24T00:45:00Z,2026-09-24T01:00:00Z
2026-09-24T00:46:16.795+00:00,KXBTC15M-26SEP232100-00,84342.32,0.3200,0.3300,0.3300,154267.00,2026-09-24T00:45:00Z,2026-09-24T01:00:00Z
2026-09-24T00:46:18.934+00:00,KXBTC15M-26SEP232100-00,84342.32,0.3200,0.3300,0.3300,154267.00,2026-09-24T00:45:00Z,2026-09-24T01:00:00Z
2026-09-24T00:46:21.074+00:00,KXBTC15M-26SEP232100-00,84342.32,0.4400,0.4500,0.4500,197723.91,2026-09-24T00:45:00Z,2026-09-24T01:00:00Z
2026-09-24T00:46:23.296+00:00,KXBTC15M-26SEP232100-00,84342.32,0.4400,0.4500,0.4500,197723.91,2026-09-24T00:45:00Z,2026-09-24T01:00:00Z
2026-09-24T00:46:25.449+00:00,KXBTC15M-26SEP232100-00,84342.32,0.4400,0.4500,0.4500,197723.91,2026-09-24T00:45:00Z,2026-09-24T01:00:00Z
2026-09-24T00:46:27.586+00:00,KXBTC15M-26SEP232100-00,84342.32,0.4400,0.4500,0.4500,197723.91,2026-09-24T00:45:00Z,2026-09-24T01:00:00Z
2026-09-24T00:46:29.732+00:00,KXBTC15M-26SEP232100-00,84342.32,0.4400,0.4500,0.4500,197723.91,2026-09-24T00:45:00Z,2026-09-24T01:00:00Z
2026-09-24T00:46:31.871+00:00,KXBTC15M-26SEP232100-00,84342.32,0.5200,0.5300,0.5300,241810.79,2026-09-24T00:45:00Z,2026-09-24T01:00:00Z
2026-09-24T00:46:34.016+00:00,KXBTC15M-26SEP232100-00,84342.32,0.5200,0.5300,0.5300,241810.79,2026-09-24T00:45:00Z,2026-09-24T01:00:00Z
2026-09-24T00:46:36.158+00:00,KXBTC15M-26SEP232100-00,84342.32,0.5200,0.5300,0.5300,241810.79,2026-09-24T00:45:00Z,2026-09-24T01:00:00Z
2026-09-24T00:46:38.294+00:00,KXBTC15M-26SEP232100-00,84342.32,0.5200,0.5300,0.5300,241810.79,2026-09-24T00:45:00Z,2026-09-24T01:00:00Z
2026-09-24T00:46:40.439+00:00,KXBTC15M-26SEP232100-00,84342.32,0.5200,0.5300,0.5300,241810.79,2026-09-24T00:45:00Z,2026-09-24T01:00:00Z
2026-09-24T00:46:42.579+00:00,KXBTC15M-26SEP232100-00,84342.32,0.5100,0.5200,0.5100,277890.83,2026-09-24T00:45:00Z,2026-09-24T01:00:00Z
2026-09-24T00:46:44.724+00:00,KXBTC15M-26SEP232100-00,84342.32,0.5100,0.5200,0.5100,277890.83,2026-09-24T00:45:00Z,2026-09-24T01:00:00Z
2026-09-24T00:46:46.874+00:00,KXBTC15M-26SEP232100-00,84342.32,0.5100,0.5200,0.5100,277890.83,2026-09-24T00:45:00Z,2026-09-24T01:00:00Z
2026-09-24T00:46:49.076+00:00,KXBTC15M-26SEP232100-00,84342.32,0.5100,0.5200,0.5100,277890.83,2026-09-24T00:45:00Z,2026-09-24T01:00:00Z
2026-09-24T00:46:51.216+00:00,KXBTC15M-26SEP232100-00,84342.32,0.5100,0.5200,0.5100,277890.83,2026-09-24T00:45:00Z,2026-09-24T01:00:00Z
2026-09-24T00:46:53.364+00:00,KXBTC15M-26SEP232100-00,84342.32,0.5400,0.5500,0.5500,311583.70,2026-09-24T00:45:00Z,2026-09-24T01:00:00Z
2026-09-24T00:46:55.506+00:00,KXBTC15M-26SEP232100-00,84342.32,0.5400,0.5500,0.5500,311583.70,2026-09-24T00:45:00Z,2026-09-24T01:00:00Z
2026-09-24T00:46:57.646+00:00,KXBTC15M-26SEP232100-00,84342.32,0.5400,0.5500,0.5500,311583.70,2026-09-24T00:45:00Z,2026-09-24T01:00:00Z
2026-09-24T00:46:59.784+00:00,KXBTC15M-26SEP232100-00,84342.32,0.5400,0.5500,0.5500,311583.70,2026-09-24T00:45:00Z,2026-09-24T01:00:00Z
2026-09-24T00:47:01.924+00:00,KXBTC15M-26SEP232100-00,84342.32,0.5400,0.5500,0.5500,311583.70,2026-09-24T00:45:00Z,2026-09-24T01:00:00Z
2026-09-24T00:47:04.075+00:00,KXBTC15M-26SEP232100-00,84342.32,0.5400,0.5500,0.5500,311583.70,2026-09-24T00:45:00Z,2026-09-24T01:00:00Z
2026-09-24T00:47:06.625+00:00,KXBTC15M-26SEP232100-00,84342.32,0.4500,0.4600,0.4600,338396.35,2026-09-24T00:45:00Z,2026-09-24T01:00:00Z
2026-09-24T00:47:08.812+00:00,KXBTC15M-26SEP232100-00,84342.32,0.4500,0.4600,0.4600,338396.35,2026-09-24T00:45:00Z,2026-09-24T01:00:00Z
2026-09-24T00:47:10.950+00:00,KXBTC15M-26SEP232100-00,84342.32,0.4500,0.4600,0.4600,338396.35,2026-09-24T00:45:00Z,2026-09-24T01:00:00Z
2026-09-24T00:47:13.086+00:00,KXBTC15M-26SEP232100-00,84342.32,0.4500,0.4600,0.4600,338396.35,2026-09-24T00:45:00Z,2026-09-24T01:00:00Z
2026-09-24T00:47:15.227+00:00,KXBTC15M-26SEP232100-00,84342.32,0.4500,0.4600,0.4600,338396.35,2026-09-24T00:45:00Z,2026-09-24T01:00:00Z
2026-09-24T00:47:17.364+00:00,KXBTC15M-26SEP232100-00,84342.32,0.4000,0.4100,0.4100,374224.42,2026-09-24T00:45:00Z,2026-09-24T01:00:00Z
2026-09-24T00:47:19.504+00:00,KXBTC15M-26SEP232100-00,84342.32,0.4000,0.4100,0.4100,374224.42,2026-09-24T00:45:00Z,2026-09-24T01:00:00Z
2026-09-24T00:47:21.645+00:00,KXBTC15M-26SEP232100-00,84342.32,0.4000,0.4100,0.4100,374224.42,2026-09-24T00:45:00Z,2026-09-24T01:00:00Z
2026-09-24T00:47:23.784+00:00,KXBTC15M-26SEP232100-00,84342.32,0.4000,0.4100,0.4100,374224.42,2026-09-24T00:45:00Z,2026-09-24T01:00:00Z
2026-09-24T00:47:25.927+00:00,KXBTC15M-26SEP232100-00,84342.32,0.4000,0.4100,0.4100,374224.42,2026-09-24T00:45:00Z,2026-09-24T01:00:00Z
2026-09-24T00:47:28.069+00:00,KXBTC15M-26SEP232100-00,84342.32,0.4500,0.4600,0.4500,396288.42,2026-09-24T00:45:00Z,2026-09-24T01:00:00Z
2026-09-24T00:47:30.289+00:00,KXBTC15M-26SEP232100-00,84342.32,0.4500,0.4600,0.4500,396288.42,2026-09-24T00:45:00Z,2026-09-24T01:00:00Z
2026-09-24T00:47:32.435+00:00,KXBTC15M-26SEP232100-00,84342.32,0.4500,0.4600,0.4500,396288.42,2026-09-24T00:45:00Z,2026-09-24T01:00:00Z
2026-09-24T00:47:34.584+00:00,KXBTC15M-26SEP232100-00,84342.32,0.4500,0.4600,0.4500,396288.42,2026-09-24T00:45:00Z,2026-09-24T01:00:00Z
2026-09-24T00:47:36.971+00:00,KXBTC15M-26SEP232100-00,84342.32,0.4900,0.5000,0.4900,410908.51,2026-09-24T00:45:00Z,2026-09-24T01:00:00Z
2026-09-24T00:47:39.119+00:00,KXBTC15M-26SEP232100-00,84342.32,0.4900,0.5000,0.4900,410908.51,2026-09-24T00:45:00Z,2026-09-24T01:00:00Z
2026-09-24T00:47:41.263+00:00,KXBTC15M-26SEP232100-00,84342.32,0.4900,0.5000,0.4900,410908.51,2026-09-24T00:45:00Z,2026-09-24T01:00:00Z
2026-09-24T00:47:43.402+00:00,KXBTC15M-26SEP232100-00,84342.32,0.4900,0.5000,0.4900,410908.51,2026-09-24T00:45:00Z,2026-09-24T01:00:00Z
2026-09-24T00:47:45.547+00:00,KXBTC15M-26SEP232100-00,84342.32,0.4900,0.5000,0.4900,410908.51,2026-09-24T00:45:00Z,2026-09-24T01:00:00Z
2026-09-24T00:47:47.687+00:00,KXBTC15M-26SEP232100-00,84342.32,0.4800,0.4900,0.4900,445727.89,2026-09-24T00:45:00Z,2026-09-24T01:00:00Z
2026-09-24T00:47:49.824+00:00,KXBTC15M-26SEP232100-00,84342.32,0.4800,0.4900,0.4900,445727.89,2026-09-24T00:45:00Z,2026-09-24T01:00:00Z
2026-09-24T00:47:51.968+00:00,KXBTC15M-26SEP232100-00,84342.32,0.4800,0.4900,0.4900,445727.89,2026-09-24T00:45:00Z,2026-09-24T01:00:00Z
2026-09-24T00:47:54.112+00:00,KXBTC15M-26SEP232100-00,84342.32,0.4800,0.4900,0.4900,445727.89,2026-09-24T00:45:00Z,2026-09-24T01:00:00Z
2026-09-24T00:47:56.247+00:00,KXBTC15M-26SEP232100-00,84342.32,0.4800,0.4900,0.4900,445727.89,2026-09-24T00:45:00Z,2026-09-24T01:00:00Z
2026-09-24T00:47:58.388+00:00,KXBTC15M-26SEP232100-00,84342.32,0.4100,0.4200,0.4200,490926.30,2026-09-24T00:45:00Z,2026-09-24T01:00:00Z
2026-09-24T00:48:00.530+00:00,KXBTC15M-26SEP232100-00,84342.32,0.4100,0.4200,0.4200,490926.30,2026-09-24T00:45:00Z,2026-09-24T01:00:00Z
2026-09-24T00:48:02.669+00:00,KXBTC15M-26SEP232100-00,84342.32,0.4100,0.4200,0.4200,490926.30,2026-09-24T00:45:00Z,2026-09-24T01:00:00Z
2026-09-24T00:48:04.834+00:00,KXBTC15M-26SEP232100-00,84342.32,0.4100,0.4200,0.4200,490926.30,2026-09-24T00:45:00Z,2026-09-24T01:00:00Z
2026-09-24T00:48:06.974+00:00,KXBTC15M-26SEP232100-00,84342.32,0.4100,0.4200,0.4200,490926.30,2026-09-24T00:45:00Z,2026-09-24T01:00:00Z
2026-09-24T00:48:09.116+00:00,KXBTC15M-26SEP232100-00,84342.32,0.3400,0.3500,0.3500,548848.23,2026-09-24T00:45:00Z,2026-09-24T01:00:00Z
2026-09-24T00:48:11.259+00:00,KXBTC15M-26SEP232100-00,84342.32,0.3400,0.3500,0.3500,548848.23,2026-09-24T00:45:00Z,2026-09-24T01:00:00Z
2026-09-24T00:48:13.402+00:00,KXBTC15M-26SEP232100-00,84342.32,0.3400,0.3500,0.3500,548848.23,2026-09-24T00:45:00Z,2026-09-24T01:00:00Z
2026-09-24T00:48:15.540+00:00,KXBTC15M-26SEP232100-00,84342.32,0.3400,0.3500,0.3500,548848.23,2026-09-24T00:45:00Z,2026-09-24T01:00:00Z
2026-09-24T00:48:17.680+00:00,KXBTC15M-26SEP232100-00,84342.32,0.3400,0.3500,0.3500,548848.23,2026-09-24T00:45:00Z,2026-09-24T01:00:00Z
2026-09-24T00:48:19.822+00:00,KXBTC15M-26SEP232100-00,84342.32,0.3700,0.3800,0.3700,576671.68,2026-09-24T00:45:00Z,2026-09-24T01:00:00Z
2026-09-24T00:48:21.959+00:00,KXBTC15M-26SEP232100-00,84342.32,0.3700,0.3800,0.3700,576671.68,2026-09-24T00:45:00Z,2026-09-24T01:00:00Z
2026-09-24T00:48:24.100+00:00,KXBTC15M-26SEP232100-00,84342.32,0.3700,0.3800,0.3700,576671.68,2026-09-24T00:45:00Z,2026-09-24T01:00:00Z
2026-09-24T00:48:26.295+00:00,KXBTC15M-26SEP232100-00,84342.32,0.3700,0.3800,0.3700,576671.68,2026-09-24T00:45:00Z,2026-09-24T01:00:00Z
2026-09-24T00:48:28.441+00:00,KXBTC15M-26SEP232100-00,84342.32,0.3700,0.3800,0.3700,576671.68,2026-09-24T00:45:00Z,2026-09-24T01:00:00Z
2026-09-24T00:48:30.625+00:00,KXBTC15M-26SEP232100-00,84342.32,0.3600,0.3700,0.3700,599698.90,2026-09-24T00:45:00Z,2026-09-24T01:00:00Z
2026-09-24T00:48:32.764+00:00,KXBTC15M-26SEP232100-00,84342.32,0.3600,0.3700,0.3700,599698.90,2026-09-24T00:45:00Z,2026-09-24T01:00:00Z
2026-09-24T00:48:34.917+00:00,KXBTC15M-26SEP232100-00,84342.32,0.3600,0.3700,0.3700,599698.90,2026-09-24T00:45:00Z,2026-09-24T01:00:00Z
2026-09-24T00:48:37.060+00:00,KXBTC15M-26SEP232100-00,84342.32,0.3600,0.3700,0.3700,599698.90,2026-09-24T00:45:00Z,2026-09-24T01:00:00Z
2026-09-24T00:48:39.201+00:00,KXBTC15M-26SEP232100-00,84342.32,0.3600,0.3700,0.3700,599698.90,2026-09-24T00:45:00Z,2026-09-24T01:00:00Z
2026-09-24T00:48:41.395+00:00,KXBTC15M-26SEP232100-00,84342.32,0.4000,0.4100,0.4100,612387.77,2026-09-24T00:45:00Z,2026-09-24T01:00:00Z
2026-09-24T00:48:43.536+00:00,KXBTC15M-26SEP232100-00,84342.32,0.4000,0.4100,0.4100,612387.77,2026-09-24T00:45:00Z,2026-09-24T01:00:00Z
2026-09-24T00:48:45.672+00:00,KXBTC15M-26SEP232100-00,84342.32,0.4000,0.4100,0.4100,612387.77,2026-09-24T00:45:00Z,2026-09-24T01:00:00Z
2026-09-24T00:48:47.814+00:00,KXBTC15M-26SEP232100-00,84342.32,0.4000,0.4100,0.4100,612387.77,2026-09-24T00:45:00Z,2026-09-24T01:00:00Z
2026-09-24T00:48:49.956+00:00,KXBTC15M-26SEP232100-00,84342.32,0.4000,0.4100,0.4100,612387.77,2026-09-24T00:45:00Z,2026-09-24T01:00:00Z
2026-09-24T00:48:52.103+00:00,KXBTC15M-26SEP232100-00,84342.32,0.3800,0.3900,0.3900,635451.39,2026-09-24T00:45:00Z,2026-09-24T01:00:00Z
2026-09-24T00:48:54.243+00:00,KXBTC15M-26SEP232100-00,84342.32,0.3800,0.3900,0.3900,635451.39,2026-09-24T00:45:00Z,2026-09-24T01:00:00Z
2026-09-24T00:48:56.383+00:00,KXBTC15M-26SEP232100-00,84342.32,0.3800,0.3900,0.3900,635451.39,2026-09-24T00:45:00Z,2026-09-24T01:00:00Z
2026-09-24T00:48:58.525+00:00,KXBTC15M-26SEP232100-00,84342.32,0.3800,0.3900,0.3900,635451.39,2026-09-24T00:45:00Z,2026-09-24T01:00:00Z
2026-09-24T00:49:00.670+00:00,KXBTC15M-26SEP232100-00,84342.32,0.3800,0.3900,0.3900,635451.39,2026-09-24T00:45:00Z,2026-09-24T01:00:00Z
2026-09-24T00:49:02.811+00:00,KXBTC15M-26SEP232100-00,84342.32,0.3300,0.3400,0.3400,654239.99,2026-09-24T00:45:00Z,2026-09-24T01:00:00Z
2026-09-24T00:49:04.964+00:00,KXBTC15M-26SEP232100-00,84342.32,0.3300,0.3400,0.3400,654239.99,2026-09-24T00:45:00Z,2026-09-24T01:00:00Z
2026-09-24T00:49:07.106+00:00,KXBTC15M-26SEP232100-00,84342.32,0.3300,0.3400,0.3400,654239.99,2026-09-24T00:45:00Z,2026-09-24T01:00:00Z
2026-09-24T00:49:09.244+00:00,KXBTC15M-26SEP232100-00,84342.32,0.3300,0.3400,0.3400,654239.99,2026-09-24T00:45:00Z,2026-09-24T01:00:00Z
2026-09-24T00:49:11.387+00:00,KXBTC15M-26SEP232100-00,84342.32,0.3300,0.3400,0.3400,654239.99,2026-09-24T00:45:00Z,2026-09-24T01:00:00Z
2026-09-24T00:49:13.525+00:00,KXBTC15M-26SEP232100-00,84342.32,0.3600,0.3700,0.3600,666190.93,2026-09-24T00:45:00Z,2026-09-24T01:00:00Z
2026-09-24T00:49:15.664+00:00,KXBTC15M-26SEP232100-00,84342.32,0.3600,0.3700,0.3600,666190.93,2026-09-24T00:45:00Z,2026-09-24T01:00:00Z
2026-09-24T00:49:17.807+00:00,KXBTC15M-26SEP232100-00,84342.32,0.3600,0.3700,0.3600,666190.93,2026-09-24T00:45:00Z,2026-09-24T01:00:00Z
2026-09-24T00:49:20.006+00:00,KXBTC15M-26SEP232100-00,84342.32,0.3600,0.3700,0.3600,666190.93,2026-09-24T00:45:00Z,2026-09-24T01:00:00Z
2026-09-24T00:49:22.144+00:00,KXBTC15M-26SEP232100-00,84342.32,0.3600,0.3700,0.3600,666190.93,2026-09-24T00:45:00Z,2026-09-24T01:00:00Z
2026-09-24T00:49:24.288+00:00,KXBTC15M-26SEP232100-00,84342.32,0.3900,0.4000,0.4000,692507.10,2026-09-24T00:45:00Z,2026-09-24T01:00:00Z
2026-09-24T00:49:26.447+00:00,KXBTC15M-26SEP232100-00,84342.32,0.3900,0.4000,0.4000,692507.10,2026-09-24T00:45:00Z,2026-09-24T01:00:00Z
2026-09-24T00:49:28.640+00:00,KXBTC15M-26SEP232100-00,84342.32,0.3900,0.4000,0.4000,692507.10,2026-09-24T00:45:00Z,2026-09-24T01:00:00Z
2026-09-24T00:49:30.780+00:00,KXBTC15M-26SEP232100-00,84342.32,0.3900,0.4000,0.4000,692507.10,2026-09-24T00:45:00Z,2026-09-24T01:00:00Z
2026-09-24T00:49:32.921+00:00,KXBTC15M-26SEP232100-00,84342.32,0.3900,0.4000,0.4000,692507.10,2026-09-24T00:45:00Z,2026-09-24T01:00:00Z
2026-09-24T00:49:35.072+00:00,KXBTC15M-26SEP232100-00,84342.32,0.3900,0.4000,0.4000,692507.10,2026-09-24T00:45:00Z,2026-09-24T01:00:00Z
2026-09-24T00:49:37.212+00:00,KXBTC15M-26SEP232100-00,84342.32,0.3800,0.3900,0.3800,708823.30,2026-09-24T00:45:00Z,2026-09-24T01:00:00Z
2026-09-24T00:49:39.350+00:00,KXBTC15M-26SEP232100-00,84342.32,0.3800,0.3900,0.3800,708823.30,2026-09-24T00:45:00Z,2026-09-24T01:00:00Z
2026-09-24T00:49:41.490+00:00,KXBTC15M-26SEP232100-00,84342.32,0.3800,0.3900,0.3800,708823.30,2026-09-24T00:45:00Z,2026-09-24T01:00:00Z
2026-09-24T00:49:43.629+00:00,KXBTC15M-26SEP232100-00,84342.32,0.3800,0.3900,0.3800,708823.30,2026-09-24T00:45:00Z,2026-09-24T01:00:00Z
2026-09-24T00:49:45.765+00:00,KXBTC15M-26SEP232100-00,84342.32,0.3800,0.3900,0.3800,708823.30,2026-09-24T00:45:00Z,2026-09-24T01:00:00Z
2026-09-24T00:49:47.907+00:00,KXBTC15M-26SEP232100-00,84342.32,0.3800,0.3900,0.3800,708823.30,2026-09-24T00:45:00Z,2026-09-24T01:00:00Z
2026-09-24T00:49:50.045+00:00,KXBTC15M-26SEP232100-00,84342.32,0.3600,0.3700,0.3600,730606.89,2026-09-24T00:45:00Z,2026-09-24T01:00:00Z
2026-09-24T00:49:52.185+00:00,KXBTC15M-26SEP232100-00,84342.32,0.3600,0.3700,0.3600,730606.89,2026-09-24T00:45:00Z,2026-09-24T01:00:00Z
2026-09-24T00:49:54.330+00:00,KXBTC15M-26SEP232100-00,84342.32,0.3600,0.3700,0.3600,730606.89,2026-09-24T00:45:00Z,2026-09-24T01:00:00Z
2026-09-24T00:49:56.470+00:00,KXBTC15M-26SEP232100-00,84342.32,0.3600,0.3700,0.3600,730606.89,2026-09-24T00:45:00Z,2026-09-24T01:00:00Z
2026-09-24T00:49:58.624+00:00,KXBTC15M-26SEP232100-00,84342.32,0.3600,0.3700,0.3600,730606.89,2026-09-24T00:45:00Z,2026-09-24T01:00:00Z
2026-09-24T00:50:00.763+00:00,KXBTC15M-26SEP232100-00,84342.32,0.4100,0.4200,0.4100,748369.74,2026-09-24T00:45:00Z,2026-09-24T01:00:00Z
2026-09-24T00:50:02.907+00:00,KXBTC15M-26SEP232100-00,84342.32,0.4100,0.4200,0.4100,748369.74,2026-09-24T00:45:00Z,2026-09-24T01:00:00Z
2026-09-24T00:50:05.046+00:00,KXBTC15M-26SEP232100-00,84342.32,0.4100,0.4200,0.4100,748369.74,2026-09-24T00:45:00Z,2026-09-24T01:00:00Z
2026-09-24T00:50:07.198+00:00,KXBTC15M-26SEP232100-00,84342.32,0.4100,0.4200,0.4100,748369.74,2026-09-24T00:45:00Z,2026-09-24T01:00:00Z
2026-09-24T00:50:09.336+00:00,KXBTC15M-26SEP232100-00,84342.32,0.4100,0.4200,0.4100,748369.74,2026-09-24T00:45:00Z,2026-09-24T01:00:00Z
2026-09-24T00:50:11.479+00:00,KXBTC15M-26SEP232100-00,84342.32,0.4300,0.4400,0.4400,777686.16,2026-09-24T00:45:00Z,2026-09-24T01:00:00Z
2026-09-24T00:50:13.617+00:00,KXBTC15M-26SEP232100-00,84342.32,0.4300,0.4400,0.4400,777686.16,2026-09-24T00:45:00Z,2026-09-24T01:00:00Z
2026-09-24T00:50:15.754+00:00,KXBTC15M-26SEP232100-00,84342.32,0.4300,0.4400,0.4400,777686.16,2026-09-24T00:45:00Z,2026-09-24T01:00:00Z
2026-09-24T00:50:17.892+00:00,KXBTC15M-26SEP232100-00,84342.32,0.4300,0.4400,0.4400,777686.16,2026-09-24T00:45:00Z,2026-09-24T01:00:00Z
2026-09-24T00:50:20.030+00:00,KXBTC15M-26SEP232100-00,84342.32,0.4300,0.4400,0.4400,777686.16,2026-09-24T00:45:00Z,2026-09-24T01:00:00Z
2026-09-24T00:50:22.172+00:00,KXBTC15M-26SEP232100-00,84342.32,0.4200,0.4300,0.4300,793623.99,2026-09-24T00:45:00Z,2026-09-24T01:00:00Z
2026-09-24T00:50:24.316+00:00,KXBTC15M-26SEP232100-00,84342.32,0.4200,0.4300,0.4300,793623.99,2026-09-24T00:45:00Z,2026-09-24T01:00:00Z
2026-09-24T00:50:26.458+00:00,KXBTC15M-26SEP232100-00,84342.32,0.4200,0.4300,0.4300,793623.99,2026-09-24T00:45:00Z,2026-09-24T01:00:00Z
2026-09-24T00:50:28.599+00:00,KXBTC15M-26SEP232100-00,84342.32,0.4200,0.4300,0.4300,793623.99,2026-09-24T00:45:00Z,2026-09-24T01:00:00Z
2026-09-24T00:50:30.749+00:00,KXBTC15M-26SEP232100-00,84342.32,0.4200,0.4300,0.4300,793623.99,2026-09-24T00:45:00Z,2026-09-24T01:00:00Z
2026-09-24T00:50:32.888+00:00,KXBTC15M-26SEP232100-00,84342.32,0.4200,0.4300,0.4300,793623.99,2026-09-24T00:45:00Z,2026-09-24T01:00:00Z
2026-09-24T00:50:35.024+00:00,KXBTC15M-26SEP232100-00,84342.32,0.3100,0.3200,0.3200,818326.93,2026-09-24T00:45:00Z,2026-09-24T01:00:00Z
2026-09-24T00:50:37.164+00:00,KXBTC15M-26SEP232100-00,84342.32,0.3100,0.3200,0.3200,818326.93,2026-09-24T00:45:00Z,2026-09-24T01:00:00Z
2026-09-24T00:50:39.437+00:00,KXBTC15M-26SEP232100-00,84342.32,0.3100,0.3200,0.3200,818326.93,2026-09-24T00:45:00Z,2026-09-24T01:00:00Z
2026-09-24T00:50:41.577+00:00,KXBTC15M-26SEP232100-00,84342.32,0.3100,0.3200,0.3200,818326.93,2026-09-24T00:45:00Z,2026-09-24T01:00:00Z
2026-09-24T00:50:43.715+00:00,KXBTC15M-26SEP232100-00,84342.32,0.3100,0.3200,0.3200,818326.93,2026-09-24T00:45:00Z,2026-09-24T01:00:00Z
2026-09-24T00:50:45.851+00:00,KXBTC15M-26SEP232100-00,84342.32,0.3200,0.3300,0.3200,841072.15,2026-09-24T00:45:00Z,2026-09-24T01:00:00Z
2026-09-24T00:50:47.991+00:00,KXBTC15M-26SEP232100-00,84342.32,0.3200,0.3300,0.3200,841072.15,2026-09-24T00:45:00Z,2026-09-24T01:00:00Z
2026-09-24T00:50:50.128+00:00,KXBTC15M-26SEP232100-00,84342.32,0.3200,0.3300,0.3200,841072.15,2026-09-24T00:45:00Z,2026-09-24T01:00:00Z
2026-09-24T00:50:52.273+00:00,KXBTC15M-26SEP232100-00,84342.32,0.3200,0.3300,0.3200,841072.15,2026-09-24T00:45:00Z,2026-09-24T01:00:00Z
2026-09-24T00:50:54.421+00:00,KXBTC15M-26SEP232100-00,84342.32,0.3000,0.3100,0.3000,857163.23,2026-09-24T00:45:00Z,2026-09-24T01:00:00Z
2026-09-24T00:50:56.560+00:00,KXBTC15M-26SEP232100-00,84342.32,0.3000,0.3100,0.3000,857163.23,2026-09-24T00:45:00Z,2026-09-24T01:00:00Z
2026-09-24T00:50:58.699+00:00,KXBTC15M-26SEP232100-00,84342.32,0.3000,0.3100,0.3000,857163.23,2026-09-24T00:45:00Z,2026-09-24T01:00:00Z
2026-09-24T00:51:00.860+00:00,KXBTC15M-26SEP232100-00,84342.32,0.3000,0.3100,0.3000,857163.23,2026-09-24T00:45:00Z,2026-09-24T01:00:00Z
2026-09-24T00:51:03.002+00:00,KXBTC15M-26SEP232100-00,84342.32,0.3000,0.3100,0.3000,857163.23,2026-09-24T00:45:00Z,2026-09-24T01:00:00Z
2026-09-24T00:51:05.139+00:00,KXBTC15M-26SEP232100-00,84342.32,0.2200,0.2300,0.2300,879912.92,2026-09-24T00:45:00Z,2026-09-24T01:00:00Z
2026-09-24T00:51:07.283+00:00,KXBTC15M-26SEP232100-00,84342.32,0.2200,0.2300,0.2300,879912.92,2026-09-24T00:45:00Z,2026-09-24T01:00:00Z
2026-09-24T00:51:09.464+00:00,KXBTC15M-26SEP232100-00,84342.32,0.2200,0.2300,0.2300,879912.92,2026-09-24T00:45:00Z,2026-09-24T01:00:00Z
2026-09-24T00:51:11.613+00:00,KXBTC15M-26SEP232100-00,84342.32,0.2200,0.2300,0.2300,879912.92,2026-09-24T00:45:00Z,2026-09-24T01:00:00Z
2026-09-24T00:51:13.763+00:00,KXBTC15M-26SEP232100-00,84342.32,0.2200,0.2300,0.2300,879912.92,2026-09-24T00:45:00Z,2026-09-24T01:00:00Z
2026-09-24T00:51:15.909+00:00,KXBTC15M-26SEP232100-00,84342.32,0.2600,0.2700,0.2600,918654.95,2026-09-24T00:45:00Z,2026-09-24T01:00:00Z
2026-09-24T00:51:18.048+00:00,KXBTC15M-26SEP232100-00,84342.32,0.2600,0.2700,0.2600,918654.95,2026-09-24T00:45:00Z,2026-09-24T01:00:00Z
2026-09-24T00:51:20.193+00:00,KXBTC15M-26SEP232100-00,84342.32,0.2600,0.2700,0.2600,918654.95,2026-09-24T00:45:00Z,2026-09-24T01:00:00Z
2026-09-24T00:51:22.340+00:00,KXBTC15M-26SEP232100-00,84342.32,0.2600,0.2700,0.2600,918654.95,2026-09-24T00:45:00Z,2026-09-24T01:00:00Z
2026-09-24T00:51:24.570+00:00,KXBTC15M-26SEP232100-00,84342.32,0.2600,0.2700,0.2600,918654.95,2026-09-24T00:45:00Z,2026-09-24T01:00:00Z
2026-09-24T00:51:26.714+00:00,KXBTC15M-26SEP232100-00,84342.32,0.2200,0.2300,0.2300,940355.63,2026-09-24T00:45:00Z,2026-09-24T01:00:00Z
2026-09-24T00:51:29.105+00:00,KXBTC15M-26SEP232100-00,84342.32,0.2200,0.2300,0.2300,940355.63,2026-09-24T00:45:00Z,2026-09-24T01:00:00Z
2026-09-24T00:51:31.248+00:00,KXBTC15M-26SEP232100-00,84342.32,0.2200,0.2300,0.2300,940355.63,2026-09-24T00:45:00Z,2026-09-24T01:00:00Z
2026-09-24T00:51:33.399+00:00,KXBTC15M-26SEP232100-00,84342.32,0.2200,0.2300,0.2300,940355.63,2026-09-24T00:45:00Z,2026-09-24T01:00:00Z
2026-09-24T00:51:35.544+00:00,KXBTC15M-26SEP232100-00,84342.32,0.2200,0.2300,0.2300,940355.63,2026-09-24T00:45:00Z,2026-09-24T01:00:00Z
2026-09-24T00:51:37.681+00:00,KXBTC15M-26SEP232100-00,84342.32,0.2300,0.2400,0.2300,973086.87,2026-09-24T00:45:00Z,2026-09-24T01:00:00Z
2026-09-24T00:51:39.829+00:00,KXBTC15M-26SEP232100-00,84342.32,0.2300,0.2400,0.2300,973086.87,2026-09-24T00:45:00Z,2026-09-24T01:00:00Z
2026-09-24T00:51:41.971+00:00,KXBTC15M-26SEP232100-00,84342.32,0.2300,0.2400,0.2300,973086.87,2026-09-24T00:45:00Z,2026-09-24T01:00:00Z
2026-09-24T00:51:44.114+00:00,KXBTC15M-26SEP232100-00,84342.32,0.2300,0.2400,0.2300,973086.87,2026-09-24T00:45:00Z,2026-09-24T01:00:00Z
2026-09-24T00:51:46.256+00:00,KXBTC15M-26SEP232100-00,84342.32,0.2300,0.2400,0.2300,973086.87,2026-09-24T00:45:00Z,2026-09-24T01:00:00Z
2026-09-24T00:51:48.392+00:00,KXBTC15M-26SEP232100-00,84342.32,0.1900,0.2000,0.1900,1010446.92,2026-09-24T00:45:00Z,2026-09-24T01:00:00Z
2026-09-24T00:51:50.532+00:00,KXBTC15M-26SEP232100-00,84342.32,0.1900,0.2000,0.1900,1010446.92,2026-09-24T00:45:00Z,2026-09-24T01:00:00Z
2026-09-24T00:51:52.672+00:00,KXBTC15M-26SEP232100-00,84342.32,0.1900,0.2000,0.1900,1010446.92,2026-09-24T00:45:00Z,2026-09-24T01:00:00Z
2026-09-24T00:51:54.811+00:00,KXBTC15M-26SEP232100-00,84342.32,0.1900,0.2000,0.1900,1010446.92,2026-09-24T00:45:00Z,2026-09-24T01:00:00Z
2026-09-24T00:51:56.950+00:00,KXBTC15M-26SEP232100-00,84342.32,0.1900,0.2000,0.1900,1010446.92,2026-09-24T00:45:00Z,2026-09-24T01:00:00Z
2026-09-24T00:51:59.090+00:00,KXBTC15M-26SEP232100-00,84342.32,0.1900,0.2000,0.1900,1010446.92,2026-09-24T00:45:00Z,2026-09-24T01:00:00Z
2026-09-24T00:52:01.231+00:00,KXBTC15M-26SEP232100-00,84342.32,0.1700,0.1800,0.1800,1030615.41,2026-09-24T00:45:00Z,2026-09-24T01:00:00Z
2026-09-24T00:52:03.372+00:00,KXBTC15M-26SEP232100-00,84342.32,0.1700,0.1800,0.1800,1030615.41,2026-09-24T00:45:00Z,2026-09-24T01:00:00Z
2026-09-24T00:52:05.510+00:00,KXBTC15M-26SEP232100-00,84342.32,0.1700,0.1800,0.1800,1030615.41,2026-09-24T00:45:00Z,2026-09-24T01:00:00Z
2026-09-24T00:52:07.648+00:00,KXBTC15M-26SEP232100-00,84342.32,0.1700,0.1800,0.1800,1030615.41,2026-09-24T00:45:00Z,2026-09-24T01:00:00Z
2026-09-24T00:52:09.796+00:00,KXBTC15M-26SEP232100-00,84342.32,0.1700,0.1800,0.1800,1030615.41,2026-09-24T00:45:00Z,2026-09-24T01:00:00Z
2026-09-24T00:52:12.196+00:00,KXBTC15M-26SEP232100-00,84342.32,0.1600,0.1700,0.1600,1060706.10,2026-09-24T00:45:00Z,2026-09-24T01:00:00Z
2026-09-24T00:52:14.600+00:00,KXBTC15M-26SEP232100-00,84342.32,0.1600,0.1700,0.1600,1060706.10,2026-09-24T00:45:00Z,2026-09-24T01:00:00Z
2026-09-24T00:52:16.879+00:00,KXBTC15M-26SEP232100-00,84342.32,0.1600,0.1700,0.1600,1060706.10,2026-09-24T00:45:00Z,2026-09-24T01:00:00Z
2026-09-24T00:52:19.024+00:00,KXBTC15M-26SEP232100-00,84342.32,0.1600,0.1700,0.1600,1060706.10,2026-09-24T00:45:00Z,2026-09-24T01:00:00Z
2026-09-24T00:52:21.165+00:00,KXBTC15M-26SEP232100-00,84342.32,0.1600,0.1700,0.1600,1060706.10,2026-09-24T00:45:00Z,2026-09-24T01:00:00Z
2026-09-24T00:52:23.313+00:00,KXBTC15M-26SEP232100-00,84342.32,0.1500,0.1600,0.1500,1076965.89,2026-09-24T00:45:00Z,2026-09-24T01:00:00Z
2026-09-24T00:52:25.457+00:00,KXBTC15M-26SEP232100-00,84342.32,0.1500,0.1600,0.1500,1076965.89,2026-09-24T00:45:00Z,2026-09-24T01:00:00Z
2026-09-24T00:52:27.599+00:00,KXBTC15M-26SEP232100-00,84342.32,0.1500,0.1600,0.1500,1076965.89,2026-09-24T00:45:00Z,2026-09-24T01:00:00Z
2026-09-24T00:52:29.739+00:00,KXBTC15M-26SEP232100-00,84342.32,0.1500,0.1600,0.1500,1076965.89,2026-09-24T00:45:00Z,2026-09-24T01:00:00Z
2026-09-24T00:52:31.977+00:00,KXBTC15M-26SEP232100-00,84342.32,0.1200,0.1300,0.1300,1110189.29,2026-09-24T00:45:00Z,2026-09-24T01:00:00Z
2026-09-24T00:52:34.115+00:00,KXBTC15M-26SEP232100-00,84342.32,0.1200,0.1300,0.1300,1110189.29,2026-09-24T00:45:00Z,2026-09-24T01:00:00Z
2026-09-24T00:52:36.253+00:00,KXBTC15M-26SEP232100-00,84342.32,0.1200,0.1300,0.1300,1110189.29,2026-09-24T00:45:00Z,2026-09-24T01:00:00Z
2026-09-24T00:52:38.428+00:00,KXBTC15M-26SEP232100-00,84342.32,0.1200,0.1300,0.1300,1110189.29,2026-09-24T00:45:00Z,2026-09-24T01:00:00Z
2026-09-24T00:52:40.572+00:00,KXBTC15M-26SEP232100-00,84342.32,0.1200,0.1300,0.1300,1110189.29,2026-09-24T00:45:00Z,2026-09-24T01:00:00Z
2026-09-24T00:52:42.722+00:00,KXBTC15M-26SEP232100-00,84342.32,0.1200,0.1300,0.1200,1130482.60,2026-09-24T00:45:00Z,2026-09-24T01:00:00Z
2026-09-24T00:52:44.872+00:00,KXBTC15M-26SEP232100-00,84342.32,0.1200,0.1300,0.1200,1130482.60,2026-09-24T00:45:00Z,2026-09-24T01:00:00Z
2026-09-24T00:52:47.017+00:00,KXBTC15M-26SEP232100-00,84342.32,0.1200,0.1300,0.1200,1130482.60,2026-09-24T00:45:00Z,2026-09-24T01:00:00Z
2026-09-24T00:52:49.158+00:00,KXBTC15M-26SEP232100-00,84342.32,0.1200,0.1300,0.1200,1130482.60,2026-09-24T00:45:00Z,2026-09-24T01:00:00Z
2026-09-24T00:52:51.296+00:00,KXBTC15M-26SEP232100-00,84342.32,0.1200,0.1300,0.1200,1130482.60,2026-09-24T00:45:00Z,2026-09-24T01:00:00Z
2026-09-24T00:52:53.439+00:00,KXBTC15M-26SEP232100-00,84342.32,0.1200,0.1300,0.1200,1130482.60,2026-09-24T00:45:00Z,2026-09-24T01:00:00Z
2026-09-24T00:52:55.579+00:00,KXBTC15M-26SEP232100-00,84342.32,0.1300,0.1400,0.1300,1146237.34,2026-09-24T00:45:00Z,2026-09-24T01:00:00Z
2026-09-24T00:52:57.723+00:00,KXBTC15M-26SEP232100-00,84342.32,0.1300,0.1400,0.1300,1146237.34,2026-09-24T00:45:00Z,2026-09-24T01:00:00Z
2026-09-24T00:52:59.862+00:00,KXBTC15M-26SEP232100-00,84342.32,0.1300,0.1400,0.1300,1146237.34,2026-09-24T00:45:00Z,2026-09-24T01:00:00Z
2026-09-24T00:53:02.022+00:00,KXBTC15M-26SEP232100-00,84342.32,0.1300,0.1400,0.1300,1146237.34,2026-09-24T00:45:00Z,2026-09-24T01:00:00Z
2026-09-24T00:53:04.167+00:00,KXBTC15M-26SEP232100-00,84342.32,0.1100,0.1200,0.1200,1171561.97,2026-09-24T00:45:00Z,2026-09-24T01:00:00Z
2026-09-24T00:53:06.308+00:00,KXBTC15M-26SEP232100-00,84342.32,0.1100,0.1200,0.1200,1171561.97,2026-09-24T00:45:00Z,2026-09-24T01:00:00Z
2026-09-24T00:53:08.460+00:00,KXBTC15M-26SEP232100-00,84342.32,0.1100,0.1200,0.1200,1171561.97,2026-09-24T00:45:00Z,2026-09-24T01:00:00Z
2026-09-24T00:53:10.600+00:00,KXBTC15M-26SEP232100-00,84342.32,0.1100,0.1200,0.1200,1171561.97,2026-09-24T00:45:00Z,2026-09-24T01:00:00Z
2026-09-24T00:53:12.770+00:00,KXBTC15M-26SEP232100-00,84342.32,0.1100,0.1200,0.1200,1171561.97,2026-09-24T00:45:00Z,2026-09-24T01:00:00Z
2026-09-24T00:53:14.912+00:00,KXBTC15M-26SEP232100-00,84342.32,0.1100,0.1200,0.1200,1171561.97,2026-09-24T00:45:00Z,2026-09-24T01:00:00Z
2026-09-24T00:53:17.049+00:00,KXBTC15M-26SEP232100-00,84342.32,0.1000,0.1100,0.1100,1212175.87,2026-09-24T00:45:00Z,2026-09-24T01:00:00Z
2026-09-24T00:53:19.191+00:00,KXBTC15M-26SEP232100-00,84342.32,0.1000,0.1100,0.1100,1212175.87,2026-09-24T00:45:00Z,2026-09-24T01:00:00Z
2026-09-24T00:53:21.337+00:00,KXBTC15M-26SEP232100-00,84342.32,0.1000,0.1100,0.1100,1212175.87,2026-09-24T00:45:00Z,2026-09-24T01:00:00Z
2026-09-24T00:53:23.474+00:00,KXBTC15M-26SEP232100-00,84342.32,0.1000,0.1100,0.1100,1212175.87,2026-09-24T00:45:00Z,2026-09-24T01:00:00Z
2026-09-24T00:53:25.614+00:00,KXBTC15M-26SEP232100-00,84342.32,0.1000,0.1100,0.1100,1212175.87,2026-09-24T00:45:00Z,2026-09-24T01:00:00Z
2026-09-24T00:53:27.778+00:00,KXBTC15M-26SEP232100-00,84342.32,0.0850,0.0860,0.0860,1236267.39,2026-09-24T00:45:00Z,2026-09-24T01:00:00Z
2026-09-24T00:53:29.918+00:00,KXBTC15M-26SEP232100-00,84342.32,0.0850,0.0860,0.0860,1236267.39,2026-09-24T00:45:00Z,2026-09-24T01:00:00Z
2026-09-24T00:53:32.058+00:00,KXBTC15M-26SEP232100-00,84342.32,0.0850,0.0860,0.0860,1236267.39,2026-09-24T00:45:00Z,2026-09-24T01:00:00Z
2026-09-24T00:53:34.199+00:00,KXBTC15M-26SEP232100-00,84342.32,0.0850,0.0860,0.0860,1236267.39,2026-09-24T00:45:00Z,2026-09-24T01:00:00Z
2026-09-24T00:53:36.337+00:00,KXBTC15M-26SEP232100-00,84342.32,0.0850,0.0860,0.0860,1236267.39,2026-09-24T00:45:00Z,2026-09-24T01:00:00Z
2026-09-24T00:53:38.480+00:00,KXBTC15M-26SEP232100-00,84342.32,0.0610,0.0620,0.0620,1282943.55,2026-09-24T00:45:00Z,2026-09-24T01:00:00Z
2026-09-24T00:53:40.622+00:00,KXBTC15M-26SEP232100-00,84342.32,0.0610,0.0620,0.0620,1282943.55,2026-09-24T00:45:00Z,2026-09-24T01:00:00Z
2026-09-24T00:53:42.780+00:00,KXBTC15M-26SEP232100-00,84342.32,0.0610,0.0620,0.0620,1282943.55,2026-09-24T00:45:00Z,2026-09-24T01:00:00Z
2026-09-24T00:53:44.921+00:00,KXBTC15M-26SEP232100-00,84342.32,0.0610,0.0620,0.0620,1282943.55,2026-09-24T00:45:00Z,2026-09-24T01:00:00Z
2026-09-24T00:53:47.062+00:00,KXBTC15M-26SEP232100-00,84342.32,0.0610,0.0620,0.0620,1282943.55,2026-09-24T00:45:00Z,2026-09-24T01:00:00Z
2026-09-24T00:53:49.200+00:00,KXBTC15M-26SEP232100-00,84342.32,0.0610,0.0620,0.0620,1320093.62,2026-09-24T00:45:00Z,2026-09-24T01:00:00Z
2026-09-24T00:53:51.340+00:00,KXBTC15M-26SEP232100-00,84342.32,0.0610,0.0620,0.0620,1320093.62,2026-09-24T00:45:00Z,2026-09-24T01:00:00Z
2026-09-24T00:53:53.477+00:00,KXBTC15M-26SEP232100-00,84342.32,0.0610,0.0620,0.0620,1320093.62,2026-09-24T00:45:00Z,2026-09-24T01:00:00Z
2026-09-24T00:53:55.622+00:00,KXBTC15M-26SEP232100-00,84342.32,0.0610,0.0620,0.0620,1320093.62,2026-09-24T00:45:00Z,2026-09-24T01:00:00Z
2026-09-24T00:53:57.765+00:00,KXBTC15M-26SEP232100-00,84342.32,0.0610,0.0620,0.0620,1320093.62,2026-09-24T00:45:00Z,2026-09-24T01:00:00Z
2026-09-24T00:53:59.903+00:00,KXBTC15M-26SEP232100-00,84342.32,0.1000,0.1100,0.1000,1394331.87,2026-09-24T00:45:00Z,2026-09-24T01:00:00Z
2026-09-24T00:54:02.042+00:00,KXBTC15M-26SEP232100-00,84342.32,0.1000,0.1100,0.1000,1394331.87,2026-09-24T00:45:00Z,2026-09-24T01:00:00Z
2026-09-24T00:54:04.182+00:00,KXBTC15M-26SEP232100-00,84342.32,0.1000,0.1100,0.1000,1394331.87,2026-09-24T00:45:00Z,2026-09-24T01:00:00Z
2026-09-24T00:54:06.321+00:00,KXBTC15M-26SEP232100-00,84342.32,0.1000,0.1100,0.1000,1394331.87,2026-09-24T00:45:00Z,2026-09-24T01:00:00Z
2026-09-24T00:54:08.460+00:00,KXBTC15M-26SEP232100-00,84342.32,0.1000,0.1100,0.1000,1394331.87,2026-09-24T00:45:00Z,2026-09-24T01:00:00Z
2026-09-24T00:54:10.606+00:00,KXBTC15M-26SEP232100-00,84342.32,0.1000,0.1100,0.1000,1429183.63,2026-09-24T00:45:00Z,2026-09-24T01:00:00Z
2026-09-24T00:54:12.750+00:00,KXBTC15M-26SEP232100-00,84342.32,0.1000,0.1100,0.1000,1429183.63,2026-09-24T00:45:00Z,2026-09-24T01:00:00Z
2026-09-24T00:54:14.904+00:00,KXBTC15M-26SEP232100-00,84342.32,0.1000,0.1100,0.1000,1429183.63,2026-09-24T00:45:00Z,2026-09-24T01:00:00Z
2026-09-24T00:54:17.046+00:00,KXBTC15M-26SEP232100-00,84342.32,0.1000,0.1100,0.1000,1429183.63,2026-09-24T00:45:00Z,2026-09-24T01:00:00Z
2026-09-24T00:54:19.280+00:00,KXBTC15M-26SEP232100-00,84342.32,0.1000,0.1100,0.1000,1429183.63,2026-09-24T00:45:00Z,2026-09-24T01:00:00Z
2026-09-24T00:54:21.420+00:00,KXBTC15M-26SEP232100-00,84342.32,0.0880,0.0890,0.0880,1447868.93,2026-09-24T00:45:00Z,2026-09-24T01:00:00Z
2026-09-24T00:54:23.557+00:00,KXBTC15M-26SEP232100-00,84342.32,0.0880,0.0890,0.0880,1447868.93,2026-09-24T00:45:00Z,2026-09-24T01:00:00Z
2026-09-24T00:54:25.699+00:00,KXBTC15M-26SEP232100-00,84342.32,0.0880,0.0890,0.0880,1447868.93,2026-09-24T00:45:00Z,2026-09-24T01:00:00Z
2026-09-24T00:54:27.853+00:00,KXBTC15M-26SEP232100-00,84342.32,0.0880,0.0890,0.0880,1447868.93,2026-09-24T00:45:00Z,2026-09-24T01:00:00Z
2026-09-24T00:54:29.998+00:00,KXBTC15M-26SEP232100-00,84342.32,0.0880,0.0890,0.0880,1447868.93,2026-09-24T00:45:00Z,2026-09-24T01:00:00Z
2026-09-24T00:54:32.139+00:00,KXBTC15M-26SEP232100-00,84342.32,0.0880,0.0890,0.0880,1447868.93,2026-09-24T00:45:00Z,2026-09-24T01:00:00Z
2026-09-24T00:54:34.277+00:00,KXBTC15M-26SEP232100-00,84342.32,0.0540,0.0550,0.0550,1472480.22,2026-09-24T00:45:00Z,2026-09-24T01:00:00Z
2026-09-24T00:54:36.415+00:00,KXBTC15M-26SEP232100-00,84342.32,0.0540,0.0550,0.0550,1472480.22,2026-09-24T00:45:00Z,2026-09-24T01:00:00Z
2026-09-24T00:54:38.603+00:00,KXBTC15M-26SEP232100-00,84342.32,0.0540,0.0550,0.0550,1472480.22,2026-09-24T00:45:00Z,2026-09-24T01:00:00Z
2026-09-24T00:54:40.763+00:00,KXBTC15M-26SEP232100-00,84342.32,0.0540,0.0550,0.0550,1472480.22,2026-09-24T00:45:00Z,2026-09-24T01:00:00Z
2026-09-24T00:54:42.915+00:00,KXBTC15M-26SEP232100-00,84342.32,0.0540,0.0550,0.0550,1472480.22,2026-09-24T00:45:00Z,2026-09-24T01:00:00Z
2026-09-24T00:54:45.065+00:00,KXBTC15M-26SEP232100-00,84342.32,0.0420,0.0440,0.0440,1526245.69,2026-09-24T00:45:00Z,2026-09-24T01:00:00Z
2026-09-24T00:54:47.213+00:00,KXBTC15M-26SEP232100-00,84342.32,0.0420,0.0440,0.0440,1526245.69,2026-09-24T00:45:00Z,2026-09-24T01:00:00Z
2026-09-24T00:54:49.356+00:00,KXBTC15M-26SEP232100-00,84342.32,0.0420,0.0440,0.0440,1526245.69,2026-09-24T00:45:00Z,2026-09-24T01:00:00Z
2026-09-24T00:54:51.527+00:00,KXBTC15M-26SEP232100-00,84342.32,0.0420,0.0440,0.0440,1526245.69,2026-09-24T00:45:00Z,2026-09-24T01:00:00Z
2026-09-24T00:54:53.672+00:00,KXBTC15M-26SEP232100-00,84342.32,0.0420,0.0440,0.0440,1526245.69,2026-09-24T00:45:00Z,2026-09-24T01:00:00Z
2026-09-24T00:54:55.937+00:00,KXBTC15M-26SEP232100-00,84342.32,0.0530,0.0540,0.0540,1557177.61,2026-09-24T00:45:00Z,2026-09-24T01:00:00Z
2026-09-24T00:54:58.073+00:00,KXBTC15M-26SEP232100-00,84342.32,0.0530,0.0540,0.0540,1557177.61,2026-09-24T00:45:00Z,2026-09-24T01:00:00Z
2026-09-24T00:55:00.239+00:00,KXBTC15M-26SEP232100-00,84342.32,0.0530,0.0540,0.0540,1557177.61,2026-09-24T00:45:00Z,2026-09-24T01:00:00Z
2026-09-24T00:55:02.378+00:00,KXBTC15M-26SEP232100-00,84342.32,0.0530,0.0540,0.0540,1557177.61,2026-09-24T00:45:00Z,2026-09-24T01:00:00Z
2026-09-24T00:55:04.526+00:00,KXBTC15M-26SEP232100-00,84342.32,0.0530,0.0540,0.0540,1557177.61,2026-09-24T00:45:00Z,2026-09-24T01:00:00Z
2026-09-24T00:55:07.075+00:00,KXBTC15M-26SEP232100-00,84342.32,0.0570,0.0580,0.0590,1584381.13,2026-09-24T00:45:00Z,2026-09-24T01:00:00Z
2026-09-24T00:55:09.214+00:00,KXBTC15M-26SEP232100-00,84342.32,0.0570,0.0580,0.0590,1584381.13,2026-09-24T00:45:00Z,2026-09-24T01:00:00Z
2026-09-24T00:55:11.355+00:00,KXBTC15M-26SEP232100-00,84342.32,0.0570,0.0580,0.0590,1584381.13,2026-09-24T00:45:00Z,2026-09-24T01:00:00Z
2026-09-24T00:55:13.534+00:00,KXBTC15M-26SEP232100-00,84342.32,0.0570,0.0580,0.0590,1584381.13,2026-09-24T00:45:00Z,2026-09-24T01:00:00Z
2026-09-24T00:55:15.685+00:00,KXBTC15M-26SEP232100-00,84342.32,0.0570,0.0580,0.0590,1584381.13,2026-09-24T00:45:00Z,2026-09-24T01:00:00Z
2026-09-24T00:55:17.827+00:00,KXBTC15M-26SEP232100-00,84342.32,0.0440,0.0450,0.0450,1621552.70,2026-09-24T00:45:00Z,2026-09-24T01:00:00Z
2026-09-24T00:55:19.967+00:00,KXBTC15M-26SEP232100-00,84342.32,0.0440,0.0450,0.0450,1621552.70,2026-09-24T00:45:00Z,2026-09-24T01:00:00Z
2026-09-24T00:55:22.229+00:00,KXBTC15M-26SEP232100-00,84342.32,0.0440,0.0450,0.0450,1621552.70,2026-09-24T00:45:00Z,2026-09-24T01:00:00Z
2026-09-24T00:55:24.370+00:00,KXBTC15M-26SEP232100-00,84342.32,0.0440,0.0450,0.0450,1621552.70,2026-09-24T00:45:00Z,2026-09-24T01:00:00Z
2026-09-24T00:55:26.757+00:00,KXBTC15M-26SEP232100-00,84342.32,0.0440,0.0450,0.0450,1621552.70,2026-09-24T00:45:00Z,2026-09-24T01:00:00Z
2026-09-24T00:55:28.896+00:00,KXBTC15M-26SEP232100-00,84342.32,0.0570,0.0580,0.0560,1648658.22,2026-09-24T00:45:00Z,2026-09-24T01:00:00Z
2026-09-24T00:55:31.049+00:00,KXBTC15M-26SEP232100-00,84342.32,0.0570,0.0580,0.0560,1648658.22,2026-09-24T00:45:00Z,2026-09-24T01:00:00Z
2026-09-24T00:55:33.189+00:00,KXBTC15M-26SEP232100-00,84342.32,0.0570,0.0580,0.0560,1648658.22,2026-09-24T00:45:00Z,2026-09-24T01:00:00Z
2026-09-24T00:55:35.328+00:00,KXBTC15M-26SEP232100-00,84342.32,0.0570,0.0580,0.0560,1648658.22,2026-09-24T00:45:00Z,2026-09-24T01:00:00Z
2026-09-24T00:55:37.471+00:00,KXBTC15M-26SEP232100-00,84342.32,0.0570,0.0580,0.0560,1648658.22,2026-09-24T00:45:00Z,2026-09-24T01:00:00Z
2026-09-24T00:55:39.606+00:00,KXBTC15M-26SEP232100-00,84342.32,0.0780,0.0800,0.0780,1669095.87,2026-09-24T00:45:00Z,2026-09-24T01:00:00Z
2026-09-24T00:55:41.745+00:00,KXBTC15M-26SEP232100-00,84342.32,0.0780,0.0800,0.0780,1669095.87,2026-09-24T00:45:00Z,2026-09-24T01:00:00Z
2026-09-24T00:55:43.888+00:00,KXBTC15M-26SEP232100-00,84342.32,0.0780,0.0800,0.0780,1669095.87,2026-09-24T00:45:00Z,2026-09-24T01:00:00Z
2026-09-24T00:55:46.055+00:00,KXBTC15M-26SEP232100-00,84342.32,0.0780,0.0800,0.0780,1669095.87,2026-09-24T00:45:00Z,2026-09-24T01:00:00Z
2026-09-24T00:55:48.194+00:00,KXBTC15M-26SEP232100-00,84342.32,0.0780,0.0800,0.0780,1669095.87,2026-09-24T00:45:00Z,2026-09-24T01:00:00Z
2026-09-24T00:55:50.336+00:00,KXBTC15M-26SEP232100-00,84342.32,0.0720,0.0730,0.0720,1708181.33,2026-09-24T00:45:00Z,2026-09-24T01:00:00Z
2026-09-24T00:55:52.725+00:00,KXBTC15M-26SEP232100-00,84342.32,0.0720,0.0730,0.0720,1708181.33,2026-09-24T00:45:00Z,2026-09-24T01:00:00Z
2026-09-24T00:55:54.865+00:00,KXBTC15M-26SEP232100-00,84342.32,0.0720,0.0730,0.0720,1708181.33,2026-09-24T00:45:00Z,2026-09-24T01:00:00Z
2026-09-24T00:55:57.005+00:00,KXBTC15M-26SEP232100-00,84342.32,0.0720,0.0730,0.0720,1708181.33,2026-09-24T00:45:00Z,2026-09-24T01:00:00Z
2026-09-24T00:55:59.144+00:00,KXBTC15M-26SEP232100-00,84342.32,0.0720,0.0730,0.0720,1708181.33,2026-09-24T00:45:00Z,2026-09-24T01:00:00Z
2026-09-24T00:56:01.331+00:00,KXBTC15M-26SEP232100-00,84342.32,0.0480,0.0490,0.0490,1752360.59,2026-09-24T00:45:00Z,2026-09-24T01:00:00Z
2026-09-24T00:56:03.472+00:00,KXBTC15M-26SEP232100-00,84342.32,0.0480,0.0490,0.0490,1752360.59,2026-09-24T00:45:00Z,2026-09-24T01:00:00Z
2026-09-24T00:56:05.611+00:00,KXBTC15M-26SEP232100-00,84342.32,0.0480,0.0490,0.0490,1752360.59,2026-09-24T00:45:00Z,2026-09-24T01:00:00Z
2026-09-24T00:56:07.752+00:00,KXBTC15M-26SEP232100-00,84342.32,0.0480,0.0490,0.0490,1752360.59,2026-09-24T00:45:00Z,2026-09-24T01:00:00Z
2026-09-24T00:56:09.914+00:00,KXBTC15M-26SEP232100-00,84342.32,0.0480,0.0490,0.0490,1752360.59,2026-09-24T00:45:00Z,2026-09-24T01:00:00Z
2026-09-24T00:56:12.056+00:00,KXBTC15M-26SEP232100-00,84342.32,0.0370,0.0380,0.0360,1775077.12,2026-09-24T00:45:00Z,2026-09-24T01:00:00Z
2026-09-24T00:56:14.192+00:00,KXBTC15M-26SEP232100-00,84342.32,0.0370,0.0380,0.0360,1775077.12,2026-09-24T00:45:00Z,2026-09-24T01:00:00Z
2026-09-24T00:56:16.349+00:00,KXBTC15M-26SEP232100-00,84342.32,0.0370,0.0380,0.0360,1775077.12,2026-09-24T00:45:00Z,2026-09-24T01:00:00Z
2026-09-24T00:56:18.493+00:00,KXBTC15M-26SEP232100-00,84342.32,0.0370,0.0380,0.0360,1775077.12,2026-09-24T00:45:00Z,2026-09-24T01:00:00Z
2026-09-24T00:56:20.641+00:00,KXBTC15M-26SEP232100-00,84342.32,0.0370,0.0380,0.0360,1775077.12,2026-09-24T00:45:00Z,2026-09-24T01:00:00Z
2026-09-24T00:56:22.783+00:00,KXBTC15M-26SEP232100-00,84342.32,0.0420,0.0430,0.0420,1798939.88,2026-09-24T00:45:00Z,2026-09-24T01:00:00Z
2026-09-24T00:56:24.921+00:00,KXBTC15M-26SEP232100-00,84342.32,0.0420,0.0430,0.0420,1798939.88,2026-09-24T00:45:00Z,2026-09-24T01:00:00Z
2026-09-24T00:56:27.067+00:00,KXBTC15M-26SEP232100-00,84342.32,0.0420,0.0430,0.0420,1798939.88,2026-09-24T00:45:00Z,2026-09-24T01:00:00Z
2026-09-24T00:56:29.208+00:00,KXBTC15M-26SEP232100-00,84342.32,0.0420,0.0430,0.0420,1798939.88,2026-09-24T00:45:00Z,2026-09-24T01:00:00Z
2026-09-24T00:56:31.352+00:00,KXBTC15M-26SEP232100-00,84342.32,0.0650,0.0660,0.0660,1828671.23,2026-09-24T00:45:00Z,2026-09-24T01:00:00Z
2026-09-24T00:56:33.489+00:00,KXBTC15M-26SEP232100-00,84342.32,0.0650,0.0660,0.0660,1828671.23,2026-09-24T00:45:00Z,2026-09-24T01:00:00Z
2026-09-24T00:56:35.631+00:00,KXBTC15M-26SEP232100-00,84342.32,0.0650,0.0660,0.0660,1828671.23,2026-09-24T00:45:00Z,2026-09-24T01:00:00Z
2026-09-24T00:56:37.770+00:00,KXBTC15M-26SEP232100-00,84342.32,0.0650,0.0660,0.0660,1828671.23,2026-09-24T00:45:00Z,2026-09-24T01:00:00Z
2026-09-24T00:56:39.908+00:00,KXBTC15M-26SEP232100-00,84342.32,0.0650,0.0660,0.0660,1828671.23,2026-09-24T00:45:00Z,2026-09-24T01:00:00Z
2026-09-24T00:56:42.046+00:00,KXBTC15M-26SEP232100-00,84342.32,0.1000,0.1100,0.1000,1875619.34,2026-09-24T00:45:00Z,2026-09-24T01:00:00Z
2026-09-24T00:56:44.190+00:00,KXBTC15M-26SEP232100-00,84342.32,0.1000,0.1100,0.1000,1875619.34,2026-09-24T00:45:00Z,2026-09-24T01:00:00Z
2026-09-24T00:56:46.332+00:00,KXBTC15M-26SEP232100-00,84342.32,0.1000,0.1100,0.1000,1875619.34,2026-09-24T00:45:00Z,2026-09-24T01:00:00Z
2026-09-24T00:56:48.484+00:00,KXBTC15M-26SEP232100-00,84342.32,0.1000,0.1100,0.1000,1875619.34,2026-09-24T00:45:00Z,2026-09-24T01:00:00Z
2026-09-24T00:56:50.620+00:00,KXBTC15M-26SEP232100-00,84342.32,0.1000,0.1100,0.1000,1875619.34,2026-09-24T00:45:00Z,2026-09-24T01:00:00Z
2026-09-24T00:56:52.757+00:00,KXBTC15M-26SEP232100-00,84342.32,0.2600,0.2700,0.2600,2003099.77,2026-09-24T00:45:00Z,2026-09-24T01:00:00Z
2026-09-24T00:56:54.914+00:00,KXBTC15M-26SEP232100-00,84342.32,0.2600,0.2700,0.2600,2003099.77,2026-09-24T00:45:00Z,2026-09-24T01:00:00Z
2026-09-24T00:56:57.055+00:00,KXBTC15M-26SEP232100-00,84342.32,0.2600,0.2700,0.2600,2003099.77,2026-09-24T00:45:00Z,2026-09-24T01:00:00Z
2026-09-24T00:56:59.210+00:00,KXBTC15M-26SEP232100-00,84342.32,0.2600,0.2700,0.2600,2003099.77,2026-09-24T00:45:00Z,2026-09-24T01:00:00Z
2026-09-24T00:57:01.348+00:00,KXBTC15M-26SEP232100-00,84342.32,0.2600,0.2700,0.2600,2003099.77,2026-09-24T00:45:00Z,2026-09-24T01:00:00Z
2026-09-24T00:57:03.487+00:00,KXBTC15M-26SEP232100-00,84342.32,0.2500,0.2600,0.2600,2083356.48,2026-09-24T00:45:00Z,2026-09-24T01:00:00Z
2026-09-24T00:57:05.624+00:00,KXBTC15M-26SEP232100-00,84342.32,0.2500,0.2600,0.2600,2083356.48,2026-09-24T00:45:00Z,2026-09-24T01:00:00Z
2026-09-24T00:57:07.770+00:00,KXBTC15M-26SEP232100-00,84342.32,0.2500,0.2600,0.2600,2083356.48,2026-09-24T00:45:00Z,2026-09-24T01:00:00Z
2026-09-24T00:57:09.913+00:00,KXBTC15M-26SEP232100-00,84342.32,0.2500,0.2600,0.2600,2083356.48,2026-09-24T00:45:00Z,2026-09-24T01:00:00Z
2026-09-24T00:57:12.049+00:00,KXBTC15M-26SEP232100-00,84342.32,0.2500,0.2600,0.2600,2083356.48,2026-09-24T00:45:00Z,2026-09-24T01:00:00Z
2026-09-24T00:57:14.188+00:00,KXBTC15M-26SEP232100-00,84342.32,0.3900,0.4000,0.3900,2168605.85,2026-09-24T00:45:00Z,2026-09-24T01:00:00Z
2026-09-24T00:57:16.329+00:00,KXBTC15M-26SEP232100-00,84342.32,0.3900,0.4000,0.3900,2168605.85,2026-09-24T00:45:00Z,2026-09-24T01:00:00Z
2026-09-24T00:57:18.554+00:00,KXBTC15M-26SEP232100-00,84342.32,0.3900,0.4000,0.3900,2168605.85,2026-09-24T00:45:00Z,2026-09-24T01:00:00Z
2026-09-24T00:57:20.700+00:00,KXBTC15M-26SEP232100-00,84342.32,0.3900,0.4000,0.3900,2168605.85,2026-09-24T00:45:00Z,2026-09-24T01:00:00Z
2026-09-24T00:57:22.840+00:00,KXBTC15M-26SEP232100-00,84342.32,0.3900,0.4000,0.3900,2168605.85,2026-09-24T00:45:00Z,2026-09-24T01:00:00Z
2026-09-24T00:57:24.978+00:00,KXBTC15M-26SEP232100-00,84342.32,0.5000,0.5100,0.5100,2312389.80,2026-09-24T00:45:00Z,2026-09-24T01:00:00Z
2026-09-24T00:57:27.116+00:00,KXBTC15M-26SEP232100-00,84342.32,0.5000,0.5100,0.5100,2312389.80,2026-09-24T00:45:00Z,2026-09-24T01:00:00Z
2026-09-24T00:57:29.262+00:00,KXBTC15M-26SEP232100-00,84342.32,0.5000,0.5100,0.5100,2312389.80,2026-09-24T00:45:00Z,2026-09-24T01:00:00Z
2026-09-24T00:57:31.399+00:00,KXBTC15M-26SEP232100-00,84342.32,0.5000,0.5100,0.5100,2312389.80,2026-09-24T00:45:00Z,2026-09-24T01:00:00Z
2026-09-24T00:57:33.540+00:00,KXBTC15M-26SEP232100-00,84342.32,0.5000,0.5100,0.5100,2312389.80,2026-09-24T00:45:00Z,2026-09-24T01:00:00Z
2026-09-24T00:57:35.678+00:00,KXBTC15M-26SEP232100-00,84342.32,0.3100,0.3200,0.3200,2411911.59,2026-09-24T00:45:00Z,2026-09-24T01:00:00Z
2026-09-24T00:57:37.818+00:00,KXBTC15M-26SEP232100-00,84342.32,0.3100,0.3200,0.3200,2411911.59,2026-09-24T00:45:00Z,2026-09-24T01:00:00Z
2026-09-24T00:57:39.955+00:00,KXBTC15M-26SEP232100-00,84342.32,0.3100,0.3200,0.3200,2411911.59,2026-09-24T00:45:00Z,2026-09-24T01:00:00Z
2026-09-24T00:57:42.095+00:00,KXBTC15M-26SEP232100-00,84342.32,0.3100,0.3200,0.3200,2411911.59,2026-09-24T00:45:00Z,2026-09-24T01:00:00Z
2026-09-24T00:57:44.236+00:00,KXBTC15M-26SEP232100-00,84342.32,0.3100,0.3200,0.3200,2411911.59,2026-09-24T00:45:00Z,2026-09-24T01:00:00Z
2026-09-24T00:57:46.372+00:00,KXBTC15M-26SEP232100-00,84342.32,0.3100,0.3200,0.3200,2411911.59,2026-09-24T00:45:00Z,2026-09-24T01:00:00Z
2026-09-24T00:57:48.522+00:00,KXBTC15M-26SEP232100-00,84342.32,0.1100,0.1200,0.1200,2461639.34,2026-09-24T00:45:00Z,2026-09-24T01:00:00Z
2026-09-24T00:57:50.664+00:00,KXBTC15M-26SEP232100-00,84342.32,0.1100,0.1200,0.1200,2461639.34,2026-09-24T00:45:00Z,2026-09-24T01:00:00Z
2026-09-24T00:57:52.805+00:00,KXBTC15M-26SEP232100-00,84342.32,0.1100,0.1200,0.1200,2461639.34,2026-09-24T00:45:00Z,2026-09-24T01:00:00Z
2026-09-24T00:57:54.945+00:00,KXBTC15M-26SEP232100-00,84342.32,0.1100,0.1200,0.1200,2461639.34,2026-09-24T00:45:00Z,2026-09-24T01:00:00Z
2026-09-24T00:57:57.089+00:00,KXBTC15M-26SEP232100-00,84342.32,0.1100,0.1200,0.1200,2461639.34,2026-09-24T00:45:00Z,2026-09-24T01:00:00Z
2026-09-24T00:57:59.233+00:00,KXBTC15M-26SEP232100-00,84342.32,0.0500,0.0510,0.0510,2524262.15,2026-09-24T00:45:00Z,2026-09-24T01:00:00Z
2026-09-24T00:58:01.373+00:00,KXBTC15M-26SEP232100-00,84342.32,0.0500,0.0510,0.0510,2524262.15,2026-09-24T00:45:00Z,2026-09-24T01:00:00Z
2026-09-24T00:58:03.512+00:00,KXBTC15M-26SEP232100-00,84342.32,0.0500,0.0510,0.0510,2524262.15,2026-09-24T00:45:00Z,2026-09-24T01:00:00Z
2026-09-24T00:58:05.650+00:00,KXBTC15M-26SEP232100-00,84342.32,0.0500,0.0510,0.0510,2524262.15,2026-09-24T00:45:00Z,2026-09-24T01:00:00Z
2026-09-24T00:58:07.790+00:00,KXBTC15M-26SEP232100-00,84342.32,0.0500,0.0510,0.0510,2524262.15,2026-09-24T00:45:00Z,2026-09-24T01:00:00Z
2026-09-24T00:58:09.927+00:00,KXBTC15M-26SEP232100-00,84342.32,0.0500,0.0510,0.0510,2524262.15,2026-09-24T00:45:00Z,2026-09-24T01:00:00Z
2026-09-24T00:58:12.129+00:00,KXBTC15M-26SEP232100-00,84342.32,0.0260,0.0270,0.0270,2607586.10,2026-09-24T00:45:00Z,2026-09-24T01:00:00Z
2026-09-24T00:58:14.267+00:00,KXBTC15M-26SEP232100-00,84342.32,0.0260,0.0270,0.0270,2607586.10,2026-09-24T00:45:00Z,2026-09-24T01:00:00Z
2026-09-24T00:58:16.436+00:00,KXBTC15M-26SEP232100-00,84342.32,0.0260,0.0270,0.0270,2607586.10,2026-09-24T00:45:00Z,2026-09-24T01:00:00Z
2026-09-24T00:58:18.599+00:00,KXBTC15M-26SEP232100-00,84342.32,0.0260,0.0270,0.0270,2607586.10,2026-09-24T00:45:00Z,2026-09-24T01:00:00Z
2026-09-24T00:58:20.738+00:00,KXBTC15M-26SEP232100-00,84342.32,0.0260,0.0270,0.0270,2607586.10,2026-09-24T00:45:00Z,2026-09-24T01:00:00Z
2026-09-24T00:58:22.879+00:00,KXBTC15M-26SEP232100-00,84342.32,0.0350,0.0360,0.0360,2663943.96,2026-09-24T00:45:00Z,2026-09-24T01:00:00Z
2026-09-24T00:58:25.019+00:00,KXBTC15M-26SEP232100-00,84342.32,0.0350,0.0360,0.0360,2663943.96,2026-09-24T00:45:00Z,2026-09-24T01:00:00Z
2026-09-24T00:58:27.162+00:00,KXBTC15M-26SEP232100-00,84342.32,0.0350,0.0360,0.0360,2663943.96,2026-09-24T00:45:00Z,2026-09-24T01:00:00Z
2026-09-24T00:58:29.304+00:00,KXBTC15M-26SEP232100-00,84342.32,0.0350,0.0360,0.0360,2663943.96,2026-09-24T00:45:00Z,2026-09-24T01:00:00Z
2026-09-24T00:58:31.446+00:00,KXBTC15M-26SEP232100-00,84342.32,0.0350,0.0360,0.0360,2663943.96,2026-09-24T00:45:00Z,2026-09-24T01:00:00Z
2026-09-24T00:58:33.582+00:00,KXBTC15M-26SEP232100-00,84342.32,0.0250,0.0290,0.0290,2709748.66,2026-09-24T00:45:00Z,2026-09-24T01:00:00Z
2026-09-24T00:58:35.719+00:00,KXBTC15M-26SEP232100-00,84342.32,0.0250,0.0290,0.0290,2709748.66,2026-09-24T00:45:00Z,2026-09-24T01:00:00Z
2026-09-24T00:58:37.854+00:00,KXBTC15M-26SEP232100-00,84342.32,0.0250,0.0290,0.0290,2709748.66,2026-09-24T00:45:00Z,2026-09-24T01:00:00Z
2026-09-24T00:58:39.992+00:00,KXBTC15M-26SEP232100-00,84342.32,0.0250,0.0290,0.0290,2709748.66,2026-09-24T00:45:00Z,2026-09-24T01:00:00Z
2026-09-24T00:58:42.131+00:00,KXBTC15M-26SEP232100-00,84342.32,0.0250,0.0290,0.0290,2709748.66,2026-09-24T00:45:00Z,2026-09-24T01:00:00Z
2026-09-24T00:58:44.280+00:00,KXBTC15M-26SEP232100-00,84342.32,0.0250,0.0290,0.0290,2709748.66,2026-09-24T00:45:00Z,2026-09-24T01:00:00Z
2026-09-24T00:58:46.422+00:00,KXBTC15M-26SEP232100-00,84342.32,0.0380,0.0390,0.0390,2751106.77,2026-09-24T00:45:00Z,2026-09-24T01:00:00Z
2026-09-24T00:58:48.560+00:00,KXBTC15M-26SEP232100-00,84342.32,0.0380,0.0390,0.0390,2751106.77,2026-09-24T00:45:00Z,2026-09-24T01:00:00Z
2026-09-24T00:58:50.711+00:00,KXBTC15M-26SEP232100-00,84342.32,0.0380,0.0390,0.0390,2751106.77,2026-09-24T00:45:00Z,2026-09-24T01:00:00Z
2026-09-24T00:58:52.850+00:00,KXBTC15M-26SEP232100-00,84342.32,0.0380,0.0390,0.0390,2751106.77,2026-09-24T00:45:00Z,2026-09-24T01:00:00Z
2026-09-24T00:58:54.988+00:00,KXBTC15M-26SEP232100-00,84342.32,0.0380,0.0390,0.0390,2751106.77,2026-09-24T00:45:00Z,2026-09-24T01:00:00Z
2026-09-24T00:58:57.125+00:00,KXBTC15M-26SEP232100-00,84342.32,0.0250,0.0270,0.0270,2817718.46,2026-09-24T00:45:00Z,2026-09-24T01:00:00Z
2026-09-24T00:58:59.268+00:00,KXBTC15M-26SEP232100-00,84342.32,0.0250,0.0270,0.0270,2817718.46,2026-09-24T00:45:00Z,2026-09-24T01:00:00Z
2026-09-24T00:59:01.411+00:00,KXBTC15M-26SEP232100-00,84342.32,0.0250,0.0270,0.0270,2817718.46,2026-09-24T00:45:00Z,2026-09-24T01:00:00Z
2026-09-24T00:59:03.550+00:00,KXBTC15M-26SEP232100-00,84342.32,0.0250,0.0270,0.0270,2817718.46,2026-09-24T00:45:00Z,2026-09-24T01:00:00Z
2026-09-24T00:59:05.769+00:00,KXBTC15M-26SEP232100-00,84342.32,0.0250,0.0270,0.0270,2817718.46,2026-09-24T00:45:00Z,2026-09-24T01:00:00Z
2026-09-24T00:59:07.910+00:00,KXBTC15M-26SEP232100-00,84342.32,0.0250,0.0270,0.0270,2817718.46,2026-09-24T00:45:00Z,2026-09-24T01:00:00Z
2026-09-24T00:59:10.062+00:00,KXBTC15M-26SEP232100-00,84342.32,0.0080,0.0090,0.0090,2938220.41,2026-09-24T00:45:00Z,2026-09-24T01:00:00Z
2026-09-24T00:59:12.205+00:00,KXBTC15M-26SEP232100-00,84342.32,0.0080,0.0090,0.0090,2938220.41,2026-09-24T00:45:00Z,2026-09-24T01:00:00Z
2026-09-24T00:59:14.341+00:00,KXBTC15M-26SEP232100-00,84342.32,0.0080,0.0090,0.0090,2938220.41,2026-09-24T00:45:00Z,2026-09-24T01:00:00Z
2026-09-24T00:59:16.481+00:00,KXBTC15M-26SEP232100-00,84342.32,0.0080,0.0090,0.0090,2938220.41,2026-09-24T00:45:00Z,2026-09-24T01:00:00Z
2026-09-24T00:59:18.867+00:00,KXBTC15M-26SEP232100-00,84342.32,0.0080,0.0090,0.0090,2938220.41,2026-09-24T00:45:00Z,2026-09-24T01:00:00Z
2026-09-24T00:59:21.020+00:00,KXBTC15M-26SEP232100-00,84342.32,0.0070,0.0110,0.0130,3044223.55,2026-09-24T00:45:00Z,2026-09-24T01:00:00Z
2026-09-24T00:59:23.172+00:00,KXBTC15M-26SEP232100-00,84342.32,0.0070,0.0110,0.0130,3044223.55,2026-09-24T00:45:00Z,2026-09-24T01:00:00Z
2026-09-24T00:59:25.328+00:00,KXBTC15M-26SEP232100-00,84342.32,0.0070,0.0110,0.0130,3044223.55,2026-09-24T00:45:00Z,2026-09-24T01:00:00Z
2026-09-24T00:59:27.495+00:00,KXBTC15M-26SEP232100-00,84342.32,0.0070,0.0110,0.0130,3044223.55,2026-09-24T00:45:00Z,2026-09-24T01:00:00Z
2026-09-24T00:59:29.633+00:00,KXBTC15M-26SEP232100-00,84342.32,0.0070,0.0110,0.0130,3044223.55,2026-09-24T00:45:00Z,2026-09-24T01:00:00Z
2026-09-24T00:59:31.780+00:00,KXBTC15M-26SEP232100-00,84342.32,0.0030,0.0040,0.0030,3141355.69,2026-09-24T00:45:00Z,2026-09-24T01:00:00Z
2026-09-24T00:59:33.920+00:00,KXBTC15M-26SEP232100-00,84342.32,0.0030,0.0040,0.0030,3141355.69,2026-09-24T00:45:00Z,2026-09-24T01:00:00Z
2026-09-24T00:59:36.058+00:00,KXBTC15M-26SEP232100-00,84342.32,0.0030,0.0040,0.0030,3141355.69,2026-09-24T00:45:00Z,2026-09-24T01:00:00Z
2026-09-24T00:59:38.196+00:00,KXBTC15M-26SEP232100-00,84342.32,0.0030,0.0040,0.0030,3141355.69,2026-09-24T00:45:00Z,2026-09-24T01:00:00Z
2026-09-24T00:59:40.338+00:00,KXBTC15M-26SEP232100-00,84342.32,0.0030,0.0040,0.0030,3141355.69,2026-09-24T00:45:00Z,2026-09-24T01:00:00Z
2026-09-24T00:59:42.475+00:00,KXBTC15M-26SEP232100-00,84342.32,0.0000,0.0010,0.0010,3418970.83,2026-09-24T00:45:00Z,2026-09-24T01:00:00Z
2026-09-24T00:59:44.618+00:00,KXBTC15M-26SEP232100-00,84342.32,0.0000,0.0010,0.0010,3418970.83,2026-09-24T00:45:00Z,2026-09-24T01:00:00Z
2026-09-24T00:59:46.798+00:00,KXBTC15M-26SEP232100-00,84342.32,0.0000,0.0010,0.0010,3418970.83,2026-09-24T00:45:00Z,2026-09-24T01:00:00Z
2026-09-24T00:59:48.951+00:00,KXBTC15M-26SEP232100-00,84342.32,0.0000,0.0010,0.0010,3418970.83,2026-09-24T00:45:00Z,2026-09-24T01:00:00Z
2026-09-24T00:59:51.102+00:00,KXBTC15M-26SEP232100-00,84342.32,0.0000,0.0010,0.0010,3418970.83,2026-09-24T00:45:00Z,2026-09-24T01:00:00Z
2026-09-24T00:59:53.243+00:00,KXBTC15M-26SEP232100-00,84342.32,0.0000,0.0010,0.0010,3418970.83,2026-09-24T00:45:00Z,2026-09-24T01:00:00Z
2026-09-24T00:59:55.382+00:00,KXBTC15M-26SEP232100-00,84342.32,0.0000,0.0010,0.0010,3489331.96,2026-09-24T00:45:00Z,2026-09-24T01:00:00Z
2026-09-24T00:59:57.519+00:00,KXBTC15M-26SEP232100-00,84342.32,0.0000,0.0010,0.0010,3489331.96,2026-09-24T00:45:00Z,2026-09-24T01:00:00Z
2026-09-24T00:59:59.658+00:00,KXBTC15M-26SEP232100-00,84342.32,0.0000,0.0010,0.0010,3489331.96,2026-09-24T00:45:00Z,2026-09-24T01:00:00Z
2026-09-24T01:00:01.815+00:00,KXBTC15M-26SEP232100-00,84342.32,0.0000,0.0010,0.0010,3489331.96,2026-09-24T00:45:00Z,2026-09-24T01:00:00Z
2026-09-24T01:00:03.996+00:00,KXBTC15M-26SEP232100-00,84342.32,0.0000,0.0010,0.0010,3489331.96,2026-09-24T00:45:00Z,2026-09-24T01:00:00Z
2026-09-24T01:00:06.176+00:00,KXBTC15M-26SEP232100-00,84342.32,0.0000,1.0000,0.0010,3554688.02,2026-09-24T00:45:00Z,2026-09-24T01:00:00Z
2026-09-24T01:00:08.327+00:00,KXBTC15M-26SEP232100-00,84342.32,0.0000,1.0000,0.0010,3554688.02,2026-09-24T00:45:00Z,2026-09-24T01:00:00Z
2026-09-24T01:00:10.515+00:00,KXBTC15M-26SEP232100-00,84342.32,0.0000,1.0000,0.0010,3554688.02,2026-09-24T00:45:00Z,2026-09-24T01:00:00Z
2026-09-24T01:00:12.684+00:00,KXBTC15M-26SEP232100-00,84342.32,0.0000,1.0000,0.0010,3554688.02,2026-09-24T00:45:00Z,2026-09-24T01:00:00Z
2026-09-24T01:00:14.830+00:00,KXBTC15M-26SEP232100-00,84342.32,0.0000,1.0000,0.0010,3554688.02,2026-09-24T00:45:00Z,2026-09-24T01:00:00Z
2026-09-24T01:00:17.072+00:00,KXBTC15M-26SEP232100-00,84342.32,0.0000,1.0000,0.0010,3554688.02,2026-09-24T00:45:00Z,2026-09-24T01:00:00Z
2026-09-24T01:00:19.219+00:00,KXBTC15M-26SEP232100-00,84342.32,0.0000,1.0000,0.0010,3554688.02,2026-09-24T00:45:00Z,2026-09-24T01:00:00Z
2026-09-24T01:00:21.425+00:00,KXBTC15M-26SEP232100-00,84342.32,0.0000,1.0000,0.0010,3554688.02,2026-09-24T00:45:00Z,2026-09-24T01:00:00Z
2026-09-24T01:00:23.566+00:00,KXBTC15M-26SEP232100-00,84342.32,0.0000,1.0000,0.0010,3554688.02,2026-09-24T00:45:00Z,2026-09-24T01:00:00Z
2026-09-24T01:00:25.715+00:00,KXBTC15M-26SEP232100-00,84342.32,0.0000,1.0000,0.0010,3554688.02,2026-09-24T00:45:00Z,2026-09-24T01:00:00Z
2026-09-24T01:00:27.860+00:00,KXBTC15M-26SEP232100-00,84342.32,0.0000,1.0000,0.0010,3554688.02,2026-09-24T00:45:00Z,2026-09-24T01:00:00Z
2026-09-24T01:00:30.011+00:00,KXBTC15M-26SEP232100-00,84342.32,0.0000,1.0000,0.0010,3554688.02,2026-09-24T00:45:00Z,2026-09-24T01:00:00Z
2026-09-24T01:00:32.152+00:00,KXBTC15M-26SEP232100-00,84342.32,0.0000,1.0000,0.0010,3554688.02,2026-09-24T00:45:00Z,2026-09-24T01:00:00Z
2026-09-24T01:00:34.298+00:00,KXBTC15M-26SEP232100-00,84342.32,0.0000,1.0000,0.0010,3554688.02,2026-09-24T00:45:00Z,2026-09-24T01:00:00Z
2026-09-24T01:00:36.450+00:00,KXBTC15M-26SEP232100-00,84342.32,0.0000,1.0000,0.0010,3554688.02,2026-09-24T00:45:00Z,2026-09-24T01:00:00Z
2026-09-24T01:00:38.594+00:00,KXBTC15M-26SEP232100-00,84342.32,0.0000,1.0000,0.0010,3554688.02,2026-09-24T00:45:00Z,2026-09-24T01:00:00Z
2026-09-24T01:00:40.741+00:00,KXBTC15M-26SEP232100-00,84342.32,0.0000,1.0000,0.0010,3554688.02,2026-09-24T00:45:00Z,2026-09-24T01:00:00Z
2026-09-24T01:00:42.883+00:00,KXBTC15M-26SEP232100-00,84342.32,0.0000,1.0000,0.0010,3554688.02,2026-09-24T00:45:00Z,2026-09-24T01:00:00Z
2026-09-24T01:00:45.028+00:00,KXBTC15M-26SEP232100-00,84342.32,0.0000,1.0000,0.0010,3554688.02,2026-09-24T00:45:00Z,2026-09-24T01:00:00Z
2026-09-24T01:00:47.169+00:00,KXBTC15M-26SEP232100-00,84342.32,0.0000,1.0000,0.0010,3554688.02,2026-09-24T00:45:00Z,2026-09-24T01:00:00Z
2026-09-24T01:00:49.312+00:00,KXBTC15M-26SEP232100-00,84342.32,0.0000,1.0000,0.0010,3554688.02,2026-09-24T00:45:00Z,2026-09-24T01:00:00Z
2026-09-24T01:00:51.463+00:00,KXBTC15M-26SEP232115-15,84310.98,0.5100,0.5200,0.5200,165573.06,2026-09-24T01:00:00Z,2026-09-24T01:15:00Z
2026-09-24T01:00:53.624+00:00,KXBTC15M-26SEP232115-15,84310.98,0.5100,0.5200,0.5200,165573.06,2026-09-24T01:00:00Z,2026-09-24T01:15:00Z
2026-09-24T01:00:55.788+00:00,KXBTC15M-26SEP232115-15,84310.98,0.5100,0.5200,0.5200,165573.06,2026-09-24T01:00:00Z,2026-09-24T01:15:00Z
2026-09-24T01:00:57.933+00:00,KXBTC15M-26SEP232115-15,84310.98,0.5100,0.5200,0.5200,165573.06,2026-09-24T01:00:00Z,2026-09-24T01:15:00Z
2026-09-24T01:01:00.094+00:00,KXBTC15M-26SEP232115-15,84310.98,0.5100,0.5200,0.5200,165573.06,2026-09-24T01:00:00Z,2026-09-24T01:15:00Z
2026-09-24T01:01:02.253+00:00,KXBTC15M-26SEP232115-15,84310.98,0.5400,0.5500,0.5500,181347.30,2026-09-24T01:00:00Z,2026-09-24T01:15:00Z
2026-09-24T01:01:04.644+00:00,KXBTC15M-26SEP232115-15,84310.98,0.5400,0.5500,0.5500,181347.30,2026-09-24T01:00:00Z,2026-09-24T01:15:00Z
2026-09-24T01:01:06.781+00:00,KXBTC15M-26SEP232115-15,84310.98,0.5400,0.5500,0.5500,181347.30,2026-09-24T01:00:00Z,2026-09-24T01:15:00Z
2026-09-24T01:01:08.921+00:00,KXBTC15M-26SEP232115-15,84310.98,0.5400,0.5500,0.5500,181347.30,2026-09-24T01:00:00Z,2026-09-24T01:15:00Z
2026-09-24T01:01:11.063+00:00,KXBTC15M-26SEP232115-15,84310.98,0.5400,0.5500,0.5500,181347.30,2026-09-24T01:00:00Z,2026-09-24T01:15:00Z
2026-09-24T01:01:13.445+00:00,KXBTC15M-26SEP232115-15,84310.98,0.7000,0.7100,0.7000,236380.34,2026-09-24T01:00:00Z,2026-09-24T01:15:00Z
2026-09-24T01:01:15.589+00:00,KXBTC15M-26SEP232115-15,84310.98,0.7000,0.7100,0.7000,236380.34,2026-09-24T01:00:00Z,2026-09-24T01:15:00Z
2026-09-24T01:01:17.729+00:00,KXBTC15M-26SEP232115-15,84310.98,0.7000,0.7100,0.7000,236380.34,2026-09-24T01:00:00Z,2026-09-24T01:15:00Z
2026-09-24T01:01:19.868+00:00,KXBTC15M-26SEP232115-15,84310.98,0.7000,0.7100,0.7000,236380.34,2026-09-24T01:00:00Z,2026-09-24T01:15:00Z
2026-09-24T01:01:22.026+00:00,KXBTC15M-26SEP232115-15,84310.98,0.7000,0.7100,0.7000,236380.34,2026-09-24T01:00:00Z,2026-09-24T01:15:00Z
2026-09-24T01:01:24.237+00:00,KXBTC15M-26SEP232115-15,84310.98,0.7100,0.7200,0.7200,269397.32,2026-09-24T01:00:00Z,2026-09-24T01:15:00Z
2026-09-24T01:01:26.420+00:00,KXBTC15M-26SEP232115-15,84310.98,0.7100,0.7200,0.7200,269397.32,2026-09-24T01:00:00Z,2026-09-24T01:15:00Z
2026-09-24T01:01:28.565+00:00,KXBTC15M-26SEP232115-15,84310.98,0.7100,0.7200,0.7200,269397.32,2026-09-24T01:00:00Z,2026-09-24T01:15:00Z
2026-09-24T01:01:30.715+00:00,KXBTC15M-26SEP232115-15,84310.98,0.7100,0.7200,0.7200,269397.32,2026-09-24T01:00:00Z,2026-09-24T01:15:00Z
2026-09-24T01:01:32.902+00:00,KXBTC15M-26SEP232115-15,84310.98,0.7100,0.7200,0.7200,269397.32,2026-09-24T01:00:00Z,2026-09-24T01:15:00Z
2026-09-24T01:01:35.049+00:00,KXBTC15M-26SEP232115-15,84310.98,0.6700,0.6800,0.6700,313772.96,2026-09-24T01:00:00Z,2026-09-24T01:15:00Z
2026-09-24T01:01:37.194+00:00,KXBTC15M-26SEP232115-15,84310.98,0.6700,0.6800,0.6700,313772.96,2026-09-24T01:00:00Z,2026-09-24T01:15:00Z
2026-09-24T01:01:39.345+00:00,KXBTC15M-26SEP232115-15,84310.98,0.6700,0.6800,0.6700,313772.96,2026-09-24T01:00:00Z,2026-09-24T01:15:00Z
2026-09-24T01:01:41.492+00:00,KXBTC15M-26SEP232115-15,84310.98,0.6700,0.6800,0.6700,313772.96,2026-09-24T01:00:00Z,2026-09-24T01:15:00Z
2026-09-24T01:01:43.634+00:00,KXBTC15M-26SEP232115-15,84310.98,0.6700,0.6800,0.6700,313772.96,2026-09-24T01:00:00Z,2026-09-24T01:15:00Z
2026-09-24T01:01:45.773+00:00,KXBTC15M-26SEP232115-15,84310.98,0.6700,0.6800,0.6700,313772.96,2026-09-24T01:00:00Z,2026-09-24T01:15:00Z
2026-09-24T01:01:47.919+00:00,KXBTC15M-26SEP232115-15,84310.98,0.6700,0.6800,0.6800,357299.57,2026-09-24T01:00:00Z,2026-09-24T01:15:00Z
2026-09-24T01:01:50.143+00:00,KXBTC15M-26SEP232115-15,84310.98,0.6700,0.6800,0.6800,357299.57,2026-09-24T01:00:00Z,2026-09-24T01:15:00Z
2026-09-24T01:01:52.298+00:00,KXBTC15M-26SEP232115-15,84310.98,0.6700,0.6800,0.6800,357299.57,2026-09-24T01:00:00Z,2026-09-24T01:15:00Z
2026-09-24T01:01:54.440+00:00,KXBTC15M-26SEP232115-15,84310.98,0.6700,0.6800,0.6800,357299.57,2026-09-24T01:00:00Z,2026-09-24T01:15:00Z
2026-09-24T01:01:56.606+00:00,KXBTC15M-26SEP232115-15,84310.98,0.6700,0.6800,0.6800,357299.57,2026-09-24T01:00:00Z,2026-09-24T01:15:00Z
2026-09-24T01:01:58.745+00:00,KXBTC15M-26SEP232115-15,84310.98,0.6600,0.6700,0.6700,380704.77,2026-09-24T01:00:00Z,2026-09-24T01:15:00Z
2026-09-24T01:02:00.883+00:00,KXBTC15M-26SEP232115-15,84310.98,0.6600,0.6700,0.6700,380704.77,2026-09-24T01:00:00Z,2026-09-24T01:15:00Z
2026-09-24T01:02:03.035+00:00,KXBTC15M-26SEP232115-15,84310.98,0.6600,0.6700,0.6700,380704.77,2026-09-24T01:00:00Z,2026-09-24T01:15:00Z
2026-09-24T01:02:05.178+00:00,KXBTC15M-26SEP232115-15,84310.98,0.6600,0.6700,0.6700,380704.77,2026-09-24T01:00:00Z,2026-09-24T01:15:00Z
2026-09-24T01:02:07.323+00:00,KXBTC15M-26SEP232115-15,84310.98,0.6600,0.6700,0.6700,380704.77,2026-09-24T01:00:00Z,2026-09-24T01:15:00Z
2026-09-24T01:02:09.462+00:00,KXBTC15M-26SEP232115-15,84310.98,0.6300,0.6400,0.6400,410213.32,2026-09-24T01:00:00Z,2026-09-24T01:15:00Z
2026-09-24T01:02:11.603+00:00,KXBTC15M-26SEP232115-15,84310.98,0.6300,0.6400,0.6400,410213.32,2026-09-24T01:00:00Z,2026-09-24T01:15:00Z
2026-09-24T01:02:13.765+00:00,KXBTC15M-26SEP232115-15,84310.98,0.6300,0.6400,0.6400,410213.32,2026-09-24T01:00:00Z,2026-09-24T01:15:00Z
2026-09-24T01:02:15.906+00:00,KXBTC15M-26SEP232115-15,84310.98,0.6300,0.6400,0.6400,410213.32,2026-09-24T01:00:00Z,2026-09-24T01:15:00Z
2026-09-24T01:02:18.051+00:00,KXBTC15M-26SEP232115-15,84310.98,0.6300,0.6400,0.6400,410213.32,2026-09-24T01:00:00Z,2026-09-24T01:15:00Z
2026-09-24T01:02:20.187+00:00,KXBTC15M-26SEP232115-15,84310.98,0.6300,0.6400,0.6300,436824.34,2026-09-24T01:00:00Z,2026-09-24T01:15:00Z
2026-09-24T01:02:22.351+00:00,KXBTC15M-26SEP232115-15,84310.98,0.6300,0.6400,0.6300,436824.34,2026-09-24T01:00:00Z,2026-09-24T01:15:00Z
2026-09-24T01:02:24.495+00:00,KXBTC15M-26SEP232115-15,84310.98,0.6300,0.6400,0.6300,436824.34,2026-09-24T01:00:00Z,2026-09-24T01:15:00Z
2026-09-24T01:02:26.659+00:00,KXBTC15M-26SEP232115-15,84310.98,0.6300,0.6400,0.6300,436824.34,2026-09-24T01:00:00Z,2026-09-24T01:15:00Z
2026-09-24T01:02:28.942+00:00,KXBTC15M-26SEP232115-15,84310.98,0.6300,0.6400,0.6300,436824.34,2026-09-24T01:00:00Z,2026-09-24T01:15:00Z
2026-09-24T01:02:31.125+00:00,KXBTC15M-26SEP232115-15,84310.98,0.5800,0.5900,0.5800,475218.29,2026-09-24T01:00:00Z,2026-09-24T01:15:00Z
2026-09-24T01:02:33.264+00:00,KXBTC15M-26SEP232115-15,84310.98,0.5800,0.5900,0.5800,475218.29,2026-09-24T01:00:00Z,2026-09-24T01:15:00Z
2026-09-24T01:02:35.519+00:00,KXBTC15M-26SEP232115-15,84310.98,0.5800,0.5900,0.5800,475218.29,2026-09-24T01:00:00Z,2026-09-24T01:15:00Z
2026-09-24T01:02:37.669+00:00,KXBTC15M-26SEP232115-15,84310.98,0.5800,0.5900,0.5800,475218.29,2026-09-24T01:00:00Z,2026-09-24T01:15:00Z
2026-09-24T01:02:39.810+00:00,KXBTC15M-26SEP232115-15,84310.98,0.5800,0.5900,0.5800,475218.29,2026-09-24T01:00:00Z,2026-09-24T01:15:00Z
2026-09-24T01:02:41.966+00:00,KXBTC15M-26SEP232115-15,84310.98,0.5600,0.5700,0.5600,516565.34,2026-09-24T01:00:00Z,2026-09-24T01:15:00Z
2026-09-24T01:02:44.106+00:00,KXBTC15M-26SEP232115-15,84310.98,0.5600,0.5700,0.5600,516565.34,2026-09-24T01:00:00Z,2026-09-24T01:15:00Z
2026-09-24T01:02:46.245+00:00,KXBTC15M-26SEP232115-15,84310.98,0.5600,0.5700,0.5600,516565.34,2026-09-24T01:00:00Z,2026-09-24T01:15:00Z
2026-09-24T01:02:48.384+00:00,KXBTC15M-26SEP232115-15,84310.98,0.5600,0.5700,0.5600,516565.34,2026-09-24T01:00:00Z,2026-09-24T01:15:00Z
2026-09-24T01:02:50.546+00:00,KXBTC15M-26SEP232115-15,84310.98,0.5600,0.5700,0.5600,516565.34,2026-09-24T01:00:00Z,2026-09-24T01:15:00Z
2026-09-24T01:02:52.700+00:00,KXBTC15M-26SEP232115-15,84310.98,0.5600,0.5700,0.5600,516565.34,2026-09-24T01:00:00Z,2026-09-24T01:15:00Z
2026-09-24T01:02:54.840+00:00,KXBTC15M-26SEP232115-15,84310.98,0.6200,0.6300,0.6200,541058.39,2026-09-24T01:00:00Z,2026-09-24T01:15:00Z
2026-09-24T01:02:56.981+00:00,KXBTC15M-26SEP232115-15,84310.98,0.6200,0.6300,0.6200,541058.39,2026-09-24T01:00:00Z,2026-09-24T01:15:00Z
2026-09-24T01:02:59.124+00:00,KXBTC15M-26SEP232115-15,84310.98,0.6200,0.6300,0.6200,541058.39,2026-09-24T01:00:00Z,2026-09-24T01:15:00Z
2026-09-24T01:03:01.264+00:00,KXBTC15M-26SEP232115-15,84310.98,0.6200,0.6300,0.6200,541058.39,2026-09-24T01:00:00Z,2026-09-24T01:15:00Z
2026-09-24T01:03:03.403+00:00,KXBTC15M-26SEP232115-15,84310.98,0.6200,0.6300,0.6200,541058.39,2026-09-24T01:00:00Z,2026-09-24T01:15:00Z
2026-09-24T01:03:05.541+00:00,KXBTC15M-26SEP232115-15,84310.98,0.5800,0.5900,0.5800,561257.89,2026-09-24T01:00:00Z,2026-09-24T01:15:00Z
2026-09-24T01:03:07.684+00:00,KXBTC15M-26SEP232115-15,84310.98,0.5800,0.5900,0.5800,561257.89,2026-09-24T01:00:00Z,2026-09-24T01:15:00Z
2026-09-24T01:03:09.826+00:00,KXBTC15M-26SEP232115-15,84310.98,0.5800,0.5900,0.5800,561257.89,2026-09-24T01:00:00Z,2026-09-24T01:15:00Z
2026-09-24T01:03:11.962+00:00,KXBTC15M-26SEP232115-15,84310.98,0.5800,0.5900,0.5800,561257.89,2026-09-24T01:00:00Z,2026-09-24T01:15:00Z
2026-09-24T01:03:14.133+00:00,KXBTC15M-26SEP232115-15,84310.98,0.5800,0.5900,0.5800,561257.89,2026-09-24T01:00:00Z,2026-09-24T01:15:00Z
2026-09-24T01:03:16.278+00:00,KXBTC15M-26SEP232115-15,84310.98,0.5200,0.5300,0.5300,583109.53,2026-09-24T01:00:00Z,2026-09-24T01:15:00Z
2026-09-24T01:03:18.419+00:00,KXBTC15M-26SEP232115-15,84310.98,0.5200,0.5300,0.5300,583109.53,2026-09-24T01:00:00Z,2026-09-24T01:15:00Z
2026-09-24T01:03:20.564+00:00,KXBTC15M-26SEP232115-15,84310.98,0.5200,0.5300,0.5300,583109.53,2026-09-24T01:00:00Z,2026-09-24T01:15:00Z
2026-09-24T01:03:22.715+00:00,KXBTC15M-26SEP232115-15,84310.98,0.5200,0.5300,0.5300,583109.53,2026-09-24T01:00:00Z,2026-09-24T01:15:00Z
2026-09-24T01:03:24.891+00:00,KXBTC15M-26SEP232115-15,84310.98,0.5200,0.5300,0.5300,583109.53,2026-09-24T01:00:00Z,2026-09-24T01:15:00Z
2026-09-24T01:03:27.063+00:00,KXBTC15M-26SEP232115-15,84310.98,0.5100,0.5200,0.5100,623063.56,2026-09-24T01:00:00Z,2026-09-24T01:15:00Z
2026-09-24T01:03:29.202+00:00,KXBTC15M-26SEP232115-15,84310.98,0.5100,0.5200,0.5100,623063.56,2026-09-24T01:00:00Z,2026-09-24T01:15:00Z
2026-09-24T01:03:31.341+00:00,KXBTC15M-26SEP232115-15,84310.98,0.5100,0.5200,0.5100,623063.56,2026-09-24T01:00:00Z,2026-09-24T01:15:00Z
2026-09-24T01:03:33.484+00:00,KXBTC15M-26SEP232115-15,84310.98,0.5100,0.5200,0.5100,623063.56,2026-09-24T01:00:00Z,2026-09-24T01:15:00Z
2026-09-24T01:03:35.646+00:00,KXBTC15M-26SEP232115-15,84310.98,0.5100,0.5200,0.5100,623063.56,2026-09-24T01:00:00Z,2026-09-24T01:15:00Z
2026-09-24T01:03:37.822+00:00,KXBTC15M-26SEP232115-15,84310.98,0.4200,0.4300,0.4300,682586.51,2026-09-24T01:00:00Z,2026-09-24T01:15:00Z
2026-09-24T01:03:39.960+00:00,KXBTC15M-26SEP232115-15,84310.98,0.4200,0.4300,0.4300,682586.51,2026-09-24T01:00:00Z,2026-09-24T01:15:00Z
2026-09-24T01:03:42.104+00:00,KXBTC15M-26SEP232115-15,84310.98,0.4200,0.4300,0.4300,682586.51,2026-09-24T01:00:00Z,2026-09-24T01:15:00Z
2026-09-24T01:03:44.249+00:00,KXBTC15M-26SEP232115-15,84310.98,0.4200,0.4300,0.4300,682586.51,2026-09-24T01:00:00Z,2026-09-24T01:15:00Z
2026-09-24T01:03:46.386+00:00,KXBTC15M-26SEP232115-15,84310.98,0.4200,0.4300,0.4300,682586.51,2026-09-24T01:00:00Z,2026-09-24T01:15:00Z
2026-09-24T01:03:48.542+00:00,KXBTC15M-26SEP232115-15,84310.98,0.4200,0.4300,0.4300,682586.51,2026-09-24T01:00:00Z,2026-09-24T01:15:00Z
2026-09-24T01:03:50.685+00:00,KXBTC15M-26SEP232115-15,84310.98,0.4900,0.5000,0.5000,730717.21,2026-09-24T01:00:00Z,2026-09-24T01:15:00Z
2026-09-24T01:03:52.842+00:00,KXBTC15M-26SEP232115-15,84310.98,0.4900,0.5000,0.5000,730717.21,2026-09-24T01:00:00Z,2026-09-24T01:15:00Z
2026-09-24T01:03:54.982+00:00,KXBTC15M-26SEP232115-15,84310.98,0.4900,0.5000,0.5000,730717.21,2026-09-24T01:00:00Z,2026-09-24T01:15:00Z
2026-09-24T01:03:57.121+00:00,KXBTC15M-26SEP232115-15,84310.98,0.4900,0.5000,0.5000,730717.21,2026-09-24T01:00:00Z,2026-09-24T01:15:00Z
2026-09-24T01:03:59.264+00:00,KXBTC15M-26SEP232115-15,84310.98,0.4900,0.5000,0.5000,730717.21,2026-09-24T01:00:00Z,2026-09-24T01:15:00Z
2026-09-24T01:04:01.401+00:00,KXBTC15M-26SEP232115-15,84310.98,0.5000,0.5100,0.5100,751109.28,2026-09-24T01:00:00Z,2026-09-24T01:15:00Z
2026-09-24T01:04:03.546+00:00,KXBTC15M-26SEP232115-15,84310.98,0.5000,0.5100,0.5100,751109.28,2026-09-24T01:00:00Z,2026-09-24T01:15:00Z
2026-09-24T01:04:05.695+00:00,KXBTC15M-26SEP232115-15,84310.98,0.5000,0.5100,0.5100,751109.28,2026-09-24T01:00:00Z,2026-09-24T01:15:00Z
2026-09-24T01:04:07.896+00:00,KXBTC15M-26SEP232115-15,84310.98,0.5000,0.5100,0.5100,751109.28,2026-09-24T01:00:00Z,2026-09-24T01:15:00Z
2026-09-24T01:04:10.043+00:00,KXBTC15M-26SEP232115-15,84310.98,0.5000,0.5100,0.5100,751109.28,2026-09-24T01:00:00Z,2026-09-24T01:15:00Z
2026-09-24T01:04:12.196+00:00,KXBTC15M-26SEP232115-15,84310.98,0.4600,0.4700,0.4700,789387.16,2026-09-24T01:00:00Z,2026-09-24T01:15:00Z
2026-09-24T01:04:14.336+00:00,KXBTC15M-26SEP232115-15,84310.98,0.4600,0.4700,0.4700,789387.16,2026-09-24T01:00:00Z,2026-09-24T01:15:00Z
2026-09-24T01:04:16.473+00:00,KXBTC15M-26SEP232115-15,84310.98,0.4600,0.4700,0.4700,789387.16,2026-09-24T01:00:00Z,2026-09-24T01:15:00Z
2026-09-24T01:04:18.612+00:00,KXBTC15M-26SEP232115-15,84310.98,0.4600,0.4700,0.4700,789387.16,2026-09-24T01:00:00Z,2026-09-24T01:15:00Z
2026-09-24T01:04:20.751+00:00,KXBTC15M-26SEP232115-15,84310.98,0.4600,0.4700,0.4700,789387.16,2026-09-24T01:00:00Z,2026-09-24T01:15:00Z
2026-09-24T01:04:22.905+00:00,KXBTC15M-26SEP232115-15,84310.98,0.4600,0.4700,0.4700,789387.16,2026-09-24T01:00:00Z,2026-09-24T01:15:00Z
2026-09-24T01:04:25.052+00:00,KXBTC15M-26SEP232115-15,84310.98,0.4300,0.4400,0.4400,808722.18,2026-09-24T01:00:00Z,2026-09-24T01:15:00Z
2026-09-24T01:04:27.323+00:00,KXBTC15M-26SEP232115-15,84310.98,0.4300,0.4400,0.4400,808722.18,2026-09-24T01:00:00Z,2026-09-24T01:15:00Z
2026-09-24T01:04:29.462+00:00,KXBTC15M-26SEP232115-15,84310.98,0.4300,0.4400,0.4400,808722.18,2026-09-24T01:00:00Z,2026-09-24T01:15:00Z
2026-09-24T01:04:31.599+00:00,KXBTC15M-26SEP232115-15,84310.98,0.4300,0.4400,0.4400,808722.18,2026-09-24T01:00:00Z,2026-09-24T01:15:00Z
2026-09-24T01:04:33.740+00:00,KXBTC15M-26SEP232115-15,84310.98,0.4300,0.4400,0.4400,808722.18,2026-09-24T01:00:00Z,2026-09-24T01:15:00Z
2026-09-24T01:04:35.878+00:00,KXBTC15M-26SEP232115-15,84310.98,0.4000,0.4100,0.4000,820371.95,2026-09-24T01:00:00Z,2026-09-24T01:15:00Z
2026-09-24T01:04:38.050+00:00,KXBTC15M-26SEP232115-15,84310.98,0.4000,0.4100,0.4000,820371.95,2026-09-24T01:00:00Z,2026-09-24T01:15:00Z
2026-09-24T01:04:40.186+00:00,KXBTC15M-26SEP232115-15,84310.98,0.4000,0.4100,0.4000,820371.95,2026-09-24T01:00:00Z,2026-09-24T01:15:00Z
2026-09-24T01:04:42.325+00:00,KXBTC15M-26SEP232115-15,84310.98,0.4000,0.4100,0.4000,820371.95,2026-09-24T01:00:00Z,2026-09-24T01:15:00Z
2026-09-24T01:04:44.468+00:00,KXBTC15M-26SEP232115-15,84310.98,0.4000,0.4100,0.4000,820371.95,2026-09-24T01:00:00Z,2026-09-24T01:15:00Z
2026-09-24T01:04:46.609+00:00,KXBTC15M-26SEP232115-15,84310.98,0.3400,0.3500,0.3500,873602.68,2026-09-24T01:00:00Z,2026-09-24T01:15:00Z
2026-09-24T01:04:48.753+00:00,KXBTC15M-26SEP232115-15,84310.98,0.3400,0.3500,0.3500,873602.68,2026-09-24T01:00:00Z,2026-09-24T01:15:00Z
2026-09-24T01:04:50.957+00:00,KXBTC15M-26SEP232115-15,84310.98,0.3400,0.3500,0.3500,873602.68,2026-09-24T01:00:00Z,2026-09-24T01:15:00Z
2026-09-24T01:04:53.108+00:00,KXBTC15M-26SEP232115-15,84310.98,0.3400,0.3500,0.3500,873602.68,2026-09-24T01:00:00Z,2026-09-24T01:15:00Z
2026-09-24T01:04:55.246+00:00,KXBTC15M-26SEP232115-15,84310.98,0.3400,0.3500,0.3500,873602.68,2026-09-24T01:00:00Z,2026-09-24T01:15:00Z
2026-09-24T01:04:57.389+00:00,KXBTC15M-26SEP232115-15,84310.98,0.3500,0.3600,0.3600,898613.90,2026-09-24T01:00:00Z,2026-09-24T01:15:00Z
2026-09-24T01:04:59.536+00:00,KXBTC15M-26SEP232115-15,84310.98,0.3500,0.3600,0.3600,898613.90,2026-09-24T01:00:00Z,2026-09-24T01:15:00Z
2026-09-24T01:05:01.680+00:00,KXBTC15M-26SEP232115-15,84310.98,0.3500,0.3600,0.3600,898613.90,2026-09-24T01:00:00Z,2026-09-24T01:15:00Z
2026-09-24T01:05:03.825+00:00,KXBTC15M-26SEP232115-15,84310.98,0.3500,0.3600,0.3600,898613.90,2026-09-24T01:00:00Z,2026-09-24T01:15:00Z
2026-09-24T01:05:05.996+00:00,KXBTC15M-26SEP232115-15,84310.98,0.3500,0.3600,0.3600,898613.90,2026-09-24T01:00:00Z,2026-09-24T01:15:00Z
2026-09-24T01:05:08.137+00:00,KXBTC15M-26SEP232115-15,84310.98,0.3000,0.3100,0.3100,932647.44,2026-09-24T01:00:00Z,2026-09-24T01:15:00Z
2026-09-24T01:05:10.283+00:00,KXBTC15M-26SEP232115-15,84310.98,0.3000,0.3100,0.3100,932647.44,2026-09-24T01:00:00Z,2026-09-24T01:15:00Z
2026-09-24T01:05:12.432+00:00,KXBTC15M-26SEP232115-15,84310.98,0.3000,0.3100,0.3100,932647.44,2026-09-24T01:00:00Z,2026-09-24T01:15:00Z
2026-09-24T01:05:14.642+00:00,KXBTC15M-26SEP232115-15,84310.98,0.3000,0.3100,0.3100,932647.44,2026-09-24T01:00:00Z,2026-09-24T01:15:00Z
2026-09-24T01:05:16.789+00:00,KXBTC15M-26SEP232115-15,84310.98,0.3000,0.3100,0.3100,932647.44,2026-09-24T01:00:00Z,2026-09-24T01:15:00Z
2026-09-24T01:05:18.926+00:00,KXBTC15M-26SEP232115-15,84310.98,0.3000,0.3100,0.3100,932647.44,2026-09-24T01:00:00Z,2026-09-24T01:15:00Z
2026-09-24T01:05:21.073+00:00,KXBTC15M-26SEP232115-15,84310.98,0.4300,0.4400,0.4400,991038.05,2026-09-24T01:00:00Z,2026-09-24T01:15:00Z
2026-09-24T01:05:23.239+00:00,KXBTC15M-26SEP232115-15,84310.98,0.4300,0.4400,0.4400,991038.05,2026-09-24T01:00:00Z,2026-09-24T01:15:00Z
2026-09-24T01:05:25.378+00:00,KXBTC15M-26SEP232115-15,84310.98,0.4300,0.4400,0.4400,991038.05,2026-09-24T01:00:00Z,2026-09-24T01:15:00Z
2026-09-24T01:05:27.517+00:00,KXBTC15M-26SEP232115-15,84310.98,0.4300,0.4400,0.4400,991038.05,2026-09-24T01:00:00Z,2026-09-24T01:15:00Z
2026-09-24T01:05:29.672+00:00,KXBTC15M-26SEP232115-15,84310.98,0.4300,0.4400,0.4400,991038.05,2026-09-24T01:00:00Z,2026-09-24T01:15:00Z
2026-09-24T01:05:31.832+00:00,KXBTC15M-26SEP232115-15,84310.98,0.3800,0.3900,0.3800,1011757.27,2026-09-24T01:00:00Z,2026-09-24T01:15:00Z
2026-09-24T01:05:34.033+00:00,KXBTC15M-26SEP232115-15,84310.98,0.3800,0.3900,0.3800,1011757.27,2026-09-24T01:00:00Z,2026-09-24T01:15:00Z
2026-09-24T01:05:36.177+00:00,KXBTC15M-26SEP232115-15,84310.98,0.3800,0.3900,0.3800,1011757.27,2026-09-24T01:00:00Z,2026-09-24T01:15:00Z
2026-09-24T01:05:38.317+00:00,KXBTC15M-26SEP232115-15,84310.98,0.3800,0.3900,0.3800,1011757.27,2026-09-24T01:00:00Z,2026-09-24T01:15:00Z
2026-09-24T01:05:40.528+00:00,KXBTC15M-26SEP232115-15,84310.98,0.3800,0.3900,0.3800,1011757.27,2026-09-24T01:00:00Z,2026-09-24T01:15:00Z
2026-09-24T01:05:42.670+00:00,KXBTC15M-26SEP232115-15,84310.98,0.3200,0.3300,0.3300,1025507.27,2026-09-24T01:00:00Z,2026-09-24T01:15:00Z
2026-09-24T01:05:44.814+00:00,KXBTC15M-26SEP232115-15,84310.98,0.3200,0.3300,0.3300,1025507.27,2026-09-24T01:00:00Z,2026-09-24T01:15:00Z
2026-09-24T01:05:46.982+00:00,KXBTC15M-26SEP232115-15,84310.98,0.3200,0.3300,0.3300,1025507.27,2026-09-24T01:00:00Z,2026-09-24T01:15:00Z
2026-09-24T01:05:49.123+00:00,KXBTC15M-26SEP232115-15,84310.98,0.3200,0.3300,0.3300,1025507.27,2026-09-24T01:00:00Z,2026-09-24T01:15:00Z
2026-09-24T01:05:51.268+00:00,KXBTC15M-26SEP232115-15,84310.98,0.3200,0.3300,0.3300,1025507.27,2026-09-24T01:00:00Z,2026-09-24T01:15:00Z
2026-09-24T01:05:53.418+00:00,KXBTC15M-26SEP232115-15,84310.98,0.2900,0.3000,0.3000,1050621.92,2026-09-24T01:00:00Z,2026-09-24T01:15:00Z
2026-09-24T01:05:55.561+00:00,KXBTC15M-26SEP232115-15,84310.98,0.2900,0.3000,0.3000,1050621.92,2026-09-24T01:00:00Z,2026-09-24T01:15:00Z
2026-09-24T01:05:57.710+00:00,KXBTC15M-26SEP232115-15,84310.98,0.2900,0.3000,0.3000,1050621.92,2026-09-24T01:00:00Z,2026-09-24T01:15:00Z
2026-09-24T01:05:59.854+00:00,KXBTC15M-26SEP232115-15,84310.98,0.2900,0.3000,0.3000,1050621.92,2026-09-24T01:00:00Z,2026-09-24T01:15:00Z
2026-09-24T01:06:01.997+00:00,KXBTC15M-26SEP232115-15,84310.98,0.2900,0.3000,0.3000,1050621.92,2026-09-24T01:00:00Z,2026-09-24T01:15:00Z
2026-09-24T01:06:04.312+00:00,KXBTC15M-26SEP232115-15,84310.98,0.3000,0.3100,0.3000,1082489.45,2026-09-24T01:00:00Z,2026-09-24T01:15:00Z
2026-09-24T01:06:06.463+00:00,KXBTC15M-26SEP232115-15,84310.98,0.3000,0.3100,0.3000,1082489.45,2026-09-24T01:00:00Z,2026-09-24T01:15:00Z
2026-09-24T01:06:08.652+00:00,KXBTC15M-26SEP232115-15,84310.98,0.3000,0.3100,0.3000,1082489.45,2026-09-24T01:00:00Z,2026-09-24T01:15:00Z
2026-09-24T01:06:10.794+00:00,KXBTC15M-26SEP232115-15,84310.98,0.3000,0.3100,0.3000,1082489.45,2026-09-24T01:00:00Z,2026-09-24T01:15:00Z
2026-09-24T01:06:12.938+00:00,KXBTC15M-26SEP232115-15,84310.98,0.3000,0.3100,0.3000,1082489.45,2026-09-24T01:00:00Z,2026-09-24T01:15:00Z
2026-09-24T01:06:15.185+00:00,KXBTC15M-26SEP232115-15,84310.98,0.3000,0.3100,0.3000,1082489.45,2026-09-24T01:00:00Z,2026-09-24T01:15:00Z
2026-09-24T01:06:17.334+00:00,KXBTC15M-26SEP232115-15,84310.98,0.2900,0.3000,0.3000,1112309.75,2026-09-24T01:00:00Z,2026-09-24T01:15:00Z
2026-09-24T01:06:19.478+00:00,KXBTC15M-26SEP232115-15,84310.98,0.2900,0.3000,0.3000,1112309.75,2026-09-24T01:00:00Z,2026-09-24T01:15:00Z
2026-09-24T01:06:21.676+00:00,KXBTC15M-26SEP232115-15,84310.98,0.2900,0.3000,0.3000,1112309.75,2026-09-24T01:00:00Z,2026-09-24T01:15:00Z
2026-09-24T01:06:23.839+00:00,KXBTC15M-26SEP232115-15,84310.98,0.2900,0.3000,0.3000,1112309.75,2026-09-24T01:00:00Z,2026-09-24T01:15:00Z
2026-09-24T01:06:25.979+00:00,KXBTC15M-26SEP232115-15,84310.98,0.3000,0.3100,0.3000,1125468.99,2026-09-24T01:00:00Z,2026-09-24T01:15:00Z
2026-09-24T01:06:28.118+00:00,KXBTC15M-26SEP232115-15,84310.98,0.3000,0.3100,0.3000,1125468.99,2026-09-24T01:00:00Z,2026-09-24T01:15:00Z
2026-09-24T01:06:30.270+00:00,KXBTC15M-26SEP232115-15,84310.98,0.3000,0.3100,0.3000,1125468.99,2026-09-24T01:00:00Z,2026-09-24T01:15:00Z
2026-09-24T01:06:32.407+00:00,KXBTC15M-26SEP232115-15,84310.98,0.3000,0.3100,0.3000,1125468.99,2026-09-24T01:00:00Z,2026-09-24T01:15:00Z
2026-09-24T01:06:34.569+00:00,KXBTC15M-26SEP232115-15,84310.98,0.3000,0.3100,0.3000,1125468.99,2026-09-24T01:00:00Z,2026-09-24T01:15:00Z
2026-09-24T01:06:36.714+00:00,KXBTC15M-26SEP232115-15,84310.98,0.3000,0.3100,0.3000,1125468.99,2026-09-24T01:00:00Z,2026-09-24T01:15:00Z
2026-09-24T01:06:38.854+00:00,KXBTC15M-26SEP232115-15,84310.98,0.2600,0.2700,0.2700,1145587.32,2026-09-24T01:00:00Z,2026-09-24T01:15:00Z
2026-09-24T01:06:41.006+00:00,KXBTC15M-26SEP232115-15,84310.98,0.2600,0.2700,0.2700,1145587.32,2026-09-24T01:00:00Z,2026-09-24T01:15:00Z
2026-09-24T01:06:43.153+00:00,KXBTC15M-26SEP232115-15,84310.98,0.2600,0.2700,0.2700,1145587.32,2026-09-24T01:00:00Z,2026-09-24T01:15:00Z
2026-09-24T01:06:45.294+00:00,KXBTC15M-26SEP232115-15,84310.98,0.2600,0.2700,0.2700,1145587.32,2026-09-24T01:00:00Z,2026-09-24T01:15:00Z
2026-09-24T01:06:47.458+00:00,KXBTC15M-26SEP232115-15,84310.98,0.2600,0.2700,0.2700,1145587.32,2026-09-24T01:00:00Z,2026-09-24T01:15:00Z
2026-09-24T01:06:49.601+00:00,KXBTC15M-26SEP232115-15,84310.98,0.3600,0.3700,0.3700,1171760.05,2026-09-24T01:00:00Z,2026-09-24T01:15:00Z
2026-09-24T01:06:51.766+00:00,KXBTC15M-26SEP232115-15,84310.98,0.3600,0.3700,0.3700,1171760.05,2026-09-24T01:00:00Z,2026-09-24T01:15:00Z
2026-09-24T01:06:53.929+00:00,KXBTC15M-26SEP232115-15,84310.98,0.3600,0.3700,0.3700,1171760.05,2026-09-24T01:00:00Z,2026-09-24T01:15:00Z
2026-09-24T01:06:56.071+00:00,KXBTC15M-26SEP232115-15,84310.98,0.3600,0.3700,0.3700,1171760.05,2026-09-24T01:00:00Z,2026-09-24T01:15:00Z
2026-09-24T01:06:58.213+00:00,KXBTC15M-26SEP232115-15,84310.98,0.3600,0.3700,0.3700,1171760.05,2026-09-24T01:00:00Z,2026-09-24T01:15:00Z
2026-09-24T01:07:00.500+00:00,KXBTC15M-26SEP232115-15,84310.98,0.3900,0.4000,0.4000,1199533.58,2026-09-24T01:00:00Z,2026-09-24T01:15:00Z
2026-09-24T01:07:02.639+00:00,KXBTC15M-26SEP232115-15,84310.98,0.3900,0.4000,0.4000,1199533.58,2026-09-24T01:00:00Z,2026-09-24T01:15:00Z
2026-09-24T01:07:04.983+00:00,KXBTC15M-26SEP232115-15,84310.98,0.3900,0.4000,0.4000,1199533.58,2026-09-24T01:00:00Z,2026-09-24T01:15:00Z
2026-09-24T01:07:07.161+00:00,KXBTC15M-26SEP232115-15,84310.98,0.3900,0.4000,0.4000,1199533.58,2026-09-24T01:00:00Z,2026-09-24T01:15:00Z
2026-09-24T01:07:09.310+00:00,KXBTC15M-26SEP232115-15,84310.98,0.3900,0.4000,0.4000,1199533.58,2026-09-24T01:00:00Z,2026-09-24T01:15:00Z
2026-09-24T01:07:11.522+00:00,KXBTC15M-26SEP232115-15,84310.98,0.4100,0.4200,0.4200,1230130.02,2026-09-24T01:00:00Z,2026-09-24T01:15:00Z
2026-09-24T01:07:13.664+00:00,KXBTC15M-26SEP232115-15,84310.98,0.4100,0.4200,0.4200,1230130.02,2026-09-24T01:00:00Z,2026-09-24T01:15:00Z
2026-09-24T01:07:15.818+00:00,KXBTC15M-26SEP232115-15,84310.98,0.4100,0.4200,0.4200,1230130.02,2026-09-24T01:00:00Z,2026-09-24T01:15:00Z
2026-09-24T01:07:17.958+00:00,KXBTC15M-26SEP232115-15,84310.98,0.4100,0.4200,0.4200,1230130.02,2026-09-24T01:00:00Z,2026-09-24T01:15:00Z
2026-09-24T01:07:20.099+00:00,KXBTC15M-26SEP232115-15,84310.98,0.4100,0.4200,0.4200,1230130.02,2026-09-24T01:00:00Z,2026-09-24T01:15:00Z
2026-09-24T01:07:22.239+00:00,KXBTC15M-26SEP232115-15,84310.98,0.3700,0.3800,0.3700,1259641.83,2026-09-24T01:00:00Z,2026-09-24T01:15:00Z
2026-09-24T01:07:24.517+00:00,KXBTC15M-26SEP232115-15,84310.98,0.3700,0.3800,0.3700,1259641.83,2026-09-24T01:00:00Z,2026-09-24T01:15:00Z
2026-09-24T01:07:26.655+00:00,KXBTC15M-26SEP232115-15,84310.98,0.3700,0.3800,0.3700,1259641.83,2026-09-24T01:00:00Z,2026-09-24T01:15:00Z
2026-09-24T01:07:28.798+00:00,KXBTC15M-26SEP232115-15,84310.98,0.3700,0.3800,0.3700,1259641.83,2026-09-24T01:00:00Z,2026-09-24T01:15:00Z
2026-09-24T01:07:30.943+00:00,KXBTC15M-26SEP232115-15,84310.98,0.3700,0.3800,0.3700,1259641.83,2026-09-24T01:00:00Z,2026-09-24T01:15:00Z
2026-09-24T01:07:33.087+00:00,KXBTC15M-26SEP232115-15,84310.98,0.3700,0.3800,0.3700,1259641.83,2026-09-24T01:00:00Z,2026-09-24T01:15:00Z
2026-09-24T01:07:35.272+00:00,KXBTC15M-26SEP232115-15,84310.98,0.4000,0.4100,0.4000,1282640.76,2026-09-24T01:00:00Z,2026-09-24T01:15:00Z
2026-09-24T01:07:37.416+00:00,KXBTC15M-26SEP232115-15,84310.98,0.4000,0.4100,0.4000,1282640.76,2026-09-24T01:00:00Z,2026-09-24T01:15:00Z
2026-09-24T01:07:39.559+00:00,KXBTC15M-26SEP232115-15,84310.98,0.4000,0.4100,0.4000,1282640.76,2026-09-24T01:00:00Z,2026-09-24T01:15:00Z
2026-09-24T01:07:41.706+00:00,KXBTC15M-26SEP232115-15,84310.98,0.4000,0.4100,0.4000,1282640.76,2026-09-24T01:00:00Z,2026-09-24T01:15:00Z
2026-09-24T01:07:43.858+00:00,KXBTC15M-26SEP232115-15,84310.98,0.4000,0.4100,0.4000,1282640.76,2026-09-24T01:00:00Z,2026-09-24T01:15:00Z
2026-09-24T01:07:46.005+00:00,KXBTC15M-26SEP232115-15,84310.98,0.4400,0.4500,0.4500,1297717.50,2026-09-24T01:00:00Z,2026-09-24T01:15:00Z
2026-09-24T01:07:48.526+00:00,KXBTC15M-26SEP232115-15,84310.98,0.4400,0.4500,0.4500,1297717.50,2026-09-24T01:00:00Z,2026-09-24T01:15:00Z
2026-09-24T01:07:50.668+00:00,KXBTC15M-26SEP232115-15,84310.98,0.4400,0.4500,0.4500,1297717.50,2026-09-24T01:00:00Z,2026-09-24T01:15:00Z
2026-09-24T01:07:52.846+00:00,KXBTC15M-26SEP232115-15,84310.98,0.4400,0.4500,0.4500,1297717.50,2026-09-24T01:00:00Z,2026-09-24T01:15:00Z
2026-09-24T01:07:55.619+00:00,KXBTC15M-26SEP232115-15,84310.98,0.4400,0.4500,0.4500,1297717.50,2026-09-24T01:00:00Z,2026-09-24T01:15:00Z
2026-09-24T01:07:58.077+00:00,KXBTC15M-26SEP232115-15,84310.98,0.5700,0.5800,0.5700,1331690.67,2026-09-24T01:00:00Z,2026-09-24T01:15:00Z
2026-09-24T01:08:00.222+00:00,KXBTC15M-26SEP232115-15,84310.98,0.5700,0.5800,0.5700,1331690.67,2026-09-24T01:00:00Z,2026-09-24T01:15:00Z
2026-09-24T01:08:02.738+00:00,KXBTC15M-26SEP232115-15,84310.98,0.5700,0.5800,0.5700,1331690.67,2026-09-24T01:00:00Z,2026-09-24T01:15:00Z
2026-09-24T01:08:04.889+00:00,KXBTC15M-26SEP232115-15,84310.98,0.5700,0.5800,0.5700,1331690.67,2026-09-24T01:00:00Z,2026-09-24T01:15:00Z
2026-09-24T01:08:07.182+00:00,KXBTC15M-26SEP232115-15,84310.98,0.4500,0.4600,0.4500,1363734.16,2026-09-24T01:00:00Z,2026-09-24T01:15:00Z
2026-09-24T01:08:09.416+00:00,KXBTC15M-26SEP232115-15,84310.98,0.4500,0.4600,0.4500,1363734.16,2026-09-24T01:00:00Z,2026-09-24T01:15:00Z
2026-09-24T01:08:11.614+00:00,KXBTC15M-26SEP232115-15,84310.98,0.4500,0.4600,0.4500,1363734.16,2026-09-24T01:00:00Z,2026-09-24T01:15:00Z
2026-09-24T01:08:13.755+00:00,KXBTC15M-26SEP232115-15,84310.98,0.4500,0.4600,0.4500,1363734.16,2026-09-24T01:00:00Z,2026-09-24T01:15:00Z
2026-09-24T01:08:16.168+00:00,KXBTC15M-26SEP232115-15,84310.98,0.4500,0.4600,0.4500,1363734.16,2026-09-24T01:00:00Z,2026-09-24T01:15:00Z
2026-09-24T01:08:18.417+00:00,KXBTC15M-26SEP232115-15,84310.98,0.4200,0.4300,0.4300,1378129.63,2026-09-24T01:00:00Z,2026-09-24T01:15:00Z
2026-09-24T01:08:20.575+00:00,KXBTC15M-26SEP232115-15,84310.98,0.4200,0.4300,0.4300,1378129.63,2026-09-24T01:00:00Z,2026-09-24T01:15:00Z
2026-09-24T01:08:22.749+00:00,KXBTC15M-26SEP232115-15,84310.98,0.4200,0.4300,0.4300,1378129.63,2026-09-24T01:00:00Z,2026-09-24T01:15:00Z
2026-09-24T01:08:24.888+00:00,KXBTC15M-26SEP232115-15,84310.98,0.4200,0.4300,0.4300,1378129.63,2026-09-24T01:00:00Z,2026-09-24T01:15:00Z
2026-09-24T01:08:27.045+00:00,KXBTC15M-26SEP232115-15,84310.98,0.4200,0.4300,0.4300,1378129.63,2026-09-24T01:00:00Z,2026-09-24T01:15:00Z
2026-09-24T01:08:29.389+00:00,KXBTC15M-26SEP232115-15,84310.98,0.3900,0.4000,0.4000,1393057.52,2026-09-24T01:00:00Z,2026-09-24T01:15:00Z
2026-09-24T01:08:31.570+00:00,KXBTC15M-26SEP232115-15,84310.98,0.3900,0.4000,0.4000,1393057.52,2026-09-24T01:00:00Z,2026-09-24T01:15:00Z
2026-09-24T01:08:33.937+00:00,KXBTC15M-26SEP232115-15,84310.98,0.3900,0.4000,0.4000,1393057.52,2026-09-24T01:00:00Z,2026-09-24T01:15:00Z
2026-09-24T01:08:36.167+00:00,KXBTC15M-26SEP232115-15,84310.98,0.3900,0.4000,0.4000,1393057.52,2026-09-24T01:00:00Z,2026-09-24T01:15:00Z
2026-09-24T01:08:38.323+00:00,KXBTC15M-26SEP232115-15,84310.98,0.3900,0.4000,0.4000,1393057.52,2026-09-24T01:00:00Z,2026-09-24T01:15:00Z
2026-09-24T01:08:40.475+00:00,KXBTC15M-26SEP232115-15,84310.98,0.3400,0.3500,0.3500,1415108.53,2026-09-24T01:00:00Z,2026-09-24T01:15:00Z
2026-09-24T01:08:42.616+00:00,KXBTC15M-26SEP232115-15,84310.98,0.3400,0.3500,0.3500,1415108.53,2026-09-24T01:00:00Z,2026-09-24T01:15:00Z
2026-09-24T01:08:44.763+00:00,KXBTC15M-26SEP232115-15,84310.98,0.3400,0.3500,0.3500,1415108.53,2026-09-24T01:00:00Z,2026-09-24T01:15:00Z
2026-09-24T01:08:46.910+00:00,KXBTC15M-26SEP232115-15,84310.98,0.3400,0.3500,0.3500,1415108.53,2026-09-24T01:00:00Z,2026-09-24T01:15:00Z
2026-09-24T01:08:49.052+00:00,KXBTC15M-26SEP232115-15,84310.98,0.3400,0.3500,0.3500,1415108.53,2026-09-24T01:00:00Z,2026-09-24T01:15:00Z
2026-09-24T01:08:51.196+00:00,KXBTC15M-26SEP232115-15,84310.98,0.3200,0.3300,0.3200,1433457.66,2026-09-24T01:00:00Z,2026-09-24T01:15:00Z
2026-09-24T01:08:53.334+00:00,KXBTC15M-26SEP232115-15,84310.98,0.3200,0.3300,0.3200,1433457.66,2026-09-24T01:00:00Z,2026-09-24T01:15:00Z
2026-09-24T01:08:55.475+00:00,KXBTC15M-26SEP232115-15,84310.98,0.3200,0.3300,0.3200,1433457.66,2026-09-24T01:00:00Z,2026-09-24T01:15:00Z
2026-09-24T01:08:57.686+00:00,KXBTC15M-26SEP232115-15,84310.98,0.3200,0.3300,0.3200,1433457.66,2026-09-24T01:00:00Z,2026-09-24T01:15:00Z
2026-09-24T01:08:59.824+00:00,KXBTC15M-26SEP232115-15,84310.98,0.3200,0.3300,0.3200,1433457.66,2026-09-24T01:00:00Z,2026-09-24T01:15:00Z
2026-09-24T01:09:01.966+00:00,KXBTC15M-26SEP232115-15,84310.98,0.3200,0.3300,0.3200,1433457.66,2026-09-24T01:00:00Z,2026-09-24T01:15:00Z
2026-09-24T01:09:04.104+00:00,KXBTC15M-26SEP232115-15,84310.98,0.3500,0.3600,0.3500,1460289.95,2026-09-24T01:00:00Z,2026-09-24T01:15:00Z
2026-09-24T01:09:06.246+00:00,KXBTC15M-26SEP232115-15,84310.98,0.3500,0.3600,0.3500,1460289.95,2026-09-24T01:00:00Z,2026-09-24T01:15:00Z
2026-09-24T01:09:08.413+00:00,KXBTC15M-26SEP232115-15,84310.98,0.3500,0.3600,0.3500,1460289.95,2026-09-24T01:00:00Z,2026-09-24T01:15:00Z
2026-09-24T01:09:10.593+00:00,KXBTC15M-26SEP232115-15,84310.98,0.3500,0.3600,0.3500,1460289.95,2026-09-24T01:00:00Z,2026-09-24T01:15:00Z
2026-09-24T01:09:12.740+00:00,KXBTC15M-26SEP232115-15,84310.98,0.2300,0.2400,0.2300,1512749.52,2026-09-24T01:00:00Z,2026-09-24T01:15:00Z
2026-09-24T01:09:14.889+00:00,KXBTC15M-26SEP232115-15,84310.98,0.2300,0.2400,0.2300,1512749.52,2026-09-24T01:00:00Z,2026-09-24T01:15:00Z
2026-09-24T01:09:17.054+00:00,KXBTC15M-26SEP232115-15,84310.98,0.2300,0.2400,0.2300,1512749.52,2026-09-24T01:00:00Z,2026-09-24T01:15:00Z
2026-09-24T01:09:19.200+00:00,KXBTC15M-26SEP232115-15,84310.98,0.2300,0.2400,0.2300,1512749.52,2026-09-24T01:00:00Z,2026-09-24T01:15:00Z
2026-09-24T01:09:21.412+00:00,KXBTC15M-26SEP232115-15,84310.98,0.2300,0.2400,0.2300,1512749.52,2026-09-24T01:00:00Z,2026-09-24T01:15:00Z
2026-09-24T01:09:23.576+00:00,KXBTC15M-26SEP232115-15,84310.98,0.2100,0.2200,0.2200,1540317.96,2026-09-24T01:00:00Z,2026-09-24T01:15:00Z
2026-09-24T01:09:25.715+00:00,KXBTC15M-26SEP232115-15,84310.98,0.2100,0.2200,0.2200,1540317.96,2026-09-24T01:00:00Z,2026-09-24T01:15:00Z
2026-09-24T01:09:27.866+00:00,KXBTC15M-26SEP232115-15,84310.98,0.2100,0.2200,0.2200,1540317.96,2026-09-24T01:00:00Z,2026-09-24T01:15:00Z
2026-09-24T01:09:30.004+00:00,KXBTC15M-26SEP232115-15,84310.98,0.2100,0.2200,0.2200,1540317.96,2026-09-24T01:00:00Z,2026-09-24T01:15:00Z
2026-09-24T01:09:32.167+00:00,KXBTC15M-26SEP232115-15,84310.98,0.2100,0.2200,0.2200,1540317.96,2026-09-24T01:00:00Z,2026-09-24T01:15:00Z
2026-09-24T01:09:34.317+00:00,KXBTC15M-26SEP232115-15,84310.98,0.2100,0.2200,0.2200,1540317.96,2026-09-24T01:00:00Z,2026-09-24T01:15:00Z
2026-09-24T01:09:36.459+00:00,KXBTC15M-26SEP232115-15,84310.98,0.1700,0.1800,0.1800,1579687.77,2026-09-24T01:00:00Z,2026-09-24T01:15:00Z
2026-09-24T01:09:38.605+00:00,KXBTC15M-26SEP232115-15,84310.98,0.1700,0.1800,0.1800,1579687.77,2026-09-24T01:00:00Z,2026-09-24T01:15:00Z
2026-09-24T01:09:40.753+00:00,KXBTC15M-26SEP232115-15,84310.98,0.1700,0.1800,0.1800,1579687.77,2026-09-24T01:00:00Z,2026-09-24T01:15:00Z
2026-09-24T01:09:43.135+00:00,KXBTC15M-26SEP232115-15,84310.98,0.1700,0.1800,0.1800,1579687.77,2026-09-24T01:00:00Z,2026-09-24T01:15:00Z
2026-09-24T01:09:45.277+00:00,KXBTC15M-26SEP232115-15,84310.98,0.1700,0.1800,0.1800,1579687.77,2026-09-24T01:00:00Z,2026-09-24T01:15:00Z
2026-09-24T01:09:47.422+00:00,KXBTC15M-26SEP232115-15,84310.98,0.1900,0.2000,0.2000,1607290.72,2026-09-24T01:00:00Z,2026-09-24T01:15:00Z
2026-09-24T01:09:49.592+00:00,KXBTC15M-26SEP232115-15,84310.98,0.1900,0.2000,0.2000,1607290.72,2026-09-24T01:00:00Z,2026-09-24T01:15:00Z
2026-09-24T01:09:51.738+00:00,KXBTC15M-26SEP232115-15,84310.98,0.1900,0.2000,0.2000,1607290.72,2026-09-24T01:00:00Z,2026-09-24T01:15:00Z
2026-09-24T01:09:53.880+00:00,KXBTC15M-26SEP232115-15,84310.98,0.1900,0.2000,0.2000,1607290.72,2026-09-24T01:00:00Z,2026-09-24T01:15:00Z
2026-09-24T01:09:56.022+00:00,KXBTC15M-26SEP232115-15,84310.98,0.1900,0.2000,0.2000,1607290.72,2026-09-24T01:00:00Z,2026-09-24T01:15:00Z
2026-09-24T01:09:58.178+00:00,KXBTC15M-26SEP232115-15,84310.98,0.1800,0.1900,0.1900,1641128.74,2026-09-24T01:00:00Z,2026-09-24T01:15:00Z
2026-09-24T01:10:00.344+00:00,KXBTC15M-26SEP232115-15,84310.98,0.1800,0.1900,0.1900,1641128.74,2026-09-24T01:00:00Z,2026-09-24T01:15:00Z
2026-09-24T01:10:02.486+00:00,KXBTC15M-26SEP232115-15,84310.98,0.1800,0.1900,0.1900,1641128.74,2026-09-24T01:00:00Z,2026-09-24T01:15:00Z
2026-09-24T01:10:04.625+00:00,KXBTC15M-26SEP232115-15,84310.98,0.1800,0.1900,0.1900,1641128.74,2026-09-24T01:00:00Z,2026-09-24T01:15:00Z
2026-09-24T01:10:06.776+00:00,KXBTC15M-26SEP232115-15,84310.98,0.1800,0.1900,0.1900,1641128.74,2026-09-24T01:00:00Z,2026-09-24T01:15:00Z
2026-09-24T01:10:08.918+00:00,KXBTC15M-26SEP232115-15,84310.98,0.1600,0.1700,0.1600,1696833.85,2026-09-24T01:00:00Z,2026-09-24T01:15:00Z
2026-09-24T01:10:11.061+00:00,KXBTC15M-26SEP232115-15,84310.98,0.1600,0.1700,0.1600,1696833.85,2026-09-24T01:00:00Z,2026-09-24T01:15:00Z
2026-09-24T01:10:13.205+00:00,KXBTC15M-26SEP232115-15,84310.98,0.1600,0.1700,0.1600,1696833.85,2026-09-24T01:00:00Z,2026-09-24T01:15:00Z
2026-09-24T01:10:15.357+00:00,KXBTC15M-26SEP232115-15,84310.98,0.1600,0.1700,0.1600,1696833.85,2026-09-24T01:00:00Z,2026-09-24T01:15:00Z
2026-09-24T01:10:17.499+00:00,KXBTC15M-26SEP232115-15,84310.98,0.2000,0.2100,0.2100,1725701.93,2026-09-24T01:00:00Z,2026-09-24T01:15:00Z
2026-09-24T01:10:19.642+00:00,KXBTC15M-26SEP232115-15,84310.98,0.2000,0.2100,0.2100,1725701.93,2026-09-24T01:00:00Z,2026-09-24T01:15:00Z
2026-09-24T01:10:21.787+00:00,KXBTC15M-26SEP232115-15,84310.98,0.2000,0.2100,0.2100,1725701.93,2026-09-24T01:00:00Z,2026-09-24T01:15:00Z
2026-09-24T01:10:24.064+00:00,KXBTC15M-26SEP232115-15,84310.98,0.2000,0.2100,0.2100,1725701.93,2026-09-24T01:00:00Z,2026-09-24T01:15:00Z
2026-09-24T01:10:26.204+00:00,KXBTC15M-26SEP232115-15,84310.98,0.2000,0.2100,0.2100,1725701.93,2026-09-24T01:00:00Z,2026-09-24T01:15:00Z
2026-09-24T01:10:28.356+00:00,KXBTC15M-26SEP232115-15,84310.98,0.1900,0.2000,0.2000,1746097.11,2026-09-24T01:00:00Z,2026-09-24T01:15:00Z
2026-09-24T01:10:30.496+00:00,KXBTC15M-26SEP232115-15,84310.98,0.1900,0.2000,0.2000,1746097.11,2026-09-24T01:00:00Z,2026-09-24T01:15:00Z
2026-09-24T01:10:32.636+00:00,KXBTC15M-26SEP232115-15,84310.98,0.1900,0.2000,0.2000,1746097.11,2026-09-24T01:00:00Z,2026-09-24T01:15:00Z
2026-09-24T01:10:34.779+00:00,KXBTC15M-26SEP232115-15,84310.98,0.1900,0.2000,0.2000,1746097.11,2026-09-24T01:00:00Z,2026-09-24T01:15:00Z
2026-09-24T01:10:36.918+00:00,KXBTC15M-26SEP232115-15,84310.98,0.1900,0.2000,0.2000,1746097.11,2026-09-24T01:00:00Z,2026-09-24T01:15:00Z
2026-09-24T01:10:39.056+00:00,KXBTC15M-26SEP232115-15,84310.98,0.1900,0.2000,0.2000,1746097.11,2026-09-24T01:00:00Z,2026-09-24T01:15:00Z
2026-09-24T01:10:41.202+00:00,KXBTC15M-26SEP232115-15,84310.98,0.1700,0.1800,0.1700,1768098.82,2026-09-24T01:00:00Z,2026-09-24T01:15:00Z
2026-09-24T01:10:43.344+00:00,KXBTC15M-26SEP232115-15,84310.98,0.1700,0.1800,0.1700,1768098.82,2026-09-24T01:00:00Z,2026-09-24T01:15:00Z
2026-09-24T01:10:45.532+00:00,KXBTC15M-26SEP232115-15,84310.98,0.1700,0.1800,0.1700,1768098.82,2026-09-24T01:00:00Z,2026-09-24T01:15:00Z
2026-09-24T01:10:47.670+00:00,KXBTC15M-26SEP232115-15,84310.98,0.1700,0.1800,0.1700,1768098.82,2026-09-24T01:00:00Z,2026-09-24T01:15:00Z
2026-09-24T01:10:49.810+00:00,KXBTC15M-26SEP232115-15,84310.98,0.1700,0.1800,0.1700,1768098.82,2026-09-24T01:00:00Z,2026-09-24T01:15:00Z
2026-09-24T01:10:51.949+00:00,KXBTC15M-26SEP232115-15,84310.98,0.1600,0.1700,0.1700,1785372.01,2026-09-24T01:00:00Z,2026-09-24T01:15:00Z
2026-09-24T01:10:54.092+00:00,KXBTC15M-26SEP232115-15,84310.98,0.1600,0.1700,0.1700,1785372.01,2026-09-24T01:00:00Z,2026-09-24T01:15:00Z
2026-09-24T01:10:56.232+00:00,KXBTC15M-26SEP232115-15,84310.98,0.1600,0.1700,0.1700,1785372.01,2026-09-24T01:00:00Z,2026-09-24T01:15:00Z
2026-09-24T01:10:58.390+00:00,KXBTC15M-26SEP232115-15,84310.98,0.1600,0.1700,0.1700,1785372.01,2026-09-24T01:00:00Z,2026-09-24T01:15:00Z
2026-09-24T01:11:00.536+00:00,KXBTC15M-26SEP232115-15,84310.98,0.1600,0.1700,0.1700,1785372.01,2026-09-24T01:00:00Z,2026-09-24T01:15:00Z
2026-09-24T01:11:02.676+00:00,KXBTC15M-26SEP232115-15,84310.98,0.2000,0.2100,0.2100,1805817.40,2026-09-24T01:00:00Z,2026-09-24T01:15:00Z
2026-09-24T01:11:04.834+00:00,KXBTC15M-26SEP232115-15,84310.98,0.2000,0.2100,0.2100,1805817.40,2026-09-24T01:00:00Z,2026-09-24T01:15:00Z
2026-09-24T01:11:06.975+00:00,KXBTC15M-26SEP232115-15,84310.98,0.2000,0.2100,0.2100,1805817.40,2026-09-24T01:00:00Z,2026-09-24T01:15:00Z
2026-09-24T01:11:09.128+00:00,KXBTC15M-26SEP232115-15,84310.98,0.2000,0.2100,0.2100,1805817.40,2026-09-24T01:00:00Z,2026-09-24T01:15:00Z
2026-09-24T01:11:11.288+00:00,KXBTC15M-26SEP232115-15,84310.98,0.2000,0.2100,0.2100,1805817.40,2026-09-24T01:00:00Z,2026-09-24T01:15:00Z
2026-09-24T01:11:13.428+00:00,KXBTC15M-26SEP232115-15,84310.98,0.1600,0.1700,0.1700,1828135.23,2026-09-24T01:00:00Z,2026-09-24T01:15:00Z
2026-09-24T01:11:15.568+00:00,KXBTC15M-26SEP232115-15,84310.98,0.1600,0.1700,0.1700,1828135.23,2026-09-24T01:00:00Z,2026-09-24T01:15:00Z
2026-09-24T01:11:17.709+00:00,KXBTC15M-26SEP232115-15,84310.98,0.1600,0.1700,0.1700,1828135.23,2026-09-24T01:00:00Z,2026-09-24T01:15:00Z
2026-09-24T01:11:19.849+00:00,KXBTC15M-26SEP232115-15,84310.98,0.1600,0.1700,0.1700,1828135.23,2026-09-24T01:00:00Z,2026-09-24T01:15:00Z
2026-09-24T01:11:21.987+00:00,KXBTC15M-26SEP232115-15,84310.98,0.1600,0.1700,0.1700,1828135.23,2026-09-24T01:00:00Z,2026-09-24T01:15:00Z
2026-09-24T01:11:24.127+00:00,KXBTC15M-26SEP232115-15,84310.98,0.1500,0.1600,0.1500,1863655.47,2026-09-24T01:00:00Z,2026-09-24T01:15:00Z
2026-09-24T01:11:26.310+00:00,KXBTC15M-26SEP232115-15,84310.98,0.1500,0.1600,0.1500,1863655.47,2026-09-24T01:00:00Z,2026-09-24T01:15:00Z
2026-09-24T01:11:28.460+00:00,KXBTC15M-26SEP232115-15,84310.98,0.1500,0.1600,0.1500,1863655.47,2026-09-24T01:00:00Z,2026-09-24T01:15:00Z
2026-09-24T01:11:30.935+00:00,KXBTC15M-26SEP232115-15,84310.98,0.1500,0.1600,0.1500,1863655.47,2026-09-24T01:00:00Z,2026-09-24T01:15:00Z
2026-09-24T01:11:33.075+00:00,KXBTC15M-26SEP232115-15,84310.98,0.1500,0.1600,0.1500,1863655.47,2026-09-24T01:00:00Z,2026-09-24T01:15:00Z
2026-09-24T01:11:35.297+00:00,KXBTC15M-26SEP232115-15,84310.98,0.1600,0.1700,0.1600,1893230.80,2026-09-24T01:00:00Z,2026-09-24T01:15:00Z
2026-09-24T01:11:37.438+00:00,KXBTC15M-26SEP232115-15,84310.98,0.1600,0.1700,0.1600,1893230.80,2026-09-24T01:00:00Z,2026-09-24T01:15:00Z
2026-09-24T01:11:39.607+00:00,KXBTC15M-26SEP232115-15,84310.98,0.1600,0.1700,0.1600,1893230.80,2026-09-24T01:00:00Z,2026-09-24T01:15:00Z
2026-09-24T01:11:41.745+00:00,KXBTC15M-26SEP232115-15,84310.98,0.1600,0.1700,0.1600,1893230.80,2026-09-24T01:00:00Z,2026-09-24T01:15:00Z
2026-09-24T01:11:43.887+00:00,KXBTC15M-26SEP232115-15,84310.98,0.1600,0.1700,0.1600,1893230.80,2026-09-24T01:00:00Z,2026-09-24T01:15:00Z
2026-09-24T01:11:46.031+00:00,KXBTC15M-26SEP232115-15,84310.98,0.1500,0.1600,0.1600,1923029.69,2026-09-24T01:00:00Z,2026-09-24T01:15:00Z
2026-09-24T01:11:48.171+00:00,KXBTC15M-26SEP232115-15,84310.98,0.1500,0.1600,0.1600,1923029.69,2026-09-24T01:00:00Z,2026-09-24T01:15:00Z
2026-09-24T01:11:50.315+00:00,KXBTC15M-26SEP232115-15,84310.98,0.1500,0.1600,0.1600,1923029.69,2026-09-24T01:00:00Z,2026-09-24T01:15:00Z
2026-09-24T01:11:52.472+00:00,KXBTC15M-26SEP232115-15,84310.98,0.1500,0.1600,0.1600,1923029.69,2026-09-24T01:00:00Z,2026-09-24T01:15:00Z
2026-09-24T01:11:54.693+00:00,KXBTC15M-26SEP232115-15,84310.98,0.1500,0.1600,0.1600,1923029.69,2026-09-24T01:00:00Z,2026-09-24T01:15:00Z
2026-09-24T01:11:56.838+00:00,KXBTC15M-26SEP232115-15,84310.98,0.1100,0.1200,0.1200,1954708.82,2026-09-24T01:00:00Z,2026-09-24T01:15:00Z
2026-09-24T01:11:59.010+00:00,KXBTC15M-26SEP232115-15,84310.98,0.1100,0.1200,0.1200,1954708.82,2026-09-24T01:00:00Z,2026-09-24T01:15:00Z
2026-09-24T01:12:01.151+00:00,KXBTC15M-26SEP232115-15,84310.98,0.1100,0.1200,0.1200,1954708.82,2026-09-24T01:00:00Z,2026-09-24T01:15:00Z
2026-09-24T01:12:03.297+00:00,KXBTC15M-26SEP232115-15,84310.98,0.1100,0.1200,0.1200,1954708.82,2026-09-24T01:00:00Z,2026-09-24T01:15:00Z
2026-09-24T01:12:05.436+00:00,KXBTC15M-26SEP232115-15,84310.98,0.1100,0.1200,0.1200,1954708.82,2026-09-24T01:00:00Z,2026-09-24T01:15:00Z
2026-09-24T01:12:07.578+00:00,KXBTC15M-26SEP232115-15,84310.98,0.1100,0.1200,0.1200,1954708.82,2026-09-24T01:00:00Z,2026-09-24T01:15:00Z
2026-09-24T01:12:09.713+00:00,KXBTC15M-26SEP232115-15,84310.98,0.0800,0.0810,0.0810,2000686.97,2026-09-24T01:00:00Z,2026-09-24T01:15:00Z
2026-09-24T01:12:11.853+00:00,KXBTC15M-26SEP232115-15,84310.98,0.0800,0.0810,0.0810,2000686.97,2026-09-24T01:00:00Z,2026-09-24T01:15:00Z
2026-09-24T01:12:14.049+00:00,KXBTC15M-26SEP232115-15,84310.98,0.0800,0.0810,0.0810,2000686.97,2026-09-24T01:00:00Z,2026-09-24T01:15:00Z
2026-09-24T01:12:16.194+00:00,KXBTC15M-26SEP232115-15,84310.98,0.0800,0.0810,0.0810,2000686.97,2026-09-24T01:00:00Z,2026-09-24T01:15:00Z
2026-09-24T01:12:18.335+00:00,KXBTC15M-26SEP232115-15,84310.98,0.0800,0.0810,0.0810,2000686.97,2026-09-24T01:00:00Z,2026-09-24T01:15:00Z
2026-09-24T01:12:20.478+00:00,KXBTC15M-26SEP232115-15,84310.98,0.0990,0.1000,0.0990,2085649.38,2026-09-24T01:00:00Z,2026-09-24T01:15:00Z
2026-09-24T01:12:22.620+00:00,KXBTC15M-26SEP232115-15,84310.98,0.0990,0.1000,0.0990,2085649.38,2026-09-24T01:00:00Z,2026-09-24T01:15:00Z
2026-09-24T01:12:24.764+00:00,KXBTC15M-26SEP232115-15,84310.98,0.0990,0.1000,0.0990,2085649.38,2026-09-24T01:00:00Z,2026-09-24T01:15:00Z
2026-09-24T01:12:26.902+00:00,KXBTC15M-26SEP232115-15,84310.98,0.0990,0.1000,0.0990,2085649.38,2026-09-24T01:00:00Z,2026-09-24T01:15:00Z
2026-09-24T01:12:29.107+00:00,KXBTC15M-26SEP232115-15,84310.98,0.0990,0.1000,0.0990,2085649.38,2026-09-24T01:00:00Z,2026-09-24T01:15:00Z
2026-09-24T01:12:31.252+00:00,KXBTC15M-26SEP232115-15,84310.98,0.0800,0.0820,0.0820,2117837.67,2026-09-24T01:00:00Z,2026-09-24T01:15:00Z
2026-09-24T01:12:33.398+00:00,KXBTC15M-26SEP232115-15,84310.98,0.0800,0.0820,0.0820,2117837.67,2026-09-24T01:00:00Z,2026-09-24T01:15:00Z
2026-09-24T01:12:35.537+00:00,KXBTC15M-26SEP232115-15,84310.98,0.0800,0.0820,0.0820,2117837.67,2026-09-24T01:00:00Z,2026-09-24T01:15:00Z
2026-09-24T01:12:37.672+00:00,KXBTC15M-26SEP232115-15,84310.98,0.0800,0.0820,0.0820,2117837.67,2026-09-24T01:00:00Z,2026-09-24T01:15:00Z
2026-09-24T01:12:39.811+00:00,KXBTC15M-26SEP232115-15,84310.98,0.0800,0.0820,0.0820,2117837.67,2026-09-24T01:00:00Z,2026-09-24T01:15:00Z
2026-09-24T01:12:41.949+00:00,KXBTC15M-26SEP232115-15,84310.98,0.0960,0.0970,0.0970,2166336.20,2026-09-24T01:00:00Z,2026-09-24T01:15:00Z
2026-09-24T01:12:44.090+00:00,KXBTC15M-26SEP232115-15,84310.98,0.0960,0.0970,0.0970,2166336.20,2026-09-24T01:00:00Z,2026-09-24T01:15:00Z
2026-09-24T01:12:46.228+00:00,KXBTC15M-26SEP232115-15,84310.98,0.0960,0.0970,0.0970,2166336.20,2026-09-24T01:00:00Z,2026-09-24T01:15:00Z
2026-09-24T01:12:48.372+00:00,KXBTC15M-26SEP232115-15,84310.98,0.0960,0.0970,0.0970,2166336.20,2026-09-24T01:00:00Z,2026-09-24T01:15:00Z
2026-09-24T01:12:50.513+00:00,KXBTC15M-26SEP232115-15,84310.98,0.0960,0.0970,0.0970,2166336.20,2026-09-24T01:00:00Z,2026-09-24T01:15:00Z
2026-09-24T01:12:52.656+00:00,KXBTC15M-26SEP232115-15,84310.98,0.0420,0.0430,0.0420,2225091.33,2026-09-24T01:00:00Z,2026-09-24T01:15:00Z
2026-09-24T01:12:54.794+00:00,KXBTC15M-26SEP232115-15,84310.98,0.0420,0.0430,0.0420,2225091.33,2026-09-24T01:00:00Z,2026-09-24T01:15:00Z
2026-09-24T01:12:56.935+00:00,KXBTC15M-26SEP232115-15,84310.98,0.0420,0.0430,0.0420,2225091.33,2026-09-24T01:00:00Z,2026-09-24T01:15:00Z
2026-09-24T01:12:59.090+00:00,KXBTC15M-26SEP232115-15,84310.98,0.0420,0.0430,0.0420,2225091.33,2026-09-24T01:00:00Z,2026-09-24T01:15:00Z
2026-09-24T01:13:01.228+00:00,KXBTC15M-26SEP232115-15,84310.98,0.0420,0.0430,0.0420,2225091.33,2026-09-24T01:00:00Z,2026-09-24T01:15:00Z
2026-09-24T01:13:03.368+00:00,KXBTC15M-26SEP232115-15,84310.98,0.0260,0.0270,0.0270,2279866.96,2026-09-24T01:00:00Z,2026-09-24T01:15:00Z
2026-09-24T01:13:05.510+00:00,KXBTC15M-26SEP232115-15,84310.98,0.0260,0.0270,0.0270,2279866.96,2026-09-24T01:00:00Z,2026-09-24T01:15:00Z
2026-09-24T01:13:07.650+00:00,KXBTC15M-26SEP232115-15,84310.98,0.0260,0.0270,0.0270,2279866.96,2026-09-24T01:00:00Z,2026-09-24T01:15:00Z
2026-09-24T01:13:09.792+00:00,KXBTC15M-26SEP232115-15,84310.98,0.0260,0.0270,0.0270,2279866.96,2026-09-24T01:00:00Z,2026-09-24T01:15:00Z
2026-09-24T01:13:11.933+00:00,KXBTC15M-26SEP232115-15,84310.98,0.0260,0.0270,0.0270,2279866.96,2026-09-24T01:00:00Z,2026-09-24T01:15:00Z
2026-09-24T01:13:14.071+00:00,KXBTC15M-26SEP232115-15,84310.98,0.0260,0.0270,0.0270,2279866.96,2026-09-24T01:00:00Z,2026-09-24T01:15:00Z
2026-09-24T01:13:16.211+00:00,KXBTC15M-26SEP232115-15,84310.98,0.0200,0.0210,0.0200,2347861.92,2026-09-24T01:00:00Z,2026-09-24T01:15:00Z
2026-09-24T01:13:18.384+00:00,KXBTC15M-26SEP232115-15,84310.98,0.0200,0.0210,0.0200,2347861.92,2026-09-24T01:00:00Z,2026-09-24T01:15:00Z
2026-09-24T01:13:20.525+00:00,KXBTC15M-26SEP232115-15,84310.98,0.0200,0.0210,0.0200,2347861.92,2026-09-24T01:00:00Z,2026-09-24T01:15:00Z
2026-09-24T01:13:22.664+00:00,KXBTC15M-26SEP232115-15,84310.98,0.0200,0.0210,0.0200,2347861.92,2026-09-24T01:00:00Z,2026-09-24T01:15:00Z
2026-09-24T01:13:24.808+00:00,KXBTC15M-26SEP232115-15,84310.98,0.0200,0.0210,0.0200,2347861.92,2026-09-24T01:00:00Z,2026-09-24T01:15:00Z
2026-09-24T01:13:26.951+00:00,KXBTC15M-26SEP232115-15,84310.98,0.0120,0.0130,0.0100,2406548.90,2026-09-24T01:00:00Z,2026-09-24T01:15:00Z
2026-09-24T01:13:29.122+00:00,KXBTC15M-26SEP232115-15,84310.98,0.0120,0.0130,0.0100,2406548.90,2026-09-24T01:00:00Z,2026-09-24T01:15:00Z
2026-09-24T01:13:31.262+00:00,KXBTC15M-26SEP232115-15,84310.98,0.0120,0.0130,0.0100,2406548.90,2026-09-24T01:00:00Z,2026-09-24T01:15:00Z
2026-09-24T01:13:33.402+00:00,KXBTC15M-26SEP232115-15,84310.98,0.0120,0.0130,0.0100,2406548.90,2026-09-24T01:00:00Z,2026-09-24T01:15:00Z
2026-09-24T01:13:35.543+00:00,KXBTC15M-26SEP232115-15,84310.98,0.0120,0.0130,0.0100,2406548.90,2026-09-24T01:00:00Z,2026-09-24T01:15:00Z
2026-09-24T01:13:37.681+00:00,KXBTC15M-26SEP232115-15,84310.98,0.0070,0.0080,0.0070,2488585.72,2026-09-24T01:00:00Z,2026-09-24T01:15:00Z
2026-09-24T01:13:39.819+00:00,KXBTC15M-26SEP232115-15,84310.98,0.0070,0.0080,0.0070,2488585.72,2026-09-24T01:00:00Z,2026-09-24T01:15:00Z
2026-09-24T01:13:41.963+00:00,KXBTC15M-26SEP232115-15,84310.98,0.0070,0.0080,0.0070,2488585.72,2026-09-24T01:00:00Z,2026-09-24T01:15:00Z
2026-09-24T01:13:44.103+00:00,KXBTC15M-26SEP232115-15,84310.98,0.0070,0.0080,0.0070,2488585.72,2026-09-24T01:00:00Z,2026-09-24T01:15:00Z
2026-09-24T01:13:46.244+00:00,KXBTC15M-26SEP232115-15,84310.98,0.0070,0.0080,0.0070,2488585.72,2026-09-24T01:00:00Z,2026-09-24T01:15:00Z
2026-09-24T01:13:48.408+00:00,KXBTC15M-26SEP232115-15,84310.98,0.0010,0.0020,0.0020,2702971.44,2026-09-24T01:00:00Z,2026-09-24T01:15:00Z
2026-09-24T01:13:50.797+00:00,KXBTC15M-26SEP232115-15,84310.98,0.0010,0.0020,0.0020,2702971.44,2026-09-24T01:00:00Z,2026-09-24T01:15:00Z
2026-09-24T01:13:52.936+00:00,KXBTC15M-26SEP232115-15,84310.98,0.0010,0.0020,0.0020,2702971.44,2026-09-24T01:00:00Z,2026-09-24T01:15:00Z
2026-09-24T01:13:55.076+00:00,KXBTC15M-26SEP232115-15,84310.98,0.0010,0.0020,0.0020,2702971.44,2026-09-24T01:00:00Z,2026-09-24T01:15:00Z
2026-09-24T01:13:57.217+00:00,KXBTC15M-26SEP232115-15,84310.98,0.0010,0.0020,0.0020,2702971.44,2026-09-24T01:00:00Z,2026-09-24T01:15:00Z
2026-09-24T01:13:59.371+00:00,KXBTC15M-26SEP232115-15,84310.98,0.0010,0.0020,0.0010,2906870.64,2026-09-24T01:00:00Z,2026-09-24T01:15:00Z
2026-09-24T01:14:01.521+00:00,KXBTC15M-26SEP232115-15,84310.98,0.0010,0.0020,0.0010,2906870.64,2026-09-24T01:00:00Z,2026-09-24T01:15:00Z
2026-09-24T01:14:03.661+00:00,KXBTC15M-26SEP232115-15,84310.98,0.0010,0.0020,0.0010,2906870.64,2026-09-24T01:00:00Z,2026-09-24T01:15:00Z
2026-09-24T01:14:05.813+00:00,KXBTC15M-26SEP232115-15,84310.98,0.0010,0.0020,0.0010,2906870.64,2026-09-24T01:00:00Z,2026-09-24T01:15:00Z
2026-09-24T01:14:07.959+00:00,KXBTC15M-26SEP232115-15,84310.98,0.0010,0.0040,0.0040,2966736.85,2026-09-24T01:00:00Z,2026-09-24T01:15:00Z
2026-09-24T01:14:10.348+00:00,KXBTC15M-26SEP232115-15,84310.98,0.0010,0.0040,0.0040,2966736.85,2026-09-24T01:00:00Z,2026-09-24T01:15:00Z
2026-09-24T01:14:12.496+00:00,KXBTC15M-26SEP232115-15,84310.98,0.0010,0.0040,0.0040,2966736.85,2026-09-24T01:00:00Z,2026-09-24T01:15:00Z
2026-09-24T01:14:14.632+00:00,KXBTC15M-26SEP232115-15,84310.98,0.0010,0.0040,0.0040,2966736.85,2026-09-24T01:00:00Z,2026-09-24T01:15:00Z
2026-09-24T01:14:16.778+00:00,KXBTC15M-26SEP232115-15,84310.98,0.0010,0.0040,0.0040,2966736.85,2026-09-24T01:00:00Z,2026-09-24T01:15:00Z
2026-09-24T01:14:18.918+00:00,KXBTC15M-26SEP232115-15,84310.98,0.0010,0.0020,0.0020,3113642.11,2026-09-24T01:00:00Z,2026-09-24T01:15:00Z
2026-09-24T01:14:21.076+00:00,KXBTC15M-26SEP232115-15,84310.98,0.0010,0.0020,0.0020,3113642.11,2026-09-24T01:00:00Z,2026-09-24T01:15:00Z
2026-09-24T01:14:23.275+00:00,KXBTC15M-26SEP232115-15,84310.98,0.0010,0.0020,0.0020,3113642.11,2026-09-24T01:00:00Z,2026-09-24T01:15:00Z
2026-09-24T01:14:25.420+00:00,KXBTC15M-26SEP232115-15,84310.98,0.0010,0.0020,0.0020,3113642.11,2026-09-24T01:00:00Z,2026-09-24T01:15:00Z
2026-09-24T01:14:27.558+00:00,KXBTC15M-26SEP232115-15,84310.98,0.0010,0.0020,0.0020,3113642.11,2026-09-24T01:00:00Z,2026-09-24T01:15:00Z
2026-09-24T01:14:29.708+00:00,KXBTC15M-26SEP232115-15,84310.98,0.0000,0.0010,0.0010,3174789.49,2026-09-24T01:00:00Z,2026-09-24T01:15:00Z
2026-09-24T01:14:31.848+00:00,KXBTC15M-26SEP232115-15,84310.98,0.0000,0.0010,0.0010,3174789.49,2026-09-24T01:00:00Z,2026-09-24T01:15:00Z
2026-09-24T01:14:33.984+00:00,KXBTC15M-26SEP232115-15,84310.98,0.0000,0.0010,0.0010,3174789.49,2026-09-24T01:00:00Z,2026-09-24T01:15:00Z
2026-09-24T01:14:36.125+00:00,KXBTC15M-26SEP232115-15,84310.98,0.0000,0.0010,0.0010,3174789.49,2026-09-24T01:00:00Z,2026-09-24T01:15:00Z
2026-09-24T01:14:38.264+00:00,KXBTC15M-26SEP232115-15,84310.98,0.0000,0.0010,0.0010,3174789.49,2026-09-24T01:00:00Z,2026-09-24T01:15:00Z
2026-09-24T01:14:40.406+00:00,KXBTC15M-26SEP232115-15,84310.98,0.0000,0.0010,0.0010,3243734.88,2026-09-24T01:00:00Z,2026-09-24T01:15:00Z
2026-09-24T01:14:42.545+00:00,KXBTC15M-26SEP232115-15,84310.98,0.0000,0.0010,0.0010,3243734.88,2026-09-24T01:00:00Z,2026-09-24T01:15:00Z
2026-09-24T01:14:44.681+00:00,KXBTC15M-26SEP232115-15,84310.98,0.0000,0.0010,0.0010,3243734.88,2026-09-24T01:00:00Z,2026-09-24T01:15:00Z
2026-09-24T01:14:46.944+00:00,KXBTC15M-26SEP232115-15,84310.98,0.0000,0.0010,0.0010,3243734.88,2026-09-24T01:00:00Z,2026-09-24T01:15:00Z
2026-09-24T01:14:49.084+00:00,KXBTC15M-26SEP232115-15,84310.98,0.0000,0.0010,0.0010,3243734.88,2026-09-24T01:00:00Z,2026-09-24T01:15:00Z
2026-09-24T01:14:51.225+00:00,KXBTC15M-26SEP232115-15,84310.98,0.0000,0.0010,0.0010,3243734.88,2026-09-24T01:00:00Z,2026-09-24T01:15:00Z
2026-09-24T01:14:53.365+00:00,KXBTC15M-26SEP232115-15,84310.98,0.0000,0.0010,0.0010,3277391.72,2026-09-24T01:00:00Z,2026-09-24T01:15:00Z
2026-09-24T01:14:55.513+00:00,KXBTC15M-26SEP232115-15,84310.98,0.0000,0.0010,0.0010,3277391.72,2026-09-24T01:00:00Z,2026-09-24T01:15:00Z
2026-09-24T01:14:57.656+00:00,KXBTC15M-26SEP232115-15,84310.98,0.0000,0.0010,0.0010,3277391.72,2026-09-24T01:00:00Z,2026-09-24T01:15:00Z
2026-09-24T01:14:59.804+00:00,KXBTC15M-26SEP232115-15,84310.98,0.0000,0.0010,0.0010,3277391.72,2026-09-24T01:00:00Z,2026-09-24T01:15:00Z
2026-09-24T01:15:01.943+00:00,KXBTC15M-26SEP232115-15,84310.98,0.0000,0.0010,0.0010,3277391.72,2026-09-24T01:00:00Z,2026-09-24T01:15:00Z
2026-09-24T01:15:04.082+00:00,KXBTC15M-26SEP232115-15,84310.98,0.0000,1.0000,0.0010,3305654.12,2026-09-24T01:00:00Z,2026-09-24T01:15:00Z
2026-09-24T01:15:06.241+00:00,KXBTC15M-26SEP232115-15,84310.98,0.0000,1.0000,0.0010,3305654.12,2026-09-24T01:00:00Z,2026-09-24T01:15:00Z
2026-09-24T01:15:08.387+00:00,KXBTC15M-26SEP232115-15,84310.98,0.0000,1.0000,0.0010,3305654.12,2026-09-24T01:00:00Z,2026-09-24T01:15:00Z
2026-09-24T01:15:10.528+00:00,KXBTC15M-26SEP232115-15,84310.98,0.0000,1.0000,0.0010,3305654.12,2026-09-24T01:00:00Z,2026-09-24T01:15:00Z
2026-09-24T01:15:12.672+00:00,KXBTC15M-26SEP232115-15,84310.98,0.0000,1.0000,0.0010,3305654.12,2026-09-24T01:00:00Z,2026-09-24T01:15:00Z
2026-09-24T01:15:14.813+00:00,KXBTC15M-26SEP232115-15,84310.98,0.0000,1.0000,0.0010,3305654.12,2026-09-24T01:00:00Z,2026-09-24T01:15:00Z
2026-09-24T01:15:16.952+00:00,KXBTC15M-26SEP232115-15,84310.98,0.0000,1.0000,0.0010,3305654.12,2026-09-24T01:00:00Z,2026-09-24T01:15:00Z
2026-09-24T01:15:19.098+00:00,KXBTC15M-26SEP232115-15,84310.98,0.0000,1.0000,0.0010,3305654.12,2026-09-24T01:00:00Z,2026-09-24T01:15:00Z
2026-09-24T01:15:21.304+00:00,KXBTC15M-26SEP232115-15,84310.98,0.0000,1.0000,0.0010,3305654.12,2026-09-24T01:00:00Z,2026-09-24T01:15:00Z
2026-09-24T01:15:23.449+00:00,KXBTC15M-26SEP232115-15,84310.98,0.0000,1.0000,0.0010,3305654.12,2026-09-24T01:00:00Z,2026-09-24T01:15:00Z
2026-09-24T01:15:25.589+00:00,KXBTC15M-26SEP232115-15,84310.98,0.0000,1.0000,0.0010,3305654.12,2026-09-24T01:00:00Z,2026-09-24T01:15:00Z
2026-09-24T01:15:27.750+00:00,KXBTC15M-26SEP232115-15,84310.98,0.0000,1.0000,0.0010,3305654.12,2026-09-24T01:00:00Z,2026-09-24T01:15:00Z
2026-09-24T01:15:29.906+00:00,KXBTC15M-26SEP232130-30,84266.56,0.6000,0.6100,0.6000,123626.50,2026-09-24T01:15:00Z,2026-09-24T01:30:00Z
2026-09-24T01:15:32.043+00:00,KXBTC15M-26SEP232130-30,84266.56,0.6000,0.6100,0.6000,123626.50,2026-09-24T01:15:00Z,2026-09-24T01:30:00Z
2026-09-24T01:15:34.192+00:00,KXBTC15M-26SEP232130-30,84266.56,0.6000,0.6100,0.6000,123626.50,2026-09-24T01:15:00Z,2026-09-24T01:30:00Z
2026-09-24T01:15:36.329+00:00,KXBTC15M-26SEP232130-30,84266.56,0.6000,0.6100,0.6000,123626.50,2026-09-24T01:15:00Z,2026-09-24T01:30:00Z
2026-09-24T01:15:38.470+00:00,KXBTC15M-26SEP232130-30,84266.56,0.5400,0.5500,0.5500,137777.06,2026-09-24T01:15:00Z,2026-09-24T01:30:00Z
2026-09-24T01:15:40.617+00:00,KXBTC15M-26SEP232130-30,84266.56,0.5400,0.5500,0.5500,137777.06,2026-09-24T01:15:00Z,2026-09-24T01:30:00Z
2026-09-24T01:15:42.758+00:00,KXBTC15M-26SEP232130-30,84266.56,0.5400,0.5500,0.5500,137777.06,2026-09-24T01:15:00Z,2026-09-24T01:30:00Z
2026-09-24T01:15:44.900+00:00,KXBTC15M-26SEP232130-30,84266.56,0.5400,0.5500,0.5500,137777.06,2026-09-24T01:15:00Z,2026-09-24T01:30:00Z
2026-09-24T01:15:47.038+00:00,KXBTC15M-26SEP232130-30,84266.56,0.5400,0.5500,0.5500,137777.06,2026-09-24T01:15:00Z,2026-09-24T01:30:00Z
2026-09-24T01:15:49.180+00:00,KXBTC15M-26SEP232130-30,84266.56,0.5400,0.5500,0.5400,153827.67,2026-09-24T01:15:00Z,2026-09-24T01:30:00Z
2026-09-24T01:15:51.319+00:00,KXBTC15M-26SEP232130-30,84266.56,0.5400,0.5500,0.5400,153827.67,2026-09-24T01:15:00Z,2026-09-24T01:30:00Z
2026-09-24T01:15:53.463+00:00,KXBTC15M-26SEP232130-30,84266.56,0.5400,0.5500,0.5400,153827.67,2026-09-24T01:15:00Z,2026-09-24T01:30:00Z
2026-09-24T01:15:55.603+00:00,KXBTC15M-26SEP232130-30,84266.56,0.5400,0.5500,0.5400,153827.67,2026-09-24T01:15:00Z,2026-09-24T01:30:00Z
2026-09-24T01:15:57.739+00:00,KXBTC15M-26SEP232130-30,84266.56,0.5400,0.5500,0.5400,153827.67,2026-09-24T01:15:00Z,2026-09-24T01:30:00Z
2026-09-24T01:15:59.883+00:00,KXBTC15M-26SEP232130-30,84266.56,0.5800,0.5900,0.5800,173921.97,2026-09-24T01:15:00Z,2026-09-24T01:30:00Z
2026-09-24T01:16:02.063+00:00,KXBTC15M-26SEP232130-30,84266.56,0.5800,0.5900,0.5800,173921.97,2026-09-24T01:15:00Z,2026-09-24T01:30:00Z
2026-09-24T01:16:04.205+00:00,KXBTC15M-26SEP232130-30,84266.56,0.5800,0.5900,0.5800,173921.97,2026-09-24T01:15:00Z,2026-09-24T01:30:00Z
2026-09-24T01:16:06.351+00:00,KXBTC15M-26SEP232130-30,84266.56,0.5800,0.5900,0.5800,173921.97,2026-09-24T01:15:00Z,2026-09-24T01:30:00Z
2026-09-24T01:16:08.489+00:00,KXBTC15M-26SEP232130-30,84266.56,0.5800,0.5900,0.5800,173921.97,2026-09-24T01:15:00Z,2026-09-24T01:30:00Z
2026-09-24T01:16:10.632+00:00,KXBTC15M-26SEP232130-30,84266.56,0.5300,0.5400,0.5400,197613.62,2026-09-24T01:15:00Z,2026-09-24T01:30:00Z
2026-09-24T01:16:12.771+00:00,KXBTC15M-26SEP232130-30,84266.56,0.5300,0.5400,0.5400,197613.62,2026-09-24T01:15:00Z,2026-09-24T01:30:00Z
2026-09-24T01:16:14.910+00:00,KXBTC15M-26SEP232130-30,84266.56,0.5300,0.5400,0.5400,197613.62,2026-09-24T01:15:00Z,2026-09-24T01:30:00Z
2026-09-24T01:16:17.047+00:00,KXBTC15M-26SEP232130-30,84266.56,0.5300,0.5400,0.5400,197613.62,2026-09-24T01:15:00Z,2026-09-24T01:30:00Z
2026-09-24T01:16:19.190+00:00,KXBTC15M-26SEP232130-30,84266.56,0.5300,0.5400,0.5400,197613.62,2026-09-24T01:15:00Z,2026-09-24T01:30:00Z
2026-09-24T01:16:21.331+00:00,KXBTC15M-26SEP232130-30,84266.56,0.4700,0.4800,0.4800,224301.62,2026-09-24T01:15:00Z,2026-09-24T01:30:00Z
2026-09-24T01:16:23.473+00:00,KXBTC15M-26SEP232130-30,84266.56,0.4700,0.4800,0.4800,224301.62,2026-09-24T01:15:00Z,2026-09-24T01:30:00Z
2026-09-24T01:16:25.620+00:00,KXBTC15M-26SEP232130-30,84266.56,0.4700,0.4800,0.4800,224301.62,2026-09-24T01:15:00Z,2026-09-24T01:30:00Z
2026-09-24T01:16:27.771+00:00,KXBTC15M-26SEP232130-30,84266.56,0.4700,0.4800,0.4800,224301.62,2026-09-24T01:15:00Z,2026-09-24T01:30:00Z
2026-09-24T01:16:29.909+00:00,KXBTC15M-26SEP232130-30,84266.56,0.4700,0.4800,0.4800,224301.62,2026-09-24T01:15:00Z,2026-09-24T01:30:00Z
2026-09-24T01:16:32.060+00:00,KXBTC15M-26SEP232130-30,84266.56,0.4600,0.4700,0.4700,266590.55,2026-09-24T01:15:00Z,2026-09-24T01:30:00Z
2026-09-24T01:16:34.200+00:00,KXBTC15M-26SEP232130-30,84266.56,0.4600,0.4700,0.4700,266590.55,2026-09-24T01:15:00Z,2026-09-24T01:30:00Z
2026-09-24T01:16:36.583+00:00,KXBTC15M-26SEP232130-30,84266.56,0.4600,0.4700,0.4700,266590.55,2026-09-24T01:15:00Z,2026-09-24T01:30:00Z
2026-09-24T01:16:38.722+00:00,KXBTC15M-26SEP232130-30,84266.56,0.4600,0.4700,0.4700,266590.55,2026-09-24T01:15:00Z,2026-09-24T01:30:00Z
2026-09-24T01:16:40.859+00:00,KXBTC15M-26SEP232130-30,84266.56,0.4600,0.4700,0.4700,266590.55,2026-09-24T01:15:00Z,2026-09-24T01:30:00Z
2026-09-24T01:16:42.996+00:00,KXBTC15M-26SEP232130-30,84266.56,0.4500,0.4600,0.4500,297325.87,2026-09-24T01:15:00Z,2026-09-24T01:30:00Z
2026-09-24T01:16:45.134+00:00,KXBTC15M-26SEP232130-30,84266.56,0.4500,0.4600,0.4500,297325.87,2026-09-24T01:15:00Z,2026-09-24T01:30:00Z
2026-09-24T01:16:47.278+00:00,KXBTC15M-26SEP232130-30,84266.56,0.4500,0.4600,0.4500,297325.87,2026-09-24T01:15:00Z,2026-09-24T01:30:00Z
2026-09-24T01:16:49.415+00:00,KXBTC15M-26SEP232130-30,84266.56,0.4500,0.4600,0.4500,297325.87,2026-09-24T01:15:00Z,2026-09-24T01:30:00Z
2026-09-24T01:16:51.551+00:00,KXBTC15M-26SEP232130-30,84266.56,0.4500,0.4600,0.4500,297325.87,2026-09-24T01:15:00Z,2026-09-24T01:30:00Z
2026-09-24T01:16:53.943+00:00,KXBTC15M-26SEP232130-30,84266.56,0.4400,0.4500,0.4500,315135.15,2026-09-24T01:15:00Z,2026-09-24T01:30:00Z
2026-09-24T01:16:56.096+00:00,KXBTC15M-26SEP232130-30,84266.56,0.4400,0.4500,0.4500,315135.15,2026-09-24T01:15:00Z,2026-09-24T01:30:00Z
2026-09-24T01:16:58.238+00:00,KXBTC15M-26SEP232130-30,84266.56,0.4400,0.4500,0.4500,315135.15,2026-09-24T01:15:00Z,2026-09-24T01:30:00Z
2026-09-24T01:17:00.378+00:00,KXBTC15M-26SEP232130-30,84266.56,0.4400,0.4500,0.4500,315135.15,2026-09-24T01:15:00Z,2026-09-24T01:30:00Z
2026-09-24T01:17:02.532+00:00,KXBTC15M-26SEP232130-30,84266.56,0.4400,0.4500,0.4500,315135.15,2026-09-24T01:15:00Z,2026-09-24T01:30:00Z
2026-09-24T01:17:04.671+00:00,KXBTC15M-26SEP232130-30,84266.56,0.3900,0.4000,0.4000,346497.46,2026-09-24T01:15:00Z,2026-09-24T01:30:00Z
2026-09-24T01:17:06.811+00:00,KXBTC15M-26SEP232130-30,84266.56,0.3900,0.4000,0.4000,346497.46,2026-09-24T01:15:00Z,2026-09-24T01:30:00Z
2026-09-24T01:17:09.005+00:00,KXBTC15M-26SEP232130-30,84266.56,0.3900,0.4000,0.4000,346497.46,2026-09-24T01:15:00Z,2026-09-24T01:30:00Z
2026-09-24T01:17:11.145+00:00,KXBTC15M-26SEP232130-30,84266.56,0.3900,0.4000,0.4000,346497.46,2026-09-24T01:15:00Z,2026-09-24T01:30:00Z
2026-09-24T01:17:13.284+00:00,KXBTC15M-26SEP232130-30,84266.56,0.3900,0.4000,0.4000,346497.46,2026-09-24T01:15:00Z,2026-09-24T01:30:00Z
2026-09-24T01:17:15.424+00:00,KXBTC15M-26SEP232130-30,84266.56,0.3900,0.4000,0.4000,346497.46,2026-09-24T01:15:00Z,2026-09-24T01:30:00Z
2026-09-24T01:17:17.566+00:00,KXBTC15M-26SEP232130-30,84266.56,0.3700,0.3800,0.3800,380102.80,2026-09-24T01:15:00Z,2026-09-24T01:30:00Z
2026-09-24T01:17:19.708+00:00,KXBTC15M-26SEP232130-30,84266.56,0.3700,0.3800,0.3800,380102.80,2026-09-24T01:15:00Z,2026-09-24T01:30:00Z
2026-09-24T01:17:21.847+00:00,KXBTC15M-26SEP232130-30,84266.56,0.3700,0.3800,0.3800,380102.80,2026-09-24T01:15:00Z,2026-09-24T01:30:00Z
2026-09-24T01:17:23.986+00:00,KXBTC15M-26SEP232130-30,84266.56,0.3700,0.3800,0.3800,380102.80,2026-09-24T01:15:00Z,2026-09-24T01:30:00Z
2026-09-24T01:17:26.124+00:00,KXBTC15M-26SEP232130-30,84266.56,0.3700,0.3800,0.3800,380102.80,2026-09-24T01:15:00Z,2026-09-24T01:30:00Z
2026-09-24T01:17:28.268+00:00,KXBTC15M-26SEP232130-30,84266.56,0.3000,0.3100,0.3000,420892.06,2026-09-24T01:15:00Z,2026-09-24T01:30:00Z
2026-09-24T01:17:30.425+00:00,KXBTC15M-26SEP232130-30,84266.56,0.3000,0.3100,0.3000,420892.06,2026-09-24T01:15:00Z,2026-09-24T01:30:00Z
2026-09-24T01:17:32.598+00:00,KXBTC15M-26SEP232130-30,84266.56,0.3000,0.3100,0.3000,420892.06,2026-09-24T01:15:00Z,2026-09-24T01:30:00Z
2026-09-24T01:17:34.740+00:00,KXBTC15M-26SEP232130-30,84266.56,0.3000,0.3100,0.3000,420892.06,2026-09-24T01:15:00Z,2026-09-24T01:30:00Z
2026-09-24T01:17:36.879+00:00,KXBTC15M-26SEP232130-30,84266.56,0.3000,0.3100,0.3000,420892.06,2026-09-24T01:15:00Z,2026-09-24T01:30:00Z
2026-09-24T01:17:39.018+00:00,KXBTC15M-26SEP232130-30,84266.56,0.3100,0.3200,0.3200,468645.95,2026-09-24T01:15:00Z,2026-09-24T01:30:00Z
2026-09-24T01:17:41.156+00:00,KXBTC15M-26SEP232130-30,84266.56,0.3100,0.3200,0.3200,468645.95,2026-09-24T01:15:00Z,2026-09-24T01:30:00Z
2026-09-24T01:17:43.299+00:00,KXBTC15M-26SEP232130-30,84266.56,0.3100,0.3200,0.3200,468645.95,2026-09-24T01:15:00Z,2026-09-24T01:30:00Z
2026-09-24T01:17:45.440+00:00,KXBTC15M-26SEP232130-30,84266.56,0.3100,0.3200,0.3200,468645.95,2026-09-24T01:15:00Z,2026-09-24T01:30:00Z
2026-09-24T01:17:47.582+00:00,KXBTC15M-26SEP232130-30,84266.56,0.3100,0.3200,0.3200,468645.95,2026-09-24T01:15:00Z,2026-09-24T01:30:00Z
2026-09-24T01:17:49.720+00:00,KXBTC15M-26SEP232130-30,84266.56,0.3000,0.3100,0.3000,500590.33,2026-09-24T01:15:00Z,2026-09-24T01:30:00Z
2026-09-24T01:17:51.857+00:00,KXBTC15M-26SEP232130-30,84266.56,0.3000,0.3100,0.3000,500590.33,2026-09-24T01:15:00Z,2026-09-24T01:30:00Z
2026-09-24T01:17:54.103+00:00,KXBTC15M-26SEP232130-30,84266.56,0.3000,0.3100,0.3000,500590.33,2026-09-24T01:15:00Z,2026-09-24T01:30:00Z
2026-09-24T01:17:56.242+00:00,KXBTC15M-26SEP232130-30,84266.56,0.3000,0.3100,0.3000,500590.33,2026-09-24T01:15:00Z,2026-09-24T01:30:00Z
2026-09-24T01:17:58.381+00:00,KXBTC15M-26SEP232130-30,84266.56,0.3000,0.3100,0.3000,500590.33,2026-09-24T01:15:00Z,2026-09-24T01:30:00Z
2026-09-24T01:18:00.533+00:00,KXBTC15M-26SEP232130-30,84266.56,0.2600,0.2700,0.2700,543056.55,2026-09-24T01:15:00Z,2026-09-24T01:30:00Z
2026-09-24T01:18:02.681+00:00,KXBTC15M-26SEP232130-30,84266.56,0.2600,0.2700,0.2700,543056.55,2026-09-24T01:15:00Z,2026-09-24T01:30:00Z
2026-09-24T01:18:04.820+00:00,KXBTC15M-26SEP232130-30,84266.56,0.2600,0.2700,0.2700,543056.55,2026-09-24T01:15:00Z,2026-09-24T01:30:00Z
2026-09-24T01:18:06.957+00:00,KXBTC15M-26SEP232130-30,84266.56,0.2600,0.2700,0.2700,543056.55,2026-09-24T01:15:00Z,2026-09-24T01:30:00Z
2026-09-24T01:18:09.095+00:00,KXBTC15M-26SEP232130-30,84266.56,0.2600,0.2700,0.2700,543056.55,2026-09-24T01:15:00Z,2026-09-24T01:30:00Z
2026-09-24T01:18:11.233+00:00,KXBTC15M-26SEP232130-30,84266.56,0.2700,0.2800,0.2800,582218.36,2026-09-24T01:15:00Z,2026-09-24T01:30:00Z
2026-09-24T01:18:13.373+00:00,KXBTC15M-26SEP232130-30,84266.56,0.2700,0.2800,0.2800,582218.36,2026-09-24T01:15:00Z,2026-09-24T01:30:00Z
2026-09-24T01:18:15.579+00:00,KXBTC15M-26SEP232130-30,84266.56,0.2700,0.2800,0.2800,582218.36,2026-09-24T01:15:00Z,2026-09-24T01:30:00Z
2026-09-24T01:18:17.766+00:00,KXBTC15M-26SEP232130-30,84266.56,0.2700,0.2800,0.2800,582218.36,2026-09-24T01:15:00Z,2026-09-24T01:30:00Z
2026-09-24T01:18:19.907+00:00,KXBTC15M-26SEP232130-30,84266.56,0.2700,0.2800,0.2800,582218.36,2026-09-24T01:15:00Z,2026-09-24T01:30:00Z
2026-09-24T01:18:22.048+00:00,KXBTC15M-26SEP232130-30,84266.56,0.2700,0.2800,0.2800,582218.36,2026-09-24T01:15:00Z,2026-09-24T01:30:00Z
2026-09-24T01:18:24.186+00:00,KXBTC15M-26SEP232130-30,84266.56,0.3200,0.3300,0.3300,605129.72,2026-09-24T01:15:00Z,2026-09-24T01:30:00Z
2026-09-24T01:18:26.324+00:00,KXBTC15M-26SEP232130-30,84266.56,0.3200,0.3300,0.3300,605129.72,2026-09-24T01:15:00Z,2026-09-24T01:30:00Z
2026-09-24T01:18:28.464+00:00,KXBTC15M-26SEP232130-30,84266.56,0.3200,0.3300,0.3300,605129.72,2026-09-24T01:15:00Z,2026-09-24T01:30:00Z
2026-09-24T01:18:30.609+00:00,KXBTC15M-26SEP232130-30,84266.56,0.3200,0.3300,0.3300,605129.72,2026-09-24T01:15:00Z,2026-09-24T01:30:00Z
2026-09-24T01:18:32.761+00:00,KXBTC15M-26SEP232130-30,84266.56,0.3200,0.3300,0.3300,605129.72,2026-09-24T01:15:00Z,2026-09-24T01:30:00Z
2026-09-24T01:18:34.905+00:00,KXBTC15M-26SEP232130-30,84266.56,0.2500,0.2600,0.2500,622744.68,2026-09-24T01:15:00Z,2026-09-24T01:30:00Z
2026-09-24T01:18:37.071+00:00,KXBTC15M-26SEP232130-30,84266.56,0.2500,0.2600,0.2500,622744.68,2026-09-24T01:15:00Z,2026-09-24T01:30:00Z
2026-09-24T01:18:39.209+00:00,KXBTC15M-26SEP232130-30,84266.56,0.2500,0.2600,0.2500,622744.68,2026-09-24T01:15:00Z,2026-09-24T01:30:00Z
2026-09-24T01:18:41.348+00:00,KXBTC15M-26SEP232130-30,84266.56,0.2500,0.2600,0.2500,622744.68,2026-09-24T01:15:00Z,2026-09-24T01:30:00Z
2026-09-24T01:18:43.486+00:00,KXBTC15M-26SEP232130-30,84266.56,0.2500,0.2600,0.2500,622744.68,2026-09-24T01:15:00Z,2026-09-24T01:30:00Z
2026-09-24T01:18:45.628+00:00,KXBTC15M-26SEP232130-30,84266.56,0.4000,0.4100,0.4000,666090.66,2026-09-24T01:15:00Z,2026-09-24T01:30:00Z
2026-09-24T01:18:47.766+00:00,KXBTC15M-26SEP232130-30,84266.56,0.4000,0.4100,0.4000,666090.66,2026-09-24T01:15:00Z,2026-09-24T01:30:00Z
2026-09-24T01:18:49.903+00:00,KXBTC15M-26SEP232130-30,84266.56,0.4000,0.4100,0.4000,666090.66,2026-09-24T01:15:00Z,2026-09-24T01:30:00Z
2026-09-24T01:18:52.038+00:00,KXBTC15M-26SEP232130-30,84266.56,0.4000,0.4100,0.4000,666090.66,2026-09-24T01:15:00Z,2026-09-24T01:30:00Z
2026-09-24T01:18:54.177+00:00,KXBTC15M-26SEP232130-30,84266.56,0.4000,0.4100,0.4000,666090.66,2026-09-24T01:15:00Z,2026-09-24T01:30:00Z
2026-09-24T01:18:56.314+00:00,KXBTC15M-26SEP232130-30,84266.56,0.4900,0.5000,0.4900,709946.90,2026-09-24T01:15:00Z,2026-09-24T01:30:00Z
2026-09-24T01:18:58.454+00:00,KXBTC15M-26SEP232130-30,84266.56,0.4900,0.5000,0.4900,709946.90,2026-09-24T01:15:00Z,2026-09-24T01:30:00Z
2026-09-24T01:19:00.593+00:00,KXBTC15M-26SEP232130-30,84266.56,0.4900,0.5000,0.4900,709946.90,2026-09-24T01:15:00Z,2026-09-24T01:30:00Z
2026-09-24T01:19:02.729+00:00,KXBTC15M-26SEP232130-30,84266.56,0.4900,0.5000,0.4900,709946.90,2026-09-24T01:15:00Z,2026-09-24T01:30:00Z
2026-09-24T01:19:04.878+00:00,KXBTC15M-26SEP232130-30,84266.56,0.4900,0.5000,0.4900,709946.90,2026-09-24T01:15:00Z,2026-09-24T01:30:00Z
2026-09-24T01:19:07.017+00:00,KXBTC15M-26SEP232130-30,84266.56,0.4900,0.5000,0.4900,709946.90,2026-09-24T01:15:00Z,2026-09-24T01:30:00Z
2026-09-24T01:19:09.155+00:00,KXBTC15M-26SEP232130-30,84266.56,0.4900,0.5000,0.5000,743252.06,2026-09-24T01:15:00Z,2026-09-24T01:30:00Z
2026-09-24T01:19:11.297+00:00,KXBTC15M-26SEP232130-30,84266.56,0.4900,0.5000,0.5000,743252.06,2026-09-24T01:15:00Z,2026-09-24T01:30:00Z
2026-09-24T01:19:13.438+00:00,KXBTC15M-26SEP232130-30,84266.56,0.4900,0.5000,0.5000,743252.06,2026-09-24T01:15:00Z,2026-09-24T01:30:00Z
2026-09-24T01:19:15.582+00:00,KXBTC15M-26SEP232130-30,84266.56,0.4900,0.5000,0.5000,743252.06,2026-09-24T01:15:00Z,2026-09-24T01:30:00Z
2026-09-24T01:19:17.720+00:00,KXBTC15M-26SEP232130-30,84266.56,0.4900,0.5000,0.5000,743252.06,2026-09-24T01:15:00Z,2026-09-24T01:30:00Z
2026-09-24T01:19:19.858+00:00,KXBTC15M-26SEP232130-30,84266.56,0.5100,0.5200,0.5100,775278.70,2026-09-24T01:15:00Z,2026-09-24T01:30:00Z
2026-09-24T01:19:22.015+00:00,KXBTC15M-26SEP232130-30,84266.56,0.5100,0.5200,0.5100,775278.70,2026-09-24T01:15:00Z,2026-09-24T01:30:00Z
2026-09-24T01:19:24.158+00:00,KXBTC15M-26SEP232130-30,84266.56,0.5100,0.5200,0.5100,775278.70,2026-09-24T01:15:00Z,2026-09-24T01:30:00Z
2026-09-24T01:19:26.295+00:00,KXBTC15M-26SEP232130-30,84266.56,0.5100,0.5200,0.5100,775278.70,2026-09-24T01:15:00Z,2026-09-24T01:30:00Z
2026-09-24T01:19:28.433+00:00,KXBTC15M-26SEP232130-30,84266.56,0.5100,0.5200,0.5100,775278.70,2026-09-24T01:15:00Z,2026-09-24T01:30:00Z
2026-09-24T01:19:30.570+00:00,KXBTC15M-26SEP232130-30,84266.56,0.5400,0.5500,0.5500,801085.72,2026-09-24T01:15:00Z,2026-09-24T01:30:00Z
2026-09-24T01:19:32.713+00:00,KXBTC15M-26SEP232130-30,84266.56,0.5400,0.5500,0.5500,801085.72,2026-09-24T01:15:00Z,2026-09-24T01:30:00Z
2026-09-24T01:19:34.854+00:00,KXBTC15M-26SEP232130-30,84266.56,0.5400,0.5500,0.5500,801085.72,2026-09-24T01:15:00Z,2026-09-24T01:30:00Z
2026-09-24T01:19:37.009+00:00,KXBTC15M-26SEP232130-30,84266.56,0.5400,0.5500,0.5500,801085.72,2026-09-24T01:15:00Z,2026-09-24T01:30:00Z
2026-09-24T01:19:39.148+00:00,KXBTC15M-26SEP232130-30,84266.56,0.5400,0.5500,0.5500,801085.72,2026-09-24T01:15:00Z,2026-09-24T01:30:00Z
2026-09-24T01:19:41.295+00:00,KXBTC15M-26SEP232130-30,84266.56,0.5400,0.5500,0.5500,801085.72,2026-09-24T01:15:00Z,2026-09-24T01:30:00Z
2026-09-24T01:19:43.436+00:00,KXBTC15M-26SEP232130-30,84266.56,0.5400,0.5500,0.5400,818036.59,2026-09-24T01:15:00Z,2026-09-24T01:30:00Z
2026-09-24T01:19:45.575+00:00,KXBTC15M-26SEP232130-30,84266.56,0.5400,0.5500,0.5400,818036.59,2026-09-24T01:15:00Z,2026-09-24T01:30:00Z
2026-09-24T01:19:47.714+00:00,KXBTC15M-26SEP232130-30,84266.56,0.5400,0.5500,0.5400,818036.59,2026-09-24T01:15:00Z,2026-09-24T01:30:00Z
2026-09-24T01:19:49.856+00:00,KXBTC15M-26SEP232130-30,84266.56,0.5400,0.5500,0.5400,818036.59,2026-09-24T01:15:00Z,2026-09-24T01:30:00Z
2026-09-24T01:19:51.996+00:00,KXBTC15M-26SEP232130-30,84266.56,0.5400,0.5500,0.5400,818036.59,2026-09-24T01:15:00Z,2026-09-24T01:30:00Z
2026-09-24T01:19:54.138+00:00,KXBTC15M-26SEP232130-30,84266.56,0.6600,0.6700,0.6700,849475.19,2026-09-24T01:15:00Z,2026-09-24T01:30:00Z
2026-09-24T01:19:56.278+00:00,KXBTC15M-26SEP232130-30,84266.56,0.6600,0.6700,0.6700,849475.19,2026-09-24T01:15:00Z,2026-09-24T01:30:00Z
2026-09-24T01:19:58.420+00:00,KXBTC15M-26SEP232130-30,84266.56,0.6600,0.6700,0.6700,849475.19,2026-09-24T01:15:00Z,2026-09-24T01:30:00Z
2026-09-24T01:20:00.619+00:00,KXBTC15M-26SEP232130-30,84266.56,0.6600,0.6700,0.6700,849475.19,2026-09-24T01:15:00Z,2026-09-24T01:30:00Z
2026-09-24T01:20:02.758+00:00,KXBTC15M-26SEP232130-30,84266.56,0.6600,0.6700,0.6700,849475.19,2026-09-24T01:15:00Z,2026-09-24T01:30:00Z
2026-09-24T01:20:04.907+00:00,KXBTC15M-26SEP232130-30,84266.56,0.6600,0.6700,0.6700,849475.19,2026-09-24T01:15:00Z,2026-09-24T01:30:00Z
2026-09-24T01:20:07.056+00:00,KXBTC15M-26SEP232130-30,84266.56,0.6700,0.6800,0.6800,886024.04,2026-09-24T01:15:00Z,2026-09-24T01:30:00Z
2026-09-24T01:20:09.194+00:00,KXBTC15M-26SEP232130-30,84266.56,0.6700,0.6800,0.6800,886024.04,2026-09-24T01:15:00Z,2026-09-24T01:30:00Z
2026-09-24T01:20:11.331+00:00,KXBTC15M-26SEP232130-30,84266.56,0.6700,0.6800,0.6800,886024.04,2026-09-24T01:15:00Z,2026-09-24T01:30:00Z
2026-09-24T01:20:13.473+00:00,KXBTC15M-26SEP232130-30,84266.56,0.6700,0.6800,0.6800,886024.04,2026-09-24T01:15:00Z,2026-09-24T01:30:00Z
2026-09-24T01:20:15.614+00:00,KXBTC15M-26SEP232130-30,84266.56,0.6700,0.6800,0.6800,886024.04,2026-09-24T01:15:00Z,2026-09-24T01:30:00Z
2026-09-24T01:20:17.998+00:00,KXBTC15M-26SEP232130-30,84266.56,0.6600,0.6700,0.6700,933127.40,2026-09-24T01:15:00Z,2026-09-24T01:30:00Z
2026-09-24T01:20:20.136+00:00,KXBTC15M-26SEP232130-30,84266.56,0.6600,0.6700,0.6700,933127.40,2026-09-24T01:15:00Z,2026-09-24T01:30:00Z
2026-09-24T01:20:22.275+00:00,KXBTC15M-26SEP232130-30,84266.56,0.6600,0.6700,0.6700,933127.40,2026-09-24T01:15:00Z,2026-09-24T01:30:00Z
2026-09-24T01:20:24.411+00:00,KXBTC15M-26SEP232130-30,84266.56,0.6600,0.6700,0.6700,933127.40,2026-09-24T01:15:00Z,2026-09-24T01:30:00Z
2026-09-24T01:20:26.555+00:00,KXBTC15M-26SEP232130-30,84266.56,0.6600,0.6700,0.6700,933127.40,2026-09-24T01:15:00Z,2026-09-24T01:30:00Z
2026-09-24T01:20:28.706+00:00,KXBTC15M-26SEP232130-30,84266.56,0.6700,0.6800,0.6800,959937.12,2026-09-24T01:15:00Z,2026-09-24T01:30:00Z
2026-09-24T01:20:30.845+00:00,KXBTC15M-26SEP232130-30,84266.56,0.6700,0.6800,0.6800,959937.12,2026-09-24T01:15:00Z,2026-09-24T01:30:00Z
2026-09-24T01:20:32.985+00:00,KXBTC15M-26SEP232130-30,84266.56,0.6700,0.6800,0.6800,959937.12,2026-09-24T01:15:00Z,2026-09-24T01:30:00Z
2026-09-24T01:20:35.122+00:00,KXBTC15M-26SEP232130-30,84266.56,0.6700,0.6800,0.6800,959937.12,2026-09-24T01:15:00Z,2026-09-24T01:30:00Z
2026-09-24T01:20:37.276+00:00,KXBTC15M-26SEP232130-30,84266.56,0.6700,0.6800,0.6800,959937.12,2026-09-24T01:15:00Z,2026-09-24T01:30:00Z
2026-09-24T01:20:39.417+00:00,KXBTC15M-26SEP232130-30,84266.56,0.6900,0.7000,0.6900,981840.14,2026-09-24T01:15:00Z,2026-09-24T01:30:00Z
2026-09-24T01:20:41.553+00:00,KXBTC15M-26SEP232130-30,84266.56,0.6900,0.7000,0.6900,981840.14,2026-09-24T01:15:00Z,2026-09-24T01:30:00Z
2026-09-24T01:20:43.692+00:00,KXBTC15M-26SEP232130-30,84266.56,0.6900,0.7000,0.6900,981840.14,2026-09-24T01:15:00Z,2026-09-24T01:30:00Z
2026-09-24T01:20:45.835+00:00,KXBTC15M-26SEP232130-30,84266.56,0.6900,0.7000,0.6900,981840.14,2026-09-24T01:15:00Z,2026-09-24T01:30:00Z
2026-09-24T01:20:47.973+00:00,KXBTC15M-26SEP232130-30,84266.56,0.6900,0.7000,0.6900,981840.14,2026-09-24T01:15:00Z,2026-09-24T01:30:00Z
2026-09-24T01:20:50.115+00:00,KXBTC15M-26SEP232130-30,84266.56,0.5900,0.6000,0.5900,1014668.87,2026-09-24T01:15:00Z,2026-09-24T01:30:00Z
2026-09-24T01:20:52.253+00:00,KXBTC15M-26SEP232130-30,84266.56,0.5900,0.6000,0.5900,1014668.87,2026-09-24T01:15:00Z,2026-09-24T01:30:00Z
2026-09-24T01:20:54.394+00:00,KXBTC15M-26SEP232130-30,84266.56,0.5900,0.6000,0.5900,1014668.87,2026-09-24T01:15:00Z,2026-09-24T01:30:00Z
2026-09-24T01:20:56.536+00:00,KXBTC15M-26SEP232130-30,84266.56,0.5900,0.6000,0.5900,1014668.87,2026-09-24T01:15:00Z,2026-09-24T01:30:00Z
2026-09-24T01:20:58.676+00:00,KXBTC15M-26SEP232130-30,84266.56,0.5900,0.6000,0.5900,1014668.87,2026-09-24T01:15:00Z,2026-09-24T01:30:00Z
2026-09-24T01:21:00.812+00:00,KXBTC15M-26SEP232130-30,84266.56,0.5900,0.6000,0.5900,1014668.87,2026-09-24T01:15:00Z,2026-09-24T01:30:00Z
2026-09-24T01:21:02.956+00:00,KXBTC15M-26SEP232130-30,84266.56,0.5300,0.5400,0.5400,1041445.31,2026-09-24T01:15:00Z,2026-09-24T01:30:00Z
2026-09-24T01:21:05.095+00:00,KXBTC15M-26SEP232130-30,84266.56,0.5300,0.5400,0.5400,1041445.31,2026-09-24T01:15:00Z,2026-09-24T01:30:00Z
2026-09-24T01:21:07.231+00:00,KXBTC15M-26SEP232130-30,84266.56,0.5300,0.5400,0.5400,1041445.31,2026-09-24T01:15:00Z,2026-09-24T01:30:00Z
2026-09-24T01:21:09.410+00:00,KXBTC15M-26SEP232130-30,84266.56,0.5300,0.5400,0.5400,1041445.31,2026-09-24T01:15:00Z,2026-09-24T01:30:00Z
2026-09-24T01:21:11.615+00:00,KXBTC15M-26SEP232130-30,84266.56,0.4800,0.4900,0.4800,1090365.54,2026-09-24T01:15:00Z,2026-09-24T01:30:00Z
2026-09-24T01:21:14.100+00:00,KXBTC15M-26SEP232130-30,84266.56,0.4800,0.4900,0.4800,1090365.54,2026-09-24T01:15:00Z,2026-09-24T01:30:00Z
2026-09-24T01:21:16.245+00:00,KXBTC15M-26SEP232130-30,84266.56,0.4800,0.4900,0.4800,1090365.54,2026-09-24T01:15:00Z,2026-09-24T01:30:00Z
2026-09-24T01:21:18.385+00:00,KXBTC15M-26SEP232130-30,84266.56,0.4800,0.4900,0.4800,1090365.54,2026-09-24T01:15:00Z,2026-09-24T01:30:00Z
2026-09-24T01:21:20.773+00:00,KXBTC15M-26SEP232130-30,84266.56,0.4800,0.4900,0.4800,1090365.54,2026-09-24T01:15:00Z,2026-09-24T01:30:00Z
2026-09-24T01:21:22.915+00:00,KXBTC15M-26SEP232130-30,84266.56,0.5200,0.5300,0.5200,1118870.65,2026-09-24T01:15:00Z,2026-09-24T01:30:00Z
2026-09-24T01:21:25.054+00:00,KXBTC15M-26SEP232130-30,84266.56,0.5200,0.5300,0.5200,1118870.65,2026-09-24T01:15:00Z,2026-09-24T01:30:00Z
2026-09-24T01:21:27.199+00:00,KXBTC15M-26SEP232130-30,84266.56,0.5200,0.5300,0.5200,1118870.65,2026-09-24T01:15:00Z,2026-09-24T01:30:00Z
2026-09-24T01:21:29.339+00:00,KXBTC15M-26SEP232130-30,84266.56,0.5200,0.5300,0.5200,1118870.65,2026-09-24T01:15:00Z,2026-09-24T01:30:00Z
2026-09-24T01:21:31.479+00:00,KXBTC15M-26SEP232130-30,84266.56,0.5200,0.5300,0.5200,1118870.65,2026-09-24T01:15:00Z,2026-09-24T01:30:00Z
2026-09-24T01:21:33.618+00:00,KXBTC15M-26SEP232130-30,84266.56,0.4600,0.4700,0.4700,1138206.58,2026-09-24T01:15:00Z,2026-09-24T01:30:00Z
2026-09-24T01:21:35.758+00:00,KXBTC15M-26SEP232130-30,84266.56,0.4600,0.4700,0.4700,1138206.58,2026-09-24T01:15:00Z,2026-09-24T01:30:00Z
2026-09-24T01:21:37.900+00:00,KXBTC15M-26SEP232130-30,84266.56,0.4600,0.4700,0.4700,1138206.58,2026-09-24T01:15:00Z,2026-09-24T01:30:00Z
2026-09-24T01:21:40.088+00:00,KXBTC15M-26SEP232130-30,84266.56,0.4600,0.4700,0.4700,1138206.58,2026-09-24T01:15:00Z,2026-09-24T01:30:00Z
2026-09-24T01:21:42.228+00:00,KXBTC15M-26SEP232130-30,84266.56,0.4600,0.4700,0.4700,1138206.58,2026-09-24T01:15:00Z,2026-09-24T01:30:00Z
2026-09-24T01:21:44.366+00:00,KXBTC15M-26SEP232130-30,84266.56,0.4800,0.4900,0.4900,1158267.77,2026-09-24T01:15:00Z,2026-09-24T01:30:00Z
2026-09-24T01:21:46.509+00:00,KXBTC15M-26SEP232130-30,84266.56,0.4800,0.4900,0.4900,1158267.77,2026-09-24T01:15:00Z,2026-09-24T01:30:00Z
2026-09-24T01:21:48.646+00:00,KXBTC15M-26SEP232130-30,84266.56,0.4800,0.4900,0.4900,1158267.77,2026-09-24T01:15:00Z,2026-09-24T01:30:00Z
2026-09-24T01:21:50.786+00:00,KXBTC15M-26SEP232130-30,84266.56,0.4800,0.4900,0.4900,1158267.77,2026-09-24T01:15:00Z,2026-09-24T01:30:00Z
2026-09-24T01:21:52.926+00:00,KXBTC15M-26SEP232130-30,84266.56,0.4800,0.4900,0.4900,1158267.77,2026-09-24T01:15:00Z,2026-09-24T01:30:00Z
2026-09-24T01:21:55.066+00:00,KXBTC15M-26SEP232130-30,84266.56,0.4600,0.4700,0.4700,1169664.56,2026-09-24T01:15:00Z,2026-09-24T01:30:00Z
2026-09-24T01:21:57.202+00:00,KXBTC15M-26SEP232130-30,84266.56,0.4600,0.4700,0.4700,1169664.56,2026-09-24T01:15:00Z,2026-09-24T01:30:00Z
2026-09-24T01:21:59.345+00:00,KXBTC15M-26SEP232130-30,84266.56,0.4600,0.4700,0.4700,1169664.56,2026-09-24T01:15:00Z,2026-09-24T01:30:00Z
2026-09-24T01:22:01.485+00:00,KXBTC15M-26SEP232130-30,84266.56,0.4600,0.4700,0.4700,1169664.56,2026-09-24T01:15:00Z,2026-09-24T01:30:00Z
2026-09-24T01:22:03.630+00:00,KXBTC15M-26SEP232130-30,84266.56,0.4600,0.4700,0.4700,1169664.56,2026-09-24T01:15:00Z,2026-09-24T01:30:00Z
2026-09-24T01:22:05.771+00:00,KXBTC15M-26SEP232130-30,84266.56,0.4300,0.4400,0.4300,1191394.13,2026-09-24T01:15:00Z,2026-09-24T01:30:00Z
2026-09-24T01:22:07.912+00:00,KXBTC15M-26SEP232130-30,84266.56,0.4300,0.4400,0.4300,1191394.13,2026-09-24T01:15:00Z,2026-09-24T01:30:00Z
2026-09-24T01:22:10.077+00:00,KXBTC15M-26SEP232130-30,84266.56,0.4300,0.4400,0.4300,1191394.13,2026-09-24T01:15:00Z,2026-09-24T01:30:00Z
2026-09-24T01:22:12.223+00:00,KXBTC15M-26SEP232130-30,84266.56,0.4300,0.4400,0.4300,1191394.13,2026-09-24T01:15:00Z,2026-09-24T01:30:00Z
2026-09-24T01:22:14.378+00:00,KXBTC15M-26SEP232130-30,84266.56,0.4300,0.4400,0.4300,1191394.13,2026-09-24T01:15:00Z,2026-09-24T01:30:00Z
2026-09-24T01:22:16.757+00:00,KXBTC15M-26SEP232130-30,84266.56,0.4400,0.4500,0.4400,1207770.66,2026-09-24T01:15:00Z,2026-09-24T01:30:00Z
2026-09-24T01:22:18.898+00:00,KXBTC15M-26SEP232130-30,84266.56,0.4400,0.4500,0.4400,1207770.66,2026-09-24T01:15:00Z,2026-09-24T01:30:00Z
2026-09-24T01:22:21.271+00:00,KXBTC15M-26SEP232130-30,84266.56,0.4400,0.4500,0.4400,1207770.66,2026-09-24T01:15:00Z,2026-09-24T01:30:00Z
2026-09-24T01:22:23.413+00:00,KXBTC15M-26SEP232130-30,84266.56,0.4400,0.4500,0.4400,1207770.66,2026-09-24T01:15:00Z,2026-09-24T01:30:00Z
2026-09-24T01:22:25.557+00:00,KXBTC15M-26SEP232130-30,84266.56,0.4400,0.4500,0.4400,1207770.66,2026-09-24T01:15:00Z,2026-09-24T01:30:00Z
2026-09-24T01:22:27.703+00:00,KXBTC15M-26SEP232130-30,84266.56,0.4400,0.4500,0.4400,1207770.66,2026-09-24T01:15:00Z,2026-09-24T01:30:00Z
2026-09-24T01:22:29.846+00:00,KXBTC15M-26SEP232130-30,84266.56,0.3700,0.3800,0.3700,1227565.74,2026-09-24T01:15:00Z,2026-09-24T01:30:00Z
2026-09-24T01:22:31.992+00:00,KXBTC15M-26SEP232130-30,84266.56,0.3700,0.3800,0.3700,1227565.74,2026-09-24T01:15:00Z,2026-09-24T01:30:00Z
2026-09-24T01:22:34.137+00:00,KXBTC15M-26SEP232130-30,84266.56,0.3700,0.3800,0.3700,1227565.74,2026-09-24T01:15:00Z,2026-09-24T01:30:00Z
2026-09-24T01:22:36.279+00:00,KXBTC15M-26SEP232130-30,84266.56,0.3700,0.3800,0.3700,1227565.74,2026-09-24T01:15:00Z,2026-09-24T01:30:00Z
2026-09-24T01:22:38.417+00:00,KXBTC15M-26SEP232130-30,84266.56,0.3800,0.3900,0.3800,1247967.98,2026-09-24T01:15:00Z,2026-09-24T01:30:00Z
2026-09-24T01:22:40.568+00:00,KXBTC15M-26SEP232130-30,84266.56,0.3800,0.3900,0.3800,1247967.98,2026-09-24T01:15:00Z,2026-09-24T01:30:00Z
2026-09-24T01:22:42.715+00:00,KXBTC15M-26SEP232130-30,84266.56,0.3800,0.3900,0.3800,1247967.98,2026-09-24T01:15:00Z,2026-09-24T01:30:00Z
2026-09-24T01:22:44.865+00:00,KXBTC15M-26SEP232130-30,84266.56,0.3800,0.3900,0.3800,1247967.98,2026-09-24T01:15:00Z,2026-09-24T01:30:00Z
2026-09-24T01:22:47.004+00:00,KXBTC15M-26SEP232130-30,84266.56,0.3800,0.3900,0.3800,1247967.98,2026-09-24T01:15:00Z,2026-09-24T01:30:00Z
2026-09-24T01:22:49.149+00:00,KXBTC15M-26SEP232130-30,84266.56,0.3800,0.3900,0.3800,1247967.98,2026-09-24T01:15:00Z,2026-09-24T01:30:00Z
2026-09-24T01:22:51.285+00:00,KXBTC15M-26SEP232130-30,84266.56,0.3500,0.3600,0.3600,1260201.01,2026-09-24T01:15:00Z,2026-09-24T01:30:00Z
2026-09-24T01:22:53.486+00:00,KXBTC15M-26SEP232130-30,84266.56,0.3500,0.3600,0.3600,1260201.01,2026-09-24T01:15:00Z,2026-09-24T01:30:00Z
2026-09-24T01:22:55.625+00:00,KXBTC15M-26SEP232130-30,84266.56,0.3500,0.3600,0.3600,1260201.01,2026-09-24T01:15:00Z,2026-09-24T01:30:00Z
2026-09-24T01:22:57.767+00:00,KXBTC15M-26SEP232130-30,84266.56,0.3500,0.3600,0.3600,1260201.01,2026-09-24T01:15:00Z,2026-09-24T01:30:00Z
2026-09-24T01:22:59.907+00:00,KXBTC15M-26SEP232130-30,84266.56,0.3500,0.3600,0.3600,1260201.01,2026-09-24T01:15:00Z,2026-09-24T01:30:00Z
2026-09-24T01:23:02.065+00:00,KXBTC15M-26SEP232130-30,84266.56,0.3000,0.3100,0.3100,1298685.46,2026-09-24T01:15:00Z,2026-09-24T01:30:00Z
2026-09-24T01:23:04.205+00:00,KXBTC15M-26SEP232130-30,84266.56,0.3000,0.3100,0.3100,1298685.46,2026-09-24T01:15:00Z,2026-09-24T01:30:00Z
2026-09-24T01:23:06.350+00:00,KXBTC15M-26SEP232130-30,84266.56,0.3000,0.3100,0.3100,1298685.46,2026-09-24T01:15:00Z,2026-09-24T01:30:00Z
2026-09-24T01:23:08.502+00:00,KXBTC15M-26SEP232130-30,84266.56,0.3000,0.3100,0.3100,1298685.46,2026-09-24T01:15:00Z,2026-09-24T01:30:00Z
2026-09-24T01:23:10.651+00:00,KXBTC15M-26SEP232130-30,84266.56,0.3000,0.3100,0.3100,1298685.46,2026-09-24T01:15:00Z,2026-09-24T01:30:00Z
2026-09-24T01:23:12.789+00:00,KXBTC15M-26SEP232130-30,84266.56,0.3400,0.3500,0.3600,1334140.47,2026-09-24T01:15:00Z,2026-09-24T01:30:00Z
2026-09-24T01:23:14.930+00:00,KXBTC15M-26SEP232130-30,84266.56,0.3400,0.3500,0.3600,1334140.47,2026-09-24T01:15:00Z,2026-09-24T01:30:00Z
2026-09-24T01:23:17.068+00:00,KXBTC15M-26SEP232130-30,84266.56,0.3400,0.3500,0.3600,1334140.47,2026-09-24T01:15:00Z,2026-09-24T01:30:00Z
2026-09-24T01:23:19.206+00:00,KXBTC15M-26SEP232130-30,84266.56,0.3400,0.3500,0.3600,1334140.47,2026-09-24T01:15:00Z,2026-09-24T01:30:00Z
2026-09-24T01:23:21.344+00:00,KXBTC15M-26SEP232130-30,84266.56,0.3400,0.3500,0.3600,1334140.47,2026-09-24T01:15:00Z,2026-09-24T01:30:00Z
2026-09-24T01:23:23.485+00:00,KXBTC15M-26SEP232130-30,84266.56,0.3100,0.3200,0.3200,1356113.51,2026-09-24T01:15:00Z,2026-09-24T01:30:00Z
2026-09-24T01:23:25.628+00:00,KXBTC15M-26SEP232130-30,84266.56,0.3100,0.3200,0.3200,1356113.51,2026-09-24T01:15:00Z,2026-09-24T01:30:00Z
2026-09-24T01:23:27.771+00:00,KXBTC15M-26SEP232130-30,84266.56,0.3100,0.3200,0.3200,1356113.51,2026-09-24T01:15:00Z,2026-09-24T01:30:00Z
2026-09-24T01:23:29.917+00:00,KXBTC15M-26SEP232130-30,84266.56,0.3100,0.3200,0.3200,1356113.51,2026-09-24T01:15:00Z,2026-09-24T01:30:00Z
2026-09-24T01:23:32.058+00:00,KXBTC15M-26SEP232130-30,84266.56,0.3100,0.3200,0.3200,1356113.51,2026-09-24T01:15:00Z,2026-09-24T01:30:00Z
2026-09-24T01:23:34.196+00:00,KXBTC15M-26SEP232130-30,84266.56,0.3700,0.3800,0.3700,1377627.57,2026-09-24T01:15:00Z,2026-09-24T01:30:00Z
2026-09-24T01:23:36.337+00:00,KXBTC15M-26SEP232130-30,84266.56,0.3700,0.3800,0.3700,1377627.57,2026-09-24T01:15:00Z,2026-09-24T01:30:00Z
2026-09-24T01:23:38.555+00:00,KXBTC15M-26SEP232130-30,84266.56,0.3700,0.3800,0.3700,1377627.57,2026-09-24T01:15:00Z,2026-09-24T01:30:00Z
2026-09-24T01:23:40.711+00:00,KXBTC15M-26SEP232130-30,84266.56,0.3700,0.3800,0.3700,1377627.57,2026-09-24T01:15:00Z,2026-09-24T01:30:00Z
2026-09-24T01:23:42.854+00:00,KXBTC15M-26SEP232130-30,84266.56,0.3700,0.3800,0.3700,1377627.57,2026-09-24T01:15:00Z,2026-09-24T01:30:00Z
2026-09-24T01:23:44.994+00:00,KXBTC15M-26SEP232130-30,84266.56,0.3600,0.3700,0.3700,1395072.60,2026-09-24T01:15:00Z,2026-09-24T01:30:00Z
2026-09-24T01:23:47.136+00:00,KXBTC15M-26SEP232130-30,84266.56,0.3600,0.3700,0.3700,1395072.60,2026-09-24T01:15:00Z,2026-09-24T01:30:00Z
2026-09-24T01:23:49.272+00:00,KXBTC15M-26SEP232130-30,84266.56,0.3600,0.3700,0.3700,1395072.60,2026-09-24T01:15:00Z,2026-09-24T01:30:00Z
2026-09-24T01:23:51.409+00:00,KXBTC15M-26SEP232130-30,84266.56,0.3600,0.3700,0.3700,1395072.60,2026-09-24T01:15:00Z,2026-09-24T01:30:00Z
2026-09-24T01:23:53.740+00:00,KXBTC15M-26SEP232130-30,84266.56,0.3600,0.3700,0.3700,1395072.60,2026-09-24T01:15:00Z,2026-09-24T01:30:00Z
2026-09-24T01:23:55.891+00:00,KXBTC15M-26SEP232130-30,84266.56,0.3300,0.3400,0.3400,1414188.86,2026-09-24T01:15:00Z,2026-09-24T01:30:00Z
2026-09-24T01:23:58.033+00:00,KXBTC15M-26SEP232130-30,84266.56,0.3300,0.3400,0.3400,1414188.86,2026-09-24T01:15:00Z,2026-09-24T01:30:00Z
2026-09-24T01:24:00.178+00:00,KXBTC15M-26SEP232130-30,84266.56,0.3300,0.3400,0.3400,1414188.86,2026-09-24T01:15:00Z,2026-09-24T01:30:00Z
2026-09-24T01:24:02.320+00:00,KXBTC15M-26SEP232130-30,84266.56,0.3300,0.3400,0.3400,1414188.86,2026-09-24T01:15:00Z,2026-09-24T01:30:00Z
2026-09-24T01:24:04.461+00:00,KXBTC15M-26SEP232130-30,84266.56,0.3300,0.3400,0.3400,1414188.86,2026-09-24T01:15:00Z,2026-09-24T01:30:00Z
2026-09-24T01:24:06.603+00:00,KXBTC15M-26SEP232130-30,84266.56,0.4500,0.4600,0.4600,1439787.22,2026-09-24T01:15:00Z,2026-09-24T01:30:00Z
2026-09-24T01:24:08.744+00:00,KXBTC15M-26SEP232130-30,84266.56,0.4500,0.4600,0.4600,1439787.22,2026-09-24T01:15:00Z,2026-09-24T01:30:00Z
2026-09-24T01:24:10.891+00:00,KXBTC15M-26SEP232130-30,84266.56,0.4500,0.4600,0.4600,1439787.22,2026-09-24T01:15:00Z,2026-09-24T01:30:00Z
2026-09-24T01:24:13.030+00:00,KXBTC15M-26SEP232130-30,84266.56,0.4500,0.4600,0.4600,1439787.22,2026-09-24T01:15:00Z,2026-09-24T01:30:00Z
2026-09-24T01:24:15.225+00:00,KXBTC15M-26SEP232130-30,84266.56,0.4500,0.4600,0.4600,1439787.22,2026-09-24T01:15:00Z,2026-09-24T01:30:00Z
2026-09-24T01:24:17.364+00:00,KXBTC15M-26SEP232130-30,84266.56,0.5800,0.5900,0.5800,1493378.24,2026-09-24T01:15:00Z,2026-09-24T01:30:00Z
2026-09-24T01:24:19.510+00:00,KXBTC15M-26SEP232130-30,84266.56,0.5800,0.5900,0.5800,1493378.24,2026-09-24T01:15:00Z,2026-09-24T01:30:00Z
2026-09-24T01:24:21.650+00:00,KXBTC15M-26SEP232130-30,84266.56,0.5800,0.5900,0.5800,1493378.24,2026-09-24T01:15:00Z,2026-09-24T01:30:00Z
2026-09-24T01:24:23.793+00:00,KXBTC15M-26SEP232130-30,84266.56,0.5800,0.5900,0.5800,1493378.24,2026-09-24T01:15:00Z,2026-09-24T01:30:00Z
2026-09-24T01:24:25.933+00:00,KXBTC15M-26SEP232130-30,84266.56,0.5800,0.5900,0.5800,1493378.24,2026-09-24T01:15:00Z,2026-09-24T01:30:00Z
2026-09-24T01:24:28.069+00:00,KXBTC15M-26SEP232130-30,84266.56,0.6900,0.7000,0.6900,1546973.86,2026-09-24T01:15:00Z,2026-09-24T01:30:00Z
2026-09-24T01:24:30.213+00:00,KXBTC15M-26SEP232130-30,84266.56,0.6900,0.7000,0.6900,1546973.86,2026-09-24T01:15:00Z,2026-09-24T01:30:00Z
2026-09-24T01:24:32.354+00:00,KXBTC15M-26SEP232130-30,84266.56,0.6900,0.7000,0.6900,1546973.86,2026-09-24T01:15:00Z,2026-09-24T01:30:00Z
2026-09-24T01:24:34.519+00:00,KXBTC15M-26SEP232130-30,84266.56,0.6900,0.7000,0.6900,1546973.86,2026-09-24T01:15:00Z,2026-09-24T01:30:00Z
2026-09-24T01:24:36.657+00:00,KXBTC15M-26SEP232130-30,84266.56,0.6900,0.7000,0.6900,1546973.86,2026-09-24T01:15:00Z,2026-09-24T01:30:00Z
2026-09-24T01:24:38.798+00:00,KXBTC15M-26SEP232130-30,84266.56,0.6900,0.7000,0.6900,1546973.86,2026-09-24T01:15:00Z,2026-09-24T01:30:00Z
2026-09-24T01:24:40.950+00:00,KXBTC15M-26SEP232130-30,84266.56,0.7400,0.7500,0.7400,1650550.06,2026-09-24T01:15:00Z,2026-09-24T01:30:00Z
2026-09-24T01:24:43.090+00:00,KXBTC15M-26SEP232130-30,84266.56,0.7400,0.7500,0.7400,1650550.06,2026-09-24T01:15:00Z,2026-09-24T01:30:00Z
2026-09-24T01:24:45.227+00:00,KXBTC15M-26SEP232130-30,84266.56,0.7400,0.7500,0.7400,1650550.06,2026-09-24T01:15:00Z,2026-09-24T01:30:00Z
2026-09-24T01:24:47.623+00:00,KXBTC15M-26SEP232130-30,84266.56,0.7400,0.7500,0.7400,1650550.06,2026-09-24T01:15:00Z,2026-09-24T01:30:00Z
2026-09-24T01:24:49.760+00:00,KXBTC15M-26SEP232130-30,84266.56,0.7400,0.7500,0.7400,1650550.06,2026-09-24T01:15:00Z,2026-09-24T01:30:00Z
2026-09-24T01:24:51.908+00:00,KXBTC15M-26SEP232130-30,84266.56,0.7100,0.7200,0.7100,1709549.30,2026-09-24T01:15:00Z,2026-09-24T01:30:00Z
2026-09-24T01:24:54.048+00:00,KXBTC15M-26SEP232130-30,84266.56,0.7100,0.7200,0.7100,1709549.30,2026-09-24T01:15:00Z,2026-09-24T01:30:00Z
2026-09-24T01:24:56.194+00:00,KXBTC15M-26SEP232130-30,84266.56,0.7100,0.7200,0.7100,1709549.30,2026-09-24T01:15:00Z,2026-09-24T01:30:00Z
2026-09-24T01:24:58.331+00:00,KXBTC15M-26SEP232130-30,84266.56,0.7100,0.7200,0.7100,1709549.30,2026-09-24T01:15:00Z,2026-09-24T01:30:00Z
2026-09-24T01:25:00.508+00:00,KXBTC15M-26SEP232130-30,84266.56,0.7100,0.7200,0.7100,1709549.30,2026-09-24T01:15:00Z,2026-09-24T01:30:00Z
2026-09-24T01:25:02.647+00:00,KXBTC15M-26SEP232130-30,84266.56,0.7100,0.7200,0.7100,1753957.59,2026-09-24T01:15:00Z,2026-09-24T01:30:00Z
2026-09-24T01:25:04.784+00:00,KXBTC15M-26SEP232130-30,84266.56,0.7100,0.7200,0.7100,1753957.59,2026-09-24T01:15:00Z,2026-09-24T01:30:00Z
2026-09-24T01:25:06.925+00:00,KXBTC15M-26SEP232130-30,84266.56,0.7100,0.7200,0.7100,1753957.59,2026-09-24T01:15:00Z,2026-09-24T01:30:00Z
2026-09-24T01:25:09.314+00:00,KXBTC15M-26SEP232130-30,84266.56,0.7100,0.7200,0.7100,1753957.59,2026-09-24T01:15:00Z,2026-09-24T01:30:00Z
2026-09-24T01:25:11.462+00:00,KXBTC15M-26SEP232130-30,84266.56,0.7100,0.7200,0.7100,1753957.59,2026-09-24T01:15:00Z,2026-09-24T01:30:00Z
2026-09-24T01:25:13.597+00:00,KXBTC15M-26SEP232130-30,84266.56,0.4500,0.4600,0.4600,1816327.89,2026-09-24T01:15:00Z,2026-09-24T01:30:00Z
2026-09-24T01:25:15.740+00:00,KXBTC15M-26SEP232130-30,84266.56,0.4500,0.4600,0.4600,1816327.89,2026-09-24T01:15:00Z,2026-09-24T01:30:00Z
2026-09-24T01:25:17.878+00:00,KXBTC15M-26SEP232130-30,84266.56,0.4500,0.4600,0.4600,1816327.89,2026-09-24T01:15:00Z,2026-09-24T01:30:00Z
2026-09-24T01:25:20.018+00:00,KXBTC15M-26SEP232130-30,84266.56,0.4500,0.4600,0.4600,1816327.89,2026-09-24T01:15:00Z,2026-09-24T01:30:00Z
2026-09-24T01:25:22.162+00:00,KXBTC15M-26SEP232130-30,84266.56,0.4500,0.4600,0.4600,1816327.89,2026-09-24T01:15:00Z,2026-09-24T01:30:00Z
2026-09-24T01:25:24.300+00:00,KXBTC15M-26SEP232130-30,84266.56,0.3700,0.3800,0.3700,1848214.60,2026-09-24T01:15:00Z,2026-09-24T01:30:00Z
2026-09-24T01:25:26.440+00:00,KXBTC15M-26SEP232130-30,84266.56,0.3700,0.3800,0.3700,1848214.60,2026-09-24T01:15:00Z,2026-09-24T01:30:00Z
2026-09-24T01:25:28.582+00:00,KXBTC15M-26SEP232130-30,84266.56,0.3700,0.3800,0.3700,1848214.60,2026-09-24T01:15:00Z,2026-09-24T01:30:00Z
2026-09-24T01:25:30.727+00:00,KXBTC15M-26SEP232130-30,84266.56,0.3700,0.3800,0.3700,1848214.60,2026-09-24T01:15:00Z,2026-09-24T01:30:00Z
2026-09-24T01:25:32.870+00:00,KXBTC15M-26SEP232130-30,84266.56,0.3700,0.3800,0.3700,1848214.60,2026-09-24T01:15:00Z,2026-09-24T01:30:00Z
2026-09-24T01:25:35.011+00:00,KXBTC15M-26SEP232130-30,84266.56,0.2600,0.2700,0.2700,1890359.97,2026-09-24T01:15:00Z,2026-09-24T01:30:00Z
2026-09-24T01:25:37.149+00:00,KXBTC15M-26SEP232130-30,84266.56,0.2600,0.2700,0.2700,1890359.97,2026-09-24T01:15:00Z,2026-09-24T01:30:00Z
2026-09-24T01:25:39.291+00:00,KXBTC15M-26SEP232130-30,84266.56,0.2600,0.2700,0.2700,1890359.97,2026-09-24T01:15:00Z,2026-09-24T01:30:00Z
2026-09-24T01:25:41.679+00:00,KXBTC15M-26SEP232130-30,84266.56,0.2600,0.2700,0.2700,1890359.97,2026-09-24T01:15:00Z,2026-09-24T01:30:00Z
2026-09-24T01:25:44.073+00:00,KXBTC15M-26SEP232130-30,84266.56,0.2600,0.2700,0.2700,1890359.97,2026-09-24T01:15:00Z,2026-09-24T01:30:00Z
2026-09-24T01:25:46.210+00:00,KXBTC15M-26SEP232130-30,84266.56,0.2700,0.2800,0.2700,1938307.20,2026-09-24T01:15:00Z,2026-09-24T01:30:00Z
2026-09-24T01:25:48.352+00:00,KXBTC15M-26SEP232130-30,84266.56,0.2700,0.2800,0.2700,1938307.20,2026-09-24T01:15:00Z,2026-09-24T01:30:00Z
2026-09-24T01:25:50.603+00:00,KXBTC15M-26SEP232130-30,84266.56,0.2700,0.2800,0.2700,1938307.20,2026-09-24T01:15:00Z,2026-09-24T01:30:00Z
2026-09-24T01:25:52.744+00:00,KXBTC15M-26SEP232130-30,84266.56,0.2700,0.2800,0.2700,1938307.20,2026-09-24T01:15:00Z,2026-09-24T01:30:00Z
2026-09-24T01:25:55.096+00:00,KXBTC15M-26SEP232130-30,84266.56,0.2700,0.2800,0.2700,1938307.20,2026-09-24T01:15:00Z,2026-09-24T01:30:00Z
2026-09-24T01:25:57.242+00:00,KXBTC15M-26SEP232130-30,84266.56,0.2700,0.2800,0.2700,1938307.20,2026-09-24T01:15:00Z,2026-09-24T01:30:00Z
2026-09-24T01:25:59.380+00:00,KXBTC15M-26SEP232130-30,84266.56,0.2700,0.2800,0.2700,1966361.33,2026-09-24T01:15:00Z,2026-09-24T01:30:00Z
2026-09-24T01:26:01.517+00:00,KXBTC15M-26SEP232130-30,84266.56,0.2700,0.2800,0.2700,1966361.33,2026-09-24T01:15:00Z,2026-09-24T01:30:00Z
2026-09-24T01:26:03.669+00:00,KXBTC15M-26SEP232130-30,84266.56,0.2700,0.2800,0.2700,1966361.33,2026-09-24T01:15:00Z,2026-09-24T01:30:00Z
2026-09-24T01:26:05.813+00:00,KXBTC15M-26SEP232130-30,84266.56,0.2700,0.2800,0.2700,1966361.33,2026-09-24T01:15:00Z,2026-09-24T01:30:00Z
2026-09-24T01:26:08.026+00:00,KXBTC15M-26SEP232130-30,84266.56,0.2700,0.2800,0.2700,1966361.33,2026-09-24T01:15:00Z,2026-09-24T01:30:00Z
2026-09-24T01:26:10.168+00:00,KXBTC15M-26SEP232130-30,84266.56,0.2700,0.2800,0.2700,1995208.75,2026-09-24T01:15:00Z,2026-09-24T01:30:00Z
2026-09-24T01:26:12.343+00:00,KXBTC15M-26SEP232130-30,84266.56,0.2700,0.2800,0.2700,1995208.75,2026-09-24T01:15:00Z,2026-09-24T01:30:00Z
2026-09-24T01:26:14.490+00:00,KXBTC15M-26SEP232130-30,84266.56,0.2700,0.2800,0.2700,1995208.75,2026-09-24T01:15:00Z,2026-09-24T01:30:00Z
2026-09-24T01:26:16.630+00:00,KXBTC15M-26SEP232130-30,84266.56,0.2700,0.2800,0.2700,1995208.75,2026-09-24T01:15:00Z,2026-09-24T01:30:00Z
2026-09-24T01:26:19.017+00:00,KXBTC15M-26SEP232130-30,84266.56,0.2700,0.2800,0.2700,1995208.75,2026-09-24T01:15:00Z,2026-09-24T01:30:00Z
2026-09-24T01:26:21.157+00:00,KXBTC15M-26SEP232130-30,84266.56,0.2900,0.3000,0.3000,2019978.43,2026-09-24T01:15:00Z,2026-09-24T01:30:00Z
2026-09-24T01:26:23.296+00:00,KXBTC15M-26SEP232130-30,84266.56,0.2900,0.3000,0.3000,2019978.43,2026-09-24T01:15:00Z,2026-09-24T01:30:00Z
2026-09-24T01:26:25.438+00:00,KXBTC15M-26SEP232130-30,84266.56,0.2900,0.3000,0.3000,2019978.43,2026-09-24T01:15:00Z,2026-09-24T01:30:00Z
2026-09-24T01:26:27.580+00:00,KXBTC15M-26SEP232130-30,84266.56,0.2900,0.3000,0.3000,2019978.43,2026-09-24T01:15:00Z,2026-09-24T01:30:00Z
2026-09-24T01:26:29.718+00:00,KXBTC15M-26SEP232130-30,84266.56,0.2900,0.3000,0.3000,2019978.43,2026-09-24T01:15:00Z,2026-09-24T01:30:00Z
2026-09-24T01:26:31.852+00:00,KXBTC15M-26SEP232130-30,84266.56,0.2200,0.2300,0.2300,2054820.90,2026-09-24T01:15:00Z,2026-09-24T01:30:00Z
2026-09-24T01:26:33.994+00:00,KXBTC15M-26SEP232130-30,84266.56,0.2200,0.2300,0.2300,2054820.90,2026-09-24T01:15:00Z,2026-09-24T01:30:00Z
2026-09-24T01:26:36.135+00:00,KXBTC15M-26SEP232130-30,84266.56,0.2200,0.2300,0.2300,2054820.90,2026-09-24T01:15:00Z,2026-09-24T01:30:00Z
2026-09-24T01:26:38.275+00:00,KXBTC15M-26SEP232130-30,84266.56,0.2200,0.2300,0.2300,2054820.90,2026-09-24T01:15:00Z,2026-09-24T01:30:00Z
2026-09-24T01:26:40.421+00:00,KXBTC15M-26SEP232130-30,84266.56,0.2200,0.2300,0.2300,2054820.90,2026-09-24T01:15:00Z,2026-09-24T01:30:00Z
2026-09-24T01:26:42.556+00:00,KXBTC15M-26SEP232130-30,84266.56,0.1400,0.1500,0.1500,2132222.22,2026-09-24T01:15:00Z,2026-09-24T01:30:00Z
2026-09-24T01:26:44.703+00:00,KXBTC15M-26SEP232130-30,84266.56,0.1400,0.1500,0.1500,2132222.22,2026-09-24T01:15:00Z,2026-09-24T01:30:00Z
2026-09-24T01:26:46.842+00:00,KXBTC15M-26SEP232130-30,84266.56,0.1400,0.1500,0.1500,2132222.22,2026-09-24T01:15:00Z,2026-09-24T01:30:00Z
2026-09-24T01:26:48.982+00:00,KXBTC15M-26SEP232130-30,84266.56,0.1400,0.1500,0.1500,2132222.22,2026-09-24T01:15:00Z,2026-09-24T01:30:00Z
2026-09-24T01:26:51.123+00:00,KXBTC15M-26SEP232130-30,84266.56,0.1400,0.1500,0.1500,2132222.22,2026-09-24T01:15:00Z,2026-09-24T01:30:00Z
2026-09-24T01:26:53.266+00:00,KXBTC15M-26SEP232130-30,84266.56,0.1400,0.1500,0.1500,2132222.22,2026-09-24T01:15:00Z,2026-09-24T01:30:00Z
2026-09-24T01:26:55.405+00:00,KXBTC15M-26SEP232130-30,84266.56,0.2200,0.2300,0.2300,2183596.21,2026-09-24T01:15:00Z,2026-09-24T01:30:00Z
2026-09-24T01:26:57.541+00:00,KXBTC15M-26SEP232130-30,84266.56,0.2200,0.2300,0.2300,2183596.21,2026-09-24T01:15:00Z,2026-09-24T01:30:00Z
2026-09-24T01:26:59.856+00:00,KXBTC15M-26SEP232130-30,84266.56,0.2200,0.2300,0.2300,2183596.21,2026-09-24T01:15:00Z,2026-09-24T01:30:00Z
2026-09-24T01:27:01.998+00:00,KXBTC15M-26SEP232130-30,84266.56,0.2200,0.2300,0.2300,2183596.21,2026-09-24T01:15:00Z,2026-09-24T01:30:00Z
2026-09-24T01:27:04.138+00:00,KXBTC15M-26SEP232130-30,84266.56,0.2200,0.2300,0.2300,2183596.21,2026-09-24T01:15:00Z,2026-09-24T01:30:00Z
2026-09-24T01:27:06.280+00:00,KXBTC15M-26SEP232130-30,84266.56,0.2100,0.2200,0.2200,2220609.02,2026-09-24T01:15:00Z,2026-09-24T01:30:00Z
2026-09-24T01:27:08.424+00:00,KXBTC15M-26SEP232130-30,84266.56,0.2100,0.2200,0.2200,2220609.02,2026-09-24T01:15:00Z,2026-09-24T01:30:00Z
2026-09-24T01:27:10.569+00:00,KXBTC15M-26SEP232130-30,84266.56,0.2100,0.2200,0.2200,2220609.02,2026-09-24T01:15:00Z,2026-09-24T01:30:00Z
2026-09-24T01:27:12.711+00:00,KXBTC15M-26SEP232130-30,84266.56,0.2100,0.2200,0.2200,2220609.02,2026-09-24T01:15:00Z,2026-09-24T01:30:00Z
2026-09-24T01:27:14.883+00:00,KXBTC15M-26SEP232130-30,84266.56,0.2100,0.2200,0.2200,2220609.02,2026-09-24T01:15:00Z,2026-09-24T01:30:00Z
2026-09-24T01:27:17.023+00:00,KXBTC15M-26SEP232130-30,84266.56,0.3200,0.3300,0.3200,2260188.14,2026-09-24T01:15:00Z,2026-09-24T01:30:00Z
2026-09-24T01:27:19.162+00:00,KXBTC15M-26SEP232130-30,84266.56,0.3200,0.3300,0.3200,2260188.14,2026-09-24T01:15:00Z,2026-09-24T01:30:00Z
2026-09-24T01:27:21.301+00:00,KXBTC15M-26SEP232130-30,84266.56,0.3200,0.3300,0.3200,2260188.14,2026-09-24T01:15:00Z,2026-09-24T01:30:00Z
2026-09-24T01:27:23.441+00:00,KXBTC15M-26SEP232130-30,84266.56,0.3200,0.3300,0.3200,2260188.14,2026-09-24T01:15:00Z,2026-09-24T01:30:00Z
2026-09-24T01:27:25.578+00:00,KXBTC15M-26SEP232130-30,84266.56,0.3200,0.3300,0.3200,2260188.14,2026-09-24T01:15:00Z,2026-09-24T01:30:00Z
2026-09-24T01:27:27.718+00:00,KXBTC15M-26SEP232130-30,84266.56,0.4300,0.4400,0.4400,2310435.94,2026-09-24T01:15:00Z,2026-09-24T01:30:00Z
2026-09-24T01:27:29.859+00:00,KXBTC15M-26SEP232130-30,84266.56,0.4300,0.4400,0.4400,2310435.94,2026-09-24T01:15:00Z,2026-09-24T01:30:00Z
2026-09-24T01:27:31.998+00:00,KXBTC15M-26SEP232130-30,84266.56,0.4300,0.4400,0.4400,2310435.94,2026-09-24T01:15:00Z,2026-09-24T01:30:00Z
2026-09-24T01:27:34.141+00:00,KXBTC15M-26SEP232130-30,84266.56,0.4300,0.4400,0.4400,2310435.94,2026-09-24T01:15:00Z,2026-09-24T01:30:00Z
2026-09-24T01:27:36.279+00:00,KXBTC15M-26SEP232130-30,84266.56,0.4300,0.4400,0.4400,2310435.94,2026-09-24T01:15:00Z,2026-09-24T01:30:00Z
2026-09-24T01:27:38.426+00:00,KXBTC15M-26SEP232130-30,84266.56,0.4300,0.4400,0.4400,2310435.94,2026-09-24T01:15:00Z,2026-09-24T01:30:00Z
2026-09-24T01:27:40.565+00:00,KXBTC15M-26SEP232130-30,84266.56,0.4200,0.4300,0.4300,2347784.58,2026-09-24T01:15:00Z,2026-09-24T01:30:00Z
2026-09-24T01:27:42.829+00:00,KXBTC15M-26SEP232130-30,84266.56,0.4200,0.4300,0.4300,2347784.58,2026-09-24T01:15:00Z,2026-09-24T01:30:00Z
2026-09-24T01:27:44.982+00:00,KXBTC15M-26SEP232130-30,84266.56,0.4200,0.4300,0.4300,2347784.58,2026-09-24T01:15:00Z,2026-09-24T01:30:00Z
2026-09-24T01:27:47.134+00:00,KXBTC15M-26SEP232130-30,84266.56,0.4200,0.4300,0.4300,2347784.58,2026-09-24T01:15:00Z,2026-09-24T01:30:00Z
2026-09-24T01:27:49.278+00:00,KXBTC15M-26SEP232130-30,84266.56,0.4200,0.4300,0.4300,2347784.58,2026-09-24T01:15:00Z,2026-09-24T01:30:00Z
2026-09-24T01:27:51.423+00:00,KXBTC15M-26SEP232130-30,84266.56,0.4700,0.4800,0.4700,2379020.81,2026-09-24T01:15:00Z,2026-09-24T01:30:00Z
2026-09-24T01:27:53.561+00:00,KXBTC15M-26SEP232130-30,84266.56,0.4700,0.4800,0.4700,2379020.81,2026-09-24T01:15:00Z,2026-09-24T01:30:00Z
2026-09-24T01:27:55.705+00:00,KXBTC15M-26SEP232130-30,84266.56,0.4700,0.4800,0.4700,2379020.81,2026-09-24T01:15:00Z,2026-09-24T01:30:00Z
2026-09-24T01:27:57.855+00:00,KXBTC15M-26SEP232130-30,84266.56,0.4700,0.4800,0.4700,2379020.81,2026-09-24T01:15:00Z,2026-09-24T01:30:00Z
2026-09-24T01:27:59.995+00:00,KXBTC15M-26SEP232130-30,84266.56,0.4700,0.4800,0.4700,2379020.81,2026-09-24T01:15:00Z,2026-09-24T01:30:00Z
2026-09-24T01:28:02.135+00:00,KXBTC15M-26SEP232130-30,84266.56,0.5200,0.5300,0.5200,2437336.59,2026-09-24T01:15:00Z,2026-09-24T01:30:00Z
2026-09-24T01:28:04.294+00:00,KXBTC15M-26SEP232130-30,84266.56,0.5200,0.5300,0.5200,2437336.59,2026-09-24T01:15:00Z,2026-09-24T01:30:00Z
2026-09-24T01:28:06.434+00:00,KXBTC15M-26SEP232130-30,84266.56,0.5200,0.5300,0.5200,2437336.59,2026-09-24T01:15:00Z,2026-09-24T01:30:00Z
2026-09-24T01:28:08.575+00:00,KXBTC15M-26SEP232130-30,84266.56,0.5200,0.5300,0.5200,2437336.59,2026-09-24T01:15:00Z,2026-09-24T01:30:00Z
2026-09-24T01:28:10.712+00:00,KXBTC15M-26SEP232130-30,84266.56,0.5200,0.5300,0.5200,2437336.59,2026-09-24T01:15:00Z,2026-09-24T01:30:00Z
2026-09-24T01:28:12.851+00:00,KXBTC15M-26SEP232130-30,84266.56,0.5300,0.5400,0.5300,2474323.44,2026-09-24T01:15:00Z,2026-09-24T01:30:00Z
2026-09-24T01:28:15.001+00:00,KXBTC15M-26SEP232130-30,84266.56,0.5300,0.5400,0.5300,2474323.44,2026-09-24T01:15:00Z,2026-09-24T01:30:00Z
2026-09-24T01:28:17.140+00:00,KXBTC15M-26SEP232130-30,84266.56,0.5300,0.5400,0.5300,2474323.44,2026-09-24T01:15:00Z,2026-09-24T01:30:00Z
2026-09-24T01:28:19.282+00:00,KXBTC15M-26SEP232130-30,84266.56,0.5300,0.5400,0.5300,2474323.44,2026-09-24T01:15:00Z,2026-09-24T01:30:00Z
2026-09-24T01:28:21.423+00:00,KXBTC15M-26SEP232130-30,84266.56,0.5300,0.5400,0.5300,2474323.44,2026-09-24T01:15:00Z,2026-09-24T01:30:00Z
2026-09-24T01:28:23.575+00:00,KXBTC15M-26SEP232130-30,84266.56,0.2600,0.2700,0.2700,2542551.95,2026-09-24T01:15:00Z,2026-09-24T01:30:00Z
2026-09-24T01:28:25.716+00:00,KXBTC15M-26SEP232130-30,84266.56,0.2600,0.2700,0.2700,2542551.95,2026-09-24T01:15:00Z,2026-09-24T01:30:00Z
2026-09-24T01:28:27.854+00:00,KXBTC15M-26SEP232130-30,84266.56,0.2600,0.2700,0.2700,2542551.95,2026-09-24T01:15:00Z,2026-09-24T01:30:00Z
2026-09-24T01:28:29.993+00:00,KXBTC15M-26SEP232130-30,84266.56,0.2600,0.2700,0.2700,2542551.95,2026-09-24T01:15:00Z,2026-09-24T01:30:00Z
2026-09-24T01:28:32.134+00:00,KXBTC15M-26SEP232130-30,84266.56,0.2600,0.2700,0.2700,2542551.95,2026-09-24T01:15:00Z,2026-09-24T01:30:00Z
2026-09-24T01:28:34.272+00:00,KXBTC15M-26SEP232130-30,84266.56,0.3800,0.3900,0.3800,2595546.65,2026-09-24T01:15:00Z,2026-09-24T01:30:00Z
2026-09-24T01:28:36.410+00:00,KXBTC15M-26SEP232130-30,84266.56,0.3800,0.3900,0.3800,2595546.65,2026-09-24T01:15:00Z,2026-09-24T01:30:00Z
2026-09-24T01:28:38.546+00:00,KXBTC15M-26SEP232130-30,84266.56,0.3800,0.3900,0.3800,2595546.65,2026-09-24T01:15:00Z,2026-09-24T01:30:00Z
2026-09-24T01:28:40.685+00:00,KXBTC15M-26SEP232130-30,84266.56,0.3800,0.3900,0.3800,2595546.65,2026-09-24T01:15:00Z,2026-09-24T01:30:00Z
2026-09-24T01:28:42.827+00:00,KXBTC15M-26SEP232130-30,84266.56,0.3800,0.3900,0.3800,2595546.65,2026-09-24T01:15:00Z,2026-09-24T01:30:00Z
2026-09-24T01:28:44.967+00:00,KXBTC15M-26SEP232130-30,84266.56,0.3800,0.3900,0.3800,2595546.65,2026-09-24T01:15:00Z,2026-09-24T01:30:00Z
2026-09-24T01:28:47.122+00:00,KXBTC15M-26SEP232130-30,84266.56,0.4400,0.4500,0.4400,2650639.70,2026-09-24T01:15:00Z,2026-09-24T01:30:00Z
2026-09-24T01:28:49.261+00:00,KXBTC15M-26SEP232130-30,84266.56,0.4400,0.4500,0.4400,2650639.70,2026-09-24T01:15:00Z,2026-09-24T01:30:00Z
2026-09-24T01:28:51.401+00:00,KXBTC15M-26SEP232130-30,84266.56,0.4400,0.4500,0.4400,2650639.70,2026-09-24T01:15:00Z,2026-09-24T01:30:00Z
2026-09-24T01:28:53.541+00:00,KXBTC15M-26SEP232130-30,84266.56,0.4400,0.4500,0.4400,2650639.70,2026-09-24T01:15:00Z,2026-09-24T01:30:00Z
2026-09-24T01:28:55.682+00:00,KXBTC15M-26SEP232130-30,84266.56,0.4400,0.4500,0.4400,2650639.70,2026-09-24T01:15:00Z,2026-09-24T01:30:00Z
2026-09-24T01:28:57.823+00:00,KXBTC15M-26SEP232130-30,84266.56,0.4200,0.4300,0.4400,2697202.99,2026-09-24T01:15:00Z,2026-09-24T01:30:00Z
2026-09-24T01:28:59.964+00:00,KXBTC15M-26SEP232130-30,84266.56,0.4200,0.4300,0.4400,2697202.99,2026-09-24T01:15:00Z,2026-09-24T01:30:00Z
2026-09-24T01:29:02.104+00:00,KXBTC15M-26SEP232130-30,84266.56,0.4200,0.4300,0.4400,2697202.99,2026-09-24T01:15:00Z,2026-09-24T01:30:00Z
2026-09-24T01:29:04.243+00:00,KXBTC15M-26SEP232130-30,84266.56,0.4200,0.4300,0.4400,2697202.99,2026-09-24T01:15:00Z,2026-09-24T01:30:00Z
2026-09-24T01:29:06.384+00:00,KXBTC15M-26SEP232130-30,84266.56,0.4200,0.4300,0.4400,2697202.99,2026-09-24T01:15:00Z,2026-09-24T01:30:00Z
2026-09-24T01:29:08.542+00:00,KXBTC15M-26SEP232130-30,84266.56,0.2900,0.3100,0.3100,2760165.94,2026-09-24T01:15:00Z,2026-09-24T01:30:00Z
2026-09-24T01:29:10.681+00:00,KXBTC15M-26SEP232130-30,84266.56,0.2900,0.3100,0.3100,2760165.94,2026-09-24T01:15:00Z,2026-09-24T01:30:00Z
2026-09-24T01:29:12.822+00:00,KXBTC15M-26SEP232130-30,84266.56,0.2900,0.3100,0.3100,2760165.94,2026-09-24T01:15:00Z,2026-09-24T01:30:00Z
2026-09-24T01:29:14.960+00:00,KXBTC15M-26SEP232130-30,84266.56,0.2900,0.3100,0.3100,2760165.94,2026-09-24T01:15:00Z,2026-09-24T01:30:00Z
2026-09-24T01:29:17.099+00:00,KXBTC15M-26SEP232130-30,84266.56,0.2900,0.3100,0.3100,2760165.94,2026-09-24T01:15:00Z,2026-09-24T01:30:00Z
2026-09-24T01:29:19.251+00:00,KXBTC15M-26SEP232130-30,84266.56,0.2900,0.3100,0.3100,2760165.94,2026-09-24T01:15:00Z,2026-09-24T01:30:00Z
2026-09-24T01:29:21.406+00:00,KXBTC15M-26SEP232130-30,84266.56,0.3700,0.3800,0.3800,2829762.42,2026-09-24T01:15:00Z,2026-09-24T01:30:00Z
2026-09-24T01:29:23.548+00:00,KXBTC15M-26SEP232130-30,84266.56,0.3700,0.3800,0.3800,2829762.42,2026-09-24T01:15:00Z,2026-09-24T01:30:00Z
2026-09-24T01:29:25.684+00:00,KXBTC15M-26SEP232130-30,84266.56,0.3700,0.3800,0.3800,2829762.42,2026-09-24T01:15:00Z,2026-09-24T01:30:00Z
2026-09-24T01:29:27.825+00:00,KXBTC15M-26SEP232130-30,84266.56,0.3700,0.3800,0.3800,2829762.42,2026-09-24T01:15:00Z,2026-09-24T01:30:00Z
2026-09-24T01:29:29.965+00:00,KXBTC15M-26SEP232130-30,84266.56,0.3700,0.3800,0.3800,2829762.42,2026-09-24T01:15:00Z,2026-09-24T01:30:00Z
2026-09-24T01:29:32.130+00:00,KXBTC15M-26SEP232130-30,84266.56,0.6100,0.6200,0.5900,2926276.55,2026-09-24T01:15:00Z,2026-09-24T01:30:00Z
2026-09-24T01:29:34.274+00:00,KXBTC15M-26SEP232130-30,84266.56,0.6100,0.6200,0.5900,2926276.55,2026-09-24T01:15:00Z,2026-09-24T01:30:00Z
2026-09-24T01:29:36.412+00:00,KXBTC15M-26SEP232130-30,84266.56,0.6100,0.6200,0.5900,2926276.55,2026-09-24T01:15:00Z,2026-09-24T01:30:00Z
2026-09-24T01:29:38.551+00:00,KXBTC15M-26SEP232130-30,84266.56,0.6100,0.6200,0.5900,2926276.55,2026-09-24T01:15:00Z,2026-09-24T01:30:00Z
2026-09-24T01:29:40.691+00:00,KXBTC15M-26SEP232130-30,84266.56,0.6100,0.6200,0.5900,2926276.55,2026-09-24T01:15:00Z,2026-09-24T01:30:00Z
2026-09-24T01:29:42.880+00:00,KXBTC15M-26SEP232130-30,84266.56,0.6100,0.6200,0.5900,2926276.55,2026-09-24T01:15:00Z,2026-09-24T01:30:00Z
2026-09-24T01:29:45.020+00:00,KXBTC15M-26SEP232130-30,84266.56,0.0550,0.0560,0.0550,3073163.19,2026-09-24T01:15:00Z,2026-09-24T01:30:00Z
2026-09-24T01:29:47.162+00:00,KXBTC15M-26SEP232130-30,84266.56,0.0550,0.0560,0.0550,3073163.19,2026-09-24T01:15:00Z,2026-09-24T01:30:00Z
2026-09-24T01:29:49.316+00:00,KXBTC15M-26SEP232130-30,84266.56,0.0550,0.0560,0.0550,3073163.19,2026-09-24T01:15:00Z,2026-09-24T01:30:00Z
2026-09-24T01:29:51.462+00:00,KXBTC15M-26SEP232130-30,84266.56,0.0550,0.0560,0.0550,3073163.19,2026-09-24T01:15:00Z,2026-09-24T01:30:00Z
2026-09-24T01:29:53.878+00:00,KXBTC15M-26SEP232130-30,84266.56,0.0550,0.0560,0.0550,3073163.19,2026-09-24T01:15:00Z,2026-09-24T01:30:00Z
2026-09-24T01:29:56.164+00:00,KXBTC15M-26SEP232130-30,84266.56,0.0060,0.0070,0.0070,3384106.36,2026-09-24T01:15:00Z,2026-09-24T01:30:00Z
2026-09-24T01:29:58.327+00:00,KXBTC15M-26SEP232130-30,84266.56,0.0060,0.0070,0.0070,3384106.36,2026-09-24T01:15:00Z,2026-09-24T01:30:00Z
2026-09-24T01:30:00.480+00:00,KXBTC15M-26SEP232130-30,84266.56,0.0060,0.0070,0.0070,3384106.36,2026-09-24T01:15:00Z,2026-09-24T01:30:00Z
2026-09-24T01:30:02.797+00:00,KXBTC15M-26SEP232130-30,84266.56,0.0060,0.0070,0.0070,3384106.36,2026-09-24T01:15:00Z,2026-09-24T01:30:00Z
2026-09-24T01:30:05.002+00:00,KXBTC15M-26SEP232130-30,84266.56,0.0000,1.0000,0.0010,3617952.95,2026-09-24T01:15:00Z,2026-09-24T01:30:00Z
2026-09-24T01:30:07.429+00:00,KXBTC15M-26SEP232130-30,84266.56,0.0000,1.0000,0.0010,3617952.95,2026-09-24T01:15:00Z,2026-09-24T01:30:00Z
2026-09-24T01:30:10.399+00:00,KXBTC15M-26SEP232130-30,84266.56,0.0000,1.0000,0.0010,3617952.95,2026-09-24T01:15:00Z,2026-09-24T01:30:00Z
2026-09-24T01:30:12.662+00:00,KXBTC15M-26SEP232130-30,84266.56,0.0000,1.0000,0.0010,3617952.95,2026-09-24T01:15:00Z,2026-09-24T01:30:00Z
2026-09-24T01:30:14.926+00:00,KXBTC15M-26SEP232130-30,84266.56,0.0000,1.0000,0.0010,3617952.95,2026-09-24T01:15:00Z,2026-09-24T01:30:00Z
2026-09-24T01:30:17.065+00:00,KXBTC15M-26SEP232130-30,84266.56,0.0000,1.0000,0.0010,3617952.95,2026-09-24T01:15:00Z,2026-09-24T01:30:00Z
2026-09-24T01:30:19.208+00:00,KXBTC15M-26SEP232130-30,84266.56,0.0000,1.0000,0.0010,3617952.95,2026-09-24T01:15:00Z,2026-09-24T01:30:00Z
2026-09-24T01:30:21.361+00:00,KXBTC15M-26SEP232130-30,84266.56,0.0000,1.0000,0.0010,3617952.95,2026-09-24T01:15:00Z,2026-09-24T01:30:00Z
2026-09-24T01:30:23.501+00:00,KXBTC15M-26SEP232130-30,84266.56,0.0000,1.0000,0.0010,3617952.95,2026-09-24T01:15:00Z,2026-09-24T01:30:00Z
2026-09-24T01:30:25.641+00:00,KXBTC15M-26SEP232130-30,84266.56,0.0000,1.0000,0.0010,3617952.95,2026-09-24T01:15:00Z,2026-09-24T01:30:00Z
2026-09-24T01:30:27.786+00:00,KXBTC15M-26SEP232130-30,84266.56,0.0000,1.0000,0.0010,3617952.95,2026-09-24T01:15:00Z,2026-09-24T01:30:00Z
2026-09-24T01:30:29.936+00:00,KXBTC15M-26SEP232130-30,84266.56,0.0000,1.0000,0.0010,3617952.95,2026-09-24T01:15:00Z,2026-09-24T01:30:00Z
2026-09-24T01:30:32.077+00:00,KXBTC15M-26SEP232130-30,84266.56,0.0000,1.0000,0.0010,3617952.95,2026-09-24T01:15:00Z,2026-09-24T01:30:00Z
2026-09-24T01:30:34.215+00:00,KXBTC15M-26SEP232130-30,84266.56,0.0000,1.0000,0.0010,3617952.95,2026-09-24T01:15:00Z,2026-09-24T01:30:00Z
2026-09-24T01:30:36.351+00:00,KXBTC15M-26SEP232130-30,84266.56,0.0000,1.0000,0.0010,3617952.95,2026-09-24T01:15:00Z,2026-09-24T01:30:00Z
2026-09-24T01:30:38.491+00:00,KXBTC15M-26SEP232130-30,84266.56,0.0000,1.0000,0.0010,3617952.95,2026-09-24T01:15:00Z,2026-09-24T01:30:00Z
2026-09-24T01:30:40.632+00:00,KXBTC15M-26SEP232130-30,84266.56,0.0000,1.0000,0.0010,3617952.95,2026-09-24T01:15:00Z,2026-09-24T01:30:00Z
2026-09-24T01:30:43.026+00:00,KXBTC15M-26SEP232130-30,84266.56,0.0000,1.0000,0.0010,3617952.95,2026-09-24T01:15:00Z,2026-09-24T01:30:00Z
2026-09-24T01:30:45.165+00:00,KXBTC15M-26SEP232130-30,84266.56,0.0000,1.0000,0.0010,3617952.95,2026-09-24T01:15:00Z,2026-09-24T01:30:00Z
2026-09-24T01:30:47.307+00:00,KXBTC15M-26SEP232130-30,84266.56,0.0000,1.0000,0.0010,3617952.95,2026-09-24T01:15:00Z,2026-09-24T01:30:00Z
2026-09-24T01:30:49.445+00:00,KXBTC15M-26SEP232130-30,84266.56,0.0000,1.0000,0.0010,3617952.95,2026-09-24T01:15:00Z,2026-09-24T01:30:00Z
2026-09-24T01:30:51.596+00:00,KXBTC15M-26SEP232145-45,84263.4,0.3600,0.3700,0.3700,123678.71,2026-09-24T01:30:00Z,2026-09-24T01:45:00Z
2026-09-24T01:30:53.737+00:00,KXBTC15M-26SEP232145-45,84263.4,0.3600,0.3700,0.3700,123678.71,2026-09-24T01:30:00Z,2026-09-24T01:45:00Z
2026-09-24T01:30:55.875+00:00,KXBTC15M-26SEP232145-45,84263.4,0.3600,0.3700,0.3700,123678.71,2026-09-24T01:30:00Z,2026-09-24T01:45:00Z
2026-09-24T01:30:58.016+00:00,KXBTC15M-26SEP232145-45,84263.4,0.3700,0.3800,0.3700,138128.58,2026-09-24T01:30:00Z,2026-09-24T01:45:00Z
2026-09-24T01:31:00.189+00:00,KXBTC15M-26SEP232145-45,84263.4,0.3700,0.3800,0.3700,138128.58,2026-09-24T01:30:00Z,2026-09-24T01:45:00Z
2026-09-24T01:31:02.329+00:00,KXBTC15M-26SEP232145-45,84263.4,0.3700,0.3800,0.3700,138128.58,2026-09-24T01:30:00Z,2026-09-24T01:45:00Z
2026-09-24T01:31:04.471+00:00,KXBTC15M-26SEP232145-45,84263.4,0.3700,0.3800,0.3700,138128.58,2026-09-24T01:30:00Z,2026-09-24T01:45:00Z
2026-09-24T01:31:06.613+00:00,KXBTC15M-26SEP232145-45,84263.4,0.3700,0.3800,0.3700,138128.58,2026-09-24T01:30:00Z,2026-09-24T01:45:00Z
2026-09-24T01:31:08.752+00:00,KXBTC15M-26SEP232145-45,84263.4,0.3800,0.3900,0.3900,162650.18,2026-09-24T01:30:00Z,2026-09-24T01:45:00Z
2026-09-24T01:31:10.890+00:00,KXBTC15M-26SEP232145-45,84263.4,0.3800,0.3900,0.3900,162650.18,2026-09-24T01:30:00Z,2026-09-24T01:45:00Z
2026-09-24T01:31:13.040+00:00,KXBTC15M-26SEP232145-45,84263.4,0.3800,0.3900,0.3900,162650.18,2026-09-24T01:30:00Z,2026-09-24T01:45:00Z
2026-09-24T01:31:15.188+00:00,KXBTC15M-26SEP232145-45,84263.4,0.3800,0.3900,0.3900,162650.18,2026-09-24T01:30:00Z,2026-09-24T01:45:00Z
2026-09-24T01:31:17.472+00:00,KXBTC15M-26SEP232145-45,84263.4,0.3800,0.3900,0.3900,162650.18,2026-09-24T01:30:00Z,2026-09-24T01:45:00Z
2026-09-24T01:31:19.670+00:00,KXBTC15M-26SEP232145-45,84263.4,0.3700,0.3800,0.3700,199963.41,2026-09-24T01:30:00Z,2026-09-24T01:45:00Z
2026-09-24T01:31:21.826+00:00,KXBTC15M-26SEP232145-45,84263.4,0.3700,0.3800,0.3700,199963.41,2026-09-24T01:30:00Z,2026-09-24T01:45:00Z
2026-09-24T01:31:23.967+00:00,KXBTC15M-26SEP232145-45,84263.4,0.3700,0.3800,0.3700,199963.41,2026-09-24T01:30:00Z,2026-09-24T01:45:00Z
2026-09-24T01:31:26.112+00:00,KXBTC15M-26SEP232145-45,84263.4,0.3700,0.3800,0.3700,199963.41,2026-09-24T01:30:00Z,2026-09-24T01:45:00Z
2026-09-24T01:31:28.253+00:00,KXBTC15M-26SEP232145-45,84263.4,0.3700,0.3800,0.3700,199963.41,2026-09-24T01:30:00Z,2026-09-24T01:45:00Z
2026-09-24T01:31:30.392+00:00,KXBTC15M-26SEP232145-45,84263.4,0.4700,0.4800,0.4800,231350.94,2026-09-24T01:30:00Z,2026-09-24T01:45:00Z
2026-09-24T01:31:32.539+00:00,KXBTC15M-26SEP232145-45,84263.4,0.4700,0.4800,0.4800,231350.94,2026-09-24T01:30:00Z,2026-09-24T01:45:00Z
2026-09-24T01:31:34.679+00:00,KXBTC15M-26SEP232145-45,84263.4,0.4700,0.4800,0.4800,231350.94,2026-09-24T01:30:00Z,2026-09-24T01:45:00Z
2026-09-24T01:31:36.821+00:00,KXBTC15M-26SEP232145-45,84263.4,0.4700,0.4800,0.4800,231350.94,2026-09-24T01:30:00Z,2026-09-24T01:45:00Z
2026-09-24T01:31:38.961+00:00,KXBTC15M-26SEP232145-45,84263.4,0.4700,0.4800,0.4800,231350.94,2026-09-24T01:30:00Z,2026-09-24T01:45:00Z
2026-09-24T01:31:41.100+00:00,KXBTC15M-26SEP232145-45,84263.4,0.4400,0.4500,0.4500,263711.66,2026-09-24T01:30:00Z,2026-09-24T01:45:00Z
2026-09-24T01:31:43.241+00:00,KXBTC15M-26SEP232145-45,84263.4,0.4400,0.4500,0.4500,263711.66,2026-09-24T01:30:00Z,2026-09-24T01:45:00Z
2026-09-24T01:31:45.384+00:00,KXBTC15M-26SEP232145-45,84263.4,0.4400,0.4500,0.4500,263711.66,2026-09-24T01:30:00Z,2026-09-24T01:45:00Z
2026-09-24T01:31:47.569+00:00,KXBTC15M-26SEP232145-45,84263.4,0.4400,0.4500,0.4500,263711.66,2026-09-24T01:30:00Z,2026-09-24T01:45:00Z
2026-09-24T01:31:49.708+00:00,KXBTC15M-26SEP232145-45,84263.4,0.4400,0.4500,0.4500,263711.66,2026-09-24T01:30:00Z,2026-09-24T01:45:00Z
2026-09-24T01:31:51.859+00:00,KXBTC15M-26SEP232145-45,84263.4,0.4400,0.4500,0.4400,292078.81,2026-09-24T01:30:00Z,2026-09-24T01:45:00Z
2026-09-24T01:31:54.025+00:00,KXBTC15M-26SEP232145-45,84263.4,0.4400,0.4500,0.4400,292078.81,2026-09-24T01:30:00Z,2026-09-24T01:45:00Z
2026-09-24T01:31:56.165+00:00,KXBTC15M-26SEP232145-45,84263.4,0.4400,0.4500,0.4400,292078.81,2026-09-24T01:30:00Z,2026-09-24T01:45:00Z
2026-09-24T01:31:58.303+00:00,KXBTC15M-26SEP232145-45,84263.4,0.4400,0.4500,0.4400,292078.81,2026-09-24T01:30:00Z,2026-09-24T01:45:00Z
2026-09-24T01:32:00.438+00:00,KXBTC15M-26SEP232145-45,84263.4,0.4400,0.4500,0.4400,292078.81,2026-09-24T01:30:00Z,2026-09-24T01:45:00Z
2026-09-24T01:32:02.582+00:00,KXBTC15M-26SEP232145-45,84263.4,0.4400,0.4500,0.4400,292078.81,2026-09-24T01:30:00Z,2026-09-24T01:45:00Z
2026-09-24T01:32:04.723+00:00,KXBTC15M-26SEP232145-45,84263.4,0.4400,0.4500,0.4500,309834.68,2026-09-24T01:30:00Z,2026-09-24T01:45:00Z
2026-09-24T01:32:06.862+00:00,KXBTC15M-26SEP232145-45,84263.4,0.4400,0.4500,0.4500,309834.68,2026-09-24T01:30:00Z,2026-09-24T01:45:00Z
2026-09-24T01:32:09.002+00:00,KXBTC15M-26SEP232145-45,84263.4,0.4400,0.4500,0.4500,309834.68,2026-09-24T01:30:00Z,2026-09-24T01:45:00Z
2026-09-24T01:32:11.142+00:00,KXBTC15M-26SEP232145-45,84263.4,0.4400,0.4500,0.4500,309834.68,2026-09-24T01:30:00Z,2026-09-24T01:45:00Z
2026-09-24T01:32:13.281+00:00,KXBTC15M-26SEP232145-45,84263.4,0.4400,0.4500,0.4500,309834.68,2026-09-24T01:30:00Z,2026-09-24T01:45:00Z
2026-09-24T01:32:15.420+00:00,KXBTC15M-26SEP232145-45,84263.4,0.4500,0.4600,0.4600,322338.05,2026-09-24T01:30:00Z,2026-09-24T01:45:00Z
2026-09-24T01:32:17.557+00:00,KXBTC15M-26SEP232145-45,84263.4,0.4500,0.4600,0.4600,322338.05,2026-09-24T01:30:00Z,2026-09-24T01:45:00Z
2026-09-24T01:32:19.694+00:00,KXBTC15M-26SEP232145-45,84263.4,0.4500,0.4600,0.4600,322338.05,2026-09-24T01:30:00Z,2026-09-24T01:45:00Z
2026-09-24T01:32:21.832+00:00,KXBTC15M-26SEP232145-45,84263.4,0.4500,0.4600,0.4600,322338.05,2026-09-24T01:30:00Z,2026-09-24T01:45:00Z
2026-09-24T01:32:23.984+00:00,KXBTC15M-26SEP232145-45,84263.4,0.4500,0.4600,0.4600,322338.05,2026-09-24T01:30:00Z,2026-09-24T01:45:00Z
2026-09-24T01:32:26.126+00:00,KXBTC15M-26SEP232145-45,84263.4,0.4400,0.4500,0.4500,340392.99,2026-09-24T01:30:00Z,2026-09-24T01:45:00Z
2026-09-24T01:32:28.266+00:00,KXBTC15M-26SEP232145-45,84263.4,0.4400,0.4500,0.4500,340392.99,2026-09-24T01:30:00Z,2026-09-24T01:45:00Z
2026-09-24T01:32:30.410+00:00,KXBTC15M-26SEP232145-45,84263.4,0.4400,0.4500,0.4500,340392.99,2026-09-24T01:30:00Z,2026-09-24T01:45:00Z
2026-09-24T01:32:32.549+00:00,KXBTC15M-26SEP232145-45,84263.4,0.4400,0.4500,0.4500,340392.99,2026-09-24T01:30:00Z,2026-09-24T01:45:00Z
2026-09-24T01:32:34.696+00:00,KXBTC15M-26SEP232145-45,84263.4,0.4400,0.4500,0.4500,340392.99,2026-09-24T01:30:00Z,2026-09-24T01:45:00Z
2026-09-24T01:32:36.836+00:00,KXBTC15M-26SEP232145-45,84263.4,0.4300,0.4400,0.4300,357408.46,2026-09-24T01:30:00Z,2026-09-24T01:45:00Z
2026-09-24T01:32:38.973+00:00,KXBTC15M-26SEP232145-45,84263.4,0.4300,0.4400,0.4300,357408.46,2026-09-24T01:30:00Z,2026-09-24T01:45:00Z
2026-09-24T01:32:41.112+00:00,KXBTC15M-26SEP232145-45,84263.4,0.4300,0.4400,0.4300,357408.46,2026-09-24T01:30:00Z,2026-09-24T01:45:00Z
2026-09-24T01:32:43.250+00:00,KXBTC15M-26SEP232145-45,84263.4,0.4300,0.4400,0.4300,357408.46,2026-09-24T01:30:00Z,2026-09-24T01:45:00Z
2026-09-24T01:32:45.388+00:00,KXBTC15M-26SEP232145-45,84263.4,0.4300,0.4400,0.4300,357408.46,2026-09-24T01:30:00Z,2026-09-24T01:45:00Z
2026-09-24T01:32:47.530+00:00,KXBTC15M-26SEP232145-45,84263.4,0.4400,0.4500,0.4400,377852.73,2026-09-24T01:30:00Z,2026-09-24T01:45:00Z
2026-09-24T01:32:49.668+00:00,KXBTC15M-26SEP232145-45,84263.4,0.4400,0.4500,0.4400,377852.73,2026-09-24T01:30:00Z,2026-09-24T01:45:00Z
2026-09-24T01:32:51.805+00:00,KXBTC15M-26SEP232145-45,84263.4,0.4400,0.4500,0.4400,377852.73,2026-09-24T01:30:00Z,2026-09-24T01:45:00Z
2026-09-24T01:32:53.946+00:00,KXBTC15M-26SEP232145-45,84263.4,0.4400,0.4500,0.4400,377852.73,2026-09-24T01:30:00Z,2026-09-24T01:45:00Z
2026-09-24T01:32:56.100+00:00,KXBTC15M-26SEP232145-45,84263.4,0.4400,0.4500,0.4400,377852.73,2026-09-24T01:30:00Z,2026-09-24T01:45:00Z
2026-09-24T01:32:58.239+00:00,KXBTC15M-26SEP232145-45,84263.4,0.5100,0.5200,0.5200,402504.16,2026-09-24T01:30:00Z,2026-09-24T01:45:00Z
2026-09-24T01:33:00.377+00:00,KXBTC15M-26SEP232145-45,84263.4,0.5100,0.5200,0.5200,402504.16,2026-09-24T01:30:00Z,2026-09-24T01:45:00Z
2026-09-24T01:33:02.517+00:00,KXBTC15M-26SEP232145-45,84263.4,0.5100,0.5200,0.5200,402504.16,2026-09-24T01:30:00Z,2026-09-24T01:45:00Z
2026-09-24T01:33:04.707+00:00,KXBTC15M-26SEP232145-45,84263.4,0.5100,0.5200,0.5200,402504.16,2026-09-24T01:30:00Z,2026-09-24T01:45:00Z
2026-09-24T01:33:06.853+00:00,KXBTC15M-26SEP232145-45,84263.4,0.5100,0.5200,0.5200,402504.16,2026-09-24T01:30:00Z,2026-09-24T01:45:00Z
2026-09-24T01:33:08.993+00:00,KXBTC15M-26SEP232145-45,84263.4,0.5300,0.5400,0.5400,418519.84,2026-09-24T01:30:00Z,2026-09-24T01:45:00Z
2026-09-24T01:33:11.134+00:00,KXBTC15M-26SEP232145-45,84263.4,0.5300,0.5400,0.5400,418519.84,2026-09-24T01:30:00Z,2026-09-24T01:45:00Z
2026-09-24T01:33:13.275+00:00,KXBTC15M-26SEP232145-45,84263.4,0.5300,0.5400,0.5400,418519.84,2026-09-24T01:30:00Z,2026-09-24T01:45:00Z
2026-09-24T01:33:15.444+00:00,KXBTC15M-26SEP232145-45,84263.4,0.5300,0.5400,0.5400,418519.84,2026-09-24T01:30:00Z,2026-09-24T01:45:00Z
2026-09-24T01:33:17.586+00:00,KXBTC15M-26SEP232145-45,84263.4,0.5300,0.5400,0.5400,418519.84,2026-09-24T01:30:00Z,2026-09-24T01:45:00Z
2026-09-24T01:33:19.727+00:00,KXBTC15M-26SEP232145-45,84263.4,0.5300,0.5400,0.5400,444641.64,2026-09-24T01:30:00Z,2026-09-24T01:45:00Z
2026-09-24T01:33:21.870+00:00,KXBTC15M-26SEP232145-45,84263.4,0.5300,0.5400,0.5400,444641.64,2026-09-24T01:30:00Z,2026-09-24T01:45:00Z
2026-09-24T01:33:24.068+00:00,KXBTC15M-26SEP232145-45,84263.4,0.5300,0.5400,0.5400,444641.64,2026-09-24T01:30:00Z,2026-09-24T01:45:00Z
2026-09-24T01:33:26.218+00:00,KXBTC15M-26SEP232145-45,84263.4,0.5300,0.5400,0.5400,444641.64,2026-09-24T01:30:00Z,2026-09-24T01:45:00Z
2026-09-24T01:33:28.356+00:00,KXBTC15M-26SEP232145-45,84263.4,0.5300,0.5400,0.5400,444641.64,2026-09-24T01:30:00Z,2026-09-24T01:45:00Z
2026-09-24T01:33:30.494+00:00,KXBTC15M-26SEP232145-45,84263.4,0.5900,0.6000,0.5900,482196.75,2026-09-24T01:30:00Z,2026-09-24T01:45:00Z
2026-09-24T01:33:32.634+00:00,KXBTC15M-26SEP232145-45,84263.4,0.5900,0.6000,0.5900,482196.75,2026-09-24T01:30:00Z,2026-09-24T01:45:00Z
2026-09-24T01:33:34.787+00:00,KXBTC15M-26SEP232145-45,84263.4,0.5900,0.6000,0.5900,482196.75,2026-09-24T01:30:00Z,2026-09-24T01:45:00Z
2026-09-24T01:33:36.925+00:00,KXBTC15M-26SEP232145-45,84263.4,0.5900,0.6000,0.5900,482196.75,2026-09-24T01:30:00Z,2026-09-24T01:45:00Z
2026-09-24T01:33:39.322+00:00,KXBTC15M-26SEP232145-45,84263.4,0.5900,0.6000,0.5900,482196.75,2026-09-24T01:30:00Z,2026-09-24T01:45:00Z
2026-09-24T01:33:41.464+00:00,KXBTC15M-26SEP232145-45,84263.4,0.5900,0.6000,0.5900,482196.75,2026-09-24T01:30:00Z,2026-09-24T01:45:00Z
2026-09-24T01:33:43.603+00:00,KXBTC15M-26SEP232145-45,84263.4,0.5900,0.6000,0.5900,525183.32,2026-09-24T01:30:00Z,2026-09-24T01:45:00Z
2026-09-24T01:33:45.770+00:00,KXBTC15M-26SEP232145-45,84263.4,0.5900,0.6000,0.5900,525183.32,2026-09-24T01:30:00Z,2026-09-24T01:45:00Z
2026-09-24T01:33:47.927+00:00,KXBTC15M-26SEP232145-45,84263.4,0.5900,0.6000,0.5900,525183.32,2026-09-24T01:30:00Z,2026-09-24T01:45:00Z
2026-09-24T01:33:50.064+00:00,KXBTC15M-26SEP232145-45,84263.4,0.5900,0.6000,0.5900,525183.32,2026-09-24T01:30:00Z,2026-09-24T01:45:00Z
2026-09-24T01:33:52.260+00:00,KXBTC15M-26SEP232145-45,84263.4,0.5900,0.6000,0.5900,525183.32,2026-09-24T01:30:00Z,2026-09-24T01:45:00Z
2026-09-24T01:33:54.624+00:00,KXBTC15M-26SEP232145-45,84263.4,0.5900,0.6000,0.6000,549447.29,2026-09-24T01:30:00Z,2026-09-24T01:45:00Z
2026-09-24T01:33:56.778+00:00,KXBTC15M-26SEP232145-45,84263.4,0.5900,0.6000,0.6000,549447.29,2026-09-24T01:30:00Z,2026-09-24T01:45:00Z
2026-09-24T01:33:58.919+00:00,KXBTC15M-26SEP232145-45,84263.4,0.5900,0.6000,0.6000,549447.29,2026-09-24T01:30:00Z,2026-09-24T01:45:00Z
2026-09-24T01:34:01.059+00:00,KXBTC15M-26SEP232145-45,84263.4,0.5900,0.6000,0.6000,549447.29,2026-09-24T01:30:00Z,2026-09-24T01:45:00Z
2026-09-24T01:34:03.197+00:00,KXBTC15M-26SEP232145-45,84263.4,0.5900,0.6000,0.6000,549447.29,2026-09-24T01:30:00Z,2026-09-24T01:45:00Z
2026-09-24T01:34:05.334+00:00,KXBTC15M-26SEP232145-45,84263.4,0.6600,0.6700,0.6600,591842.70,2026-09-24T01:30:00Z,2026-09-24T01:45:00Z
2026-09-24T01:34:07.476+00:00,KXBTC15M-26SEP232145-45,84263.4,0.6600,0.6700,0.6600,591842.70,2026-09-24T01:30:00Z,2026-09-24T01:45:00Z
2026-09-24T01:34:09.614+00:00,KXBTC15M-26SEP232145-45,84263.4,0.6600,0.6700,0.6600,591842.70,2026-09-24T01:30:00Z,2026-09-24T01:45:00Z
2026-09-24T01:34:11.753+00:00,KXBTC15M-26SEP232145-45,84263.4,0.6600,0.6700,0.6600,591842.70,2026-09-24T01:30:00Z,2026-09-24T01:45:00Z
2026-09-24T01:34:13.896+00:00,KXBTC15M-26SEP232145-45,84263.4,0.6600,0.6700,0.6600,591842.70,2026-09-24T01:30:00Z,2026-09-24T01:45:00Z
2026-09-24T01:34:16.037+00:00,KXBTC15M-26SEP232145-45,84263.4,0.6600,0.6700,0.6600,591842.70,2026-09-24T01:30:00Z,2026-09-24T01:45:00Z
2026-09-24T01:34:18.174+00:00,KXBTC15M-26SEP232145-45,84263.4,0.7300,0.7400,0.7300,646028.33,2026-09-24T01:30:00Z,2026-09-24T01:45:00Z
2026-09-24T01:34:20.313+00:00,KXBTC15M-26SEP232145-45,84263.4,0.7300,0.7400,0.7300,646028.33,2026-09-24T01:30:00Z,2026-09-24T01:45:00Z
2026-09-24T01:34:22.460+00:00,KXBTC15M-26SEP232145-45,84263.4,0.7300,0.7400,0.7300,646028.33,2026-09-24T01:30:00Z,2026-09-24T01:45:00Z
2026-09-24T01:34:24.603+00:00,KXBTC15M-26SEP232145-45,84263.4,0.7300,0.7400,0.7300,646028.33,2026-09-24T01:30:00Z,2026-09-24T01:45:00Z
2026-09-24T01:34:26.743+00:00,KXBTC15M-26SEP232145-45,84263.4,0.7300,0.7400,0.7300,646028.33,2026-09-24T01:30:00Z,2026-09-24T01:45:00Z
2026-09-24T01:34:28.895+00:00,KXBTC15M-26SEP232145-45,84263.4,0.7600,0.7700,0.7600,694396.55,2026-09-24T01:30:00Z,2026-09-24T01:45:00Z
2026-09-24T01:34:31.035+00:00,KXBTC15M-26SEP232145-45,84263.4,0.7600,0.7700,0.7600,694396.55,2026-09-24T01:30:00Z,2026-09-24T01:45:00Z
2026-09-24T01:34:33.176+00:00,KXBTC15M-26SEP232145-45,84263.4,0.7600,0.7700,0.7600,694396.55,2026-09-24T01:30:00Z,2026-09-24T01:45:00Z
2026-09-24T01:34:35.346+00:00,KXBTC15M-26SEP232145-45,84263.4,0.7600,0.7700,0.7600,694396.55,2026-09-24T01:30:00Z,2026-09-24T01:45:00Z
2026-09-24T01:34:37.489+00:00,KXBTC15M-26SEP232145-45,84263.4,0.7600,0.7700,0.7600,694396.55,2026-09-24T01:30:00Z,2026-09-24T01:45:00Z
2026-09-24T01:34:39.637+00:00,KXBTC15M-26SEP232145-45,84263.4,0.7900,0.8000,0.7900,747577.63,2026-09-24T01:30:00Z,2026-09-24T01:45:00Z
2026-09-24T01:34:41.778+00:00,KXBTC15M-26SEP232145-45,84263.4,0.7900,0.8000,0.7900,747577.63,2026-09-24T01:30:00Z,2026-09-24T01:45:00Z
2026-09-24T01:34:43.919+00:00,KXBTC15M-26SEP232145-45,84263.4,0.7900,0.8000,0.7900,747577.63,2026-09-24T01:30:00Z,2026-09-24T01:45:00Z
2026-09-24T01:34:46.060+00:00,KXBTC15M-26SEP232145-45,84263.4,0.7900,0.8000,0.7900,747577.63,2026-09-24T01:30:00Z,2026-09-24T01:45:00Z
2026-09-24T01:34:48.198+00:00,KXBTC15M-26SEP232145-45,84263.4,0.7900,0.8000,0.7900,747577.63,2026-09-24T01:30:00Z,2026-09-24T01:45:00Z
2026-09-24T01:34:50.340+00:00,KXBTC15M-26SEP232145-45,84263.4,0.7900,0.8000,0.7900,747577.63,2026-09-24T01:30:00Z,2026-09-24T01:45:00Z
2026-09-24T01:34:52.478+00:00,KXBTC15M-26SEP232145-45,84263.4,0.8000,0.8100,0.8000,791417.84,2026-09-24T01:30:00Z,2026-09-24T01:45:00Z
2026-09-24T01:34:54.615+00:00,KXBTC15M-26SEP232145-45,84263.4,0.8000,0.8100,0.8000,791417.84,2026-09-24T01:30:00Z,2026-09-24T01:45:00Z
2026-09-24T01:34:56.755+00:00,KXBTC15M-26SEP232145-45,84263.4,0.8000,0.8100,0.8000,791417.84,2026-09-24T01:30:00Z,2026-09-24T01:45:00Z
2026-09-24T01:34:58.906+00:00,KXBTC15M-26SEP232145-45,84263.4,0.8000,0.8100,0.8000,791417.84,2026-09-24T01:30:00Z,2026-09-24T01:45:00Z
2026-09-24T01:35:01.069+00:00,KXBTC15M-26SEP232145-45,84263.4,0.8100,0.8200,0.8100,832559.42,2026-09-24T01:30:00Z,2026-09-24T01:45:00Z
2026-09-24T01:35:03.206+00:00,KXBTC15M-26SEP232145-45,84263.4,0.8100,0.8200,0.8100,832559.42,2026-09-24T01:30:00Z,2026-09-24T01:45:00Z
2026-09-24T01:35:05.345+00:00,KXBTC15M-26SEP232145-45,84263.4,0.8100,0.8200,0.8100,832559.42,2026-09-24T01:30:00Z,2026-09-24T01:45:00Z
2026-09-24T01:35:07.483+00:00,KXBTC15M-26SEP232145-45,84263.4,0.8100,0.8200,0.8100,832559.42,2026-09-24T01:30:00Z,2026-09-24T01:45:00Z
2026-09-24T01:35:09.622+00:00,KXBTC15M-26SEP232145-45,84263.4,0.8100,0.8200,0.8100,832559.42,2026-09-24T01:30:00Z,2026-09-24T01:45:00Z
2026-09-24T01:35:11.759+00:00,KXBTC15M-26SEP232145-45,84263.4,0.8100,0.8200,0.8100,832559.42,2026-09-24T01:30:00Z,2026-09-24T01:45:00Z
2026-09-24T01:35:14.067+00:00,KXBTC15M-26SEP232145-45,84263.4,0.8300,0.8400,0.8300,867909.12,2026-09-24T01:30:00Z,2026-09-24T01:45:00Z
2026-09-24T01:35:16.209+00:00,KXBTC15M-26SEP232145-45,84263.4,0.8300,0.8400,0.8300,867909.12,2026-09-24T01:30:00Z,2026-09-24T01:45:00Z
2026-09-24T01:35:18.351+00:00,KXBTC15M-26SEP232145-45,84263.4,0.8300,0.8400,0.8300,867909.12,2026-09-24T01:30:00Z,2026-09-24T01:45:00Z
2026-09-24T01:35:20.491+00:00,KXBTC15M-26SEP232145-45,84263.4,0.8300,0.8400,0.8300,867909.12,2026-09-24T01:30:00Z,2026-09-24T01:45:00Z
2026-09-24T01:35:22.634+00:00,KXBTC15M-26SEP232145-45,84263.4,0.8500,0.8600,0.8500,902056.45,2026-09-24T01:30:00Z,2026-09-24T01:45:00Z
2026-09-24T01:35:24.772+00:00,KXBTC15M-26SEP232145-45,84263.4,0.8500,0.8600,0.8500,902056.45,2026-09-24T01:30:00Z,2026-09-24T01:45:00Z
2026-09-24T01:35:26.912+00:00,KXBTC15M-26SEP232145-45,84263.4,0.8500,0.8600,0.8500,902056.45,2026-09-24T01:30:00Z,2026-09-24T01:45:00Z
2026-09-24T01:35:29.062+00:00,KXBTC15M-26SEP232145-45,84263.4,0.8500,0.8600,0.8500,902056.45,2026-09-24T01:30:00Z,2026-09-24T01:45:00Z
2026-09-24T01:35:31.209+00:00,KXBTC15M-26SEP232145-45,84263.4,0.8500,0.8600,0.8500,902056.45,2026-09-24T01:30:00Z,2026-09-24T01:45:00Z
2026-09-24T01:35:33.359+00:00,KXBTC15M-26SEP232145-45,84263.4,0.8500,0.8600,0.8500,902056.45,2026-09-24T01:30:00Z,2026-09-24T01:45:00Z
2026-09-24T01:35:35.537+00:00,KXBTC15M-26SEP232145-45,84263.4,0.8300,0.8400,0.8400,952821.43,2026-09-24T01:30:00Z,2026-09-24T01:45:00Z
2026-09-24T01:35:37.675+00:00,KXBTC15M-26SEP232145-45,84263.4,0.8300,0.8400,0.8400,952821.43,2026-09-24T01:30:00Z,2026-09-24T01:45:00Z
2026-09-24T01:35:39.813+00:00,KXBTC15M-26SEP232145-45,84263.4,0.8300,0.8400,0.8400,952821.43,2026-09-24T01:30:00Z,2026-09-24T01:45:00Z
2026-09-24T01:35:41.978+00:00,KXBTC15M-26SEP232145-45,84263.4,0.8300,0.8400,0.8400,952821.43,2026-09-24T01:30:00Z,2026-09-24T01:45:00Z
2026-09-24T01:35:44.118+00:00,KXBTC15M-26SEP232145-45,84263.4,0.8300,0.8400,0.8400,952821.43,2026-09-24T01:30:00Z,2026-09-24T01:45:00Z
2026-09-24T01:35:46.259+00:00,KXBTC15M-26SEP232145-45,84263.4,0.8300,0.8400,0.8300,990271.01,2026-09-24T01:30:00Z,2026-09-24T01:45:00Z
2026-09-24T01:35:48.404+00:00,KXBTC15M-26SEP232145-45,84263.4,0.8300,0.8400,0.8300,990271.01,2026-09-24T01:30:00Z,2026-09-24T01:45:00Z
2026-09-24T01:35:50.543+00:00,KXBTC15M-26SEP232145-45,84263.4,0.8300,0.8400,0.8300,990271.01,2026-09-24T01:30:00Z,2026-09-24T01:45:00Z
2026-09-24T01:35:52.687+00:00,KXBTC15M-26SEP232145-45,84263.4,0.8300,0.8400,0.8300,990271.01,2026-09-24T01:30:00Z,2026-09-24T01:45:00Z
2026-09-24T01:35:54.829+00:00,KXBTC15M-26SEP232145-45,84263.4,0.8300,0.8400,0.8300,990271.01,2026-09-24T01:30:00Z,2026-09-24T01:45:00Z
2026-09-24T01:35:56.968+00:00,KXBTC15M-26SEP232145-45,84263.4,0.8600,0.8700,0.8700,1020451.94,2026-09-24T01:30:00Z,2026-09-24T01:45:00Z
2026-09-24T01:35:59.119+00:00,KXBTC15M-26SEP232145-45,84263.4,0.8600,0.8700,0.8700,1020451.94,2026-09-24T01:30:00Z,2026-09-24T01:45:00Z
2026-09-24T01:36:01.259+00:00,KXBTC15M-26SEP232145-45,84263.4,0.8600,0.8700,0.8700,1020451.94,2026-09-24T01:30:00Z,2026-09-24T01:45:00Z
2026-09-24T01:36:03.401+00:00,KXBTC15M-26SEP232145-45,84263.4,0.8600,0.8700,0.8700,1020451.94,2026-09-24T01:30:00Z,2026-09-24T01:45:00Z
2026-09-24T01:36:05.541+00:00,KXBTC15M-26SEP232145-45,84263.4,0.8600,0.8700,0.8700,1020451.94,2026-09-24T01:30:00Z,2026-09-24T01:45:00Z
2026-09-24T01:36:07.681+00:00,KXBTC15M-26SEP232145-45,84263.4,0.8600,0.8700,0.8700,1048126.37,2026-09-24T01:30:00Z,2026-09-24T01:45:00Z
2026-09-24T01:36:09.823+00:00,KXBTC15M-26SEP232145-45,84263.4,0.8600,0.8700,0.8700,1048126.37,2026-09-24T01:30:00Z,2026-09-24T01:45:00Z
2026-09-24T01:36:11.968+00:00,KXBTC15M-26SEP232145-45,84263.4,0.8600,0.8700,0.8700,1048126.37,2026-09-24T01:30:00Z,2026-09-24T01:45:00Z
2026-09-24T01:36:14.110+00:00,KXBTC15M-26SEP232145-45,84263.4,0.8600,0.8700,0.8700,1048126.37,2026-09-24T01:30:00Z,2026-09-24T01:45:00Z
2026-09-24T01:36:16.252+00:00,KXBTC15M-26SEP232145-45,84263.4,0.8600,0.8700,0.8700,1048126.37,2026-09-24T01:30:00Z,2026-09-24T01:45:00Z
2026-09-24T01:36:18.395+00:00,KXBTC15M-26SEP232145-45,84263.4,0.9020,0.9030,0.9040,1085033.48,2026-09-24T01:30:00Z,2026-09-24T01:45:00Z
2026-09-24T01:36:20.535+00:00,KXBTC15M-26SEP232145-45,84263.4,0.9020,0.9030,0.9040,1085033.48,2026-09-24T01:30:00Z,2026-09-24T01:45:00Z
2026-09-24T01:36:22.674+00:00,KXBTC15M-26SEP232145-45,84263.4,0.9020,0.9030,0.9040,1085033.48,2026-09-24T01:30:00Z,2026-09-24T01:45:00Z
2026-09-24T01:36:24.818+00:00,KXBTC15M-26SEP232145-45,84263.4,0.9020,0.9030,0.9040,1085033.48,2026-09-24T01:30:00Z,2026-09-24T01:45:00Z
2026-09-24T01:36:26.956+00:00,KXBTC15M-26SEP232145-45,84263.4,0.9020,0.9030,0.9040,1085033.48,2026-09-24T01:30:00Z,2026-09-24T01:45:00Z
2026-09-24T01:36:29.102+00:00,KXBTC15M-26SEP232145-45,84263.4,0.8800,0.8900,0.8900,1122953.06,2026-09-24T01:30:00Z,2026-09-24T01:45:00Z
2026-09-24T01:36:31.255+00:00,KXBTC15M-26SEP232145-45,84263.4,0.8800,0.8900,0.8900,1122953.06,2026-09-24T01:30:00Z,2026-09-24T01:45:00Z
2026-09-24T01:36:33.398+00:00,KXBTC15M-26SEP232145-45,84263.4,0.8800,0.8900,0.8900,1122953.06,2026-09-24T01:30:00Z,2026-09-24T01:45:00Z
2026-09-24T01:36:35.539+00:00,KXBTC15M-26SEP232145-45,84263.4,0.8800,0.8900,0.8900,1122953.06,2026-09-24T01:30:00Z,2026-09-24T01:45:00Z
2026-09-24T01:36:37.684+00:00,KXBTC15M-26SEP232145-45,84263.4,0.8800,0.8900,0.8900,1122953.06,2026-09-24T01:30:00Z,2026-09-24T01:45:00Z
2026-09-24T01:36:40.071+00:00,KXBTC15M-26SEP232145-45,84263.4,0.8900,0.9000,0.8900,1153853.73,2026-09-24T01:30:00Z,2026-09-24T01:45:00Z
2026-09-24T01:36:42.211+00:00,KXBTC15M-26SEP232145-45,84263.4,0.8900,0.9000,0.8900,1153853.73,2026-09-24T01:30:00Z,2026-09-24T01:45:00Z
2026-09-24T01:36:44.349+00:00,KXBTC15M-26SEP232145-45,84263.4,0.8900,0.9000,0.8900,1153853.73,2026-09-24T01:30:00Z,2026-09-24T01:45:00Z
2026-09-24T01:36:46.494+00:00,KXBTC15M-26SEP232145-45,84263.4,0.8900,0.9000,0.8900,1153853.73,2026-09-24T01:30:00Z,2026-09-24T01:45:00Z
2026-09-24T01:36:48.636+00:00,KXBTC15M-26SEP232145-45,84263.4,0.8900,0.9000,0.8900,1153853.73,2026-09-24T01:30:00Z,2026-09-24T01:45:00Z
2026-09-24T01:36:50.782+00:00,KXBTC15M-26SEP232145-45,84263.4,0.9140,0.9150,0.9140,1205082.82,2026-09-24T01:30:00Z,2026-09-24T01:45:00Z
2026-09-24T01:36:52.923+00:00,KXBTC15M-26SEP232145-45,84263.4,0.9140,0.9150,0.9140,1205082.82,2026-09-24T01:30:00Z,2026-09-24T01:45:00Z
2026-09-24T01:36:55.062+00:00,KXBTC15M-26SEP232145-45,84263.4,0.9140,0.9150,0.9140,1205082.82,2026-09-24T01:30:00Z,2026-09-24T01:45:00Z
2026-09-24T01:36:57.200+00:00,KXBTC15M-26SEP232145-45,84263.4,0.9140,0.9150,0.9140,1205082.82,2026-09-24T01:30:00Z,2026-09-24T01:45:00Z
2026-09-24T01:36:59.339+00:00,KXBTC15M-26SEP232145-45,84263.4,0.9140,0.9150,0.9140,1205082.82,2026-09-24T01:30:00Z,2026-09-24T01:45:00Z
2026-09-24T01:37:01.486+00:00,KXBTC15M-26SEP232145-45,84263.4,0.9130,0.9140,0.9140,1244085.27,2026-09-24T01:30:00Z,2026-09-24T01:45:00Z
2026-09-24T01:37:03.655+00:00,KXBTC15M-26SEP232145-45,84263.4,0.9130,0.9140,0.9140,1244085.27,2026-09-24T01:30:00Z,2026-09-24T01:45:00Z
2026-09-24T01:37:05.791+00:00,KXBTC15M-26SEP232145-45,84263.4,0.9130,0.9140,0.9140,1244085.27,2026-09-24T01:30:00Z,2026-09-24T01:45:00Z
2026-09-24T01:37:07.937+00:00,KXBTC15M-26SEP232145-45,84263.4,0.9130,0.9140,0.9140,1244085.27,2026-09-24T01:30:00Z,2026-09-24T01:45:00Z
2026-09-24T01:37:10.075+00:00,KXBTC15M-26SEP232145-45,84263.4,0.9130,0.9140,0.9140,1244085.27,2026-09-24T01:30:00Z,2026-09-24T01:45:00Z
2026-09-24T01:37:12.284+00:00,KXBTC15M-26SEP232145-45,84263.4,0.9330,0.9340,0.9330,1272830.48,2026-09-24T01:30:00Z,2026-09-24T01:45:00Z
2026-09-24T01:37:14.424+00:00,KXBTC15M-26SEP232145-45,84263.4,0.9330,0.9340,0.9330,1272830.48,2026-09-24T01:30:00Z,2026-09-24T01:45:00Z
2026-09-24T01:37:16.580+00:00,KXBTC15M-26SEP232145-45,84263.4,0.9330,0.9340,0.9330,1272830.48,2026-09-24T01:30:00Z,2026-09-24T01:45:00Z
2026-09-24T01:37:18.739+00:00,KXBTC15M-26SEP232145-45,84263.4,0.9330,0.9340,0.9330,1272830.48,2026-09-24T01:30:00Z,2026-09-24T01:45:00Z
2026-09-24T01:37:20.882+00:00,KXBTC15M-26SEP232145-45,84263.4,0.9330,0.9340,0.9330,1272830.48,2026-09-24T01:30:00Z,2026-09-24T01:45:00Z
2026-09-24T01:37:23.020+00:00,KXBTC15M-26SEP232145-45,84263.4,0.9510,0.9520,0.9510,1375403.72,2026-09-24T01:30:00Z,2026-09-24T01:45:00Z
2026-09-24T01:37:25.159+00:00,KXBTC15M-26SEP232145-45,84263.4,0.9510,0.9520,0.9510,1375403.72,2026-09-24T01:30:00Z,2026-09-24T01:45:00Z
2026-09-24T01:37:27.302+00:00,KXBTC15M-26SEP232145-45,84263.4,0.9510,0.9520,0.9510,1375403.72,2026-09-24T01:30:00Z,2026-09-24T01:45:00Z
2026-09-24T01:37:29.447+00:00,KXBTC15M-26SEP232145-45,84263.4,0.9510,0.9520,0.9510,1375403.72,2026-09-24T01:30:00Z,2026-09-24T01:45:00Z
2026-09-24T01:37:31.705+00:00,KXBTC15M-26SEP232145-45,84263.4,0.9510,0.9520,0.9510,1375403.72,2026-09-24T01:30:00Z,2026-09-24T01:45:00Z
2026-09-24T01:37:33.841+00:00,KXBTC15M-26SEP232145-45,84263.4,0.9450,0.9470,0.9470,1415435.35,2026-09-24T01:30:00Z,2026-09-24T01:45:00Z
2026-09-24T01:37:35.979+00:00,KXBTC15M-26SEP232145-45,84263.4,0.9450,0.9470,0.9470,1415435.35,2026-09-24T01:30:00Z,2026-09-24T01:45:00Z
2026-09-24T01:37:38.132+00:00,KXBTC15M-26SEP232145-45,84263.4,0.9450,0.9470,0.9470,1415435.35,2026-09-24T01:30:00Z,2026-09-24T01:45:00Z
2026-09-24T01:37:40.274+00:00,KXBTC15M-26SEP232145-45,84263.4,0.9450,0.9470,0.9470,1415435.35,2026-09-24T01:30:00Z,2026-09-24T01:45:00Z
2026-09-24T01:37:42.415+00:00,KXBTC15M-26SEP232145-45,84263.4,0.9450,0.9470,0.9470,1415435.35,2026-09-24T01:30:00Z,2026-09-24T01:45:00Z
2026-09-24T01:37:44.557+00:00,KXBTC15M-26SEP232145-45,84263.4,0.7500,0.7600,0.7600,1489183.24,2026-09-24T01:30:00Z,2026-09-24T01:45:00Z
2026-09-24T01:37:46.796+00:00,KXBTC15M-26SEP232145-45,84263.4,0.7500,0.7600,0.7600,1489183.24,2026-09-24T01:30:00Z,2026-09-24T01:45:00Z
2026-09-24T01:37:48.952+00:00,KXBTC15M-26SEP232145-45,84263.4,0.7500,0.7600,0.7600,1489183.24,2026-09-24T01:30:00Z,2026-09-24T01:45:00Z
2026-09-24T01:37:51.093+00:00,KXBTC15M-26SEP232145-45,84263.4,0.7500,0.7600,0.7600,1489183.24,2026-09-24T01:30:00Z,2026-09-24T01:45:00Z
2026-09-24T01:37:53.239+00:00,KXBTC15M-26SEP232145-45,84263.4,0.7500,0.7600,0.7600,1489183.24,2026-09-24T01:30:00Z,2026-09-24T01:45:00Z
2026-09-24T01:37:55.379+00:00,KXBTC15M-26SEP232145-45,84263.4,0.7900,0.8000,0.7900,1571681.07,2026-09-24T01:30:00Z,2026-09-24T01:45:00Z
2026-09-24T01:37:57.519+00:00,KXBTC15M-26SEP232145-45,84263.4,0.7900,0.8000,0.7900,1571681.07,2026-09-24T01:30:00Z,2026-09-24T01:45:00Z
2026-09-24T01:37:59.662+00:00,KXBTC15M-26SEP232145-45,84263.4,0.7900,0.8000,0.7900,1571681.07,2026-09-24T01:30:00Z,2026-09-24T01:45:00Z
2026-09-24T01:38:01.819+00:00,KXBTC15M-26SEP232145-45,84263.4,0.7900,0.8000,0.7900,1571681.07,2026-09-24T01:30:00Z,2026-09-24T01:45:00Z
2026-09-24T01:38:03.963+00:00,KXBTC15M-26SEP232145-45,84263.4,0.7800,0.7900,0.7800,1600718.51,2026-09-24T01:30:00Z,2026-09-24T01:45:00Z
2026-09-24T01:38:06.141+00:00,KXBTC15M-26SEP232145-45,84263.4,0.7800,0.7900,0.7800,1600718.51,2026-09-24T01:30:00Z,2026-09-24T01:45:00Z
2026-09-24T01:38:08.283+00:00,KXBTC15M-26SEP232145-45,84263.4,0.7800,0.7900,0.7800,1600718.51,2026-09-24T01:30:00Z,2026-09-24T01:45:00Z
2026-09-24T01:38:10.455+00:00,KXBTC15M-26SEP232145-45,84263.4,0.7800,0.7900,0.7800,1600718.51,2026-09-24T01:30:00Z,2026-09-24T01:45:00Z
2026-09-24T01:38:12.689+00:00,KXBTC15M-26SEP232145-45,84263.4,0.7800,0.7900,0.7800,1600718.51,2026-09-24T01:30:00Z,2026-09-24T01:45:00Z
2026-09-24T01:38:14.836+00:00,KXBTC15M-26SEP232145-45,84263.4,0.7800,0.7900,0.7800,1600718.51,2026-09-24T01:30:00Z,2026-09-24T01:45:00Z
2026-09-24T01:38:16.971+00:00,KXBTC15M-26SEP232145-45,84263.4,0.7100,0.7200,0.7200,1650675.24,2026-09-24T01:30:00Z,2026-09-24T01:45:00Z
2026-09-24T01:38:19.112+00:00,KXBTC15M-26SEP232145-45,84263.4,0.7100,0.7200,0.7200,1650675.24,2026-09-24T01:30:00Z,2026-09-24T01:45:00Z
2026-09-24T01:38:21.517+00:00,KXBTC15M-26SEP232145-45,84263.4,0.7100,0.7200,0.7200,1650675.24,2026-09-24T01:30:00Z,2026-09-24T01:45:00Z
2026-09-24T01:38:23.659+00:00,KXBTC15M-26SEP232145-45,84263.4,0.7100,0.7200,0.7200,1650675.24,2026-09-24T01:30:00Z,2026-09-24T01:45:00Z
2026-09-24T01:38:26.061+00:00,KXBTC15M-26SEP232145-45,84263.4,0.7100,0.7200,0.7200,1650675.24,2026-09-24T01:30:00Z,2026-09-24T01:45:00Z
2026-09-24T01:38:28.204+00:00,KXBTC15M-26SEP232145-45,84263.4,0.7200,0.7300,0.7200,1694507.10,2026-09-24T01:30:00Z,2026-09-24T01:45:00Z
2026-09-24T01:38:30.373+00:00,KXBTC15M-26SEP232145-45,84263.4,0.7200,0.7300,0.7200,1694507.10,2026-09-24T01:30:00Z,2026-09-24T01:45:00Z
2026-09-24T01:38:32.540+00:00,KXBTC15M-26SEP232145-45,84263.4,0.7200,0.7300,0.7200,1694507.10,2026-09-24T01:30:00Z,2026-09-24T01:45:00Z
2026-09-24T01:38:34.680+00:00,KXBTC15M-26SEP232145-45,84263.4,0.7200,0.7300,0.7200,1694507.10,2026-09-24T01:30:00Z,2026-09-24T01:45:00Z
2026-09-24T01:38:36.836+00:00,KXBTC15M-26SEP232145-45,84263.4,0.7200,0.7300,0.7200,1694507.10,2026-09-24T01:30:00Z,2026-09-24T01:45:00Z
2026-09-24T01:38:38.977+00:00,KXBTC15M-26SEP232145-45,84263.4,0.7100,0.7200,0.7200,1731073.51,2026-09-24T01:30:00Z,2026-09-24T01:45:00Z
2026-09-24T01:38:41.120+00:00,KXBTC15M-26SEP232145-45,84263.4,0.7100,0.7200,0.7200,1731073.51,2026-09-24T01:30:00Z,2026-09-24T01:45:00Z
2026-09-24T01:38:43.260+00:00,KXBTC15M-26SEP232145-45,84263.4,0.7100,0.7200,0.7200,1731073.51,2026-09-24T01:30:00Z,2026-09-24T01:45:00Z
2026-09-24T01:38:45.401+00:00,KXBTC15M-26SEP232145-45,84263.4,0.7100,0.7200,0.7200,1731073.51,2026-09-24T01:30:00Z,2026-09-24T01:45:00Z
2026-09-24T01:38:47.545+00:00,KXBTC15M-26SEP232145-45,84263.4,0.6400,0.6500,0.6400,1776983.01,2026-09-24T01:30:00Z,2026-09-24T01:45:00Z
2026-09-24T01:38:49.687+00:00,KXBTC15M-26SEP232145-45,84263.4,0.6400,0.6500,0.6400,1776983.01,2026-09-24T01:30:00Z,2026-09-24T01:45:00Z
2026-09-24T01:38:51.830+00:00,KXBTC15M-26SEP232145-45,84263.4,0.6400,0.6500,0.6400,1776983.01,2026-09-24T01:30:00Z,2026-09-24T01:45:00Z
2026-09-24T01:38:53.978+00:00,KXBTC15M-26SEP232145-45,84263.4,0.6400,0.6500,0.6400,1776983.01,2026-09-24T01:30:00Z,2026-09-24T01:45:00Z
2026-09-24T01:38:56.201+00:00,KXBTC15M-26SEP232145-45,84263.4,0.6400,0.6500,0.6400,1776983.01,2026-09-24T01:30:00Z,2026-09-24T01:45:00Z
2026-09-24T01:38:58.346+00:00,KXBTC15M-26SEP232145-45,84263.4,0.6400,0.6500,0.6400,1776983.01,2026-09-24T01:30:00Z,2026-09-24T01:45:00Z
2026-09-24T01:39:00.487+00:00,KXBTC15M-26SEP232145-45,84263.4,0.6400,0.6500,0.6400,1816813.83,2026-09-24T01:30:00Z,2026-09-24T01:45:00Z
2026-09-24T01:39:02.641+00:00,KXBTC15M-26SEP232145-45,84263.4,0.6400,0.6500,0.6400,1816813.83,2026-09-24T01:30:00Z,2026-09-24T01:45:00Z
2026-09-24T01:39:04.783+00:00,KXBTC15M-26SEP232145-45,84263.4,0.6400,0.6500,0.6400,1816813.83,2026-09-24T01:30:00Z,2026-09-24T01:45:00Z
2026-09-24T01:39:06.924+00:00,KXBTC15M-26SEP232145-45,84263.4,0.6400,0.6500,0.6400,1816813.83,2026-09-24T01:30:00Z,2026-09-24T01:45:00Z
2026-09-24T01:39:09.063+00:00,KXBTC15M-26SEP232145-45,84263.4,0.6800,0.6900,0.6900,1844975.71,2026-09-24T01:30:00Z,2026-09-24T01:45:00Z
2026-09-24T01:39:11.207+00:00,KXBTC15M-26SEP232145-45,84263.4,0.6800,0.6900,0.6900,1844975.71,2026-09-24T01:30:00Z,2026-09-24T01:45:00Z
2026-09-24T01:39:13.349+00:00,KXBTC15M-26SEP232145-45,84263.4,0.6800,0.6900,0.6900,1844975.71,2026-09-24T01:30:00Z,2026-09-24T01:45:00Z
2026-09-24T01:39:15.551+00:00,KXBTC15M-26SEP232145-45,84263.4,0.6800,0.6900,0.6900,1844975.71,2026-09-24T01:30:00Z,2026-09-24T01:45:00Z
2026-09-24T01:39:17.687+00:00,KXBTC15M-26SEP232145-45,84263.4,0.6800,0.6900,0.6900,1844975.71,2026-09-24T01:30:00Z,2026-09-24T01:45:00Z
2026-09-24T01:39:19.829+00:00,KXBTC15M-26SEP232145-45,84263.4,0.6800,0.6900,0.6900,1844975.71,2026-09-24T01:30:00Z,2026-09-24T01:45:00Z
2026-09-24T01:39:21.972+00:00,KXBTC15M-26SEP232145-45,84263.4,0.6000,0.6100,0.6100,1893155.47,2026-09-24T01:30:00Z,2026-09-24T01:45:00Z
2026-09-24T01:39:24.130+00:00,KXBTC15M-26SEP232145-45,84263.4,0.6000,0.6100,0.6100,1893155.47,2026-09-24T01:30:00Z,2026-09-24T01:45:00Z
2026-09-24T01:39:26.271+00:00,KXBTC15M-26SEP232145-45,84263.4,0.6000,0.6100,0.6100,1893155.47,2026-09-24T01:30:00Z,2026-09-24T01:45:00Z
2026-09-24T01:39:28.411+00:00,KXBTC15M-26SEP232145-45,84263.4,0.6000,0.6100,0.6100,1893155.47,2026-09-24T01:30:00Z,2026-09-24T01:45:00Z
2026-09-24T01:39:30.550+00:00,KXBTC15M-26SEP232145-45,84263.4,0.6000,0.6100,0.6100,1893155.47,2026-09-24T01:30:00Z,2026-09-24T01:45:00Z
2026-09-24T01:39:32.700+00:00,KXBTC15M-26SEP232145-45,84263.4,0.5600,0.5700,0.5700,1937909.12,2026-09-24T01:30:00Z,2026-09-24T01:45:00Z
2026-09-24T01:39:34.841+00:00,KXBTC15M-26SEP232145-45,84263.4,0.5600,0.5700,0.5700,1937909.12,2026-09-24T01:30:00Z,2026-09-24T01:45:00Z
2026-09-24T01:39:36.979+00:00,KXBTC15M-26SEP232145-45,84263.4,0.5600,0.5700,0.5700,1937909.12,2026-09-24T01:30:00Z,2026-09-24T01:45:00Z
2026-09-24T01:39:39.119+00:00,KXBTC15M-26SEP232145-45,84263.4,0.5600,0.5700,0.5700,1937909.12,2026-09-24T01:30:00Z,2026-09-24T01:45:00Z
2026-09-24T01:39:41.260+00:00,KXBTC15M-26SEP232145-45,84263.4,0.5600,0.5700,0.5700,1937909.12,2026-09-24T01:30:00Z,2026-09-24T01:45:00Z
2026-09-24T01:39:43.397+00:00,KXBTC15M-26SEP232145-45,84263.4,0.5400,0.5500,0.5400,1968727.87,2026-09-24T01:30:00Z,2026-09-24T01:45:00Z
2026-09-24T01:39:45.535+00:00,KXBTC15M-26SEP232145-45,84263.4,0.5400,0.5500,0.5400,1968727.87,2026-09-24T01:30:00Z,2026-09-24T01:45:00Z
2026-09-24T01:39:47.677+00:00,KXBTC15M-26SEP232145-45,84263.4,0.5400,0.5500,0.5400,1968727.87,2026-09-24T01:30:00Z,2026-09-24T01:45:00Z
2026-09-24T01:39:49.823+00:00,KXBTC15M-26SEP232145-45,84263.4,0.5400,0.5500,0.5400,1968727.87,2026-09-24T01:30:00Z,2026-09-24T01:45:00Z
2026-09-24T01:39:51.970+00:00,KXBTC15M-26SEP232145-45,84263.4,0.5400,0.5500,0.5400,1968727.87,2026-09-24T01:30:00Z,2026-09-24T01:45:00Z
2026-09-24T01:39:54.112+00:00,KXBTC15M-26SEP232145-45,84263.4,0.5500,0.5600,0.5600,2000065.35,2026-09-24T01:30:00Z,2026-09-24T01:45:00Z
2026-09-24T01:39:56.281+00:00,KXBTC15M-26SEP232145-45,84263.4,0.5500,0.5600,0.5600,2000065.35,2026-09-24T01:30:00Z,2026-09-24T01:45:00Z
2026-09-24T01:39:58.423+00:00,KXBTC15M-26SEP232145-45,84263.4,0.5500,0.5600,0.5600,2000065.35,2026-09-24T01:30:00Z,2026-09-24T01:45:00Z
2026-09-24T01:40:00.589+00:00,KXBTC15M-26SEP232145-45,84263.4,0.5500,0.5600,0.5600,2000065.35,2026-09-24T01:30:00Z,2026-09-24T01:45:00Z
2026-09-24T01:40:02.769+00:00,KXBTC15M-26SEP232145-45,84263.4,0.5500,0.5600,0.5600,2000065.35,2026-09-24T01:30:00Z,2026-09-24T01:45:00Z
2026-09-24T01:40:04.911+00:00,KXBTC15M-26SEP232145-45,84263.4,0.6100,0.6200,0.6100,2032382.85,2026-09-24T01:30:00Z,2026-09-24T01:45:00Z
2026-09-24T01:40:07.053+00:00,KXBTC15M-26SEP232145-45,84263.4,0.6100,0.6200,0.6100,2032382.85,2026-09-24T01:30:00Z,2026-09-24T01:45:00Z
2026-09-24T01:40:09.191+00:00,KXBTC15M-26SEP232145-45,84263.4,0.6100,0.6200,0.6100,2032382.85,2026-09-24T01:30:00Z,2026-09-24T01:45:00Z
2026-09-24T01:40:11.327+00:00,KXBTC15M-26SEP232145-45,84263.4,0.6100,0.6200,0.6100,2032382.85,2026-09-24T01:30:00Z,2026-09-24T01:45:00Z
2026-09-24T01:40:13.469+00:00,KXBTC15M-26SEP232145-45,84263.4,0.6100,0.6200,0.6100,2032382.85,2026-09-24T01:30:00Z,2026-09-24T01:45:00Z
2026-09-24T01:40:15.608+00:00,KXBTC15M-26SEP232145-45,84263.4,0.5000,0.5100,0.5100,2090738.48,2026-09-24T01:30:00Z,2026-09-24T01:45:00Z
2026-09-24T01:40:17.750+00:00,KXBTC15M-26SEP232145-45,84263.4,0.5000,0.5100,0.5100,2090738.48,2026-09-24T01:30:00Z,2026-09-24T01:45:00Z
2026-09-24T01:40:19.959+00:00,KXBTC15M-26SEP232145-45,84263.4,0.5000,0.5100,0.5100,2090738.48,2026-09-24T01:30:00Z,2026-09-24T01:45:00Z
2026-09-24T01:40:22.116+00:00,KXBTC15M-26SEP232145-45,84263.4,0.5000,0.5100,0.5100,2090738.48,2026-09-24T01:30:00Z,2026-09-24T01:45:00Z
2026-09-24T01:40:24.254+00:00,KXBTC15M-26SEP232145-45,84263.4,0.3900,0.4000,0.3900,2175639.04,2026-09-24T01:30:00Z,2026-09-24T01:45:00Z
2026-09-24T01:40:26.393+00:00,KXBTC15M-26SEP232145-45,84263.4,0.3900,0.4000,0.3900,2175639.04,2026-09-24T01:30:00Z,2026-09-24T01:45:00Z
2026-09-24T01:40:28.530+00:00,KXBTC15M-26SEP232145-45,84263.4,0.3900,0.4000,0.3900,2175639.04,2026-09-24T01:30:00Z,2026-09-24T01:45:00Z
2026-09-24T01:40:30.667+00:00,KXBTC15M-26SEP232145-45,84263.4,0.3900,0.4000,0.3900,2175639.04,2026-09-24T01:30:00Z,2026-09-24T01:45:00Z
2026-09-24T01:40:32.825+00:00,KXBTC15M-26SEP232145-45,84263.4,0.3900,0.4000,0.3900,2175639.04,2026-09-24T01:30:00Z,2026-09-24T01:45:00Z
2026-09-24T01:40:34.966+00:00,KXBTC15M-26SEP232145-45,84263.4,0.4000,0.4100,0.4000,2208075.89,2026-09-24T01:30:00Z,2026-09-24T01:45:00Z
2026-09-24T01:40:37.103+00:00,KXBTC15M-26SEP232145-45,84263.4,0.4000,0.4100,0.4000,2208075.89,2026-09-24T01:30:00Z,2026-09-24T01:45:00Z
2026-09-24T01:40:39.273+00:00,KXBTC15M-26SEP232145-45,84263.4,0.4000,0.4100,0.4000,2208075.89,2026-09-24T01:30:00Z,2026-09-24T01:45:00Z
2026-09-24T01:40:41.412+00:00,KXBTC15M-26SEP232145-45,84263.4,0.4000,0.4100,0.4000,2208075.89,2026-09-24T01:30:00Z,2026-09-24T01:45:00Z
2026-09-24T01:40:43.549+00:00,KXBTC15M-26SEP232145-45,84263.4,0.4000,0.4100,0.4000,2208075.89,2026-09-24T01:30:00Z,2026-09-24T01:45:00Z
2026-09-24T01:40:45.805+00:00,KXBTC15M-26SEP232145-45,84263.4,0.3800,0.3900,0.3800,2232341.35,2026-09-24T01:30:00Z,2026-09-24T01:45:00Z
2026-09-24T01:40:47.943+00:00,KXBTC15M-26SEP232145-45,84263.4,0.3800,0.3900,0.3800,2232341.35,2026-09-24T01:30:00Z,2026-09-24T01:45:00Z
2026-09-24T01:40:50.098+00:00,KXBTC15M-26SEP232145-45,84263.4,0.3800,0.3900,0.3800,2232341.35,2026-09-24T01:30:00Z,2026-09-24T01:45:00Z
2026-09-24T01:40:52.242+00:00,KXBTC15M-26SEP232145-45,84263.4,0.3800,0.3900,0.3800,2232341.35,2026-09-24T01:30:00Z,2026-09-24T01:45:00Z
2026-09-24T01:40:54.394+00:00,KXBTC15M-26SEP232145-45,84263.4,0.3800,0.3900,0.3800,2232341.35,2026-09-24T01:30:00Z,2026-09-24T01:45:00Z
2026-09-24T01:40:56.533+00:00,KXBTC15M-26SEP232145-45,84263.4,0.3200,0.3300,0.3300,2290612.07,2026-09-24T01:30:00Z,2026-09-24T01:45:00Z
2026-09-24T01:40:58.687+00:00,KXBTC15M-26SEP232145-45,84263.4,0.3200,0.3300,0.3300,2290612.07,2026-09-24T01:30:00Z,2026-09-24T01:45:00Z
2026-09-24T01:41:00.922+00:00,KXBTC15M-26SEP232145-45,84263.4,0.3200,0.3300,0.3300,2290612.07,2026-09-24T01:30:00Z,2026-09-24T01:45:00Z
2026-09-24T01:41:03.077+00:00,KXBTC15M-26SEP232145-45,84263.4,0.3200,0.3300,0.3300,2290612.07,2026-09-24T01:30:00Z,2026-09-24T01:45:00Z
2026-09-24T01:41:05.349+00:00,KXBTC15M-26SEP232145-45,84263.4,0.3200,0.3300,0.3300,2290612.07,2026-09-24T01:30:00Z,2026-09-24T01:45:00Z
2026-09-24T01:41:07.491+00:00,KXBTC15M-26SEP232145-45,84263.4,0.2600,0.2700,0.2700,2328510.95,2026-09-24T01:30:00Z,2026-09-24T01:45:00Z
2026-09-24T01:41:09.636+00:00,KXBTC15M-26SEP232145-45,84263.4,0.2600,0.2700,0.2700,2328510.95,2026-09-24T01:30:00Z,2026-09-24T01:45:00Z
2026-09-24T01:41:11.778+00:00,KXBTC15M-26SEP232145-45,84263.4,0.2600,0.2700,0.2700,2328510.95,2026-09-24T01:30:00Z,2026-09-24T01:45:00Z
2026-09-24T01:41:14.024+00:00,KXBTC15M-26SEP232145-45,84263.4,0.2600,0.2700,0.2700,2328510.95,2026-09-24T01:30:00Z,2026-09-24T01:45:00Z
2026-09-24T01:41:16.164+00:00,KXBTC15M-26SEP232145-45,84263.4,0.2600,0.2700,0.2700,2328510.95,2026-09-24T01:30:00Z,2026-09-24T01:45:00Z
2026-09-24T01:41:18.309+00:00,KXBTC15M-26SEP232145-45,84263.4,0.2500,0.2600,0.2600,2367099.04,2026-09-24T01:30:00Z,2026-09-24T01:45:00Z
2026-09-24T01:41:20.450+00:00,KXBTC15M-26SEP232145-45,84263.4,0.2500,0.2600,0.2600,2367099.04,2026-09-24T01:30:00Z,2026-09-24T01:45:00Z
2026-09-24T01:41:22.592+00:00,KXBTC15M-26SEP232145-45,84263.4,0.2500,0.2600,0.2600,2367099.04,2026-09-24T01:30:00Z,2026-09-24T01:45:00Z
2026-09-24T01:41:24.734+00:00,KXBTC15M-26SEP232145-45,84263.4,0.2500,0.2600,0.2600,2367099.04,2026-09-24T01:30:00Z,2026-09-24T01:45:00Z
2026-09-24T01:41:26.878+00:00,KXBTC15M-26SEP232145-45,84263.4,0.2500,0.2600,0.2600,2367099.04,2026-09-24T01:30:00Z,2026-09-24T01:45:00Z
2026-09-24T01:41:29.018+00:00,KXBTC15M-26SEP232145-45,84263.4,0.2500,0.2600,0.2600,2367099.04,2026-09-24T01:30:00Z,2026-09-24T01:45:00Z
2026-09-24T01:41:31.166+00:00,KXBTC15M-26SEP232145-45,84263.4,0.2200,0.2400,0.2400,2429627.34,2026-09-24T01:30:00Z,2026-09-24T01:45:00Z
2026-09-24T01:41:33.322+00:00,KXBTC15M-26SEP232145-45,84263.4,0.2200,0.2400,0.2400,2429627.34,2026-09-24T01:30:00Z,2026-09-24T01:45:00Z
2026-09-24T01:41:35.469+00:00,KXBTC15M-26SEP232145-45,84263.4,0.2200,0.2400,0.2400,2429627.34,2026-09-24T01:30:00Z,2026-09-24T01:45:00Z
2026-09-24T01:41:37.609+00:00,KXBTC15M-26SEP232145-45,84263.4,0.2200,0.2400,0.2400,2429627.34,2026-09-24T01:30:00Z,2026-09-24T01:45:00Z
2026-09-24T01:41:39.795+00:00,KXBTC15M-26SEP232145-45,84263.4,0.2400,0.2500,0.2500,2462796.23,2026-09-24T01:30:00Z,2026-09-24T01:45:00Z
2026-09-24T01:41:41.937+00:00,KXBTC15M-26SEP232145-45,84263.4,0.2400,0.2500,0.2500,2462796.23,2026-09-24T01:30:00Z,2026-09-24T01:45:00Z
2026-09-24T01:41:44.077+00:00,KXBTC15M-26SEP232145-45,84263.4,0.2400,0.2500,0.2500,2462796.23,2026-09-24T01:30:00Z,2026-09-24T01:45:00Z
2026-09-24T01:41:46.235+00:00,KXBTC15M-26SEP232145-45,84263.4,0.2400,0.2500,0.2500,2462796.23,2026-09-24T01:30:00Z,2026-09-24T01:45:00Z
2026-09-24T01:41:48.372+00:00,KXBTC15M-26SEP232145-45,84263.4,0.2400,0.2500,0.2500,2462796.23,2026-09-24T01:30:00Z,2026-09-24T01:45:00Z
2026-09-24T01:41:50.514+00:00,KXBTC15M-26SEP232145-45,84263.4,0.2400,0.2500,0.2500,2462796.23,2026-09-24T01:30:00Z,2026-09-24T01:45:00Z
2026-09-24T01:41:52.655+00:00,KXBTC15M-26SEP232145-45,84263.4,0.2600,0.2700,0.2700,2513115.94,2026-09-24T01:30:00Z,2026-09-24T01:45:00Z
2026-09-24T01:41:54.819+00:00,KXBTC15M-26SEP232145-45,84263.4,0.2600,0.2700,0.2700,2513115.94,2026-09-24T01:30:00Z,2026-09-24T01:45:00Z
2026-09-24T01:41:56.962+00:00,KXBTC15M-26SEP232145-45,84263.4,0.2600,0.2700,0.2700,2513115.94,2026-09-24T01:30:00Z,2026-09-24T01:45:00Z
2026-09-24T01:41:59.139+00:00,KXBTC15M-26SEP232145-45,84263.4,0.2600,0.2700,0.2700,2513115.94,2026-09-24T01:30:00Z,2026-09-24T01:45:00Z
2026-09-24T01:42:01.279+00:00,KXBTC15M-26SEP232145-45,84263.4,0.2600,0.2700,0.2700,2513115.94,2026-09-24T01:30:00Z,2026-09-24T01:45:00Z
2026-09-24T01:42:03.431+00:00,KXBTC15M-26SEP232145-45,84263.4,0.1800,0.1900,0.1900,2554232.15,2026-09-24T01:30:00Z,2026-09-24T01:45:00Z
2026-09-24T01:42:05.576+00:00,KXBTC15M-26SEP232145-45,84263.4,0.1800,0.1900,0.1900,2554232.15,2026-09-24T01:30:00Z,2026-09-24T01:45:00Z
2026-09-24T01:42:07.718+00:00,KXBTC15M-26SEP232145-45,84263.4,0.1800,0.1900,0.1900,2554232.15,2026-09-24T01:30:00Z,2026-09-24T01:45:00Z
2026-09-24T01:42:09.856+00:00,KXBTC15M-26SEP232145-45,84263.4,0.1800,0.1900,0.1900,2554232.15,2026-09-24T01:30:00Z,2026-09-24T01:45:00Z
2026-09-24T01:42:12.005+00:00,KXBTC15M-26SEP232145-45,84263.4,0.1600,0.1700,0.1600,2592253.67,2026-09-24T01:30:00Z,2026-09-24T01:45:00Z
2026-09-24T01:42:14.143+00:00,KXBTC15M-26SEP232145-45,84263.4,0.1600,0.1700,0.1600,2592253.67,2026-09-24T01:30:00Z,2026-09-24T01:45:00Z
2026-09-24T01:42:16.285+00:00,KXBTC15M-26SEP232145-45,84263.4,0.1600,0.1700,0.1600,2592253.67,2026-09-24T01:30:00Z,2026-09-24T01:45:00Z
2026-09-24T01:42:18.423+00:00,KXBTC15M-26SEP232145-45,84263.4,0.1600,0.1700,0.1600,2592253.67,2026-09-24T01:30:00Z,2026-09-24T01:45:00Z
2026-09-24T01:42:20.808+00:00,KXBTC15M-26SEP232145-45,84263.4,0.1600,0.1700,0.1600,2592253.67,2026-09-24T01:30:00Z,2026-09-24T01:45:00Z
2026-09-24T01:42:22.951+00:00,KXBTC15M-26SEP232145-45,84263.4,0.1500,0.1600,0.1500,2634239.07,2026-09-24T01:30:00Z,2026-09-24T01:45:00Z
2026-09-24T01:42:25.090+00:00,KXBTC15M-26SEP232145-45,84263.4,0.1500,0.1600,0.1500,2634239.07,2026-09-24T01:30:00Z,2026-09-24T01:45:00Z
2026-09-24T01:42:27.234+00:00,KXBTC15M-26SEP232145-45,84263.4,0.1500,0.1600,0.1500,2634239.07,2026-09-24T01:30:00Z,2026-09-24T01:45:00Z
2026-09-24T01:42:29.389+00:00,KXBTC15M-26SEP232145-45,84263.4,0.1500,0.1600,0.1500,2634239.07,2026-09-24T01:30:00Z,2026-09-24T01:45:00Z
2026-09-24T01:42:31.525+00:00,KXBTC15M-26SEP232145-45,84263.4,0.1500,0.1600,0.1500,2634239.07,2026-09-24T01:30:00Z,2026-09-24T01:45:00Z
2026-09-24T01:42:33.680+00:00,KXBTC15M-26SEP232145-45,84263.4,0.1100,0.1200,0.1100,2664897.54,2026-09-24T01:30:00Z,2026-09-24T01:45:00Z
2026-09-24T01:42:35.825+00:00,KXBTC15M-26SEP232145-45,84263.4,0.1100,0.1200,0.1100,2664897.54,2026-09-24T01:30:00Z,2026-09-24T01:45:00Z
2026-09-24T01:42:37.970+00:00,KXBTC15M-26SEP232145-45,84263.4,0.1100,0.1200,0.1100,2664897.54,2026-09-24T01:30:00Z,2026-09-24T01:45:00Z
2026-09-24T01:42:40.111+00:00,KXBTC15M-26SEP232145-45,84263.4,0.1100,0.1200,0.1100,2664897.54,2026-09-24T01:30:00Z,2026-09-24T01:45:00Z
2026-09-24T01:42:42.250+00:00,KXBTC15M-26SEP232145-45,84263.4,0.1100,0.1200,0.1100,2664897.54,2026-09-24T01:30:00Z,2026-09-24T01:45:00Z
2026-09-24T01:42:44.389+00:00,KXBTC15M-26SEP232145-45,84263.4,0.0790,0.0800,0.0790,2717199.11,2026-09-24T01:30:00Z,2026-09-24T01:45:00Z
2026-09-24T01:42:46.531+00:00,KXBTC15M-26SEP232145-45,84263.4,0.0790,0.0800,0.0790,2717199.11,2026-09-24T01:30:00Z,2026-09-24T01:45:00Z
2026-09-24T01:42:48.674+00:00,KXBTC15M-26SEP232145-45,84263.4,0.0790,0.0800,0.0790,2717199.11,2026-09-24T01:30:00Z,2026-09-24T01:45:00Z
2026-09-24T01:42:50.838+00:00,KXBTC15M-26SEP232145-45,84263.4,0.0790,0.0800,0.0790,2717199.11,2026-09-24T01:30:00Z,2026-09-24T01:45:00Z
2026-09-24T01:42:52.977+00:00,KXBTC15M-26SEP232145-45,84263.4,0.0790,0.0800,0.0790,2717199.11,2026-09-24T01:30:00Z,2026-09-24T01:45:00Z
2026-09-24T01:42:55.196+00:00,KXBTC15M-26SEP232145-45,84263.4,0.0400,0.0410,0.0410,2769580.32,2026-09-24T01:30:00Z,2026-09-24T01:45:00Z
2026-09-24T01:42:57.587+00:00,KXBTC15M-26SEP232145-45,84263.4,0.0400,0.0410,0.0410,2769580.32,2026-09-24T01:30:00Z,2026-09-24T01:45:00Z
2026-09-24T01:42:59.976+00:00,KXBTC15M-26SEP232145-45,84263.4,0.0400,0.0410,0.0410,2769580.32,2026-09-24T01:30:00Z,2026-09-24T01:45:00Z
2026-09-24T01:43:02.117+00:00,KXBTC15M-26SEP232145-45,84263.4,0.0400,0.0410,0.0410,2769580.32,2026-09-24T01:30:00Z,2026-09-24T01:45:00Z
2026-09-24T01:43:04.269+00:00,KXBTC15M-26SEP232145-45,84263.4,0.0400,0.0410,0.0410,2769580.32,2026-09-24T01:30:00Z,2026-09-24T01:45:00Z
2026-09-24T01:43:06.411+00:00,KXBTC15M-26SEP232145-45,84263.4,0.0370,0.0390,0.0390,2847846.45,2026-09-24T01:30:00Z,2026-09-24T01:45:00Z
2026-09-24T01:43:08.551+00:00,KXBTC15M-26SEP232145-45,84263.4,0.0370,0.0390,0.0390,2847846.45,2026-09-24T01:30:00Z,2026-09-24T01:45:00Z
2026-09-24T01:43:10.693+00:00,KXBTC15M-26SEP232145-45,84263.4,0.0370,0.0390,0.0390,2847846.45,2026-09-24T01:30:00Z,2026-09-24T01:45:00Z
2026-09-24T01:43:12.843+00:00,KXBTC15M-26SEP232145-45,84263.4,0.0370,0.0390,0.0390,2847846.45,2026-09-24T01:30:00Z,2026-09-24T01:45:00Z
2026-09-24T01:43:14.983+00:00,KXBTC15M-26SEP232145-45,84263.4,0.0370,0.0390,0.0390,2847846.45,2026-09-24T01:30:00Z,2026-09-24T01:45:00Z
2026-09-24T01:43:17.122+00:00,KXBTC15M-26SEP232145-45,84263.4,0.0210,0.0220,0.0140,2923434.34,2026-09-24T01:30:00Z,2026-09-24T01:45:00Z
2026-09-24T01:43:19.257+00:00,KXBTC15M-26SEP232145-45,84263.4,0.0210,0.0220,0.0140,2923434.34,2026-09-24T01:30:00Z,2026-09-24T01:45:00Z
2026-09-24T01:43:21.635+00:00,KXBTC15M-26SEP232145-45,84263.4,0.0210,0.0220,0.0140,2923434.34,2026-09-24T01:30:00Z,2026-09-24T01:45:00Z
2026-09-24T01:43:23.779+00:00,KXBTC15M-26SEP232145-45,84263.4,0.0210,0.0220,0.0140,2923434.34,2026-09-24T01:30:00Z,2026-09-24T01:45:00Z
2026-09-24T01:43:25.917+00:00,KXBTC15M-26SEP232145-45,84263.4,0.0210,0.0220,0.0140,2923434.34,2026-09-24T01:30:00Z,2026-09-24T01:45:00Z
2026-09-24T01:43:28.058+00:00,KXBTC15M-26SEP232145-45,84263.4,0.0060,0.0070,0.0070,3020605.58,2026-09-24T01:30:00Z,2026-09-24T01:45:00Z
2026-09-24T01:43:30.196+00:00,KXBTC15M-26SEP232145-45,84263.4,0.0060,0.0070,0.0070,3020605.58,2026-09-24T01:30:00Z,2026-09-24T01:45:00Z
2026-09-24T01:43:32.337+00:00,KXBTC15M-26SEP232145-45,84263.4,0.0060,0.0070,0.0070,3020605.58,2026-09-24T01:30:00Z,2026-09-24T01:45:00Z
2026-09-24T01:43:34.490+00:00,KXBTC15M-26SEP232145-45,84263.4,0.0060,0.0070,0.0070,3020605.58,2026-09-24T01:30:00Z,2026-09-24T01:45:00Z
2026-09-24T01:43:36.629+00:00,KXBTC15M-26SEP232145-45,84263.4,0.0060,0.0070,0.0070,3020605.58,2026-09-24T01:30:00Z,2026-09-24T01:45:00Z
2026-09-24T01:43:38.766+00:00,KXBTC15M-26SEP232145-45,84263.4,0.0030,0.0040,0.0040,3127988.89,2026-09-24T01:30:00Z,2026-09-24T01:45:00Z
2026-09-24T01:43:40.901+00:00,KXBTC15M-26SEP232145-45,84263.4,0.0030,0.0040,0.0040,3127988.89,2026-09-24T01:30:00Z,2026-09-24T01:45:00Z
2026-09-24T01:43:43.235+00:00,KXBTC15M-26SEP232145-45,84263.4,0.0030,0.0040,0.0040,3127988.89,2026-09-24T01:30:00Z,2026-09-24T01:45:00Z
2026-09-24T01:43:45.376+00:00,KXBTC15M-26SEP232145-45,84263.4,0.0030,0.0040,0.0040,3127988.89,2026-09-24T01:30:00Z,2026-09-24T01:45:00Z
2026-09-24T01:43:47.615+00:00,KXBTC15M-26SEP232145-45,84263.4,0.0030,0.0040,0.0040,3127988.89,2026-09-24T01:30:00Z,2026-09-24T01:45:00Z
2026-09-24T01:43:49.762+00:00,KXBTC15M-26SEP232145-45,84263.4,0.0010,0.0020,0.0010,3293992.22,2026-09-24T01:30:00Z,2026-09-24T01:45:00Z
2026-09-24T01:43:51.905+00:00,KXBTC15M-26SEP232145-45,84263.4,0.0010,0.0020,0.0010,3293992.22,2026-09-24T01:30:00Z,2026-09-24T01:45:00Z
2026-09-24T01:43:54.045+00:00,KXBTC15M-26SEP232145-45,84263.4,0.0010,0.0020,0.0010,3293992.22,2026-09-24T01:30:00Z,2026-09-24T01:45:00Z
2026-09-24T01:43:56.184+00:00,KXBTC15M-26SEP232145-45,84263.4,0.0010,0.0020,0.0010,3293992.22,2026-09-24T01:30:00Z,2026-09-24T01:45:00Z
2026-09-24T01:43:58.323+00:00,KXBTC15M-26SEP232145-45,84263.4,0.0010,0.0020,0.0010,3293992.22,2026-09-24T01:30:00Z,2026-09-24T01:45:00Z
2026-09-24T01:44:00.462+00:00,KXBTC15M-26SEP232145-45,84263.4,0.0000,0.0010,0.0010,3588405.60,2026-09-24T01:30:00Z,2026-09-24T01:45:00Z
2026-09-24T01:44:02.598+00:00,KXBTC15M-26SEP232145-45,84263.4,0.0000,0.0010,0.0010,3588405.60,2026-09-24T01:30:00Z,2026-09-24T01:45:00Z
2026-09-24T01:44:04.754+00:00,KXBTC15M-26SEP232145-45,84263.4,0.0000,0.0010,0.0010,3588405.60,2026-09-24T01:30:00Z,2026-09-24T01:45:00Z
2026-09-24T01:44:06.902+00:00,KXBTC15M-26SEP232145-45,84263.4,0.0000,0.0010,0.0010,3588405.60,2026-09-24T01:30:00Z,2026-09-24T01:45:00Z
2026-09-24T01:44:09.044+00:00,KXBTC15M-26SEP232145-45,84263.4,0.0000,0.0010,0.0010,3689179.35,2026-09-24T01:30:00Z,2026-09-24T01:45:00Z
2026-09-24T01:44:11.186+00:00,KXBTC15M-26SEP232145-45,84263.4,0.0000,0.0010,0.0010,3689179.35,2026-09-24T01:30:00Z,2026-09-24T01:45:00Z
2026-09-24T01:44:13.332+00:00,KXBTC15M-26SEP232145-45,84263.4,0.0000,0.0010,0.0010,3689179.35,2026-09-24T01:30:00Z,2026-09-24T01:45:00Z
2026-09-24T01:44:15.503+00:00,KXBTC15M-26SEP232145-45,84263.4,0.0000,0.0010,0.0010,3689179.35,2026-09-24T01:30:00Z,2026-09-24T01:45:00Z
2026-09-24T01:44:17.641+00:00,KXBTC15M-26SEP232145-45,84263.4,0.0000,0.0010,0.0010,3689179.35,2026-09-24T01:30:00Z,2026-09-24T01:45:00Z
2026-09-24T01:44:19.780+00:00,KXBTC15M-26SEP232145-45,84263.4,0.0000,0.0010,0.0020,4150456.48,2026-09-24T01:30:00Z,2026-09-24T01:45:00Z
2026-09-24T01:44:21.919+00:00,KXBTC15M-26SEP232145-45,84263.4,0.0000,0.0010,0.0020,4150456.48,2026-09-24T01:30:00Z,2026-09-24T01:45:00Z
2026-09-24T01:44:24.063+00:00,KXBTC15M-26SEP232145-45,84263.4,0.0000,0.0010,0.0020,4150456.48,2026-09-24T01:30:00Z,2026-09-24T01:45:00Z
2026-09-24T01:44:26.201+00:00,KXBTC15M-26SEP232145-45,84263.4,0.0000,0.0010,0.0020,4150456.48,2026-09-24T01:30:00Z,2026-09-24T01:45:00Z
2026-09-24T01:44:28.347+00:00,KXBTC15M-26SEP232145-45,84263.4,0.0000,0.0010,0.0020,4150456.48,2026-09-24T01:30:00Z,2026-09-24T01:45:00Z
2026-09-24T01:44:30.659+00:00,KXBTC15M-26SEP232145-45,84263.4,0.0000,0.0010,0.0020,4150456.48,2026-09-24T01:30:00Z,2026-09-24T01:45:00Z
2026-09-24T01:44:32.806+00:00,KXBTC15M-26SEP232145-45,84263.4,0.0000,0.0020,0.0010,4217397.14,2026-09-24T01:30:00Z,2026-09-24T01:45:00Z
2026-09-24T01:44:34.960+00:00,KXBTC15M-26SEP232145-45,84263.4,0.0000,0.0020,0.0010,4217397.14,2026-09-24T01:30:00Z,2026-09-24T01:45:00Z
2026-09-24T01:44:37.098+00:00,KXBTC15M-26SEP232145-45,84263.4,0.0000,0.0020,0.0010,4217397.14,2026-09-24T01:30:00Z,2026-09-24T01:45:00Z
2026-09-24T01:44:39.236+00:00,KXBTC15M-26SEP232145-45,84263.4,0.0000,0.0020,0.0010,4217397.14,2026-09-24T01:30:00Z,2026-09-24T01:45:00Z
2026-09-24T01:44:41.421+00:00,KXBTC15M-26SEP232145-45,84263.4,0.0000,0.0020,0.0010,4217397.14,2026-09-24T01:30:00Z,2026-09-24T01:45:00Z
2026-09-24T01:44:43.559+00:00,KXBTC15M-26SEP232145-45,84263.4,0.0000,0.0010,0.0010,4337869.10,2026-09-24T01:30:00Z,2026-09-24T01:45:00Z
2026-09-24T01:44:45.700+00:00,KXBTC15M-26SEP232145-45,84263.4,0.0000,0.0010,0.0010,4337869.10,2026-09-24T01:30:00Z,2026-09-24T01:45:00Z
2026-09-24T01:44:48.091+00:00,KXBTC15M-26SEP232145-45,84263.4,0.0000,0.0010,0.0010,4337869.10,2026-09-24T01:30:00Z,2026-09-24T01:45:00Z
2026-09-24T01:44:50.271+00:00,KXBTC15M-26SEP232145-45,84263.4,0.0000,0.0010,0.0010,4337869.10,2026-09-24T01:30:00Z,2026-09-24T01:45:00Z
2026-09-24T01:44:52.412+00:00,KXBTC15M-26SEP232145-45,84263.4,0.0000,0.0010,0.0010,4337869.10,2026-09-24T01:30:00Z,2026-09-24T01:45:00Z
2026-09-24T01:44:54.556+00:00,KXBTC15M-26SEP232145-45,84263.4,0.0000,0.0010,0.0010,4459849.09,2026-09-24T01:30:00Z,2026-09-24T01:45:00Z
2026-09-24T01:44:56.697+00:00,KXBTC15M-26SEP232145-45,84263.4,0.0000,0.0010,0.0010,4459849.09,2026-09-24T01:30:00Z,2026-09-24T01:45:00Z
2026-09-24T01:44:58.837+00:00,KXBTC15M-26SEP232145-45,84263.4,0.0000,0.0010,0.0010,4459849.09,2026-09-24T01:30:00Z,2026-09-24T01:45:00Z
2026-09-24T01:45:00.978+00:00,KXBTC15M-26SEP232145-45,84263.4,0.0000,0.0010,0.0010,4459849.09,2026-09-24T01:30:00Z,2026-09-24T01:45:00Z
2026-09-24T01:45:03.118+00:00,KXBTC15M-26SEP232145-45,84263.4,0.0000,0.0010,0.0010,4459849.09,2026-09-24T01:30:00Z,2026-09-24T01:45:00Z
2026-09-24T01:45:05.268+00:00,KXBTC15M-26SEP232145-45,84263.4,0.0000,1.0000,0.0010,4492609.68,2026-09-24T01:30:00Z,2026-09-24T01:45:00Z
2026-09-24T01:45:07.420+00:00,KXBTC15M-26SEP232145-45,84263.4,0.0000,1.0000,0.0010,4492609.68,2026-09-24T01:30:00Z,2026-09-24T01:45:00Z
2026-09-24T01:45:09.570+00:00,KXBTC15M-26SEP232145-45,84263.4,0.0000,1.0000,0.0010,4492609.68,2026-09-24T01:30:00Z,2026-09-24T01:45:00Z
2026-09-24T01:45:11.710+00:00,KXBTC15M-26SEP232145-45,84263.4,0.0000,1.0000,0.0010,4492609.68,2026-09-24T01:30:00Z,2026-09-24T01:45:00Z
2026-09-24T01:45:13.851+00:00,KXBTC15M-26SEP232145-45,84263.4,0.0000,1.0000,0.0010,4492609.68,2026-09-24T01:30:00Z,2026-09-24T01:45:00Z
2026-09-24T01:45:16.001+00:00,KXBTC15M-26SEP232145-45,84263.4,0.0000,1.0000,0.0010,4492609.68,2026-09-24T01:30:00Z,2026-09-24T01:45:00Z
2026-09-24T01:45:18.140+00:00,KXBTC15M-26SEP232145-45,84263.4,0.0000,1.0000,0.0010,4492609.68,2026-09-24T01:30:00Z,2026-09-24T01:45:00Z
2026-09-24T01:45:20.533+00:00,KXBTC15M-26SEP232145-45,84263.4,0.0000,1.0000,0.0010,4492609.68,2026-09-24T01:30:00Z,2026-09-24T01:45:00Z
2026-09-24T01:45:22.678+00:00,KXBTC15M-26SEP232145-45,84263.4,0.0000,1.0000,0.0010,4492609.68,2026-09-24T01:30:00Z,2026-09-24T01:45:00Z
2026-09-24T01:45:24.819+00:00,KXBTC15M-26SEP232145-45,84263.4,0.0000,1.0000,0.0010,4492609.68,2026-09-24T01:30:00Z,2026-09-24T01:45:00Z
2026-09-24T01:45:26.963+00:00,KXBTC15M-26SEP232145-45,84263.4,0.0000,1.0000,0.0010,4492609.68,2026-09-24T01:30:00Z,2026-09-24T01:45:00Z
2026-09-24T01:45:29.138+00:00,KXBTC15M-26SEP232145-45,84263.4,0.0000,1.0000,0.0010,4492609.68,2026-09-24T01:30:00Z,2026-09-24T01:45:00Z
2026-09-24T01:45:31.276+00:00,KXBTC15M-26SEP232145-45,84263.4,0.0000,1.0000,0.0010,4492609.68,2026-09-24T01:30:00Z,2026-09-24T01:45:00Z
2026-09-24T01:45:33.426+00:00,KXBTC15M-26SEP232145-45,84263.4,0.0000,1.0000,0.0010,4492609.68,2026-09-24T01:30:00Z,2026-09-24T01:45:00Z
2026-09-24T01:45:35.575+00:00,KXBTC15M-26SEP232200-00,84156.9,0.4900,0.5000,0.4900,128489.00,2026-09-24T01:45:00Z,2026-09-24T02:00:00Z
2026-09-24T01:45:37.716+00:00,KXBTC15M-26SEP232200-00,84156.9,0.4900,0.5000,0.4900,128489.00,2026-09-24T01:45:00Z,2026-09-24T02:00:00Z
2026-09-24T01:45:39.925+00:00,KXBTC15M-26SEP232200-00,84156.9,0.5600,0.5700,0.5600,157590.57,2026-09-24T01:45:00Z,2026-09-24T02:00:00Z
2026-09-24T01:45:42.066+00:00,KXBTC15M-26SEP232200-00,84156.9,0.5600,0.5700,0.5600,157590.57,2026-09-24T01:45:00Z,2026-09-24T02:00:00Z
2026-09-24T01:45:44.213+00:00,KXBTC15M-26SEP232200-00,84156.9,0.5600,0.5700,0.5600,157590.57,2026-09-24T01:45:00Z,2026-09-24T02:00:00Z
2026-09-24T01:45:46.352+00:00,KXBTC15M-26SEP232200-00,84156.9,0.5600,0.5700,0.5600,157590.57,2026-09-24T01:45:00Z,2026-09-24T02:00:00Z
2026-09-24T01:45:48.746+00:00,KXBTC15M-26SEP232200-00,84156.9,0.5600,0.5700,0.5600,157590.57,2026-09-24T01:45:00Z,2026-09-24T02:00:00Z
2026-09-24T01:45:50.888+00:00,KXBTC15M-26SEP232200-00,84156.9,0.5900,0.6000,0.6000,180500.11,2026-09-24T01:45:00Z,2026-09-24T02:00:00Z
2026-09-24T01:45:53.029+00:00,KXBTC15M-26SEP232200-00,84156.9,0.5900,0.6000,0.6000,180500.11,2026-09-24T01:45:00Z,2026-09-24T02:00:00Z
2026-09-24T01:45:55.170+00:00,KXBTC15M-26SEP232200-00,84156.9,0.5900,0.6000,0.6000,180500.11,2026-09-24T01:45:00Z,2026-09-24T02:00:00Z
2026-09-24T01:45:57.309+00:00,KXBTC15M-26SEP232200-00,84156.9,0.5900,0.6000,0.6000,180500.11,2026-09-24T01:45:00Z,2026-09-24T02:00:00Z
2026-09-24T01:45:59.455+00:00,KXBTC15M-26SEP232200-00,84156.9,0.5900,0.6000,0.6000,180500.11,2026-09-24T01:45:00Z,2026-09-24T02:00:00Z
2026-09-24T01:46:01.593+00:00,KXBTC15M-26SEP232200-00,84156.9,0.5900,0.6000,0.6000,210559.32,2026-09-24T01:45:00Z,2026-09-24T02:00:00Z
2026-09-24T01:46:03.734+00:00,KXBTC15M-26SEP232200-00,84156.9,0.5900,0.6000,0.6000,210559.32,2026-09-24T01:45:00Z,2026-09-24T02:00:00Z
2026-09-24T01:46:05.893+00:00,KXBTC15M-26SEP232200-00,84156.9,0.5900,0.6000,0.6000,210559.32,2026-09-24T01:45:00Z,2026-09-24T02:00:00Z
2026-09-24T01:46:08.032+00:00,KXBTC15M-26SEP232200-00,84156.9,0.5900,0.6000,0.6000,210559.32,2026-09-24T01:45:00Z,2026-09-24T02:00:00Z
2026-09-24T01:46:10.170+00:00,KXBTC15M-26SEP232200-00,84156.9,0.5900,0.6000,0.6000,210559.32,2026-09-24T01:45:00Z,2026-09-24T02:00:00Z
2026-09-24T01:46:12.306+00:00,KXBTC15M-26SEP232200-00,84156.9,0.5700,0.5800,0.5700,246696.29,2026-09-24T01:45:00Z,2026-09-24T02:00:00Z
2026-09-24T01:46:14.447+00:00,KXBTC15M-26SEP232200-00,84156.9,0.5700,0.5800,0.5700,246696.29,2026-09-24T01:45:00Z,2026-09-24T02:00:00Z
2026-09-24T01:46:16.584+00:00,KXBTC15M-26SEP232200-00,84156.9,0.5700,0.5800,0.5700,246696.29,2026-09-24T01:45:00Z,2026-09-24T02:00:00Z
2026-09-24T01:46:18.726+00:00,KXBTC15M-26SEP232200-00,84156.9,0.5700,0.5800,0.5700,246696.29,2026-09-24T01:45:00Z,2026-09-24T02:00:00Z
2026-09-24T01:46:21.107+00:00,KXBTC15M-26SEP232200-00,84156.9,0.5700,0.5800,0.5700,246696.29,2026-09-24T01:45:00Z,2026-09-24T02:00:00Z
2026-09-24T01:46:23.246+00:00,KXBTC15M-26SEP232200-00,84156.9,0.5300,0.5400,0.5300,274457.08,2026-09-24T01:45:00Z,2026-09-24T02:00:00Z
2026-09-24T01:46:25.385+00:00,KXBTC15M-26SEP232200-00,84156.9,0.5300,0.5400,0.5300,274457.08,2026-09-24T01:45:00Z,2026-09-24T02:00:00Z
2026-09-24T01:46:27.527+00:00,KXBTC15M-26SEP232200-00,84156.9,0.5300,0.5400,0.5300,274457.08,2026-09-24T01:45:00Z,2026-09-24T02:00:00Z
2026-09-24T01:46:29.667+00:00,KXBTC15M-26SEP232200-00,84156.9,0.5300,0.5400,0.5300,274457.08,2026-09-24T01:45:00Z,2026-09-24T02:00:00Z
2026-09-24T01:46:31.807+00:00,KXBTC15M-26SEP232200-00,84156.9,0.5300,0.5400,0.5300,274457.08,2026-09-24T01:45:00Z,2026-09-24T02:00:00Z
2026-09-24T01:46:33.948+00:00,KXBTC15M-26SEP232200-00,84156.9,0.4700,0.4800,0.4800,307425.94,2026-09-24T01:45:00Z,2026-09-24T02:00:00Z
2026-09-24T01:46:36.098+00:00,KXBTC15M-26SEP232200-00,84156.9,0.4700,0.4800,0.4800,307425.94,2026-09-24T01:45:00Z,2026-09-24T02:00:00Z
2026-09-24T01:46:38.238+00:00,KXBTC15M-26SEP232200-00,84156.9,0.4700,0.4800,0.4800,307425.94,2026-09-24T01:45:00Z,2026-09-24T02:00:00Z
2026-09-24T01:46:40.388+00:00,KXBTC15M-26SEP232200-00,84156.9,0.4700,0.4800,0.4800,307425.94,2026-09-24T01:45:00Z,2026-09-24T02:00:00Z
2026-09-24T01:46:42.536+00:00,KXBTC15M-26SEP232200-00,84156.9,0.4700,0.4800,0.4800,307425.94,2026-09-24T01:45:00Z,2026-09-24T02:00:00Z
2026-09-24T01:46:44.679+00:00,KXBTC15M-26SEP232200-00,84156.9,0.4100,0.4200,0.4200,335462.65,2026-09-24T01:45:00Z,2026-09-24T02:00:00Z
2026-09-24T01:46:46.818+00:00,KXBTC15M-26SEP232200-00,84156.9,0.4100,0.4200,0.4200,335462.65,2026-09-24T01:45:00Z,2026-09-24T02:00:00Z
2026-09-24T01:46:48.966+00:00,KXBTC15M-26SEP232200-00,84156.9,0.4100,0.4200,0.4200,335462.65,2026-09-24T01:45:00Z,2026-09-24T02:00:00Z
2026-09-24T01:46:51.104+00:00,KXBTC15M-26SEP232200-00,84156.9,0.4100,0.4200,0.4200,335462.65,2026-09-24T01:45:00Z,2026-09-24T02:00:00Z
2026-09-24T01:46:53.244+00:00,KXBTC15M-26SEP232200-00,84156.9,0.4100,0.4200,0.4200,335462.65,2026-09-24T01:45:00Z,2026-09-24T02:00:00Z
2026-09-24T01:46:55.385+00:00,KXBTC15M-26SEP232200-00,84156.9,0.4100,0.4200,0.4200,371451.71,2026-09-24T01:45:00Z,2026-09-24T02:00:00Z
2026-09-24T01:46:57.589+00:00,KXBTC15M-26SEP232200-00,84156.9,0.4100,0.4200,0.4200,371451.71,2026-09-24T01:45:00Z,2026-09-24T02:00:00Z
2026-09-24T01:46:59.727+00:00,KXBTC15M-26SEP232200-00,84156.9,0.4100,0.4200,0.4200,371451.71,2026-09-24T01:45:00Z,2026-09-24T02:00:00Z
2026-09-24T01:47:01.866+00:00,KXBTC15M-26SEP232200-00,84156.9,0.4100,0.4200,0.4200,371451.71,2026-09-24T01:45:00Z,2026-09-24T02:00:00Z
2026-09-24T01:47:04.008+00:00,KXBTC15M-26SEP232200-00,84156.9,0.4100,0.4200,0.4200,371451.71,2026-09-24T01:45:00Z,2026-09-24T02:00:00Z
2026-09-24T01:47:06.419+00:00,KXBTC15M-26SEP232200-00,84156.9,0.4000,0.4100,0.4000,390251.33,2026-09-24T01:45:00Z,2026-09-24T02:00:00Z
2026-09-24T01:47:08.559+00:00,KXBTC15M-26SEP232200-00,84156.9,0.4000,0.4100,0.4000,390251.33,2026-09-24T01:45:00Z,2026-09-24T02:00:00Z
2026-09-24T01:47:10.724+00:00,KXBTC15M-26SEP232200-00,84156.9,0.4000,0.4100,0.4000,390251.33,2026-09-24T01:45:00Z,2026-09-24T02:00:00Z
2026-09-24T01:47:12.863+00:00,KXBTC15M-26SEP232200-00,84156.9,0.4000,0.4100,0.4000,390251.33,2026-09-24T01:45:00Z,2026-09-24T02:00:00Z
2026-09-24T01:47:15.000+00:00,KXBTC15M-26SEP232200-00,84156.9,0.4000,0.4100,0.4000,390251.33,2026-09-24T01:45:00Z,2026-09-24T02:00:00Z
2026-09-24T01:47:17.141+00:00,KXBTC15M-26SEP232200-00,84156.9,0.4300,0.4400,0.4400,416909.40,2026-09-24T01:45:00Z,2026-09-24T02:00:00Z
2026-09-24T01:47:19.286+00:00,KXBTC15M-26SEP232200-00,84156.9,0.4300,0.4400,0.4400,416909.40,2026-09-24T01:45:00Z,2026-09-24T02:00:00Z
2026-09-24T01:47:21.426+00:00,KXBTC15M-26SEP232200-00,84156.9,0.4300,0.4400,0.4400,416909.40,2026-09-24T01:45:00Z,2026-09-24T02:00:00Z
2026-09-24T01:47:23.619+00:00,KXBTC15M-26SEP232200-00,84156.9,0.4300,0.4400,0.4400,416909.40,2026-09-24T01:45:00Z,2026-09-24T02:00:00Z
2026-09-24T01:47:25.758+00:00,KXBTC15M-26SEP232200-00,84156.9,0.4300,0.4400,0.4400,416909.40,2026-09-24T01:45:00Z,2026-09-24T02:00:00Z
2026-09-24T01:47:28.146+00:00,KXBTC15M-26SEP232200-00,84156.9,0.4500,0.4600,0.4500,439416.52,2026-09-24T01:45:00Z,2026-09-24T02:00:00Z
2026-09-24T01:47:30.284+00:00,KXBTC15M-26SEP232200-00,84156.9,0.4500,0.4600,0.4500,439416.52,2026-09-24T01:45:00Z,2026-09-24T02:00:00Z
2026-09-24T01:47:32.422+00:00,KXBTC15M-26SEP232200-00,84156.9,0.4500,0.4600,0.4500,439416.52,2026-09-24T01:45:00Z,2026-09-24T02:00:00Z
2026-09-24T01:47:34.562+00:00,KXBTC15M-26SEP232200-00,84156.9,0.4500,0.4600,0.4500,439416.52,2026-09-24T01:45:00Z,2026-09-24T02:00:00Z
2026-09-24T01:47:36.709+00:00,KXBTC15M-26SEP232200-00,84156.9,0.4500,0.4600,0.4500,439416.52,2026-09-24T01:45:00Z,2026-09-24T02:00:00Z
2026-09-24T01:47:38.856+00:00,KXBTC15M-26SEP232200-00,84156.9,0.4500,0.4600,0.4500,439416.52,2026-09-24T01:45:00Z,2026-09-24T02:00:00Z
2026-09-24T01:47:40.998+00:00,KXBTC15M-26SEP232200-00,84156.9,0.4700,0.4800,0.4700,455907.98,2026-09-24T01:45:00Z,2026-09-24T02:00:00Z
2026-09-24T01:47:43.140+00:00,KXBTC15M-26SEP232200-00,84156.9,0.4700,0.4800,0.4700,455907.98,2026-09-24T01:45:00Z,2026-09-24T02:00:00Z
2026-09-24T01:47:45.286+00:00,KXBTC15M-26SEP232200-00,84156.9,0.4700,0.4800,0.4700,455907.98,2026-09-24T01:45:00Z,2026-09-24T02:00:00Z
2026-09-24T01:47:47.424+00:00,KXBTC15M-26SEP232200-00,84156.9,0.4700,0.4800,0.4700,455907.98,2026-09-24T01:45:00Z,2026-09-24T02:00:00Z
2026-09-24T01:47:49.561+00:00,KXBTC15M-26SEP232200-00,84156.9,0.4700,0.4800,0.4700,455907.98,2026-09-24T01:45:00Z,2026-09-24T02:00:00Z
2026-09-24T01:47:51.703+00:00,KXBTC15M-26SEP232200-00,84156.9,0.4600,0.4700,0.4700,488305.10,2026-09-24T01:45:00Z,2026-09-24T02:00:00Z
2026-09-24T01:47:53.843+00:00,KXBTC15M-26SEP232200-00,84156.9,0.4600,0.4700,0.4700,488305.10,2026-09-24T01:45:00Z,2026-09-24T02:00:00Z
2026-09-24T01:47:55.985+00:00,KXBTC15M-26SEP232200-00,84156.9,0.4600,0.4700,0.4700,488305.10,2026-09-24T01:45:00Z,2026-09-24T02:00:00Z
2026-09-24T01:47:58.379+00:00,KXBTC15M-26SEP232200-00,84156.9,0.4600,0.4700,0.4700,488305.10,2026-09-24T01:45:00Z,2026-09-24T02:00:00Z
2026-09-24T01:48:00.523+00:00,KXBTC15M-26SEP232200-00,84156.9,0.4600,0.4700,0.4700,488305.10,2026-09-24T01:45:00Z,2026-09-24T02:00:00Z
2026-09-24T01:48:02.662+00:00,KXBTC15M-26SEP232200-00,84156.9,0.4600,0.4700,0.4700,502323.92,2026-09-24T01:45:00Z,2026-09-24T02:00:00Z
2026-09-24T01:48:04.802+00:00,KXBTC15M-26SEP232200-00,84156.9,0.4600,0.4700,0.4700,502323.92,2026-09-24T01:45:00Z,2026-09-24T02:00:00Z
2026-09-24T01:48:06.955+00:00,KXBTC15M-26SEP232200-00,84156.9,0.4600,0.4700,0.4700,502323.92,2026-09-24T01:45:00Z,2026-09-24T02:00:00Z
2026-09-24T01:48:09.096+00:00,KXBTC15M-26SEP232200-00,84156.9,0.4600,0.4700,0.4700,502323.92,2026-09-24T01:45:00Z,2026-09-24T02:00:00Z
2026-09-24T01:48:11.263+00:00,KXBTC15M-26SEP232200-00,84156.9,0.4600,0.4700,0.4700,502323.92,2026-09-24T01:45:00Z,2026-09-24T02:00:00Z
2026-09-24T01:48:13.403+00:00,KXBTC15M-26SEP232200-00,84156.9,0.5000,0.5100,0.5100,527417.46,2026-09-24T01:45:00Z,2026-09-24T02:00:00Z
2026-09-24T01:48:15.724+00:00,KXBTC15M-26SEP232200-00,84156.9,0.5000,0.5100,0.5100,527417.46,2026-09-24T01:45:00Z,2026-09-24T02:00:00Z
2026-09-24T01:48:17.889+00:00,KXBTC15M-26SEP232200-00,84156.9,0.5000,0.5100,0.5100,527417.46,2026-09-24T01:45:00Z,2026-09-24T02:00:00Z
2026-09-24T01:48:20.210+00:00,KXBTC15M-26SEP232200-00,84156.9,0.5000,0.5100,0.5100,527417.46,2026-09-24T01:45:00Z,2026-09-24T02:00:00Z
2026-09-24T01:48:22.348+00:00,KXBTC15M-26SEP232200-00,84156.9,0.5000,0.5100,0.5100,527417.46,2026-09-24T01:45:00Z,2026-09-24T02:00:00Z
2026-09-24T01:48:24.484+00:00,KXBTC15M-26SEP232200-00,84156.9,0.4000,0.4100,0.4100,546686.25,2026-09-24T01:45:00Z,2026-09-24T02:00:00Z
2026-09-24T01:48:26.623+00:00,KXBTC15M-26SEP232200-00,84156.9,0.4000,0.4100,0.4100,546686.25,2026-09-24T01:45:00Z,2026-09-24T02:00:00Z
2026-09-24T01:48:28.759+00:00,KXBTC15M-26SEP232200-00,84156.9,0.4000,0.4100,0.4100,546686.25,2026-09-24T01:45:00Z,2026-09-24T02:00:00Z
2026-09-24T01:48:30.915+00:00,KXBTC15M-26SEP232200-00,84156.9,0.4000,0.4100,0.4100,546686.25,2026-09-24T01:45:00Z,2026-09-24T02:00:00Z
2026-09-24T01:48:33.053+00:00,KXBTC15M-26SEP232200-00,84156.9,0.4000,0.4100,0.4100,546686.25,2026-09-24T01:45:00Z,2026-09-24T02:00:00Z
2026-09-24T01:48:35.199+00:00,KXBTC15M-26SEP232200-00,84156.9,0.4000,0.4100,0.4100,546686.25,2026-09-24T01:45:00Z,2026-09-24T02:00:00Z
2026-09-24T01:48:37.360+00:00,KXBTC15M-26SEP232200-00,84156.9,0.3700,0.3800,0.3700,579344.74,2026-09-24T01:45:00Z,2026-09-24T02:00:00Z
2026-09-24T01:48:39.498+00:00,KXBTC15M-26SEP232200-00,84156.9,0.3700,0.3800,0.3700,579344.74,2026-09-24T01:45:00Z,2026-09-24T02:00:00Z
2026-09-24T01:48:41.639+00:00,KXBTC15M-26SEP232200-00,84156.9,0.3700,0.3800,0.3700,579344.74,2026-09-24T01:45:00Z,2026-09-24T02:00:00Z
2026-09-24T01:48:43.778+00:00,KXBTC15M-26SEP232200-00,84156.9,0.3700,0.3800,0.3700,579344.74,2026-09-24T01:45:00Z,2026-09-24T02:00:00Z
2026-09-24T01:48:46.158+00:00,KXBTC15M-26SEP232200-00,84156.9,0.3600,0.3700,0.3700,601541.12,2026-09-24T01:45:00Z,2026-09-24T02:00:00Z
2026-09-24T01:48:48.551+00:00,KXBTC15M-26SEP232200-00,84156.9,0.3600,0.3700,0.3700,601541.12,2026-09-24T01:45:00Z,2026-09-24T02:00:00Z
2026-09-24T01:48:50.693+00:00,KXBTC15M-26SEP232200-00,84156.9,0.3600,0.3700,0.3700,601541.12,2026-09-24T01:45:00Z,2026-09-24T02:00:00Z
2026-09-24T01:48:52.836+00:00,KXBTC15M-26SEP232200-00,84156.9,0.3600,0.3700,0.3700,601541.12,2026-09-24T01:45:00Z,2026-09-24T02:00:00Z
2026-09-24T01:48:54.982+00:00,KXBTC15M-26SEP232200-00,84156.9,0.3600,0.3700,0.3700,601541.12,2026-09-24T01:45:00Z,2026-09-24T02:00:00Z
2026-09-24T01:48:57.122+00:00,KXBTC15M-26SEP232200-00,84156.9,0.3300,0.3400,0.3300,634921.86,2026-09-24T01:45:00Z,2026-09-24T02:00:00Z
2026-09-24T01:48:59.258+00:00,KXBTC15M-26SEP232200-00,84156.9,0.3300,0.3400,0.3300,634921.86,2026-09-24T01:45:00Z,2026-09-24T02:00:00Z
2026-09-24T01:49:01.558+00:00,KXBTC15M-26SEP232200-00,84156.9,0.3300,0.3400,0.3300,634921.86,2026-09-24T01:45:00Z,2026-09-24T02:00:00Z
2026-09-24T01:49:03.698+00:00,KXBTC15M-26SEP232200-00,84156.9,0.3300,0.3400,0.3300,634921.86,2026-09-24T01:45:00Z,2026-09-24T02:00:00Z
2026-09-24T01:49:05.833+00:00,KXBTC15M-26SEP232200-00,84156.9,0.3300,0.3400,0.3300,634921.86,2026-09-24T01:45:00Z,2026-09-24T02:00:00Z
2026-09-24T01:49:07.984+00:00,KXBTC15M-26SEP232200-00,84156.9,0.3400,0.3500,0.3500,655397.10,2026-09-24T01:45:00Z,2026-09-24T02:00:00Z
2026-09-24T01:49:10.130+00:00,KXBTC15M-26SEP232200-00,84156.9,0.3400,0.3500,0.3500,655397.10,2026-09-24T01:45:00Z,2026-09-24T02:00:00Z
2026-09-24T01:49:12.270+00:00,KXBTC15M-26SEP232200-00,84156.9,0.3400,0.3500,0.3500,655397.10,2026-09-24T01:45:00Z,2026-09-24T02:00:00Z
2026-09-24T01:49:14.410+00:00,KXBTC15M-26SEP232200-00,84156.9,0.3400,0.3500,0.3500,655397.10,2026-09-24T01:45:00Z,2026-09-24T02:00:00Z
2026-09-24T01:49:16.550+00:00,KXBTC15M-26SEP232200-00,84156.9,0.3400,0.3500,0.3500,655397.10,2026-09-24T01:45:00Z,2026-09-24T02:00:00Z
2026-09-24T01:49:18.694+00:00,KXBTC15M-26SEP232200-00,84156.9,0.3600,0.3700,0.3700,676400.08,2026-09-24T01:45:00Z,2026-09-24T02:00:00Z
2026-09-24T01:49:20.839+00:00,KXBTC15M-26SEP232200-00,84156.9,0.3600,0.3700,0.3700,676400.08,2026-09-24T01:45:00Z,2026-09-24T02:00:00Z
2026-09-24T01:49:22.979+00:00,KXBTC15M-26SEP232200-00,84156.9,0.3600,0.3700,0.3700,676400.08,2026-09-24T01:45:00Z,2026-09-24T02:00:00Z
2026-09-24T01:49:25.119+00:00,KXBTC15M-26SEP232200-00,84156.9,0.3600,0.3700,0.3700,676400.08,2026-09-24T01:45:00Z,2026-09-24T02:00:00Z
2026-09-24T01:49:27.306+00:00,KXBTC15M-26SEP232200-00,84156.9,0.3600,0.3700,0.3700,676400.08,2026-09-24T01:45:00Z,2026-09-24T02:00:00Z
2026-09-24T01:49:29.445+00:00,KXBTC15M-26SEP232200-00,84156.9,0.3600,0.3700,0.3700,690728.20,2026-09-24T01:45:00Z,2026-09-24T02:00:00Z
2026-09-24T01:49:31.586+00:00,KXBTC15M-26SEP232200-00,84156.9,0.3600,0.3700,0.3700,690728.20,2026-09-24T01:45:00Z,2026-09-24T02:00:00Z
2026-09-24T01:49:33.723+00:00,KXBTC15M-26SEP232200-00,84156.9,0.3600,0.3700,0.3700,690728.20,2026-09-24T01:45:00Z,2026-09-24T02:00:00Z
2026-09-24T01:49:36.071+00:00,KXBTC15M-26SEP232200-00,84156.9,0.3600,0.3700,0.3700,690728.20,2026-09-24T01:45:00Z,2026-09-24T02:00:00Z
2026-09-24T01:49:38.220+00:00,KXBTC15M-26SEP232200-00,84156.9,0.3600,0.3700,0.3700,690728.20,2026-09-24T01:45:00Z,2026-09-24T02:00:00Z
2026-09-24T01:49:40.359+00:00,KXBTC15M-26SEP232200-00,84156.9,0.3800,0.3900,0.3900,704350.92,2026-09-24T01:45:00Z,2026-09-24T02:00:00Z
2026-09-24T01:49:42.498+00:00,KXBTC15M-26SEP232200-00,84156.9,0.3800,0.3900,0.3900,704350.92,2026-09-24T01:45:00Z,2026-09-24T02:00:00Z
2026-09-24T01:49:44.640+00:00,KXBTC15M-26SEP232200-00,84156.9,0.3800,0.3900,0.3900,704350.92,2026-09-24T01:45:00Z,2026-09-24T02:00:00Z
2026-09-24T01:49:46.781+00:00,KXBTC15M-26SEP232200-00,84156.9,0.3800,0.3900,0.3900,704350.92,2026-09-24T01:45:00Z,2026-09-24T02:00:00Z
2026-09-24T01:49:48.929+00:00,KXBTC15M-26SEP232200-00,84156.9,0.3800,0.3900,0.3900,704350.92,2026-09-24T01:45:00Z,2026-09-24T02:00:00Z
2026-09-24T01:49:51.145+00:00,KXBTC15M-26SEP232200-00,84156.9,0.4100,0.4200,0.4200,731615.74,2026-09-24T01:45:00Z,2026-09-24T02:00:00Z
2026-09-24T01:49:53.286+00:00,KXBTC15M-26SEP232200-00,84156.9,0.4100,0.4200,0.4200,731615.74,2026-09-24T01:45:00Z,2026-09-24T02:00:00Z
2026-09-24T01:49:55.427+00:00,KXBTC15M-26SEP232200-00,84156.9,0.4100,0.4200,0.4200,731615.74,2026-09-24T01:45:00Z,2026-09-24T02:00:00Z
2026-09-24T01:49:57.567+00:00,KXBTC15M-26SEP232200-00,84156.9,0.4100,0.4200,0.4200,731615.74,2026-09-24T01:45:00Z,2026-09-24T02:00:00Z
2026-09-24T01:49:59.708+00:00,KXBTC15M-26SEP232200-00,84156.9,0.4100,0.4200,0.4200,731615.74,2026-09-24T01:45:00Z,2026-09-24T02:00:00Z
2026-09-24T01:50:01.847+00:00,KXBTC15M-26SEP232200-00,84156.9,0.3800,0.3900,0.3900,755167.61,2026-09-24T01:45:00Z,2026-09-24T02:00:00Z
2026-09-24T01:50:03.986+00:00,KXBTC15M-26SEP232200-00,84156.9,0.3800,0.3900,0.3900,755167.61,2026-09-24T01:45:00Z,2026-09-24T02:00:00Z
2026-09-24T01:50:06.125+00:00,KXBTC15M-26SEP232200-00,84156.9,0.3800,0.3900,0.3900,755167.61,2026-09-24T01:45:00Z,2026-09-24T02:00:00Z
2026-09-24T01:50:08.283+00:00,KXBTC15M-26SEP232200-00,84156.9,0.3800,0.3900,0.3900,755167.61,2026-09-24T01:45:00Z,2026-09-24T02:00:00Z
2026-09-24T01:50:10.419+00:00,KXBTC15M-26SEP232200-00,84156.9,0.3800,0.3900,0.3900,755167.61,2026-09-24T01:45:00Z,2026-09-24T02:00:00Z
2026-09-24T01:50:12.567+00:00,KXBTC15M-26SEP232200-00,84156.9,0.3800,0.3900,0.3800,773897.01,2026-09-24T01:45:00Z,2026-09-24T02:00:00Z
2026-09-24T01:50:14.706+00:00,KXBTC15M-26SEP232200-00,84156.9,0.3800,0.3900,0.3800,773897.01,2026-09-24T01:45:00Z,2026-09-24T02:00:00Z
2026-09-24T01:50:16.847+00:00,KXBTC15M-26SEP232200-00,84156.9,0.3800,0.3900,0.3800,773897.01,2026-09-24T01:45:00Z,2026-09-24T02:00:00Z
2026-09-24T01:50:18.988+00:00,KXBTC15M-26SEP232200-00,84156.9,0.3800,0.3900,0.3800,773897.01,2026-09-24T01:45:00Z,2026-09-24T02:00:00Z
2026-09-24T01:50:21.182+00:00,KXBTC15M-26SEP232200-00,84156.9,0.3800,0.3900,0.3800,773897.01,2026-09-24T01:45:00Z,2026-09-24T02:00:00Z
2026-09-24T01:50:23.329+00:00,KXBTC15M-26SEP232200-00,84156.9,0.3400,0.3500,0.3400,788894.50,2026-09-24T01:45:00Z,2026-09-24T02:00:00Z
2026-09-24T01:50:25.468+00:00,KXBTC15M-26SEP232200-00,84156.9,0.3400,0.3500,0.3400,788894.50,2026-09-24T01:45:00Z,2026-09-24T02:00:00Z
2026-09-24T01:50:27.609+00:00,KXBTC15M-26SEP232200-00,84156.9,0.3400,0.3500,0.3400,788894.50,2026-09-24T01:45:00Z,2026-09-24T02:00:00Z
2026-09-24T01:50:29.746+00:00,KXBTC15M-26SEP232200-00,84156.9,0.3400,0.3500,0.3400,788894.50,2026-09-24T01:45:00Z,2026-09-24T02:00:00Z
2026-09-24T01:50:31.889+00:00,KXBTC15M-26SEP232200-00,84156.9,0.3400,0.3500,0.3400,788894.50,2026-09-24T01:45:00Z,2026-09-24T02:00:00Z
2026-09-24T01:50:34.027+00:00,KXBTC15M-26SEP232200-00,84156.9,0.2900,0.3000,0.2900,806978.36,2026-09-24T01:45:00Z,2026-09-24T02:00:00Z
2026-09-24T01:50:36.170+00:00,KXBTC15M-26SEP232200-00,84156.9,0.2900,0.3000,0.2900,806978.36,2026-09-24T01:45:00Z,2026-09-24T02:00:00Z
2026-09-24T01:50:38.332+00:00,KXBTC15M-26SEP232200-00,84156.9,0.2900,0.3000,0.2900,806978.36,2026-09-24T01:45:00Z,2026-09-24T02:00:00Z
2026-09-24T01:50:40.472+00:00,KXBTC15M-26SEP232200-00,84156.9,0.2900,0.3000,0.2900,806978.36,2026-09-24T01:45:00Z,2026-09-24T02:00:00Z
2026-09-24T01:50:42.622+00:00,KXBTC15M-26SEP232200-00,84156.9,0.2900,0.3000,0.2900,806978.36,2026-09-24T01:45:00Z,2026-09-24T02:00:00Z
2026-09-24T01:50:44.763+00:00,KXBTC15M-26SEP232200-00,84156.9,0.2600,0.2700,0.2700,833377.52,2026-09-24T01:45:00Z,2026-09-24T02:00:00Z
2026-09-24T01:50:46.906+00:00,KXBTC15M-26SEP232200-00,84156.9,0.2600,0.2700,0.2700,833377.52,2026-09-24T01:45:00Z,2026-09-24T02:00:00Z
2026-09-24T01:50:49.041+00:00,KXBTC15M-26SEP232200-00,84156.9,0.2600,0.2700,0.2700,833377.52,2026-09-24T01:45:00Z,2026-09-24T02:00:00Z
2026-09-24T01:50:51.179+00:00,KXBTC15M-26SEP232200-00,84156.9,0.2600,0.2700,0.2700,833377.52,2026-09-24T01:45:00Z,2026-09-24T02:00:00Z
2026-09-24T01:50:53.321+00:00,KXBTC15M-26SEP232200-00,84156.9,0.2600,0.2700,0.2700,833377.52,2026-09-24T01:45:00Z,2026-09-24T02:00:00Z
2026-09-24T01:50:55.462+00:00,KXBTC15M-26SEP232200-00,84156.9,0.2300,0.2400,0.2200,856520.99,2026-09-24T01:45:00Z,2026-09-24T02:00:00Z
2026-09-24T01:50:57.613+00:00,KXBTC15M-26SEP232200-00,84156.9,0.2300,0.2400,0.2200,856520.99,2026-09-24T01:45:00Z,2026-09-24T02:00:00Z
2026-09-24T01:50:59.759+00:00,KXBTC15M-26SEP232200-00,84156.9,0.2300,0.2400,0.2200,856520.99,2026-09-24T01:45:00Z,2026-09-24T02:00:00Z
2026-09-24T01:51:01.901+00:00,KXBTC15M-26SEP232200-00,84156.9,0.2300,0.2400,0.2200,856520.99,2026-09-24T01:45:00Z,2026-09-24T02:00:00Z
2026-09-24T01:51:04.040+00:00,KXBTC15M-26SEP232200-00,84156.9,0.2300,0.2400,0.2200,856520.99,2026-09-24T01:45:00Z,2026-09-24T02:00:00Z
2026-09-24T01:51:06.184+00:00,KXBTC15M-26SEP232200-00,84156.9,0.2400,0.2500,0.2500,875449.12,2026-09-24T01:45:00Z,2026-09-24T02:00:00Z
2026-09-24T01:51:08.335+00:00,KXBTC15M-26SEP232200-00,84156.9,0.2400,0.2500,0.2500,875449.12,2026-09-24T01:45:00Z,2026-09-24T02:00:00Z
2026-09-24T01:51:10.476+00:00,KXBTC15M-26SEP232200-00,84156.9,0.2400,0.2500,0.2500,875449.12,2026-09-24T01:45:00Z,2026-09-24T02:00:00Z
2026-09-24T01:51:12.618+00:00,KXBTC15M-26SEP232200-00,84156.9,0.2400,0.2500,0.2500,875449.12,2026-09-24T01:45:00Z,2026-09-24T02:00:00Z
2026-09-24T01:51:14.763+00:00,KXBTC15M-26SEP232200-00,84156.9,0.2400,0.2500,0.2500,875449.12,2026-09-24T01:45:00Z,2026-09-24T02:00:00Z
2026-09-24T01:51:16.907+00:00,KXBTC15M-26SEP232200-00,84156.9,0.2400,0.2500,0.2400,903864.15,2026-09-24T01:45:00Z,2026-09-24T02:00:00Z
2026-09-24T01:51:19.050+00:00,KXBTC15M-26SEP232200-00,84156.9,0.2400,0.2500,0.2400,903864.15,2026-09-24T01:45:00Z,2026-09-24T02:00:00Z
2026-09-24T01:51:21.191+00:00,KXBTC15M-26SEP232200-00,84156.9,0.2400,0.2500,0.2400,903864.15,2026-09-24T01:45:00Z,2026-09-24T02:00:00Z
2026-09-24T01:51:23.330+00:00,KXBTC15M-26SEP232200-00,84156.9,0.2400,0.2500,0.2400,903864.15,2026-09-24T01:45:00Z,2026-09-24T02:00:00Z
2026-09-24T01:51:25.471+00:00,KXBTC15M-26SEP232200-00,84156.9,0.2400,0.2500,0.2400,903864.15,2026-09-24T01:45:00Z,2026-09-24T02:00:00Z
2026-09-24T01:51:27.646+00:00,KXBTC15M-26SEP232200-00,84156.9,0.2300,0.2400,0.2300,922164.74,2026-09-24T01:45:00Z,2026-09-24T02:00:00Z
2026-09-24T01:51:29.785+00:00,KXBTC15M-26SEP232200-00,84156.9,0.2300,0.2400,0.2300,922164.74,2026-09-24T01:45:00Z,2026-09-24T02:00:00Z
2026-09-24T01:51:31.925+00:00,KXBTC15M-26SEP232200-00,84156.9,0.2300,0.2400,0.2300,922164.74,2026-09-24T01:45:00Z,2026-09-24T02:00:00Z
2026-09-24T01:51:34.067+00:00,KXBTC15M-26SEP232200-00,84156.9,0.2300,0.2400,0.2300,922164.74,2026-09-24T01:45:00Z,2026-09-24T02:00:00Z
2026-09-24T01:51:36.206+00:00,KXBTC15M-26SEP232200-00,84156.9,0.2300,0.2400,0.2300,922164.74,2026-09-24T01:45:00Z,2026-09-24T02:00:00Z
2026-09-24T01:51:38.355+00:00,KXBTC15M-26SEP232200-00,84156.9,0.2100,0.2200,0.2100,939636.25,2026-09-24T01:45:00Z,2026-09-24T02:00:00Z
2026-09-24T01:51:40.758+00:00,KXBTC15M-26SEP232200-00,84156.9,0.2100,0.2200,0.2100,939636.25,2026-09-24T01:45:00Z,2026-09-24T02:00:00Z
